# Ignition v0.3.3 release sitting, host DESKTOP-CBL5NUA (Desktop 2), start 2026-09-17T15:38:53Z
# ignite-xdna main 1879614 results: host fast paths verified - channel-block decode exact on the NPU, SESR's native resize is not OpenCV's via the mlir-aie-iron conda env's editable install
# Ignition main e27ef79 docs(todo): a better SiLU than AMD's HardSigmoid form, built as an ignite-xdna option and measured against AMD's stack: live_ignition.py; AMD arms in resnet_env17 with Ryzen AI 1.7.1
[xrt-smi before] [003d:00:01.1] : NPU Phoenix | AIE Partitions | No hardware contexts running on device
[cpu] CPU 12.3 % over 5 s; busiest System Idle Process 0, System 0,  0, Registry 0

## Witnesses

== 2026-09-17T15:38:59Z [SiLU form of every container] $ <conda envs>\mlir-aie-iron\python.exe -c import sys; from ignite_xdna.compiler.serializer import IgniteModelReader as R
for p, want in zip(sys.argv[1::2], sys.argv[2::2]):
    got = R(p).manifest['graph_engine'].get('silu', 'hardsigmoid')
    print(f'{p}: silu {got} (expected {want}) ' + ('OK' if got == want else 'WRONG'))
    assert got == want
 build/yolov8n_full.ignite sigmoid4 build/yolov8n_full_hardsigmoid.ignite hardsigmoid build/yolov8s.ignite sigmoid4 build/yolov8s_hardsigmoid.ignite hardsigmoid build/yolov8n_pose.ignite sigmoid4 build/yolov8n_pose_hardsigmoid.ignite hardsigmoid build/sesr_m7.ignite hardsigmoid build/yolo11n.ignite hardsigmoid build/yolo11n_core.ignite hardsigmoid
build/yolov8n_full.ignite: silu sigmoid4 (expected sigmoid4) OK
build/yolov8n_full_hardsigmoid.ignite: silu hardsigmoid (expected hardsigmoid) OK
build/yolov8s.ignite: silu sigmoid4 (expected sigmoid4) OK
build/yolov8s_hardsigmoid.ignite: silu hardsigmoid (expected hardsigmoid) OK
build/yolov8n_pose.ignite: silu sigmoid4 (expected sigmoid4) OK
build/yolov8n_pose_hardsigmoid.ignite: silu hardsigmoid (expected hardsigmoid) OK
build/sesr_m7.ignite: silu hardsigmoid (expected hardsigmoid) OK
build/yolo11n.ignite: silu hardsigmoid (expected hardsigmoid) OK
build/yolo11n_core.ignite: silu hardsigmoid (expected hardsigmoid) OK
== 2026-09-17T15:39:00Z [SiLU form of every container] exit 0 after 0.3 s

== 2026-09-17T15:39:00Z [verify yolov8n_full.ignite] $ <conda envs>\mlir-aie-iron\python.exe tools/verify_engine_container.py --container build/yolov8n_full.ignite --model models/yolov8n_cut_xint8.onnx --iters 2
[verify] SiLU through the sigmoid epilogue: the reference is silu_sigmoid.reference_model of the model
[verify] detect container yolov8n_full.ignite: 66 layers, reference in 0.5 s
  L 0 /model.0/conv/Conv                           EXACT
  L 1 /model.1/conv/Conv                           EXACT
  L 2 /model.2/cv1/conv/Conv                       EXACT
  L 3 /model.2/m.0/cv1/conv/Conv                   EXACT
  L 4 /model.2/m.0/cv2/conv/Conv                   EXACT
  L 5 /model.2/cv2/conv/Conv                       EXACT
  L 6 /model.3/conv/Conv                           EXACT
  L 7 /model.4/cv1/conv/Conv                       EXACT
  L 8 /model.4/m.0/cv1/conv/Conv                   EXACT
  L 9 /model.4/m.0/cv2/conv/Conv                   EXACT
  L10 /model.4/m.1/cv1/conv/Conv                   EXACT
  L11 /model.4/m.1/cv2/conv/Conv                   EXACT
  L12 /model.4/cv2/conv/Conv                       EXACT
  L13 /model.5/conv/Conv                           EXACT
  L14 /model.6/cv1/conv/Conv                       EXACT
  L15 /model.6/m.0/cv1/conv/Conv                   EXACT
  L16 /model.6/m.0/cv2/conv/Conv                   EXACT
  L17 /model.6/m.1/cv1/conv/Conv                   EXACT
  L18 /model.6/m.1/cv2/conv/Conv                   EXACT
  L19 /model.6/cv2/conv/Conv                       EXACT
  L20 /model.7/conv/Conv                           EXACT
  L21 /model.8/cv1/conv/Conv                       EXACT
  L22 /model.8/m.0/cv1/conv/Conv                   EXACT
  L23 /model.8/m.0/cv2/conv/Conv                   EXACT
  L24 /model.8/cv2/conv/Conv                       EXACT
  L25 /model.9/cv1/conv/Conv                       EXACT
  L26 /model.9/m/MaxPool                           EXACT
  L27 /model.9/m_1/MaxPool                         EXACT
  L28 /model.9/m_2/MaxPool                         EXACT
  L29 /model.9/cv2/conv/Conv                       EXACT
  L30 /model.12/cv1/conv/Conv                      EXACT
  L31 /model.12/m.0/cv1/conv/Conv                  EXACT
  L32 /model.12/m.0/cv2/conv/Conv                  EXACT
  L33 /model.12/cv2/conv/Conv                      EXACT
  L34 /model.15/cv1/conv/Conv                      EXACT
  L35 /model.15/m.0/cv1/conv/Conv                  EXACT
  L36 /model.15/m.0/cv2/conv/Conv                  EXACT
  L37 /model.15/cv2/conv/Conv                      EXACT
  L38 /model.16/conv/Conv                          EXACT
  L39 /model.22/cv2.0/cv2.0.0/conv/Conv            EXACT
  L40 /model.22/cv3.0/cv3.0.0/conv/Conv            EXACT
  L41 /model.22/cv2.0/cv2.0.1/conv/Conv            EXACT
  L42 /model.22/cv3.0/cv3.0.1/conv/Conv            EXACT
  L43 /model.18/cv1/conv/Conv                      EXACT
  L44 /model.22/cv2.0/cv2.0.2/Conv                 EXACT
  L45 /model.22/cv3.0/cv3.0.2/Conv                 EXACT
  L46 /model.18/m.0/cv1/conv/Conv                  EXACT
  L47 /model.18/m.0/cv2/conv/Conv                  EXACT
  L48 /model.18/cv2/conv/Conv                      EXACT
  L49 /model.19/conv/Conv                          EXACT
  L50 /model.22/cv2.1/cv2.1.0/conv/Conv            EXACT
  L51 /model.22/cv3.1/cv3.1.0/conv/Conv            EXACT
  L52 /model.22/cv2.1/cv2.1.1/conv/Conv            EXACT
  L53 /model.22/cv3.1/cv3.1.1/conv/Conv            EXACT
  L54 /model.21/cv1/conv/Conv                      EXACT
  L55 /model.22/cv2.1/cv2.1.2/Conv                 EXACT
  L56 /model.22/cv3.1/cv3.1.2/Conv                 EXACT
  L57 /model.21/m.0/cv1/conv/Conv                  EXACT
  L58 /model.21/m.0/cv2/conv/Conv                  EXACT
  L59 /model.21/cv2/conv/Conv                      EXACT
  L60 /model.22/cv2.2/cv2.2.0/conv/Conv            EXACT
  L61 /model.22/cv3.2/cv3.2.0/conv/Conv            EXACT
  L62 /model.22/cv2.2/cv2.2.1/conv/Conv            EXACT
  L63 /model.22/cv3.2/cv3.2.1/conv/Conv            EXACT
  L64 /model.22/cv2.2/cv2.2.2/Conv                 EXACT
  L65 /model.22/cv3.2/cv3.2.2/Conv                 EXACT
[verify] 66/66 layers exact | first dispatch 9.063 ms | dispatch mean 7.520 ms, min 7.488, max 7.553 over 2
[verify] PASS
== 2026-09-17T15:39:01Z [verify yolov8n_full.ignite] exit 0 after 1.8 s

== 2026-09-17T15:39:01Z [verify yolov8n_full_hardsigmoid.ignite] $ <conda envs>\mlir-aie-iron\python.exe tools/verify_engine_container.py --container build/yolov8n_full_hardsigmoid.ignite --model models/yolov8n_cut_xint8.onnx --iters 2
[verify] detect container yolov8n_full_hardsigmoid.ignite: 66 layers, reference in 0.5 s
  L 0 /model.0/conv/Conv                           EXACT
  L 1 /model.1/conv/Conv                           EXACT
  L 2 /model.2/cv1/conv/Conv                       EXACT
  L 3 /model.2/m.0/cv1/conv/Conv                   EXACT
  L 4 /model.2/m.0/cv2/conv/Conv                   EXACT
  L 5 /model.2/cv2/conv/Conv                       EXACT
  L 6 /model.3/conv/Conv                           EXACT
  L 7 /model.4/cv1/conv/Conv                       EXACT
  L 8 /model.4/m.0/cv1/conv/Conv                   EXACT
  L 9 /model.4/m.0/cv2/conv/Conv                   EXACT
  L10 /model.4/m.1/cv1/conv/Conv                   EXACT
  L11 /model.4/m.1/cv2/conv/Conv                   EXACT
  L12 /model.4/cv2/conv/Conv                       EXACT
  L13 /model.5/conv/Conv                           EXACT
  L14 /model.6/cv1/conv/Conv                       EXACT
  L15 /model.6/m.0/cv1/conv/Conv                   EXACT
  L16 /model.6/m.0/cv2/conv/Conv                   EXACT
  L17 /model.6/m.1/cv1/conv/Conv                   EXACT
  L18 /model.6/m.1/cv2/conv/Conv                   EXACT
  L19 /model.6/cv2/conv/Conv                       EXACT
  L20 /model.7/conv/Conv                           EXACT
  L21 /model.8/cv1/conv/Conv                       EXACT
  L22 /model.8/m.0/cv1/conv/Conv                   EXACT
  L23 /model.8/m.0/cv2/conv/Conv                   EXACT
  L24 /model.8/cv2/conv/Conv                       EXACT
  L25 /model.9/cv1/conv/Conv                       EXACT
  L26 /model.9/m/MaxPool                           EXACT
  L27 /model.9/m_1/MaxPool                         EXACT
  L28 /model.9/m_2/MaxPool                         EXACT
  L29 /model.9/cv2/conv/Conv                       EXACT
  L30 /model.12/cv1/conv/Conv                      EXACT
  L31 /model.12/m.0/cv1/conv/Conv                  EXACT
  L32 /model.12/m.0/cv2/conv/Conv                  EXACT
  L33 /model.12/cv2/conv/Conv                      EXACT
  L34 /model.15/cv1/conv/Conv                      EXACT
  L35 /model.15/m.0/cv1/conv/Conv                  EXACT
  L36 /model.15/m.0/cv2/conv/Conv                  EXACT
  L37 /model.15/cv2/conv/Conv                      EXACT
  L38 /model.16/conv/Conv                          EXACT
  L39 /model.22/cv2.0/cv2.0.0/conv/Conv            EXACT
  L40 /model.22/cv3.0/cv3.0.0/conv/Conv            EXACT
  L41 /model.22/cv2.0/cv2.0.1/conv/Conv            EXACT
  L42 /model.22/cv3.0/cv3.0.1/conv/Conv            EXACT
  L43 /model.18/cv1/conv/Conv                      EXACT
  L44 /model.22/cv2.0/cv2.0.2/Conv                 EXACT
  L45 /model.22/cv3.0/cv3.0.2/Conv                 EXACT
  L46 /model.18/m.0/cv1/conv/Conv                  EXACT
  L47 /model.18/m.0/cv2/conv/Conv                  EXACT
  L48 /model.18/cv2/conv/Conv                      EXACT
  L49 /model.19/conv/Conv                          EXACT
  L50 /model.22/cv2.1/cv2.1.0/conv/Conv            EXACT
  L51 /model.22/cv3.1/cv3.1.0/conv/Conv            EXACT
  L52 /model.22/cv2.1/cv2.1.1/conv/Conv            EXACT
  L53 /model.22/cv3.1/cv3.1.1/conv/Conv            EXACT
  L54 /model.21/cv1/conv/Conv                      EXACT
  L55 /model.22/cv2.1/cv2.1.2/Conv                 EXACT
  L56 /model.22/cv3.1/cv3.1.2/Conv                 EXACT
  L57 /model.21/m.0/cv1/conv/Conv                  EXACT
  L58 /model.21/m.0/cv2/conv/Conv                  EXACT
  L59 /model.21/cv2/conv/Conv                      EXACT
  L60 /model.22/cv2.2/cv2.2.0/conv/Conv            EXACT
  L61 /model.22/cv3.2/cv3.2.0/conv/Conv            EXACT
  L62 /model.22/cv2.2/cv2.2.1/conv/Conv            EXACT
  L63 /model.22/cv3.2/cv3.2.1/conv/Conv            EXACT
  L64 /model.22/cv2.2/cv2.2.2/Conv                 EXACT
  L65 /model.22/cv3.2/cv3.2.2/Conv                 EXACT
[verify] 66/66 layers exact | first dispatch 8.841 ms | dispatch mean 7.277 ms, min 7.218, max 7.335 over 2
[verify] PASS
== 2026-09-17T15:39:03Z [verify yolov8n_full_hardsigmoid.ignite] exit 0 after 1.1 s

== 2026-09-17T15:39:03Z [verify yolov8s.ignite] $ <conda envs>\mlir-aie-iron\python.exe tools/verify_engine_container.py --container build/yolov8s.ignite --model models/yolov8s_cut_xint8.onnx --iters 2
[verify] SiLU through the sigmoid epilogue: the reference is silu_sigmoid.reference_model of the model
[verify] detect container yolov8s.ignite: 66 layers, reference in 1.2 s
  L 0 /model.0/conv/Conv                           EXACT
  L 1 /model.1/conv/Conv                           EXACT
  L 2 /model.2/cv1/conv/Conv                       EXACT
  L 3 /model.2/m.0/cv1/conv/Conv                   EXACT
  L 4 /model.2/m.0/cv2/conv/Conv                   EXACT
  L 5 /model.2/cv2/conv/Conv                       EXACT
  L 6 /model.3/conv/Conv                           EXACT
  L 7 /model.4/cv1/conv/Conv                       EXACT
  L 8 /model.4/m.0/cv1/conv/Conv                   EXACT
  L 9 /model.4/m.0/cv2/conv/Conv                   EXACT
  L10 /model.4/m.1/cv1/conv/Conv                   EXACT
  L11 /model.4/m.1/cv2/conv/Conv                   EXACT
  L12 /model.4/cv2/conv/Conv                       EXACT
  L13 /model.5/conv/Conv                           EXACT
  L14 /model.6/cv1/conv/Conv                       EXACT
  L15 /model.6/m.0/cv1/conv/Conv                   EXACT
  L16 /model.6/m.0/cv2/conv/Conv                   EXACT
  L17 /model.6/m.1/cv1/conv/Conv                   EXACT
  L18 /model.6/m.1/cv2/conv/Conv                   EXACT
  L19 /model.6/cv2/conv/Conv                       EXACT
  L20 /model.7/conv/Conv                           EXACT
  L21 /model.8/cv1/conv/Conv                       EXACT
  L22 /model.8/m.0/cv1/conv/Conv                   EXACT
  L23 /model.8/m.0/cv2/conv/Conv                   EXACT
  L24 /model.8/cv2/conv/Conv                       EXACT
  L25 /model.9/cv1/conv/Conv                       EXACT
  L26 /model.9/m/MaxPool                           EXACT
  L27 /model.9/m_1/MaxPool                         EXACT
  L28 /model.9/m_2/MaxPool                         EXACT
  L29 /model.9/cv2/conv/Conv                       EXACT
  L30 /model.12/cv1/conv/Conv                      EXACT
  L31 /model.12/m.0/cv1/conv/Conv                  EXACT
  L32 /model.12/m.0/cv2/conv/Conv                  EXACT
  L33 /model.12/cv2/conv/Conv                      EXACT
  L34 /model.15/cv1/conv/Conv                      EXACT
  L35 /model.15/m.0/cv1/conv/Conv                  EXACT
  L36 /model.15/m.0/cv2/conv/Conv                  EXACT
  L37 /model.15/cv2/conv/Conv                      EXACT
  L38 /model.16/conv/Conv                          EXACT
  L39 /model.22/cv2.0/cv2.0.0/conv/Conv            EXACT
  L40 /model.22/cv3.0/cv3.0.0/conv/Conv            EXACT
  L41 /model.22/cv2.0/cv2.0.1/conv/Conv            EXACT
  L42 /model.22/cv3.0/cv3.0.1/conv/Conv            EXACT
  L43 /model.18/cv1/conv/Conv                      EXACT
  L44 /model.22/cv2.0/cv2.0.2/Conv                 EXACT
  L45 /model.22/cv3.0/cv3.0.2/Conv                 EXACT
  L46 /model.18/m.0/cv1/conv/Conv                  EXACT
  L47 /model.18/m.0/cv2/conv/Conv                  EXACT
  L48 /model.18/cv2/conv/Conv                      EXACT
  L49 /model.19/conv/Conv                          EXACT
  L50 /model.22/cv2.1/cv2.1.0/conv/Conv            EXACT
  L51 /model.22/cv3.1/cv3.1.0/conv/Conv            EXACT
  L52 /model.22/cv2.1/cv2.1.1/conv/Conv            EXACT
  L53 /model.22/cv3.1/cv3.1.1/conv/Conv            EXACT
  L54 /model.21/cv1/conv/Conv                      EXACT
  L55 /model.22/cv2.1/cv2.1.2/Conv                 EXACT
  L56 /model.22/cv3.1/cv3.1.2/Conv                 EXACT
  L57 /model.21/m.0/cv1/conv/Conv                  EXACT
  L58 /model.21/m.0/cv2/conv/Conv                  EXACT
  L59 /model.21/cv2/conv/Conv                      EXACT
  L60 /model.22/cv2.2/cv2.2.0/conv/Conv            EXACT
  L61 /model.22/cv3.2/cv3.2.0/conv/Conv            EXACT
  L62 /model.22/cv2.2/cv2.2.1/conv/Conv            EXACT
  L63 /model.22/cv3.2/cv3.2.1/conv/Conv            EXACT
  L64 /model.22/cv2.2/cv2.2.2/Conv                 EXACT
  L65 /model.22/cv3.2/cv3.2.2/Conv                 EXACT
[verify] 66/66 layers exact | first dispatch 18.850 ms | dispatch mean 17.218 ms, min 17.214, max 17.222 over 2
[verify] PASS
== 2026-09-17T15:39:05Z [verify yolov8s.ignite] exit 0 after 2.5 s

== 2026-09-17T15:39:05Z [verify yolov8s_hardsigmoid.ignite] $ <conda envs>\mlir-aie-iron\python.exe tools/verify_engine_container.py --container build/yolov8s_hardsigmoid.ignite --model models/yolov8s_cut_xint8.onnx --iters 2
[verify] detect container yolov8s_hardsigmoid.ignite: 66 layers, reference in 1.2 s
  L 0 /model.0/conv/Conv                           EXACT
  L 1 /model.1/conv/Conv                           EXACT
  L 2 /model.2/cv1/conv/Conv                       EXACT
  L 3 /model.2/m.0/cv1/conv/Conv                   EXACT
  L 4 /model.2/m.0/cv2/conv/Conv                   EXACT
  L 5 /model.2/cv2/conv/Conv                       EXACT
  L 6 /model.3/conv/Conv                           EXACT
  L 7 /model.4/cv1/conv/Conv                       EXACT
  L 8 /model.4/m.0/cv1/conv/Conv                   EXACT
  L 9 /model.4/m.0/cv2/conv/Conv                   EXACT
  L10 /model.4/m.1/cv1/conv/Conv                   EXACT
  L11 /model.4/m.1/cv2/conv/Conv                   EXACT
  L12 /model.4/cv2/conv/Conv                       EXACT
  L13 /model.5/conv/Conv                           EXACT
  L14 /model.6/cv1/conv/Conv                       EXACT
  L15 /model.6/m.0/cv1/conv/Conv                   EXACT
  L16 /model.6/m.0/cv2/conv/Conv                   EXACT
  L17 /model.6/m.1/cv1/conv/Conv                   EXACT
  L18 /model.6/m.1/cv2/conv/Conv                   EXACT
  L19 /model.6/cv2/conv/Conv                       EXACT
  L20 /model.7/conv/Conv                           EXACT
  L21 /model.8/cv1/conv/Conv                       EXACT
  L22 /model.8/m.0/cv1/conv/Conv                   EXACT
  L23 /model.8/m.0/cv2/conv/Conv                   EXACT
  L24 /model.8/cv2/conv/Conv                       EXACT
  L25 /model.9/cv1/conv/Conv                       EXACT
  L26 /model.9/m/MaxPool                           EXACT
  L27 /model.9/m_1/MaxPool                         EXACT
  L28 /model.9/m_2/MaxPool                         EXACT
  L29 /model.9/cv2/conv/Conv                       EXACT
  L30 /model.12/cv1/conv/Conv                      EXACT
  L31 /model.12/m.0/cv1/conv/Conv                  EXACT
  L32 /model.12/m.0/cv2/conv/Conv                  EXACT
  L33 /model.12/cv2/conv/Conv                      EXACT
  L34 /model.15/cv1/conv/Conv                      EXACT
  L35 /model.15/m.0/cv1/conv/Conv                  EXACT
  L36 /model.15/m.0/cv2/conv/Conv                  EXACT
  L37 /model.15/cv2/conv/Conv                      EXACT
  L38 /model.16/conv/Conv                          EXACT
  L39 /model.22/cv2.0/cv2.0.0/conv/Conv            EXACT
  L40 /model.22/cv3.0/cv3.0.0/conv/Conv            EXACT
  L41 /model.22/cv2.0/cv2.0.1/conv/Conv            EXACT
  L42 /model.22/cv3.0/cv3.0.1/conv/Conv            EXACT
  L43 /model.18/cv1/conv/Conv                      EXACT
  L44 /model.22/cv2.0/cv2.0.2/Conv                 EXACT
  L45 /model.22/cv3.0/cv3.0.2/Conv                 EXACT
  L46 /model.18/m.0/cv1/conv/Conv                  EXACT
  L47 /model.18/m.0/cv2/conv/Conv                  EXACT
  L48 /model.18/cv2/conv/Conv                      EXACT
  L49 /model.19/conv/Conv                          EXACT
  L50 /model.22/cv2.1/cv2.1.0/conv/Conv            EXACT
  L51 /model.22/cv3.1/cv3.1.0/conv/Conv            EXACT
  L52 /model.22/cv2.1/cv2.1.1/conv/Conv            EXACT
  L53 /model.22/cv3.1/cv3.1.1/conv/Conv            EXACT
  L54 /model.21/cv1/conv/Conv                      EXACT
  L55 /model.22/cv2.1/cv2.1.2/Conv                 EXACT
  L56 /model.22/cv3.1/cv3.1.2/Conv                 EXACT
  L57 /model.21/m.0/cv1/conv/Conv                  EXACT
  L58 /model.21/m.0/cv2/conv/Conv                  EXACT
  L59 /model.21/cv2/conv/Conv                      EXACT
  L60 /model.22/cv2.2/cv2.2.0/conv/Conv            EXACT
  L61 /model.22/cv3.2/cv3.2.0/conv/Conv            EXACT
  L62 /model.22/cv2.2/cv2.2.1/conv/Conv            EXACT
  L63 /model.22/cv3.2/cv3.2.1/conv/Conv            EXACT
  L64 /model.22/cv2.2/cv2.2.2/Conv                 EXACT
  L65 /model.22/cv3.2/cv3.2.2/Conv                 EXACT
[verify] 66/66 layers exact | first dispatch 18.344 ms | dispatch mean 16.746 ms, min 16.739, max 16.753 over 2
[verify] PASS
== 2026-09-17T15:39:07Z [verify yolov8s_hardsigmoid.ignite] exit 0 after 1.9 s

== 2026-09-17T15:39:07Z [verify yolov8n_pose.ignite] $ <conda envs>\mlir-aie-iron\python.exe tools/verify_engine_container.py --container build/yolov8n_pose.ignite --model models/yolov8n-pose_cut_xint8.onnx --iters 2
[verify] SiLU through the sigmoid epilogue: the reference is silu_sigmoid.reference_model of the model
[verify] pose container yolov8n_pose.ignite: 75 layers, reference in 0.6 s
  L 0 /model.0/conv/Conv                           EXACT
  L 1 /model.1/conv/Conv                           EXACT
  L 2 /model.2/cv1/conv/Conv                       EXACT
  L 3 /model.2/m.0/cv1/conv/Conv                   EXACT
  L 4 /model.2/m.0/cv2/conv/Conv                   EXACT
  L 5 /model.2/cv2/conv/Conv                       EXACT
  L 6 /model.3/conv/Conv                           EXACT
  L 7 /model.4/cv1/conv/Conv                       EXACT
  L 8 /model.4/m.0/cv1/conv/Conv                   EXACT
  L 9 /model.4/m.0/cv2/conv/Conv                   EXACT
  L10 /model.4/m.1/cv1/conv/Conv                   EXACT
  L11 /model.4/m.1/cv2/conv/Conv                   EXACT
  L12 /model.4/cv2/conv/Conv                       EXACT
  L13 /model.5/conv/Conv                           EXACT
  L14 /model.6/cv1/conv/Conv                       EXACT
  L15 /model.6/m.0/cv1/conv/Conv                   EXACT
  L16 /model.6/m.0/cv2/conv/Conv                   EXACT
  L17 /model.6/m.1/cv1/conv/Conv                   EXACT
  L18 /model.6/m.1/cv2/conv/Conv                   EXACT
  L19 /model.6/cv2/conv/Conv                       EXACT
  L20 /model.7/conv/Conv                           EXACT
  L21 /model.8/cv1/conv/Conv                       EXACT
  L22 /model.8/m.0/cv1/conv/Conv                   EXACT
  L23 /model.8/m.0/cv2/conv/Conv                   EXACT
  L24 /model.8/cv2/conv/Conv                       EXACT
  L25 /model.9/cv1/conv/Conv                       EXACT
  L26 /model.9/m/MaxPool                           EXACT
  L27 /model.9/m_1/MaxPool                         EXACT
  L28 /model.9/m_2/MaxPool                         EXACT
  L29 /model.9/cv2/conv/Conv                       EXACT
  L30 /model.12/cv1/conv/Conv                      EXACT
  L31 /model.12/m.0/cv1/conv/Conv                  EXACT
  L32 /model.12/m.0/cv2/conv/Conv                  EXACT
  L33 /model.12/cv2/conv/Conv                      EXACT
  L34 /model.15/cv1/conv/Conv                      EXACT
  L35 /model.15/m.0/cv1/conv/Conv                  EXACT
  L36 /model.15/m.0/cv2/conv/Conv                  EXACT
  L37 /model.15/cv2/conv/Conv                      EXACT
  L38 /model.16/conv/Conv                          EXACT
  L39 /model.22/cv2.0/cv2.0.0/conv/Conv            EXACT
  L40 /model.22/cv3.0/cv3.0.0/conv/Conv            EXACT
  L41 /model.22/cv4.0/cv4.0.0/conv/Conv            EXACT
  L42 /model.22/cv2.0/cv2.0.1/conv/Conv            EXACT
  L43 /model.22/cv3.0/cv3.0.1/conv/Conv            EXACT
  L44 /model.22/cv4.0/cv4.0.1/conv/Conv            EXACT
  L45 /model.18/cv1/conv/Conv                      EXACT
  L46 /model.22/cv2.0/cv2.0.2/Conv                 EXACT
  L47 /model.22/cv3.0/cv3.0.2/Conv                 EXACT
  L48 /model.22/cv4.0/cv4.0.2/Conv                 EXACT
  L49 /model.18/m.0/cv1/conv/Conv                  EXACT
  L50 /model.18/m.0/cv2/conv/Conv                  EXACT
  L51 /model.18/cv2/conv/Conv                      EXACT
  L52 /model.19/conv/Conv                          EXACT
  L53 /model.22/cv2.1/cv2.1.0/conv/Conv            EXACT
  L54 /model.22/cv3.1/cv3.1.0/conv/Conv            EXACT
  L55 /model.22/cv4.1/cv4.1.0/conv/Conv            EXACT
  L56 /model.22/cv2.1/cv2.1.1/conv/Conv            EXACT
  L57 /model.22/cv3.1/cv3.1.1/conv/Conv            EXACT
  L58 /model.22/cv4.1/cv4.1.1/conv/Conv            EXACT
  L59 /model.21/cv1/conv/Conv                      EXACT
  L60 /model.22/cv2.1/cv2.1.2/Conv                 EXACT
  L61 /model.22/cv3.1/cv3.1.2/Conv                 EXACT
  L62 /model.22/cv4.1/cv4.1.2/Conv                 EXACT
  L63 /model.21/m.0/cv1/conv/Conv                  EXACT
  L64 /model.21/m.0/cv2/conv/Conv                  EXACT
  L65 /model.21/cv2/conv/Conv                      EXACT
  L66 /model.22/cv2.2/cv2.2.0/conv/Conv            EXACT
  L67 /model.22/cv3.2/cv3.2.0/conv/Conv            EXACT
  L68 /model.22/cv4.2/cv4.2.0/conv/Conv            EXACT
  L69 /model.22/cv2.2/cv2.2.1/conv/Conv            EXACT
  L70 /model.22/cv3.2/cv3.2.1/conv/Conv            EXACT
  L71 /model.22/cv4.2/cv4.2.1/conv/Conv            EXACT
  L72 /model.22/cv2.2/cv2.2.2/Conv                 EXACT
  L73 /model.22/cv3.2/cv3.2.2/Conv                 EXACT
  L74 /model.22/cv4.2/cv4.2.2/Conv                 EXACT
[verify] 75/75 layers exact | first dispatch 9.633 ms | dispatch mean 7.826 ms, min 7.804, max 7.848 over 2
[verify] PASS
== 2026-09-17T15:39:09Z [verify yolov8n_pose.ignite] exit 0 after 1.7 s

== 2026-09-17T15:39:09Z [verify yolov8n_pose_hardsigmoid.ignite] $ <conda envs>\mlir-aie-iron\python.exe tools/verify_engine_container.py --container build/yolov8n_pose_hardsigmoid.ignite --model models/yolov8n-pose_cut_xint8.onnx --iters 2
[verify] pose container yolov8n_pose_hardsigmoid.ignite: 75 layers, reference in 0.5 s
  L 0 /model.0/conv/Conv                           EXACT
  L 1 /model.1/conv/Conv                           EXACT
  L 2 /model.2/cv1/conv/Conv                       EXACT
  L 3 /model.2/m.0/cv1/conv/Conv                   EXACT
  L 4 /model.2/m.0/cv2/conv/Conv                   EXACT
  L 5 /model.2/cv2/conv/Conv                       EXACT
  L 6 /model.3/conv/Conv                           EXACT
  L 7 /model.4/cv1/conv/Conv                       EXACT
  L 8 /model.4/m.0/cv1/conv/Conv                   EXACT
  L 9 /model.4/m.0/cv2/conv/Conv                   EXACT
  L10 /model.4/m.1/cv1/conv/Conv                   EXACT
  L11 /model.4/m.1/cv2/conv/Conv                   EXACT
  L12 /model.4/cv2/conv/Conv                       EXACT
  L13 /model.5/conv/Conv                           EXACT
  L14 /model.6/cv1/conv/Conv                       EXACT
  L15 /model.6/m.0/cv1/conv/Conv                   EXACT
  L16 /model.6/m.0/cv2/conv/Conv                   EXACT
  L17 /model.6/m.1/cv1/conv/Conv                   EXACT
  L18 /model.6/m.1/cv2/conv/Conv                   EXACT
  L19 /model.6/cv2/conv/Conv                       EXACT
  L20 /model.7/conv/Conv                           EXACT
  L21 /model.8/cv1/conv/Conv                       EXACT
  L22 /model.8/m.0/cv1/conv/Conv                   EXACT
  L23 /model.8/m.0/cv2/conv/Conv                   EXACT
  L24 /model.8/cv2/conv/Conv                       EXACT
  L25 /model.9/cv1/conv/Conv                       EXACT
  L26 /model.9/m/MaxPool                           EXACT
  L27 /model.9/m_1/MaxPool                         EXACT
  L28 /model.9/m_2/MaxPool                         EXACT
  L29 /model.9/cv2/conv/Conv                       EXACT
  L30 /model.12/cv1/conv/Conv                      EXACT
  L31 /model.12/m.0/cv1/conv/Conv                  EXACT
  L32 /model.12/m.0/cv2/conv/Conv                  EXACT
  L33 /model.12/cv2/conv/Conv                      EXACT
  L34 /model.15/cv1/conv/Conv                      EXACT
  L35 /model.15/m.0/cv1/conv/Conv                  EXACT
  L36 /model.15/m.0/cv2/conv/Conv                  EXACT
  L37 /model.15/cv2/conv/Conv                      EXACT
  L38 /model.16/conv/Conv                          EXACT
  L39 /model.22/cv2.0/cv2.0.0/conv/Conv            EXACT
  L40 /model.22/cv3.0/cv3.0.0/conv/Conv            EXACT
  L41 /model.22/cv4.0/cv4.0.0/conv/Conv            EXACT
  L42 /model.22/cv2.0/cv2.0.1/conv/Conv            EXACT
  L43 /model.22/cv3.0/cv3.0.1/conv/Conv            EXACT
  L44 /model.22/cv4.0/cv4.0.1/conv/Conv            EXACT
  L45 /model.18/cv1/conv/Conv                      EXACT
  L46 /model.22/cv2.0/cv2.0.2/Conv                 EXACT
  L47 /model.22/cv3.0/cv3.0.2/Conv                 EXACT
  L48 /model.22/cv4.0/cv4.0.2/Conv                 EXACT
  L49 /model.18/m.0/cv1/conv/Conv                  EXACT
  L50 /model.18/m.0/cv2/conv/Conv                  EXACT
  L51 /model.18/cv2/conv/Conv                      EXACT
  L52 /model.19/conv/Conv                          EXACT
  L53 /model.22/cv2.1/cv2.1.0/conv/Conv            EXACT
  L54 /model.22/cv3.1/cv3.1.0/conv/Conv            EXACT
  L55 /model.22/cv4.1/cv4.1.0/conv/Conv            EXACT
  L56 /model.22/cv2.1/cv2.1.1/conv/Conv            EXACT
  L57 /model.22/cv3.1/cv3.1.1/conv/Conv            EXACT
  L58 /model.22/cv4.1/cv4.1.1/conv/Conv            EXACT
  L59 /model.21/cv1/conv/Conv                      EXACT
  L60 /model.22/cv2.1/cv2.1.2/Conv                 EXACT
  L61 /model.22/cv3.1/cv3.1.2/Conv                 EXACT
  L62 /model.22/cv4.1/cv4.1.2/Conv                 EXACT
  L63 /model.21/m.0/cv1/conv/Conv                  EXACT
  L64 /model.21/m.0/cv2/conv/Conv                  EXACT
  L65 /model.21/cv2/conv/Conv                      EXACT
  L66 /model.22/cv2.2/cv2.2.0/conv/Conv            EXACT
  L67 /model.22/cv3.2/cv3.2.0/conv/Conv            EXACT
  L68 /model.22/cv4.2/cv4.2.0/conv/Conv            EXACT
  L69 /model.22/cv2.2/cv2.2.1/conv/Conv            EXACT
  L70 /model.22/cv3.2/cv3.2.1/conv/Conv            EXACT
  L71 /model.22/cv4.2/cv4.2.1/conv/Conv            EXACT
  L72 /model.22/cv2.2/cv2.2.2/Conv                 EXACT
  L73 /model.22/cv3.2/cv3.2.2/Conv                 EXACT
  L74 /model.22/cv4.2/cv4.2.2/Conv                 EXACT
[verify] 75/75 layers exact | first dispatch 9.125 ms | dispatch mean 7.630 ms, min 7.595, max 7.665 over 2
[verify] PASS
== 2026-09-17T15:39:10Z [verify yolov8n_pose_hardsigmoid.ignite] exit 0 after 1.1 s

== 2026-09-17T15:39:10Z [verify sesr_m7.ignite] $ <conda envs>\mlir-aie-iron\python.exe tools/verify_engine_container.py --container build/sesr_m7.ignite --model models/sesr_m7_xint8.onnx --iters 2
[verify] super_resolution container sesr_m7.ignite: 9 layers, reference in 0.5 s
  L 0 /head/Conv                                   EXACT
  L 1 /body.0/body.0.0/Conv                        EXACT
  L 2 /body.1/body.1.0/Conv                        EXACT
  L 3 /body.2/body.2.0/Conv                        EXACT
  L 4 /body.3/body.3.0/Conv                        EXACT
  L 5 /body.4/body.4.0/Conv                        EXACT
  L 6 /body.5/body.5.0/Conv                        EXACT
  L 7 /body.6/body.6.0/Conv                        EXACT
  L 8 /tail/Conv                                   EXACT
[verify] 9/9 layers exact | first dispatch 5.617 ms | dispatch mean 4.210 ms, min 4.208, max 4.212 over 2
[verify] PASS
== 2026-09-17T15:39:11Z [verify sesr_m7.ignite] exit 0 after 1.0 s

== 2026-09-17T15:39:11Z [verify yolo11n.ignite] $ <conda envs>\mlir-aie-iron\python.exe tools/verify_engine_container.py --container build/yolo11n.ignite --model models/yolo11n_cut_xint8.onnx --iters 2
[verify] detect container yolo11n.ignite: 84 layers, reference in 0.6 s
  L 0 /model.0/conv/Conv                           EXACT
  L 1 /model.1/conv/Conv                           EXACT
  L 2 /model.2/cv1/conv/Conv                       EXACT
  L 3 /model.2/m.0/cv1/conv/Conv                   EXACT
  L 4 /model.2/m.0/cv2/conv/Conv                   EXACT
  L 5 /model.2/cv2/conv/Conv                       EXACT
  L 6 /model.3/conv/Conv                           EXACT
  L 7 /model.4/cv1/conv/Conv                       EXACT
  L 8 /model.4/m.0/cv1/conv/Conv                   EXACT
  L 9 /model.4/m.0/cv2/conv/Conv                   EXACT
  L10 /model.4/cv2/conv/Conv                       EXACT
  L11 /model.5/conv/Conv                           EXACT
  L12 /model.6/cv1/conv/Conv                       EXACT
  L13 /model.6/m.0/cv1/conv/Conv                   EXACT
  L14 /model.6/m.0/cv2/conv/Conv                   EXACT
  L15 /model.6/m.0/m/m.0/cv1/conv/Conv             EXACT
  L16 /model.6/m.0/m/m.0/cv2/conv/Conv             EXACT
  L17 /model.6/m.0/m/m.1/cv1/conv/Conv             EXACT
  L18 /model.6/m.0/m/m.1/cv2/conv/Conv             EXACT
  L19 /model.6/m.0/cv3/conv/Conv                   EXACT
  L20 /model.6/cv2/conv/Conv                       EXACT
  L21 /model.7/conv/Conv                           EXACT
  L22 /model.8/cv1/conv/Conv                       EXACT
  L23 /model.8/m.0/cv1/conv/Conv                   EXACT
  L24 /model.8/m.0/cv2/conv/Conv                   EXACT
  L25 /model.8/m.0/m/m.0/cv1/conv/Conv             EXACT
  L26 /model.8/m.0/m/m.0/cv2/conv/Conv             EXACT
  L27 /model.8/m.0/m/m.1/cv1/conv/Conv             EXACT
  L28 /model.8/m.0/m/m.1/cv2/conv/Conv             EXACT
  L29 /model.8/m.0/cv3/conv/Conv                   EXACT
  L30 /model.8/cv2/conv/Conv                       EXACT
  L31 /model.9/cv1/conv/Conv                       EXACT
  L32 /model.9/m/MaxPool                           EXACT
  L33 /model.9/m_1/MaxPool                         EXACT
  L34 /model.9/m_2/MaxPool                         EXACT
  L35 /model.9/cv2/conv/Conv                       EXACT
  L36 HOST /model.10/                                   EXACT
  L37 /model.13/cv1/conv/Conv                      EXACT
  L38 /model.13/m.0/cv1/conv/Conv                  EXACT
  L39 /model.13/m.0/cv2/conv/Conv                  EXACT
  L40 /model.13/cv2/conv/Conv                      EXACT
  L41 /model.16/cv1/conv/Conv                      EXACT
  L42 /model.16/m.0/cv1/conv/Conv                  EXACT
  L43 /model.16/m.0/cv2/conv/Conv                  EXACT
  L44 /model.16/cv2/conv/Conv                      EXACT
  L45 /model.17/conv/Conv                          EXACT
  L46 /model.23/cv2.0/cv2.0.0/conv/Conv            EXACT
  L47 /model.23/cv3.0/cv3.0.0/cv3.0.0.0/conv/Conv  EXACT
  L48 /model.23/cv2.0/cv2.0.1/conv/Conv            EXACT
  L49 /model.23/cv3.0/cv3.0.0/cv3.0.0.1/conv/Conv  EXACT
  L50 /model.19/cv1/conv/Conv                      EXACT
  L51 /model.23/cv2.0/cv2.0.2/Conv                 EXACT
  L52 /model.23/cv3.0/cv3.0.1/cv3.0.1.0/conv/Conv  EXACT
  L53 /model.19/m.0/cv1/conv/Conv                  EXACT
  L54 /model.23/cv3.0/cv3.0.1/cv3.0.1.1/conv/Conv  EXACT
  L55 /model.19/m.0/cv2/conv/Conv                  EXACT
  L56 /model.23/cv3.0/cv3.0.2/Conv                 EXACT
  L57 /model.19/cv2/conv/Conv                      EXACT
  L58 /model.20/conv/Conv                          EXACT
  L59 /model.23/cv2.1/cv2.1.0/conv/Conv            EXACT
  L60 /model.23/cv3.1/cv3.1.0/cv3.1.0.0/conv/Conv  EXACT
  L61 /model.23/cv2.1/cv2.1.1/conv/Conv            EXACT
  L62 /model.23/cv3.1/cv3.1.0/cv3.1.0.1/conv/Conv  EXACT
  L63 /model.22/cv1/conv/Conv                      EXACT
  L64 /model.23/cv2.1/cv2.1.2/Conv                 EXACT
  L65 /model.23/cv3.1/cv3.1.1/cv3.1.1.0/conv/Conv  EXACT
  L66 /model.22/m.0/cv1/conv/Conv                  EXACT
  L67 /model.22/m.0/cv2/conv/Conv                  EXACT
  L68 /model.23/cv3.1/cv3.1.1/cv3.1.1.1/conv/Conv  EXACT
  L69 /model.22/m.0/m/m.0/cv1/conv/Conv            EXACT
  L70 /model.23/cv3.1/cv3.1.2/Conv                 EXACT
  L71 /model.22/m.0/m/m.0/cv2/conv/Conv            EXACT
  L72 /model.22/m.0/m/m.1/cv1/conv/Conv            EXACT
  L73 /model.22/m.0/m/m.1/cv2/conv/Conv            EXACT
  L74 /model.22/m.0/cv3/conv/Conv                  EXACT
  L75 /model.22/cv2/conv/Conv                      EXACT
  L76 /model.23/cv2.2/cv2.2.0/conv/Conv            EXACT
  L77 /model.23/cv3.2/cv3.2.0/cv3.2.0.0/conv/Conv  EXACT
  L78 /model.23/cv2.2/cv2.2.1/conv/Conv            EXACT
  L79 /model.23/cv3.2/cv3.2.0/cv3.2.0.1/conv/Conv  EXACT
  L80 /model.23/cv2.2/cv2.2.2/Conv                 EXACT
  L81 /model.23/cv3.2/cv3.2.1/cv3.2.1.0/conv/Conv  EXACT
  L82 /model.23/cv3.2/cv3.2.1/cv3.2.1.1/conv/Conv  EXACT
  L83 /model.23/cv3.2/cv3.2.2/Conv                 EXACT
[verify] 84/84 layers exact | first dispatch 10.071 ms | dispatch mean 8.463 ms, min 8.457, max 8.469 over 2
[verify] 1 host segment(s) ['/model.10/']: host mean 1.925 ms, min 1.840, max 2.010 (NPU dispatch above excludes it)
[verify] PASS
== 2026-09-17T15:39:12Z [verify yolo11n.ignite] exit 0 after 1.2 s

== 2026-09-17T15:39:12Z [verify yolo11n_core.ignite] $ <conda envs>\mlir-aie-iron\python.exe tools/verify_engine_container.py --container build/yolo11n_core.ignite --model models/yolo11n_cut_xint8.onnx --iters 2
[verify] detect container yolo11n_core.ignite: 91 layers, reference in 0.6 s
  L 0 /model.0/conv/Conv                           EXACT
  L 1 /model.1/conv/Conv                           EXACT
  L 2 /model.2/cv1/conv/Conv                       EXACT
  L 3 /model.2/m.0/cv1/conv/Conv                   EXACT
  L 4 /model.2/m.0/cv2/conv/Conv                   EXACT
  L 5 /model.2/cv2/conv/Conv                       EXACT
  L 6 /model.3/conv/Conv                           EXACT
  L 7 /model.4/cv1/conv/Conv                       EXACT
  L 8 /model.4/m.0/cv1/conv/Conv                   EXACT
  L 9 /model.4/m.0/cv2/conv/Conv                   EXACT
  L10 /model.4/cv2/conv/Conv                       EXACT
  L11 /model.5/conv/Conv                           EXACT
  L12 /model.6/cv1/conv/Conv                       EXACT
  L13 /model.6/m.0/cv1/conv/Conv                   EXACT
  L14 /model.6/m.0/cv2/conv/Conv                   EXACT
  L15 /model.6/m.0/m/m.0/cv1/conv/Conv             EXACT
  L16 /model.6/m.0/m/m.0/cv2/conv/Conv             EXACT
  L17 /model.6/m.0/m/m.1/cv1/conv/Conv             EXACT
  L18 /model.6/m.0/m/m.1/cv2/conv/Conv             EXACT
  L19 /model.6/m.0/cv3/conv/Conv                   EXACT
  L20 /model.6/cv2/conv/Conv                       EXACT
  L21 /model.7/conv/Conv                           EXACT
  L22 /model.8/cv1/conv/Conv                       EXACT
  L23 /model.8/m.0/cv1/conv/Conv                   EXACT
  L24 /model.8/m.0/cv2/conv/Conv                   EXACT
  L25 /model.8/m.0/m/m.0/cv1/conv/Conv             EXACT
  L26 /model.8/m.0/m/m.0/cv2/conv/Conv             EXACT
  L27 /model.8/m.0/m/m.1/cv1/conv/Conv             EXACT
  L28 /model.8/m.0/m/m.1/cv2/conv/Conv             EXACT
  L29 /model.8/m.0/cv3/conv/Conv                   EXACT
  L30 /model.8/cv2/conv/Conv                       EXACT
  L31 /model.9/cv1/conv/Conv                       EXACT
  L32 /model.9/m/MaxPool                           EXACT
  L33 /model.9/m_1/MaxPool                         EXACT
  L34 /model.9/m_2/MaxPool                         EXACT
  L35 /model.9/cv2/conv/Conv                       EXACT
  L36 /model.10/cv1/conv/Conv                      EXACT
  L37 /model.10/m/m.0/attn/qkv/conv/Conv           EXACT
  L38 HOST /model.10/m/m.0/attn/qkv/conv/Conv=/model.10/m/m.0/attn/Reshape_1 EXACT
  L39 /model.10/m/m.0/attn/pe/conv/Conv            EXACT
  L40 /model.10/m/m.0/attn/proj/conv/Conv          EXACT
  L41 /model.10/m/m.0/ffn/ffn.0/conv/Conv          EXACT
  L42 /model.10/m/m.0/ffn/ffn.1/conv/Conv          EXACT
  L43 /model.10/cv2/conv/Conv                      EXACT
  L44 /model.13/cv1/conv/Conv                      EXACT
  L45 /model.13/m.0/cv1/conv/Conv                  EXACT
  L46 /model.13/m.0/cv2/conv/Conv                  EXACT
  L47 /model.13/cv2/conv/Conv                      EXACT
  L48 /model.16/cv1/conv/Conv                      EXACT
  L49 /model.16/m.0/cv1/conv/Conv                  EXACT
  L50 /model.16/m.0/cv2/conv/Conv                  EXACT
  L51 /model.16/cv2/conv/Conv                      EXACT
  L52 /model.17/conv/Conv                          EXACT
  L53 /model.23/cv2.0/cv2.0.0/conv/Conv            EXACT
  L54 /model.23/cv3.0/cv3.0.0/cv3.0.0.0/conv/Conv  EXACT
  L55 /model.23/cv2.0/cv2.0.1/conv/Conv            EXACT
  L56 /model.23/cv3.0/cv3.0.0/cv3.0.0.1/conv/Conv  EXACT
  L57 /model.19/cv1/conv/Conv                      EXACT
  L58 /model.23/cv2.0/cv2.0.2/Conv                 EXACT
  L59 /model.23/cv3.0/cv3.0.1/cv3.0.1.0/conv/Conv  EXACT
  L60 /model.19/m.0/cv1/conv/Conv                  EXACT
  L61 /model.23/cv3.0/cv3.0.1/cv3.0.1.1/conv/Conv  EXACT
  L62 /model.19/m.0/cv2/conv/Conv                  EXACT
  L63 /model.23/cv3.0/cv3.0.2/Conv                 EXACT
  L64 /model.19/cv2/conv/Conv                      EXACT
  L65 /model.20/conv/Conv                          EXACT
  L66 /model.23/cv2.1/cv2.1.0/conv/Conv            EXACT
  L67 /model.23/cv3.1/cv3.1.0/cv3.1.0.0/conv/Conv  EXACT
  L68 /model.23/cv2.1/cv2.1.1/conv/Conv            EXACT
  L69 /model.23/cv3.1/cv3.1.0/cv3.1.0.1/conv/Conv  EXACT
  L70 /model.22/cv1/conv/Conv                      EXACT
  L71 /model.23/cv2.1/cv2.1.2/Conv                 EXACT
  L72 /model.23/cv3.1/cv3.1.1/cv3.1.1.0/conv/Conv  EXACT
  L73 /model.22/m.0/cv1/conv/Conv                  EXACT
  L74 /model.22/m.0/cv2/conv/Conv                  EXACT
  L75 /model.23/cv3.1/cv3.1.1/cv3.1.1.1/conv/Conv  EXACT
  L76 /model.22/m.0/m/m.0/cv1/conv/Conv            EXACT
  L77 /model.23/cv3.1/cv3.1.2/Conv                 EXACT
  L78 /model.22/m.0/m/m.0/cv2/conv/Conv            EXACT
  L79 /model.22/m.0/m/m.1/cv1/conv/Conv            EXACT
  L80 /model.22/m.0/m/m.1/cv2/conv/Conv            EXACT
  L81 /model.22/m.0/cv3/conv/Conv                  EXACT
  L82 /model.22/cv2/conv/Conv                      EXACT
  L83 /model.23/cv2.2/cv2.2.0/conv/Conv            EXACT
  L84 /model.23/cv3.2/cv3.2.0/cv3.2.0.0/conv/Conv  EXACT
  L85 /model.23/cv2.2/cv2.2.1/conv/Conv            EXACT
  L86 /model.23/cv3.2/cv3.2.0/cv3.2.0.1/conv/Conv  EXACT
  L87 /model.23/cv2.2/cv2.2.2/Conv                 EXACT
  L88 /model.23/cv3.2/cv3.2.1/cv3.2.1.0/conv/Conv  EXACT
  L89 /model.23/cv3.2/cv3.2.1/cv3.2.1.1/conv/Conv  EXACT
  L90 /model.23/cv3.2/cv3.2.2/Conv                 EXACT
[verify] 91/91 layers exact | first dispatch 10.428 ms | dispatch mean 8.839 ms, min 8.830, max 8.848 over 2
[verify] 1 host segment(s) ['/model.10/m/m.0/attn/qkv/conv/Conv=/model.10/m/m.0/attn/Reshape_1']: host mean 0.785 ms, min 0.732, max 0.838 (NPU dispatch above excludes it)
[verify] PASS
== 2026-09-17T15:39:13Z [verify yolo11n_core.ignite] exit 0 after 1.2 s
[xrt-smi after witnesses] [003d:00:01.1] : NPU Phoenix | AIE Partitions | No hardware contexts running on device

## Timed: YOLOv8n
[cpu] CPU 10.6 % over 2 s; busiest System Idle Process 0, System 0,  0, Registry 0
[xrt-smi before yolov8n #1] [003d:00:01.1] : NPU Phoenix | AIE Partitions | No hardware contexts running on device

== 2026-09-17T15:39:16Z [amd yolov8n #1] $ <conda envs>\resnet_env17\python.exe <ignite-xdna main>\tools\amd_vitisai_yolo.py --model <ignite-xdna main>\models\yolov8n_cut_xint8.onnx --image <Ignition main>\examples\assets\bus.jpg --ignition-src <Ignition main>\src --cache-dir <scratch>\vitisai_cache --cache-key yolov8n_energy --xclbin <ignite-xdna main>\yolocutcachekey\4x4.xclbin --warmup 50 --iterations 500 --json <scratch>\rel033_sitting\amd_yolov8n_1.json
[amd] ort 1.23.3.dev20260320 | model yolov8n_cut_xint8.onnx | session load 0.44 s | EP report node devices report not found
[amd] G2G mean 10.658 ms | P50 10.642 | P95 11.381 | P99 11.854 | max 12.806 | over 500 timed frames after 50 warm-up
[amd] stage means (ms): letterbox 1.842 | session.run 6.701 | decode+NMS 2.115
[amd] detections on the last frame: 5 {'person': 4, 'bus': 1} | RSS 304.4 MB
== 2026-09-17T15:39:23Z [amd yolov8n #1] exit 0 after 6.6 s

== 2026-09-17T15:39:23Z [ignition yolov8n sigmoid balanced #1] $ <conda envs>\mlir-aie-iron\python.exe live_ignition.py --model <ignite-xdna main>\build\yolov8n_full.ignite --source <Ignition main>\examples\assets\bus.jpg --headless --warmup 50 --frames 500 --json <scratch>\rel033_sitting\ign_yolov8n_balanced_1.json
[Ignition] loading <ignite-xdna main>\build\yolov8n_full.ignite (bare-metal .ignite container)
2026-09-17 11:39:24.6565850 [W:onnxruntime:, graph.cc:5607 onnxruntime::Graph::CleanUnusedInitializersAndNodeArgs] Removing initializer '/model.15/m.0/cv1/act/Sigmoid_output_0_zero_point'. It is not used by any node and should be removed from the model.
2026-09-17 11:39:24.6569530 [W:onnxruntime:, graph.cc:5607 onnxruntime::Graph::CleanUnusedInitializersAndNodeArgs] Removing initializer '/model.15/cv2/act/Sigmoid_output_0_Scale'. It is not used by any node and should be removed from the model.
2026-09-17 11:39:24.6572209 [W:onnxruntime:, graph.cc:5607 onnxruntime::Graph::CleanUnusedInitializersAndNodeArgs] Removing initializer '/model.15/m.0/cv1/act/Sigmoid_output_0_scale'. It is not used by any node and should be removed from the model.
2026-09-17 11:39:24.6575752 [W:onnxruntime:, graph.cc:5607 onnxruntime::Graph::CleanUnusedInitializersAndNodeArgs] Removing initializer '/model.22/cv3.2/cv3.2.1/act/Sigmoid_output_0_scale'. It is not used by any node and should be removed from the model.
2026-09-17 11:39:24.6578223 [W:onnxruntime:, graph.cc:5607 onnxruntime::Graph::CleanUnusedInitializersAndNodeArgs] Removing initializer '/model.2/cv1/act/Sigmoid_output_0_scale'. It is not used by any node and should be removed from the model.
2026-09-17 11:39:24.6580596 [W:onnxruntime:, graph.cc:5607 onnxruntime::Graph::CleanUnusedInitializersAndNodeArgs] Removing initializer '/model.2/cv1/act/Sigmoid_output_0_zero_point'. It is not used by any node and should be removed from the model.
2026-09-17 11:39:24.6583831 [W:onnxruntime:, graph.cc:5607 onnxruntime::Graph::CleanUnusedInitializersAndNodeArgs] Removing initializer '/model.9/cv1/act/Sigmoid_output_0_scale'. It is not used by any node and should be removed from the model.
2026-09-17 11:39:24.6586923 [W:onnxruntime:, graph.cc:5607 onnxruntime::Graph::CleanUnusedInitializersAndNodeArgs] Removing initializer '/model.0/act/Sigmoid_output_0_zero_point'. It is not used by any node and should be removed from the model.
2026-09-17 11:39:24.6590053 [W:onnxruntime:, graph.cc:5607 onnxruntime::Graph::CleanUnusedInitializersAndNodeArgs] Removing initializer '/model.8/m.0/cv2/act/Sigmoid_output_0_Scale'. It is not used by any node and should be removed from the model.
2026-09-17 11:39:24.6593107 [W:onnxruntime:, graph.cc:5607 onnxruntime::Graph::CleanUnusedInitializersAndNodeArgs] Removing initializer '/model.6/m.1/cv1/act/Sigmoid_output_0_scale'. It is not used by any node and should be removed from the model.
2026-09-17 11:39:24.6596317 [W:onnxruntime:, graph.cc:5607 onnxruntime::Graph::CleanUnusedInitializersAndNodeArgs] Removing initializer '/model.0/act/Sigmoid_output_0_scale'. It is not used by any node and should be removed from the model.
2026-09-17 11:39:24.6599506 [W:onnxruntime:, graph.cc:5607 onnxruntime::Graph::CleanUnusedInitializersAndNodeArgs] Removing initializer '/model.4/cv2/act/Sigmoid_output_0_Scale'. It is not used by any node and should be removed from the model.
2026-09-17 11:39:24.6602584 [W:onnxruntime:, graph.cc:5607 onnxruntime::Graph::CleanUnusedInitializersAndNodeArgs] Removing initializer '/model.22/cv2.0/cv2.0.0/act/Sigmoid_output_0_scale'. It is not used by any node and should be removed from the model.
2026-09-17 11:39:24.6605882 [W:onnxruntime:, graph.cc:5607 onnxruntime::Graph::CleanUnusedInitializersAndNodeArgs] Removing initializer '/model.21/cv1/act/Sigmoid_output_0_scale'. It is not used by any node and should be removed from the model.
2026-09-17 11:39:24.6608910 [W:onnxruntime:, graph.cc:5607 onnxruntime::Graph::CleanUnusedInitializersAndNodeArgs] Removing initializer '/model.21/cv1/act/Sigmoid_output_0_zero_point'. It is not used by any node and should be removed from the model.
2026-09-17 11:39:24.6612018 [W:onnxruntime:, graph.cc:5607 onnxruntime::Graph::CleanUnusedInitializersAndNodeArgs] Removing initializer '/model.22/cv3.2/cv3.2.0/act/Sigmoid_output_0_scale'. It is not used by any node and should be removed from the model.
2026-09-17 11:39:24.6614992 [W:onnxruntime:, graph.cc:5607 onnxruntime::Graph::CleanUnusedInitializersAndNodeArgs] Removing initializer '/model.1/act/Sigmoid_output_0_zero_point'. It is not used by any node and should be removed from the model.
2026-09-17 11:39:24.6618150 [W:onnxruntime:, graph.cc:5607 onnxruntime::Graph::CleanUnusedInitializersAndNodeArgs] Removing initializer '/model.1/act/Sigmoid_output_0_scale'. It is not used by any node and should be removed from the model.
2026-09-17 11:39:24.6621248 [W:onnxruntime:, graph.cc:5607 onnxruntime::Graph::CleanUnusedInitializersAndNodeArgs] Removing initializer '/model.8/m.0/cv2/act/Sigmoid_output_0_zero_point'. It is not used by any node and should be removed from the model.
2026-09-17 11:39:24.6624383 [W:onnxruntime:, graph.cc:5607 onnxruntime::Graph::CleanUnusedInitializersAndNodeArgs] Removing initializer '/model.4/m.0/cv2/act/Sigmoid_output_0_zero_point'. It is not used by any node and should be removed from the model.
2026-09-17 11:39:24.6627528 [W:onnxruntime:, graph.cc:5607 onnxruntime::Graph::CleanUnusedInitializersAndNodeArgs] Removing initializer '/model.2/m.0/cv1/act/Sigmoid_output_0_zero_point'. It is not used by any node and should be removed from the model.
2026-09-17 11:39:24.6630800 [W:onnxruntime:, graph.cc:5607 onnxruntime::Graph::CleanUnusedInitializersAndNodeArgs] Removing initializer '/model.2/m.0/cv1/act/Sigmoid_output_0_scale'. It is not used by any node and should be removed from the model.
2026-09-17 11:39:24.6633737 [W:onnxruntime:, graph.cc:5607 onnxruntime::Graph::CleanUnusedInitializersAndNodeArgs] Removing initializer '/model.6/cv2/act/Sigmoid_output_0_zero_point'. It is not used by any node and should be removed from the model.
2026-09-17 11:39:24.6636789 [W:onnxruntime:, graph.cc:5607 onnxruntime::Graph::CleanUnusedInitializersAndNodeArgs] Removing initializer '/model.2/m.0/cv2/act/Sigmoid_output_0_zero_point'. It is not used by any node and should be removed from the model.
2026-09-17 11:39:24.6639878 [W:onnxruntime:, graph.cc:5607 onnxruntime::Graph::CleanUnusedInitializersAndNodeArgs] Removing initializer '/model.2/m.0/cv2/act/Sigmoid_output_0_scale'. It is not used by any node and should be removed from the model.
2026-09-17 11:39:24.6642727 [W:onnxruntime:, graph.cc:5607 onnxruntime::Graph::CleanUnusedInitializersAndNodeArgs] Removing initializer '/model.22/cv3.0/cv3.0.0/act/Sigmoid_output_0_zero_point'. It is not used by any node and should be removed from the model.
2026-09-17 11:39:24.6645944 [W:onnxruntime:, graph.cc:5607 onnxruntime::Graph::CleanUnusedInitializersAndNodeArgs] Removing initializer '/model.6/m.0/cv2/act/Sigmoid_output_0_Scale'. It is not used by any node and should be removed from the model.
2026-09-17 11:39:24.6649146 [W:onnxruntime:, graph.cc:5607 onnxruntime::Graph::CleanUnusedInitializersAndNodeArgs] Removing initializer '/model.3/act/Sigmoid_output_0_zero_point'. It is not used by any node and should be removed from the model.
2026-09-17 11:39:24.6652248 [W:onnxruntime:, graph.cc:5607 onnxruntime::Graph::CleanUnusedInitializersAndNodeArgs] Removing initializer '/model.12/cv1/act/Sigmoid_output_0_scale'. It is not used by any node and should be removed from the model.
2026-09-17 11:39:24.6655384 [W:onnxruntime:, graph.cc:5607 onnxruntime::Graph::CleanUnusedInitializersAndNodeArgs] Removing initializer '/model.2/cv2/act/Sigmoid_output_0_zero_point'. It is not used by any node and should be removed from the model.
2026-09-17 11:39:24.6658503 [W:onnxruntime:, graph.cc:5607 onnxruntime::Graph::CleanUnusedInitializersAndNodeArgs] Removing initializer '/model.2/cv2/act/Sigmoid_output_0_scale'. It is not used by any node and should be removed from the model.
2026-09-17 11:39:24.6661597 [W:onnxruntime:, graph.cc:5607 onnxruntime::Graph::CleanUnusedInitializersAndNodeArgs] Removing initializer '/model.6/cv1/act/Sigmoid_output_0_zero_point'. It is not used by any node and should be removed from the model.
2026-09-17 11:39:24.6664703 [W:onnxruntime:, graph.cc:5607 onnxruntime::Graph::CleanUnusedInitializersAndNodeArgs] Removing initializer '/model.6/cv2/act/Sigmoid_output_0_Scale'. It is not used by any node and should be removed from the model.
2026-09-17 11:39:24.6667670 [W:onnxruntime:, graph.cc:5607 onnxruntime::Graph::CleanUnusedInitializersAndNodeArgs] Removing initializer '/model.22/cv3.0/cv3.0.0/act/Sigmoid_output_0_scale'. It is not used by any node and should be removed from the model.
2026-09-17 11:39:24.6670772 [W:onnxruntime:, graph.cc:5607 onnxruntime::Graph::CleanUnusedInitializersAndNodeArgs] Removing initializer '/model.22/cv3.1/cv3.1.0/act/Sigmoid_output_0_Scale'. It is not used by any node and should be removed from the model.
2026-09-17 11:39:24.6673976 [W:onnxruntime:, graph.cc:5607 onnxruntime::Graph::CleanUnusedInitializersAndNodeArgs] Removing initializer '/model.3/act/Sigmoid_output_0_scale'. It is not used by any node and should be removed from the model.
2026-09-17 11:39:24.6677070 [W:onnxruntime:, graph.cc:5607 onnxruntime::Graph::CleanUnusedInitializersAndNodeArgs] Removing initializer '/model.12/cv2/act/Sigmoid_output_0_Scale'. It is not used by any node and should be removed from the model.
2026-09-17 11:39:24.6680144 [W:onnxruntime:, graph.cc:5607 onnxruntime::Graph::CleanUnusedInitializersAndNodeArgs] Removing initializer '/model.0/act/Sigmoid_output_0_Scale'. It is not used by any node and should be removed from the model.
2026-09-17 11:39:24.6683276 [W:onnxruntime:, graph.cc:5607 onnxruntime::Graph::CleanUnusedInitializersAndNodeArgs] Removing initializer '/model.4/cv1/act/Sigmoid_output_0_zero_point'. It is not used by any node and should be removed from the model.
2026-09-17 11:39:24.6686450 [W:onnxruntime:, graph.cc:5607 onnxruntime::Graph::CleanUnusedInitializersAndNodeArgs] Removing initializer '/model.4/cv1/act/Sigmoid_output_0_scale'. It is not used by any node and should be removed from the model.
2026-09-17 11:39:24.6689499 [W:onnxruntime:, graph.cc:5607 onnxruntime::Graph::CleanUnusedInitializersAndNodeArgs] Removing initializer '/model.22/cv3.2/cv3.2.1/act/Sigmoid_output_0_Scale'. It is not used by any node and should be removed from the model.
2026-09-17 11:39:24.6692799 [W:onnxruntime:, graph.cc:5607 onnxruntime::Graph::CleanUnusedInitializersAndNodeArgs] Removing initializer '/model.6/m.1/cv1/act/Sigmoid_output_0_Scale'. It is not used by any node and should be removed from the model.
2026-09-17 11:39:24.6695893 [W:onnxruntime:, graph.cc:5607 onnxruntime::Graph::CleanUnusedInitializersAndNodeArgs] Removing initializer '/model.4/m.1/cv2/act/Sigmoid_output_0_zero_point'. It is not used by any node and should be removed from the model.
2026-09-17 11:39:24.6699169 [W:onnxruntime:, graph.cc:5607 onnxruntime::Graph::CleanUnusedInitializersAndNodeArgs] Removing initializer '/model.8/m.0/cv2/act/Sigmoid_output_0_scale'. It is not used by any node and should be removed from the model.
2026-09-17 11:39:24.6702180 [W:onnxruntime:, graph.cc:5607 onnxruntime::Graph::CleanUnusedInitializersAndNodeArgs] Removing initializer '/model.4/m.0/cv1/act/Sigmoid_output_0_zero_point'. It is not used by any node and should be removed from the model.
2026-09-17 11:39:24.6705361 [W:onnxruntime:, graph.cc:5607 onnxruntime::Graph::CleanUnusedInitializersAndNodeArgs] Removing initializer '/model.4/m.0/cv1/act/Sigmoid_output_0_scale'. It is not used by any node and should be removed from the model.
2026-09-17 11:39:24.6708447 [W:onnxruntime:, graph.cc:5607 onnxruntime::Graph::CleanUnusedInitializersAndNodeArgs] Removing initializer '/model.8/cv2/act/Sigmoid_output_0_scale'. It is not used by any node and should be removed from the model.
2026-09-17 11:39:24.6711540 [W:onnxruntime:, graph.cc:5607 onnxruntime::Graph::CleanUnusedInitializersAndNodeArgs] Removing initializer '/model.4/m.0/cv2/act/Sigmoid_output_0_scale'. It is not used by any node and should be removed from the model.
2026-09-17 11:39:24.6714648 [W:onnxruntime:, graph.cc:5607 onnxruntime::Graph::CleanUnusedInitializersAndNodeArgs] Removing initializer '/model.18/cv1/act/Sigmoid_output_0_zero_point'. It is not used by any node and should be removed from the model.
2026-09-17 11:39:24.6717998 [W:onnxruntime:, graph.cc:5607 onnxruntime::Graph::CleanUnusedInitializersAndNodeArgs] Removing initializer '/model.9/cv2/act/Sigmoid_output_0_zero_point'. It is not used by any node and should be removed from the model.
2026-09-17 11:39:24.6721117 [W:onnxruntime:, graph.cc:5607 onnxruntime::Graph::CleanUnusedInitializersAndNodeArgs] Removing initializer '/model.22/cv3.1/cv3.1.1/act/Sigmoid_output_0_Scale'. It is not used by any node and should be removed from the model.
2026-09-17 11:39:24.6724272 [W:onnxruntime:, graph.cc:5607 onnxruntime::Graph::CleanUnusedInitializersAndNodeArgs] Removing initializer '/model.4/m.1/cv1/act/Sigmoid_output_0_zero_point'. It is not used by any node and should be removed from the model.
2026-09-17 11:39:24.6727528 [W:onnxruntime:, graph.cc:5607 onnxruntime::Graph::CleanUnusedInitializersAndNodeArgs] Removing initializer '/model.4/m.1/cv1/act/Sigmoid_output_0_scale'. It is not used by any node and should be removed from the model.
2026-09-17 11:39:24.6730667 [W:onnxruntime:, graph.cc:5607 onnxruntime::Graph::CleanUnusedInitializersAndNodeArgs] Removing initializer '/model.4/m.1/cv2/act/Sigmoid_output_0_scale'. It is not used by any node and should be removed from the model.
2026-09-17 11:39:24.6733494 [W:onnxruntime:, graph.cc:5607 onnxruntime::Graph::CleanUnusedInitializersAndNodeArgs] Removing initializer '/model.6/m.0/cv2/act/Sigmoid_output_0_scale'. It is not used by any node and should be removed from the model.
2026-09-17 11:39:24.6736599 [W:onnxruntime:, graph.cc:5607 onnxruntime::Graph::CleanUnusedInitializersAndNodeArgs] Removing initializer '/model.22/cv2.2/cv2.2.0/act/Sigmoid_output_0_zero_point'. It is not used by any node and should be removed from the model.
2026-09-17 11:39:24.6739836 [W:onnxruntime:, graph.cc:5607 onnxruntime::Graph::CleanUnusedInitializersAndNodeArgs] Removing initializer '/model.19/act/Sigmoid_output_0_Scale'. It is not used by any node and should be removed from the model.
2026-09-17 11:39:24.6742705 [W:onnxruntime:, graph.cc:5607 onnxruntime::Graph::CleanUnusedInitializersAndNodeArgs] Removing initializer '/model.12/cv2/act/Sigmoid_output_0_zero_point'. It is not used by any node and should be removed from the model.
2026-09-17 11:39:24.6745160 [W:onnxruntime:, graph.cc:5607 onnxruntime::Graph::CleanUnusedInitializersAndNodeArgs] Removing initializer '/model.22/cv3.0/cv3.0.1/act/Sigmoid_output_0_scale'. It is not used by any node and should be removed from the model.
2026-09-17 11:39:24.6747473 [W:onnxruntime:, graph.cc:5607 onnxruntime::Graph::CleanUnusedInitializersAndNodeArgs] Removing initializer '/model.4/cv2/act/Sigmoid_output_0_zero_point'. It is not used by any node and should be removed from the model.
2026-09-17 11:39:24.6749998 [W:onnxruntime:, graph.cc:5607 onnxruntime::Graph::CleanUnusedInitializersAndNodeArgs] Removing initializer '/model.4/cv2/act/Sigmoid_output_0_scale'. It is not used by any node and should be removed from the model.
2026-09-17 11:39:24.6752226 [W:onnxruntime:, graph.cc:5607 onnxruntime::Graph::CleanUnusedInitializersAndNodeArgs] Removing initializer '/model.22/cv2.2/cv2.2.0/act/Sigmoid_output_0_Scale'. It is not used by any node and should be removed from the model.
2026-09-17 11:39:24.6754365 [W:onnxruntime:, graph.cc:5607 onnxruntime::Graph::CleanUnusedInitializersAndNodeArgs] Removing initializer '/model.12/m.0/cv1/act/Sigmoid_output_0_scale'. It is not used by any node and should be removed from the model.
2026-09-17 11:39:24.6756521 [W:onnxruntime:, graph.cc:5607 onnxruntime::Graph::CleanUnusedInitializersAndNodeArgs] Removing initializer '/model.12/m.0/cv1/act/Sigmoid_output_0_zero_point'. It is not used by any node and should be removed from the model.
2026-09-17 11:39:24.6758859 [W:onnxruntime:, graph.cc:5607 onnxruntime::Graph::CleanUnusedInitializersAndNodeArgs] Removing initializer '/model.12/m.0/cv1/act/Sigmoid_output_0_Scale'. It is not used by any node and should be removed from the model.
2026-09-17 11:39:24.6761114 [W:onnxruntime:, graph.cc:5607 onnxruntime::Graph::CleanUnusedInitializersAndNodeArgs] Removing initializer '/model.5/act/Sigmoid_output_0_zero_point'. It is not used by any node and should be removed from the model.
2026-09-17 11:39:24.6763259 [W:onnxruntime:, graph.cc:5607 onnxruntime::Graph::CleanUnusedInitializersAndNodeArgs] Removing initializer '/model.5/act/Sigmoid_output_0_scale'. It is not used by any node and should be removed from the model.
2026-09-17 11:39:24.6765219 [W:onnxruntime:, graph.cc:5607 onnxruntime::Graph::CleanUnusedInitializersAndNodeArgs] Removing initializer '/model.15/cv2/act/Sigmoid_output_0_scale'. It is not used by any node and should be removed from the model.
2026-09-17 11:39:24.6767334 [W:onnxruntime:, graph.cc:5607 onnxruntime::Graph::CleanUnusedInitializersAndNodeArgs] Removing initializer '/model.6/cv1/act/Sigmoid_output_0_scale'. It is not used by any node and should be removed from the model.
2026-09-17 11:39:24.6769634 [W:onnxruntime:, graph.cc:5607 onnxruntime::Graph::CleanUnusedInitializersAndNodeArgs] Removing initializer '/model.9/cv2/act/Sigmoid_output_0_Scale'. It is not used by any node and should be removed from the model.
2026-09-17 11:39:24.6771735 [W:onnxruntime:, graph.cc:5607 onnxruntime::Graph::CleanUnusedInitializersAndNodeArgs] Removing initializer '/model.22/cv3.0/cv3.0.0/act/Sigmoid_output_0_Scale'. It is not used by any node and should be removed from the model.
2026-09-17 11:39:24.6774189 [W:onnxruntime:, graph.cc:5607 onnxruntime::Graph::CleanUnusedInitializersAndNodeArgs] Removing initializer '/model.6/cv2/act/Sigmoid_output_0_scale'. It is not used by any node and should be removed from the model.
2026-09-17 11:39:24.6776182 [W:onnxruntime:, graph.cc:5607 onnxruntime::Graph::CleanUnusedInitializersAndNodeArgs] Removing initializer '/model.22/cv3.1/cv3.1.0/act/Sigmoid_output_0_scale'. It is not used by any node and should be removed from the model.
2026-09-17 11:39:24.6778555 [W:onnxruntime:, graph.cc:5607 onnxruntime::Graph::CleanUnusedInitializersAndNodeArgs] Removing initializer '/model.6/m.0/cv1/act/Sigmoid_output_0_zero_point'. It is not used by any node and should be removed from the model.
2026-09-17 11:39:24.6781558 [W:onnxruntime:, graph.cc:5607 onnxruntime::Graph::CleanUnusedInitializersAndNodeArgs] Removing initializer '/model.6/m.0/cv1/act/Sigmoid_output_0_scale'. It is not used by any node and should be removed from the model.
2026-09-17 11:39:24.6784784 [W:onnxruntime:, graph.cc:5607 onnxruntime::Graph::CleanUnusedInitializersAndNodeArgs] Removing initializer '/model.6/m.1/cv2/act/Sigmoid_output_0_scale'. It is not used by any node and should be removed from the model.
2026-09-17 11:39:24.6788278 [W:onnxruntime:, graph.cc:5607 onnxruntime::Graph::CleanUnusedInitializersAndNodeArgs] Removing initializer '/model.21/m.0/cv2/act/Sigmoid_output_0_Scale'. It is not used by any node and should be removed from the model.
2026-09-17 11:39:24.6791522 [W:onnxruntime:, graph.cc:5607 onnxruntime::Graph::CleanUnusedInitializersAndNodeArgs] Removing initializer '/model.6/m.0/cv2/act/Sigmoid_output_0_zero_point'. It is not used by any node and should be removed from the model.
2026-09-17 11:39:24.6794917 [W:onnxruntime:, graph.cc:5607 onnxruntime::Graph::CleanUnusedInitializersAndNodeArgs] Removing initializer '/model.21/m.0/cv2/act/Sigmoid_output_0_scale'. It is not used by any node and should be removed from the model.
2026-09-17 11:39:24.6797228 [W:onnxruntime:, graph.cc:5607 onnxruntime::Graph::CleanUnusedInitializersAndNodeArgs] Removing initializer '/model.6/m.1/cv1/act/Sigmoid_output_0_zero_point'. It is not used by any node and should be removed from the model.
2026-09-17 11:39:24.6799303 [W:onnxruntime:, graph.cc:5607 onnxruntime::Graph::CleanUnusedInitializersAndNodeArgs] Removing initializer '/model.6/m.1/cv2/act/Sigmoid_output_0_zero_point'. It is not used by any node and should be removed from the model.
2026-09-17 11:39:24.6801715 [W:onnxruntime:, graph.cc:5607 onnxruntime::Graph::CleanUnusedInitializersAndNodeArgs] Removing initializer '/model.7/act/Sigmoid_output_0_zero_point'. It is not used by any node and should be removed from the model.
2026-09-17 11:39:24.6804120 [W:onnxruntime:, graph.cc:5607 onnxruntime::Graph::CleanUnusedInitializersAndNodeArgs] Removing initializer '/model.22/cv2.0/cv2.0.1/act/Sigmoid_output_0_Scale'. It is not used by any node and should be removed from the model.
2026-09-17 11:39:24.6806484 [W:onnxruntime:, graph.cc:5607 onnxruntime::Graph::CleanUnusedInitializersAndNodeArgs] Removing initializer '/model.7/act/Sigmoid_output_0_scale'. It is not used by any node and should be removed from the model.
2026-09-17 11:39:24.6808704 [W:onnxruntime:, graph.cc:5607 onnxruntime::Graph::CleanUnusedInitializersAndNodeArgs] Removing initializer '/model.8/cv1/act/Sigmoid_output_0_zero_point'. It is not used by any node and should be removed from the model.
2026-09-17 11:39:24.6810969 [W:onnxruntime:, graph.cc:5607 onnxruntime::Graph::CleanUnusedInitializersAndNodeArgs] Removing initializer '/model.8/cv1/act/Sigmoid_output_0_scale'. It is not used by any node and should be removed from the model.
2026-09-17 11:39:24.6813130 [W:onnxruntime:, graph.cc:5607 onnxruntime::Graph::CleanUnusedInitializersAndNodeArgs] Removing initializer '/model.22/cv3.0/cv3.0.1/act/Sigmoid_output_0_Scale'. It is not used by any node and should be removed from the model.
2026-09-17 11:39:24.6815371 [W:onnxruntime:, graph.cc:5607 onnxruntime::Graph::CleanUnusedInitializersAndNodeArgs] Removing initializer '/model.8/m.0/cv1/act/Sigmoid_output_0_zero_point'. It is not used by any node and should be removed from the model.
2026-09-17 11:39:24.6817695 [W:onnxruntime:, graph.cc:5607 onnxruntime::Graph::CleanUnusedInitializersAndNodeArgs] Removing initializer '/model.8/m.0/cv1/act/Sigmoid_output_0_scale'. It is not used by any node and should be removed from the model.
2026-09-17 11:39:24.6819829 [W:onnxruntime:, graph.cc:5607 onnxruntime::Graph::CleanUnusedInitializersAndNodeArgs] Removing initializer '/model.15/m.0/cv2/act/Sigmoid_output_0_scale'. It is not used by any node and should be removed from the model.
2026-09-17 11:39:24.6822026 [W:onnxruntime:, graph.cc:5607 onnxruntime::Graph::CleanUnusedInitializersAndNodeArgs] Removing initializer '/model.5/act/Sigmoid_output_0_Scale'. It is not used by any node and should be removed from the model.
2026-09-17 11:39:24.6824039 [W:onnxruntime:, graph.cc:5607 onnxruntime::Graph::CleanUnusedInitializersAndNodeArgs] Removing initializer '/model.22/cv2.0/cv2.0.0/act/Sigmoid_output_0_Scale'. It is not used by any node and should be removed from the model.
2026-09-17 11:39:24.6826391 [W:onnxruntime:, graph.cc:5607 onnxruntime::Graph::CleanUnusedInitializersAndNodeArgs] Removing initializer '/model.21/cv2/act/Sigmoid_output_0_scale'. It is not used by any node and should be removed from the model.
2026-09-17 11:39:24.6828631 [W:onnxruntime:, graph.cc:5607 onnxruntime::Graph::CleanUnusedInitializersAndNodeArgs] Removing initializer '/model.4/m.1/cv2/act/Sigmoid_output_0_Scale'. It is not used by any node and should be removed from the model.
2026-09-17 11:39:24.6830767 [W:onnxruntime:, graph.cc:5607 onnxruntime::Graph::CleanUnusedInitializersAndNodeArgs] Removing initializer '/model.8/cv2/act/Sigmoid_output_0_zero_point'. It is not used by any node and should be removed from the model.
2026-09-17 11:39:24.6833035 [W:onnxruntime:, graph.cc:5607 onnxruntime::Graph::CleanUnusedInitializersAndNodeArgs] Removing initializer '/model.18/m.0/cv2/act/Sigmoid_output_0_Scale'. It is not used by any node and should be removed from the model.
2026-09-17 11:39:24.6835287 [W:onnxruntime:, graph.cc:5607 onnxruntime::Graph::CleanUnusedInitializersAndNodeArgs] Removing initializer '/model.9/cv1/act/Sigmoid_output_0_zero_point'. It is not used by any node and should be removed from the model.
2026-09-17 11:39:24.6837419 [W:onnxruntime:, graph.cc:5607 onnxruntime::Graph::CleanUnusedInitializersAndNodeArgs] Removing initializer '/model.12/m.0/cv2/act/Sigmoid_output_0_zero_point'. It is not used by any node and should be removed from the model.
2026-09-17 11:39:24.6839715 [W:onnxruntime:, graph.cc:5607 onnxruntime::Graph::CleanUnusedInitializersAndNodeArgs] Removing initializer '/model.9/cv2/act/Sigmoid_output_0_scale'. It is not used by any node and should be removed from the model.
2026-09-17 11:39:24.6841775 [W:onnxruntime:, graph.cc:5607 onnxruntime::Graph::CleanUnusedInitializersAndNodeArgs] Removing initializer '/model.15/m.0/cv2/act/Sigmoid_output_0_zero_point'. It is not used by any node and should be removed from the model.
2026-09-17 11:39:24.6843982 [W:onnxruntime:, graph.cc:5607 onnxruntime::Graph::CleanUnusedInitializersAndNodeArgs] Removing initializer '/model.12/cv1/act/Sigmoid_output_0_zero_point'. It is not used by any node and should be removed from the model.
2026-09-17 11:39:24.6846300 [W:onnxruntime:, graph.cc:5607 onnxruntime::Graph::CleanUnusedInitializersAndNodeArgs] Removing initializer '/model.9/cv1/act/Sigmoid_output_0_Scale'. It is not used by any node and should be removed from the model.
2026-09-17 11:39:24.6849959 [W:onnxruntime:, graph.cc:5607 onnxruntime::Graph::CleanUnusedInitializersAndNodeArgs] Removing initializer '/model.18/m.0/cv1/act/Sigmoid_output_0_scale'. It is not used by any node and should be removed from the model.
2026-09-17 11:39:24.6853633 [W:onnxruntime:, graph.cc:5607 onnxruntime::Graph::CleanUnusedInitializersAndNodeArgs] Removing initializer '/model.12/m.0/cv2/act/Sigmoid_output_0_scale'. It is not used by any node and should be removed from the model.
2026-09-17 11:39:24.6856399 [W:onnxruntime:, graph.cc:5607 onnxruntime::Graph::CleanUnusedInitializersAndNodeArgs] Removing initializer '/model.22/cv2.1/cv2.1.0/act/Sigmoid_output_0_scale'. It is not used by any node and should be removed from the model.
2026-09-17 11:39:24.6858472 [W:onnxruntime:, graph.cc:5607 onnxruntime::Graph::CleanUnusedInitializersAndNodeArgs] Removing initializer '/model.12/cv2/act/Sigmoid_output_0_scale'. It is not used by any node and should be removed from the model.
2026-09-17 11:39:24.6860767 [W:onnxruntime:, graph.cc:5607 onnxruntime::Graph::CleanUnusedInitializersAndNodeArgs] Removing initializer '/model.15/cv1/act/Sigmoid_output_0_zero_point'. It is not used by any node and should be removed from the model.
2026-09-17 11:39:24.6863062 [W:onnxruntime:, graph.cc:5607 onnxruntime::Graph::CleanUnusedInitializersAndNodeArgs] Removing initializer '/model.15/cv1/act/Sigmoid_output_0_scale'. It is not used by any node and should be removed from the model.
2026-09-17 11:39:24.6865245 [W:onnxruntime:, graph.cc:5607 onnxruntime::Graph::CleanUnusedInitializersAndNodeArgs] Removing initializer '/model.19/act/Sigmoid_output_0_scale'. It is not used by any node and should be removed from the model.
2026-09-17 11:39:24.6867537 [W:onnxruntime:, graph.cc:5607 onnxruntime::Graph::CleanUnusedInitializersAndNodeArgs] Removing initializer '/model.4/cv1/act/Sigmoid_output_0_Scale'. It is not used by any node and should be removed from the model.
2026-09-17 11:39:24.6869931 [W:onnxruntime:, graph.cc:5607 onnxruntime::Graph::CleanUnusedInitializersAndNodeArgs] Removing initializer '/model.15/cv2/act/Sigmoid_output_0_zero_point'. It is not used by any node and should be removed from the model.
2026-09-17 11:39:24.6872235 [W:onnxruntime:, graph.cc:5607 onnxruntime::Graph::CleanUnusedInitializersAndNodeArgs] Removing initializer '/model.22/cv2.0/cv2.0.1/act/Sigmoid_output_0_scale'. It is not used by any node and should be removed from the model.
2026-09-17 11:39:24.6874529 [W:onnxruntime:, graph.cc:5607 onnxruntime::Graph::CleanUnusedInitializersAndNodeArgs] Removing initializer '/model.22/cv2.0/cv2.0.1/act/Sigmoid_output_0_zero_point'. It is not used by any node and should be removed from the model.
2026-09-17 11:39:24.6877079 [W:onnxruntime:, graph.cc:5607 onnxruntime::Graph::CleanUnusedInitializersAndNodeArgs] Removing initializer '/model.16/act/Sigmoid_output_0_zero_point'. It is not used by any node and should be removed from the model.
2026-09-17 11:39:24.6879248 [W:onnxruntime:, graph.cc:5607 onnxruntime::Graph::CleanUnusedInitializersAndNodeArgs] Removing initializer '/model.16/act/Sigmoid_output_0_scale'. It is not used by any node and should be removed from the model.
2026-09-17 11:39:24.6881476 [W:onnxruntime:, graph.cc:5607 onnxruntime::Graph::CleanUnusedInitializersAndNodeArgs] Removing initializer '/model.22/cv2.0/cv2.0.0/act/Sigmoid_output_0_zero_point'. It is not used by any node and should be removed from the model.
2026-09-17 11:39:24.6883687 [W:onnxruntime:, graph.cc:5607 onnxruntime::Graph::CleanUnusedInitializersAndNodeArgs] Removing initializer '/model.18/m.0/cv2/act/Sigmoid_output_0_zero_point'. It is not used by any node and should be removed from the model.
2026-09-17 11:39:24.6886034 [W:onnxruntime:, graph.cc:5607 onnxruntime::Graph::CleanUnusedInitializersAndNodeArgs] Removing initializer '/model.22/cv3.0/cv3.0.1/act/Sigmoid_output_0_zero_point'. It is not used by any node and should be removed from the model.
2026-09-17 11:39:24.6888237 [W:onnxruntime:, graph.cc:5607 onnxruntime::Graph::CleanUnusedInitializersAndNodeArgs] Removing initializer '/model.18/cv1/act/Sigmoid_output_0_scale'. It is not used by any node and should be removed from the model.
2026-09-17 11:39:24.6890604 [W:onnxruntime:, graph.cc:5607 onnxruntime::Graph::CleanUnusedInitializersAndNodeArgs] Removing initializer '/model.18/m.0/cv1/act/Sigmoid_output_0_zero_point'. It is not used by any node and should be removed from the model.
2026-09-17 11:39:24.6892810 [W:onnxruntime:, graph.cc:5607 onnxruntime::Graph::CleanUnusedInitializersAndNodeArgs] Removing initializer '/model.18/m.0/cv2/act/Sigmoid_output_0_scale'. It is not used by any node and should be removed from the model.
2026-09-17 11:39:24.6895063 [W:onnxruntime:, graph.cc:5607 onnxruntime::Graph::CleanUnusedInitializersAndNodeArgs] Removing initializer '/model.16/act/Sigmoid_output_0_Scale'. It is not used by any node and should be removed from the model.
2026-09-17 11:39:24.6897293 [W:onnxruntime:, graph.cc:5607 onnxruntime::Graph::CleanUnusedInitializersAndNodeArgs] Removing initializer '/model.21/m.0/cv1/act/Sigmoid_output_0_Scale'. It is not used by any node and should be removed from the model.
2026-09-17 11:39:24.6899707 [W:onnxruntime:, graph.cc:5607 onnxruntime::Graph::CleanUnusedInitializersAndNodeArgs] Removing initializer '/model.18/cv2/act/Sigmoid_output_0_zero_point'. It is not used by any node and should be removed from the model.
2026-09-17 11:39:24.6902923 [W:onnxruntime:, graph.cc:5607 onnxruntime::Graph::CleanUnusedInitializersAndNodeArgs] Removing initializer '/model.18/cv2/act/Sigmoid_output_0_scale'. It is not used by any node and should be removed from the model.
2026-09-17 11:39:24.6906627 [W:onnxruntime:, graph.cc:5607 onnxruntime::Graph::CleanUnusedInitializersAndNodeArgs] Removing initializer '/model.2/m.0/cv1/act/Sigmoid_output_0_Scale'. It is not used by any node and should be removed from the model.
2026-09-17 11:39:24.6910330 [W:onnxruntime:, graph.cc:5607 onnxruntime::Graph::CleanUnusedInitializersAndNodeArgs] Removing initializer '/model.19/act/Sigmoid_output_0_zero_point'. It is not used by any node and should be removed from the model.
2026-09-17 11:39:24.6913502 [W:onnxruntime:, graph.cc:5607 onnxruntime::Graph::CleanUnusedInitializersAndNodeArgs] Removing initializer '/model.22/cv2.1/cv2.1.0/act/Sigmoid_output_0_zero_point'. It is not used by any node and should be removed from the model.
2026-09-17 11:39:24.6916352 [W:onnxruntime:, graph.cc:5607 onnxruntime::Graph::CleanUnusedInitializersAndNodeArgs] Removing initializer '/model.22/cv3.1/cv3.1.0/act/Sigmoid_output_0_zero_point'. It is not used by any node and should be removed from the model.
2026-09-17 11:39:24.6918535 [W:onnxruntime:, graph.cc:5607 onnxruntime::Graph::CleanUnusedInitializersAndNodeArgs] Removing initializer '/model.22/cv2.1/cv2.1.1/act/Sigmoid_output_0_zero_point'. It is not used by any node and should be removed from the model.
2026-09-17 11:39:24.6920941 [W:onnxruntime:, graph.cc:5607 onnxruntime::Graph::CleanUnusedInitializersAndNodeArgs] Removing initializer '/model.22/cv2.1/cv2.1.1/act/Sigmoid_output_0_scale'. It is not used by any node and should be removed from the model.
2026-09-17 11:39:24.6923181 [W:onnxruntime:, graph.cc:5607 onnxruntime::Graph::CleanUnusedInitializersAndNodeArgs] Removing initializer '/model.22/cv3.1/cv3.1.1/act/Sigmoid_output_0_zero_point'. It is not used by any node and should be removed from the model.
2026-09-17 11:39:24.6925389 [W:onnxruntime:, graph.cc:5607 onnxruntime::Graph::CleanUnusedInitializersAndNodeArgs] Removing initializer '/model.22/cv3.1/cv3.1.1/act/Sigmoid_output_0_scale'. It is not used by any node and should be removed from the model.
2026-09-17 11:39:24.6927992 [W:onnxruntime:, graph.cc:5607 onnxruntime::Graph::CleanUnusedInitializersAndNodeArgs] Removing initializer '/model.21/m.0/cv1/act/Sigmoid_output_0_zero_point'. It is not used by any node and should be removed from the model.
2026-09-17 11:39:24.6930170 [W:onnxruntime:, graph.cc:5607 onnxruntime::Graph::CleanUnusedInitializersAndNodeArgs] Removing initializer '/model.21/m.0/cv1/act/Sigmoid_output_0_scale'. It is not used by any node and should be removed from the model.
2026-09-17 11:39:24.6932362 [W:onnxruntime:, graph.cc:5607 onnxruntime::Graph::CleanUnusedInitializersAndNodeArgs] Removing initializer '/model.21/m.0/cv2/act/Sigmoid_output_0_zero_point'. It is not used by any node and should be removed from the model.
2026-09-17 11:39:24.6934607 [W:onnxruntime:, graph.cc:5607 onnxruntime::Graph::CleanUnusedInitializersAndNodeArgs] Removing initializer '/model.21/cv2/act/Sigmoid_output_0_zero_point'. It is not used by any node and should be removed from the model.
2026-09-17 11:39:24.6937025 [W:onnxruntime:, graph.cc:5607 onnxruntime::Graph::CleanUnusedInitializersAndNodeArgs] Removing initializer '/model.22/cv2.2/cv2.2.0/act/Sigmoid_output_0_scale'. It is not used by any node and should be removed from the model.
2026-09-17 11:39:24.6939148 [W:onnxruntime:, graph.cc:5607 onnxruntime::Graph::CleanUnusedInitializersAndNodeArgs] Removing initializer '/model.22/cv3.2/cv3.2.0/act/Sigmoid_output_0_zero_point'. It is not used by any node and should be removed from the model.
2026-09-17 11:39:24.6941455 [W:onnxruntime:, graph.cc:5607 onnxruntime::Graph::CleanUnusedInitializersAndNodeArgs] Removing initializer '/model.21/cv2/act/Sigmoid_output_0_Scale'. It is not used by any node and should be removed from the model.
2026-09-17 11:39:24.6943554 [W:onnxruntime:, graph.cc:5607 onnxruntime::Graph::CleanUnusedInitializersAndNodeArgs] Removing initializer '/model.22/cv2.2/cv2.2.1/act/Sigmoid_output_0_zero_point'. It is not used by any node and should be removed from the model.
2026-09-17 11:39:24.6946008 [W:onnxruntime:, graph.cc:5607 onnxruntime::Graph::CleanUnusedInitializersAndNodeArgs] Removing initializer '/model.22/cv2.2/cv2.2.1/act/Sigmoid_output_0_scale'. It is not used by any node and should be removed from the model.
2026-09-17 11:39:24.6948206 [W:onnxruntime:, graph.cc:5607 onnxruntime::Graph::CleanUnusedInitializersAndNodeArgs] Removing initializer '/model.22/cv3.2/cv3.2.1/act/Sigmoid_output_0_zero_point'. It is not used by any node and should be removed from the model.
2026-09-17 11:39:24.6950467 [W:onnxruntime:, graph.cc:5607 onnxruntime::Graph::CleanUnusedInitializersAndNodeArgs] Removing initializer '/model.8/cv2/act/Sigmoid_output_0_Scale'. It is not used by any node and should be removed from the model.
2026-09-17 11:39:24.6952682 [W:onnxruntime:, graph.cc:5607 onnxruntime::Graph::CleanUnusedInitializersAndNodeArgs] Removing initializer '/model.22/cv2.2/cv2.2.1/act/Sigmoid_output_0_Scale'. It is not used by any node and should be removed from the model.
2026-09-17 11:39:24.6955051 [W:onnxruntime:, graph.cc:5607 onnxruntime::Graph::CleanUnusedInitializersAndNodeArgs] Removing initializer '/model.2/cv2/act/Sigmoid_output_0_Scale'. It is not used by any node and should be removed from the model.
2026-09-17 11:39:24.6957284 [W:onnxruntime:, graph.cc:5607 onnxruntime::Graph::CleanUnusedInitializersAndNodeArgs] Removing initializer '/model.4/m.0/cv1/act/Sigmoid_output_0_Scale'. It is not used by any node and should be removed from the model.
2026-09-17 11:39:24.6959566 [W:onnxruntime:, graph.cc:5607 onnxruntime::Graph::CleanUnusedInitializersAndNodeArgs] Removing initializer '/model.8/m.0/cv1/act/Sigmoid_output_0_Scale'. It is not used by any node and should be removed from the model.
2026-09-17 11:39:24.6961735 [W:onnxruntime:, graph.cc:5607 onnxruntime::Graph::CleanUnusedInitializersAndNodeArgs] Removing initializer '/model.1/act/Sigmoid_output_0_Scale'. It is not used by any node and should be removed from the model.
2026-09-17 11:39:24.6963940 [W:onnxruntime:, graph.cc:5607 onnxruntime::Graph::CleanUnusedInitializersAndNodeArgs] Removing initializer '/model.2/cv1/act/Sigmoid_output_0_Scale'. It is not used by any node and should be removed from the model.
2026-09-17 11:39:24.6965995 [W:onnxruntime:, graph.cc:5607 onnxruntime::Graph::CleanUnusedInitializersAndNodeArgs] Removing initializer '/model.2/m.0/cv2/act/Sigmoid_output_0_Scale'. It is not used by any node and should be removed from the model.
2026-09-17 11:39:24.6968093 [W:onnxruntime:, graph.cc:5607 onnxruntime::Graph::CleanUnusedInitializersAndNodeArgs] Removing initializer '/model.3/act/Sigmoid_output_0_Scale'. It is not used by any node and should be removed from the model.
2026-09-17 11:39:24.6970146 [W:onnxruntime:, graph.cc:5607 onnxruntime::Graph::CleanUnusedInitializersAndNodeArgs] Removing initializer '/model.4/m.0/cv2/act/Sigmoid_output_0_Scale'. It is not used by any node and should be removed from the model.
2026-09-17 11:39:24.6972474 [W:onnxruntime:, graph.cc:5607 onnxruntime::Graph::CleanUnusedInitializersAndNodeArgs] Removing initializer '/model.4/m.1/cv1/act/Sigmoid_output_0_Scale'. It is not used by any node and should be removed from the model.
2026-09-17 11:39:24.6974653 [W:onnxruntime:, graph.cc:5607 onnxruntime::Graph::CleanUnusedInitializersAndNodeArgs] Removing initializer '/model.6/cv1/act/Sigmoid_output_0_Scale'. It is not used by any node and should be removed from the model.
2026-09-17 11:39:24.6976835 [W:onnxruntime:, graph.cc:5607 onnxruntime::Graph::CleanUnusedInitializersAndNodeArgs] Removing initializer '/model.6/m.0/cv1/act/Sigmoid_output_0_Scale'. It is not used by any node and should be removed from the model.
2026-09-17 11:39:24.6978934 [W:onnxruntime:, graph.cc:5607 onnxruntime::Graph::CleanUnusedInitializersAndNodeArgs] Removing initializer '/model.6/m.1/cv2/act/Sigmoid_output_0_Scale'. It is not used by any node and should be removed from the model.
2026-09-17 11:39:24.6981247 [W:onnxruntime:, graph.cc:5607 onnxruntime::Graph::CleanUnusedInitializersAndNodeArgs] Removing initializer '/model.7/act/Sigmoid_output_0_Scale'. It is not used by any node and should be removed from the model.
2026-09-17 11:39:24.6983331 [W:onnxruntime:, graph.cc:5607 onnxruntime::Graph::CleanUnusedInitializersAndNodeArgs] Removing initializer '/model.8/cv1/act/Sigmoid_output_0_Scale'. It is not used by any node and should be removed from the model.
2026-09-17 11:39:24.6985421 [W:onnxruntime:, graph.cc:5607 onnxruntime::Graph::CleanUnusedInitializersAndNodeArgs] Removing initializer '/model.12/cv1/act/Sigmoid_output_0_Scale'. It is not used by any node and should be removed from the model.
2026-09-17 11:39:24.6987499 [W:onnxruntime:, graph.cc:5607 onnxruntime::Graph::CleanUnusedInitializersAndNodeArgs] Removing initializer '/model.12/m.0/cv2/act/Sigmoid_output_0_Scale'. It is not used by any node and should be removed from the model.
2026-09-17 11:39:24.6989699 [W:onnxruntime:, graph.cc:5607 onnxruntime::Graph::CleanUnusedInitializersAndNodeArgs] Removing initializer '/model.15/cv1/act/Sigmoid_output_0_Scale'. It is not used by any node and should be removed from the model.
2026-09-17 11:39:24.6991845 [W:onnxruntime:, graph.cc:5607 onnxruntime::Graph::CleanUnusedInitializersAndNodeArgs] Removing initializer '/model.15/m.0/cv1/act/Sigmoid_output_0_Scale'. It is not used by any node and should be removed from the model.
2026-09-17 11:39:24.6994084 [W:onnxruntime:, graph.cc:5607 onnxruntime::Graph::CleanUnusedInitializersAndNodeArgs] Removing initializer '/model.15/m.0/cv2/act/Sigmoid_output_0_Scale'. It is not used by any node and should be removed from the model.
2026-09-17 11:39:24.6996201 [W:onnxruntime:, graph.cc:5607 onnxruntime::Graph::CleanUnusedInitializersAndNodeArgs] Removing initializer '/model.18/cv1/act/Sigmoid_output_0_Scale'. It is not used by any node and should be removed from the model.
2026-09-17 11:39:24.6998532 [W:onnxruntime:, graph.cc:5607 onnxruntime::Graph::CleanUnusedInitializersAndNodeArgs] Removing initializer '/model.18/m.0/cv1/act/Sigmoid_output_0_Scale'. It is not used by any node and should be removed from the model.
2026-09-17 11:39:24.7000724 [W:onnxruntime:, graph.cc:5607 onnxruntime::Graph::CleanUnusedInitializersAndNodeArgs] Removing initializer '/model.18/cv2/act/Sigmoid_output_0_Scale'. It is not used by any node and should be removed from the model.
2026-09-17 11:39:24.7003319 [W:onnxruntime:, graph.cc:5607 onnxruntime::Graph::CleanUnusedInitializersAndNodeArgs] Removing initializer '/model.22/cv2.1/cv2.1.0/act/Sigmoid_output_0_Scale'. It is not used by any node and should be removed from the model.
2026-09-17 11:39:24.7005500 [W:onnxruntime:, graph.cc:5607 onnxruntime::Graph::CleanUnusedInitializersAndNodeArgs] Removing initializer '/model.22/cv2.1/cv2.1.1/act/Sigmoid_output_0_Scale'. It is not used by any node and should be removed from the model.
2026-09-17 11:39:24.7007764 [W:onnxruntime:, graph.cc:5607 onnxruntime::Graph::CleanUnusedInitializersAndNodeArgs] Removing initializer '/model.21/cv1/act/Sigmoid_output_0_Scale'. It is not used by any node and should be removed from the model.
2026-09-17 11:39:24.7009948 [W:onnxruntime:, graph.cc:5607 onnxruntime::Graph::CleanUnusedInitializersAndNodeArgs] Removing initializer '/model.22/cv3.2/cv3.2.0/act/Sigmoid_output_0_Scale'. It is not used by any node and should be removed from the model.
[Ignition] Native XDNA1 NPU backend active (Device 0)
[Ignition] task: detect
[Ignition] power mode balanced: 8 worker threads, sleeping between regions (8 cores / 16 threads on this host)
[Ignition] source: image bus.jpg 810x1080
[Ignition] NPU power mode: default kept: the balanced power mode leaves the NPU's mode alone
[Ignition] shutdown: source released, window closed, NPU hardware context released
[summary] stop: frame limit | 550 frames processed (50 warm-up, 500 timed) | 1 distinct source frames | image bus.jpg 810x1080
[summary] NPU power mode: default kept: the balanced power mode leaves the NPU's mode alone
[summary] G2G mean 8.500 ms | P50 8.453 | P95 8.849 | P99 9.373 | max 10.295 | over the last 500 timed frames; cold first frame 11.23 ms
[summary] stage means (ms): preprocess 0.607 | NPU forward 7.756 (dispatch 7.477, readback 0.279) | decode+NMS 0.132
[summary] boxes from NPU heads on 500/500 timed frames | 5.00 detections per frame
[summary] RSS 191.5 MB at the first timed frame, 191.5 MB at the end (+0.00 MB over 500 frames)
[summary] wrote <scratch>\rel033_sitting\ign_yolov8n_balanced_1.json
== 2026-09-17T15:39:29Z [ignition yolov8n sigmoid balanced #1] exit 0 after 6.0 s

== 2026-09-17T15:39:29Z [ignition yolov8n sigmoid performance #1] $ <conda envs>\mlir-aie-iron\python.exe live_ignition.py --model <ignite-xdna main>\build\yolov8n_full.ignite --source <Ignition main>\examples\assets\bus.jpg --headless --warmup 50 --frames 500 --json <scratch>\rel033_sitting\ign_yolov8n_performance_1.json --power-mode performance
[Ignition] loading <ignite-xdna main>\build\yolov8n_full.ignite (bare-metal .ignite container)
2026-09-17 11:39:30.6287254 [W:onnxruntime:, graph.cc:5607 onnxruntime::Graph::CleanUnusedInitializersAndNodeArgs] Removing initializer '/model.15/m.0/cv1/act/Sigmoid_output_0_zero_point'. It is not used by any node and should be removed from the model.
2026-09-17 11:39:30.6290946 [W:onnxruntime:, graph.cc:5607 onnxruntime::Graph::CleanUnusedInitializersAndNodeArgs] Removing initializer '/model.15/cv2/act/Sigmoid_output_0_Scale'. It is not used by any node and should be removed from the model.
2026-09-17 11:39:30.6293931 [W:onnxruntime:, graph.cc:5607 onnxruntime::Graph::CleanUnusedInitializersAndNodeArgs] Removing initializer '/model.15/m.0/cv1/act/Sigmoid_output_0_scale'. It is not used by any node and should be removed from the model.
2026-09-17 11:39:30.6296754 [W:onnxruntime:, graph.cc:5607 onnxruntime::Graph::CleanUnusedInitializersAndNodeArgs] Removing initializer '/model.22/cv3.2/cv3.2.1/act/Sigmoid_output_0_scale'. It is not used by any node and should be removed from the model.
2026-09-17 11:39:30.6299783 [W:onnxruntime:, graph.cc:5607 onnxruntime::Graph::CleanUnusedInitializersAndNodeArgs] Removing initializer '/model.2/cv1/act/Sigmoid_output_0_scale'. It is not used by any node and should be removed from the model.
2026-09-17 11:39:30.6302702 [W:onnxruntime:, graph.cc:5607 onnxruntime::Graph::CleanUnusedInitializersAndNodeArgs] Removing initializer '/model.2/cv1/act/Sigmoid_output_0_zero_point'. It is not used by any node and should be removed from the model.
2026-09-17 11:39:30.6305577 [W:onnxruntime:, graph.cc:5607 onnxruntime::Graph::CleanUnusedInitializersAndNodeArgs] Removing initializer '/model.9/cv1/act/Sigmoid_output_0_scale'. It is not used by any node and should be removed from the model.
2026-09-17 11:39:30.6308484 [W:onnxruntime:, graph.cc:5607 onnxruntime::Graph::CleanUnusedInitializersAndNodeArgs] Removing initializer '/model.0/act/Sigmoid_output_0_zero_point'. It is not used by any node and should be removed from the model.
2026-09-17 11:39:30.6311391 [W:onnxruntime:, graph.cc:5607 onnxruntime::Graph::CleanUnusedInitializersAndNodeArgs] Removing initializer '/model.8/m.0/cv2/act/Sigmoid_output_0_Scale'. It is not used by any node and should be removed from the model.
2026-09-17 11:39:30.6314260 [W:onnxruntime:, graph.cc:5607 onnxruntime::Graph::CleanUnusedInitializersAndNodeArgs] Removing initializer '/model.6/m.1/cv1/act/Sigmoid_output_0_scale'. It is not used by any node and should be removed from the model.
2026-09-17 11:39:30.6317168 [W:onnxruntime:, graph.cc:5607 onnxruntime::Graph::CleanUnusedInitializersAndNodeArgs] Removing initializer '/model.0/act/Sigmoid_output_0_scale'. It is not used by any node and should be removed from the model.
2026-09-17 11:39:30.6319908 [W:onnxruntime:, graph.cc:5607 onnxruntime::Graph::CleanUnusedInitializersAndNodeArgs] Removing initializer '/model.4/cv2/act/Sigmoid_output_0_Scale'. It is not used by any node and should be removed from the model.
2026-09-17 11:39:30.6322908 [W:onnxruntime:, graph.cc:5607 onnxruntime::Graph::CleanUnusedInitializersAndNodeArgs] Removing initializer '/model.22/cv2.0/cv2.0.0/act/Sigmoid_output_0_scale'. It is not used by any node and should be removed from the model.
2026-09-17 11:39:30.6325934 [W:onnxruntime:, graph.cc:5607 onnxruntime::Graph::CleanUnusedInitializersAndNodeArgs] Removing initializer '/model.21/cv1/act/Sigmoid_output_0_scale'. It is not used by any node and should be removed from the model.
2026-09-17 11:39:30.6328841 [W:onnxruntime:, graph.cc:5607 onnxruntime::Graph::CleanUnusedInitializersAndNodeArgs] Removing initializer '/model.21/cv1/act/Sigmoid_output_0_zero_point'. It is not used by any node and should be removed from the model.
2026-09-17 11:39:30.6331639 [W:onnxruntime:, graph.cc:5607 onnxruntime::Graph::CleanUnusedInitializersAndNodeArgs] Removing initializer '/model.22/cv3.2/cv3.2.0/act/Sigmoid_output_0_scale'. It is not used by any node and should be removed from the model.
2026-09-17 11:39:30.6334437 [W:onnxruntime:, graph.cc:5607 onnxruntime::Graph::CleanUnusedInitializersAndNodeArgs] Removing initializer '/model.1/act/Sigmoid_output_0_zero_point'. It is not used by any node and should be removed from the model.
2026-09-17 11:39:30.6337170 [W:onnxruntime:, graph.cc:5607 onnxruntime::Graph::CleanUnusedInitializersAndNodeArgs] Removing initializer '/model.1/act/Sigmoid_output_0_scale'. It is not used by any node and should be removed from the model.
2026-09-17 11:39:30.6339671 [W:onnxruntime:, graph.cc:5607 onnxruntime::Graph::CleanUnusedInitializersAndNodeArgs] Removing initializer '/model.8/m.0/cv2/act/Sigmoid_output_0_zero_point'. It is not used by any node and should be removed from the model.
2026-09-17 11:39:30.6346235 [W:onnxruntime:, graph.cc:5607 onnxruntime::Graph::CleanUnusedInitializersAndNodeArgs] Removing initializer '/model.4/m.0/cv2/act/Sigmoid_output_0_zero_point'. It is not used by any node and should be removed from the model.
2026-09-17 11:39:30.6348735 [W:onnxruntime:, graph.cc:5607 onnxruntime::Graph::CleanUnusedInitializersAndNodeArgs] Removing initializer '/model.2/m.0/cv1/act/Sigmoid_output_0_zero_point'. It is not used by any node and should be removed from the model.
2026-09-17 11:39:30.6351169 [W:onnxruntime:, graph.cc:5607 onnxruntime::Graph::CleanUnusedInitializersAndNodeArgs] Removing initializer '/model.2/m.0/cv1/act/Sigmoid_output_0_scale'. It is not used by any node and should be removed from the model.
2026-09-17 11:39:30.6353404 [W:onnxruntime:, graph.cc:5607 onnxruntime::Graph::CleanUnusedInitializersAndNodeArgs] Removing initializer '/model.6/cv2/act/Sigmoid_output_0_zero_point'. It is not used by any node and should be removed from the model.
2026-09-17 11:39:30.6355804 [W:onnxruntime:, graph.cc:5607 onnxruntime::Graph::CleanUnusedInitializersAndNodeArgs] Removing initializer '/model.2/m.0/cv2/act/Sigmoid_output_0_zero_point'. It is not used by any node and should be removed from the model.
2026-09-17 11:39:30.6358076 [W:onnxruntime:, graph.cc:5607 onnxruntime::Graph::CleanUnusedInitializersAndNodeArgs] Removing initializer '/model.2/m.0/cv2/act/Sigmoid_output_0_scale'. It is not used by any node and should be removed from the model.
2026-09-17 11:39:30.6360603 [W:onnxruntime:, graph.cc:5607 onnxruntime::Graph::CleanUnusedInitializersAndNodeArgs] Removing initializer '/model.22/cv3.0/cv3.0.0/act/Sigmoid_output_0_zero_point'. It is not used by any node and should be removed from the model.
2026-09-17 11:39:30.6363216 [W:onnxruntime:, graph.cc:5607 onnxruntime::Graph::CleanUnusedInitializersAndNodeArgs] Removing initializer '/model.6/m.0/cv2/act/Sigmoid_output_0_Scale'. It is not used by any node and should be removed from the model.
2026-09-17 11:39:30.6369877 [W:onnxruntime:, graph.cc:5607 onnxruntime::Graph::CleanUnusedInitializersAndNodeArgs] Removing initializer '/model.3/act/Sigmoid_output_0_zero_point'. It is not used by any node and should be removed from the model.
2026-09-17 11:39:30.6372179 [W:onnxruntime:, graph.cc:5607 onnxruntime::Graph::CleanUnusedInitializersAndNodeArgs] Removing initializer '/model.12/cv1/act/Sigmoid_output_0_scale'. It is not used by any node and should be removed from the model.
2026-09-17 11:39:30.6374487 [W:onnxruntime:, graph.cc:5607 onnxruntime::Graph::CleanUnusedInitializersAndNodeArgs] Removing initializer '/model.2/cv2/act/Sigmoid_output_0_zero_point'. It is not used by any node and should be removed from the model.
2026-09-17 11:39:30.6376882 [W:onnxruntime:, graph.cc:5607 onnxruntime::Graph::CleanUnusedInitializersAndNodeArgs] Removing initializer '/model.2/cv2/act/Sigmoid_output_0_scale'. It is not used by any node and should be removed from the model.
2026-09-17 11:39:30.6378994 [W:onnxruntime:, graph.cc:5607 onnxruntime::Graph::CleanUnusedInitializersAndNodeArgs] Removing initializer '/model.6/cv1/act/Sigmoid_output_0_zero_point'. It is not used by any node and should be removed from the model.
2026-09-17 11:39:30.6381374 [W:onnxruntime:, graph.cc:5607 onnxruntime::Graph::CleanUnusedInitializersAndNodeArgs] Removing initializer '/model.6/cv2/act/Sigmoid_output_0_Scale'. It is not used by any node and should be removed from the model.
2026-09-17 11:39:30.6383683 [W:onnxruntime:, graph.cc:5607 onnxruntime::Graph::CleanUnusedInitializersAndNodeArgs] Removing initializer '/model.22/cv3.0/cv3.0.0/act/Sigmoid_output_0_scale'. It is not used by any node and should be removed from the model.
2026-09-17 11:39:30.6385972 [W:onnxruntime:, graph.cc:5607 onnxruntime::Graph::CleanUnusedInitializersAndNodeArgs] Removing initializer '/model.22/cv3.1/cv3.1.0/act/Sigmoid_output_0_Scale'. It is not used by any node and should be removed from the model.
2026-09-17 11:39:30.6388684 [W:onnxruntime:, graph.cc:5607 onnxruntime::Graph::CleanUnusedInitializersAndNodeArgs] Removing initializer '/model.3/act/Sigmoid_output_0_scale'. It is not used by any node and should be removed from the model.
2026-09-17 11:39:30.6390808 [W:onnxruntime:, graph.cc:5607 onnxruntime::Graph::CleanUnusedInitializersAndNodeArgs] Removing initializer '/model.12/cv2/act/Sigmoid_output_0_Scale'. It is not used by any node and should be removed from the model.
2026-09-17 11:39:30.6393107 [W:onnxruntime:, graph.cc:5607 onnxruntime::Graph::CleanUnusedInitializersAndNodeArgs] Removing initializer '/model.0/act/Sigmoid_output_0_Scale'. It is not used by any node and should be removed from the model.
2026-09-17 11:39:30.6395443 [W:onnxruntime:, graph.cc:5607 onnxruntime::Graph::CleanUnusedInitializersAndNodeArgs] Removing initializer '/model.4/cv1/act/Sigmoid_output_0_zero_point'. It is not used by any node and should be removed from the model.
2026-09-17 11:39:30.6397514 [W:onnxruntime:, graph.cc:5607 onnxruntime::Graph::CleanUnusedInitializersAndNodeArgs] Removing initializer '/model.4/cv1/act/Sigmoid_output_0_scale'. It is not used by any node and should be removed from the model.
2026-09-17 11:39:30.6399790 [W:onnxruntime:, graph.cc:5607 onnxruntime::Graph::CleanUnusedInitializersAndNodeArgs] Removing initializer '/model.22/cv3.2/cv3.2.1/act/Sigmoid_output_0_Scale'. It is not used by any node and should be removed from the model.
2026-09-17 11:39:30.6402226 [W:onnxruntime:, graph.cc:5607 onnxruntime::Graph::CleanUnusedInitializersAndNodeArgs] Removing initializer '/model.6/m.1/cv1/act/Sigmoid_output_0_Scale'. It is not used by any node and should be removed from the model.
2026-09-17 11:39:30.6404658 [W:onnxruntime:, graph.cc:5607 onnxruntime::Graph::CleanUnusedInitializersAndNodeArgs] Removing initializer '/model.4/m.1/cv2/act/Sigmoid_output_0_zero_point'. It is not used by any node and should be removed from the model.
2026-09-17 11:39:30.6406992 [W:onnxruntime:, graph.cc:5607 onnxruntime::Graph::CleanUnusedInitializersAndNodeArgs] Removing initializer '/model.8/m.0/cv2/act/Sigmoid_output_0_scale'. It is not used by any node and should be removed from the model.
2026-09-17 11:39:30.6409273 [W:onnxruntime:, graph.cc:5607 onnxruntime::Graph::CleanUnusedInitializersAndNodeArgs] Removing initializer '/model.4/m.0/cv1/act/Sigmoid_output_0_zero_point'. It is not used by any node and should be removed from the model.
2026-09-17 11:39:30.6411608 [W:onnxruntime:, graph.cc:5607 onnxruntime::Graph::CleanUnusedInitializersAndNodeArgs] Removing initializer '/model.4/m.0/cv1/act/Sigmoid_output_0_scale'. It is not used by any node and should be removed from the model.
2026-09-17 11:39:30.6413856 [W:onnxruntime:, graph.cc:5607 onnxruntime::Graph::CleanUnusedInitializersAndNodeArgs] Removing initializer '/model.8/cv2/act/Sigmoid_output_0_scale'. It is not used by any node and should be removed from the model.
2026-09-17 11:39:30.6416773 [W:onnxruntime:, graph.cc:5607 onnxruntime::Graph::CleanUnusedInitializersAndNodeArgs] Removing initializer '/model.4/m.0/cv2/act/Sigmoid_output_0_scale'. It is not used by any node and should be removed from the model.
2026-09-17 11:39:30.6419854 [W:onnxruntime:, graph.cc:5607 onnxruntime::Graph::CleanUnusedInitializersAndNodeArgs] Removing initializer '/model.18/cv1/act/Sigmoid_output_0_zero_point'. It is not used by any node and should be removed from the model.
2026-09-17 11:39:30.6422848 [W:onnxruntime:, graph.cc:5607 onnxruntime::Graph::CleanUnusedInitializersAndNodeArgs] Removing initializer '/model.9/cv2/act/Sigmoid_output_0_zero_point'. It is not used by any node and should be removed from the model.
2026-09-17 11:39:30.6425681 [W:onnxruntime:, graph.cc:5607 onnxruntime::Graph::CleanUnusedInitializersAndNodeArgs] Removing initializer '/model.22/cv3.1/cv3.1.1/act/Sigmoid_output_0_Scale'. It is not used by any node and should be removed from the model.
2026-09-17 11:39:30.6428669 [W:onnxruntime:, graph.cc:5607 onnxruntime::Graph::CleanUnusedInitializersAndNodeArgs] Removing initializer '/model.4/m.1/cv1/act/Sigmoid_output_0_zero_point'. It is not used by any node and should be removed from the model.
2026-09-17 11:39:30.6431619 [W:onnxruntime:, graph.cc:5607 onnxruntime::Graph::CleanUnusedInitializersAndNodeArgs] Removing initializer '/model.4/m.1/cv1/act/Sigmoid_output_0_scale'. It is not used by any node and should be removed from the model.
2026-09-17 11:39:30.6434371 [W:onnxruntime:, graph.cc:5607 onnxruntime::Graph::CleanUnusedInitializersAndNodeArgs] Removing initializer '/model.4/m.1/cv2/act/Sigmoid_output_0_scale'. It is not used by any node and should be removed from the model.
2026-09-17 11:39:30.6437153 [W:onnxruntime:, graph.cc:5607 onnxruntime::Graph::CleanUnusedInitializersAndNodeArgs] Removing initializer '/model.6/m.0/cv2/act/Sigmoid_output_0_scale'. It is not used by any node and should be removed from the model.
2026-09-17 11:39:30.6439998 [W:onnxruntime:, graph.cc:5607 onnxruntime::Graph::CleanUnusedInitializersAndNodeArgs] Removing initializer '/model.22/cv2.2/cv2.2.0/act/Sigmoid_output_0_zero_point'. It is not used by any node and should be removed from the model.
2026-09-17 11:39:30.6442879 [W:onnxruntime:, graph.cc:5607 onnxruntime::Graph::CleanUnusedInitializersAndNodeArgs] Removing initializer '/model.19/act/Sigmoid_output_0_Scale'. It is not used by any node and should be removed from the model.
2026-09-17 11:39:30.6445746 [W:onnxruntime:, graph.cc:5607 onnxruntime::Graph::CleanUnusedInitializersAndNodeArgs] Removing initializer '/model.12/cv2/act/Sigmoid_output_0_zero_point'. It is not used by any node and should be removed from the model.
2026-09-17 11:39:30.6448660 [W:onnxruntime:, graph.cc:5607 onnxruntime::Graph::CleanUnusedInitializersAndNodeArgs] Removing initializer '/model.22/cv3.0/cv3.0.1/act/Sigmoid_output_0_scale'. It is not used by any node and should be removed from the model.
2026-09-17 11:39:30.6451491 [W:onnxruntime:, graph.cc:5607 onnxruntime::Graph::CleanUnusedInitializersAndNodeArgs] Removing initializer '/model.4/cv2/act/Sigmoid_output_0_zero_point'. It is not used by any node and should be removed from the model.
2026-09-17 11:39:30.6454504 [W:onnxruntime:, graph.cc:5607 onnxruntime::Graph::CleanUnusedInitializersAndNodeArgs] Removing initializer '/model.4/cv2/act/Sigmoid_output_0_scale'. It is not used by any node and should be removed from the model.
2026-09-17 11:39:30.6457261 [W:onnxruntime:, graph.cc:5607 onnxruntime::Graph::CleanUnusedInitializersAndNodeArgs] Removing initializer '/model.22/cv2.2/cv2.2.0/act/Sigmoid_output_0_Scale'. It is not used by any node and should be removed from the model.
2026-09-17 11:39:30.6460307 [W:onnxruntime:, graph.cc:5607 onnxruntime::Graph::CleanUnusedInitializersAndNodeArgs] Removing initializer '/model.12/m.0/cv1/act/Sigmoid_output_0_scale'. It is not used by any node and should be removed from the model.
2026-09-17 11:39:30.6463183 [W:onnxruntime:, graph.cc:5607 onnxruntime::Graph::CleanUnusedInitializersAndNodeArgs] Removing initializer '/model.12/m.0/cv1/act/Sigmoid_output_0_zero_point'. It is not used by any node and should be removed from the model.
2026-09-17 11:39:30.6466258 [W:onnxruntime:, graph.cc:5607 onnxruntime::Graph::CleanUnusedInitializersAndNodeArgs] Removing initializer '/model.12/m.0/cv1/act/Sigmoid_output_0_Scale'. It is not used by any node and should be removed from the model.
2026-09-17 11:39:30.6469182 [W:onnxruntime:, graph.cc:5607 onnxruntime::Graph::CleanUnusedInitializersAndNodeArgs] Removing initializer '/model.5/act/Sigmoid_output_0_zero_point'. It is not used by any node and should be removed from the model.
2026-09-17 11:39:30.6472085 [W:onnxruntime:, graph.cc:5607 onnxruntime::Graph::CleanUnusedInitializersAndNodeArgs] Removing initializer '/model.5/act/Sigmoid_output_0_scale'. It is not used by any node and should be removed from the model.
2026-09-17 11:39:30.6474788 [W:onnxruntime:, graph.cc:5607 onnxruntime::Graph::CleanUnusedInitializersAndNodeArgs] Removing initializer '/model.15/cv2/act/Sigmoid_output_0_scale'. It is not used by any node and should be removed from the model.
2026-09-17 11:39:30.6477679 [W:onnxruntime:, graph.cc:5607 onnxruntime::Graph::CleanUnusedInitializersAndNodeArgs] Removing initializer '/model.6/cv1/act/Sigmoid_output_0_scale'. It is not used by any node and should be removed from the model.
2026-09-17 11:39:30.6480454 [W:onnxruntime:, graph.cc:5607 onnxruntime::Graph::CleanUnusedInitializersAndNodeArgs] Removing initializer '/model.9/cv2/act/Sigmoid_output_0_Scale'. It is not used by any node and should be removed from the model.
2026-09-17 11:39:30.6483278 [W:onnxruntime:, graph.cc:5607 onnxruntime::Graph::CleanUnusedInitializersAndNodeArgs] Removing initializer '/model.22/cv3.0/cv3.0.0/act/Sigmoid_output_0_Scale'. It is not used by any node and should be removed from the model.
2026-09-17 11:39:30.6485495 [W:onnxruntime:, graph.cc:5607 onnxruntime::Graph::CleanUnusedInitializersAndNodeArgs] Removing initializer '/model.6/cv2/act/Sigmoid_output_0_scale'. It is not used by any node and should be removed from the model.
2026-09-17 11:39:30.6487529 [W:onnxruntime:, graph.cc:5607 onnxruntime::Graph::CleanUnusedInitializersAndNodeArgs] Removing initializer '/model.22/cv3.1/cv3.1.0/act/Sigmoid_output_0_scale'. It is not used by any node and should be removed from the model.
2026-09-17 11:39:30.6489799 [W:onnxruntime:, graph.cc:5607 onnxruntime::Graph::CleanUnusedInitializersAndNodeArgs] Removing initializer '/model.6/m.0/cv1/act/Sigmoid_output_0_zero_point'. It is not used by any node and should be removed from the model.
2026-09-17 11:39:30.6491850 [W:onnxruntime:, graph.cc:5607 onnxruntime::Graph::CleanUnusedInitializersAndNodeArgs] Removing initializer '/model.6/m.0/cv1/act/Sigmoid_output_0_scale'. It is not used by any node and should be removed from the model.
2026-09-17 11:39:30.6494147 [W:onnxruntime:, graph.cc:5607 onnxruntime::Graph::CleanUnusedInitializersAndNodeArgs] Removing initializer '/model.6/m.1/cv2/act/Sigmoid_output_0_scale'. It is not used by any node and should be removed from the model.
2026-09-17 11:39:30.6496275 [W:onnxruntime:, graph.cc:5607 onnxruntime::Graph::CleanUnusedInitializersAndNodeArgs] Removing initializer '/model.21/m.0/cv2/act/Sigmoid_output_0_Scale'. It is not used by any node and should be removed from the model.
2026-09-17 11:39:30.6498449 [W:onnxruntime:, graph.cc:5607 onnxruntime::Graph::CleanUnusedInitializersAndNodeArgs] Removing initializer '/model.6/m.0/cv2/act/Sigmoid_output_0_zero_point'. It is not used by any node and should be removed from the model.
2026-09-17 11:39:30.6500733 [W:onnxruntime:, graph.cc:5607 onnxruntime::Graph::CleanUnusedInitializersAndNodeArgs] Removing initializer '/model.21/m.0/cv2/act/Sigmoid_output_0_scale'. It is not used by any node and should be removed from the model.
2026-09-17 11:39:30.6502885 [W:onnxruntime:, graph.cc:5607 onnxruntime::Graph::CleanUnusedInitializersAndNodeArgs] Removing initializer '/model.6/m.1/cv1/act/Sigmoid_output_0_zero_point'. It is not used by any node and should be removed from the model.
2026-09-17 11:39:30.6505030 [W:onnxruntime:, graph.cc:5607 onnxruntime::Graph::CleanUnusedInitializersAndNodeArgs] Removing initializer '/model.6/m.1/cv2/act/Sigmoid_output_0_zero_point'. It is not used by any node and should be removed from the model.
2026-09-17 11:39:30.6507231 [W:onnxruntime:, graph.cc:5607 onnxruntime::Graph::CleanUnusedInitializersAndNodeArgs] Removing initializer '/model.7/act/Sigmoid_output_0_zero_point'. It is not used by any node and should be removed from the model.
2026-09-17 11:39:30.6509263 [W:onnxruntime:, graph.cc:5607 onnxruntime::Graph::CleanUnusedInitializersAndNodeArgs] Removing initializer '/model.22/cv2.0/cv2.0.1/act/Sigmoid_output_0_Scale'. It is not used by any node and should be removed from the model.
2026-09-17 11:39:30.6511562 [W:onnxruntime:, graph.cc:5607 onnxruntime::Graph::CleanUnusedInitializersAndNodeArgs] Removing initializer '/model.7/act/Sigmoid_output_0_scale'. It is not used by any node and should be removed from the model.
2026-09-17 11:39:30.6513589 [W:onnxruntime:, graph.cc:5607 onnxruntime::Graph::CleanUnusedInitializersAndNodeArgs] Removing initializer '/model.8/cv1/act/Sigmoid_output_0_zero_point'. It is not used by any node and should be removed from the model.
2026-09-17 11:39:30.6515744 [W:onnxruntime:, graph.cc:5607 onnxruntime::Graph::CleanUnusedInitializersAndNodeArgs] Removing initializer '/model.8/cv1/act/Sigmoid_output_0_scale'. It is not used by any node and should be removed from the model.
2026-09-17 11:39:30.6517778 [W:onnxruntime:, graph.cc:5607 onnxruntime::Graph::CleanUnusedInitializersAndNodeArgs] Removing initializer '/model.22/cv3.0/cv3.0.1/act/Sigmoid_output_0_Scale'. It is not used by any node and should be removed from the model.
2026-09-17 11:39:30.6519933 [W:onnxruntime:, graph.cc:5607 onnxruntime::Graph::CleanUnusedInitializersAndNodeArgs] Removing initializer '/model.8/m.0/cv1/act/Sigmoid_output_0_zero_point'. It is not used by any node and should be removed from the model.
2026-09-17 11:39:30.6522047 [W:onnxruntime:, graph.cc:5607 onnxruntime::Graph::CleanUnusedInitializersAndNodeArgs] Removing initializer '/model.8/m.0/cv1/act/Sigmoid_output_0_scale'. It is not used by any node and should be removed from the model.
2026-09-17 11:39:30.6524080 [W:onnxruntime:, graph.cc:5607 onnxruntime::Graph::CleanUnusedInitializersAndNodeArgs] Removing initializer '/model.15/m.0/cv2/act/Sigmoid_output_0_scale'. It is not used by any node and should be removed from the model.
2026-09-17 11:39:30.6526307 [W:onnxruntime:, graph.cc:5607 onnxruntime::Graph::CleanUnusedInitializersAndNodeArgs] Removing initializer '/model.5/act/Sigmoid_output_0_Scale'. It is not used by any node and should be removed from the model.
2026-09-17 11:39:30.6528346 [W:onnxruntime:, graph.cc:5607 onnxruntime::Graph::CleanUnusedInitializersAndNodeArgs] Removing initializer '/model.22/cv2.0/cv2.0.0/act/Sigmoid_output_0_Scale'. It is not used by any node and should be removed from the model.
2026-09-17 11:39:30.6530596 [W:onnxruntime:, graph.cc:5607 onnxruntime::Graph::CleanUnusedInitializersAndNodeArgs] Removing initializer '/model.21/cv2/act/Sigmoid_output_0_scale'. It is not used by any node and should be removed from the model.
2026-09-17 11:39:30.6532551 [W:onnxruntime:, graph.cc:5607 onnxruntime::Graph::CleanUnusedInitializersAndNodeArgs] Removing initializer '/model.4/m.1/cv2/act/Sigmoid_output_0_Scale'. It is not used by any node and should be removed from the model.
2026-09-17 11:39:30.6535033 [W:onnxruntime:, graph.cc:5607 onnxruntime::Graph::CleanUnusedInitializersAndNodeArgs] Removing initializer '/model.8/cv2/act/Sigmoid_output_0_zero_point'. It is not used by any node and should be removed from the model.
2026-09-17 11:39:30.6542824 [W:onnxruntime:, graph.cc:5607 onnxruntime::Graph::CleanUnusedInitializersAndNodeArgs] Removing initializer '/model.18/m.0/cv2/act/Sigmoid_output_0_Scale'. It is not used by any node and should be removed from the model.
2026-09-17 11:39:30.6545378 [W:onnxruntime:, graph.cc:5607 onnxruntime::Graph::CleanUnusedInitializersAndNodeArgs] Removing initializer '/model.9/cv1/act/Sigmoid_output_0_zero_point'. It is not used by any node and should be removed from the model.
2026-09-17 11:39:30.6547595 [W:onnxruntime:, graph.cc:5607 onnxruntime::Graph::CleanUnusedInitializersAndNodeArgs] Removing initializer '/model.12/m.0/cv2/act/Sigmoid_output_0_zero_point'. It is not used by any node and should be removed from the model.
2026-09-17 11:39:30.6550111 [W:onnxruntime:, graph.cc:5607 onnxruntime::Graph::CleanUnusedInitializersAndNodeArgs] Removing initializer '/model.9/cv2/act/Sigmoid_output_0_scale'. It is not used by any node and should be removed from the model.
2026-09-17 11:39:30.6552351 [W:onnxruntime:, graph.cc:5607 onnxruntime::Graph::CleanUnusedInitializersAndNodeArgs] Removing initializer '/model.15/m.0/cv2/act/Sigmoid_output_0_zero_point'. It is not used by any node and should be removed from the model.
2026-09-17 11:39:30.6554739 [W:onnxruntime:, graph.cc:5607 onnxruntime::Graph::CleanUnusedInitializersAndNodeArgs] Removing initializer '/model.12/cv1/act/Sigmoid_output_0_zero_point'. It is not used by any node and should be removed from the model.
2026-09-17 11:39:30.6557171 [W:onnxruntime:, graph.cc:5607 onnxruntime::Graph::CleanUnusedInitializersAndNodeArgs] Removing initializer '/model.9/cv1/act/Sigmoid_output_0_Scale'. It is not used by any node and should be removed from the model.
2026-09-17 11:39:30.6559416 [W:onnxruntime:, graph.cc:5607 onnxruntime::Graph::CleanUnusedInitializersAndNodeArgs] Removing initializer '/model.18/m.0/cv1/act/Sigmoid_output_0_scale'. It is not used by any node and should be removed from the model.
2026-09-17 11:39:30.6561560 [W:onnxruntime:, graph.cc:5607 onnxruntime::Graph::CleanUnusedInitializersAndNodeArgs] Removing initializer '/model.12/m.0/cv2/act/Sigmoid_output_0_scale'. It is not used by any node and should be removed from the model.
2026-09-17 11:39:30.6563463 [W:onnxruntime:, graph.cc:5607 onnxruntime::Graph::CleanUnusedInitializersAndNodeArgs] Removing initializer '/model.22/cv2.1/cv2.1.0/act/Sigmoid_output_0_scale'. It is not used by any node and should be removed from the model.
2026-09-17 11:39:30.6565716 [W:onnxruntime:, graph.cc:5607 onnxruntime::Graph::CleanUnusedInitializersAndNodeArgs] Removing initializer '/model.12/cv2/act/Sigmoid_output_0_scale'. It is not used by any node and should be removed from the model.
2026-09-17 11:39:30.6567618 [W:onnxruntime:, graph.cc:5607 onnxruntime::Graph::CleanUnusedInitializersAndNodeArgs] Removing initializer '/model.15/cv1/act/Sigmoid_output_0_zero_point'. It is not used by any node and should be removed from the model.
2026-09-17 11:39:30.6569628 [W:onnxruntime:, graph.cc:5607 onnxruntime::Graph::CleanUnusedInitializersAndNodeArgs] Removing initializer '/model.15/cv1/act/Sigmoid_output_0_scale'. It is not used by any node and should be removed from the model.
2026-09-17 11:39:30.6571618 [W:onnxruntime:, graph.cc:5607 onnxruntime::Graph::CleanUnusedInitializersAndNodeArgs] Removing initializer '/model.19/act/Sigmoid_output_0_scale'. It is not used by any node and should be removed from the model.
2026-09-17 11:39:30.6573516 [W:onnxruntime:, graph.cc:5607 onnxruntime::Graph::CleanUnusedInitializersAndNodeArgs] Removing initializer '/model.4/cv1/act/Sigmoid_output_0_Scale'. It is not used by any node and should be removed from the model.
2026-09-17 11:39:30.6576352 [W:onnxruntime:, graph.cc:5607 onnxruntime::Graph::CleanUnusedInitializersAndNodeArgs] Removing initializer '/model.15/cv2/act/Sigmoid_output_0_zero_point'. It is not used by any node and should be removed from the model.
2026-09-17 11:39:30.6579635 [W:onnxruntime:, graph.cc:5607 onnxruntime::Graph::CleanUnusedInitializersAndNodeArgs] Removing initializer '/model.22/cv2.0/cv2.0.1/act/Sigmoid_output_0_scale'. It is not used by any node and should be removed from the model.
2026-09-17 11:39:30.6582801 [W:onnxruntime:, graph.cc:5607 onnxruntime::Graph::CleanUnusedInitializersAndNodeArgs] Removing initializer '/model.22/cv2.0/cv2.0.1/act/Sigmoid_output_0_zero_point'. It is not used by any node and should be removed from the model.
2026-09-17 11:39:30.6585442 [W:onnxruntime:, graph.cc:5607 onnxruntime::Graph::CleanUnusedInitializersAndNodeArgs] Removing initializer '/model.16/act/Sigmoid_output_0_zero_point'. It is not used by any node and should be removed from the model.
2026-09-17 11:39:30.6587809 [W:onnxruntime:, graph.cc:5607 onnxruntime::Graph::CleanUnusedInitializersAndNodeArgs] Removing initializer '/model.16/act/Sigmoid_output_0_scale'. It is not used by any node and should be removed from the model.
2026-09-17 11:39:30.6589949 [W:onnxruntime:, graph.cc:5607 onnxruntime::Graph::CleanUnusedInitializersAndNodeArgs] Removing initializer '/model.22/cv2.0/cv2.0.0/act/Sigmoid_output_0_zero_point'. It is not used by any node and should be removed from the model.
2026-09-17 11:39:30.6592394 [W:onnxruntime:, graph.cc:5607 onnxruntime::Graph::CleanUnusedInitializersAndNodeArgs] Removing initializer '/model.18/m.0/cv2/act/Sigmoid_output_0_zero_point'. It is not used by any node and should be removed from the model.
2026-09-17 11:39:30.6594523 [W:onnxruntime:, graph.cc:5607 onnxruntime::Graph::CleanUnusedInitializersAndNodeArgs] Removing initializer '/model.22/cv3.0/cv3.0.1/act/Sigmoid_output_0_zero_point'. It is not used by any node and should be removed from the model.
2026-09-17 11:39:30.6596658 [W:onnxruntime:, graph.cc:5607 onnxruntime::Graph::CleanUnusedInitializersAndNodeArgs] Removing initializer '/model.18/cv1/act/Sigmoid_output_0_scale'. It is not used by any node and should be removed from the model.
2026-09-17 11:39:30.6598788 [W:onnxruntime:, graph.cc:5607 onnxruntime::Graph::CleanUnusedInitializersAndNodeArgs] Removing initializer '/model.18/m.0/cv1/act/Sigmoid_output_0_zero_point'. It is not used by any node and should be removed from the model.
2026-09-17 11:39:30.6600901 [W:onnxruntime:, graph.cc:5607 onnxruntime::Graph::CleanUnusedInitializersAndNodeArgs] Removing initializer '/model.18/m.0/cv2/act/Sigmoid_output_0_scale'. It is not used by any node and should be removed from the model.
2026-09-17 11:39:30.6602905 [W:onnxruntime:, graph.cc:5607 onnxruntime::Graph::CleanUnusedInitializersAndNodeArgs] Removing initializer '/model.16/act/Sigmoid_output_0_Scale'. It is not used by any node and should be removed from the model.
2026-09-17 11:39:30.6604829 [W:onnxruntime:, graph.cc:5607 onnxruntime::Graph::CleanUnusedInitializersAndNodeArgs] Removing initializer '/model.21/m.0/cv1/act/Sigmoid_output_0_Scale'. It is not used by any node and should be removed from the model.
2026-09-17 11:39:30.6607011 [W:onnxruntime:, graph.cc:5607 onnxruntime::Graph::CleanUnusedInitializersAndNodeArgs] Removing initializer '/model.18/cv2/act/Sigmoid_output_0_zero_point'. It is not used by any node and should be removed from the model.
2026-09-17 11:39:30.6609006 [W:onnxruntime:, graph.cc:5607 onnxruntime::Graph::CleanUnusedInitializersAndNodeArgs] Removing initializer '/model.18/cv2/act/Sigmoid_output_0_scale'. It is not used by any node and should be removed from the model.
2026-09-17 11:39:30.6611144 [W:onnxruntime:, graph.cc:5607 onnxruntime::Graph::CleanUnusedInitializersAndNodeArgs] Removing initializer '/model.2/m.0/cv1/act/Sigmoid_output_0_Scale'. It is not used by any node and should be removed from the model.
2026-09-17 11:39:30.6613370 [W:onnxruntime:, graph.cc:5607 onnxruntime::Graph::CleanUnusedInitializersAndNodeArgs] Removing initializer '/model.19/act/Sigmoid_output_0_zero_point'. It is not used by any node and should be removed from the model.
2026-09-17 11:39:30.6615780 [W:onnxruntime:, graph.cc:5607 onnxruntime::Graph::CleanUnusedInitializersAndNodeArgs] Removing initializer '/model.22/cv2.1/cv2.1.0/act/Sigmoid_output_0_zero_point'. It is not used by any node and should be removed from the model.
2026-09-17 11:39:30.6617835 [W:onnxruntime:, graph.cc:5607 onnxruntime::Graph::CleanUnusedInitializersAndNodeArgs] Removing initializer '/model.22/cv3.1/cv3.1.0/act/Sigmoid_output_0_zero_point'. It is not used by any node and should be removed from the model.
2026-09-17 11:39:30.6620004 [W:onnxruntime:, graph.cc:5607 onnxruntime::Graph::CleanUnusedInitializersAndNodeArgs] Removing initializer '/model.22/cv2.1/cv2.1.1/act/Sigmoid_output_0_zero_point'. It is not used by any node and should be removed from the model.
2026-09-17 11:39:30.6622013 [W:onnxruntime:, graph.cc:5607 onnxruntime::Graph::CleanUnusedInitializersAndNodeArgs] Removing initializer '/model.22/cv2.1/cv2.1.1/act/Sigmoid_output_0_scale'. It is not used by any node and should be removed from the model.
2026-09-17 11:39:30.6624343 [W:onnxruntime:, graph.cc:5607 onnxruntime::Graph::CleanUnusedInitializersAndNodeArgs] Removing initializer '/model.22/cv3.1/cv3.1.1/act/Sigmoid_output_0_zero_point'. It is not used by any node and should be removed from the model.
2026-09-17 11:39:30.6626345 [W:onnxruntime:, graph.cc:5607 onnxruntime::Graph::CleanUnusedInitializersAndNodeArgs] Removing initializer '/model.22/cv3.1/cv3.1.1/act/Sigmoid_output_0_scale'. It is not used by any node and should be removed from the model.
2026-09-17 11:39:30.6628354 [W:onnxruntime:, graph.cc:5607 onnxruntime::Graph::CleanUnusedInitializersAndNodeArgs] Removing initializer '/model.21/m.0/cv1/act/Sigmoid_output_0_zero_point'. It is not used by any node and should be removed from the model.
2026-09-17 11:39:30.6630500 [W:onnxruntime:, graph.cc:5607 onnxruntime::Graph::CleanUnusedInitializersAndNodeArgs] Removing initializer '/model.21/m.0/cv1/act/Sigmoid_output_0_scale'. It is not used by any node and should be removed from the model.
2026-09-17 11:39:30.6632792 [W:onnxruntime:, graph.cc:5607 onnxruntime::Graph::CleanUnusedInitializersAndNodeArgs] Removing initializer '/model.21/m.0/cv2/act/Sigmoid_output_0_zero_point'. It is not used by any node and should be removed from the model.
2026-09-17 11:39:30.6634865 [W:onnxruntime:, graph.cc:5607 onnxruntime::Graph::CleanUnusedInitializersAndNodeArgs] Removing initializer '/model.21/cv2/act/Sigmoid_output_0_zero_point'. It is not used by any node and should be removed from the model.
2026-09-17 11:39:30.6636931 [W:onnxruntime:, graph.cc:5607 onnxruntime::Graph::CleanUnusedInitializersAndNodeArgs] Removing initializer '/model.22/cv2.2/cv2.2.0/act/Sigmoid_output_0_scale'. It is not used by any node and should be removed from the model.
2026-09-17 11:39:30.6638987 [W:onnxruntime:, graph.cc:5607 onnxruntime::Graph::CleanUnusedInitializersAndNodeArgs] Removing initializer '/model.22/cv3.2/cv3.2.0/act/Sigmoid_output_0_zero_point'. It is not used by any node and should be removed from the model.
2026-09-17 11:39:30.6641187 [W:onnxruntime:, graph.cc:5607 onnxruntime::Graph::CleanUnusedInitializersAndNodeArgs] Removing initializer '/model.21/cv2/act/Sigmoid_output_0_Scale'. It is not used by any node and should be removed from the model.
2026-09-17 11:39:30.6643339 [W:onnxruntime:, graph.cc:5607 onnxruntime::Graph::CleanUnusedInitializersAndNodeArgs] Removing initializer '/model.22/cv2.2/cv2.2.1/act/Sigmoid_output_0_zero_point'. It is not used by any node and should be removed from the model.
2026-09-17 11:39:30.6646146 [W:onnxruntime:, graph.cc:5607 onnxruntime::Graph::CleanUnusedInitializersAndNodeArgs] Removing initializer '/model.22/cv2.2/cv2.2.1/act/Sigmoid_output_0_scale'. It is not used by any node and should be removed from the model.
2026-09-17 11:39:30.6649407 [W:onnxruntime:, graph.cc:5607 onnxruntime::Graph::CleanUnusedInitializersAndNodeArgs] Removing initializer '/model.22/cv3.2/cv3.2.1/act/Sigmoid_output_0_zero_point'. It is not used by any node and should be removed from the model.
2026-09-17 11:39:30.6652947 [W:onnxruntime:, graph.cc:5607 onnxruntime::Graph::CleanUnusedInitializersAndNodeArgs] Removing initializer '/model.8/cv2/act/Sigmoid_output_0_Scale'. It is not used by any node and should be removed from the model.
2026-09-17 11:39:30.6656631 [W:onnxruntime:, graph.cc:5607 onnxruntime::Graph::CleanUnusedInitializersAndNodeArgs] Removing initializer '/model.22/cv2.2/cv2.2.1/act/Sigmoid_output_0_Scale'. It is not used by any node and should be removed from the model.
2026-09-17 11:39:30.6660183 [W:onnxruntime:, graph.cc:5607 onnxruntime::Graph::CleanUnusedInitializersAndNodeArgs] Removing initializer '/model.2/cv2/act/Sigmoid_output_0_Scale'. It is not used by any node and should be removed from the model.
2026-09-17 11:39:30.6663243 [W:onnxruntime:, graph.cc:5607 onnxruntime::Graph::CleanUnusedInitializersAndNodeArgs] Removing initializer '/model.4/m.0/cv1/act/Sigmoid_output_0_Scale'. It is not used by any node and should be removed from the model.
2026-09-17 11:39:30.6666293 [W:onnxruntime:, graph.cc:5607 onnxruntime::Graph::CleanUnusedInitializersAndNodeArgs] Removing initializer '/model.8/m.0/cv1/act/Sigmoid_output_0_Scale'. It is not used by any node and should be removed from the model.
2026-09-17 11:39:30.6668892 [W:onnxruntime:, graph.cc:5607 onnxruntime::Graph::CleanUnusedInitializersAndNodeArgs] Removing initializer '/model.1/act/Sigmoid_output_0_Scale'. It is not used by any node and should be removed from the model.
2026-09-17 11:39:30.6670792 [W:onnxruntime:, graph.cc:5607 onnxruntime::Graph::CleanUnusedInitializersAndNodeArgs] Removing initializer '/model.2/cv1/act/Sigmoid_output_0_Scale'. It is not used by any node and should be removed from the model.
2026-09-17 11:39:30.6672973 [W:onnxruntime:, graph.cc:5607 onnxruntime::Graph::CleanUnusedInitializersAndNodeArgs] Removing initializer '/model.2/m.0/cv2/act/Sigmoid_output_0_Scale'. It is not used by any node and should be removed from the model.
2026-09-17 11:39:30.6675381 [W:onnxruntime:, graph.cc:5607 onnxruntime::Graph::CleanUnusedInitializersAndNodeArgs] Removing initializer '/model.3/act/Sigmoid_output_0_Scale'. It is not used by any node and should be removed from the model.
2026-09-17 11:39:30.6677316 [W:onnxruntime:, graph.cc:5607 onnxruntime::Graph::CleanUnusedInitializersAndNodeArgs] Removing initializer '/model.4/m.0/cv2/act/Sigmoid_output_0_Scale'. It is not used by any node and should be removed from the model.
2026-09-17 11:39:30.6679419 [W:onnxruntime:, graph.cc:5607 onnxruntime::Graph::CleanUnusedInitializersAndNodeArgs] Removing initializer '/model.4/m.1/cv1/act/Sigmoid_output_0_Scale'. It is not used by any node and should be removed from the model.
2026-09-17 11:39:30.6682388 [W:onnxruntime:, graph.cc:5607 onnxruntime::Graph::CleanUnusedInitializersAndNodeArgs] Removing initializer '/model.6/cv1/act/Sigmoid_output_0_Scale'. It is not used by any node and should be removed from the model.
2026-09-17 11:39:30.6685535 [W:onnxruntime:, graph.cc:5607 onnxruntime::Graph::CleanUnusedInitializersAndNodeArgs] Removing initializer '/model.6/m.0/cv1/act/Sigmoid_output_0_Scale'. It is not used by any node and should be removed from the model.
2026-09-17 11:39:30.6688652 [W:onnxruntime:, graph.cc:5607 onnxruntime::Graph::CleanUnusedInitializersAndNodeArgs] Removing initializer '/model.6/m.1/cv2/act/Sigmoid_output_0_Scale'. It is not used by any node and should be removed from the model.
2026-09-17 11:39:30.6691737 [W:onnxruntime:, graph.cc:5607 onnxruntime::Graph::CleanUnusedInitializersAndNodeArgs] Removing initializer '/model.7/act/Sigmoid_output_0_Scale'. It is not used by any node and should be removed from the model.
2026-09-17 11:39:30.6693985 [W:onnxruntime:, graph.cc:5607 onnxruntime::Graph::CleanUnusedInitializersAndNodeArgs] Removing initializer '/model.8/cv1/act/Sigmoid_output_0_Scale'. It is not used by any node and should be removed from the model.
2026-09-17 11:39:30.6696153 [W:onnxruntime:, graph.cc:5607 onnxruntime::Graph::CleanUnusedInitializersAndNodeArgs] Removing initializer '/model.12/cv1/act/Sigmoid_output_0_Scale'. It is not used by any node and should be removed from the model.
2026-09-17 11:39:30.6698384 [W:onnxruntime:, graph.cc:5607 onnxruntime::Graph::CleanUnusedInitializersAndNodeArgs] Removing initializer '/model.12/m.0/cv2/act/Sigmoid_output_0_Scale'. It is not used by any node and should be removed from the model.
2026-09-17 11:39:30.6700621 [W:onnxruntime:, graph.cc:5607 onnxruntime::Graph::CleanUnusedInitializersAndNodeArgs] Removing initializer '/model.15/cv1/act/Sigmoid_output_0_Scale'. It is not used by any node and should be removed from the model.
2026-09-17 11:39:30.6702722 [W:onnxruntime:, graph.cc:5607 onnxruntime::Graph::CleanUnusedInitializersAndNodeArgs] Removing initializer '/model.15/m.0/cv1/act/Sigmoid_output_0_Scale'. It is not used by any node and should be removed from the model.
2026-09-17 11:39:30.6704499 [W:onnxruntime:, graph.cc:5607 onnxruntime::Graph::CleanUnusedInitializersAndNodeArgs] Removing initializer '/model.15/m.0/cv2/act/Sigmoid_output_0_Scale'. It is not used by any node and should be removed from the model.
2026-09-17 11:39:30.6706700 [W:onnxruntime:, graph.cc:5607 onnxruntime::Graph::CleanUnusedInitializersAndNodeArgs] Removing initializer '/model.18/cv1/act/Sigmoid_output_0_Scale'. It is not used by any node and should be removed from the model.
2026-09-17 11:39:30.6708618 [W:onnxruntime:, graph.cc:5607 onnxruntime::Graph::CleanUnusedInitializersAndNodeArgs] Removing initializer '/model.18/m.0/cv1/act/Sigmoid_output_0_Scale'. It is not used by any node and should be removed from the model.
2026-09-17 11:39:30.6710606 [W:onnxruntime:, graph.cc:5607 onnxruntime::Graph::CleanUnusedInitializersAndNodeArgs] Removing initializer '/model.18/cv2/act/Sigmoid_output_0_Scale'. It is not used by any node and should be removed from the model.
2026-09-17 11:39:30.6712626 [W:onnxruntime:, graph.cc:5607 onnxruntime::Graph::CleanUnusedInitializersAndNodeArgs] Removing initializer '/model.22/cv2.1/cv2.1.0/act/Sigmoid_output_0_Scale'. It is not used by any node and should be removed from the model.
2026-09-17 11:39:30.6714741 [W:onnxruntime:, graph.cc:5607 onnxruntime::Graph::CleanUnusedInitializersAndNodeArgs] Removing initializer '/model.22/cv2.1/cv2.1.1/act/Sigmoid_output_0_Scale'. It is not used by any node and should be removed from the model.
2026-09-17 11:39:30.6716753 [W:onnxruntime:, graph.cc:5607 onnxruntime::Graph::CleanUnusedInitializersAndNodeArgs] Removing initializer '/model.21/cv1/act/Sigmoid_output_0_Scale'. It is not used by any node and should be removed from the model.
2026-09-17 11:39:30.6718733 [W:onnxruntime:, graph.cc:5607 onnxruntime::Graph::CleanUnusedInitializersAndNodeArgs] Removing initializer '/model.22/cv3.2/cv3.2.0/act/Sigmoid_output_0_Scale'. It is not used by any node and should be removed from the model.
[Ignition] Native XDNA1 NPU backend active (Device 0)
[Ignition] task: detect
[Ignition] power mode performance: 16 worker threads, spinning between regions (8 cores / 16 threads on this host)
[Ignition] source: image bus.jpg 810x1080
[Ignition] NPU power mode: default kept: the performance power mode leaves the NPU's mode alone
[Ignition] shutdown: source released, window closed, NPU hardware context released
[summary] stop: frame limit | 550 frames processed (50 warm-up, 500 timed) | 1 distinct source frames | image bus.jpg 810x1080
[summary] NPU power mode: default kept: the performance power mode leaves the NPU's mode alone
[summary] G2G mean 8.083 ms | P50 8.086 | P95 8.170 | P99 8.417 | max 9.499 | over the last 500 timed frames; cold first frame 11.18 ms
[summary] stage means (ms): preprocess 0.409 | NPU forward 7.547 (dispatch 7.413, readback 0.134) | decode+NMS 0.121
[summary] boxes from NPU heads on 500/500 timed frames | 5.00 detections per frame
[summary] RSS 191.7 MB at the first timed frame, 191.7 MB at the end (+0.00 MB over 500 frames)
[summary] wrote <scratch>\rel033_sitting\ign_yolov8n_performance_1.json
== 2026-09-17T15:39:35Z [ignition yolov8n sigmoid performance #1] exit 0 after 5.8 s

== 2026-09-17T15:39:35Z [ignition yolov8n hardsigmoid control balanced #1] $ <conda envs>\mlir-aie-iron\python.exe live_ignition.py --model <ignite-xdna main>\build\yolov8n_full_hardsigmoid.ignite --source <Ignition main>\examples\assets\bus.jpg --headless --warmup 50 --frames 500 --json <scratch>\rel033_sitting\ign_yolov8n_control_1.json
[Ignition] loading <ignite-xdna main>\build\yolov8n_full_hardsigmoid.ignite (bare-metal .ignite container)
[Ignition] Native XDNA1 NPU backend active (Device 0)
[Ignition] task: detect
[Ignition] power mode balanced: 8 worker threads, sleeping between regions (8 cores / 16 threads on this host)
[Ignition] source: image bus.jpg 810x1080
[Ignition] NPU power mode: default kept: the balanced power mode leaves the NPU's mode alone
[Ignition] shutdown: source released, window closed, NPU hardware context released
[summary] stop: frame limit | 550 frames processed (50 warm-up, 500 timed) | 1 distinct source frames | image bus.jpg 810x1080
[summary] NPU power mode: default kept: the balanced power mode leaves the NPU's mode alone
[summary] G2G mean 8.262 ms | P50 8.211 | P95 8.610 | P99 8.960 | max 9.428 | over the last 500 timed frames; cold first frame 10.92 ms
[summary] stage means (ms): preprocess 0.625 | NPU forward 7.496 (dispatch 7.225, readback 0.271) | decode+NMS 0.134
[summary] boxes from NPU heads on 500/500 timed frames | 5.00 detections per frame
[summary] RSS 190.7 MB at the first timed frame, 190.7 MB at the end (+0.00 MB over 500 frames)
[summary] wrote <scratch>\rel033_sitting\ign_yolov8n_control_1.json
== 2026-09-17T15:39:40Z [ignition yolov8n hardsigmoid control balanced #1] exit 0 after 5.1 s
[cpu] CPU 6.9 % over 2 s; busiest System Idle Process 0, System 0,  0, Registry 0
[xrt-smi before yolov8n #2] [003d:00:01.1] : NPU Phoenix | AIE Partitions | No hardware contexts running on device

== 2026-09-17T15:39:43Z [amd yolov8n #2] $ <conda envs>\resnet_env17\python.exe <ignite-xdna main>\tools\amd_vitisai_yolo.py --model <ignite-xdna main>\models\yolov8n_cut_xint8.onnx --image <Ignition main>\examples\assets\bus.jpg --ignition-src <Ignition main>\src --cache-dir <scratch>\vitisai_cache --cache-key yolov8n_energy --xclbin <ignite-xdna main>\yolocutcachekey\4x4.xclbin --warmup 50 --iterations 500 --json <scratch>\rel033_sitting\amd_yolov8n_2.json
[amd] ort 1.23.3.dev20260320 | model yolov8n_cut_xint8.onnx | session load 0.39 s | EP report node devices report not found
[amd] G2G mean 10.424 ms | P50 10.519 | P95 10.965 | P99 11.456 | max 12.136 | over 500 timed frames after 50 warm-up
[amd] stage means (ms): letterbox 1.798 | session.run 6.576 | decode+NMS 2.050
[amd] detections on the last frame: 5 {'person': 4, 'bus': 1} | RSS 304.7 MB
== 2026-09-17T15:39:49Z [amd yolov8n #2] exit 0 after 6.4 s

== 2026-09-17T15:39:49Z [ignition yolov8n sigmoid balanced #2] $ <conda envs>\mlir-aie-iron\python.exe live_ignition.py --model <ignite-xdna main>\build\yolov8n_full.ignite --source <Ignition main>\examples\assets\bus.jpg --headless --warmup 50 --frames 500 --json <scratch>\rel033_sitting\ign_yolov8n_balanced_2.json
[Ignition] loading <ignite-xdna main>\build\yolov8n_full.ignite (bare-metal .ignite container)
2026-09-17 11:39:51.0004054 [W:onnxruntime:, graph.cc:5607 onnxruntime::Graph::CleanUnusedInitializersAndNodeArgs] Removing initializer '/model.15/m.0/cv1/act/Sigmoid_output_0_zero_point'. It is not used by any node and should be removed from the model.
2026-09-17 11:39:51.0007603 [W:onnxruntime:, graph.cc:5607 onnxruntime::Graph::CleanUnusedInitializersAndNodeArgs] Removing initializer '/model.15/cv2/act/Sigmoid_output_0_Scale'. It is not used by any node and should be removed from the model.
2026-09-17 11:39:51.0010643 [W:onnxruntime:, graph.cc:5607 onnxruntime::Graph::CleanUnusedInitializersAndNodeArgs] Removing initializer '/model.15/m.0/cv1/act/Sigmoid_output_0_scale'. It is not used by any node and should be removed from the model.
2026-09-17 11:39:51.0013605 [W:onnxruntime:, graph.cc:5607 onnxruntime::Graph::CleanUnusedInitializersAndNodeArgs] Removing initializer '/model.22/cv3.2/cv3.2.1/act/Sigmoid_output_0_scale'. It is not used by any node and should be removed from the model.
2026-09-17 11:39:51.0016664 [W:onnxruntime:, graph.cc:5607 onnxruntime::Graph::CleanUnusedInitializersAndNodeArgs] Removing initializer '/model.2/cv1/act/Sigmoid_output_0_scale'. It is not used by any node and should be removed from the model.
2026-09-17 11:39:51.0019471 [W:onnxruntime:, graph.cc:5607 onnxruntime::Graph::CleanUnusedInitializersAndNodeArgs] Removing initializer '/model.2/cv1/act/Sigmoid_output_0_zero_point'. It is not used by any node and should be removed from the model.
2026-09-17 11:39:51.0022354 [W:onnxruntime:, graph.cc:5607 onnxruntime::Graph::CleanUnusedInitializersAndNodeArgs] Removing initializer '/model.9/cv1/act/Sigmoid_output_0_scale'. It is not used by any node and should be removed from the model.
2026-09-17 11:39:51.0025392 [W:onnxruntime:, graph.cc:5607 onnxruntime::Graph::CleanUnusedInitializersAndNodeArgs] Removing initializer '/model.0/act/Sigmoid_output_0_zero_point'. It is not used by any node and should be removed from the model.
2026-09-17 11:39:51.0028156 [W:onnxruntime:, graph.cc:5607 onnxruntime::Graph::CleanUnusedInitializersAndNodeArgs] Removing initializer '/model.8/m.0/cv2/act/Sigmoid_output_0_Scale'. It is not used by any node and should be removed from the model.
2026-09-17 11:39:51.0031100 [W:onnxruntime:, graph.cc:5607 onnxruntime::Graph::CleanUnusedInitializersAndNodeArgs] Removing initializer '/model.6/m.1/cv1/act/Sigmoid_output_0_scale'. It is not used by any node and should be removed from the model.
2026-09-17 11:39:51.0033970 [W:onnxruntime:, graph.cc:5607 onnxruntime::Graph::CleanUnusedInitializersAndNodeArgs] Removing initializer '/model.0/act/Sigmoid_output_0_scale'. It is not used by any node and should be removed from the model.
2026-09-17 11:39:51.0036710 [W:onnxruntime:, graph.cc:5607 onnxruntime::Graph::CleanUnusedInitializersAndNodeArgs] Removing initializer '/model.4/cv2/act/Sigmoid_output_0_Scale'. It is not used by any node and should be removed from the model.
2026-09-17 11:39:51.0039650 [W:onnxruntime:, graph.cc:5607 onnxruntime::Graph::CleanUnusedInitializersAndNodeArgs] Removing initializer '/model.22/cv2.0/cv2.0.0/act/Sigmoid_output_0_scale'. It is not used by any node and should be removed from the model.
2026-09-17 11:39:51.0042539 [W:onnxruntime:, graph.cc:5607 onnxruntime::Graph::CleanUnusedInitializersAndNodeArgs] Removing initializer '/model.21/cv1/act/Sigmoid_output_0_scale'. It is not used by any node and should be removed from the model.
2026-09-17 11:39:51.0045319 [W:onnxruntime:, graph.cc:5607 onnxruntime::Graph::CleanUnusedInitializersAndNodeArgs] Removing initializer '/model.21/cv1/act/Sigmoid_output_0_zero_point'. It is not used by any node and should be removed from the model.
2026-09-17 11:39:51.0048240 [W:onnxruntime:, graph.cc:5607 onnxruntime::Graph::CleanUnusedInitializersAndNodeArgs] Removing initializer '/model.22/cv3.2/cv3.2.0/act/Sigmoid_output_0_scale'. It is not used by any node and should be removed from the model.
2026-09-17 11:39:51.0051126 [W:onnxruntime:, graph.cc:5607 onnxruntime::Graph::CleanUnusedInitializersAndNodeArgs] Removing initializer '/model.1/act/Sigmoid_output_0_zero_point'. It is not used by any node and should be removed from the model.
2026-09-17 11:39:51.0053908 [W:onnxruntime:, graph.cc:5607 onnxruntime::Graph::CleanUnusedInitializersAndNodeArgs] Removing initializer '/model.1/act/Sigmoid_output_0_scale'. It is not used by any node and should be removed from the model.
2026-09-17 11:39:51.0056959 [W:onnxruntime:, graph.cc:5607 onnxruntime::Graph::CleanUnusedInitializersAndNodeArgs] Removing initializer '/model.8/m.0/cv2/act/Sigmoid_output_0_zero_point'. It is not used by any node and should be removed from the model.
2026-09-17 11:39:51.0059789 [W:onnxruntime:, graph.cc:5607 onnxruntime::Graph::CleanUnusedInitializersAndNodeArgs] Removing initializer '/model.4/m.0/cv2/act/Sigmoid_output_0_zero_point'. It is not used by any node and should be removed from the model.
2026-09-17 11:39:51.0062796 [W:onnxruntime:, graph.cc:5607 onnxruntime::Graph::CleanUnusedInitializersAndNodeArgs] Removing initializer '/model.2/m.0/cv1/act/Sigmoid_output_0_zero_point'. It is not used by any node and should be removed from the model.
2026-09-17 11:39:51.0065718 [W:onnxruntime:, graph.cc:5607 onnxruntime::Graph::CleanUnusedInitializersAndNodeArgs] Removing initializer '/model.2/m.0/cv1/act/Sigmoid_output_0_scale'. It is not used by any node and should be removed from the model.
2026-09-17 11:39:51.0068557 [W:onnxruntime:, graph.cc:5607 onnxruntime::Graph::CleanUnusedInitializersAndNodeArgs] Removing initializer '/model.6/cv2/act/Sigmoid_output_0_zero_point'. It is not used by any node and should be removed from the model.
2026-09-17 11:39:51.0071645 [W:onnxruntime:, graph.cc:5607 onnxruntime::Graph::CleanUnusedInitializersAndNodeArgs] Removing initializer '/model.2/m.0/cv2/act/Sigmoid_output_0_zero_point'. It is not used by any node and should be removed from the model.
2026-09-17 11:39:51.0074583 [W:onnxruntime:, graph.cc:5607 onnxruntime::Graph::CleanUnusedInitializersAndNodeArgs] Removing initializer '/model.2/m.0/cv2/act/Sigmoid_output_0_scale'. It is not used by any node and should be removed from the model.
2026-09-17 11:39:51.0077436 [W:onnxruntime:, graph.cc:5607 onnxruntime::Graph::CleanUnusedInitializersAndNodeArgs] Removing initializer '/model.22/cv3.0/cv3.0.0/act/Sigmoid_output_0_zero_point'. It is not used by any node and should be removed from the model.
2026-09-17 11:39:51.0080452 [W:onnxruntime:, graph.cc:5607 onnxruntime::Graph::CleanUnusedInitializersAndNodeArgs] Removing initializer '/model.6/m.0/cv2/act/Sigmoid_output_0_Scale'. It is not used by any node and should be removed from the model.
2026-09-17 11:39:51.0083290 [W:onnxruntime:, graph.cc:5607 onnxruntime::Graph::CleanUnusedInitializersAndNodeArgs] Removing initializer '/model.3/act/Sigmoid_output_0_zero_point'. It is not used by any node and should be removed from the model.
2026-09-17 11:39:51.0086193 [W:onnxruntime:, graph.cc:5607 onnxruntime::Graph::CleanUnusedInitializersAndNodeArgs] Removing initializer '/model.12/cv1/act/Sigmoid_output_0_scale'. It is not used by any node and should be removed from the model.
2026-09-17 11:39:51.0089190 [W:onnxruntime:, graph.cc:5607 onnxruntime::Graph::CleanUnusedInitializersAndNodeArgs] Removing initializer '/model.2/cv2/act/Sigmoid_output_0_zero_point'. It is not used by any node and should be removed from the model.
2026-09-17 11:39:51.0092010 [W:onnxruntime:, graph.cc:5607 onnxruntime::Graph::CleanUnusedInitializersAndNodeArgs] Removing initializer '/model.2/cv2/act/Sigmoid_output_0_scale'. It is not used by any node and should be removed from the model.
2026-09-17 11:39:51.0094927 [W:onnxruntime:, graph.cc:5607 onnxruntime::Graph::CleanUnusedInitializersAndNodeArgs] Removing initializer '/model.6/cv1/act/Sigmoid_output_0_zero_point'. It is not used by any node and should be removed from the model.
2026-09-17 11:39:51.0097600 [W:onnxruntime:, graph.cc:5607 onnxruntime::Graph::CleanUnusedInitializersAndNodeArgs] Removing initializer '/model.6/cv2/act/Sigmoid_output_0_Scale'. It is not used by any node and should be removed from the model.
2026-09-17 11:39:51.0100081 [W:onnxruntime:, graph.cc:5607 onnxruntime::Graph::CleanUnusedInitializersAndNodeArgs] Removing initializer '/model.22/cv3.0/cv3.0.0/act/Sigmoid_output_0_scale'. It is not used by any node and should be removed from the model.
2026-09-17 11:39:51.0102939 [W:onnxruntime:, graph.cc:5607 onnxruntime::Graph::CleanUnusedInitializersAndNodeArgs] Removing initializer '/model.22/cv3.1/cv3.1.0/act/Sigmoid_output_0_Scale'. It is not used by any node and should be removed from the model.
2026-09-17 11:39:51.0105575 [W:onnxruntime:, graph.cc:5607 onnxruntime::Graph::CleanUnusedInitializersAndNodeArgs] Removing initializer '/model.3/act/Sigmoid_output_0_scale'. It is not used by any node and should be removed from the model.
2026-09-17 11:39:51.0107978 [W:onnxruntime:, graph.cc:5607 onnxruntime::Graph::CleanUnusedInitializersAndNodeArgs] Removing initializer '/model.12/cv2/act/Sigmoid_output_0_Scale'. It is not used by any node and should be removed from the model.
2026-09-17 11:39:51.0110476 [W:onnxruntime:, graph.cc:5607 onnxruntime::Graph::CleanUnusedInitializersAndNodeArgs] Removing initializer '/model.0/act/Sigmoid_output_0_Scale'. It is not used by any node and should be removed from the model.
2026-09-17 11:39:51.0112742 [W:onnxruntime:, graph.cc:5607 onnxruntime::Graph::CleanUnusedInitializersAndNodeArgs] Removing initializer '/model.4/cv1/act/Sigmoid_output_0_zero_point'. It is not used by any node and should be removed from the model.
2026-09-17 11:39:51.0115123 [W:onnxruntime:, graph.cc:5607 onnxruntime::Graph::CleanUnusedInitializersAndNodeArgs] Removing initializer '/model.4/cv1/act/Sigmoid_output_0_scale'. It is not used by any node and should be removed from the model.
2026-09-17 11:39:51.0117284 [W:onnxruntime:, graph.cc:5607 onnxruntime::Graph::CleanUnusedInitializersAndNodeArgs] Removing initializer '/model.22/cv3.2/cv3.2.1/act/Sigmoid_output_0_Scale'. It is not used by any node and should be removed from the model.
2026-09-17 11:39:51.0119607 [W:onnxruntime:, graph.cc:5607 onnxruntime::Graph::CleanUnusedInitializersAndNodeArgs] Removing initializer '/model.6/m.1/cv1/act/Sigmoid_output_0_Scale'. It is not used by any node and should be removed from the model.
2026-09-17 11:39:51.0121839 [W:onnxruntime:, graph.cc:5607 onnxruntime::Graph::CleanUnusedInitializersAndNodeArgs] Removing initializer '/model.4/m.1/cv2/act/Sigmoid_output_0_zero_point'. It is not used by any node and should be removed from the model.
2026-09-17 11:39:51.0124395 [W:onnxruntime:, graph.cc:5607 onnxruntime::Graph::CleanUnusedInitializersAndNodeArgs] Removing initializer '/model.8/m.0/cv2/act/Sigmoid_output_0_scale'. It is not used by any node and should be removed from the model.
2026-09-17 11:39:51.0126873 [W:onnxruntime:, graph.cc:5607 onnxruntime::Graph::CleanUnusedInitializersAndNodeArgs] Removing initializer '/model.4/m.0/cv1/act/Sigmoid_output_0_zero_point'. It is not used by any node and should be removed from the model.
2026-09-17 11:39:51.0129109 [W:onnxruntime:, graph.cc:5607 onnxruntime::Graph::CleanUnusedInitializersAndNodeArgs] Removing initializer '/model.4/m.0/cv1/act/Sigmoid_output_0_scale'. It is not used by any node and should be removed from the model.
2026-09-17 11:39:51.0131439 [W:onnxruntime:, graph.cc:5607 onnxruntime::Graph::CleanUnusedInitializersAndNodeArgs] Removing initializer '/model.8/cv2/act/Sigmoid_output_0_scale'. It is not used by any node and should be removed from the model.
2026-09-17 11:39:51.0134231 [W:onnxruntime:, graph.cc:5607 onnxruntime::Graph::CleanUnusedInitializersAndNodeArgs] Removing initializer '/model.4/m.0/cv2/act/Sigmoid_output_0_scale'. It is not used by any node and should be removed from the model.
2026-09-17 11:39:51.0137376 [W:onnxruntime:, graph.cc:5607 onnxruntime::Graph::CleanUnusedInitializersAndNodeArgs] Removing initializer '/model.18/cv1/act/Sigmoid_output_0_zero_point'. It is not used by any node and should be removed from the model.
2026-09-17 11:39:51.0140445 [W:onnxruntime:, graph.cc:5607 onnxruntime::Graph::CleanUnusedInitializersAndNodeArgs] Removing initializer '/model.9/cv2/act/Sigmoid_output_0_zero_point'. It is not used by any node and should be removed from the model.
2026-09-17 11:39:51.0143231 [W:onnxruntime:, graph.cc:5607 onnxruntime::Graph::CleanUnusedInitializersAndNodeArgs] Removing initializer '/model.22/cv3.1/cv3.1.1/act/Sigmoid_output_0_Scale'. It is not used by any node and should be removed from the model.
2026-09-17 11:39:51.0146374 [W:onnxruntime:, graph.cc:5607 onnxruntime::Graph::CleanUnusedInitializersAndNodeArgs] Removing initializer '/model.4/m.1/cv1/act/Sigmoid_output_0_zero_point'. It is not used by any node and should be removed from the model.
2026-09-17 11:39:51.0149564 [W:onnxruntime:, graph.cc:5607 onnxruntime::Graph::CleanUnusedInitializersAndNodeArgs] Removing initializer '/model.4/m.1/cv1/act/Sigmoid_output_0_scale'. It is not used by any node and should be removed from the model.
2026-09-17 11:39:51.0151971 [W:onnxruntime:, graph.cc:5607 onnxruntime::Graph::CleanUnusedInitializersAndNodeArgs] Removing initializer '/model.4/m.1/cv2/act/Sigmoid_output_0_scale'. It is not used by any node and should be removed from the model.
2026-09-17 11:39:51.0153915 [W:onnxruntime:, graph.cc:5607 onnxruntime::Graph::CleanUnusedInitializersAndNodeArgs] Removing initializer '/model.6/m.0/cv2/act/Sigmoid_output_0_scale'. It is not used by any node and should be removed from the model.
2026-09-17 11:39:51.0156136 [W:onnxruntime:, graph.cc:5607 onnxruntime::Graph::CleanUnusedInitializersAndNodeArgs] Removing initializer '/model.22/cv2.2/cv2.2.0/act/Sigmoid_output_0_zero_point'. It is not used by any node and should be removed from the model.
2026-09-17 11:39:51.0158389 [W:onnxruntime:, graph.cc:5607 onnxruntime::Graph::CleanUnusedInitializersAndNodeArgs] Removing initializer '/model.19/act/Sigmoid_output_0_Scale'. It is not used by any node and should be removed from the model.
2026-09-17 11:39:51.0160599 [W:onnxruntime:, graph.cc:5607 onnxruntime::Graph::CleanUnusedInitializersAndNodeArgs] Removing initializer '/model.12/cv2/act/Sigmoid_output_0_zero_point'. It is not used by any node and should be removed from the model.
2026-09-17 11:39:51.0162798 [W:onnxruntime:, graph.cc:5607 onnxruntime::Graph::CleanUnusedInitializersAndNodeArgs] Removing initializer '/model.22/cv3.0/cv3.0.1/act/Sigmoid_output_0_scale'. It is not used by any node and should be removed from the model.
2026-09-17 11:39:51.0164923 [W:onnxruntime:, graph.cc:5607 onnxruntime::Graph::CleanUnusedInitializersAndNodeArgs] Removing initializer '/model.4/cv2/act/Sigmoid_output_0_zero_point'. It is not used by any node and should be removed from the model.
2026-09-17 11:39:51.0167075 [W:onnxruntime:, graph.cc:5607 onnxruntime::Graph::CleanUnusedInitializersAndNodeArgs] Removing initializer '/model.4/cv2/act/Sigmoid_output_0_scale'. It is not used by any node and should be removed from the model.
2026-09-17 11:39:51.0169155 [W:onnxruntime:, graph.cc:5607 onnxruntime::Graph::CleanUnusedInitializersAndNodeArgs] Removing initializer '/model.22/cv2.2/cv2.2.0/act/Sigmoid_output_0_Scale'. It is not used by any node and should be removed from the model.
2026-09-17 11:39:51.0171436 [W:onnxruntime:, graph.cc:5607 onnxruntime::Graph::CleanUnusedInitializersAndNodeArgs] Removing initializer '/model.12/m.0/cv1/act/Sigmoid_output_0_scale'. It is not used by any node and should be removed from the model.
2026-09-17 11:39:51.0173804 [W:onnxruntime:, graph.cc:5607 onnxruntime::Graph::CleanUnusedInitializersAndNodeArgs] Removing initializer '/model.12/m.0/cv1/act/Sigmoid_output_0_zero_point'. It is not used by any node and should be removed from the model.
2026-09-17 11:39:51.0176131 [W:onnxruntime:, graph.cc:5607 onnxruntime::Graph::CleanUnusedInitializersAndNodeArgs] Removing initializer '/model.12/m.0/cv1/act/Sigmoid_output_0_Scale'. It is not used by any node and should be removed from the model.
2026-09-17 11:39:51.0178444 [W:onnxruntime:, graph.cc:5607 onnxruntime::Graph::CleanUnusedInitializersAndNodeArgs] Removing initializer '/model.5/act/Sigmoid_output_0_zero_point'. It is not used by any node and should be removed from the model.
2026-09-17 11:39:51.0180711 [W:onnxruntime:, graph.cc:5607 onnxruntime::Graph::CleanUnusedInitializersAndNodeArgs] Removing initializer '/model.5/act/Sigmoid_output_0_scale'. It is not used by any node and should be removed from the model.
2026-09-17 11:39:51.0182702 [W:onnxruntime:, graph.cc:5607 onnxruntime::Graph::CleanUnusedInitializersAndNodeArgs] Removing initializer '/model.15/cv2/act/Sigmoid_output_0_scale'. It is not used by any node and should be removed from the model.
2026-09-17 11:39:51.0184863 [W:onnxruntime:, graph.cc:5607 onnxruntime::Graph::CleanUnusedInitializersAndNodeArgs] Removing initializer '/model.6/cv1/act/Sigmoid_output_0_scale'. It is not used by any node and should be removed from the model.
2026-09-17 11:39:51.0186866 [W:onnxruntime:, graph.cc:5607 onnxruntime::Graph::CleanUnusedInitializersAndNodeArgs] Removing initializer '/model.9/cv2/act/Sigmoid_output_0_Scale'. It is not used by any node and should be removed from the model.
2026-09-17 11:39:51.0189115 [W:onnxruntime:, graph.cc:5607 onnxruntime::Graph::CleanUnusedInitializersAndNodeArgs] Removing initializer '/model.22/cv3.0/cv3.0.0/act/Sigmoid_output_0_Scale'. It is not used by any node and should be removed from the model.
2026-09-17 11:39:51.0191199 [W:onnxruntime:, graph.cc:5607 onnxruntime::Graph::CleanUnusedInitializersAndNodeArgs] Removing initializer '/model.6/cv2/act/Sigmoid_output_0_scale'. It is not used by any node and should be removed from the model.
2026-09-17 11:39:51.0193149 [W:onnxruntime:, graph.cc:5607 onnxruntime::Graph::CleanUnusedInitializersAndNodeArgs] Removing initializer '/model.22/cv3.1/cv3.1.0/act/Sigmoid_output_0_scale'. It is not used by any node and should be removed from the model.
2026-09-17 11:39:51.0195533 [W:onnxruntime:, graph.cc:5607 onnxruntime::Graph::CleanUnusedInitializersAndNodeArgs] Removing initializer '/model.6/m.0/cv1/act/Sigmoid_output_0_zero_point'. It is not used by any node and should be removed from the model.
2026-09-17 11:39:51.0197718 [W:onnxruntime:, graph.cc:5607 onnxruntime::Graph::CleanUnusedInitializersAndNodeArgs] Removing initializer '/model.6/m.0/cv1/act/Sigmoid_output_0_scale'. It is not used by any node and should be removed from the model.
2026-09-17 11:39:51.0200048 [W:onnxruntime:, graph.cc:5607 onnxruntime::Graph::CleanUnusedInitializersAndNodeArgs] Removing initializer '/model.6/m.1/cv2/act/Sigmoid_output_0_scale'. It is not used by any node and should be removed from the model.
2026-09-17 11:39:51.0202304 [W:onnxruntime:, graph.cc:5607 onnxruntime::Graph::CleanUnusedInitializersAndNodeArgs] Removing initializer '/model.21/m.0/cv2/act/Sigmoid_output_0_Scale'. It is not used by any node and should be removed from the model.
2026-09-17 11:39:51.0204425 [W:onnxruntime:, graph.cc:5607 onnxruntime::Graph::CleanUnusedInitializersAndNodeArgs] Removing initializer '/model.6/m.0/cv2/act/Sigmoid_output_0_zero_point'. It is not used by any node and should be removed from the model.
2026-09-17 11:39:51.0206585 [W:onnxruntime:, graph.cc:5607 onnxruntime::Graph::CleanUnusedInitializersAndNodeArgs] Removing initializer '/model.21/m.0/cv2/act/Sigmoid_output_0_scale'. It is not used by any node and should be removed from the model.
2026-09-17 11:39:51.0208726 [W:onnxruntime:, graph.cc:5607 onnxruntime::Graph::CleanUnusedInitializersAndNodeArgs] Removing initializer '/model.6/m.1/cv1/act/Sigmoid_output_0_zero_point'. It is not used by any node and should be removed from the model.
2026-09-17 11:39:51.0211231 [W:onnxruntime:, graph.cc:5607 onnxruntime::Graph::CleanUnusedInitializersAndNodeArgs] Removing initializer '/model.6/m.1/cv2/act/Sigmoid_output_0_zero_point'. It is not used by any node and should be removed from the model.
2026-09-17 11:39:51.0213715 [W:onnxruntime:, graph.cc:5607 onnxruntime::Graph::CleanUnusedInitializersAndNodeArgs] Removing initializer '/model.7/act/Sigmoid_output_0_zero_point'. It is not used by any node and should be removed from the model.
2026-09-17 11:39:51.0216326 [W:onnxruntime:, graph.cc:5607 onnxruntime::Graph::CleanUnusedInitializersAndNodeArgs] Removing initializer '/model.22/cv2.0/cv2.0.1/act/Sigmoid_output_0_Scale'. It is not used by any node and should be removed from the model.
2026-09-17 11:39:51.0218917 [W:onnxruntime:, graph.cc:5607 onnxruntime::Graph::CleanUnusedInitializersAndNodeArgs] Removing initializer '/model.7/act/Sigmoid_output_0_scale'. It is not used by any node and should be removed from the model.
2026-09-17 11:39:51.0221281 [W:onnxruntime:, graph.cc:5607 onnxruntime::Graph::CleanUnusedInitializersAndNodeArgs] Removing initializer '/model.8/cv1/act/Sigmoid_output_0_zero_point'. It is not used by any node and should be removed from the model.
2026-09-17 11:39:51.0224086 [W:onnxruntime:, graph.cc:5607 onnxruntime::Graph::CleanUnusedInitializersAndNodeArgs] Removing initializer '/model.8/cv1/act/Sigmoid_output_0_scale'. It is not used by any node and should be removed from the model.
2026-09-17 11:39:51.0227522 [W:onnxruntime:, graph.cc:5607 onnxruntime::Graph::CleanUnusedInitializersAndNodeArgs] Removing initializer '/model.22/cv3.0/cv3.0.1/act/Sigmoid_output_0_Scale'. It is not used by any node and should be removed from the model.
2026-09-17 11:39:51.0230543 [W:onnxruntime:, graph.cc:5607 onnxruntime::Graph::CleanUnusedInitializersAndNodeArgs] Removing initializer '/model.8/m.0/cv1/act/Sigmoid_output_0_zero_point'. It is not used by any node and should be removed from the model.
2026-09-17 11:39:51.0233039 [W:onnxruntime:, graph.cc:5607 onnxruntime::Graph::CleanUnusedInitializersAndNodeArgs] Removing initializer '/model.8/m.0/cv1/act/Sigmoid_output_0_scale'. It is not used by any node and should be removed from the model.
2026-09-17 11:39:51.0235459 [W:onnxruntime:, graph.cc:5607 onnxruntime::Graph::CleanUnusedInitializersAndNodeArgs] Removing initializer '/model.15/m.0/cv2/act/Sigmoid_output_0_scale'. It is not used by any node and should be removed from the model.
2026-09-17 11:39:51.0237669 [W:onnxruntime:, graph.cc:5607 onnxruntime::Graph::CleanUnusedInitializersAndNodeArgs] Removing initializer '/model.5/act/Sigmoid_output_0_Scale'. It is not used by any node and should be removed from the model.
2026-09-17 11:39:51.0239782 [W:onnxruntime:, graph.cc:5607 onnxruntime::Graph::CleanUnusedInitializersAndNodeArgs] Removing initializer '/model.22/cv2.0/cv2.0.0/act/Sigmoid_output_0_Scale'. It is not used by any node and should be removed from the model.
2026-09-17 11:39:51.0242569 [W:onnxruntime:, graph.cc:5607 onnxruntime::Graph::CleanUnusedInitializersAndNodeArgs] Removing initializer '/model.21/cv2/act/Sigmoid_output_0_scale'. It is not used by any node and should be removed from the model.
2026-09-17 11:39:51.0245055 [W:onnxruntime:, graph.cc:5607 onnxruntime::Graph::CleanUnusedInitializersAndNodeArgs] Removing initializer '/model.4/m.1/cv2/act/Sigmoid_output_0_Scale'. It is not used by any node and should be removed from the model.
2026-09-17 11:39:51.0247668 [W:onnxruntime:, graph.cc:5607 onnxruntime::Graph::CleanUnusedInitializersAndNodeArgs] Removing initializer '/model.8/cv2/act/Sigmoid_output_0_zero_point'. It is not used by any node and should be removed from the model.
2026-09-17 11:39:51.0250375 [W:onnxruntime:, graph.cc:5607 onnxruntime::Graph::CleanUnusedInitializersAndNodeArgs] Removing initializer '/model.18/m.0/cv2/act/Sigmoid_output_0_Scale'. It is not used by any node and should be removed from the model.
2026-09-17 11:39:51.0252959 [W:onnxruntime:, graph.cc:5607 onnxruntime::Graph::CleanUnusedInitializersAndNodeArgs] Removing initializer '/model.9/cv1/act/Sigmoid_output_0_zero_point'. It is not used by any node and should be removed from the model.
2026-09-17 11:39:51.0255451 [W:onnxruntime:, graph.cc:5607 onnxruntime::Graph::CleanUnusedInitializersAndNodeArgs] Removing initializer '/model.12/m.0/cv2/act/Sigmoid_output_0_zero_point'. It is not used by any node and should be removed from the model.
2026-09-17 11:39:51.0258014 [W:onnxruntime:, graph.cc:5607 onnxruntime::Graph::CleanUnusedInitializersAndNodeArgs] Removing initializer '/model.9/cv2/act/Sigmoid_output_0_scale'. It is not used by any node and should be removed from the model.
2026-09-17 11:39:51.0260567 [W:onnxruntime:, graph.cc:5607 onnxruntime::Graph::CleanUnusedInitializersAndNodeArgs] Removing initializer '/model.15/m.0/cv2/act/Sigmoid_output_0_zero_point'. It is not used by any node and should be removed from the model.
2026-09-17 11:39:51.0263140 [W:onnxruntime:, graph.cc:5607 onnxruntime::Graph::CleanUnusedInitializersAndNodeArgs] Removing initializer '/model.12/cv1/act/Sigmoid_output_0_zero_point'. It is not used by any node and should be removed from the model.
2026-09-17 11:39:51.0265703 [W:onnxruntime:, graph.cc:5607 onnxruntime::Graph::CleanUnusedInitializersAndNodeArgs] Removing initializer '/model.9/cv1/act/Sigmoid_output_0_Scale'. It is not used by any node and should be removed from the model.
2026-09-17 11:39:51.0268240 [W:onnxruntime:, graph.cc:5607 onnxruntime::Graph::CleanUnusedInitializersAndNodeArgs] Removing initializer '/model.18/m.0/cv1/act/Sigmoid_output_0_scale'. It is not used by any node and should be removed from the model.
2026-09-17 11:39:51.0270750 [W:onnxruntime:, graph.cc:5607 onnxruntime::Graph::CleanUnusedInitializersAndNodeArgs] Removing initializer '/model.12/m.0/cv2/act/Sigmoid_output_0_scale'. It is not used by any node and should be removed from the model.
2026-09-17 11:39:51.0273335 [W:onnxruntime:, graph.cc:5607 onnxruntime::Graph::CleanUnusedInitializersAndNodeArgs] Removing initializer '/model.22/cv2.1/cv2.1.0/act/Sigmoid_output_0_scale'. It is not used by any node and should be removed from the model.
2026-09-17 11:39:51.0275788 [W:onnxruntime:, graph.cc:5607 onnxruntime::Graph::CleanUnusedInitializersAndNodeArgs] Removing initializer '/model.12/cv2/act/Sigmoid_output_0_scale'. It is not used by any node and should be removed from the model.
2026-09-17 11:39:51.0278299 [W:onnxruntime:, graph.cc:5607 onnxruntime::Graph::CleanUnusedInitializersAndNodeArgs] Removing initializer '/model.15/cv1/act/Sigmoid_output_0_zero_point'. It is not used by any node and should be removed from the model.
2026-09-17 11:39:51.0280878 [W:onnxruntime:, graph.cc:5607 onnxruntime::Graph::CleanUnusedInitializersAndNodeArgs] Removing initializer '/model.15/cv1/act/Sigmoid_output_0_scale'. It is not used by any node and should be removed from the model.
2026-09-17 11:39:51.0284117 [W:onnxruntime:, graph.cc:5607 onnxruntime::Graph::CleanUnusedInitializersAndNodeArgs] Removing initializer '/model.19/act/Sigmoid_output_0_scale'. It is not used by any node and should be removed from the model.
2026-09-17 11:39:51.0286974 [W:onnxruntime:, graph.cc:5607 onnxruntime::Graph::CleanUnusedInitializersAndNodeArgs] Removing initializer '/model.4/cv1/act/Sigmoid_output_0_Scale'. It is not used by any node and should be removed from the model.
2026-09-17 11:39:51.0289930 [W:onnxruntime:, graph.cc:5607 onnxruntime::Graph::CleanUnusedInitializersAndNodeArgs] Removing initializer '/model.15/cv2/act/Sigmoid_output_0_zero_point'. It is not used by any node and should be removed from the model.
2026-09-17 11:39:51.0292309 [W:onnxruntime:, graph.cc:5607 onnxruntime::Graph::CleanUnusedInitializersAndNodeArgs] Removing initializer '/model.22/cv2.0/cv2.0.1/act/Sigmoid_output_0_scale'. It is not used by any node and should be removed from the model.
2026-09-17 11:39:51.0294522 [W:onnxruntime:, graph.cc:5607 onnxruntime::Graph::CleanUnusedInitializersAndNodeArgs] Removing initializer '/model.22/cv2.0/cv2.0.1/act/Sigmoid_output_0_zero_point'. It is not used by any node and should be removed from the model.
2026-09-17 11:39:51.0296842 [W:onnxruntime:, graph.cc:5607 onnxruntime::Graph::CleanUnusedInitializersAndNodeArgs] Removing initializer '/model.16/act/Sigmoid_output_0_zero_point'. It is not used by any node and should be removed from the model.
2026-09-17 11:39:51.0299137 [W:onnxruntime:, graph.cc:5607 onnxruntime::Graph::CleanUnusedInitializersAndNodeArgs] Removing initializer '/model.16/act/Sigmoid_output_0_scale'. It is not used by any node and should be removed from the model.
2026-09-17 11:39:51.0301567 [W:onnxruntime:, graph.cc:5607 onnxruntime::Graph::CleanUnusedInitializersAndNodeArgs] Removing initializer '/model.22/cv2.0/cv2.0.0/act/Sigmoid_output_0_zero_point'. It is not used by any node and should be removed from the model.
2026-09-17 11:39:51.0304122 [W:onnxruntime:, graph.cc:5607 onnxruntime::Graph::CleanUnusedInitializersAndNodeArgs] Removing initializer '/model.18/m.0/cv2/act/Sigmoid_output_0_zero_point'. It is not used by any node and should be removed from the model.
2026-09-17 11:39:51.0306750 [W:onnxruntime:, graph.cc:5607 onnxruntime::Graph::CleanUnusedInitializersAndNodeArgs] Removing initializer '/model.22/cv3.0/cv3.0.1/act/Sigmoid_output_0_zero_point'. It is not used by any node and should be removed from the model.
2026-09-17 11:39:51.0309360 [W:onnxruntime:, graph.cc:5607 onnxruntime::Graph::CleanUnusedInitializersAndNodeArgs] Removing initializer '/model.18/cv1/act/Sigmoid_output_0_scale'. It is not used by any node and should be removed from the model.
2026-09-17 11:39:51.0311958 [W:onnxruntime:, graph.cc:5607 onnxruntime::Graph::CleanUnusedInitializersAndNodeArgs] Removing initializer '/model.18/m.0/cv1/act/Sigmoid_output_0_zero_point'. It is not used by any node and should be removed from the model.
2026-09-17 11:39:51.0314354 [W:onnxruntime:, graph.cc:5607 onnxruntime::Graph::CleanUnusedInitializersAndNodeArgs] Removing initializer '/model.18/m.0/cv2/act/Sigmoid_output_0_scale'. It is not used by any node and should be removed from the model.
2026-09-17 11:39:51.0316524 [W:onnxruntime:, graph.cc:5607 onnxruntime::Graph::CleanUnusedInitializersAndNodeArgs] Removing initializer '/model.16/act/Sigmoid_output_0_Scale'. It is not used by any node and should be removed from the model.
2026-09-17 11:39:51.0318561 [W:onnxruntime:, graph.cc:5607 onnxruntime::Graph::CleanUnusedInitializersAndNodeArgs] Removing initializer '/model.21/m.0/cv1/act/Sigmoid_output_0_Scale'. It is not used by any node and should be removed from the model.
2026-09-17 11:39:51.0320839 [W:onnxruntime:, graph.cc:5607 onnxruntime::Graph::CleanUnusedInitializersAndNodeArgs] Removing initializer '/model.18/cv2/act/Sigmoid_output_0_zero_point'. It is not used by any node and should be removed from the model.
2026-09-17 11:39:51.0323027 [W:onnxruntime:, graph.cc:5607 onnxruntime::Graph::CleanUnusedInitializersAndNodeArgs] Removing initializer '/model.18/cv2/act/Sigmoid_output_0_scale'. It is not used by any node and should be removed from the model.
2026-09-17 11:39:51.0325226 [W:onnxruntime:, graph.cc:5607 onnxruntime::Graph::CleanUnusedInitializersAndNodeArgs] Removing initializer '/model.2/m.0/cv1/act/Sigmoid_output_0_Scale'. It is not used by any node and should be removed from the model.
2026-09-17 11:39:51.0327329 [W:onnxruntime:, graph.cc:5607 onnxruntime::Graph::CleanUnusedInitializersAndNodeArgs] Removing initializer '/model.19/act/Sigmoid_output_0_zero_point'. It is not used by any node and should be removed from the model.
2026-09-17 11:39:51.0329570 [W:onnxruntime:, graph.cc:5607 onnxruntime::Graph::CleanUnusedInitializersAndNodeArgs] Removing initializer '/model.22/cv2.1/cv2.1.0/act/Sigmoid_output_0_zero_point'. It is not used by any node and should be removed from the model.
2026-09-17 11:39:51.0331963 [W:onnxruntime:, graph.cc:5607 onnxruntime::Graph::CleanUnusedInitializersAndNodeArgs] Removing initializer '/model.22/cv3.1/cv3.1.0/act/Sigmoid_output_0_zero_point'. It is not used by any node and should be removed from the model.
2026-09-17 11:39:51.0334400 [W:onnxruntime:, graph.cc:5607 onnxruntime::Graph::CleanUnusedInitializersAndNodeArgs] Removing initializer '/model.22/cv2.1/cv2.1.1/act/Sigmoid_output_0_zero_point'. It is not used by any node and should be removed from the model.
2026-09-17 11:39:51.0336619 [W:onnxruntime:, graph.cc:5607 onnxruntime::Graph::CleanUnusedInitializersAndNodeArgs] Removing initializer '/model.22/cv2.1/cv2.1.1/act/Sigmoid_output_0_scale'. It is not used by any node and should be removed from the model.
2026-09-17 11:39:51.0338967 [W:onnxruntime:, graph.cc:5607 onnxruntime::Graph::CleanUnusedInitializersAndNodeArgs] Removing initializer '/model.22/cv3.1/cv3.1.1/act/Sigmoid_output_0_zero_point'. It is not used by any node and should be removed from the model.
2026-09-17 11:39:51.0341466 [W:onnxruntime:, graph.cc:5607 onnxruntime::Graph::CleanUnusedInitializersAndNodeArgs] Removing initializer '/model.22/cv3.1/cv3.1.1/act/Sigmoid_output_0_scale'. It is not used by any node and should be removed from the model.
2026-09-17 11:39:51.0343867 [W:onnxruntime:, graph.cc:5607 onnxruntime::Graph::CleanUnusedInitializersAndNodeArgs] Removing initializer '/model.21/m.0/cv1/act/Sigmoid_output_0_zero_point'. It is not used by any node and should be removed from the model.
2026-09-17 11:39:51.0346037 [W:onnxruntime:, graph.cc:5607 onnxruntime::Graph::CleanUnusedInitializersAndNodeArgs] Removing initializer '/model.21/m.0/cv1/act/Sigmoid_output_0_scale'. It is not used by any node and should be removed from the model.
2026-09-17 11:39:51.0348472 [W:onnxruntime:, graph.cc:5607 onnxruntime::Graph::CleanUnusedInitializersAndNodeArgs] Removing initializer '/model.21/m.0/cv2/act/Sigmoid_output_0_zero_point'. It is not used by any node and should be removed from the model.
2026-09-17 11:39:51.0350725 [W:onnxruntime:, graph.cc:5607 onnxruntime::Graph::CleanUnusedInitializersAndNodeArgs] Removing initializer '/model.21/cv2/act/Sigmoid_output_0_zero_point'. It is not used by any node and should be removed from the model.
2026-09-17 11:39:51.0353151 [W:onnxruntime:, graph.cc:5607 onnxruntime::Graph::CleanUnusedInitializersAndNodeArgs] Removing initializer '/model.22/cv2.2/cv2.2.0/act/Sigmoid_output_0_scale'. It is not used by any node and should be removed from the model.
2026-09-17 11:39:51.0355347 [W:onnxruntime:, graph.cc:5607 onnxruntime::Graph::CleanUnusedInitializersAndNodeArgs] Removing initializer '/model.22/cv3.2/cv3.2.0/act/Sigmoid_output_0_zero_point'. It is not used by any node and should be removed from the model.
2026-09-17 11:39:51.0357749 [W:onnxruntime:, graph.cc:5607 onnxruntime::Graph::CleanUnusedInitializersAndNodeArgs] Removing initializer '/model.21/cv2/act/Sigmoid_output_0_Scale'. It is not used by any node and should be removed from the model.
2026-09-17 11:39:51.0359938 [W:onnxruntime:, graph.cc:5607 onnxruntime::Graph::CleanUnusedInitializersAndNodeArgs] Removing initializer '/model.22/cv2.2/cv2.2.1/act/Sigmoid_output_0_zero_point'. It is not used by any node and should be removed from the model.
2026-09-17 11:39:51.0362152 [W:onnxruntime:, graph.cc:5607 onnxruntime::Graph::CleanUnusedInitializersAndNodeArgs] Removing initializer '/model.22/cv2.2/cv2.2.1/act/Sigmoid_output_0_scale'. It is not used by any node and should be removed from the model.
2026-09-17 11:39:51.0364487 [W:onnxruntime:, graph.cc:5607 onnxruntime::Graph::CleanUnusedInitializersAndNodeArgs] Removing initializer '/model.22/cv3.2/cv3.2.1/act/Sigmoid_output_0_zero_point'. It is not used by any node and should be removed from the model.
2026-09-17 11:39:51.0366912 [W:onnxruntime:, graph.cc:5607 onnxruntime::Graph::CleanUnusedInitializersAndNodeArgs] Removing initializer '/model.8/cv2/act/Sigmoid_output_0_Scale'. It is not used by any node and should be removed from the model.
2026-09-17 11:39:51.0369037 [W:onnxruntime:, graph.cc:5607 onnxruntime::Graph::CleanUnusedInitializersAndNodeArgs] Removing initializer '/model.22/cv2.2/cv2.2.1/act/Sigmoid_output_0_Scale'. It is not used by any node and should be removed from the model.
2026-09-17 11:39:51.0371267 [W:onnxruntime:, graph.cc:5607 onnxruntime::Graph::CleanUnusedInitializersAndNodeArgs] Removing initializer '/model.2/cv2/act/Sigmoid_output_0_Scale'. It is not used by any node and should be removed from the model.
2026-09-17 11:39:51.0373730 [W:onnxruntime:, graph.cc:5607 onnxruntime::Graph::CleanUnusedInitializersAndNodeArgs] Removing initializer '/model.4/m.0/cv1/act/Sigmoid_output_0_Scale'. It is not used by any node and should be removed from the model.
2026-09-17 11:39:51.0376055 [W:onnxruntime:, graph.cc:5607 onnxruntime::Graph::CleanUnusedInitializersAndNodeArgs] Removing initializer '/model.8/m.0/cv1/act/Sigmoid_output_0_Scale'. It is not used by any node and should be removed from the model.
2026-09-17 11:39:51.0378411 [W:onnxruntime:, graph.cc:5607 onnxruntime::Graph::CleanUnusedInitializersAndNodeArgs] Removing initializer '/model.1/act/Sigmoid_output_0_Scale'. It is not used by any node and should be removed from the model.
2026-09-17 11:39:51.0380507 [W:onnxruntime:, graph.cc:5607 onnxruntime::Graph::CleanUnusedInitializersAndNodeArgs] Removing initializer '/model.2/cv1/act/Sigmoid_output_0_Scale'. It is not used by any node and should be removed from the model.
2026-09-17 11:39:51.0382837 [W:onnxruntime:, graph.cc:5607 onnxruntime::Graph::CleanUnusedInitializersAndNodeArgs] Removing initializer '/model.2/m.0/cv2/act/Sigmoid_output_0_Scale'. It is not used by any node and should be removed from the model.
2026-09-17 11:39:51.0385146 [W:onnxruntime:, graph.cc:5607 onnxruntime::Graph::CleanUnusedInitializersAndNodeArgs] Removing initializer '/model.3/act/Sigmoid_output_0_Scale'. It is not used by any node and should be removed from the model.
2026-09-17 11:39:51.0387531 [W:onnxruntime:, graph.cc:5607 onnxruntime::Graph::CleanUnusedInitializersAndNodeArgs] Removing initializer '/model.4/m.0/cv2/act/Sigmoid_output_0_Scale'. It is not used by any node and should be removed from the model.
2026-09-17 11:39:51.0389809 [W:onnxruntime:, graph.cc:5607 onnxruntime::Graph::CleanUnusedInitializersAndNodeArgs] Removing initializer '/model.4/m.1/cv1/act/Sigmoid_output_0_Scale'. It is not used by any node and should be removed from the model.
2026-09-17 11:39:51.0392038 [W:onnxruntime:, graph.cc:5607 onnxruntime::Graph::CleanUnusedInitializersAndNodeArgs] Removing initializer '/model.6/cv1/act/Sigmoid_output_0_Scale'. It is not used by any node and should be removed from the model.
2026-09-17 11:39:51.0394289 [W:onnxruntime:, graph.cc:5607 onnxruntime::Graph::CleanUnusedInitializersAndNodeArgs] Removing initializer '/model.6/m.0/cv1/act/Sigmoid_output_0_Scale'. It is not used by any node and should be removed from the model.
2026-09-17 11:39:51.0396450 [W:onnxruntime:, graph.cc:5607 onnxruntime::Graph::CleanUnusedInitializersAndNodeArgs] Removing initializer '/model.6/m.1/cv2/act/Sigmoid_output_0_Scale'. It is not used by any node and should be removed from the model.
2026-09-17 11:39:51.0398699 [W:onnxruntime:, graph.cc:5607 onnxruntime::Graph::CleanUnusedInitializersAndNodeArgs] Removing initializer '/model.7/act/Sigmoid_output_0_Scale'. It is not used by any node and should be removed from the model.
2026-09-17 11:39:51.0400864 [W:onnxruntime:, graph.cc:5607 onnxruntime::Graph::CleanUnusedInitializersAndNodeArgs] Removing initializer '/model.8/cv1/act/Sigmoid_output_0_Scale'. It is not used by any node and should be removed from the model.
2026-09-17 11:39:51.0403091 [W:onnxruntime:, graph.cc:5607 onnxruntime::Graph::CleanUnusedInitializersAndNodeArgs] Removing initializer '/model.12/cv1/act/Sigmoid_output_0_Scale'. It is not used by any node and should be removed from the model.
2026-09-17 11:39:51.0405576 [W:onnxruntime:, graph.cc:5607 onnxruntime::Graph::CleanUnusedInitializersAndNodeArgs] Removing initializer '/model.12/m.0/cv2/act/Sigmoid_output_0_Scale'. It is not used by any node and should be removed from the model.
2026-09-17 11:39:51.0407766 [W:onnxruntime:, graph.cc:5607 onnxruntime::Graph::CleanUnusedInitializersAndNodeArgs] Removing initializer '/model.15/cv1/act/Sigmoid_output_0_Scale'. It is not used by any node and should be removed from the model.
2026-09-17 11:39:51.0409995 [W:onnxruntime:, graph.cc:5607 onnxruntime::Graph::CleanUnusedInitializersAndNodeArgs] Removing initializer '/model.15/m.0/cv1/act/Sigmoid_output_0_Scale'. It is not used by any node and should be removed from the model.
2026-09-17 11:39:51.0412292 [W:onnxruntime:, graph.cc:5607 onnxruntime::Graph::CleanUnusedInitializersAndNodeArgs] Removing initializer '/model.15/m.0/cv2/act/Sigmoid_output_0_Scale'. It is not used by any node and should be removed from the model.
2026-09-17 11:39:51.0414615 [W:onnxruntime:, graph.cc:5607 onnxruntime::Graph::CleanUnusedInitializersAndNodeArgs] Removing initializer '/model.18/cv1/act/Sigmoid_output_0_Scale'. It is not used by any node and should be removed from the model.
2026-09-17 11:39:51.0416841 [W:onnxruntime:, graph.cc:5607 onnxruntime::Graph::CleanUnusedInitializersAndNodeArgs] Removing initializer '/model.18/m.0/cv1/act/Sigmoid_output_0_Scale'. It is not used by any node and should be removed from the model.
2026-09-17 11:39:51.0418990 [W:onnxruntime:, graph.cc:5607 onnxruntime::Graph::CleanUnusedInitializersAndNodeArgs] Removing initializer '/model.18/cv2/act/Sigmoid_output_0_Scale'. It is not used by any node and should be removed from the model.
2026-09-17 11:39:51.0421162 [W:onnxruntime:, graph.cc:5607 onnxruntime::Graph::CleanUnusedInitializersAndNodeArgs] Removing initializer '/model.22/cv2.1/cv2.1.0/act/Sigmoid_output_0_Scale'. It is not used by any node and should be removed from the model.
2026-09-17 11:39:51.0423498 [W:onnxruntime:, graph.cc:5607 onnxruntime::Graph::CleanUnusedInitializersAndNodeArgs] Removing initializer '/model.22/cv2.1/cv2.1.1/act/Sigmoid_output_0_Scale'. It is not used by any node and should be removed from the model.
2026-09-17 11:39:51.0425942 [W:onnxruntime:, graph.cc:5607 onnxruntime::Graph::CleanUnusedInitializersAndNodeArgs] Removing initializer '/model.21/cv1/act/Sigmoid_output_0_Scale'. It is not used by any node and should be removed from the model.
2026-09-17 11:39:51.0428551 [W:onnxruntime:, graph.cc:5607 onnxruntime::Graph::CleanUnusedInitializersAndNodeArgs] Removing initializer '/model.22/cv3.2/cv3.2.0/act/Sigmoid_output_0_Scale'. It is not used by any node and should be removed from the model.
[Ignition] Native XDNA1 NPU backend active (Device 0)
[Ignition] task: detect
[Ignition] power mode balanced: 8 worker threads, sleeping between regions (8 cores / 16 threads on this host)
[Ignition] source: image bus.jpg 810x1080
[Ignition] NPU power mode: default kept: the balanced power mode leaves the NPU's mode alone
[Ignition] shutdown: source released, window closed, NPU hardware context released
[summary] stop: frame limit | 550 frames processed (50 warm-up, 500 timed) | 1 distinct source frames | image bus.jpg 810x1080
[summary] NPU power mode: default kept: the balanced power mode leaves the NPU's mode alone
[summary] G2G mean 8.532 ms | P50 8.487 | P95 8.877 | P99 9.394 | max 9.896 | over the last 500 timed frames; cold first frame 11.10 ms
[summary] stage means (ms): preprocess 0.638 | NPU forward 7.752 (dispatch 7.477, readback 0.275) | decode+NMS 0.136
[summary] boxes from NPU heads on 500/500 timed frames | 5.00 detections per frame
[summary] RSS 191.0 MB at the first timed frame, 191.0 MB at the end (+0.00 MB over 500 frames)
[summary] wrote <scratch>\rel033_sitting\ign_yolov8n_balanced_2.json
== 2026-09-17T15:39:55Z [ignition yolov8n sigmoid balanced #2] exit 0 after 6.0 s

== 2026-09-17T15:39:55Z [ignition yolov8n sigmoid performance #2] $ <conda envs>\mlir-aie-iron\python.exe live_ignition.py --model <ignite-xdna main>\build\yolov8n_full.ignite --source <Ignition main>\examples\assets\bus.jpg --headless --warmup 50 --frames 500 --json <scratch>\rel033_sitting\ign_yolov8n_performance_2.json --power-mode performance
[Ignition] loading <ignite-xdna main>\build\yolov8n_full.ignite (bare-metal .ignite container)
2026-09-17 11:39:56.9832280 [W:onnxruntime:, graph.cc:5607 onnxruntime::Graph::CleanUnusedInitializersAndNodeArgs] Removing initializer '/model.15/m.0/cv1/act/Sigmoid_output_0_zero_point'. It is not used by any node and should be removed from the model.
2026-09-17 11:39:56.9835911 [W:onnxruntime:, graph.cc:5607 onnxruntime::Graph::CleanUnusedInitializersAndNodeArgs] Removing initializer '/model.15/cv2/act/Sigmoid_output_0_Scale'. It is not used by any node and should be removed from the model.
2026-09-17 11:39:56.9838867 [W:onnxruntime:, graph.cc:5607 onnxruntime::Graph::CleanUnusedInitializersAndNodeArgs] Removing initializer '/model.15/m.0/cv1/act/Sigmoid_output_0_scale'. It is not used by any node and should be removed from the model.
2026-09-17 11:39:56.9842025 [W:onnxruntime:, graph.cc:5607 onnxruntime::Graph::CleanUnusedInitializersAndNodeArgs] Removing initializer '/model.22/cv3.2/cv3.2.1/act/Sigmoid_output_0_scale'. It is not used by any node and should be removed from the model.
2026-09-17 11:39:56.9845182 [W:onnxruntime:, graph.cc:5607 onnxruntime::Graph::CleanUnusedInitializersAndNodeArgs] Removing initializer '/model.2/cv1/act/Sigmoid_output_0_scale'. It is not used by any node and should be removed from the model.
2026-09-17 11:39:56.9847980 [W:onnxruntime:, graph.cc:5607 onnxruntime::Graph::CleanUnusedInitializersAndNodeArgs] Removing initializer '/model.2/cv1/act/Sigmoid_output_0_zero_point'. It is not used by any node and should be removed from the model.
2026-09-17 11:39:56.9850428 [W:onnxruntime:, graph.cc:5607 onnxruntime::Graph::CleanUnusedInitializersAndNodeArgs] Removing initializer '/model.9/cv1/act/Sigmoid_output_0_scale'. It is not used by any node and should be removed from the model.
2026-09-17 11:39:56.9852837 [W:onnxruntime:, graph.cc:5607 onnxruntime::Graph::CleanUnusedInitializersAndNodeArgs] Removing initializer '/model.0/act/Sigmoid_output_0_zero_point'. It is not used by any node and should be removed from the model.
2026-09-17 11:39:56.9855059 [W:onnxruntime:, graph.cc:5607 onnxruntime::Graph::CleanUnusedInitializersAndNodeArgs] Removing initializer '/model.8/m.0/cv2/act/Sigmoid_output_0_Scale'. It is not used by any node and should be removed from the model.
2026-09-17 11:39:56.9857195 [W:onnxruntime:, graph.cc:5607 onnxruntime::Graph::CleanUnusedInitializersAndNodeArgs] Removing initializer '/model.6/m.1/cv1/act/Sigmoid_output_0_scale'. It is not used by any node and should be removed from the model.
2026-09-17 11:39:56.9859408 [W:onnxruntime:, graph.cc:5607 onnxruntime::Graph::CleanUnusedInitializersAndNodeArgs] Removing initializer '/model.0/act/Sigmoid_output_0_scale'. It is not used by any node and should be removed from the model.
2026-09-17 11:39:56.9861377 [W:onnxruntime:, graph.cc:5607 onnxruntime::Graph::CleanUnusedInitializersAndNodeArgs] Removing initializer '/model.4/cv2/act/Sigmoid_output_0_Scale'. It is not used by any node and should be removed from the model.
2026-09-17 11:39:56.9863536 [W:onnxruntime:, graph.cc:5607 onnxruntime::Graph::CleanUnusedInitializersAndNodeArgs] Removing initializer '/model.22/cv2.0/cv2.0.0/act/Sigmoid_output_0_scale'. It is not used by any node and should be removed from the model.
2026-09-17 11:39:56.9865641 [W:onnxruntime:, graph.cc:5607 onnxruntime::Graph::CleanUnusedInitializersAndNodeArgs] Removing initializer '/model.21/cv1/act/Sigmoid_output_0_scale'. It is not used by any node and should be removed from the model.
2026-09-17 11:39:56.9867806 [W:onnxruntime:, graph.cc:5607 onnxruntime::Graph::CleanUnusedInitializersAndNodeArgs] Removing initializer '/model.21/cv1/act/Sigmoid_output_0_zero_point'. It is not used by any node and should be removed from the model.
2026-09-17 11:39:56.9869874 [W:onnxruntime:, graph.cc:5607 onnxruntime::Graph::CleanUnusedInitializersAndNodeArgs] Removing initializer '/model.22/cv3.2/cv3.2.0/act/Sigmoid_output_0_scale'. It is not used by any node and should be removed from the model.
2026-09-17 11:39:56.9872039 [W:onnxruntime:, graph.cc:5607 onnxruntime::Graph::CleanUnusedInitializersAndNodeArgs] Removing initializer '/model.1/act/Sigmoid_output_0_zero_point'. It is not used by any node and should be removed from the model.
2026-09-17 11:39:56.9874294 [W:onnxruntime:, graph.cc:5607 onnxruntime::Graph::CleanUnusedInitializersAndNodeArgs] Removing initializer '/model.1/act/Sigmoid_output_0_scale'. It is not used by any node and should be removed from the model.
2026-09-17 11:39:56.9876357 [W:onnxruntime:, graph.cc:5607 onnxruntime::Graph::CleanUnusedInitializersAndNodeArgs] Removing initializer '/model.8/m.0/cv2/act/Sigmoid_output_0_zero_point'. It is not used by any node and should be removed from the model.
2026-09-17 11:39:56.9878616 [W:onnxruntime:, graph.cc:5607 onnxruntime::Graph::CleanUnusedInitializersAndNodeArgs] Removing initializer '/model.4/m.0/cv2/act/Sigmoid_output_0_zero_point'. It is not used by any node and should be removed from the model.
2026-09-17 11:39:56.9880708 [W:onnxruntime:, graph.cc:5607 onnxruntime::Graph::CleanUnusedInitializersAndNodeArgs] Removing initializer '/model.2/m.0/cv1/act/Sigmoid_output_0_zero_point'. It is not used by any node and should be removed from the model.
2026-09-17 11:39:56.9882968 [W:onnxruntime:, graph.cc:5607 onnxruntime::Graph::CleanUnusedInitializersAndNodeArgs] Removing initializer '/model.2/m.0/cv1/act/Sigmoid_output_0_scale'. It is not used by any node and should be removed from the model.
2026-09-17 11:39:56.9885035 [W:onnxruntime:, graph.cc:5607 onnxruntime::Graph::CleanUnusedInitializersAndNodeArgs] Removing initializer '/model.6/cv2/act/Sigmoid_output_0_zero_point'. It is not used by any node and should be removed from the model.
2026-09-17 11:39:56.9887250 [W:onnxruntime:, graph.cc:5607 onnxruntime::Graph::CleanUnusedInitializersAndNodeArgs] Removing initializer '/model.2/m.0/cv2/act/Sigmoid_output_0_zero_point'. It is not used by any node and should be removed from the model.
2026-09-17 11:39:56.9889371 [W:onnxruntime:, graph.cc:5607 onnxruntime::Graph::CleanUnusedInitializersAndNodeArgs] Removing initializer '/model.2/m.0/cv2/act/Sigmoid_output_0_scale'. It is not used by any node and should be removed from the model.
2026-09-17 11:39:56.9891540 [W:onnxruntime:, graph.cc:5607 onnxruntime::Graph::CleanUnusedInitializersAndNodeArgs] Removing initializer '/model.22/cv3.0/cv3.0.0/act/Sigmoid_output_0_zero_point'. It is not used by any node and should be removed from the model.
2026-09-17 11:39:56.9893782 [W:onnxruntime:, graph.cc:5607 onnxruntime::Graph::CleanUnusedInitializersAndNodeArgs] Removing initializer '/model.6/m.0/cv2/act/Sigmoid_output_0_Scale'. It is not used by any node and should be removed from the model.
2026-09-17 11:39:56.9895889 [W:onnxruntime:, graph.cc:5607 onnxruntime::Graph::CleanUnusedInitializersAndNodeArgs] Removing initializer '/model.3/act/Sigmoid_output_0_zero_point'. It is not used by any node and should be removed from the model.
2026-09-17 11:39:56.9897991 [W:onnxruntime:, graph.cc:5607 onnxruntime::Graph::CleanUnusedInitializersAndNodeArgs] Removing initializer '/model.12/cv1/act/Sigmoid_output_0_scale'. It is not used by any node and should be removed from the model.
2026-09-17 11:39:56.9900180 [W:onnxruntime:, graph.cc:5607 onnxruntime::Graph::CleanUnusedInitializersAndNodeArgs] Removing initializer '/model.2/cv2/act/Sigmoid_output_0_zero_point'. It is not used by any node and should be removed from the model.
2026-09-17 11:39:56.9902290 [W:onnxruntime:, graph.cc:5607 onnxruntime::Graph::CleanUnusedInitializersAndNodeArgs] Removing initializer '/model.2/cv2/act/Sigmoid_output_0_scale'. It is not used by any node and should be removed from the model.
2026-09-17 11:39:56.9904311 [W:onnxruntime:, graph.cc:5607 onnxruntime::Graph::CleanUnusedInitializersAndNodeArgs] Removing initializer '/model.6/cv1/act/Sigmoid_output_0_zero_point'. It is not used by any node and should be removed from the model.
2026-09-17 11:39:56.9906509 [W:onnxruntime:, graph.cc:5607 onnxruntime::Graph::CleanUnusedInitializersAndNodeArgs] Removing initializer '/model.6/cv2/act/Sigmoid_output_0_Scale'. It is not used by any node and should be removed from the model.
2026-09-17 11:39:56.9908585 [W:onnxruntime:, graph.cc:5607 onnxruntime::Graph::CleanUnusedInitializersAndNodeArgs] Removing initializer '/model.22/cv3.0/cv3.0.0/act/Sigmoid_output_0_scale'. It is not used by any node and should be removed from the model.
2026-09-17 11:39:56.9910884 [W:onnxruntime:, graph.cc:5607 onnxruntime::Graph::CleanUnusedInitializersAndNodeArgs] Removing initializer '/model.22/cv3.1/cv3.1.0/act/Sigmoid_output_0_Scale'. It is not used by any node and should be removed from the model.
2026-09-17 11:39:56.9913222 [W:onnxruntime:, graph.cc:5607 onnxruntime::Graph::CleanUnusedInitializersAndNodeArgs] Removing initializer '/model.3/act/Sigmoid_output_0_scale'. It is not used by any node and should be removed from the model.
2026-09-17 11:39:56.9915430 [W:onnxruntime:, graph.cc:5607 onnxruntime::Graph::CleanUnusedInitializersAndNodeArgs] Removing initializer '/model.12/cv2/act/Sigmoid_output_0_Scale'. It is not used by any node and should be removed from the model.
2026-09-17 11:39:56.9917545 [W:onnxruntime:, graph.cc:5607 onnxruntime::Graph::CleanUnusedInitializersAndNodeArgs] Removing initializer '/model.0/act/Sigmoid_output_0_Scale'. It is not used by any node and should be removed from the model.
2026-09-17 11:39:56.9919717 [W:onnxruntime:, graph.cc:5607 onnxruntime::Graph::CleanUnusedInitializersAndNodeArgs] Removing initializer '/model.4/cv1/act/Sigmoid_output_0_zero_point'. It is not used by any node and should be removed from the model.
2026-09-17 11:39:56.9921812 [W:onnxruntime:, graph.cc:5607 onnxruntime::Graph::CleanUnusedInitializersAndNodeArgs] Removing initializer '/model.4/cv1/act/Sigmoid_output_0_scale'. It is not used by any node and should be removed from the model.
2026-09-17 11:39:56.9924075 [W:onnxruntime:, graph.cc:5607 onnxruntime::Graph::CleanUnusedInitializersAndNodeArgs] Removing initializer '/model.22/cv3.2/cv3.2.1/act/Sigmoid_output_0_Scale'. It is not used by any node and should be removed from the model.
2026-09-17 11:39:56.9926219 [W:onnxruntime:, graph.cc:5607 onnxruntime::Graph::CleanUnusedInitializersAndNodeArgs] Removing initializer '/model.6/m.1/cv1/act/Sigmoid_output_0_Scale'. It is not used by any node and should be removed from the model.
2026-09-17 11:39:56.9928415 [W:onnxruntime:, graph.cc:5607 onnxruntime::Graph::CleanUnusedInitializersAndNodeArgs] Removing initializer '/model.4/m.1/cv2/act/Sigmoid_output_0_zero_point'. It is not used by any node and should be removed from the model.
2026-09-17 11:39:56.9930518 [W:onnxruntime:, graph.cc:5607 onnxruntime::Graph::CleanUnusedInitializersAndNodeArgs] Removing initializer '/model.8/m.0/cv2/act/Sigmoid_output_0_scale'. It is not used by any node and should be removed from the model.
2026-09-17 11:39:56.9932820 [W:onnxruntime:, graph.cc:5607 onnxruntime::Graph::CleanUnusedInitializersAndNodeArgs] Removing initializer '/model.4/m.0/cv1/act/Sigmoid_output_0_zero_point'. It is not used by any node and should be removed from the model.
2026-09-17 11:39:56.9935114 [W:onnxruntime:, graph.cc:5607 onnxruntime::Graph::CleanUnusedInitializersAndNodeArgs] Removing initializer '/model.4/m.0/cv1/act/Sigmoid_output_0_scale'. It is not used by any node and should be removed from the model.
2026-09-17 11:39:56.9937222 [W:onnxruntime:, graph.cc:5607 onnxruntime::Graph::CleanUnusedInitializersAndNodeArgs] Removing initializer '/model.8/cv2/act/Sigmoid_output_0_scale'. It is not used by any node and should be removed from the model.
2026-09-17 11:39:56.9939408 [W:onnxruntime:, graph.cc:5607 onnxruntime::Graph::CleanUnusedInitializersAndNodeArgs] Removing initializer '/model.4/m.0/cv2/act/Sigmoid_output_0_scale'. It is not used by any node and should be removed from the model.
2026-09-17 11:39:56.9941553 [W:onnxruntime:, graph.cc:5607 onnxruntime::Graph::CleanUnusedInitializersAndNodeArgs] Removing initializer '/model.18/cv1/act/Sigmoid_output_0_zero_point'. It is not used by any node and should be removed from the model.
2026-09-17 11:39:56.9943908 [W:onnxruntime:, graph.cc:5607 onnxruntime::Graph::CleanUnusedInitializersAndNodeArgs] Removing initializer '/model.9/cv2/act/Sigmoid_output_0_zero_point'. It is not used by any node and should be removed from the model.
2026-09-17 11:39:56.9946027 [W:onnxruntime:, graph.cc:5607 onnxruntime::Graph::CleanUnusedInitializersAndNodeArgs] Removing initializer '/model.22/cv3.1/cv3.1.1/act/Sigmoid_output_0_Scale'. It is not used by any node and should be removed from the model.
2026-09-17 11:39:56.9948355 [W:onnxruntime:, graph.cc:5607 onnxruntime::Graph::CleanUnusedInitializersAndNodeArgs] Removing initializer '/model.4/m.1/cv1/act/Sigmoid_output_0_zero_point'. It is not used by any node and should be removed from the model.
2026-09-17 11:39:56.9950519 [W:onnxruntime:, graph.cc:5607 onnxruntime::Graph::CleanUnusedInitializersAndNodeArgs] Removing initializer '/model.4/m.1/cv1/act/Sigmoid_output_0_scale'. It is not used by any node and should be removed from the model.
2026-09-17 11:39:56.9952943 [W:onnxruntime:, graph.cc:5607 onnxruntime::Graph::CleanUnusedInitializersAndNodeArgs] Removing initializer '/model.4/m.1/cv2/act/Sigmoid_output_0_scale'. It is not used by any node and should be removed from the model.
2026-09-17 11:39:56.9955428 [W:onnxruntime:, graph.cc:5607 onnxruntime::Graph::CleanUnusedInitializersAndNodeArgs] Removing initializer '/model.6/m.0/cv2/act/Sigmoid_output_0_scale'. It is not used by any node and should be removed from the model.
2026-09-17 11:39:56.9957677 [W:onnxruntime:, graph.cc:5607 onnxruntime::Graph::CleanUnusedInitializersAndNodeArgs] Removing initializer '/model.22/cv2.2/cv2.2.0/act/Sigmoid_output_0_zero_point'. It is not used by any node and should be removed from the model.
2026-09-17 11:39:56.9960139 [W:onnxruntime:, graph.cc:5607 onnxruntime::Graph::CleanUnusedInitializersAndNodeArgs] Removing initializer '/model.19/act/Sigmoid_output_0_Scale'. It is not used by any node and should be removed from the model.
2026-09-17 11:39:56.9962389 [W:onnxruntime:, graph.cc:5607 onnxruntime::Graph::CleanUnusedInitializersAndNodeArgs] Removing initializer '/model.12/cv2/act/Sigmoid_output_0_zero_point'. It is not used by any node and should be removed from the model.
2026-09-17 11:39:56.9964561 [W:onnxruntime:, graph.cc:5607 onnxruntime::Graph::CleanUnusedInitializersAndNodeArgs] Removing initializer '/model.22/cv3.0/cv3.0.1/act/Sigmoid_output_0_scale'. It is not used by any node and should be removed from the model.
2026-09-17 11:39:56.9966857 [W:onnxruntime:, graph.cc:5607 onnxruntime::Graph::CleanUnusedInitializersAndNodeArgs] Removing initializer '/model.4/cv2/act/Sigmoid_output_0_zero_point'. It is not used by any node and should be removed from the model.
2026-09-17 11:39:56.9969287 [W:onnxruntime:, graph.cc:5607 onnxruntime::Graph::CleanUnusedInitializersAndNodeArgs] Removing initializer '/model.4/cv2/act/Sigmoid_output_0_scale'. It is not used by any node and should be removed from the model.
2026-09-17 11:39:56.9971565 [W:onnxruntime:, graph.cc:5607 onnxruntime::Graph::CleanUnusedInitializersAndNodeArgs] Removing initializer '/model.22/cv2.2/cv2.2.0/act/Sigmoid_output_0_Scale'. It is not used by any node and should be removed from the model.
2026-09-17 11:39:56.9974103 [W:onnxruntime:, graph.cc:5607 onnxruntime::Graph::CleanUnusedInitializersAndNodeArgs] Removing initializer '/model.12/m.0/cv1/act/Sigmoid_output_0_scale'. It is not used by any node and should be removed from the model.
2026-09-17 11:39:56.9976291 [W:onnxruntime:, graph.cc:5607 onnxruntime::Graph::CleanUnusedInitializersAndNodeArgs] Removing initializer '/model.12/m.0/cv1/act/Sigmoid_output_0_zero_point'. It is not used by any node and should be removed from the model.
2026-09-17 11:39:56.9978836 [W:onnxruntime:, graph.cc:5607 onnxruntime::Graph::CleanUnusedInitializersAndNodeArgs] Removing initializer '/model.12/m.0/cv1/act/Sigmoid_output_0_Scale'. It is not used by any node and should be removed from the model.
2026-09-17 11:39:56.9981308 [W:onnxruntime:, graph.cc:5607 onnxruntime::Graph::CleanUnusedInitializersAndNodeArgs] Removing initializer '/model.5/act/Sigmoid_output_0_zero_point'. It is not used by any node and should be removed from the model.
2026-09-17 11:39:56.9983524 [W:onnxruntime:, graph.cc:5607 onnxruntime::Graph::CleanUnusedInitializersAndNodeArgs] Removing initializer '/model.5/act/Sigmoid_output_0_scale'. It is not used by any node and should be removed from the model.
2026-09-17 11:39:56.9985782 [W:onnxruntime:, graph.cc:5607 onnxruntime::Graph::CleanUnusedInitializersAndNodeArgs] Removing initializer '/model.15/cv2/act/Sigmoid_output_0_scale'. It is not used by any node and should be removed from the model.
2026-09-17 11:39:56.9987977 [W:onnxruntime:, graph.cc:5607 onnxruntime::Graph::CleanUnusedInitializersAndNodeArgs] Removing initializer '/model.6/cv1/act/Sigmoid_output_0_scale'. It is not used by any node and should be removed from the model.
2026-09-17 11:39:56.9990359 [W:onnxruntime:, graph.cc:5607 onnxruntime::Graph::CleanUnusedInitializersAndNodeArgs] Removing initializer '/model.9/cv2/act/Sigmoid_output_0_Scale'. It is not used by any node and should be removed from the model.
2026-09-17 11:39:56.9992300 [W:onnxruntime:, graph.cc:5607 onnxruntime::Graph::CleanUnusedInitializersAndNodeArgs] Removing initializer '/model.22/cv3.0/cv3.0.0/act/Sigmoid_output_0_Scale'. It is not used by any node and should be removed from the model.
2026-09-17 11:39:56.9994454 [W:onnxruntime:, graph.cc:5607 onnxruntime::Graph::CleanUnusedInitializersAndNodeArgs] Removing initializer '/model.6/cv2/act/Sigmoid_output_0_scale'. It is not used by any node and should be removed from the model.
2026-09-17 11:39:56.9996830 [W:onnxruntime:, graph.cc:5607 onnxruntime::Graph::CleanUnusedInitializersAndNodeArgs] Removing initializer '/model.22/cv3.1/cv3.1.0/act/Sigmoid_output_0_scale'. It is not used by any node and should be removed from the model.
2026-09-17 11:39:56.9998794 [W:onnxruntime:, graph.cc:5607 onnxruntime::Graph::CleanUnusedInitializersAndNodeArgs] Removing initializer '/model.6/m.0/cv1/act/Sigmoid_output_0_zero_point'. It is not used by any node and should be removed from the model.
2026-09-17 11:39:57.0001372 [W:onnxruntime:, graph.cc:5607 onnxruntime::Graph::CleanUnusedInitializersAndNodeArgs] Removing initializer '/model.6/m.0/cv1/act/Sigmoid_output_0_scale'. It is not used by any node and should be removed from the model.
2026-09-17 11:39:57.0003854 [W:onnxruntime:, graph.cc:5607 onnxruntime::Graph::CleanUnusedInitializersAndNodeArgs] Removing initializer '/model.6/m.1/cv2/act/Sigmoid_output_0_scale'. It is not used by any node and should be removed from the model.
2026-09-17 11:39:57.0006218 [W:onnxruntime:, graph.cc:5607 onnxruntime::Graph::CleanUnusedInitializersAndNodeArgs] Removing initializer '/model.21/m.0/cv2/act/Sigmoid_output_0_Scale'. It is not used by any node and should be removed from the model.
2026-09-17 11:39:57.0008600 [W:onnxruntime:, graph.cc:5607 onnxruntime::Graph::CleanUnusedInitializersAndNodeArgs] Removing initializer '/model.6/m.0/cv2/act/Sigmoid_output_0_zero_point'. It is not used by any node and should be removed from the model.
2026-09-17 11:39:57.0010928 [W:onnxruntime:, graph.cc:5607 onnxruntime::Graph::CleanUnusedInitializersAndNodeArgs] Removing initializer '/model.21/m.0/cv2/act/Sigmoid_output_0_scale'. It is not used by any node and should be removed from the model.
2026-09-17 11:39:57.0013330 [W:onnxruntime:, graph.cc:5607 onnxruntime::Graph::CleanUnusedInitializersAndNodeArgs] Removing initializer '/model.6/m.1/cv1/act/Sigmoid_output_0_zero_point'. It is not used by any node and should be removed from the model.
2026-09-17 11:39:57.0016189 [W:onnxruntime:, graph.cc:5607 onnxruntime::Graph::CleanUnusedInitializersAndNodeArgs] Removing initializer '/model.6/m.1/cv2/act/Sigmoid_output_0_zero_point'. It is not used by any node and should be removed from the model.
2026-09-17 11:39:57.0018559 [W:onnxruntime:, graph.cc:5607 onnxruntime::Graph::CleanUnusedInitializersAndNodeArgs] Removing initializer '/model.7/act/Sigmoid_output_0_zero_point'. It is not used by any node and should be removed from the model.
2026-09-17 11:39:57.0020810 [W:onnxruntime:, graph.cc:5607 onnxruntime::Graph::CleanUnusedInitializersAndNodeArgs] Removing initializer '/model.22/cv2.0/cv2.0.1/act/Sigmoid_output_0_Scale'. It is not used by any node and should be removed from the model.
2026-09-17 11:39:57.0026637 [W:onnxruntime:, graph.cc:5607 onnxruntime::Graph::CleanUnusedInitializersAndNodeArgs] Removing initializer '/model.7/act/Sigmoid_output_0_scale'. It is not used by any node and should be removed from the model.
2026-09-17 11:39:57.0028525 [W:onnxruntime:, graph.cc:5607 onnxruntime::Graph::CleanUnusedInitializersAndNodeArgs] Removing initializer '/model.8/cv1/act/Sigmoid_output_0_zero_point'. It is not used by any node and should be removed from the model.
2026-09-17 11:39:57.0030631 [W:onnxruntime:, graph.cc:5607 onnxruntime::Graph::CleanUnusedInitializersAndNodeArgs] Removing initializer '/model.8/cv1/act/Sigmoid_output_0_scale'. It is not used by any node and should be removed from the model.
2026-09-17 11:39:57.0032924 [W:onnxruntime:, graph.cc:5607 onnxruntime::Graph::CleanUnusedInitializersAndNodeArgs] Removing initializer '/model.22/cv3.0/cv3.0.1/act/Sigmoid_output_0_Scale'. It is not used by any node and should be removed from the model.
2026-09-17 11:39:57.0035469 [W:onnxruntime:, graph.cc:5607 onnxruntime::Graph::CleanUnusedInitializersAndNodeArgs] Removing initializer '/model.8/m.0/cv1/act/Sigmoid_output_0_zero_point'. It is not used by any node and should be removed from the model.
2026-09-17 11:39:57.0037591 [W:onnxruntime:, graph.cc:5607 onnxruntime::Graph::CleanUnusedInitializersAndNodeArgs] Removing initializer '/model.8/m.0/cv1/act/Sigmoid_output_0_scale'. It is not used by any node and should be removed from the model.
2026-09-17 11:39:57.0039813 [W:onnxruntime:, graph.cc:5607 onnxruntime::Graph::CleanUnusedInitializersAndNodeArgs] Removing initializer '/model.15/m.0/cv2/act/Sigmoid_output_0_scale'. It is not used by any node and should be removed from the model.
2026-09-17 11:39:57.0042155 [W:onnxruntime:, graph.cc:5607 onnxruntime::Graph::CleanUnusedInitializersAndNodeArgs] Removing initializer '/model.5/act/Sigmoid_output_0_Scale'. It is not used by any node and should be removed from the model.
2026-09-17 11:39:57.0044216 [W:onnxruntime:, graph.cc:5607 onnxruntime::Graph::CleanUnusedInitializersAndNodeArgs] Removing initializer '/model.22/cv2.0/cv2.0.0/act/Sigmoid_output_0_Scale'. It is not used by any node and should be removed from the model.
2026-09-17 11:39:57.0046366 [W:onnxruntime:, graph.cc:5607 onnxruntime::Graph::CleanUnusedInitializersAndNodeArgs] Removing initializer '/model.21/cv2/act/Sigmoid_output_0_scale'. It is not used by any node and should be removed from the model.
2026-09-17 11:39:57.0048823 [W:onnxruntime:, graph.cc:5607 onnxruntime::Graph::CleanUnusedInitializersAndNodeArgs] Removing initializer '/model.4/m.1/cv2/act/Sigmoid_output_0_Scale'. It is not used by any node and should be removed from the model.
2026-09-17 11:39:57.0050879 [W:onnxruntime:, graph.cc:5607 onnxruntime::Graph::CleanUnusedInitializersAndNodeArgs] Removing initializer '/model.8/cv2/act/Sigmoid_output_0_zero_point'. It is not used by any node and should be removed from the model.
2026-09-17 11:39:57.0053046 [W:onnxruntime:, graph.cc:5607 onnxruntime::Graph::CleanUnusedInitializersAndNodeArgs] Removing initializer '/model.18/m.0/cv2/act/Sigmoid_output_0_Scale'. It is not used by any node and should be removed from the model.
2026-09-17 11:39:57.0055179 [W:onnxruntime:, graph.cc:5607 onnxruntime::Graph::CleanUnusedInitializersAndNodeArgs] Removing initializer '/model.9/cv1/act/Sigmoid_output_0_zero_point'. It is not used by any node and should be removed from the model.
2026-09-17 11:39:57.0057658 [W:onnxruntime:, graph.cc:5607 onnxruntime::Graph::CleanUnusedInitializersAndNodeArgs] Removing initializer '/model.12/m.0/cv2/act/Sigmoid_output_0_zero_point'. It is not used by any node and should be removed from the model.
2026-09-17 11:39:57.0059745 [W:onnxruntime:, graph.cc:5607 onnxruntime::Graph::CleanUnusedInitializersAndNodeArgs] Removing initializer '/model.9/cv2/act/Sigmoid_output_0_scale'. It is not used by any node and should be removed from the model.
2026-09-17 11:39:57.0061945 [W:onnxruntime:, graph.cc:5607 onnxruntime::Graph::CleanUnusedInitializersAndNodeArgs] Removing initializer '/model.15/m.0/cv2/act/Sigmoid_output_0_zero_point'. It is not used by any node and should be removed from the model.
2026-09-17 11:39:57.0064599 [W:onnxruntime:, graph.cc:5607 onnxruntime::Graph::CleanUnusedInitializersAndNodeArgs] Removing initializer '/model.12/cv1/act/Sigmoid_output_0_zero_point'. It is not used by any node and should be removed from the model.
2026-09-17 11:39:57.0066955 [W:onnxruntime:, graph.cc:5607 onnxruntime::Graph::CleanUnusedInitializersAndNodeArgs] Removing initializer '/model.9/cv1/act/Sigmoid_output_0_Scale'. It is not used by any node and should be removed from the model.
2026-09-17 11:39:57.0068931 [W:onnxruntime:, graph.cc:5607 onnxruntime::Graph::CleanUnusedInitializersAndNodeArgs] Removing initializer '/model.18/m.0/cv1/act/Sigmoid_output_0_scale'. It is not used by any node and should be removed from the model.
2026-09-17 11:39:57.0071140 [W:onnxruntime:, graph.cc:5607 onnxruntime::Graph::CleanUnusedInitializersAndNodeArgs] Removing initializer '/model.12/m.0/cv2/act/Sigmoid_output_0_scale'. It is not used by any node and should be removed from the model.
2026-09-17 11:39:57.0074485 [W:onnxruntime:, graph.cc:5607 onnxruntime::Graph::CleanUnusedInitializersAndNodeArgs] Removing initializer '/model.22/cv2.1/cv2.1.0/act/Sigmoid_output_0_scale'. It is not used by any node and should be removed from the model.
2026-09-17 11:39:57.0078139 [W:onnxruntime:, graph.cc:5607 onnxruntime::Graph::CleanUnusedInitializersAndNodeArgs] Removing initializer '/model.12/cv2/act/Sigmoid_output_0_scale'. It is not used by any node and should be removed from the model.
2026-09-17 11:39:57.0080709 [W:onnxruntime:, graph.cc:5607 onnxruntime::Graph::CleanUnusedInitializersAndNodeArgs] Removing initializer '/model.15/cv1/act/Sigmoid_output_0_zero_point'. It is not used by any node and should be removed from the model.
2026-09-17 11:39:57.0082893 [W:onnxruntime:, graph.cc:5607 onnxruntime::Graph::CleanUnusedInitializersAndNodeArgs] Removing initializer '/model.15/cv1/act/Sigmoid_output_0_scale'. It is not used by any node and should be removed from the model.
2026-09-17 11:39:57.0084986 [W:onnxruntime:, graph.cc:5607 onnxruntime::Graph::CleanUnusedInitializersAndNodeArgs] Removing initializer '/model.19/act/Sigmoid_output_0_scale'. It is not used by any node and should be removed from the model.
2026-09-17 11:39:57.0086864 [W:onnxruntime:, graph.cc:5607 onnxruntime::Graph::CleanUnusedInitializersAndNodeArgs] Removing initializer '/model.4/cv1/act/Sigmoid_output_0_Scale'. It is not used by any node and should be removed from the model.
2026-09-17 11:39:57.0088754 [W:onnxruntime:, graph.cc:5607 onnxruntime::Graph::CleanUnusedInitializersAndNodeArgs] Removing initializer '/model.15/cv2/act/Sigmoid_output_0_zero_point'. It is not used by any node and should be removed from the model.
2026-09-17 11:39:57.0094998 [W:onnxruntime:, graph.cc:5607 onnxruntime::Graph::CleanUnusedInitializersAndNodeArgs] Removing initializer '/model.22/cv2.0/cv2.0.1/act/Sigmoid_output_0_scale'. It is not used by any node and should be removed from the model.
2026-09-17 11:39:57.0097225 [W:onnxruntime:, graph.cc:5607 onnxruntime::Graph::CleanUnusedInitializersAndNodeArgs] Removing initializer '/model.22/cv2.0/cv2.0.1/act/Sigmoid_output_0_zero_point'. It is not used by any node and should be removed from the model.
2026-09-17 11:39:57.0099235 [W:onnxruntime:, graph.cc:5607 onnxruntime::Graph::CleanUnusedInitializersAndNodeArgs] Removing initializer '/model.16/act/Sigmoid_output_0_zero_point'. It is not used by any node and should be removed from the model.
2026-09-17 11:39:57.0101353 [W:onnxruntime:, graph.cc:5607 onnxruntime::Graph::CleanUnusedInitializersAndNodeArgs] Removing initializer '/model.16/act/Sigmoid_output_0_scale'. It is not used by any node and should be removed from the model.
2026-09-17 11:39:57.0103687 [W:onnxruntime:, graph.cc:5607 onnxruntime::Graph::CleanUnusedInitializersAndNodeArgs] Removing initializer '/model.22/cv2.0/cv2.0.0/act/Sigmoid_output_0_zero_point'. It is not used by any node and should be removed from the model.
2026-09-17 11:39:57.0105994 [W:onnxruntime:, graph.cc:5607 onnxruntime::Graph::CleanUnusedInitializersAndNodeArgs] Removing initializer '/model.18/m.0/cv2/act/Sigmoid_output_0_zero_point'. It is not used by any node and should be removed from the model.
2026-09-17 11:39:57.0107886 [W:onnxruntime:, graph.cc:5607 onnxruntime::Graph::CleanUnusedInitializersAndNodeArgs] Removing initializer '/model.22/cv3.0/cv3.0.1/act/Sigmoid_output_0_zero_point'. It is not used by any node and should be removed from the model.
2026-09-17 11:39:57.0114517 [W:onnxruntime:, graph.cc:5607 onnxruntime::Graph::CleanUnusedInitializersAndNodeArgs] Removing initializer '/model.18/cv1/act/Sigmoid_output_0_scale'. It is not used by any node and should be removed from the model.
2026-09-17 11:39:57.0116387 [W:onnxruntime:, graph.cc:5607 onnxruntime::Graph::CleanUnusedInitializersAndNodeArgs] Removing initializer '/model.18/m.0/cv1/act/Sigmoid_output_0_zero_point'. It is not used by any node and should be removed from the model.
2026-09-17 11:39:57.0118448 [W:onnxruntime:, graph.cc:5607 onnxruntime::Graph::CleanUnusedInitializersAndNodeArgs] Removing initializer '/model.18/m.0/cv2/act/Sigmoid_output_0_scale'. It is not used by any node and should be removed from the model.
2026-09-17 11:39:57.0120593 [W:onnxruntime:, graph.cc:5607 onnxruntime::Graph::CleanUnusedInitializersAndNodeArgs] Removing initializer '/model.16/act/Sigmoid_output_0_Scale'. It is not used by any node and should be removed from the model.
2026-09-17 11:39:57.0122340 [W:onnxruntime:, graph.cc:5607 onnxruntime::Graph::CleanUnusedInitializersAndNodeArgs] Removing initializer '/model.21/m.0/cv1/act/Sigmoid_output_0_Scale'. It is not used by any node and should be removed from the model.
2026-09-17 11:39:57.0124408 [W:onnxruntime:, graph.cc:5607 onnxruntime::Graph::CleanUnusedInitializersAndNodeArgs] Removing initializer '/model.18/cv2/act/Sigmoid_output_0_zero_point'. It is not used by any node and should be removed from the model.
2026-09-17 11:39:57.0126338 [W:onnxruntime:, graph.cc:5607 onnxruntime::Graph::CleanUnusedInitializersAndNodeArgs] Removing initializer '/model.18/cv2/act/Sigmoid_output_0_scale'. It is not used by any node and should be removed from the model.
2026-09-17 11:39:57.0128454 [W:onnxruntime:, graph.cc:5607 onnxruntime::Graph::CleanUnusedInitializersAndNodeArgs] Removing initializer '/model.2/m.0/cv1/act/Sigmoid_output_0_Scale'. It is not used by any node and should be removed from the model.
2026-09-17 11:39:57.0130567 [W:onnxruntime:, graph.cc:5607 onnxruntime::Graph::CleanUnusedInitializersAndNodeArgs] Removing initializer '/model.19/act/Sigmoid_output_0_zero_point'. It is not used by any node and should be removed from the model.
2026-09-17 11:39:57.0132629 [W:onnxruntime:, graph.cc:5607 onnxruntime::Graph::CleanUnusedInitializersAndNodeArgs] Removing initializer '/model.22/cv2.1/cv2.1.0/act/Sigmoid_output_0_zero_point'. It is not used by any node and should be removed from the model.
2026-09-17 11:39:57.0135123 [W:onnxruntime:, graph.cc:5607 onnxruntime::Graph::CleanUnusedInitializersAndNodeArgs] Removing initializer '/model.22/cv3.1/cv3.1.0/act/Sigmoid_output_0_zero_point'. It is not used by any node and should be removed from the model.
2026-09-17 11:39:57.0137103 [W:onnxruntime:, graph.cc:5607 onnxruntime::Graph::CleanUnusedInitializersAndNodeArgs] Removing initializer '/model.22/cv2.1/cv2.1.1/act/Sigmoid_output_0_zero_point'. It is not used by any node and should be removed from the model.
2026-09-17 11:39:57.0139231 [W:onnxruntime:, graph.cc:5607 onnxruntime::Graph::CleanUnusedInitializersAndNodeArgs] Removing initializer '/model.22/cv2.1/cv2.1.1/act/Sigmoid_output_0_scale'. It is not used by any node and should be removed from the model.
2026-09-17 11:39:57.0141328 [W:onnxruntime:, graph.cc:5607 onnxruntime::Graph::CleanUnusedInitializersAndNodeArgs] Removing initializer '/model.22/cv3.1/cv3.1.1/act/Sigmoid_output_0_zero_point'. It is not used by any node and should be removed from the model.
2026-09-17 11:39:57.0143487 [W:onnxruntime:, graph.cc:5607 onnxruntime::Graph::CleanUnusedInitializersAndNodeArgs] Removing initializer '/model.22/cv3.1/cv3.1.1/act/Sigmoid_output_0_scale'. It is not used by any node and should be removed from the model.
2026-09-17 11:39:57.0145732 [W:onnxruntime:, graph.cc:5607 onnxruntime::Graph::CleanUnusedInitializersAndNodeArgs] Removing initializer '/model.21/m.0/cv1/act/Sigmoid_output_0_zero_point'. It is not used by any node and should be removed from the model.
2026-09-17 11:39:57.0147812 [W:onnxruntime:, graph.cc:5607 onnxruntime::Graph::CleanUnusedInitializersAndNodeArgs] Removing initializer '/model.21/m.0/cv1/act/Sigmoid_output_0_scale'. It is not used by any node and should be removed from the model.
2026-09-17 11:39:57.0149752 [W:onnxruntime:, graph.cc:5607 onnxruntime::Graph::CleanUnusedInitializersAndNodeArgs] Removing initializer '/model.21/m.0/cv2/act/Sigmoid_output_0_zero_point'. It is not used by any node and should be removed from the model.
2026-09-17 11:39:57.0151927 [W:onnxruntime:, graph.cc:5607 onnxruntime::Graph::CleanUnusedInitializersAndNodeArgs] Removing initializer '/model.21/cv2/act/Sigmoid_output_0_zero_point'. It is not used by any node and should be removed from the model.
2026-09-17 11:39:57.0153705 [W:onnxruntime:, graph.cc:5607 onnxruntime::Graph::CleanUnusedInitializersAndNodeArgs] Removing initializer '/model.22/cv2.2/cv2.2.0/act/Sigmoid_output_0_scale'. It is not used by any node and should be removed from the model.
2026-09-17 11:39:57.0155823 [W:onnxruntime:, graph.cc:5607 onnxruntime::Graph::CleanUnusedInitializersAndNodeArgs] Removing initializer '/model.22/cv3.2/cv3.2.0/act/Sigmoid_output_0_zero_point'. It is not used by any node and should be removed from the model.
2026-09-17 11:39:57.0158122 [W:onnxruntime:, graph.cc:5607 onnxruntime::Graph::CleanUnusedInitializersAndNodeArgs] Removing initializer '/model.21/cv2/act/Sigmoid_output_0_Scale'. It is not used by any node and should be removed from the model.
2026-09-17 11:39:57.0160213 [W:onnxruntime:, graph.cc:5607 onnxruntime::Graph::CleanUnusedInitializersAndNodeArgs] Removing initializer '/model.22/cv2.2/cv2.2.1/act/Sigmoid_output_0_zero_point'. It is not used by any node and should be removed from the model.
2026-09-17 11:39:57.0162470 [W:onnxruntime:, graph.cc:5607 onnxruntime::Graph::CleanUnusedInitializersAndNodeArgs] Removing initializer '/model.22/cv2.2/cv2.2.1/act/Sigmoid_output_0_scale'. It is not used by any node and should be removed from the model.
2026-09-17 11:39:57.0164660 [W:onnxruntime:, graph.cc:5607 onnxruntime::Graph::CleanUnusedInitializersAndNodeArgs] Removing initializer '/model.22/cv3.2/cv3.2.1/act/Sigmoid_output_0_zero_point'. It is not used by any node and should be removed from the model.
2026-09-17 11:39:57.0167134 [W:onnxruntime:, graph.cc:5607 onnxruntime::Graph::CleanUnusedInitializersAndNodeArgs] Removing initializer '/model.8/cv2/act/Sigmoid_output_0_Scale'. It is not used by any node and should be removed from the model.
2026-09-17 11:39:57.0169341 [W:onnxruntime:, graph.cc:5607 onnxruntime::Graph::CleanUnusedInitializersAndNodeArgs] Removing initializer '/model.22/cv2.2/cv2.2.1/act/Sigmoid_output_0_Scale'. It is not used by any node and should be removed from the model.
2026-09-17 11:39:57.0171268 [W:onnxruntime:, graph.cc:5607 onnxruntime::Graph::CleanUnusedInitializersAndNodeArgs] Removing initializer '/model.2/cv2/act/Sigmoid_output_0_Scale'. It is not used by any node and should be removed from the model.
2026-09-17 11:39:57.0174084 [W:onnxruntime:, graph.cc:5607 onnxruntime::Graph::CleanUnusedInitializersAndNodeArgs] Removing initializer '/model.4/m.0/cv1/act/Sigmoid_output_0_Scale'. It is not used by any node and should be removed from the model.
2026-09-17 11:39:57.0177544 [W:onnxruntime:, graph.cc:5607 onnxruntime::Graph::CleanUnusedInitializersAndNodeArgs] Removing initializer '/model.8/m.0/cv1/act/Sigmoid_output_0_Scale'. It is not used by any node and should be removed from the model.
2026-09-17 11:39:57.0180661 [W:onnxruntime:, graph.cc:5607 onnxruntime::Graph::CleanUnusedInitializersAndNodeArgs] Removing initializer '/model.1/act/Sigmoid_output_0_Scale'. It is not used by any node and should be removed from the model.
2026-09-17 11:39:57.0183573 [W:onnxruntime:, graph.cc:5607 onnxruntime::Graph::CleanUnusedInitializersAndNodeArgs] Removing initializer '/model.2/cv1/act/Sigmoid_output_0_Scale'. It is not used by any node and should be removed from the model.
2026-09-17 11:39:57.0186557 [W:onnxruntime:, graph.cc:5607 onnxruntime::Graph::CleanUnusedInitializersAndNodeArgs] Removing initializer '/model.2/m.0/cv2/act/Sigmoid_output_0_Scale'. It is not used by any node and should be removed from the model.
2026-09-17 11:39:57.0188932 [W:onnxruntime:, graph.cc:5607 onnxruntime::Graph::CleanUnusedInitializersAndNodeArgs] Removing initializer '/model.3/act/Sigmoid_output_0_Scale'. It is not used by any node and should be removed from the model.
2026-09-17 11:39:57.0191556 [W:onnxruntime:, graph.cc:5607 onnxruntime::Graph::CleanUnusedInitializersAndNodeArgs] Removing initializer '/model.4/m.0/cv2/act/Sigmoid_output_0_Scale'. It is not used by any node and should be removed from the model.
2026-09-17 11:39:57.0195260 [W:onnxruntime:, graph.cc:5607 onnxruntime::Graph::CleanUnusedInitializersAndNodeArgs] Removing initializer '/model.4/m.1/cv1/act/Sigmoid_output_0_Scale'. It is not used by any node and should be removed from the model.
2026-09-17 11:39:57.0198346 [W:onnxruntime:, graph.cc:5607 onnxruntime::Graph::CleanUnusedInitializersAndNodeArgs] Removing initializer '/model.6/cv1/act/Sigmoid_output_0_Scale'. It is not used by any node and should be removed from the model.
2026-09-17 11:39:57.0204916 [W:onnxruntime:, graph.cc:5607 onnxruntime::Graph::CleanUnusedInitializersAndNodeArgs] Removing initializer '/model.6/m.0/cv1/act/Sigmoid_output_0_Scale'. It is not used by any node and should be removed from the model.
2026-09-17 11:39:57.0207095 [W:onnxruntime:, graph.cc:5607 onnxruntime::Graph::CleanUnusedInitializersAndNodeArgs] Removing initializer '/model.6/m.1/cv2/act/Sigmoid_output_0_Scale'. It is not used by any node and should be removed from the model.
2026-09-17 11:39:57.0208937 [W:onnxruntime:, graph.cc:5607 onnxruntime::Graph::CleanUnusedInitializersAndNodeArgs] Removing initializer '/model.7/act/Sigmoid_output_0_Scale'. It is not used by any node and should be removed from the model.
2026-09-17 11:39:57.0210946 [W:onnxruntime:, graph.cc:5607 onnxruntime::Graph::CleanUnusedInitializersAndNodeArgs] Removing initializer '/model.8/cv1/act/Sigmoid_output_0_Scale'. It is not used by any node and should be removed from the model.
2026-09-17 11:39:57.0213025 [W:onnxruntime:, graph.cc:5607 onnxruntime::Graph::CleanUnusedInitializersAndNodeArgs] Removing initializer '/model.12/cv1/act/Sigmoid_output_0_Scale'. It is not used by any node and should be removed from the model.
2026-09-17 11:39:57.0215023 [W:onnxruntime:, graph.cc:5607 onnxruntime::Graph::CleanUnusedInitializersAndNodeArgs] Removing initializer '/model.12/m.0/cv2/act/Sigmoid_output_0_Scale'. It is not used by any node and should be removed from the model.
2026-09-17 11:39:57.0217381 [W:onnxruntime:, graph.cc:5607 onnxruntime::Graph::CleanUnusedInitializersAndNodeArgs] Removing initializer '/model.15/cv1/act/Sigmoid_output_0_Scale'. It is not used by any node and should be removed from the model.
2026-09-17 11:39:57.0219429 [W:onnxruntime:, graph.cc:5607 onnxruntime::Graph::CleanUnusedInitializersAndNodeArgs] Removing initializer '/model.15/m.0/cv1/act/Sigmoid_output_0_Scale'. It is not used by any node and should be removed from the model.
2026-09-17 11:39:57.0221619 [W:onnxruntime:, graph.cc:5607 onnxruntime::Graph::CleanUnusedInitializersAndNodeArgs] Removing initializer '/model.15/m.0/cv2/act/Sigmoid_output_0_Scale'. It is not used by any node and should be removed from the model.
2026-09-17 11:39:57.0223981 [W:onnxruntime:, graph.cc:5607 onnxruntime::Graph::CleanUnusedInitializersAndNodeArgs] Removing initializer '/model.18/cv1/act/Sigmoid_output_0_Scale'. It is not used by any node and should be removed from the model.
2026-09-17 11:39:57.0226038 [W:onnxruntime:, graph.cc:5607 onnxruntime::Graph::CleanUnusedInitializersAndNodeArgs] Removing initializer '/model.18/m.0/cv1/act/Sigmoid_output_0_Scale'. It is not used by any node and should be removed from the model.
2026-09-17 11:39:57.0228130 [W:onnxruntime:, graph.cc:5607 onnxruntime::Graph::CleanUnusedInitializersAndNodeArgs] Removing initializer '/model.18/cv2/act/Sigmoid_output_0_Scale'. It is not used by any node and should be removed from the model.
2026-09-17 11:39:57.0230257 [W:onnxruntime:, graph.cc:5607 onnxruntime::Graph::CleanUnusedInitializersAndNodeArgs] Removing initializer '/model.22/cv2.1/cv2.1.0/act/Sigmoid_output_0_Scale'. It is not used by any node and should be removed from the model.
2026-09-17 11:39:57.0232525 [W:onnxruntime:, graph.cc:5607 onnxruntime::Graph::CleanUnusedInitializersAndNodeArgs] Removing initializer '/model.22/cv2.1/cv2.1.1/act/Sigmoid_output_0_Scale'. It is not used by any node and should be removed from the model.
2026-09-17 11:39:57.0235627 [W:onnxruntime:, graph.cc:5607 onnxruntime::Graph::CleanUnusedInitializersAndNodeArgs] Removing initializer '/model.21/cv1/act/Sigmoid_output_0_Scale'. It is not used by any node and should be removed from the model.
2026-09-17 11:39:57.0243555 [W:onnxruntime:, graph.cc:5607 onnxruntime::Graph::CleanUnusedInitializersAndNodeArgs] Removing initializer '/model.22/cv3.2/cv3.2.0/act/Sigmoid_output_0_Scale'. It is not used by any node and should be removed from the model.
[Ignition] Native XDNA1 NPU backend active (Device 0)
[Ignition] task: detect
[Ignition] power mode performance: 16 worker threads, spinning between regions (8 cores / 16 threads on this host)
[Ignition] source: image bus.jpg 810x1080
[Ignition] NPU power mode: default kept: the performance power mode leaves the NPU's mode alone
[Ignition] shutdown: source released, window closed, NPU hardware context released
[summary] stop: frame limit | 550 frames processed (50 warm-up, 500 timed) | 1 distinct source frames | image bus.jpg 810x1080
[summary] NPU power mode: default kept: the performance power mode leaves the NPU's mode alone
[summary] G2G mean 8.135 ms | P50 8.141 | P95 8.243 | P99 8.330 | max 10.027 | over the last 500 timed frames; cold first frame 11.97 ms
[summary] stage means (ms): preprocess 0.401 | NPU forward 7.610 (dispatch 7.476, readback 0.134) | decode+NMS 0.120
[summary] boxes from NPU heads on 500/500 timed frames | 5.00 detections per frame
[summary] RSS 191.5 MB at the first timed frame, 191.5 MB at the end (+0.00 MB over 500 frames)
[summary] wrote <scratch>\rel033_sitting\ign_yolov8n_performance_2.json
== 2026-09-17T15:40:01Z [ignition yolov8n sigmoid performance #2] exit 0 after 5.8 s

== 2026-09-17T15:40:01Z [ignition yolov8n hardsigmoid control balanced #2] $ <conda envs>\mlir-aie-iron\python.exe live_ignition.py --model <ignite-xdna main>\build\yolov8n_full_hardsigmoid.ignite --source <Ignition main>\examples\assets\bus.jpg --headless --warmup 50 --frames 500 --json <scratch>\rel033_sitting\ign_yolov8n_control_2.json
[Ignition] loading <ignite-xdna main>\build\yolov8n_full_hardsigmoid.ignite (bare-metal .ignite container)
[Ignition] Native XDNA1 NPU backend active (Device 0)
[Ignition] task: detect
[Ignition] power mode balanced: 8 worker threads, sleeping between regions (8 cores / 16 threads on this host)
[Ignition] source: image bus.jpg 810x1080
[Ignition] NPU power mode: default kept: the balanced power mode leaves the NPU's mode alone
[Ignition] shutdown: source released, window closed, NPU hardware context released
[summary] stop: frame limit | 550 frames processed (50 warm-up, 500 timed) | 1 distinct source frames | image bus.jpg 810x1080
[summary] NPU power mode: default kept: the balanced power mode leaves the NPU's mode alone
[summary] G2G mean 8.286 ms | P50 8.243 | P95 8.602 | P99 9.168 | max 9.407 | over the last 500 timed frames; cold first frame 10.93 ms
[summary] stage means (ms): preprocess 0.659 | NPU forward 7.489 (dispatch 7.211, readback 0.277) | decode+NMS 0.132
[summary] boxes from NPU heads on 500/500 timed frames | 5.00 detections per frame
[summary] RSS 190.8 MB at the first timed frame, 190.8 MB at the end (+0.00 MB over 500 frames)
[summary] wrote <scratch>\rel033_sitting\ign_yolov8n_control_2.json
== 2026-09-17T15:40:06Z [ignition yolov8n hardsigmoid control balanced #2] exit 0 after 5.1 s

## Timed: YOLOv8s and SESR M7
[cpu] CPU 6.8 % over 2 s; busiest System Idle Process 0, System 0,  0, Registry 0
[xrt-smi before yolov8s #1] [003d:00:01.1] : NPU Phoenix | AIE Partitions | No hardware contexts running on device

== 2026-09-17T15:40:09Z [amd yolov8s #1] $ <conda envs>\resnet_env17\python.exe <ignite-xdna main>\tools\amd_vitisai_yolo.py --model <ignite-xdna main>\models\yolov8s_cut_xint8.onnx --image <Ignition main>\examples\assets\bus.jpg --ignition-src <Ignition main>\src --cache-dir <scratch>\sitting\vitisai_cache --cache-key yolov8s_sitting --xclbin <ignite-xdna main>\yolocutcachekey\4x4.xclbin --warmup 50 --iterations 500 --json <scratch>\rel033_sitting\amd_yolov8s_1.json
[amd] ort 1.23.3.dev20260320 | model yolov8s_cut_xint8.onnx | session load 0.42 s | EP report node devices report not found
[amd] G2G mean 16.786 ms | P50 16.764 | P95 17.349 | P99 17.763 | max 18.067 | over 500 timed frames after 50 warm-up
[amd] stage means (ms): letterbox 1.795 | session.run 12.887 | decode+NMS 2.104
[amd] detections on the last frame: 5 {'person': 4, 'bus': 1} | RSS 339.9 MB
== 2026-09-17T15:40:19Z [amd yolov8s #1] exit 0 after 9.9 s

== 2026-09-17T15:40:19Z [ignition yolov8s sigmoid #1] $ <conda envs>\mlir-aie-iron\python.exe live_ignition.py --model <ignite-xdna main>\build\yolov8s.ignite --source <Ignition main>\examples\assets\bus.jpg --headless --warmup 50 --frames 500 --json <scratch>\rel033_sitting\ign_yolov8s_1.json
[Ignition] loading <ignite-xdna main>\build\yolov8s.ignite (bare-metal .ignite container)
2026-09-17 11:40:20.8618212 [W:onnxruntime:, graph.cc:5607 onnxruntime::Graph::CleanUnusedInitializersAndNodeArgs] Removing initializer '/model.15/m.0/cv1/act/Sigmoid_output_0_zero_point'. It is not used by any node and should be removed from the model.
2026-09-17 11:40:20.8621965 [W:onnxruntime:, graph.cc:5607 onnxruntime::Graph::CleanUnusedInitializersAndNodeArgs] Removing initializer '/model.15/cv2/act/Sigmoid_output_0_Scale'. It is not used by any node and should be removed from the model.
2026-09-17 11:40:20.8625081 [W:onnxruntime:, graph.cc:5607 onnxruntime::Graph::CleanUnusedInitializersAndNodeArgs] Removing initializer '/model.15/m.0/cv1/act/Sigmoid_output_0_scale'. It is not used by any node and should be removed from the model.
2026-09-17 11:40:20.8628392 [W:onnxruntime:, graph.cc:5607 onnxruntime::Graph::CleanUnusedInitializersAndNodeArgs] Removing initializer '/model.22/cv3.2/cv3.2.1/act/Sigmoid_output_0_scale'. It is not used by any node and should be removed from the model.
2026-09-17 11:40:20.8631804 [W:onnxruntime:, graph.cc:5607 onnxruntime::Graph::CleanUnusedInitializersAndNodeArgs] Removing initializer '/model.2/cv1/act/Sigmoid_output_0_scale'. It is not used by any node and should be removed from the model.
2026-09-17 11:40:20.8635002 [W:onnxruntime:, graph.cc:5607 onnxruntime::Graph::CleanUnusedInitializersAndNodeArgs] Removing initializer '/model.2/cv1/act/Sigmoid_output_0_zero_point'. It is not used by any node and should be removed from the model.
2026-09-17 11:40:20.8637975 [W:onnxruntime:, graph.cc:5607 onnxruntime::Graph::CleanUnusedInitializersAndNodeArgs] Removing initializer '/model.9/cv1/act/Sigmoid_output_0_scale'. It is not used by any node and should be removed from the model.
2026-09-17 11:40:20.8641140 [W:onnxruntime:, graph.cc:5607 onnxruntime::Graph::CleanUnusedInitializersAndNodeArgs] Removing initializer '/model.0/act/Sigmoid_output_0_zero_point'. It is not used by any node and should be removed from the model.
2026-09-17 11:40:20.8644290 [W:onnxruntime:, graph.cc:5607 onnxruntime::Graph::CleanUnusedInitializersAndNodeArgs] Removing initializer '/model.8/m.0/cv2/act/Sigmoid_output_0_Scale'. It is not used by any node and should be removed from the model.
2026-09-17 11:40:20.8647439 [W:onnxruntime:, graph.cc:5607 onnxruntime::Graph::CleanUnusedInitializersAndNodeArgs] Removing initializer '/model.6/m.1/cv1/act/Sigmoid_output_0_scale'. It is not used by any node and should be removed from the model.
2026-09-17 11:40:20.8650599 [W:onnxruntime:, graph.cc:5607 onnxruntime::Graph::CleanUnusedInitializersAndNodeArgs] Removing initializer '/model.0/act/Sigmoid_output_0_scale'. It is not used by any node and should be removed from the model.
2026-09-17 11:40:20.8653665 [W:onnxruntime:, graph.cc:5607 onnxruntime::Graph::CleanUnusedInitializersAndNodeArgs] Removing initializer '/model.4/cv2/act/Sigmoid_output_0_Scale'. It is not used by any node and should be removed from the model.
2026-09-17 11:40:20.8656676 [W:onnxruntime:, graph.cc:5607 onnxruntime::Graph::CleanUnusedInitializersAndNodeArgs] Removing initializer '/model.22/cv2.0/cv2.0.0/act/Sigmoid_output_0_scale'. It is not used by any node and should be removed from the model.
2026-09-17 11:40:20.8659936 [W:onnxruntime:, graph.cc:5607 onnxruntime::Graph::CleanUnusedInitializersAndNodeArgs] Removing initializer '/model.21/cv1/act/Sigmoid_output_0_scale'. It is not used by any node and should be removed from the model.
2026-09-17 11:40:20.8663131 [W:onnxruntime:, graph.cc:5607 onnxruntime::Graph::CleanUnusedInitializersAndNodeArgs] Removing initializer '/model.21/cv1/act/Sigmoid_output_0_zero_point'. It is not used by any node and should be removed from the model.
2026-09-17 11:40:20.8666348 [W:onnxruntime:, graph.cc:5607 onnxruntime::Graph::CleanUnusedInitializersAndNodeArgs] Removing initializer '/model.22/cv3.2/cv3.2.0/act/Sigmoid_output_0_scale'. It is not used by any node and should be removed from the model.
2026-09-17 11:40:20.8669561 [W:onnxruntime:, graph.cc:5607 onnxruntime::Graph::CleanUnusedInitializersAndNodeArgs] Removing initializer '/model.1/act/Sigmoid_output_0_zero_point'. It is not used by any node and should be removed from the model.
2026-09-17 11:40:20.8672681 [W:onnxruntime:, graph.cc:5607 onnxruntime::Graph::CleanUnusedInitializersAndNodeArgs] Removing initializer '/model.1/act/Sigmoid_output_0_scale'. It is not used by any node and should be removed from the model.
2026-09-17 11:40:20.8675765 [W:onnxruntime:, graph.cc:5607 onnxruntime::Graph::CleanUnusedInitializersAndNodeArgs] Removing initializer '/model.8/m.0/cv2/act/Sigmoid_output_0_zero_point'. It is not used by any node and should be removed from the model.
2026-09-17 11:40:20.8678845 [W:onnxruntime:, graph.cc:5607 onnxruntime::Graph::CleanUnusedInitializersAndNodeArgs] Removing initializer '/model.4/m.0/cv2/act/Sigmoid_output_0_zero_point'. It is not used by any node and should be removed from the model.
2026-09-17 11:40:20.8682067 [W:onnxruntime:, graph.cc:5607 onnxruntime::Graph::CleanUnusedInitializersAndNodeArgs] Removing initializer '/model.2/m.0/cv1/act/Sigmoid_output_0_zero_point'. It is not used by any node and should be removed from the model.
2026-09-17 11:40:20.8685230 [W:onnxruntime:, graph.cc:5607 onnxruntime::Graph::CleanUnusedInitializersAndNodeArgs] Removing initializer '/model.2/m.0/cv1/act/Sigmoid_output_0_scale'. It is not used by any node and should be removed from the model.
2026-09-17 11:40:20.8688435 [W:onnxruntime:, graph.cc:5607 onnxruntime::Graph::CleanUnusedInitializersAndNodeArgs] Removing initializer '/model.6/cv2/act/Sigmoid_output_0_zero_point'. It is not used by any node and should be removed from the model.
2026-09-17 11:40:20.8691571 [W:onnxruntime:, graph.cc:5607 onnxruntime::Graph::CleanUnusedInitializersAndNodeArgs] Removing initializer '/model.2/m.0/cv2/act/Sigmoid_output_0_zero_point'. It is not used by any node and should be removed from the model.
2026-09-17 11:40:20.8694793 [W:onnxruntime:, graph.cc:5607 onnxruntime::Graph::CleanUnusedInitializersAndNodeArgs] Removing initializer '/model.2/m.0/cv2/act/Sigmoid_output_0_scale'. It is not used by any node and should be removed from the model.
2026-09-17 11:40:20.8697824 [W:onnxruntime:, graph.cc:5607 onnxruntime::Graph::CleanUnusedInitializersAndNodeArgs] Removing initializer '/model.22/cv3.0/cv3.0.0/act/Sigmoid_output_0_zero_point'. It is not used by any node and should be removed from the model.
2026-09-17 11:40:20.8701207 [W:onnxruntime:, graph.cc:5607 onnxruntime::Graph::CleanUnusedInitializersAndNodeArgs] Removing initializer '/model.6/m.0/cv2/act/Sigmoid_output_0_Scale'. It is not used by any node and should be removed from the model.
2026-09-17 11:40:20.8704250 [W:onnxruntime:, graph.cc:5607 onnxruntime::Graph::CleanUnusedInitializersAndNodeArgs] Removing initializer '/model.3/act/Sigmoid_output_0_zero_point'. It is not used by any node and should be removed from the model.
2026-09-17 11:40:20.8707465 [W:onnxruntime:, graph.cc:5607 onnxruntime::Graph::CleanUnusedInitializersAndNodeArgs] Removing initializer '/model.12/cv1/act/Sigmoid_output_0_scale'. It is not used by any node and should be removed from the model.
2026-09-17 11:40:20.8710584 [W:onnxruntime:, graph.cc:5607 onnxruntime::Graph::CleanUnusedInitializersAndNodeArgs] Removing initializer '/model.2/cv2/act/Sigmoid_output_0_zero_point'. It is not used by any node and should be removed from the model.
2026-09-17 11:40:20.8713814 [W:onnxruntime:, graph.cc:5607 onnxruntime::Graph::CleanUnusedInitializersAndNodeArgs] Removing initializer '/model.2/cv2/act/Sigmoid_output_0_scale'. It is not used by any node and should be removed from the model.
2026-09-17 11:40:20.8716813 [W:onnxruntime:, graph.cc:5607 onnxruntime::Graph::CleanUnusedInitializersAndNodeArgs] Removing initializer '/model.6/cv1/act/Sigmoid_output_0_zero_point'. It is not used by any node and should be removed from the model.
2026-09-17 11:40:20.8719978 [W:onnxruntime:, graph.cc:5607 onnxruntime::Graph::CleanUnusedInitializersAndNodeArgs] Removing initializer '/model.6/cv2/act/Sigmoid_output_0_Scale'. It is not used by any node and should be removed from the model.
2026-09-17 11:40:20.8723115 [W:onnxruntime:, graph.cc:5607 onnxruntime::Graph::CleanUnusedInitializersAndNodeArgs] Removing initializer '/model.22/cv3.0/cv3.0.0/act/Sigmoid_output_0_scale'. It is not used by any node and should be removed from the model.
2026-09-17 11:40:20.8726406 [W:onnxruntime:, graph.cc:5607 onnxruntime::Graph::CleanUnusedInitializersAndNodeArgs] Removing initializer '/model.22/cv3.1/cv3.1.0/act/Sigmoid_output_0_Scale'. It is not used by any node and should be removed from the model.
2026-09-17 11:40:20.8729839 [W:onnxruntime:, graph.cc:5607 onnxruntime::Graph::CleanUnusedInitializersAndNodeArgs] Removing initializer '/model.3/act/Sigmoid_output_0_scale'. It is not used by any node and should be removed from the model.
2026-09-17 11:40:20.8732477 [W:onnxruntime:, graph.cc:5607 onnxruntime::Graph::CleanUnusedInitializersAndNodeArgs] Removing initializer '/model.12/cv2/act/Sigmoid_output_0_Scale'. It is not used by any node and should be removed from the model.
2026-09-17 11:40:20.8735001 [W:onnxruntime:, graph.cc:5607 onnxruntime::Graph::CleanUnusedInitializersAndNodeArgs] Removing initializer '/model.0/act/Sigmoid_output_0_Scale'. It is not used by any node and should be removed from the model.
2026-09-17 11:40:20.8737533 [W:onnxruntime:, graph.cc:5607 onnxruntime::Graph::CleanUnusedInitializersAndNodeArgs] Removing initializer '/model.4/cv1/act/Sigmoid_output_0_zero_point'. It is not used by any node and should be removed from the model.
2026-09-17 11:40:20.8739778 [W:onnxruntime:, graph.cc:5607 onnxruntime::Graph::CleanUnusedInitializersAndNodeArgs] Removing initializer '/model.4/cv1/act/Sigmoid_output_0_scale'. It is not used by any node and should be removed from the model.
2026-09-17 11:40:20.8742048 [W:onnxruntime:, graph.cc:5607 onnxruntime::Graph::CleanUnusedInitializersAndNodeArgs] Removing initializer '/model.22/cv3.2/cv3.2.1/act/Sigmoid_output_0_Scale'. It is not used by any node and should be removed from the model.
2026-09-17 11:40:20.8744465 [W:onnxruntime:, graph.cc:5607 onnxruntime::Graph::CleanUnusedInitializersAndNodeArgs] Removing initializer '/model.6/m.1/cv1/act/Sigmoid_output_0_Scale'. It is not used by any node and should be removed from the model.
2026-09-17 11:40:20.8746678 [W:onnxruntime:, graph.cc:5607 onnxruntime::Graph::CleanUnusedInitializersAndNodeArgs] Removing initializer '/model.4/m.1/cv2/act/Sigmoid_output_0_zero_point'. It is not used by any node and should be removed from the model.
2026-09-17 11:40:20.8749515 [W:onnxruntime:, graph.cc:5607 onnxruntime::Graph::CleanUnusedInitializersAndNodeArgs] Removing initializer '/model.8/m.0/cv2/act/Sigmoid_output_0_scale'. It is not used by any node and should be removed from the model.
2026-09-17 11:40:20.8752123 [W:onnxruntime:, graph.cc:5607 onnxruntime::Graph::CleanUnusedInitializersAndNodeArgs] Removing initializer '/model.4/m.0/cv1/act/Sigmoid_output_0_zero_point'. It is not used by any node and should be removed from the model.
2026-09-17 11:40:20.8754576 [W:onnxruntime:, graph.cc:5607 onnxruntime::Graph::CleanUnusedInitializersAndNodeArgs] Removing initializer '/model.4/m.0/cv1/act/Sigmoid_output_0_scale'. It is not used by any node and should be removed from the model.
2026-09-17 11:40:20.8757212 [W:onnxruntime:, graph.cc:5607 onnxruntime::Graph::CleanUnusedInitializersAndNodeArgs] Removing initializer '/model.8/cv2/act/Sigmoid_output_0_scale'. It is not used by any node and should be removed from the model.
2026-09-17 11:40:20.8759398 [W:onnxruntime:, graph.cc:5607 onnxruntime::Graph::CleanUnusedInitializersAndNodeArgs] Removing initializer '/model.4/m.0/cv2/act/Sigmoid_output_0_scale'. It is not used by any node and should be removed from the model.
2026-09-17 11:40:20.8761723 [W:onnxruntime:, graph.cc:5607 onnxruntime::Graph::CleanUnusedInitializersAndNodeArgs] Removing initializer '/model.18/cv1/act/Sigmoid_output_0_zero_point'. It is not used by any node and should be removed from the model.
2026-09-17 11:40:20.8763898 [W:onnxruntime:, graph.cc:5607 onnxruntime::Graph::CleanUnusedInitializersAndNodeArgs] Removing initializer '/model.9/cv2/act/Sigmoid_output_0_zero_point'. It is not used by any node and should be removed from the model.
2026-09-17 11:40:20.8766200 [W:onnxruntime:, graph.cc:5607 onnxruntime::Graph::CleanUnusedInitializersAndNodeArgs] Removing initializer '/model.22/cv3.1/cv3.1.1/act/Sigmoid_output_0_Scale'. It is not used by any node and should be removed from the model.
2026-09-17 11:40:20.8768214 [W:onnxruntime:, graph.cc:5607 onnxruntime::Graph::CleanUnusedInitializersAndNodeArgs] Removing initializer '/model.4/m.1/cv1/act/Sigmoid_output_0_zero_point'. It is not used by any node and should be removed from the model.
2026-09-17 11:40:20.8770698 [W:onnxruntime:, graph.cc:5607 onnxruntime::Graph::CleanUnusedInitializersAndNodeArgs] Removing initializer '/model.4/m.1/cv1/act/Sigmoid_output_0_scale'. It is not used by any node and should be removed from the model.
2026-09-17 11:40:20.8773080 [W:onnxruntime:, graph.cc:5607 onnxruntime::Graph::CleanUnusedInitializersAndNodeArgs] Removing initializer '/model.4/m.1/cv2/act/Sigmoid_output_0_scale'. It is not used by any node and should be removed from the model.
2026-09-17 11:40:20.8775461 [W:onnxruntime:, graph.cc:5607 onnxruntime::Graph::CleanUnusedInitializersAndNodeArgs] Removing initializer '/model.6/m.0/cv2/act/Sigmoid_output_0_scale'. It is not used by any node and should be removed from the model.
2026-09-17 11:40:20.8777607 [W:onnxruntime:, graph.cc:5607 onnxruntime::Graph::CleanUnusedInitializersAndNodeArgs] Removing initializer '/model.22/cv2.2/cv2.2.0/act/Sigmoid_output_0_zero_point'. It is not used by any node and should be removed from the model.
2026-09-17 11:40:20.8780028 [W:onnxruntime:, graph.cc:5607 onnxruntime::Graph::CleanUnusedInitializersAndNodeArgs] Removing initializer '/model.19/act/Sigmoid_output_0_Scale'. It is not used by any node and should be removed from the model.
2026-09-17 11:40:20.8782307 [W:onnxruntime:, graph.cc:5607 onnxruntime::Graph::CleanUnusedInitializersAndNodeArgs] Removing initializer '/model.12/cv2/act/Sigmoid_output_0_zero_point'. It is not used by any node and should be removed from the model.
2026-09-17 11:40:20.8784584 [W:onnxruntime:, graph.cc:5607 onnxruntime::Graph::CleanUnusedInitializersAndNodeArgs] Removing initializer '/model.22/cv3.0/cv3.0.1/act/Sigmoid_output_0_scale'. It is not used by any node and should be removed from the model.
2026-09-17 11:40:20.8786965 [W:onnxruntime:, graph.cc:5607 onnxruntime::Graph::CleanUnusedInitializersAndNodeArgs] Removing initializer '/model.4/cv2/act/Sigmoid_output_0_zero_point'. It is not used by any node and should be removed from the model.
2026-09-17 11:40:20.8789491 [W:onnxruntime:, graph.cc:5607 onnxruntime::Graph::CleanUnusedInitializersAndNodeArgs] Removing initializer '/model.4/cv2/act/Sigmoid_output_0_scale'. It is not used by any node and should be removed from the model.
2026-09-17 11:40:20.8791943 [W:onnxruntime:, graph.cc:5607 onnxruntime::Graph::CleanUnusedInitializersAndNodeArgs] Removing initializer '/model.22/cv2.2/cv2.2.0/act/Sigmoid_output_0_Scale'. It is not used by any node and should be removed from the model.
2026-09-17 11:40:20.8794285 [W:onnxruntime:, graph.cc:5607 onnxruntime::Graph::CleanUnusedInitializersAndNodeArgs] Removing initializer '/model.12/m.0/cv1/act/Sigmoid_output_0_scale'. It is not used by any node and should be removed from the model.
2026-09-17 11:40:20.8796798 [W:onnxruntime:, graph.cc:5607 onnxruntime::Graph::CleanUnusedInitializersAndNodeArgs] Removing initializer '/model.12/m.0/cv1/act/Sigmoid_output_0_zero_point'. It is not used by any node and should be removed from the model.
2026-09-17 11:40:20.8799590 [W:onnxruntime:, graph.cc:5607 onnxruntime::Graph::CleanUnusedInitializersAndNodeArgs] Removing initializer '/model.12/m.0/cv1/act/Sigmoid_output_0_Scale'. It is not used by any node and should be removed from the model.
2026-09-17 11:40:20.8803012 [W:onnxruntime:, graph.cc:5607 onnxruntime::Graph::CleanUnusedInitializersAndNodeArgs] Removing initializer '/model.5/act/Sigmoid_output_0_zero_point'. It is not used by any node and should be removed from the model.
2026-09-17 11:40:20.8805314 [W:onnxruntime:, graph.cc:5607 onnxruntime::Graph::CleanUnusedInitializersAndNodeArgs] Removing initializer '/model.5/act/Sigmoid_output_0_scale'. It is not used by any node and should be removed from the model.
2026-09-17 11:40:20.8807460 [W:onnxruntime:, graph.cc:5607 onnxruntime::Graph::CleanUnusedInitializersAndNodeArgs] Removing initializer '/model.15/cv2/act/Sigmoid_output_0_scale'. It is not used by any node and should be removed from the model.
2026-09-17 11:40:20.8809896 [W:onnxruntime:, graph.cc:5607 onnxruntime::Graph::CleanUnusedInitializersAndNodeArgs] Removing initializer '/model.6/cv1/act/Sigmoid_output_0_scale'. It is not used by any node and should be removed from the model.
2026-09-17 11:40:20.8811980 [W:onnxruntime:, graph.cc:5607 onnxruntime::Graph::CleanUnusedInitializersAndNodeArgs] Removing initializer '/model.9/cv2/act/Sigmoid_output_0_Scale'. It is not used by any node and should be removed from the model.
2026-09-17 11:40:20.8814206 [W:onnxruntime:, graph.cc:5607 onnxruntime::Graph::CleanUnusedInitializersAndNodeArgs] Removing initializer '/model.22/cv3.0/cv3.0.0/act/Sigmoid_output_0_Scale'. It is not used by any node and should be removed from the model.
2026-09-17 11:40:20.8816445 [W:onnxruntime:, graph.cc:5607 onnxruntime::Graph::CleanUnusedInitializersAndNodeArgs] Removing initializer '/model.6/cv2/act/Sigmoid_output_0_scale'. It is not used by any node and should be removed from the model.
2026-09-17 11:40:20.8818647 [W:onnxruntime:, graph.cc:5607 onnxruntime::Graph::CleanUnusedInitializersAndNodeArgs] Removing initializer '/model.22/cv3.1/cv3.1.0/act/Sigmoid_output_0_scale'. It is not used by any node and should be removed from the model.
2026-09-17 11:40:20.8820940 [W:onnxruntime:, graph.cc:5607 onnxruntime::Graph::CleanUnusedInitializersAndNodeArgs] Removing initializer '/model.6/m.0/cv1/act/Sigmoid_output_0_zero_point'. It is not used by any node and should be removed from the model.
2026-09-17 11:40:20.8823189 [W:onnxruntime:, graph.cc:5607 onnxruntime::Graph::CleanUnusedInitializersAndNodeArgs] Removing initializer '/model.6/m.0/cv1/act/Sigmoid_output_0_scale'. It is not used by any node and should be removed from the model.
2026-09-17 11:40:20.8825461 [W:onnxruntime:, graph.cc:5607 onnxruntime::Graph::CleanUnusedInitializersAndNodeArgs] Removing initializer '/model.6/m.1/cv2/act/Sigmoid_output_0_scale'. It is not used by any node and should be removed from the model.
2026-09-17 11:40:20.8827734 [W:onnxruntime:, graph.cc:5607 onnxruntime::Graph::CleanUnusedInitializersAndNodeArgs] Removing initializer '/model.21/m.0/cv2/act/Sigmoid_output_0_Scale'. It is not used by any node and should be removed from the model.
2026-09-17 11:40:20.8829682 [W:onnxruntime:, graph.cc:5607 onnxruntime::Graph::CleanUnusedInitializersAndNodeArgs] Removing initializer '/model.6/m.0/cv2/act/Sigmoid_output_0_zero_point'. It is not used by any node and should be removed from the model.
2026-09-17 11:40:20.8832158 [W:onnxruntime:, graph.cc:5607 onnxruntime::Graph::CleanUnusedInitializersAndNodeArgs] Removing initializer '/model.21/m.0/cv2/act/Sigmoid_output_0_scale'. It is not used by any node and should be removed from the model.
2026-09-17 11:40:20.8834583 [W:onnxruntime:, graph.cc:5607 onnxruntime::Graph::CleanUnusedInitializersAndNodeArgs] Removing initializer '/model.6/m.1/cv1/act/Sigmoid_output_0_zero_point'. It is not used by any node and should be removed from the model.
2026-09-17 11:40:20.8837114 [W:onnxruntime:, graph.cc:5607 onnxruntime::Graph::CleanUnusedInitializersAndNodeArgs] Removing initializer '/model.6/m.1/cv2/act/Sigmoid_output_0_zero_point'. It is not used by any node and should be removed from the model.
2026-09-17 11:40:20.8839440 [W:onnxruntime:, graph.cc:5607 onnxruntime::Graph::CleanUnusedInitializersAndNodeArgs] Removing initializer '/model.7/act/Sigmoid_output_0_zero_point'. It is not used by any node and should be removed from the model.
2026-09-17 11:40:20.8841594 [W:onnxruntime:, graph.cc:5607 onnxruntime::Graph::CleanUnusedInitializersAndNodeArgs] Removing initializer '/model.22/cv2.0/cv2.0.1/act/Sigmoid_output_0_Scale'. It is not used by any node and should be removed from the model.
2026-09-17 11:40:20.8843841 [W:onnxruntime:, graph.cc:5607 onnxruntime::Graph::CleanUnusedInitializersAndNodeArgs] Removing initializer '/model.7/act/Sigmoid_output_0_scale'. It is not used by any node and should be removed from the model.
2026-09-17 11:40:20.8846184 [W:onnxruntime:, graph.cc:5607 onnxruntime::Graph::CleanUnusedInitializersAndNodeArgs] Removing initializer '/model.8/cv1/act/Sigmoid_output_0_zero_point'. It is not used by any node and should be removed from the model.
2026-09-17 11:40:20.8848379 [W:onnxruntime:, graph.cc:5607 onnxruntime::Graph::CleanUnusedInitializersAndNodeArgs] Removing initializer '/model.8/cv1/act/Sigmoid_output_0_scale'. It is not used by any node and should be removed from the model.
2026-09-17 11:40:20.8850517 [W:onnxruntime:, graph.cc:5607 onnxruntime::Graph::CleanUnusedInitializersAndNodeArgs] Removing initializer '/model.22/cv3.0/cv3.0.1/act/Sigmoid_output_0_Scale'. It is not used by any node and should be removed from the model.
2026-09-17 11:40:20.8852862 [W:onnxruntime:, graph.cc:5607 onnxruntime::Graph::CleanUnusedInitializersAndNodeArgs] Removing initializer '/model.8/m.0/cv1/act/Sigmoid_output_0_zero_point'. It is not used by any node and should be removed from the model.
2026-09-17 11:40:20.8855272 [W:onnxruntime:, graph.cc:5607 onnxruntime::Graph::CleanUnusedInitializersAndNodeArgs] Removing initializer '/model.8/m.0/cv1/act/Sigmoid_output_0_scale'. It is not used by any node and should be removed from the model.
2026-09-17 11:40:20.8857479 [W:onnxruntime:, graph.cc:5607 onnxruntime::Graph::CleanUnusedInitializersAndNodeArgs] Removing initializer '/model.15/m.0/cv2/act/Sigmoid_output_0_scale'. It is not used by any node and should be removed from the model.
2026-09-17 11:40:20.8859625 [W:onnxruntime:, graph.cc:5607 onnxruntime::Graph::CleanUnusedInitializersAndNodeArgs] Removing initializer '/model.5/act/Sigmoid_output_0_Scale'. It is not used by any node and should be removed from the model.
2026-09-17 11:40:20.8861769 [W:onnxruntime:, graph.cc:5607 onnxruntime::Graph::CleanUnusedInitializersAndNodeArgs] Removing initializer '/model.22/cv2.0/cv2.0.0/act/Sigmoid_output_0_Scale'. It is not used by any node and should be removed from the model.
2026-09-17 11:40:20.8864393 [W:onnxruntime:, graph.cc:5607 onnxruntime::Graph::CleanUnusedInitializersAndNodeArgs] Removing initializer '/model.21/cv2/act/Sigmoid_output_0_scale'. It is not used by any node and should be removed from the model.
2026-09-17 11:40:20.8866643 [W:onnxruntime:, graph.cc:5607 onnxruntime::Graph::CleanUnusedInitializersAndNodeArgs] Removing initializer '/model.4/m.1/cv2/act/Sigmoid_output_0_Scale'. It is not used by any node and should be removed from the model.
2026-09-17 11:40:20.8868914 [W:onnxruntime:, graph.cc:5607 onnxruntime::Graph::CleanUnusedInitializersAndNodeArgs] Removing initializer '/model.8/cv2/act/Sigmoid_output_0_zero_point'. It is not used by any node and should be removed from the model.
2026-09-17 11:40:20.8871107 [W:onnxruntime:, graph.cc:5607 onnxruntime::Graph::CleanUnusedInitializersAndNodeArgs] Removing initializer '/model.18/m.0/cv2/act/Sigmoid_output_0_Scale'. It is not used by any node and should be removed from the model.
2026-09-17 11:40:20.8873492 [W:onnxruntime:, graph.cc:5607 onnxruntime::Graph::CleanUnusedInitializersAndNodeArgs] Removing initializer '/model.9/cv1/act/Sigmoid_output_0_zero_point'. It is not used by any node and should be removed from the model.
2026-09-17 11:40:20.8875672 [W:onnxruntime:, graph.cc:5607 onnxruntime::Graph::CleanUnusedInitializersAndNodeArgs] Removing initializer '/model.12/m.0/cv2/act/Sigmoid_output_0_zero_point'. It is not used by any node and should be removed from the model.
2026-09-17 11:40:20.8877973 [W:onnxruntime:, graph.cc:5607 onnxruntime::Graph::CleanUnusedInitializersAndNodeArgs] Removing initializer '/model.9/cv2/act/Sigmoid_output_0_scale'. It is not used by any node and should be removed from the model.
2026-09-17 11:40:20.8880238 [W:onnxruntime:, graph.cc:5607 onnxruntime::Graph::CleanUnusedInitializersAndNodeArgs] Removing initializer '/model.15/m.0/cv2/act/Sigmoid_output_0_zero_point'. It is not used by any node and should be removed from the model.
2026-09-17 11:40:20.8882596 [W:onnxruntime:, graph.cc:5607 onnxruntime::Graph::CleanUnusedInitializersAndNodeArgs] Removing initializer '/model.12/cv1/act/Sigmoid_output_0_zero_point'. It is not used by any node and should be removed from the model.
2026-09-17 11:40:20.8884854 [W:onnxruntime:, graph.cc:5607 onnxruntime::Graph::CleanUnusedInitializersAndNodeArgs] Removing initializer '/model.9/cv1/act/Sigmoid_output_0_Scale'. It is not used by any node and should be removed from the model.
2026-09-17 11:40:20.8887048 [W:onnxruntime:, graph.cc:5607 onnxruntime::Graph::CleanUnusedInitializersAndNodeArgs] Removing initializer '/model.18/m.0/cv1/act/Sigmoid_output_0_scale'. It is not used by any node and should be removed from the model.
2026-09-17 11:40:20.8889303 [W:onnxruntime:, graph.cc:5607 onnxruntime::Graph::CleanUnusedInitializersAndNodeArgs] Removing initializer '/model.12/m.0/cv2/act/Sigmoid_output_0_scale'. It is not used by any node and should be removed from the model.
2026-09-17 11:40:20.8891683 [W:onnxruntime:, graph.cc:5607 onnxruntime::Graph::CleanUnusedInitializersAndNodeArgs] Removing initializer '/model.22/cv2.1/cv2.1.0/act/Sigmoid_output_0_scale'. It is not used by any node and should be removed from the model.
2026-09-17 11:40:20.8894005 [W:onnxruntime:, graph.cc:5607 onnxruntime::Graph::CleanUnusedInitializersAndNodeArgs] Removing initializer '/model.12/cv2/act/Sigmoid_output_0_scale'. It is not used by any node and should be removed from the model.
2026-09-17 11:40:20.8896295 [W:onnxruntime:, graph.cc:5607 onnxruntime::Graph::CleanUnusedInitializersAndNodeArgs] Removing initializer '/model.15/cv1/act/Sigmoid_output_0_zero_point'. It is not used by any node and should be removed from the model.
2026-09-17 11:40:20.8898498 [W:onnxruntime:, graph.cc:5607 onnxruntime::Graph::CleanUnusedInitializersAndNodeArgs] Removing initializer '/model.15/cv1/act/Sigmoid_output_0_scale'. It is not used by any node and should be removed from the model.
2026-09-17 11:40:20.8900635 [W:onnxruntime:, graph.cc:5607 onnxruntime::Graph::CleanUnusedInitializersAndNodeArgs] Removing initializer '/model.19/act/Sigmoid_output_0_scale'. It is not used by any node and should be removed from the model.
2026-09-17 11:40:20.8902881 [W:onnxruntime:, graph.cc:5607 onnxruntime::Graph::CleanUnusedInitializersAndNodeArgs] Removing initializer '/model.4/cv1/act/Sigmoid_output_0_Scale'. It is not used by any node and should be removed from the model.
2026-09-17 11:40:20.8905137 [W:onnxruntime:, graph.cc:5607 onnxruntime::Graph::CleanUnusedInitializersAndNodeArgs] Removing initializer '/model.15/cv2/act/Sigmoid_output_0_zero_point'. It is not used by any node and should be removed from the model.
2026-09-17 11:40:20.8907332 [W:onnxruntime:, graph.cc:5607 onnxruntime::Graph::CleanUnusedInitializersAndNodeArgs] Removing initializer '/model.22/cv2.0/cv2.0.1/act/Sigmoid_output_0_scale'. It is not used by any node and should be removed from the model.
2026-09-17 11:40:20.8909665 [W:onnxruntime:, graph.cc:5607 onnxruntime::Graph::CleanUnusedInitializersAndNodeArgs] Removing initializer '/model.22/cv2.0/cv2.0.1/act/Sigmoid_output_0_zero_point'. It is not used by any node and should be removed from the model.
2026-09-17 11:40:20.8912137 [W:onnxruntime:, graph.cc:5607 onnxruntime::Graph::CleanUnusedInitializersAndNodeArgs] Removing initializer '/model.16/act/Sigmoid_output_0_zero_point'. It is not used by any node and should be removed from the model.
2026-09-17 11:40:20.8914330 [W:onnxruntime:, graph.cc:5607 onnxruntime::Graph::CleanUnusedInitializersAndNodeArgs] Removing initializer '/model.16/act/Sigmoid_output_0_scale'. It is not used by any node and should be removed from the model.
2026-09-17 11:40:20.8916526 [W:onnxruntime:, graph.cc:5607 onnxruntime::Graph::CleanUnusedInitializersAndNodeArgs] Removing initializer '/model.22/cv2.0/cv2.0.0/act/Sigmoid_output_0_zero_point'. It is not used by any node and should be removed from the model.
2026-09-17 11:40:20.8918839 [W:onnxruntime:, graph.cc:5607 onnxruntime::Graph::CleanUnusedInitializersAndNodeArgs] Removing initializer '/model.18/m.0/cv2/act/Sigmoid_output_0_zero_point'. It is not used by any node and should be removed from the model.
2026-09-17 11:40:20.8921386 [W:onnxruntime:, graph.cc:5607 onnxruntime::Graph::CleanUnusedInitializersAndNodeArgs] Removing initializer '/model.22/cv3.0/cv3.0.1/act/Sigmoid_output_0_zero_point'. It is not used by any node and should be removed from the model.
2026-09-17 11:40:20.8923775 [W:onnxruntime:, graph.cc:5607 onnxruntime::Graph::CleanUnusedInitializersAndNodeArgs] Removing initializer '/model.18/cv1/act/Sigmoid_output_0_scale'. It is not used by any node and should be removed from the model.
2026-09-17 11:40:20.8926072 [W:onnxruntime:, graph.cc:5607 onnxruntime::Graph::CleanUnusedInitializersAndNodeArgs] Removing initializer '/model.18/m.0/cv1/act/Sigmoid_output_0_zero_point'. It is not used by any node and should be removed from the model.
2026-09-17 11:40:20.8928460 [W:onnxruntime:, graph.cc:5607 onnxruntime::Graph::CleanUnusedInitializersAndNodeArgs] Removing initializer '/model.18/m.0/cv2/act/Sigmoid_output_0_scale'. It is not used by any node and should be removed from the model.
2026-09-17 11:40:20.8931739 [W:onnxruntime:, graph.cc:5607 onnxruntime::Graph::CleanUnusedInitializersAndNodeArgs] Removing initializer '/model.16/act/Sigmoid_output_0_Scale'. It is not used by any node and should be removed from the model.
2026-09-17 11:40:20.8934999 [W:onnxruntime:, graph.cc:5607 onnxruntime::Graph::CleanUnusedInitializersAndNodeArgs] Removing initializer '/model.21/m.0/cv1/act/Sigmoid_output_0_Scale'. It is not used by any node and should be removed from the model.
2026-09-17 11:40:20.8938308 [W:onnxruntime:, graph.cc:5607 onnxruntime::Graph::CleanUnusedInitializersAndNodeArgs] Removing initializer '/model.18/cv2/act/Sigmoid_output_0_zero_point'. It is not used by any node and should be removed from the model.
2026-09-17 11:40:20.8940713 [W:onnxruntime:, graph.cc:5607 onnxruntime::Graph::CleanUnusedInitializersAndNodeArgs] Removing initializer '/model.18/cv2/act/Sigmoid_output_0_scale'. It is not used by any node and should be removed from the model.
2026-09-17 11:40:20.8942880 [W:onnxruntime:, graph.cc:5607 onnxruntime::Graph::CleanUnusedInitializersAndNodeArgs] Removing initializer '/model.2/m.0/cv1/act/Sigmoid_output_0_Scale'. It is not used by any node and should be removed from the model.
2026-09-17 11:40:20.8945180 [W:onnxruntime:, graph.cc:5607 onnxruntime::Graph::CleanUnusedInitializersAndNodeArgs] Removing initializer '/model.19/act/Sigmoid_output_0_zero_point'. It is not used by any node and should be removed from the model.
2026-09-17 11:40:20.8947229 [W:onnxruntime:, graph.cc:5607 onnxruntime::Graph::CleanUnusedInitializersAndNodeArgs] Removing initializer '/model.22/cv2.1/cv2.1.0/act/Sigmoid_output_0_zero_point'. It is not used by any node and should be removed from the model.
2026-09-17 11:40:20.8949666 [W:onnxruntime:, graph.cc:5607 onnxruntime::Graph::CleanUnusedInitializersAndNodeArgs] Removing initializer '/model.22/cv3.1/cv3.1.0/act/Sigmoid_output_0_zero_point'. It is not used by any node and should be removed from the model.
2026-09-17 11:40:20.8953304 [W:onnxruntime:, graph.cc:5607 onnxruntime::Graph::CleanUnusedInitializersAndNodeArgs] Removing initializer '/model.22/cv2.1/cv2.1.1/act/Sigmoid_output_0_zero_point'. It is not used by any node and should be removed from the model.
2026-09-17 11:40:20.8956783 [W:onnxruntime:, graph.cc:5607 onnxruntime::Graph::CleanUnusedInitializersAndNodeArgs] Removing initializer '/model.22/cv2.1/cv2.1.1/act/Sigmoid_output_0_scale'. It is not used by any node and should be removed from the model.
2026-09-17 11:40:20.8960111 [W:onnxruntime:, graph.cc:5607 onnxruntime::Graph::CleanUnusedInitializersAndNodeArgs] Removing initializer '/model.22/cv3.1/cv3.1.1/act/Sigmoid_output_0_zero_point'. It is not used by any node and should be removed from the model.
2026-09-17 11:40:20.8963118 [W:onnxruntime:, graph.cc:5607 onnxruntime::Graph::CleanUnusedInitializersAndNodeArgs] Removing initializer '/model.22/cv3.1/cv3.1.1/act/Sigmoid_output_0_scale'. It is not used by any node and should be removed from the model.
2026-09-17 11:40:20.8965536 [W:onnxruntime:, graph.cc:5607 onnxruntime::Graph::CleanUnusedInitializersAndNodeArgs] Removing initializer '/model.21/m.0/cv1/act/Sigmoid_output_0_zero_point'. It is not used by any node and should be removed from the model.
2026-09-17 11:40:20.8967840 [W:onnxruntime:, graph.cc:5607 onnxruntime::Graph::CleanUnusedInitializersAndNodeArgs] Removing initializer '/model.21/m.0/cv1/act/Sigmoid_output_0_scale'. It is not used by any node and should be removed from the model.
2026-09-17 11:40:20.8970414 [W:onnxruntime:, graph.cc:5607 onnxruntime::Graph::CleanUnusedInitializersAndNodeArgs] Removing initializer '/model.21/m.0/cv2/act/Sigmoid_output_0_zero_point'. It is not used by any node and should be removed from the model.
2026-09-17 11:40:20.8972844 [W:onnxruntime:, graph.cc:5607 onnxruntime::Graph::CleanUnusedInitializersAndNodeArgs] Removing initializer '/model.21/cv2/act/Sigmoid_output_0_zero_point'. It is not used by any node and should be removed from the model.
2026-09-17 11:40:20.8975816 [W:onnxruntime:, graph.cc:5607 onnxruntime::Graph::CleanUnusedInitializersAndNodeArgs] Removing initializer '/model.22/cv2.2/cv2.2.0/act/Sigmoid_output_0_scale'. It is not used by any node and should be removed from the model.
2026-09-17 11:40:20.8978994 [W:onnxruntime:, graph.cc:5607 onnxruntime::Graph::CleanUnusedInitializersAndNodeArgs] Removing initializer '/model.22/cv3.2/cv3.2.0/act/Sigmoid_output_0_zero_point'. It is not used by any node and should be removed from the model.
2026-09-17 11:40:20.8982255 [W:onnxruntime:, graph.cc:5607 onnxruntime::Graph::CleanUnusedInitializersAndNodeArgs] Removing initializer '/model.21/cv2/act/Sigmoid_output_0_Scale'. It is not used by any node and should be removed from the model.
2026-09-17 11:40:20.8985546 [W:onnxruntime:, graph.cc:5607 onnxruntime::Graph::CleanUnusedInitializersAndNodeArgs] Removing initializer '/model.22/cv2.2/cv2.2.1/act/Sigmoid_output_0_zero_point'. It is not used by any node and should be removed from the model.
2026-09-17 11:40:20.8988074 [W:onnxruntime:, graph.cc:5607 onnxruntime::Graph::CleanUnusedInitializersAndNodeArgs] Removing initializer '/model.22/cv2.2/cv2.2.1/act/Sigmoid_output_0_scale'. It is not used by any node and should be removed from the model.
2026-09-17 11:40:20.8990232 [W:onnxruntime:, graph.cc:5607 onnxruntime::Graph::CleanUnusedInitializersAndNodeArgs] Removing initializer '/model.22/cv3.2/cv3.2.1/act/Sigmoid_output_0_zero_point'. It is not used by any node and should be removed from the model.
2026-09-17 11:40:20.8992470 [W:onnxruntime:, graph.cc:5607 onnxruntime::Graph::CleanUnusedInitializersAndNodeArgs] Removing initializer '/model.8/cv2/act/Sigmoid_output_0_Scale'. It is not used by any node and should be removed from the model.
2026-09-17 11:40:20.8994560 [W:onnxruntime:, graph.cc:5607 onnxruntime::Graph::CleanUnusedInitializersAndNodeArgs] Removing initializer '/model.22/cv2.2/cv2.2.1/act/Sigmoid_output_0_Scale'. It is not used by any node and should be removed from the model.
2026-09-17 11:40:20.8996822 [W:onnxruntime:, graph.cc:5607 onnxruntime::Graph::CleanUnusedInitializersAndNodeArgs] Removing initializer '/model.2/cv2/act/Sigmoid_output_0_Scale'. It is not used by any node and should be removed from the model.
2026-09-17 11:40:20.8998931 [W:onnxruntime:, graph.cc:5607 onnxruntime::Graph::CleanUnusedInitializersAndNodeArgs] Removing initializer '/model.4/m.0/cv1/act/Sigmoid_output_0_Scale'. It is not used by any node and should be removed from the model.
2026-09-17 11:40:20.9001154 [W:onnxruntime:, graph.cc:5607 onnxruntime::Graph::CleanUnusedInitializersAndNodeArgs] Removing initializer '/model.8/m.0/cv1/act/Sigmoid_output_0_Scale'. It is not used by any node and should be removed from the model.
2026-09-17 11:40:20.9003434 [W:onnxruntime:, graph.cc:5607 onnxruntime::Graph::CleanUnusedInitializersAndNodeArgs] Removing initializer '/model.1/act/Sigmoid_output_0_Scale'. It is not used by any node and should be removed from the model.
2026-09-17 11:40:20.9005722 [W:onnxruntime:, graph.cc:5607 onnxruntime::Graph::CleanUnusedInitializersAndNodeArgs] Removing initializer '/model.2/cv1/act/Sigmoid_output_0_Scale'. It is not used by any node and should be removed from the model.
2026-09-17 11:40:20.9007920 [W:onnxruntime:, graph.cc:5607 onnxruntime::Graph::CleanUnusedInitializersAndNodeArgs] Removing initializer '/model.2/m.0/cv2/act/Sigmoid_output_0_Scale'. It is not used by any node and should be removed from the model.
2026-09-17 11:40:20.9009934 [W:onnxruntime:, graph.cc:5607 onnxruntime::Graph::CleanUnusedInitializersAndNodeArgs] Removing initializer '/model.3/act/Sigmoid_output_0_Scale'. It is not used by any node and should be removed from the model.
2026-09-17 11:40:20.9012037 [W:onnxruntime:, graph.cc:5607 onnxruntime::Graph::CleanUnusedInitializersAndNodeArgs] Removing initializer '/model.4/m.0/cv2/act/Sigmoid_output_0_Scale'. It is not used by any node and should be removed from the model.
2026-09-17 11:40:20.9014297 [W:onnxruntime:, graph.cc:5607 onnxruntime::Graph::CleanUnusedInitializersAndNodeArgs] Removing initializer '/model.4/m.1/cv1/act/Sigmoid_output_0_Scale'. It is not used by any node and should be removed from the model.
2026-09-17 11:40:20.9016585 [W:onnxruntime:, graph.cc:5607 onnxruntime::Graph::CleanUnusedInitializersAndNodeArgs] Removing initializer '/model.6/cv1/act/Sigmoid_output_0_Scale'. It is not used by any node and should be removed from the model.
2026-09-17 11:40:20.9018667 [W:onnxruntime:, graph.cc:5607 onnxruntime::Graph::CleanUnusedInitializersAndNodeArgs] Removing initializer '/model.6/m.0/cv1/act/Sigmoid_output_0_Scale'. It is not used by any node and should be removed from the model.
2026-09-17 11:40:20.9020703 [W:onnxruntime:, graph.cc:5607 onnxruntime::Graph::CleanUnusedInitializersAndNodeArgs] Removing initializer '/model.6/m.1/cv2/act/Sigmoid_output_0_Scale'. It is not used by any node and should be removed from the model.
2026-09-17 11:40:20.9023057 [W:onnxruntime:, graph.cc:5607 onnxruntime::Graph::CleanUnusedInitializersAndNodeArgs] Removing initializer '/model.7/act/Sigmoid_output_0_Scale'. It is not used by any node and should be removed from the model.
2026-09-17 11:40:20.9025172 [W:onnxruntime:, graph.cc:5607 onnxruntime::Graph::CleanUnusedInitializersAndNodeArgs] Removing initializer '/model.8/cv1/act/Sigmoid_output_0_Scale'. It is not used by any node and should be removed from the model.
2026-09-17 11:40:20.9027235 [W:onnxruntime:, graph.cc:5607 onnxruntime::Graph::CleanUnusedInitializersAndNodeArgs] Removing initializer '/model.12/cv1/act/Sigmoid_output_0_Scale'. It is not used by any node and should be removed from the model.
2026-09-17 11:40:20.9029394 [W:onnxruntime:, graph.cc:5607 onnxruntime::Graph::CleanUnusedInitializersAndNodeArgs] Removing initializer '/model.12/m.0/cv2/act/Sigmoid_output_0_Scale'. It is not used by any node and should be removed from the model.
2026-09-17 11:40:20.9031547 [W:onnxruntime:, graph.cc:5607 onnxruntime::Graph::CleanUnusedInitializersAndNodeArgs] Removing initializer '/model.15/cv1/act/Sigmoid_output_0_Scale'. It is not used by any node and should be removed from the model.
2026-09-17 11:40:20.9033533 [W:onnxruntime:, graph.cc:5607 onnxruntime::Graph::CleanUnusedInitializersAndNodeArgs] Removing initializer '/model.15/m.0/cv1/act/Sigmoid_output_0_Scale'. It is not used by any node and should be removed from the model.
2026-09-17 11:40:20.9035728 [W:onnxruntime:, graph.cc:5607 onnxruntime::Graph::CleanUnusedInitializersAndNodeArgs] Removing initializer '/model.15/m.0/cv2/act/Sigmoid_output_0_Scale'. It is not used by any node and should be removed from the model.
2026-09-17 11:40:20.9037943 [W:onnxruntime:, graph.cc:5607 onnxruntime::Graph::CleanUnusedInitializersAndNodeArgs] Removing initializer '/model.18/cv1/act/Sigmoid_output_0_Scale'. It is not used by any node and should be removed from the model.
2026-09-17 11:40:20.9039926 [W:onnxruntime:, graph.cc:5607 onnxruntime::Graph::CleanUnusedInitializersAndNodeArgs] Removing initializer '/model.18/m.0/cv1/act/Sigmoid_output_0_Scale'. It is not used by any node and should be removed from the model.
2026-09-17 11:40:20.9041931 [W:onnxruntime:, graph.cc:5607 onnxruntime::Graph::CleanUnusedInitializersAndNodeArgs] Removing initializer '/model.18/cv2/act/Sigmoid_output_0_Scale'. It is not used by any node and should be removed from the model.
2026-09-17 11:40:20.9044232 [W:onnxruntime:, graph.cc:5607 onnxruntime::Graph::CleanUnusedInitializersAndNodeArgs] Removing initializer '/model.22/cv2.1/cv2.1.0/act/Sigmoid_output_0_Scale'. It is not used by any node and should be removed from the model.
2026-09-17 11:40:20.9046750 [W:onnxruntime:, graph.cc:5607 onnxruntime::Graph::CleanUnusedInitializersAndNodeArgs] Removing initializer '/model.22/cv2.1/cv2.1.1/act/Sigmoid_output_0_Scale'. It is not used by any node and should be removed from the model.
2026-09-17 11:40:20.9049119 [W:onnxruntime:, graph.cc:5607 onnxruntime::Graph::CleanUnusedInitializersAndNodeArgs] Removing initializer '/model.21/cv1/act/Sigmoid_output_0_Scale'. It is not used by any node and should be removed from the model.
2026-09-17 11:40:20.9051132 [W:onnxruntime:, graph.cc:5607 onnxruntime::Graph::CleanUnusedInitializersAndNodeArgs] Removing initializer '/model.22/cv3.2/cv3.2.0/act/Sigmoid_output_0_Scale'. It is not used by any node and should be removed from the model.
[Ignition] Native XDNA1 NPU backend active (Device 0)
[Ignition] task: detect
[Ignition] power mode balanced: 8 worker threads, sleeping between regions (8 cores / 16 threads on this host)
[Ignition] source: image bus.jpg 810x1080
[Ignition] NPU power mode: default kept: the balanced power mode leaves the NPU's mode alone
[Ignition] shutdown: source released, window closed, NPU hardware context released
[summary] stop: frame limit | 550 frames processed (50 warm-up, 500 timed) | 1 distinct source frames | image bus.jpg 810x1080
[summary] NPU power mode: default kept: the balanced power mode leaves the NPU's mode alone
[summary] G2G mean 18.213 ms | P50 18.133 | P95 18.684 | P99 18.996 | max 19.329 | over the last 500 timed frames; cold first frame 20.78 ms
[summary] stage means (ms): preprocess 0.639 | NPU forward 17.426 (dispatch 17.124, readback 0.302) | decode+NMS 0.141
[summary] boxes from NPU heads on 500/500 timed frames | 5.00 detections per frame
[summary] RSS 240.8 MB at the first timed frame, 240.8 MB at the end (+0.00 MB over 500 frames)
[summary] wrote <scratch>\rel033_sitting\ign_yolov8s_1.json
== 2026-09-17T15:40:31Z [ignition yolov8s sigmoid #1] exit 0 after 11.3 s

== 2026-09-17T15:40:31Z [ignition yolov8s hardsigmoid control #1] $ <conda envs>\mlir-aie-iron\python.exe live_ignition.py --model <ignite-xdna main>\build\yolov8s_hardsigmoid.ignite --source <Ignition main>\examples\assets\bus.jpg --headless --warmup 50 --frames 500 --json <scratch>\rel033_sitting\ign_yolov8s_control_1.json
[Ignition] loading <ignite-xdna main>\build\yolov8s_hardsigmoid.ignite (bare-metal .ignite container)
[Ignition] Native XDNA1 NPU backend active (Device 0)
[Ignition] task: detect
[Ignition] power mode balanced: 8 worker threads, sleeping between regions (8 cores / 16 threads on this host)
[Ignition] source: image bus.jpg 810x1080
[Ignition] NPU power mode: default kept: the balanced power mode leaves the NPU's mode alone
[Ignition] shutdown: source released, window closed, NPU hardware context released
[summary] stop: frame limit | 550 frames processed (50 warm-up, 500 timed) | 1 distinct source frames | image bus.jpg 810x1080
[summary] NPU power mode: default kept: the balanced power mode leaves the NPU's mode alone
[summary] G2G mean 17.870 ms | P50 17.796 | P95 18.315 | P99 18.781 | max 19.152 | over the last 500 timed frames; cold first frame 20.46 ms
[summary] stage means (ms): preprocess 0.635 | NPU forward 17.088 (dispatch 16.792, readback 0.296) | decode+NMS 0.141
[summary] boxes from NPU heads on 500/500 timed frames | 6.00 detections per frame
[summary] RSS 242.2 MB at the first timed frame, 242.2 MB at the end (+0.00 MB over 500 frames)
[summary] wrote <scratch>\rel033_sitting\ign_yolov8s_control_1.json
== 2026-09-17T15:40:41Z [ignition yolov8s hardsigmoid control #1] exit 0 after 10.4 s
[cpu] CPU 6.7 % over 2 s; busiest System Idle Process 0, System 0,  0, Registry 0
[xrt-smi before yolov8s #2] [003d:00:01.1] : NPU Phoenix | AIE Partitions | No hardware contexts running on device

== 2026-09-17T15:40:44Z [amd yolov8s #2] $ <conda envs>\resnet_env17\python.exe <ignite-xdna main>\tools\amd_vitisai_yolo.py --model <ignite-xdna main>\models\yolov8s_cut_xint8.onnx --image <Ignition main>\examples\assets\bus.jpg --ignition-src <Ignition main>\src --cache-dir <scratch>\sitting\vitisai_cache --cache-key yolov8s_sitting --xclbin <ignite-xdna main>\yolocutcachekey\4x4.xclbin --warmup 50 --iterations 500 --json <scratch>\rel033_sitting\amd_yolov8s_2.json
[amd] ort 1.23.3.dev20260320 | model yolov8s_cut_xint8.onnx | session load 0.46 s | EP report node devices report not found
[amd] G2G mean 16.754 ms | P50 16.748 | P95 17.233 | P99 17.711 | max 18.092 | over 500 timed frames after 50 warm-up
[amd] stage means (ms): letterbox 1.779 | session.run 12.836 | decode+NMS 2.139
[amd] detections on the last frame: 5 {'person': 4, 'bus': 1} | RSS 337.4 MB
== 2026-09-17T15:40:54Z [amd yolov8s #2] exit 0 after 10.0 s

== 2026-09-17T15:40:54Z [ignition yolov8s sigmoid #2] $ <conda envs>\mlir-aie-iron\python.exe live_ignition.py --model <ignite-xdna main>\build\yolov8s.ignite --source <Ignition main>\examples\assets\bus.jpg --headless --warmup 50 --frames 500 --json <scratch>\rel033_sitting\ign_yolov8s_2.json
[Ignition] loading <ignite-xdna main>\build\yolov8s.ignite (bare-metal .ignite container)
2026-09-17 11:40:55.6030031 [W:onnxruntime:, graph.cc:5607 onnxruntime::Graph::CleanUnusedInitializersAndNodeArgs] Removing initializer '/model.15/m.0/cv1/act/Sigmoid_output_0_zero_point'. It is not used by any node and should be removed from the model.
2026-09-17 11:40:55.6032835 [W:onnxruntime:, graph.cc:5607 onnxruntime::Graph::CleanUnusedInitializersAndNodeArgs] Removing initializer '/model.15/cv2/act/Sigmoid_output_0_Scale'. It is not used by any node and should be removed from the model.
2026-09-17 11:40:55.6035097 [W:onnxruntime:, graph.cc:5607 onnxruntime::Graph::CleanUnusedInitializersAndNodeArgs] Removing initializer '/model.15/m.0/cv1/act/Sigmoid_output_0_scale'. It is not used by any node and should be removed from the model.
2026-09-17 11:40:55.6037356 [W:onnxruntime:, graph.cc:5607 onnxruntime::Graph::CleanUnusedInitializersAndNodeArgs] Removing initializer '/model.22/cv3.2/cv3.2.1/act/Sigmoid_output_0_scale'. It is not used by any node and should be removed from the model.
2026-09-17 11:40:55.6039500 [W:onnxruntime:, graph.cc:5607 onnxruntime::Graph::CleanUnusedInitializersAndNodeArgs] Removing initializer '/model.2/cv1/act/Sigmoid_output_0_scale'. It is not used by any node and should be removed from the model.
2026-09-17 11:40:55.6041325 [W:onnxruntime:, graph.cc:5607 onnxruntime::Graph::CleanUnusedInitializersAndNodeArgs] Removing initializer '/model.2/cv1/act/Sigmoid_output_0_zero_point'. It is not used by any node and should be removed from the model.
2026-09-17 11:40:55.6043400 [W:onnxruntime:, graph.cc:5607 onnxruntime::Graph::CleanUnusedInitializersAndNodeArgs] Removing initializer '/model.9/cv1/act/Sigmoid_output_0_scale'. It is not used by any node and should be removed from the model.
2026-09-17 11:40:55.6045384 [W:onnxruntime:, graph.cc:5607 onnxruntime::Graph::CleanUnusedInitializersAndNodeArgs] Removing initializer '/model.0/act/Sigmoid_output_0_zero_point'. It is not used by any node and should be removed from the model.
2026-09-17 11:40:55.6047168 [W:onnxruntime:, graph.cc:5607 onnxruntime::Graph::CleanUnusedInitializersAndNodeArgs] Removing initializer '/model.8/m.0/cv2/act/Sigmoid_output_0_Scale'. It is not used by any node and should be removed from the model.
2026-09-17 11:40:55.6049195 [W:onnxruntime:, graph.cc:5607 onnxruntime::Graph::CleanUnusedInitializersAndNodeArgs] Removing initializer '/model.6/m.1/cv1/act/Sigmoid_output_0_scale'. It is not used by any node and should be removed from the model.
2026-09-17 11:40:55.6051006 [W:onnxruntime:, graph.cc:5607 onnxruntime::Graph::CleanUnusedInitializersAndNodeArgs] Removing initializer '/model.0/act/Sigmoid_output_0_scale'. It is not used by any node and should be removed from the model.
2026-09-17 11:40:55.6052911 [W:onnxruntime:, graph.cc:5607 onnxruntime::Graph::CleanUnusedInitializersAndNodeArgs] Removing initializer '/model.4/cv2/act/Sigmoid_output_0_Scale'. It is not used by any node and should be removed from the model.
2026-09-17 11:40:55.6054906 [W:onnxruntime:, graph.cc:5607 onnxruntime::Graph::CleanUnusedInitializersAndNodeArgs] Removing initializer '/model.22/cv2.0/cv2.0.0/act/Sigmoid_output_0_scale'. It is not used by any node and should be removed from the model.
2026-09-17 11:40:55.6056795 [W:onnxruntime:, graph.cc:5607 onnxruntime::Graph::CleanUnusedInitializersAndNodeArgs] Removing initializer '/model.21/cv1/act/Sigmoid_output_0_scale'. It is not used by any node and should be removed from the model.
2026-09-17 11:40:55.6058788 [W:onnxruntime:, graph.cc:5607 onnxruntime::Graph::CleanUnusedInitializersAndNodeArgs] Removing initializer '/model.21/cv1/act/Sigmoid_output_0_zero_point'. It is not used by any node and should be removed from the model.
2026-09-17 11:40:55.6060812 [W:onnxruntime:, graph.cc:5607 onnxruntime::Graph::CleanUnusedInitializersAndNodeArgs] Removing initializer '/model.22/cv3.2/cv3.2.0/act/Sigmoid_output_0_scale'. It is not used by any node and should be removed from the model.
2026-09-17 11:40:55.6063528 [W:onnxruntime:, graph.cc:5607 onnxruntime::Graph::CleanUnusedInitializersAndNodeArgs] Removing initializer '/model.1/act/Sigmoid_output_0_zero_point'. It is not used by any node and should be removed from the model.
2026-09-17 11:40:55.6066100 [W:onnxruntime:, graph.cc:5607 onnxruntime::Graph::CleanUnusedInitializersAndNodeArgs] Removing initializer '/model.1/act/Sigmoid_output_0_scale'. It is not used by any node and should be removed from the model.
2026-09-17 11:40:55.6068321 [W:onnxruntime:, graph.cc:5607 onnxruntime::Graph::CleanUnusedInitializersAndNodeArgs] Removing initializer '/model.8/m.0/cv2/act/Sigmoid_output_0_zero_point'. It is not used by any node and should be removed from the model.
2026-09-17 11:40:55.6070410 [W:onnxruntime:, graph.cc:5607 onnxruntime::Graph::CleanUnusedInitializersAndNodeArgs] Removing initializer '/model.4/m.0/cv2/act/Sigmoid_output_0_zero_point'. It is not used by any node and should be removed from the model.
2026-09-17 11:40:55.6072698 [W:onnxruntime:, graph.cc:5607 onnxruntime::Graph::CleanUnusedInitializersAndNodeArgs] Removing initializer '/model.2/m.0/cv1/act/Sigmoid_output_0_zero_point'. It is not used by any node and should be removed from the model.
2026-09-17 11:40:55.6075017 [W:onnxruntime:, graph.cc:5607 onnxruntime::Graph::CleanUnusedInitializersAndNodeArgs] Removing initializer '/model.2/m.0/cv1/act/Sigmoid_output_0_scale'. It is not used by any node and should be removed from the model.
2026-09-17 11:40:55.6077139 [W:onnxruntime:, graph.cc:5607 onnxruntime::Graph::CleanUnusedInitializersAndNodeArgs] Removing initializer '/model.6/cv2/act/Sigmoid_output_0_zero_point'. It is not used by any node and should be removed from the model.
2026-09-17 11:40:55.6079401 [W:onnxruntime:, graph.cc:5607 onnxruntime::Graph::CleanUnusedInitializersAndNodeArgs] Removing initializer '/model.2/m.0/cv2/act/Sigmoid_output_0_zero_point'. It is not used by any node and should be removed from the model.
2026-09-17 11:40:55.6081460 [W:onnxruntime:, graph.cc:5607 onnxruntime::Graph::CleanUnusedInitializersAndNodeArgs] Removing initializer '/model.2/m.0/cv2/act/Sigmoid_output_0_scale'. It is not used by any node and should be removed from the model.
2026-09-17 11:40:55.6083674 [W:onnxruntime:, graph.cc:5607 onnxruntime::Graph::CleanUnusedInitializersAndNodeArgs] Removing initializer '/model.22/cv3.0/cv3.0.0/act/Sigmoid_output_0_zero_point'. It is not used by any node and should be removed from the model.
2026-09-17 11:40:55.6086458 [W:onnxruntime:, graph.cc:5607 onnxruntime::Graph::CleanUnusedInitializersAndNodeArgs] Removing initializer '/model.6/m.0/cv2/act/Sigmoid_output_0_Scale'. It is not used by any node and should be removed from the model.
2026-09-17 11:40:55.6089416 [W:onnxruntime:, graph.cc:5607 onnxruntime::Graph::CleanUnusedInitializersAndNodeArgs] Removing initializer '/model.3/act/Sigmoid_output_0_zero_point'. It is not used by any node and should be removed from the model.
2026-09-17 11:40:55.6092428 [W:onnxruntime:, graph.cc:5607 onnxruntime::Graph::CleanUnusedInitializersAndNodeArgs] Removing initializer '/model.12/cv1/act/Sigmoid_output_0_scale'. It is not used by any node and should be removed from the model.
2026-09-17 11:40:55.6095487 [W:onnxruntime:, graph.cc:5607 onnxruntime::Graph::CleanUnusedInitializersAndNodeArgs] Removing initializer '/model.2/cv2/act/Sigmoid_output_0_zero_point'. It is not used by any node and should be removed from the model.
2026-09-17 11:40:55.6098379 [W:onnxruntime:, graph.cc:5607 onnxruntime::Graph::CleanUnusedInitializersAndNodeArgs] Removing initializer '/model.2/cv2/act/Sigmoid_output_0_scale'. It is not used by any node and should be removed from the model.
2026-09-17 11:40:55.6101427 [W:onnxruntime:, graph.cc:5607 onnxruntime::Graph::CleanUnusedInitializersAndNodeArgs] Removing initializer '/model.6/cv1/act/Sigmoid_output_0_zero_point'. It is not used by any node and should be removed from the model.
2026-09-17 11:40:55.6104020 [W:onnxruntime:, graph.cc:5607 onnxruntime::Graph::CleanUnusedInitializersAndNodeArgs] Removing initializer '/model.6/cv2/act/Sigmoid_output_0_Scale'. It is not used by any node and should be removed from the model.
2026-09-17 11:40:55.6106916 [W:onnxruntime:, graph.cc:5607 onnxruntime::Graph::CleanUnusedInitializersAndNodeArgs] Removing initializer '/model.22/cv3.0/cv3.0.0/act/Sigmoid_output_0_scale'. It is not used by any node and should be removed from the model.
2026-09-17 11:40:55.6110069 [W:onnxruntime:, graph.cc:5607 onnxruntime::Graph::CleanUnusedInitializersAndNodeArgs] Removing initializer '/model.22/cv3.1/cv3.1.0/act/Sigmoid_output_0_Scale'. It is not used by any node and should be removed from the model.
2026-09-17 11:40:55.6113105 [W:onnxruntime:, graph.cc:5607 onnxruntime::Graph::CleanUnusedInitializersAndNodeArgs] Removing initializer '/model.3/act/Sigmoid_output_0_scale'. It is not used by any node and should be removed from the model.
2026-09-17 11:40:55.6115981 [W:onnxruntime:, graph.cc:5607 onnxruntime::Graph::CleanUnusedInitializersAndNodeArgs] Removing initializer '/model.12/cv2/act/Sigmoid_output_0_Scale'. It is not used by any node and should be removed from the model.
2026-09-17 11:40:55.6119032 [W:onnxruntime:, graph.cc:5607 onnxruntime::Graph::CleanUnusedInitializersAndNodeArgs] Removing initializer '/model.0/act/Sigmoid_output_0_Scale'. It is not used by any node and should be removed from the model.
2026-09-17 11:40:55.6122010 [W:onnxruntime:, graph.cc:5607 onnxruntime::Graph::CleanUnusedInitializersAndNodeArgs] Removing initializer '/model.4/cv1/act/Sigmoid_output_0_zero_point'. It is not used by any node and should be removed from the model.
2026-09-17 11:40:55.6124937 [W:onnxruntime:, graph.cc:5607 onnxruntime::Graph::CleanUnusedInitializersAndNodeArgs] Removing initializer '/model.4/cv1/act/Sigmoid_output_0_scale'. It is not used by any node and should be removed from the model.
2026-09-17 11:40:55.6127983 [W:onnxruntime:, graph.cc:5607 onnxruntime::Graph::CleanUnusedInitializersAndNodeArgs] Removing initializer '/model.22/cv3.2/cv3.2.1/act/Sigmoid_output_0_Scale'. It is not used by any node and should be removed from the model.
2026-09-17 11:40:55.6131205 [W:onnxruntime:, graph.cc:5607 onnxruntime::Graph::CleanUnusedInitializersAndNodeArgs] Removing initializer '/model.6/m.1/cv1/act/Sigmoid_output_0_Scale'. It is not used by any node and should be removed from the model.
2026-09-17 11:40:55.6134237 [W:onnxruntime:, graph.cc:5607 onnxruntime::Graph::CleanUnusedInitializersAndNodeArgs] Removing initializer '/model.4/m.1/cv2/act/Sigmoid_output_0_zero_point'. It is not used by any node and should be removed from the model.
2026-09-17 11:40:55.6137237 [W:onnxruntime:, graph.cc:5607 onnxruntime::Graph::CleanUnusedInitializersAndNodeArgs] Removing initializer '/model.8/m.0/cv2/act/Sigmoid_output_0_scale'. It is not used by any node and should be removed from the model.
2026-09-17 11:40:55.6140105 [W:onnxruntime:, graph.cc:5607 onnxruntime::Graph::CleanUnusedInitializersAndNodeArgs] Removing initializer '/model.4/m.0/cv1/act/Sigmoid_output_0_zero_point'. It is not used by any node and should be removed from the model.
2026-09-17 11:40:55.6143102 [W:onnxruntime:, graph.cc:5607 onnxruntime::Graph::CleanUnusedInitializersAndNodeArgs] Removing initializer '/model.4/m.0/cv1/act/Sigmoid_output_0_scale'. It is not used by any node and should be removed from the model.
2026-09-17 11:40:55.6146037 [W:onnxruntime:, graph.cc:5607 onnxruntime::Graph::CleanUnusedInitializersAndNodeArgs] Removing initializer '/model.8/cv2/act/Sigmoid_output_0_scale'. It is not used by any node and should be removed from the model.
2026-09-17 11:40:55.6149008 [W:onnxruntime:, graph.cc:5607 onnxruntime::Graph::CleanUnusedInitializersAndNodeArgs] Removing initializer '/model.4/m.0/cv2/act/Sigmoid_output_0_scale'. It is not used by any node and should be removed from the model.
2026-09-17 11:40:55.6152073 [W:onnxruntime:, graph.cc:5607 onnxruntime::Graph::CleanUnusedInitializersAndNodeArgs] Removing initializer '/model.18/cv1/act/Sigmoid_output_0_zero_point'. It is not used by any node and should be removed from the model.
2026-09-17 11:40:55.6155047 [W:onnxruntime:, graph.cc:5607 onnxruntime::Graph::CleanUnusedInitializersAndNodeArgs] Removing initializer '/model.9/cv2/act/Sigmoid_output_0_zero_point'. It is not used by any node and should be removed from the model.
2026-09-17 11:40:55.6157961 [W:onnxruntime:, graph.cc:5607 onnxruntime::Graph::CleanUnusedInitializersAndNodeArgs] Removing initializer '/model.22/cv3.1/cv3.1.1/act/Sigmoid_output_0_Scale'. It is not used by any node and should be removed from the model.
2026-09-17 11:40:55.6160806 [W:onnxruntime:, graph.cc:5607 onnxruntime::Graph::CleanUnusedInitializersAndNodeArgs] Removing initializer '/model.4/m.1/cv1/act/Sigmoid_output_0_zero_point'. It is not used by any node and should be removed from the model.
2026-09-17 11:40:55.6163419 [W:onnxruntime:, graph.cc:5607 onnxruntime::Graph::CleanUnusedInitializersAndNodeArgs] Removing initializer '/model.4/m.1/cv1/act/Sigmoid_output_0_scale'. It is not used by any node and should be removed from the model.
2026-09-17 11:40:55.6166026 [W:onnxruntime:, graph.cc:5607 onnxruntime::Graph::CleanUnusedInitializersAndNodeArgs] Removing initializer '/model.4/m.1/cv2/act/Sigmoid_output_0_scale'. It is not used by any node and should be removed from the model.
2026-09-17 11:40:55.6168624 [W:onnxruntime:, graph.cc:5607 onnxruntime::Graph::CleanUnusedInitializersAndNodeArgs] Removing initializer '/model.6/m.0/cv2/act/Sigmoid_output_0_scale'. It is not used by any node and should be removed from the model.
2026-09-17 11:40:55.6171763 [W:onnxruntime:, graph.cc:5607 onnxruntime::Graph::CleanUnusedInitializersAndNodeArgs] Removing initializer '/model.22/cv2.2/cv2.2.0/act/Sigmoid_output_0_zero_point'. It is not used by any node and should be removed from the model.
2026-09-17 11:40:55.6174921 [W:onnxruntime:, graph.cc:5607 onnxruntime::Graph::CleanUnusedInitializersAndNodeArgs] Removing initializer '/model.19/act/Sigmoid_output_0_Scale'. It is not used by any node and should be removed from the model.
2026-09-17 11:40:55.6177805 [W:onnxruntime:, graph.cc:5607 onnxruntime::Graph::CleanUnusedInitializersAndNodeArgs] Removing initializer '/model.12/cv2/act/Sigmoid_output_0_zero_point'. It is not used by any node and should be removed from the model.
2026-09-17 11:40:55.6180731 [W:onnxruntime:, graph.cc:5607 onnxruntime::Graph::CleanUnusedInitializersAndNodeArgs] Removing initializer '/model.22/cv3.0/cv3.0.1/act/Sigmoid_output_0_scale'. It is not used by any node and should be removed from the model.
2026-09-17 11:40:55.6183841 [W:onnxruntime:, graph.cc:5607 onnxruntime::Graph::CleanUnusedInitializersAndNodeArgs] Removing initializer '/model.4/cv2/act/Sigmoid_output_0_zero_point'. It is not used by any node and should be removed from the model.
2026-09-17 11:40:55.6186646 [W:onnxruntime:, graph.cc:5607 onnxruntime::Graph::CleanUnusedInitializersAndNodeArgs] Removing initializer '/model.4/cv2/act/Sigmoid_output_0_scale'. It is not used by any node and should be removed from the model.
2026-09-17 11:40:55.6189352 [W:onnxruntime:, graph.cc:5607 onnxruntime::Graph::CleanUnusedInitializersAndNodeArgs] Removing initializer '/model.22/cv2.2/cv2.2.0/act/Sigmoid_output_0_Scale'. It is not used by any node and should be removed from the model.
2026-09-17 11:40:55.6192221 [W:onnxruntime:, graph.cc:5607 onnxruntime::Graph::CleanUnusedInitializersAndNodeArgs] Removing initializer '/model.12/m.0/cv1/act/Sigmoid_output_0_scale'. It is not used by any node and should be removed from the model.
2026-09-17 11:40:55.6195126 [W:onnxruntime:, graph.cc:5607 onnxruntime::Graph::CleanUnusedInitializersAndNodeArgs] Removing initializer '/model.12/m.0/cv1/act/Sigmoid_output_0_zero_point'. It is not used by any node and should be removed from the model.
2026-09-17 11:40:55.6197929 [W:onnxruntime:, graph.cc:5607 onnxruntime::Graph::CleanUnusedInitializersAndNodeArgs] Removing initializer '/model.12/m.0/cv1/act/Sigmoid_output_0_Scale'. It is not used by any node and should be removed from the model.
2026-09-17 11:40:55.6200085 [W:onnxruntime:, graph.cc:5607 onnxruntime::Graph::CleanUnusedInitializersAndNodeArgs] Removing initializer '/model.5/act/Sigmoid_output_0_zero_point'. It is not used by any node and should be removed from the model.
2026-09-17 11:40:55.6202345 [W:onnxruntime:, graph.cc:5607 onnxruntime::Graph::CleanUnusedInitializersAndNodeArgs] Removing initializer '/model.5/act/Sigmoid_output_0_scale'. It is not used by any node and should be removed from the model.
2026-09-17 11:40:55.6204606 [W:onnxruntime:, graph.cc:5607 onnxruntime::Graph::CleanUnusedInitializersAndNodeArgs] Removing initializer '/model.15/cv2/act/Sigmoid_output_0_scale'. It is not used by any node and should be removed from the model.
2026-09-17 11:40:55.6206790 [W:onnxruntime:, graph.cc:5607 onnxruntime::Graph::CleanUnusedInitializersAndNodeArgs] Removing initializer '/model.6/cv1/act/Sigmoid_output_0_scale'. It is not used by any node and should be removed from the model.
2026-09-17 11:40:55.6208950 [W:onnxruntime:, graph.cc:5607 onnxruntime::Graph::CleanUnusedInitializersAndNodeArgs] Removing initializer '/model.9/cv2/act/Sigmoid_output_0_Scale'. It is not used by any node and should be removed from the model.
2026-09-17 11:40:55.6211378 [W:onnxruntime:, graph.cc:5607 onnxruntime::Graph::CleanUnusedInitializersAndNodeArgs] Removing initializer '/model.22/cv3.0/cv3.0.0/act/Sigmoid_output_0_Scale'. It is not used by any node and should be removed from the model.
2026-09-17 11:40:55.6213727 [W:onnxruntime:, graph.cc:5607 onnxruntime::Graph::CleanUnusedInitializersAndNodeArgs] Removing initializer '/model.6/cv2/act/Sigmoid_output_0_scale'. It is not used by any node and should be removed from the model.
2026-09-17 11:40:55.6215757 [W:onnxruntime:, graph.cc:5607 onnxruntime::Graph::CleanUnusedInitializersAndNodeArgs] Removing initializer '/model.22/cv3.1/cv3.1.0/act/Sigmoid_output_0_scale'. It is not used by any node and should be removed from the model.
2026-09-17 11:40:55.6218105 [W:onnxruntime:, graph.cc:5607 onnxruntime::Graph::CleanUnusedInitializersAndNodeArgs] Removing initializer '/model.6/m.0/cv1/act/Sigmoid_output_0_zero_point'. It is not used by any node and should be removed from the model.
2026-09-17 11:40:55.6220232 [W:onnxruntime:, graph.cc:5607 onnxruntime::Graph::CleanUnusedInitializersAndNodeArgs] Removing initializer '/model.6/m.0/cv1/act/Sigmoid_output_0_scale'. It is not used by any node and should be removed from the model.
2026-09-17 11:40:55.6222322 [W:onnxruntime:, graph.cc:5607 onnxruntime::Graph::CleanUnusedInitializersAndNodeArgs] Removing initializer '/model.6/m.1/cv2/act/Sigmoid_output_0_scale'. It is not used by any node and should be removed from the model.
2026-09-17 11:40:55.6224366 [W:onnxruntime:, graph.cc:5607 onnxruntime::Graph::CleanUnusedInitializersAndNodeArgs] Removing initializer '/model.21/m.0/cv2/act/Sigmoid_output_0_Scale'. It is not used by any node and should be removed from the model.
2026-09-17 11:40:55.6226717 [W:onnxruntime:, graph.cc:5607 onnxruntime::Graph::CleanUnusedInitializersAndNodeArgs] Removing initializer '/model.6/m.0/cv2/act/Sigmoid_output_0_zero_point'. It is not used by any node and should be removed from the model.
2026-09-17 11:40:55.6228850 [W:onnxruntime:, graph.cc:5607 onnxruntime::Graph::CleanUnusedInitializersAndNodeArgs] Removing initializer '/model.21/m.0/cv2/act/Sigmoid_output_0_scale'. It is not used by any node and should be removed from the model.
2026-09-17 11:40:55.6230929 [W:onnxruntime:, graph.cc:5607 onnxruntime::Graph::CleanUnusedInitializersAndNodeArgs] Removing initializer '/model.6/m.1/cv1/act/Sigmoid_output_0_zero_point'. It is not used by any node and should be removed from the model.
2026-09-17 11:40:55.6234066 [W:onnxruntime:, graph.cc:5607 onnxruntime::Graph::CleanUnusedInitializersAndNodeArgs] Removing initializer '/model.6/m.1/cv2/act/Sigmoid_output_0_zero_point'. It is not used by any node and should be removed from the model.
2026-09-17 11:40:55.6237460 [W:onnxruntime:, graph.cc:5607 onnxruntime::Graph::CleanUnusedInitializersAndNodeArgs] Removing initializer '/model.7/act/Sigmoid_output_0_zero_point'. It is not used by any node and should be removed from the model.
2026-09-17 11:40:55.6240709 [W:onnxruntime:, graph.cc:5607 onnxruntime::Graph::CleanUnusedInitializersAndNodeArgs] Removing initializer '/model.22/cv2.0/cv2.0.1/act/Sigmoid_output_0_Scale'. It is not used by any node and should be removed from the model.
2026-09-17 11:40:55.6244096 [W:onnxruntime:, graph.cc:5607 onnxruntime::Graph::CleanUnusedInitializersAndNodeArgs] Removing initializer '/model.7/act/Sigmoid_output_0_scale'. It is not used by any node and should be removed from the model.
2026-09-17 11:40:55.6247224 [W:onnxruntime:, graph.cc:5607 onnxruntime::Graph::CleanUnusedInitializersAndNodeArgs] Removing initializer '/model.8/cv1/act/Sigmoid_output_0_zero_point'. It is not used by any node and should be removed from the model.
2026-09-17 11:40:55.6249916 [W:onnxruntime:, graph.cc:5607 onnxruntime::Graph::CleanUnusedInitializersAndNodeArgs] Removing initializer '/model.8/cv1/act/Sigmoid_output_0_scale'. It is not used by any node and should be removed from the model.
2026-09-17 11:40:55.6252426 [W:onnxruntime:, graph.cc:5607 onnxruntime::Graph::CleanUnusedInitializersAndNodeArgs] Removing initializer '/model.22/cv3.0/cv3.0.1/act/Sigmoid_output_0_Scale'. It is not used by any node and should be removed from the model.
2026-09-17 11:40:55.6254882 [W:onnxruntime:, graph.cc:5607 onnxruntime::Graph::CleanUnusedInitializersAndNodeArgs] Removing initializer '/model.8/m.0/cv1/act/Sigmoid_output_0_zero_point'. It is not used by any node and should be removed from the model.
2026-09-17 11:40:55.6257183 [W:onnxruntime:, graph.cc:5607 onnxruntime::Graph::CleanUnusedInitializersAndNodeArgs] Removing initializer '/model.8/m.0/cv1/act/Sigmoid_output_0_scale'. It is not used by any node and should be removed from the model.
2026-09-17 11:40:55.6259828 [W:onnxruntime:, graph.cc:5607 onnxruntime::Graph::CleanUnusedInitializersAndNodeArgs] Removing initializer '/model.15/m.0/cv2/act/Sigmoid_output_0_scale'. It is not used by any node and should be removed from the model.
2026-09-17 11:40:55.6262517 [W:onnxruntime:, graph.cc:5607 onnxruntime::Graph::CleanUnusedInitializersAndNodeArgs] Removing initializer '/model.5/act/Sigmoid_output_0_Scale'. It is not used by any node and should be removed from the model.
2026-09-17 11:40:55.6264500 [W:onnxruntime:, graph.cc:5607 onnxruntime::Graph::CleanUnusedInitializersAndNodeArgs] Removing initializer '/model.22/cv2.0/cv2.0.0/act/Sigmoid_output_0_Scale'. It is not used by any node and should be removed from the model.
2026-09-17 11:40:55.6266601 [W:onnxruntime:, graph.cc:5607 onnxruntime::Graph::CleanUnusedInitializersAndNodeArgs] Removing initializer '/model.21/cv2/act/Sigmoid_output_0_scale'. It is not used by any node and should be removed from the model.
2026-09-17 11:40:55.6269227 [W:onnxruntime:, graph.cc:5607 onnxruntime::Graph::CleanUnusedInitializersAndNodeArgs] Removing initializer '/model.4/m.1/cv2/act/Sigmoid_output_0_Scale'. It is not used by any node and should be removed from the model.
2026-09-17 11:40:55.6271964 [W:onnxruntime:, graph.cc:5607 onnxruntime::Graph::CleanUnusedInitializersAndNodeArgs] Removing initializer '/model.8/cv2/act/Sigmoid_output_0_zero_point'. It is not used by any node and should be removed from the model.
2026-09-17 11:40:55.6274385 [W:onnxruntime:, graph.cc:5607 onnxruntime::Graph::CleanUnusedInitializersAndNodeArgs] Removing initializer '/model.18/m.0/cv2/act/Sigmoid_output_0_Scale'. It is not used by any node and should be removed from the model.
2026-09-17 11:40:55.6276703 [W:onnxruntime:, graph.cc:5607 onnxruntime::Graph::CleanUnusedInitializersAndNodeArgs] Removing initializer '/model.9/cv1/act/Sigmoid_output_0_zero_point'. It is not used by any node and should be removed from the model.
2026-09-17 11:40:55.6279115 [W:onnxruntime:, graph.cc:5607 onnxruntime::Graph::CleanUnusedInitializersAndNodeArgs] Removing initializer '/model.12/m.0/cv2/act/Sigmoid_output_0_zero_point'. It is not used by any node and should be removed from the model.
2026-09-17 11:40:55.6281834 [W:onnxruntime:, graph.cc:5607 onnxruntime::Graph::CleanUnusedInitializersAndNodeArgs] Removing initializer '/model.9/cv2/act/Sigmoid_output_0_scale'. It is not used by any node and should be removed from the model.
2026-09-17 11:40:55.6284141 [W:onnxruntime:, graph.cc:5607 onnxruntime::Graph::CleanUnusedInitializersAndNodeArgs] Removing initializer '/model.15/m.0/cv2/act/Sigmoid_output_0_zero_point'. It is not used by any node and should be removed from the model.
2026-09-17 11:40:55.6286726 [W:onnxruntime:, graph.cc:5607 onnxruntime::Graph::CleanUnusedInitializersAndNodeArgs] Removing initializer '/model.12/cv1/act/Sigmoid_output_0_zero_point'. It is not used by any node and should be removed from the model.
2026-09-17 11:40:55.6289243 [W:onnxruntime:, graph.cc:5607 onnxruntime::Graph::CleanUnusedInitializersAndNodeArgs] Removing initializer '/model.9/cv1/act/Sigmoid_output_0_Scale'. It is not used by any node and should be removed from the model.
2026-09-17 11:40:55.6291479 [W:onnxruntime:, graph.cc:5607 onnxruntime::Graph::CleanUnusedInitializersAndNodeArgs] Removing initializer '/model.18/m.0/cv1/act/Sigmoid_output_0_scale'. It is not used by any node and should be removed from the model.
2026-09-17 11:40:55.6294084 [W:onnxruntime:, graph.cc:5607 onnxruntime::Graph::CleanUnusedInitializersAndNodeArgs] Removing initializer '/model.12/m.0/cv2/act/Sigmoid_output_0_scale'. It is not used by any node and should be removed from the model.
2026-09-17 11:40:55.6296503 [W:onnxruntime:, graph.cc:5607 onnxruntime::Graph::CleanUnusedInitializersAndNodeArgs] Removing initializer '/model.22/cv2.1/cv2.1.0/act/Sigmoid_output_0_scale'. It is not used by any node and should be removed from the model.
2026-09-17 11:40:55.6299038 [W:onnxruntime:, graph.cc:5607 onnxruntime::Graph::CleanUnusedInitializersAndNodeArgs] Removing initializer '/model.12/cv2/act/Sigmoid_output_0_scale'. It is not used by any node and should be removed from the model.
2026-09-17 11:40:55.6301406 [W:onnxruntime:, graph.cc:5607 onnxruntime::Graph::CleanUnusedInitializersAndNodeArgs] Removing initializer '/model.15/cv1/act/Sigmoid_output_0_zero_point'. It is not used by any node and should be removed from the model.
2026-09-17 11:40:55.6303931 [W:onnxruntime:, graph.cc:5607 onnxruntime::Graph::CleanUnusedInitializersAndNodeArgs] Removing initializer '/model.15/cv1/act/Sigmoid_output_0_scale'. It is not used by any node and should be removed from the model.
2026-09-17 11:40:55.6306277 [W:onnxruntime:, graph.cc:5607 onnxruntime::Graph::CleanUnusedInitializersAndNodeArgs] Removing initializer '/model.19/act/Sigmoid_output_0_scale'. It is not used by any node and should be removed from the model.
2026-09-17 11:40:55.6308511 [W:onnxruntime:, graph.cc:5607 onnxruntime::Graph::CleanUnusedInitializersAndNodeArgs] Removing initializer '/model.4/cv1/act/Sigmoid_output_0_Scale'. It is not used by any node and should be removed from the model.
2026-09-17 11:40:55.6310918 [W:onnxruntime:, graph.cc:5607 onnxruntime::Graph::CleanUnusedInitializersAndNodeArgs] Removing initializer '/model.15/cv2/act/Sigmoid_output_0_zero_point'. It is not used by any node and should be removed from the model.
2026-09-17 11:40:55.6313489 [W:onnxruntime:, graph.cc:5607 onnxruntime::Graph::CleanUnusedInitializersAndNodeArgs] Removing initializer '/model.22/cv2.0/cv2.0.1/act/Sigmoid_output_0_scale'. It is not used by any node and should be removed from the model.
2026-09-17 11:40:55.6315833 [W:onnxruntime:, graph.cc:5607 onnxruntime::Graph::CleanUnusedInitializersAndNodeArgs] Removing initializer '/model.22/cv2.0/cv2.0.1/act/Sigmoid_output_0_zero_point'. It is not used by any node and should be removed from the model.
2026-09-17 11:40:55.6318455 [W:onnxruntime:, graph.cc:5607 onnxruntime::Graph::CleanUnusedInitializersAndNodeArgs] Removing initializer '/model.16/act/Sigmoid_output_0_zero_point'. It is not used by any node and should be removed from the model.
2026-09-17 11:40:55.6320966 [W:onnxruntime:, graph.cc:5607 onnxruntime::Graph::CleanUnusedInitializersAndNodeArgs] Removing initializer '/model.16/act/Sigmoid_output_0_scale'. It is not used by any node and should be removed from the model.
2026-09-17 11:40:55.6323384 [W:onnxruntime:, graph.cc:5607 onnxruntime::Graph::CleanUnusedInitializersAndNodeArgs] Removing initializer '/model.22/cv2.0/cv2.0.0/act/Sigmoid_output_0_zero_point'. It is not used by any node and should be removed from the model.
2026-09-17 11:40:55.6325911 [W:onnxruntime:, graph.cc:5607 onnxruntime::Graph::CleanUnusedInitializersAndNodeArgs] Removing initializer '/model.18/m.0/cv2/act/Sigmoid_output_0_zero_point'. It is not used by any node and should be removed from the model.
2026-09-17 11:40:55.6328481 [W:onnxruntime:, graph.cc:5607 onnxruntime::Graph::CleanUnusedInitializersAndNodeArgs] Removing initializer '/model.22/cv3.0/cv3.0.1/act/Sigmoid_output_0_zero_point'. It is not used by any node and should be removed from the model.
2026-09-17 11:40:55.6331161 [W:onnxruntime:, graph.cc:5607 onnxruntime::Graph::CleanUnusedInitializersAndNodeArgs] Removing initializer '/model.18/cv1/act/Sigmoid_output_0_scale'. It is not used by any node and should be removed from the model.
2026-09-17 11:40:55.6333527 [W:onnxruntime:, graph.cc:5607 onnxruntime::Graph::CleanUnusedInitializersAndNodeArgs] Removing initializer '/model.18/m.0/cv1/act/Sigmoid_output_0_zero_point'. It is not used by any node and should be removed from the model.
2026-09-17 11:40:55.6335743 [W:onnxruntime:, graph.cc:5607 onnxruntime::Graph::CleanUnusedInitializersAndNodeArgs] Removing initializer '/model.18/m.0/cv2/act/Sigmoid_output_0_scale'. It is not used by any node and should be removed from the model.
2026-09-17 11:40:55.6338251 [W:onnxruntime:, graph.cc:5607 onnxruntime::Graph::CleanUnusedInitializersAndNodeArgs] Removing initializer '/model.16/act/Sigmoid_output_0_Scale'. It is not used by any node and should be removed from the model.
2026-09-17 11:40:55.6340750 [W:onnxruntime:, graph.cc:5607 onnxruntime::Graph::CleanUnusedInitializersAndNodeArgs] Removing initializer '/model.21/m.0/cv1/act/Sigmoid_output_0_Scale'. It is not used by any node and should be removed from the model.
2026-09-17 11:40:55.6343133 [W:onnxruntime:, graph.cc:5607 onnxruntime::Graph::CleanUnusedInitializersAndNodeArgs] Removing initializer '/model.18/cv2/act/Sigmoid_output_0_zero_point'. It is not used by any node and should be removed from the model.
2026-09-17 11:40:55.6345526 [W:onnxruntime:, graph.cc:5607 onnxruntime::Graph::CleanUnusedInitializersAndNodeArgs] Removing initializer '/model.18/cv2/act/Sigmoid_output_0_scale'. It is not used by any node and should be removed from the model.
2026-09-17 11:40:55.6347991 [W:onnxruntime:, graph.cc:5607 onnxruntime::Graph::CleanUnusedInitializersAndNodeArgs] Removing initializer '/model.2/m.0/cv1/act/Sigmoid_output_0_Scale'. It is not used by any node and should be removed from the model.
2026-09-17 11:40:55.6350609 [W:onnxruntime:, graph.cc:5607 onnxruntime::Graph::CleanUnusedInitializersAndNodeArgs] Removing initializer '/model.19/act/Sigmoid_output_0_zero_point'. It is not used by any node and should be removed from the model.
2026-09-17 11:40:55.6352989 [W:onnxruntime:, graph.cc:5607 onnxruntime::Graph::CleanUnusedInitializersAndNodeArgs] Removing initializer '/model.22/cv2.1/cv2.1.0/act/Sigmoid_output_0_zero_point'. It is not used by any node and should be removed from the model.
2026-09-17 11:40:55.6355332 [W:onnxruntime:, graph.cc:5607 onnxruntime::Graph::CleanUnusedInitializersAndNodeArgs] Removing initializer '/model.22/cv3.1/cv3.1.0/act/Sigmoid_output_0_zero_point'. It is not used by any node and should be removed from the model.
2026-09-17 11:40:55.6358074 [W:onnxruntime:, graph.cc:5607 onnxruntime::Graph::CleanUnusedInitializersAndNodeArgs] Removing initializer '/model.22/cv2.1/cv2.1.1/act/Sigmoid_output_0_zero_point'. It is not used by any node and should be removed from the model.
2026-09-17 11:40:55.6360586 [W:onnxruntime:, graph.cc:5607 onnxruntime::Graph::CleanUnusedInitializersAndNodeArgs] Removing initializer '/model.22/cv2.1/cv2.1.1/act/Sigmoid_output_0_scale'. It is not used by any node and should be removed from the model.
2026-09-17 11:40:55.6362909 [W:onnxruntime:, graph.cc:5607 onnxruntime::Graph::CleanUnusedInitializersAndNodeArgs] Removing initializer '/model.22/cv3.1/cv3.1.1/act/Sigmoid_output_0_zero_point'. It is not used by any node and should be removed from the model.
2026-09-17 11:40:55.6365516 [W:onnxruntime:, graph.cc:5607 onnxruntime::Graph::CleanUnusedInitializersAndNodeArgs] Removing initializer '/model.22/cv3.1/cv3.1.1/act/Sigmoid_output_0_scale'. It is not used by any node and should be removed from the model.
2026-09-17 11:40:55.6368077 [W:onnxruntime:, graph.cc:5607 onnxruntime::Graph::CleanUnusedInitializersAndNodeArgs] Removing initializer '/model.21/m.0/cv1/act/Sigmoid_output_0_zero_point'. It is not used by any node and should be removed from the model.
2026-09-17 11:40:55.6370533 [W:onnxruntime:, graph.cc:5607 onnxruntime::Graph::CleanUnusedInitializersAndNodeArgs] Removing initializer '/model.21/m.0/cv1/act/Sigmoid_output_0_scale'. It is not used by any node and should be removed from the model.
2026-09-17 11:40:55.6373091 [W:onnxruntime:, graph.cc:5607 onnxruntime::Graph::CleanUnusedInitializersAndNodeArgs] Removing initializer '/model.21/m.0/cv2/act/Sigmoid_output_0_zero_point'. It is not used by any node and should be removed from the model.
2026-09-17 11:40:55.6375587 [W:onnxruntime:, graph.cc:5607 onnxruntime::Graph::CleanUnusedInitializersAndNodeArgs] Removing initializer '/model.21/cv2/act/Sigmoid_output_0_zero_point'. It is not used by any node and should be removed from the model.
2026-09-17 11:40:55.6378151 [W:onnxruntime:, graph.cc:5607 onnxruntime::Graph::CleanUnusedInitializersAndNodeArgs] Removing initializer '/model.22/cv2.2/cv2.2.0/act/Sigmoid_output_0_scale'. It is not used by any node and should be removed from the model.
2026-09-17 11:40:55.6380786 [W:onnxruntime:, graph.cc:5607 onnxruntime::Graph::CleanUnusedInitializersAndNodeArgs] Removing initializer '/model.22/cv3.2/cv3.2.0/act/Sigmoid_output_0_zero_point'. It is not used by any node and should be removed from the model.
2026-09-17 11:40:55.6383330 [W:onnxruntime:, graph.cc:5607 onnxruntime::Graph::CleanUnusedInitializersAndNodeArgs] Removing initializer '/model.21/cv2/act/Sigmoid_output_0_Scale'. It is not used by any node and should be removed from the model.
2026-09-17 11:40:55.6385844 [W:onnxruntime:, graph.cc:5607 onnxruntime::Graph::CleanUnusedInitializersAndNodeArgs] Removing initializer '/model.22/cv2.2/cv2.2.1/act/Sigmoid_output_0_zero_point'. It is not used by any node and should be removed from the model.
2026-09-17 11:40:55.6388459 [W:onnxruntime:, graph.cc:5607 onnxruntime::Graph::CleanUnusedInitializersAndNodeArgs] Removing initializer '/model.22/cv2.2/cv2.2.1/act/Sigmoid_output_0_scale'. It is not used by any node and should be removed from the model.
2026-09-17 11:40:55.6390872 [W:onnxruntime:, graph.cc:5607 onnxruntime::Graph::CleanUnusedInitializersAndNodeArgs] Removing initializer '/model.22/cv3.2/cv3.2.1/act/Sigmoid_output_0_zero_point'. It is not used by any node and should be removed from the model.
2026-09-17 11:40:55.6393427 [W:onnxruntime:, graph.cc:5607 onnxruntime::Graph::CleanUnusedInitializersAndNodeArgs] Removing initializer '/model.8/cv2/act/Sigmoid_output_0_Scale'. It is not used by any node and should be removed from the model.
2026-09-17 11:40:55.6395845 [W:onnxruntime:, graph.cc:5607 onnxruntime::Graph::CleanUnusedInitializersAndNodeArgs] Removing initializer '/model.22/cv2.2/cv2.2.1/act/Sigmoid_output_0_Scale'. It is not used by any node and should be removed from the model.
2026-09-17 11:40:55.6398262 [W:onnxruntime:, graph.cc:5607 onnxruntime::Graph::CleanUnusedInitializersAndNodeArgs] Removing initializer '/model.2/cv2/act/Sigmoid_output_0_Scale'. It is not used by any node and should be removed from the model.
2026-09-17 11:40:55.6400715 [W:onnxruntime:, graph.cc:5607 onnxruntime::Graph::CleanUnusedInitializersAndNodeArgs] Removing initializer '/model.4/m.0/cv1/act/Sigmoid_output_0_Scale'. It is not used by any node and should be removed from the model.
2026-09-17 11:40:55.6403158 [W:onnxruntime:, graph.cc:5607 onnxruntime::Graph::CleanUnusedInitializersAndNodeArgs] Removing initializer '/model.8/m.0/cv1/act/Sigmoid_output_0_Scale'. It is not used by any node and should be removed from the model.
2026-09-17 11:40:55.6405743 [W:onnxruntime:, graph.cc:5607 onnxruntime::Graph::CleanUnusedInitializersAndNodeArgs] Removing initializer '/model.1/act/Sigmoid_output_0_Scale'. It is not used by any node and should be removed from the model.
2026-09-17 11:40:55.6408270 [W:onnxruntime:, graph.cc:5607 onnxruntime::Graph::CleanUnusedInitializersAndNodeArgs] Removing initializer '/model.2/cv1/act/Sigmoid_output_0_Scale'. It is not used by any node and should be removed from the model.
2026-09-17 11:40:55.6410676 [W:onnxruntime:, graph.cc:5607 onnxruntime::Graph::CleanUnusedInitializersAndNodeArgs] Removing initializer '/model.2/m.0/cv2/act/Sigmoid_output_0_Scale'. It is not used by any node and should be removed from the model.
2026-09-17 11:40:55.6412922 [W:onnxruntime:, graph.cc:5607 onnxruntime::Graph::CleanUnusedInitializersAndNodeArgs] Removing initializer '/model.3/act/Sigmoid_output_0_Scale'. It is not used by any node and should be removed from the model.
2026-09-17 11:40:55.6415111 [W:onnxruntime:, graph.cc:5607 onnxruntime::Graph::CleanUnusedInitializersAndNodeArgs] Removing initializer '/model.4/m.0/cv2/act/Sigmoid_output_0_Scale'. It is not used by any node and should be removed from the model.
2026-09-17 11:40:55.6417217 [W:onnxruntime:, graph.cc:5607 onnxruntime::Graph::CleanUnusedInitializersAndNodeArgs] Removing initializer '/model.4/m.1/cv1/act/Sigmoid_output_0_Scale'. It is not used by any node and should be removed from the model.
2026-09-17 11:40:55.6419370 [W:onnxruntime:, graph.cc:5607 onnxruntime::Graph::CleanUnusedInitializersAndNodeArgs] Removing initializer '/model.6/cv1/act/Sigmoid_output_0_Scale'. It is not used by any node and should be removed from the model.
2026-09-17 11:40:55.6421457 [W:onnxruntime:, graph.cc:5607 onnxruntime::Graph::CleanUnusedInitializersAndNodeArgs] Removing initializer '/model.6/m.0/cv1/act/Sigmoid_output_0_Scale'. It is not used by any node and should be removed from the model.
2026-09-17 11:40:55.6423421 [W:onnxruntime:, graph.cc:5607 onnxruntime::Graph::CleanUnusedInitializersAndNodeArgs] Removing initializer '/model.6/m.1/cv2/act/Sigmoid_output_0_Scale'. It is not used by any node and should be removed from the model.
2026-09-17 11:40:55.6425447 [W:onnxruntime:, graph.cc:5607 onnxruntime::Graph::CleanUnusedInitializersAndNodeArgs] Removing initializer '/model.7/act/Sigmoid_output_0_Scale'. It is not used by any node and should be removed from the model.
2026-09-17 11:40:55.6427514 [W:onnxruntime:, graph.cc:5607 onnxruntime::Graph::CleanUnusedInitializersAndNodeArgs] Removing initializer '/model.8/cv1/act/Sigmoid_output_0_Scale'. It is not used by any node and should be removed from the model.
2026-09-17 11:40:55.6429708 [W:onnxruntime:, graph.cc:5607 onnxruntime::Graph::CleanUnusedInitializersAndNodeArgs] Removing initializer '/model.12/cv1/act/Sigmoid_output_0_Scale'. It is not used by any node and should be removed from the model.
2026-09-17 11:40:55.6431649 [W:onnxruntime:, graph.cc:5607 onnxruntime::Graph::CleanUnusedInitializersAndNodeArgs] Removing initializer '/model.12/m.0/cv2/act/Sigmoid_output_0_Scale'. It is not used by any node and should be removed from the model.
2026-09-17 11:40:55.6433713 [W:onnxruntime:, graph.cc:5607 onnxruntime::Graph::CleanUnusedInitializersAndNodeArgs] Removing initializer '/model.15/cv1/act/Sigmoid_output_0_Scale'. It is not used by any node and should be removed from the model.
2026-09-17 11:40:55.6435735 [W:onnxruntime:, graph.cc:5607 onnxruntime::Graph::CleanUnusedInitializersAndNodeArgs] Removing initializer '/model.15/m.0/cv1/act/Sigmoid_output_0_Scale'. It is not used by any node and should be removed from the model.
2026-09-17 11:40:55.6438368 [W:onnxruntime:, graph.cc:5607 onnxruntime::Graph::CleanUnusedInitializersAndNodeArgs] Removing initializer '/model.15/m.0/cv2/act/Sigmoid_output_0_Scale'. It is not used by any node and should be removed from the model.
2026-09-17 11:40:55.6440432 [W:onnxruntime:, graph.cc:5607 onnxruntime::Graph::CleanUnusedInitializersAndNodeArgs] Removing initializer '/model.18/cv1/act/Sigmoid_output_0_Scale'. It is not used by any node and should be removed from the model.
2026-09-17 11:40:55.6442528 [W:onnxruntime:, graph.cc:5607 onnxruntime::Graph::CleanUnusedInitializersAndNodeArgs] Removing initializer '/model.18/m.0/cv1/act/Sigmoid_output_0_Scale'. It is not used by any node and should be removed from the model.
2026-09-17 11:40:55.6444693 [W:onnxruntime:, graph.cc:5607 onnxruntime::Graph::CleanUnusedInitializersAndNodeArgs] Removing initializer '/model.18/cv2/act/Sigmoid_output_0_Scale'. It is not used by any node and should be removed from the model.
2026-09-17 11:40:55.6447001 [W:onnxruntime:, graph.cc:5607 onnxruntime::Graph::CleanUnusedInitializersAndNodeArgs] Removing initializer '/model.22/cv2.1/cv2.1.0/act/Sigmoid_output_0_Scale'. It is not used by any node and should be removed from the model.
2026-09-17 11:40:55.6449140 [W:onnxruntime:, graph.cc:5607 onnxruntime::Graph::CleanUnusedInitializersAndNodeArgs] Removing initializer '/model.22/cv2.1/cv2.1.1/act/Sigmoid_output_0_Scale'. It is not used by any node and should be removed from the model.
2026-09-17 11:40:55.6451232 [W:onnxruntime:, graph.cc:5607 onnxruntime::Graph::CleanUnusedInitializersAndNodeArgs] Removing initializer '/model.21/cv1/act/Sigmoid_output_0_Scale'. It is not used by any node and should be removed from the model.
2026-09-17 11:40:55.6453424 [W:onnxruntime:, graph.cc:5607 onnxruntime::Graph::CleanUnusedInitializersAndNodeArgs] Removing initializer '/model.22/cv3.2/cv3.2.0/act/Sigmoid_output_0_Scale'. It is not used by any node and should be removed from the model.
[Ignition] Native XDNA1 NPU backend active (Device 0)
[Ignition] task: detect
[Ignition] power mode balanced: 8 worker threads, sleeping between regions (8 cores / 16 threads on this host)
[Ignition] source: image bus.jpg 810x1080
[Ignition] NPU power mode: default kept: the balanced power mode leaves the NPU's mode alone
[Ignition] shutdown: source released, window closed, NPU hardware context released
[summary] stop: frame limit | 550 frames processed (50 warm-up, 500 timed) | 1 distinct source frames | image bus.jpg 810x1080
[summary] NPU power mode: default kept: the balanced power mode leaves the NPU's mode alone
[summary] G2G mean 18.183 ms | P50 18.117 | P95 18.566 | P99 18.936 | max 19.229 | over the last 500 timed frames; cold first frame 20.79 ms
[summary] stage means (ms): preprocess 0.637 | NPU forward 17.399 (dispatch 17.110, readback 0.289) | decode+NMS 0.140
[summary] boxes from NPU heads on 500/500 timed frames | 5.00 detections per frame
[summary] RSS 242.1 MB at the first timed frame, 242.1 MB at the end (+0.00 MB over 500 frames)
[summary] wrote <scratch>\rel033_sitting\ign_yolov8s_2.json
== 2026-09-17T15:41:05Z [ignition yolov8s sigmoid #2] exit 0 after 11.2 s

== 2026-09-17T15:41:05Z [ignition yolov8s hardsigmoid control #2] $ <conda envs>\mlir-aie-iron\python.exe live_ignition.py --model <ignite-xdna main>\build\yolov8s_hardsigmoid.ignite --source <Ignition main>\examples\assets\bus.jpg --headless --warmup 50 --frames 500 --json <scratch>\rel033_sitting\ign_yolov8s_control_2.json
[Ignition] loading <ignite-xdna main>\build\yolov8s_hardsigmoid.ignite (bare-metal .ignite container)
[Ignition] Native XDNA1 NPU backend active (Device 0)
[Ignition] task: detect
[Ignition] power mode balanced: 8 worker threads, sleeping between regions (8 cores / 16 threads on this host)
[Ignition] source: image bus.jpg 810x1080
[Ignition] NPU power mode: default kept: the balanced power mode leaves the NPU's mode alone
[Ignition] shutdown: source released, window closed, NPU hardware context released
[summary] stop: frame limit | 550 frames processed (50 warm-up, 500 timed) | 1 distinct source frames | image bus.jpg 810x1080
[summary] NPU power mode: default kept: the balanced power mode leaves the NPU's mode alone
[summary] G2G mean 17.797 ms | P50 17.718 | P95 18.181 | P99 18.716 | max 18.984 | over the last 500 timed frames; cold first frame 20.65 ms
[summary] stage means (ms): preprocess 0.655 | NPU forward 16.994 (dispatch 16.700, readback 0.294) | decode+NMS 0.141
[summary] boxes from NPU heads on 500/500 timed frames | 6.00 detections per frame
[summary] RSS 240.6 MB at the first timed frame, 240.6 MB at the end (+0.00 MB over 500 frames)
[summary] wrote <scratch>\rel033_sitting\ign_yolov8s_control_2.json
== 2026-09-17T15:41:16Z [ignition yolov8s hardsigmoid control #2] exit 0 after 10.3 s
[cpu] CPU 7.2 % over 2 s; busiest System Idle Process 0, System 0,  0, Registry 0
[xrt-smi before sesr_m7 #1] [003d:00:01.1] : NPU Phoenix | AIE Partitions | No hardware contexts running on device

== 2026-09-17T15:41:19Z [amd sesr_m7 #1] $ <conda envs>\resnet_env17\python.exe <ignite-xdna main>\tools\amd_vitisai_sesr.py --model <ignite-xdna main>\models\sesr_m7_xint8.onnx --image <Ignition main>\examples\assets\bus.jpg --ignition-src <Ignition main>\src --cache-dir <scratch>\sitting\vitisai_cache --cache-key sesr_m7_sitting --xclbin <ignite-xdna main>\yolocutcachekey\4x4.xclbin --warmup 50 --iterations 500 --json <scratch>\rel033_sitting\amd_sesr_m7_1.json
[amd] ort 1.23.3.dev20260320 | model sesr_m7_xint8.onnx | session load 0.28 s | EP report node devices report not found
[amd] G2G mean 4.353 ms | P50 4.525 | P95 4.810 | P99 5.000 | max 5.344 | over 500 timed frames after 50 warm-up
[amd] stage means (ms): preprocess 0.425 | session.run 1.509 | postprocess 2.419
[amd] output (512, 512, 3) from input (256, 256) | RSS 265.3 MB
== 2026-09-17T15:41:22Z [amd sesr_m7 #1] exit 0 after 3.0 s

== 2026-09-17T15:41:22Z [ignition sesr_m7 #1] $ <conda envs>\mlir-aie-iron\python.exe live_ignition.py --model <ignite-xdna main>\build\sesr_m7.ignite --source <Ignition main>\examples\assets\bus.jpg --headless --warmup 50 --frames 500 --json <scratch>\rel033_sitting\ign_sesr_m7_1.json
[Ignition] loading <ignite-xdna main>\build\sesr_m7.ignite (bare-metal .ignite container)
[Ignition] Native XDNA1 NPU backend active (Device 0)
[Ignition] task: super_resolution
[Ignition] power mode balanced: 8 worker threads, sleeping between regions (8 cores / 16 threads on this host)
[Ignition] source: image bus.jpg 810x1080
[Ignition] NPU power mode: default kept: the balanced power mode leaves the NPU's mode alone
[Ignition] shutdown: source released, window closed, NPU hardware context released
[summary] stop: frame limit | 550 frames processed (50 warm-up, 500 timed) | 1 distinct source frames | image bus.jpg 810x1080
[summary] NPU power mode: default kept: the balanced power mode leaves the NPU's mode alone
[summary] G2G mean 4.775 ms | P50 4.757 | P95 4.927 | P99 5.267 | max 5.350 | over the last 500 timed frames; cold first frame 6.78 ms
[summary] stage means (ms): preprocess 0.194 | NPU forward 4.205 (dispatch 4.184, readback 0.021) | image output 0.372
[summary] output image [512, 512, 3] from the NPU
[summary] RSS 163.3 MB at the first timed frame, 163.3 MB at the end (+0.00 MB over 500 frames)
[summary] wrote <scratch>\rel033_sitting\ign_sesr_m7_1.json
== 2026-09-17T15:41:25Z [ignition sesr_m7 #1] exit 0 after 3.0 s
[cpu] CPU 6.5 % over 2 s; busiest System Idle Process 0, System 0,  0, Registry 0
[xrt-smi before sesr_m7 #2] [003d:00:01.1] : NPU Phoenix | AIE Partitions | No hardware contexts running on device

== 2026-09-17T15:41:28Z [amd sesr_m7 #2] $ <conda envs>\resnet_env17\python.exe <ignite-xdna main>\tools\amd_vitisai_sesr.py --model <ignite-xdna main>\models\sesr_m7_xint8.onnx --image <Ignition main>\examples\assets\bus.jpg --ignition-src <Ignition main>\src --cache-dir <scratch>\sitting\vitisai_cache --cache-key sesr_m7_sitting --xclbin <ignite-xdna main>\yolocutcachekey\4x4.xclbin --warmup 50 --iterations 500 --json <scratch>\rel033_sitting\amd_sesr_m7_2.json
[amd] ort 1.23.3.dev20260320 | model sesr_m7_xint8.onnx | session load 0.27 s | EP report node devices report not found
[amd] G2G mean 4.349 ms | P50 4.520 | P95 4.809 | P99 4.930 | max 5.245 | over 500 timed frames after 50 warm-up
[amd] stage means (ms): preprocess 0.430 | session.run 1.507 | postprocess 2.411
[amd] output (512, 512, 3) from input (256, 256) | RSS 266.0 MB
== 2026-09-17T15:41:31Z [amd sesr_m7 #2] exit 0 after 3.0 s

== 2026-09-17T15:41:31Z [ignition sesr_m7 #2] $ <conda envs>\mlir-aie-iron\python.exe live_ignition.py --model <ignite-xdna main>\build\sesr_m7.ignite --source <Ignition main>\examples\assets\bus.jpg --headless --warmup 50 --frames 500 --json <scratch>\rel033_sitting\ign_sesr_m7_2.json
[Ignition] loading <ignite-xdna main>\build\sesr_m7.ignite (bare-metal .ignite container)
[Ignition] Native XDNA1 NPU backend active (Device 0)
[Ignition] task: super_resolution
[Ignition] power mode balanced: 8 worker threads, sleeping between regions (8 cores / 16 threads on this host)
[Ignition] source: image bus.jpg 810x1080
[Ignition] NPU power mode: default kept: the balanced power mode leaves the NPU's mode alone
[Ignition] shutdown: source released, window closed, NPU hardware context released
[summary] stop: frame limit | 550 frames processed (50 warm-up, 500 timed) | 1 distinct source frames | image bus.jpg 810x1080
[summary] NPU power mode: default kept: the balanced power mode leaves the NPU's mode alone
[summary] G2G mean 4.781 ms | P50 4.769 | P95 4.842 | P99 5.215 | max 5.722 | over the last 500 timed frames; cold first frame 6.75 ms
[summary] stage means (ms): preprocess 0.197 | NPU forward 4.210 (dispatch 4.188, readback 0.022) | image output 0.369
[summary] output image [512, 512, 3] from the NPU
[summary] RSS 163.4 MB at the first timed frame, 163.4 MB at the end (+0.00 MB over 500 frames)
[summary] wrote <scratch>\rel033_sitting\ign_sesr_m7_2.json
== 2026-09-17T15:41:34Z [ignition sesr_m7 #2] exit 0 after 3.0 s

## Timed: YOLO11n
[cpu] CPU 7.2 % over 2 s; busiest System Idle Process 0, System 0,  0, Registry 0
[xrt-smi before yolo11n #1] [003d:00:01.1] : NPU Phoenix | AIE Partitions | No hardware contexts running on device

== 2026-09-17T15:41:37Z [amd yolo11n #1] $ <conda envs>\resnet_env17\python.exe <ignite-xdna main>\tools\amd_vitisai_yolo.py --model <ignite-xdna main>\models\yolo11n_cut_xint8.onnx --image <Ignition main>\examples\assets\bus.jpg --ignition-src <Ignition main>\src --cache-dir <scratch>\vitisai_cache --cache-key yolo11ncutcachekey_sitting --xclbin <ignite-xdna main>\yolocutcachekey\4x4.xclbin --warmup 50 --iterations 500 --json <scratch>\rel033_sitting\amd_yolo11n_1.json
2026-09-17 11:41:37.9747427 [W:onnxruntime:, session_state.cc:1316 onnxruntime::VerifyEachNodeIsAssignedToAnEp] Some nodes were not assigned to the preferred execution providers which may or may not have an negative impact on performance. e.g. ORT explicitly assigns shape related ops to CPU to improve perf.
2026-09-17 11:41:37.9750894 [W:onnxruntime:, session_state.cc:1318 onnxruntime::VerifyEachNodeIsAssignedToAnEp] Rerunning with verbose output on a non-minimal build will show node assignments.
[amd] ort 1.23.3.dev20260320 | model yolo11n_cut_xint8.onnx | session load 0.51 s | EP report node devices report not found
[amd] G2G mean 36.771 ms | P50 36.820 | P95 38.554 | P99 39.262 | max 40.190 | over 500 timed frames after 50 warm-up
[amd] stage means (ms): letterbox 1.902 | session.run 32.922 | decode+NMS 1.948
[amd] detections on the last frame: 7 {'person': 5, 'bus': 1, 'handbag': 1} | RSS 343.7 MB
== 2026-09-17T15:41:58Z [amd yolo11n #1] exit 0 after 21.1 s

== 2026-09-17T15:41:58Z [ignition yolo11n whole block #1] $ <conda envs>\mlir-aie-iron\python.exe live_ignition.py --model <ignite-xdna main>\build\yolo11n.ignite --source <Ignition main>\examples\assets\bus.jpg --headless --warmup 50 --frames 500 --json <scratch>\rel033_sitting\ign_yolo11n_whole_1.json
[Ignition] loading <ignite-xdna main>\build\yolo11n.ignite (bare-metal .ignite container)
[Ignition] Native XDNA1 NPU backend active (Device 0)
[Ignition] task: detect
[Ignition] power mode balanced: 8 worker threads, sleeping between regions (8 cores / 16 threads on this host)
[Ignition] source: image bus.jpg 810x1080
[Ignition] NPU power mode: default kept: the balanced power mode leaves the NPU's mode alone
[Ignition] shutdown: source released, window closed, NPU hardware context released
[summary] stop: frame limit | 550 frames processed (50 warm-up, 500 timed) | 1 distinct source frames | image bus.jpg 810x1080
[summary] NPU power mode: default kept: the balanced power mode leaves the NPU's mode alone
[summary] G2G mean 11.249 ms | P50 11.168 | P95 11.763 | P99 12.083 | max 12.530 | over the last 500 timed frames; cold first frame 15.37 ms
[summary] stage means (ms): preprocess 0.565 | NPU + host forward 10.537 (dispatch 8.407, host 1.880, readback 0.250) | decode+NMS 0.140
[summary] boxes from NPU heads on 500/500 timed frames | 6.00 detections per frame
[summary] RSS 202.2 MB at the first timed frame, 202.2 MB at the end (+0.01 MB over 500 frames)
[summary] wrote <scratch>\rel033_sitting\ign_yolo11n_whole_1.json
== 2026-09-17T15:42:05Z [ignition yolo11n whole block #1] exit 0 after 6.8 s

== 2026-09-17T15:42:05Z [ignition yolo11n attention core #1] $ <conda envs>\mlir-aie-iron\python.exe live_ignition.py --model <ignite-xdna main>\build\yolo11n_core.ignite --source <Ignition main>\examples\assets\bus.jpg --headless --warmup 50 --frames 500 --json <scratch>\rel033_sitting\ign_yolo11n_core_1.json
[Ignition] loading <ignite-xdna main>\build\yolo11n_core.ignite (bare-metal .ignite container)
[Ignition] Native XDNA1 NPU backend active (Device 0)
[Ignition] task: detect
[Ignition] power mode balanced: 8 worker threads, sleeping between regions (8 cores / 16 threads on this host)
[Ignition] source: image bus.jpg 810x1080
[Ignition] NPU power mode: default kept: the balanced power mode leaves the NPU's mode alone
[Ignition] shutdown: source released, window closed, NPU hardware context released
[summary] stop: frame limit | 550 frames processed (50 warm-up, 500 timed) | 1 distinct source frames | image bus.jpg 810x1080
[summary] NPU power mode: default kept: the balanced power mode leaves the NPU's mode alone
[summary] G2G mean 10.458 ms | P50 10.391 | P95 10.804 | P99 11.188 | max 12.007 | over the last 500 timed frames; cold first frame 13.86 ms
[summary] stage means (ms): preprocess 0.584 | NPU + host forward 9.730 (dispatch 8.735, host 0.746, readback 0.249) | decode+NMS 0.137
[summary] boxes from NPU heads on 500/500 timed frames | 6.00 detections per frame
[summary] RSS 200.9 MB at the first timed frame, 200.9 MB at the end (+0.01 MB over 500 frames)
[summary] wrote <scratch>\rel033_sitting\ign_yolo11n_core_1.json
== 2026-09-17T15:42:11Z [ignition yolo11n attention core #1] exit 0 after 6.3 s

== 2026-09-17T15:42:11Z [ignition yolo11n attention core performance #1] $ <conda envs>\mlir-aie-iron\python.exe live_ignition.py --model <ignite-xdna main>\build\yolo11n_core.ignite --source <Ignition main>\examples\assets\bus.jpg --headless --warmup 50 --frames 500 --json <scratch>\rel033_sitting\ign_yolo11n_core_perf_1.json --power-mode performance
[Ignition] loading <ignite-xdna main>\build\yolo11n_core.ignite (bare-metal .ignite container)
[Ignition] Native XDNA1 NPU backend active (Device 0)
[Ignition] task: detect
[Ignition] power mode performance: 16 worker threads, spinning between regions (8 cores / 16 threads on this host)
[Ignition] source: image bus.jpg 810x1080
[Ignition] NPU power mode: default kept: the performance power mode leaves the NPU's mode alone
[Ignition] shutdown: source released, window closed, NPU hardware context released
[summary] stop: frame limit | 550 frames processed (50 warm-up, 500 timed) | 1 distinct source frames | image bus.jpg 810x1080
[summary] NPU power mode: default kept: the performance power mode leaves the NPU's mode alone
[summary] G2G mean 10.235 ms | P50 10.223 | P95 10.370 | P99 11.113 | max 15.194 | over the last 500 timed frames; cold first frame 13.93 ms
[summary] stage means (ms): preprocess 0.640 | NPU + host forward 9.460 (dispatch 8.777, host 0.525, readback 0.158) | decode+NMS 0.128
[summary] boxes from NPU heads on 500/500 timed frames | 6.00 detections per frame
[summary] RSS 200.3 MB at the first timed frame, 200.3 MB at the end (+0.01 MB over 500 frames)
[summary] wrote <scratch>\rel033_sitting\ign_yolo11n_core_perf_1.json
== 2026-09-17T15:42:17Z [ignition yolo11n attention core performance #1] exit 0 after 6.2 s
[cpu] CPU 6.8 % over 2 s; busiest System Idle Process 0, System 0,  0, Registry 0
[xrt-smi before yolo11n #2] [003d:00:01.1] : NPU Phoenix | AIE Partitions | No hardware contexts running on device

== 2026-09-17T15:42:20Z [amd yolo11n #2] $ <conda envs>\resnet_env17\python.exe <ignite-xdna main>\tools\amd_vitisai_yolo.py --model <ignite-xdna main>\models\yolo11n_cut_xint8.onnx --image <Ignition main>\examples\assets\bus.jpg --ignition-src <Ignition main>\src --cache-dir <scratch>\vitisai_cache --cache-key yolo11ncutcachekey_sitting --xclbin <ignite-xdna main>\yolocutcachekey\4x4.xclbin --warmup 50 --iterations 500 --json <scratch>\rel033_sitting\amd_yolo11n_2.json
2026-09-17 11:42:21.3686389 [W:onnxruntime:, session_state.cc:1316 onnxruntime::VerifyEachNodeIsAssignedToAnEp] Some nodes were not assigned to the preferred execution providers which may or may not have an negative impact on performance. e.g. ORT explicitly assigns shape related ops to CPU to improve perf.
2026-09-17 11:42:21.3690527 [W:onnxruntime:, session_state.cc:1318 onnxruntime::VerifyEachNodeIsAssignedToAnEp] Rerunning with verbose output on a non-minimal build will show node assignments.
[amd] ort 1.23.3.dev20260320 | model yolo11n_cut_xint8.onnx | session load 0.49 s | EP report node devices report not found
[amd] G2G mean 38.303 ms | P50 38.312 | P95 40.368 | P99 41.796 | max 42.904 | over 500 timed frames after 50 warm-up
[amd] stage means (ms): letterbox 1.935 | session.run 34.349 | decode+NMS 2.019
[amd] detections on the last frame: 7 {'person': 5, 'bus': 1, 'handbag': 1} | RSS 342.6 MB
== 2026-09-17T15:42:42Z [amd yolo11n #2] exit 0 after 21.9 s

== 2026-09-17T15:42:42Z [ignition yolo11n whole block #2] $ <conda envs>\mlir-aie-iron\python.exe live_ignition.py --model <ignite-xdna main>\build\yolo11n.ignite --source <Ignition main>\examples\assets\bus.jpg --headless --warmup 50 --frames 500 --json <scratch>\rel033_sitting\ign_yolo11n_whole_2.json
[Ignition] loading <ignite-xdna main>\build\yolo11n.ignite (bare-metal .ignite container)
[Ignition] Native XDNA1 NPU backend active (Device 0)
[Ignition] task: detect
[Ignition] power mode balanced: 8 worker threads, sleeping between regions (8 cores / 16 threads on this host)
[Ignition] source: image bus.jpg 810x1080
[Ignition] NPU power mode: default kept: the balanced power mode leaves the NPU's mode alone
[Ignition] shutdown: source released, window closed, NPU hardware context released
[summary] stop: frame limit | 550 frames processed (50 warm-up, 500 timed) | 1 distinct source frames | image bus.jpg 810x1080
[summary] NPU power mode: default kept: the balanced power mode leaves the NPU's mode alone
[summary] G2G mean 11.351 ms | P50 11.335 | P95 11.783 | P99 12.413 | max 13.036 | over the last 500 timed frames; cold first frame 14.69 ms
[summary] stage means (ms): preprocess 0.620 | NPU + host forward 10.582 (dispatch 8.385, host 1.944, readback 0.253) | decode+NMS 0.142
[summary] boxes from NPU heads on 500/500 timed frames | 6.00 detections per frame
[summary] RSS 202.4 MB at the first timed frame, 202.4 MB at the end (+0.01 MB over 500 frames)
[summary] wrote <scratch>\rel033_sitting\ign_yolo11n_whole_2.json
== 2026-09-17T15:42:49Z [ignition yolo11n whole block #2] exit 0 after 6.8 s

== 2026-09-17T15:42:49Z [ignition yolo11n attention core #2] $ <conda envs>\mlir-aie-iron\python.exe live_ignition.py --model <ignite-xdna main>\build\yolo11n_core.ignite --source <Ignition main>\examples\assets\bus.jpg --headless --warmup 50 --frames 500 --json <scratch>\rel033_sitting\ign_yolo11n_core_2.json
[Ignition] loading <ignite-xdna main>\build\yolo11n_core.ignite (bare-metal .ignite container)
[Ignition] Native XDNA1 NPU backend active (Device 0)
[Ignition] task: detect
[Ignition] power mode balanced: 8 worker threads, sleeping between regions (8 cores / 16 threads on this host)
[Ignition] source: image bus.jpg 810x1080
[Ignition] NPU power mode: default kept: the balanced power mode leaves the NPU's mode alone
[Ignition] shutdown: source released, window closed, NPU hardware context released
[summary] stop: frame limit | 550 frames processed (50 warm-up, 500 timed) | 1 distinct source frames | image bus.jpg 810x1080
[summary] NPU power mode: default kept: the balanced power mode leaves the NPU's mode alone
[summary] G2G mean 10.497 ms | P50 10.430 | P95 10.944 | P99 11.205 | max 12.017 | over the last 500 timed frames; cold first frame 13.91 ms
[summary] stage means (ms): preprocess 0.618 | NPU + host forward 9.736 (dispatch 8.753, host 0.737, readback 0.246) | decode+NMS 0.135
[summary] boxes from NPU heads on 500/500 timed frames | 6.00 detections per frame
[summary] RSS 200.9 MB at the first timed frame, 200.9 MB at the end (+0.02 MB over 500 frames)
[summary] wrote <scratch>\rel033_sitting\ign_yolo11n_core_2.json
== 2026-09-17T15:42:55Z [ignition yolo11n attention core #2] exit 0 after 6.3 s

== 2026-09-17T15:42:55Z [ignition yolo11n attention core performance #2] $ <conda envs>\mlir-aie-iron\python.exe live_ignition.py --model <ignite-xdna main>\build\yolo11n_core.ignite --source <Ignition main>\examples\assets\bus.jpg --headless --warmup 50 --frames 500 --json <scratch>\rel033_sitting\ign_yolo11n_core_perf_2.json --power-mode performance
[Ignition] loading <ignite-xdna main>\build\yolo11n_core.ignite (bare-metal .ignite container)
[Ignition] Native XDNA1 NPU backend active (Device 0)
[Ignition] task: detect
[Ignition] power mode performance: 16 worker threads, spinning between regions (8 cores / 16 threads on this host)
[Ignition] source: image bus.jpg 810x1080
[Ignition] NPU power mode: default kept: the performance power mode leaves the NPU's mode alone
[Ignition] shutdown: source released, window closed, NPU hardware context released
[summary] stop: frame limit | 550 frames processed (50 warm-up, 500 timed) | 1 distinct source frames | image bus.jpg 810x1080
[summary] NPU power mode: default kept: the performance power mode leaves the NPU's mode alone
[summary] G2G mean 10.267 ms | P50 10.257 | P95 10.511 | P99 10.970 | max 15.151 | over the last 500 timed frames; cold first frame 14.83 ms
[summary] stage means (ms): preprocess 0.687 | NPU + host forward 9.445 (dispatch 8.748, host 0.531, readback 0.166) | decode+NMS 0.129
[summary] boxes from NPU heads on 500/500 timed frames | 6.00 detections per frame
[summary] RSS 201.2 MB at the first timed frame, 201.2 MB at the end (+0.00 MB over 500 frames)
[summary] wrote <scratch>\rel033_sitting\ign_yolo11n_core_perf_2.json
== 2026-09-17T15:43:02Z [ignition yolo11n attention core performance #2] exit 0 after 6.2 s

## Timed: YOLOv8n-pose
[cpu] CPU 6.9 % over 2 s; busiest System Idle Process 0, System 0,  0, Registry 0
[xrt-smi before pose #1] [003d:00:01.1] : NPU Phoenix | AIE Partitions | No hardware contexts running on device

== 2026-09-17T15:43:05Z [amd pose #1] $ <conda envs>\resnet_env17\python.exe pipelines/yolov8n-pose/4_pose.py --model models/yolov8n-pose_cut_xint8.onnx --ep npu --source assets/bus.jpg --warmup 50 --runs 500 --log 2 --out <scratch>\rel033_sitting\amd_pose_1.jpg
RYZEN_AI_INSTALLATION_PATH = C:\Program Files\RyzenAI\1.7.1
xclbin: C:\Program Files\RyzenAI\1.7.1\voe-4.0-win_amd64\xclbins\phoenix\4x4.xclbin
onnxruntime 1.23.3.dev20260320  providers: ['VitisAIExecutionProvider', 'DmlExecutionProvider', 'CPUExecutionProvider']
cache:  <ignite-xdna main>\yoloposecutcachekey
First run compiles the model. It takes a while and looks frozen. It isn't.
model: head-cut (9 outputs), decode tail runs in numpy
input: 640x640

=== NPU | models/yolov8n-pose_cut_xint8.onnx | 640px | assets/bus.jpg ===
infer   mean 8.70 ms   median 8.71 ms   p95 9.10 ms   (114.9 fps)
post    mean 0.10 ms
pre     mean 3.098 ms
g2g     mean 12.067 ms   p50 11.999   p95 12.769   p99 13.383 ms   over 500 runs (82.9 fps)
3 people:
   person 0.88  (45,397,196,509)  16/17 keypoints visible
   person 0.85  (224,406,118,451)  17/17 keypoints visible
   person 0.73  (669,399,140,477)  8/17 keypoints visible
wrote <scratch>\rel033_sitting\amd_pose_1.jpg
== 2026-09-17T15:43:12Z [amd pose #1] exit 0 after 7.3 s

== 2026-09-17T15:43:12Z [ignite pose sigmoid #1] $ <conda envs>\mlir-aie-iron\python.exe pipelines/yolov8n-pose/4_pose.py --model build/yolov8n_pose.ignite --ep ignite --source assets/bus.jpg --warmup 50 --runs 500 --out <scratch>\rel033_sitting\ignite_pose_1.jpg
ignite_xdna: <ignite-xdna main>\ignite_xdna\__init__.py
model: graph-engine container (task pose), every layer on the NPU, decode tail runs in numpy, ingress native
input: 640x640

=== IGNITE | build/yolov8n_pose.ignite | 640px | assets/bus.jpg ===
infer   mean 8.59 ms   median 8.59 ms   p95 8.71 ms   (116.4 fps)
post    mean 0.09 ms
pre     mean 0.584 ms
g2g     mean 9.274 ms   p50 9.231   p95 9.591   p99 10.226 ms   over 500 runs (107.8 fps)
4 people:
   person 0.90  (44,395,200,507)  16/17 keypoints visible
   person 0.88  (222,406,121,452)  17/17 keypoints visible
   person 0.82  (669,393,141,484)  9/17 keypoints visible
   person 0.32  (0,563,71,313)  2/17 keypoints visible
wrote <scratch>\rel033_sitting\ignite_pose_1.jpg
== 2026-09-17T15:43:18Z [ignite pose sigmoid #1] exit 0 after 5.5 s

== 2026-09-17T15:43:18Z [ignition pose sigmoid #1] $ <conda envs>\mlir-aie-iron\python.exe live_ignition.py --model <ignite-xdna main>\build\yolov8n_pose.ignite --source <ignite-xdna main>\assets\bus.jpg --headless --warmup 50 --frames 500 --json <scratch>\rel033_sitting\ign_pose_1.json
[Ignition] loading <ignite-xdna main>\build\yolov8n_pose.ignite (bare-metal .ignite container)
[Ignition] Native XDNA1 NPU backend active (Device 0)
[Ignition] task: pose
[Ignition] power mode balanced: 8 worker threads, sleeping between regions (8 cores / 16 threads on this host)
[Ignition] source: image bus.jpg 810x1080
[Ignition] NPU power mode: default kept: the balanced power mode leaves the NPU's mode alone
[Ignition] shutdown: source released, window closed, NPU hardware context released
[summary] stop: frame limit | 550 frames processed (50 warm-up, 500 timed) | 1 distinct source frames | image bus.jpg 810x1080
[summary] NPU power mode: default kept: the balanced power mode leaves the NPU's mode alone
[summary] G2G mean 9.282 ms | P50 9.236 | P95 9.575 | P99 10.024 | max 10.537 | over the last 500 timed frames; cold first frame 12.11 ms
[summary] stage means (ms): preprocess 0.588 | NPU forward 8.331 (dispatch 7.798, readback 0.517) | decode+NMS 0.358
[summary] keypoints from NPU heads on 500/500 timed frames | 4.00 people per frame
[summary] RSS 181.6 MB at the first timed frame, 181.7 MB at the end (+0.17 MB over 500 frames)
[summary] wrote <scratch>\rel033_sitting\ign_pose_1.json
== 2026-09-17T15:43:23Z [ignition pose sigmoid #1] exit 0 after 5.5 s

== 2026-09-17T15:43:23Z [ignition pose hardsigmoid control #1] $ <conda envs>\mlir-aie-iron\python.exe live_ignition.py --model <ignite-xdna main>\build\yolov8n_pose_hardsigmoid.ignite --source <ignite-xdna main>\assets\bus.jpg --headless --warmup 50 --frames 500 --json <scratch>\rel033_sitting\ign_pose_control_1.json
[Ignition] loading <ignite-xdna main>\build\yolov8n_pose_hardsigmoid.ignite (bare-metal .ignite container)
[Ignition] Native XDNA1 NPU backend active (Device 0)
[Ignition] task: pose
[Ignition] power mode balanced: 8 worker threads, sleeping between regions (8 cores / 16 threads on this host)
[Ignition] source: image bus.jpg 810x1080
[Ignition] NPU power mode: default kept: the balanced power mode leaves the NPU's mode alone
[Ignition] shutdown: source released, window closed, NPU hardware context released
[summary] stop: frame limit | 550 frames processed (50 warm-up, 500 timed) | 1 distinct source frames | image bus.jpg 810x1080
[summary] NPU power mode: default kept: the balanced power mode leaves the NPU's mode alone
[summary] G2G mean 8.986 ms | P50 8.957 | P95 9.247 | P99 9.942 | max 10.048 | over the last 500 timed frames; cold first frame 11.82 ms
[summary] stage means (ms): preprocess 0.559 | NPU forward 8.095 (dispatch 7.571, readback 0.509) | decode+NMS 0.327
[summary] keypoints from NPU heads on 500/500 timed frames | 3.00 people per frame
[summary] RSS 181.6 MB at the first timed frame, 181.7 MB at the end (+0.16 MB over 500 frames)
[summary] wrote <scratch>\rel033_sitting\ign_pose_control_1.json
== 2026-09-17T15:43:28Z [ignition pose hardsigmoid control #1] exit 0 after 5.4 s
[cpu] CPU 6.6 % over 2 s; busiest System Idle Process 0, System 0,  0, Registry 0
[xrt-smi before pose #2] [003d:00:01.1] : NPU Phoenix | AIE Partitions | No hardware contexts running on device

== 2026-09-17T15:43:32Z [amd pose #2] $ <conda envs>\resnet_env17\python.exe pipelines/yolov8n-pose/4_pose.py --model models/yolov8n-pose_cut_xint8.onnx --ep npu --source assets/bus.jpg --warmup 50 --runs 500 --log 2 --out <scratch>\rel033_sitting\amd_pose_2.jpg
RYZEN_AI_INSTALLATION_PATH = C:\Program Files\RyzenAI\1.7.1
xclbin: C:\Program Files\RyzenAI\1.7.1\voe-4.0-win_amd64\xclbins\phoenix\4x4.xclbin
onnxruntime 1.23.3.dev20260320  providers: ['VitisAIExecutionProvider', 'DmlExecutionProvider', 'CPUExecutionProvider']
cache:  <ignite-xdna main>\yoloposecutcachekey
First run compiles the model. It takes a while and looks frozen. It isn't.
model: head-cut (9 outputs), decode tail runs in numpy
input: 640x640

=== NPU | models/yolov8n-pose_cut_xint8.onnx | 640px | assets/bus.jpg ===
infer   mean 8.68 ms   median 8.73 ms   p95 8.96 ms   (115.3 fps)
post    mean 0.10 ms
pre     mean 3.043 ms
g2g     mean 11.971 ms   p50 11.965   p95 12.473   p99 13.153 ms   over 500 runs (83.5 fps)
3 people:
   person 0.88  (45,397,196,509)  16/17 keypoints visible
   person 0.85  (224,406,118,451)  17/17 keypoints visible
   person 0.73  (669,399,140,477)  8/17 keypoints visible
wrote <scratch>\rel033_sitting\amd_pose_2.jpg
== 2026-09-17T15:43:39Z [amd pose #2] exit 0 after 7.3 s

== 2026-09-17T15:43:39Z [ignite pose sigmoid #2] $ <conda envs>\mlir-aie-iron\python.exe pipelines/yolov8n-pose/4_pose.py --model build/yolov8n_pose.ignite --ep ignite --source assets/bus.jpg --warmup 50 --runs 500 --out <scratch>\rel033_sitting\ignite_pose_2.jpg
ignite_xdna: <ignite-xdna main>\ignite_xdna\__init__.py
model: graph-engine container (task pose), every layer on the NPU, decode tail runs in numpy, ingress native
input: 640x640

=== IGNITE | build/yolov8n_pose.ignite | 640px | assets/bus.jpg ===
infer   mean 8.63 ms   median 8.63 ms   p95 8.72 ms   (115.8 fps)
post    mean 0.09 ms
pre     mean 0.567 ms
g2g     mean 9.295 ms   p50 9.250   p95 9.588   p99 10.102 ms   over 500 runs (107.6 fps)
4 people:
   person 0.90  (44,395,200,507)  16/17 keypoints visible
   person 0.88  (222,406,121,452)  17/17 keypoints visible
   person 0.82  (669,393,141,484)  9/17 keypoints visible
   person 0.32  (0,563,71,313)  2/17 keypoints visible
wrote <scratch>\rel033_sitting\ignite_pose_2.jpg
== 2026-09-17T15:43:44Z [ignite pose sigmoid #2] exit 0 after 5.5 s

== 2026-09-17T15:43:44Z [ignition pose sigmoid #2] $ <conda envs>\mlir-aie-iron\python.exe live_ignition.py --model <ignite-xdna main>\build\yolov8n_pose.ignite --source <ignite-xdna main>\assets\bus.jpg --headless --warmup 50 --frames 500 --json <scratch>\rel033_sitting\ign_pose_2.json
[Ignition] loading <ignite-xdna main>\build\yolov8n_pose.ignite (bare-metal .ignite container)
[Ignition] Native XDNA1 NPU backend active (Device 0)
[Ignition] task: pose
[Ignition] power mode balanced: 8 worker threads, sleeping between regions (8 cores / 16 threads on this host)
[Ignition] source: image bus.jpg 810x1080
[Ignition] NPU power mode: default kept: the balanced power mode leaves the NPU's mode alone
[Ignition] shutdown: source released, window closed, NPU hardware context released
[summary] stop: frame limit | 550 frames processed (50 warm-up, 500 timed) | 1 distinct source frames | image bus.jpg 810x1080
[summary] NPU power mode: default kept: the balanced power mode leaves the NPU's mode alone
[summary] G2G mean 9.349 ms | P50 9.303 | P95 9.607 | P99 10.102 | max 10.367 | over the last 500 timed frames; cold first frame 12.14 ms
[summary] stage means (ms): preprocess 0.607 | NPU forward 8.378 (dispatch 7.833, readback 0.528) | decode+NMS 0.359
[summary] keypoints from NPU heads on 500/500 timed frames | 4.00 people per frame
[summary] RSS 181.8 MB at the first timed frame, 181.9 MB at the end (+0.11 MB over 500 frames)
[summary] wrote <scratch>\rel033_sitting\ign_pose_2.json
== 2026-09-17T15:43:50Z [ignition pose sigmoid #2] exit 0 after 5.5 s

== 2026-09-17T15:43:50Z [ignition pose hardsigmoid control #2] $ <conda envs>\mlir-aie-iron\python.exe live_ignition.py --model <ignite-xdna main>\build\yolov8n_pose_hardsigmoid.ignite --source <ignite-xdna main>\assets\bus.jpg --headless --warmup 50 --frames 500 --json <scratch>\rel033_sitting\ign_pose_control_2.json
[Ignition] loading <ignite-xdna main>\build\yolov8n_pose_hardsigmoid.ignite (bare-metal .ignite container)
[Ignition] Native XDNA1 NPU backend active (Device 0)
[Ignition] task: pose
[Ignition] power mode balanced: 8 worker threads, sleeping between regions (8 cores / 16 threads on this host)
[Ignition] source: image bus.jpg 810x1080
[Ignition] NPU power mode: default kept: the balanced power mode leaves the NPU's mode alone
[Ignition] shutdown: source released, window closed, NPU hardware context released
[summary] stop: frame limit | 550 frames processed (50 warm-up, 500 timed) | 1 distinct source frames | image bus.jpg 810x1080
[summary] NPU power mode: default kept: the balanced power mode leaves the NPU's mode alone
[summary] G2G mean 8.996 ms | P50 8.960 | P95 9.272 | P99 9.627 | max 10.158 | over the last 500 timed frames; cold first frame 11.83 ms
[summary] stage means (ms): preprocess 0.570 | NPU forward 8.097 (dispatch 7.564, readback 0.517) | decode+NMS 0.323
[summary] keypoints from NPU heads on 500/500 timed frames | 3.00 people per frame
[summary] RSS 181.8 MB at the first timed frame, 181.9 MB at the end (+0.13 MB over 500 frames)
[summary] wrote <scratch>\rel033_sitting\ign_pose_control_2.json
== 2026-09-17T15:43:55Z [ignition pose hardsigmoid control #2] exit 0 after 5.3 s
[xrt-smi after] [003d:00:01.1] : NPU Phoenix | AIE Partitions | No hardware contexts running on device

# end 2026-09-17T15:43:55Z exit 0
