RESEARCH_PLATFORM {"machine": "Desktop 2", "cpu": "AMD Ryzen 7 8700G w/ Radeon 780M Graphics", "os": "Windows-11-10.0.26200-SP0", "ram_bytes": 33381138432, "source_sha256": {"tools/research_process.py": "1e356a0b7bd37e6185fe91f4e5e40586bf3b02af144a86318905d6ac6a205e2d", "tools/quant_calib_alphabet.py": "2dc0b2878c564853f340880209a425dfcf63b8536b2b8e9fd32344daade58d37", "tools/xint8_arithmetic_probe.py": "6aa3df08b9870c3c2264b868459d7ffbac3070dddc1349d7c6f3f480075f7041", "scripts/research-lowlevel.sh": "3455ad7933697936487712665505c216891865c6deada647302785f6e37020bd", "scripts/research-iron.sh": "4c863a262646ddab39b5005006ba8e03809895e6386c6310e2fd9d0a9e9609ee", "kernels/memory_placement/probe.py": "e8d990169ad6091fa1b53852e9f61eff495b5def72d35165a5c5cf1759e38898", "kernels/memory_placement/memory_kernels.cc": "182e7af7071a1e851afb4a7ca266069c489aea1fbaaa85eca129708daeba5ba6", "scripts/research-matrix.sh": "739254171629deae822b0ad7dabc875aee19ace56dde77d3e8aab61663f97516", "kernels/memory_placement/gemm.py": "17c905ad66110d3346bbf0db898dfc6b780df59fae1dfb0c1747057ce1e5844e", "kernels/memory_placement/gemm_placement.cc": "f21acf7250b12914ea30cc1f77613239dfa18421a85a1b9a5199017dd916278a", "tools/research_summary.py": "0c00dcceef07053d06731b41a1f1ed58d3ba4ea09f82497de354ce9cef17da20", "tools/research_toolchain.py": "f0a126a24ae213acfaa43460cfd9def0c86d9cb70cfee0228aa271688467b314"}, "commit": "7c9efd5f0d35f23a5ce6d476900660600ab4f10c", "command": ["python", "benchmarks/dense_compare.py", "baseline", "--family", "modnet_cut", "--pins", "results/dense/modnet_cut_pins_opt_20260919.json", "--artifacts", "build/dense_validation/final_20260919", "--backend", "amd", "--container", "build/modnet_cut_dense_opt.ignite", "--fresh"], "seconds_limit": 1200.0, "rss_gib_limit": 10.0, "checks_only": true, "free_ram_bytes": 17857900544}
PRE_NPU_CONTEXT_WITNESS "\n-----------------------------\n[003d:00:01.1] : NPU Phoenix\n-----------------------------\nAIE Partitions\n  No hardware contexts running on device\n\n"
IDENTITY {"family": "modnet_cut", "pins_sha256": "afe74607864f6b2cd95059d7ec88e2b4c8b65233c9bf7717038ac48ea893ae38", "model_sha256": "02e0b993a6aa52244eea912445ccaf827fe785b11d8c6d2a3683e7a25a053ab4", "numpy": "1.26.4", "ort": "1.23.3.dev20260320", "images": 50, "full_set": true, "source_sha256": {"benchmarks/dense_compare.py": "b74daf6784c803bb8e21fb75f53ca0773f5630b156f3ba6176b320a153cb89d2", "src/ignite_xdna/compiler/dense_regions.py": "a671db56b5016a6543ec79c7f0ba4c1a249743e54568c303b60518166063b1ae", "src/ignite_xdna/compiler/graph_ir.py": "541e609395cf2e907d80d4a94e72c6a86285d551b16a5effcbb96a56c56b2b31", "src/ignite_xdna/compiler/engine_schedule.py": "3a91bb06c127462159224e08b0b1473c3d995cde4f3da29a782d4f755ba57118", "src/ignite_xdna/compiler/engine_compile.py": "156d55881fcafb9824a8d5fd74717f0df64512dfd3900c3fae4037e7eae521e2", "src/ignite_xdna/runtime/graph_session.py": "e1335733b5406df04dadb118848f409737d8268037b1ff2979aebf1a8918b9e4", "src/ignite_xdna/runtime/dense_session.py": "d5d5dc14910b1f56734a788e9c4c723162a67f81deaee8d5a394b649d271dd4b", "Ignition/src/ignition/pipelines/dense.py": "7474a5d9aec11893ee12c54f12d85e64036c198abe961b145da590aebf1416b1", "Ignition/src/ignition/pipelines/vision.py": "26521f87a9874a12c993362b2c39590c6b255ef94148155d6a9948ef3258a133", "Ignition/src/ignition/live.py": "e784ec75f686bf7b1f4b94c1ff8eca7cdbbb534977a413908f4bc5c6da1fce50"}}
deleted stale cache C:\Users\<user>\PycharmProjects\ignite-xdna\modnetcutcachekey
RYZEN_AI_INSTALLATION_PATH = C:\Program Files\RyzenAI\1.7.1
xclbin: C:\Program Files\RyzenAI\1.7.1\voe-4.0-win_amd64\xclbins\phoenix\4x4.xclbin
onnxruntime 1.23.3.dev20260320  providers: ['VitisAIExecutionProvider', 'DmlExecutionProvider', 'CPUExecutionProvider']
cache:  C:\Users\<user>\PycharmProjects\ignite-xdna\modnetcutcachekey
First run compiles the model. It takes a while and looks frozen. It isn't.
2026-09-19 14:57:19.5466942 [I:onnxruntime:, inference_session.cc:606 onnxruntime::InferenceSession::TraceSessionOptions] Session Options {  execution_mode:0 execution_order:DEFAULT enable_profiling:0 optimized_model_filepath: enable_mem_pattern:1 enable_mem_reuse:1 enable_cpu_mem_arena:1 profile_file_prefix:onnxruntime_profile_ session_logid: session_log_severity_level:1 session_log_verbosity_level:0 max_num_graph_transformation_steps:10 graph_optimization_level:4 intra_op_param:OrtThreadPoolParams { thread_pool_size: 0 auto_set_affinity: 0 allow_spinning: 1 dynamic_block_base_: 0 stack_size: 0 affinity_str:  set_denormal_as_zero: 0 } inter_op_param:OrtThreadPoolParams { thread_pool_size: 0 auto_set_affinity: 0 allow_spinning: 1 dynamic_block_base_: 0 stack_size: 0 affinity_str:  set_denormal_as_zero: 0 } use_per_session_threads:1 thread_pool_allow_spinning:1 use_deterministic_compute:0 ep_selection_policy:0 config_options: {  } }
2026-09-19 14:57:19.5473152 [I:onnxruntime:, inference_session.cc:422 onnxruntime::InferenceSession::ConstructorCommon] Creating and using per session threadpools since use_per_session_threads_ is true
2026-09-19 14:57:19.5474454 [I:onnxruntime:, inference_session.cc:446 onnxruntime::InferenceSession::ConstructorCommon] Dynamic block base set to 0
2026-09-19 14:57:19.6662240 [I:onnxruntime:, inference_session.cc:2042 onnxruntime::InferenceSession::Initialize] Initializing session.
2026-09-19 14:57:19.6663855 [I:onnxruntime:, inference_session.cc:2080 onnxruntime::InferenceSession::Initialize] Adding default CPU execution provider.
2026-09-19 14:57:19.6667760 [I:onnxruntime:, graph_partitioner.cc:1209 onnxruntime::GraphPartitioner::InlineFunctionsAOT] This model does not have any local functions defined. AOT Inlining is not performed
2026-09-19 14:57:19.6676640 [I:onnxruntime:, graph_transformer.cc:15 onnxruntime::GraphTransformer::Apply] GraphTransformer EnsureUniqueDQForNodeUnit modified: 1 with status: OK
2026-09-19 14:57:19.6732828 [I:onnxruntime:, graph_transformer.cc:15 onnxruntime::GraphTransformer::Apply] GraphTransformer Level1_RuleBasedTransformer modified: 1 with status: OK
2026-09-19 14:57:19.6764480 [I:onnxruntime:, graph.cc:4888 onnxruntime::Graph::CleanUnusedInitializersAndNodeArgs] Removing initializer '/lr_branch/se_block/pool/GlobalAveragePool_output_0_Scale'. It is no longer used by any node.
2026-09-19 14:57:19.6774517 [I:onnxruntime:, graph_transformer.cc:15 onnxruntime::GraphTransformer::Apply] GraphTransformer DoubleQDQPairsRemover modified: 0 with status: OK
2026-09-19 14:57:19.6789070 [I:onnxruntime:, constant_sharing.cc:248 onnxruntime::ConstantSharing::ApplyImpl] Total shared scalar initializer count: 219
2026-09-19 14:57:19.6791559 [I:onnxruntime:, graph_transformer.cc:15 onnxruntime::GraphTransformer::Apply] GraphTransformer ConstantSharing modified: 1 with status: OK
2026-09-19 14:57:19.6828972 [I:onnxruntime:, graph_transformer.cc:15 onnxruntime::GraphTransformer::Apply] GraphTransformer CommonSubexpressionElimination modified: 0 with status: OK
2026-09-19 14:57:19.6833021 [I:onnxruntime:, graph_transformer.cc:15 onnxruntime::GraphTransformer::Apply] GraphTransformer ConstantFolding modified: 0 with status: OK
2026-09-19 14:57:19.6835004 [I:onnxruntime:, graph_transformer.cc:15 onnxruntime::GraphTransformer::Apply] GraphTransformer MatMulAddFusion modified: 0 with status: OK
2026-09-19 14:57:19.6837921 [I:onnxruntime:, graph_transformer.cc:15 onnxruntime::GraphTransformer::Apply] GraphTransformer ReshapeFusion modified: 0 with status: OK
2026-09-19 14:57:19.6839247 [I:onnxruntime:, graph_transformer.cc:15 onnxruntime::GraphTransformer::Apply] GraphTransformer FreeDimensionOverrideTransformer modified: 0 with status: OK
2026-09-19 14:57:19.6840669 [I:onnxruntime:, graph_transformer.cc:15 onnxruntime::GraphTransformer::Apply] GraphTransformer GeluFusionL1 modified: 0 with status: OK
2026-09-19 14:57:19.6842916 [I:onnxruntime:, graph_transformer.cc:15 onnxruntime::GraphTransformer::Apply] GraphTransformer LayerNormFusionL1 modified: 0 with status: OK
2026-09-19 14:57:19.6847691 [I:onnxruntime:, graph_transformer.cc:15 onnxruntime::GraphTransformer::Apply] GraphTransformer QDQPropagationTransformer modified: 0 with status: OK
2026-09-19 14:57:19.6850389 [I:onnxruntime:, graph_transformer.cc:15 onnxruntime::GraphTransformer::Apply] GraphTransformer WeightBiasQuantization modified: 0 with status: OK
2026-09-19 14:57:19.6853660 [I:onnxruntime:, graph_transformer.cc:15 onnxruntime::GraphTransformer::Apply] GraphTransformer EnsureUniqueDQForNodeUnit modified: 0 with status: OK
2026-09-19 14:57:19.6855789 [I:onnxruntime:, graph_transformer.cc:15 onnxruntime::GraphTransformer::Apply] GraphTransformer RocmBlasAltImpl modified: 0 with status: OK
2026-09-19 14:57:19.6863749 [I:onnxruntime:, graph_transformer.cc:15 onnxruntime::GraphTransformer::Apply] GraphTransformer TransposeOptimizer modified: 0 with status: OK
2026-09-19 14:57:19.6866307 [I:onnxruntime:, graph_transformer.cc:15 onnxruntime::GraphTransformer::Apply] GraphTransformer Level1_RuleBasedTransformer modified: 0 with status: OK
2026-09-19 14:57:19.6871194 [I:onnxruntime:, graph_transformer.cc:15 onnxruntime::GraphTransformer::Apply] GraphTransformer DoubleQDQPairsRemover modified: 0 with status: OK
2026-09-19 14:57:19.6877061 [I:onnxruntime:, graph_transformer.cc:15 onnxruntime::GraphTransformer::Apply] GraphTransformer CommonSubexpressionElimination modified: 0 with status: OK
2026-09-19 14:57:19.6881138 [I:onnxruntime:, graph_transformer.cc:15 onnxruntime::GraphTransformer::Apply] GraphTransformer ConstantFolding modified: 0 with status: OK
2026-09-19 14:57:19.6883700 [I:onnxruntime:, graph_transformer.cc:15 onnxruntime::GraphTransformer::Apply] GraphTransformer MatMulAddFusion modified: 0 with status: OK
2026-09-19 14:57:19.6885917 [I:onnxruntime:, graph_transformer.cc:15 onnxruntime::GraphTransformer::Apply] GraphTransformer ReshapeFusion modified: 0 with status: OK
2026-09-19 14:57:19.6887363 [I:onnxruntime:, graph_transformer.cc:15 onnxruntime::GraphTransformer::Apply] GraphTransformer FreeDimensionOverrideTransformer modified: 0 with status: OK
2026-09-19 14:57:19.6888924 [I:onnxruntime:, graph_transformer.cc:15 onnxruntime::GraphTransformer::Apply] GraphTransformer GeluFusionL1 modified: 0 with status: OK
2026-09-19 14:57:19.6945770 [I:onnxruntime:, graph_transformer.cc:15 onnxruntime::GraphTransformer::Apply] GraphTransformer LayerNormFusionL1 modified: 0 with status: OK
2026-09-19 14:57:19.6950472 [I:onnxruntime:, graph_transformer.cc:15 onnxruntime::GraphTransformer::Apply] GraphTransformer QDQPropagationTransformer modified: 0 with status: OK
2026-09-19 14:57:19.6953032 [I:onnxruntime:, graph_transformer.cc:15 onnxruntime::GraphTransformer::Apply] GraphTransformer WeightBiasQuantization modified: 0 with status: OK
2026-09-19 14:57:19.6955271 [I:onnxruntime:, graph_transformer.cc:15 onnxruntime::GraphTransformer::Apply] GraphTransformer EnsureUniqueDQForNodeUnit modified: 0 with status: OK
2026-09-19 14:57:19.6957192 [I:onnxruntime:, graph_transformer.cc:15 onnxruntime::GraphTransformer::Apply] GraphTransformer RocmBlasAltImpl modified: 0 with status: OK
NPU_TIMELINE "\n-----------------------------\n[003d:00:01.1] : NPU Phoenix\n-----------------------------\nAIE Partitions\n  No hardware contexts running on device\n\n"
NPU_OWNERSHIP {"context_pids": [], "owned_pids": [56096, 60216], "foreign_pids": []}
HOST_TIMELINE {"elapsed_seconds": 3.938, "tree_rss_bytes": 490676224, "foreign_peers": []}
NPU_TIMELINE "\n-----------------------------\n[003d:00:01.1] : NPU Phoenix\n-----------------------------\nAIE Partitions\n  No hardware contexts running on device\n\n"
NPU_OWNERSHIP {"context_pids": [], "owned_pids": [56096, 60216], "foreign_pids": []}
HOST_TIMELINE {"elapsed_seconds": 7.969, "tree_rss_bytes": 515702784, "foreign_peers": []}
NPU_TIMELINE "\n-----------------------------\n[003d:00:01.1] : NPU Phoenix\n-----------------------------\nAIE Partitions\n  No hardware contexts running on device\n\n"
NPU_OWNERSHIP {"context_pids": [], "owned_pids": [56096, 60216], "foreign_pids": []}
HOST_TIMELINE {"elapsed_seconds": 12.203, "tree_rss_bytes": 804786176, "foreign_peers": []}
2026-09-19 14:57:33.0028642 [I:onnxruntime:, graph.cc:4888 onnxruntime::Graph::CleanUnusedInitializersAndNodeArgs] Removing initializer 'onnx::Conv_683_scale'. It is no longer used by any node.
2026-09-19 14:57:33.0031437 [I:onnxruntime:, graph.cc:4888 onnxruntime::Graph::CleanUnusedInitializersAndNodeArgs] Removing initializer 'onnx::Conv_672_scale'. It is no longer used by any node.
2026-09-19 14:57:33.0033102 [I:onnxruntime:, graph.cc:4888 onnxruntime::Graph::CleanUnusedInitializersAndNodeArgs] Removing initializer '/hr_branch/Constant_output_0'. It is no longer used by any node.
2026-09-19 14:57:33.0035113 [I:onnxruntime:, graph.cc:4888 onnxruntime::Graph::CleanUnusedInitializersAndNodeArgs] Removing initializer 'lr_branch.conv_lr8x.0.weight_zero_point'. It is no longer used by any node.
2026-09-19 14:57:33.0039417 [I:onnxruntime:, graph.cc:4888 onnxruntime::Graph::CleanUnusedInitializersAndNodeArgs] Removing initializer '/hr_branch/conv_hr4x/conv_hr4x.1/Relu_output_0_scale'. It is no longer used by any node.
2026-09-19 14:57:33.0041566 [I:onnxruntime:, graph.cc:4888 onnxruntime::Graph::CleanUnusedInitializersAndNodeArgs] Removing initializer 'onnx::Conv_666_quantized'. It is no longer used by any node.
2026-09-19 14:57:33.0043103 [I:onnxruntime:, graph.cc:4888 onnxruntime::Graph::CleanUnusedInitializersAndNodeArgs] Removing initializer '/lr_branch/backbone/features.6/conv/conv.6/Conv_output_0_zero_point'. It is no longer used by any node.
2026-09-19 14:57:33.0044899 [I:onnxruntime:, graph.cc:4888 onnxruntime::Graph::CleanUnusedInitializersAndNodeArgs] Removing initializer '/lr_branch/backbone/features.0/features.0.2/Constant_output_0'. It is no longer used by any node.
2026-09-19 14:57:33.0046637 [I:onnxruntime:, graph.cc:4888 onnxruntime::Graph::CleanUnusedInitializersAndNodeArgs] Removing initializer 'onnx::Conv_674_scale'. It is no longer used by any node.
2026-09-19 14:57:33.0048123 [I:onnxruntime:, graph.cc:4888 onnxruntime::Graph::CleanUnusedInitializersAndNodeArgs] Removing initializer '/lr_branch/backbone/features.0/features.0.2/Constant_1_output_0'. It is no longer used by any node.
2026-09-19 14:57:33.0049812 [I:onnxruntime:, graph.cc:4888 onnxruntime::Graph::CleanUnusedInitializersAndNodeArgs] Removing initializer 'onnx::Conv_729_quantized'. It is no longer used by any node.
2026-09-19 14:57:33.0051240 [I:onnxruntime:, graph.cc:4888 onnxruntime::Graph::CleanUnusedInitializersAndNodeArgs] Removing initializer 'hr_branch.conv_enc2x.0.weight_quantized'. It is no longer used by any node.
2026-09-19 14:57:33.0053123 [I:onnxruntime:, graph.cc:4888 onnxruntime::Graph::CleanUnusedInitializersAndNodeArgs] Removing initializer 'lr_branch.conv_lr16x.0.weight_scale'. It is no longer used by any node.
2026-09-19 14:57:33.0054850 [I:onnxruntime:, graph.cc:4888 onnxruntime::Graph::CleanUnusedInitializersAndNodeArgs] Removing initializer '/hr_branch/Resize_output_0_zero_point'. It is no longer used by any node.
2026-09-19 14:57:33.0056493 [I:onnxruntime:, graph.cc:4888 onnxruntime::Graph::CleanUnusedInitializersAndNodeArgs] Removing initializer '/lr_branch/Constant_output_0'. It is no longer used by any node.
2026-09-19 14:57:33.0058058 [I:onnxruntime:, graph.cc:4888 onnxruntime::Graph::CleanUnusedInitializersAndNodeArgs] Removing initializer 'onnx::Conv_668_quantized'. It is no longer used by any node.
2026-09-19 14:57:33.0059701 [I:onnxruntime:, graph.cc:4888 onnxruntime::Graph::CleanUnusedInitializersAndNodeArgs] Removing initializer 'onnx::Conv_711_zero_point'. It is no longer used by any node.
2026-09-19 14:57:33.0061375 [I:onnxruntime:, graph.cc:4888 onnxruntime::Graph::CleanUnusedInitializersAndNodeArgs] Removing initializer '/hr_branch/tohr_enc2x/tohr_enc2x.1/Relu_output_0_zero_point'. It is no longer used by any node.
2026-09-19 14:57:33.0063341 [I:onnxruntime:, graph.cc:4888 onnxruntime::Graph::CleanUnusedInitializersAndNodeArgs] Removing initializer 'onnx::Conv_737_zero_point'. It is no longer used by any node.
2026-09-19 14:57:33.0065048 [I:onnxruntime:, graph.cc:4888 onnxruntime::Graph::CleanUnusedInitializersAndNodeArgs] Removing initializer '/lr_branch/backbone/features.16/conv/conv.6/Conv_output_0_zero_point'. It is no longer used by any node.
2026-09-19 14:57:33.0262917 [I:onnxruntime:, graph.cc:4888 onnxruntime::Graph::CleanUnusedInitializersAndNodeArgs] Removing initializer '/lr_branch/backbone/features.17/conv/conv.6/Conv_output_0_zero_point'. It is no longer used by any node.
2026-09-19 14:57:33.0264855 [I:onnxruntime:, graph.cc:4888 onnxruntime::Graph::CleanUnusedInitializersAndNodeArgs] Removing initializer 'lr_branch.se_block.fc.2.weight_quantized'. It is no longer used by any node.
2026-09-19 14:57:33.0266445 [I:onnxruntime:, graph.cc:4888 onnxruntime::Graph::CleanUnusedInitializersAndNodeArgs] Removing initializer 'onnx::Conv_659_zero_point'. It is no longer used by any node.
2026-09-19 14:57:33.0267887 [I:onnxruntime:, graph.cc:4888 onnxruntime::Graph::CleanUnusedInitializersAndNodeArgs] Removing initializer 'onnx::Conv_659_quantized'. It is no longer used by any node.
2026-09-19 14:57:33.0269339 [I:onnxruntime:, graph.cc:4888 onnxruntime::Graph::CleanUnusedInitializersAndNodeArgs] Removing initializer 'onnx::Conv_672_zero_point'. It is no longer used by any node.
2026-09-19 14:57:33.0270864 [I:onnxruntime:, graph.cc:4888 onnxruntime::Graph::CleanUnusedInitializersAndNodeArgs] Removing initializer 'onnx::Conv_696_scale'. It is no longer used by any node.
2026-09-19 14:57:33.0272253 [I:onnxruntime:, graph.cc:4888 onnxruntime::Graph::CleanUnusedInitializersAndNodeArgs] Removing initializer 'onnx::Conv_660_zero_point'. It is no longer used by any node.
2026-09-19 14:57:33.0273852 [I:onnxruntime:, graph.cc:4888 onnxruntime::Graph::CleanUnusedInitializersAndNodeArgs] Removing initializer 'onnx::Conv_660_quantized'. It is no longer used by any node.
2026-09-19 14:57:33.0275276 [I:onnxruntime:, graph.cc:4888 onnxruntime::Graph::CleanUnusedInitializersAndNodeArgs] Removing initializer 'onnx::Conv_675_zero_point'. It is no longer used by any node.
2026-09-19 14:57:33.0277052 [I:onnxruntime:, graph.cc:4888 onnxruntime::Graph::CleanUnusedInitializersAndNodeArgs] Removing initializer '/lr_branch/backbone/features.1/conv/conv.3/Conv_output_0_zero_point'. It is no longer used by any node.
2026-09-19 14:57:33.0278790 [I:onnxruntime:, graph.cc:4888 onnxruntime::Graph::CleanUnusedInitializersAndNodeArgs] Removing initializer '/lr_branch/backbone/features.0/features.0.2/Clip_output_0_zero_point'. It is no longer used by any node.
2026-09-19 14:57:33.0280633 [I:onnxruntime:, graph.cc:4888 onnxruntime::Graph::CleanUnusedInitializersAndNodeArgs] Removing initializer 'onnx::Conv_662_scale'. It is no longer used by any node.
2026-09-19 14:57:33.0281930 [I:onnxruntime:, graph.cc:4888 onnxruntime::Graph::CleanUnusedInitializersAndNodeArgs] Removing initializer 'hr_branch.tohr_enc2x.0.bias_zero_point'. It is no longer used by any node.
2026-09-19 14:57:33.0283330 [I:onnxruntime:, graph.cc:4888 onnxruntime::Graph::CleanUnusedInitializersAndNodeArgs] Removing initializer 'onnx::Conv_662_zero_point'. It is no longer used by any node.
2026-09-19 14:57:33.0284980 [I:onnxruntime:, graph.cc:4888 onnxruntime::Graph::CleanUnusedInitializersAndNodeArgs] Removing initializer '/hr_branch/conv_hr2x/conv_hr2x.7/Relu_output_0_scale'. It is no longer used by any node.
2026-09-19 14:57:33.0286684 [I:onnxruntime:, graph.cc:4888 onnxruntime::Graph::CleanUnusedInitializersAndNodeArgs] Removing initializer 'onnx::Conv_686_quantized'. It is no longer used by any node.
2026-09-19 14:57:33.0287920 [I:onnxruntime:, graph.cc:4888 onnxruntime::Graph::CleanUnusedInitializersAndNodeArgs] Removing initializer 'hr_branch.tohr_enc2x.0.bias_quantized'. It is no longer used by any node.
2026-09-19 14:57:33.0289237 [I:onnxruntime:, graph.cc:4888 onnxruntime::Graph::CleanUnusedInitializersAndNodeArgs] Removing initializer 'onnx::Conv_776_zero_point'. It is no longer used by any node.
2026-09-19 14:57:33.0290808 [I:onnxruntime:, graph.cc:4888 onnxruntime::Graph::CleanUnusedInitializersAndNodeArgs] Removing initializer 'onnx::Conv_792_quantized'. It is no longer used by any node.
2026-09-19 14:57:33.0375667 [I:onnxruntime:, graph.cc:4888 onnxruntime::Graph::CleanUnusedInitializersAndNodeArgs] Removing initializer 'onnx::Conv_662_quantized'. It is no longer used by any node.
2026-09-19 14:57:33.0377029 [I:onnxruntime:, graph.cc:4888 onnxruntime::Graph::CleanUnusedInitializersAndNodeArgs] Removing initializer 'onnx::Conv_722_scale'. It is no longer used by any node.
2026-09-19 14:57:33.0378279 [I:onnxruntime:, graph.cc:4888 onnxruntime::Graph::CleanUnusedInitializersAndNodeArgs] Removing initializer 'onnx::Conv_663_zero_point'. It is no longer used by any node.
2026-09-19 14:57:33.0379940 [I:onnxruntime:, graph.cc:4888 onnxruntime::Graph::CleanUnusedInitializersAndNodeArgs] Removing initializer 'onnx::Conv_663_quantized'. It is no longer used by any node.
2026-09-19 14:57:33.0381621 [I:onnxruntime:, graph.cc:4888 onnxruntime::Graph::CleanUnusedInitializersAndNodeArgs] Removing initializer '/lr_branch/backbone/features.5/conv/conv.6/Conv_output_0_zero_point'. It is no longer used by any node.
2026-09-19 14:57:33.0383674 [I:onnxruntime:, graph.cc:4888 onnxruntime::Graph::CleanUnusedInitializersAndNodeArgs] Removing initializer '/lr_branch/backbone/features.14/conv/conv.6/Conv_output_0_zero_point'. It is no longer used by any node.
2026-09-19 14:57:33.0385571 [I:onnxruntime:, graph.cc:4888 onnxruntime::Graph::CleanUnusedInitializersAndNodeArgs] Removing initializer '/lr_branch/backbone/features.1/conv/conv.2/Clip_output_0_zero_point'. It is no longer used by any node.
2026-09-19 14:57:33.0387505 [I:onnxruntime:, graph.cc:4888 onnxruntime::Graph::CleanUnusedInitializersAndNodeArgs] Removing initializer 'hr_branch.conv_hr4x.4.weight_quantized'. It is no longer used by any node.
2026-09-19 14:57:33.0391175 [I:onnxruntime:, graph.cc:4888 onnxruntime::Graph::CleanUnusedInitializersAndNodeArgs] Removing initializer 'onnx::Conv_734_quantized'. It is no longer used by any node.
2026-09-19 14:57:33.0393940 [I:onnxruntime:, graph.cc:4888 onnxruntime::Graph::CleanUnusedInitializersAndNodeArgs] Removing initializer '/hr_branch/Concat_output_0_zero_point'. It is no longer used by any node.
2026-09-19 14:57:33.0395511 [I:onnxruntime:, graph.cc:4888 onnxruntime::Graph::CleanUnusedInitializersAndNodeArgs] Removing initializer 'onnx::Conv_666_zero_point'. It is no longer used by any node.
2026-09-19 14:57:33.0397022 [I:onnxruntime:, graph.cc:4888 onnxruntime::Graph::CleanUnusedInitializersAndNodeArgs] Removing initializer 'onnx::Conv_665_zero_point'. It is no longer used by any node.
2026-09-19 14:57:33.0398519 [I:onnxruntime:, graph.cc:4888 onnxruntime::Graph::CleanUnusedInitializersAndNodeArgs] Removing initializer 'onnx::Conv_665_quantized'. It is no longer used by any node.
2026-09-19 14:57:33.0401078 [I:onnxruntime:, graph.cc:4888 onnxruntime::Graph::CleanUnusedInitializersAndNodeArgs] Removing initializer 'onnx::Conv_758_scale'. It is no longer used by any node.
2026-09-19 14:57:33.0403553 [I:onnxruntime:, graph.cc:4888 onnxruntime::Graph::CleanUnusedInitializersAndNodeArgs] Removing initializer 'hr_branch.conv_hr2x.2.bias_quantized'. It is no longer used by any node.
2026-09-19 14:57:33.0405099 [I:onnxruntime:, graph.cc:4888 onnxruntime::Graph::CleanUnusedInitializersAndNodeArgs] Removing initializer 'onnx::Conv_669_quantized'. It is no longer used by any node.
2026-09-19 14:57:33.0406639 [I:onnxruntime:, graph.cc:4888 onnxruntime::Graph::CleanUnusedInitializersAndNodeArgs] Removing initializer 'onnx::Conv_690_zero_point'. It is no longer used by any node.
2026-09-19 14:57:33.0408094 [I:onnxruntime:, graph.cc:4888 onnxruntime::Graph::CleanUnusedInitializersAndNodeArgs] Removing initializer 'hr_branch.conv_enc2x.0.weight_zero_point'. It is no longer used by any node.
2026-09-19 14:57:33.0409590 [I:onnxruntime:, graph.cc:4888 onnxruntime::Graph::CleanUnusedInitializersAndNodeArgs] Removing initializer 'onnx::Conv_729_zero_point'. It is no longer used by any node.
2026-09-19 14:57:33.0412114 [I:onnxruntime:, graph.cc:4888 onnxruntime::Graph::CleanUnusedInitializersAndNodeArgs] Removing initializer 'onnx::Conv_668_zero_point'. It is no longer used by any node.
2026-09-19 14:57:33.0580775 [I:onnxruntime:, graph.cc:4888 onnxruntime::Graph::CleanUnusedInitializersAndNodeArgs] Removing initializer 'hr_branch.tohr_enc4x.0.bias_quantized'. It is no longer used by any node.
2026-09-19 14:57:33.0583036 [I:onnxruntime:, graph.cc:4888 onnxruntime::Graph::CleanUnusedInitializersAndNodeArgs] Removing initializer 'onnx::Conv_800_quantized'. It is no longer used by any node.
2026-09-19 14:57:33.0585121 [I:onnxruntime:, graph.cc:4888 onnxruntime::Graph::CleanUnusedInitializersAndNodeArgs] Removing initializer 'hr_branch.tohr_enc2x.0.weight_quantized'. It is no longer used by any node.
2026-09-19 14:57:33.0587576 [I:onnxruntime:, graph.cc:4888 onnxruntime::Graph::CleanUnusedInitializersAndNodeArgs] Removing initializer 'onnx::Conv_669_zero_point'. It is no longer used by any node.
2026-09-19 14:57:33.0589195 [I:onnxruntime:, graph.cc:4888 onnxruntime::Graph::CleanUnusedInitializersAndNodeArgs] Removing initializer 'onnx::Conv_714_quantized'. It is no longer used by any node.
2026-09-19 14:57:33.0590587 [I:onnxruntime:, graph.cc:4888 onnxruntime::Graph::CleanUnusedInitializersAndNodeArgs] Removing initializer 'hr_branch.tohr_enc2x.0.weight_zero_point'. It is no longer used by any node.
2026-09-19 14:57:33.0592043 [I:onnxruntime:, graph.cc:4888 onnxruntime::Graph::CleanUnusedInitializersAndNodeArgs] Removing initializer 'onnx::Conv_756_quantized'. It is no longer used by any node.
2026-09-19 14:57:33.0593401 [I:onnxruntime:, graph.cc:4888 onnxruntime::Graph::CleanUnusedInitializersAndNodeArgs] Removing initializer '/lr_branch/backbone/features.2/conv/conv.2/Clip_output_0_zero_point'. It is no longer used by any node.
2026-09-19 14:57:33.0595022 [I:onnxruntime:, graph.cc:4888 onnxruntime::Graph::CleanUnusedInitializersAndNodeArgs] Removing initializer 'onnx::Conv_671_zero_point'. It is no longer used by any node.
2026-09-19 14:57:33.0596626 [I:onnxruntime:, graph.cc:4888 onnxruntime::Graph::CleanUnusedInitializersAndNodeArgs] Removing initializer 'onnx::Conv_780_zero_point'. It is no longer used by any node.
2026-09-19 14:57:33.0598198 [I:onnxruntime:, graph.cc:4888 onnxruntime::Graph::CleanUnusedInitializersAndNodeArgs] Removing initializer 'onnx::Conv_671_quantized'. It is no longer used by any node.
2026-09-19 14:57:33.0599915 [I:onnxruntime:, graph.cc:4888 onnxruntime::Graph::CleanUnusedInitializersAndNodeArgs] Removing initializer 'lr_branch.conv_lr8x.0.bias_zero_point'. It is no longer used by any node.
2026-09-19 14:57:33.0601216 [I:onnxruntime:, graph.cc:4888 onnxruntime::Graph::CleanUnusedInitializersAndNodeArgs] Removing initializer '/hr_branch/conv_hr2x/conv_hr2x.7/Relu_output_0_zero_point'. It is no longer used by any node.
2026-09-19 14:57:33.0602979 [I:onnxruntime:, graph.cc:4888 onnxruntime::Graph::CleanUnusedInitializersAndNodeArgs] Removing initializer 'onnx::Conv_672_quantized'. It is no longer used by any node.
2026-09-19 14:57:33.0604218 [I:onnxruntime:, graph.cc:4888 onnxruntime::Graph::CleanUnusedInitializersAndNodeArgs] Removing initializer 'onnx::Conv_674_quantized'. It is no longer used by any node.
2026-09-19 14:57:33.0605554 [I:onnxruntime:, graph.cc:4888 onnxruntime::Graph::CleanUnusedInitializersAndNodeArgs] Removing initializer '/lr_branch/backbone/features.2/conv/conv.5/Clip_output_0_zero_point'. It is no longer used by any node.
2026-09-19 14:57:33.0607456 [I:onnxruntime:, graph.cc:4888 onnxruntime::Graph::CleanUnusedInitializersAndNodeArgs] Removing initializer 'onnx::Conv_674_zero_point'. It is no longer used by any node.
2026-09-19 14:57:33.0608704 [I:onnxruntime:, graph.cc:4888 onnxruntime::Graph::CleanUnusedInitializersAndNodeArgs] Removing initializer 'hr_branch.conv_enc2x.0.bias_zero_point'. It is no longer used by any node.
2026-09-19 14:57:33.0610168 [I:onnxruntime:, graph.cc:4888 onnxruntime::Graph::CleanUnusedInitializersAndNodeArgs] Removing initializer 'hr_branch.conv_enc2x.0.bias_quantized'. It is no longer used by any node.
2026-09-19 14:57:33.0688326 [I:onnxruntime:, graph.cc:4888 onnxruntime::Graph::CleanUnusedInitializersAndNodeArgs] Removing initializer 'onnx::Conv_704_zero_point'. It is no longer used by any node.
2026-09-19 14:57:33.0690484 [I:onnxruntime:, graph.cc:4888 onnxruntime::Graph::CleanUnusedInitializersAndNodeArgs] Removing initializer '/lr_branch/backbone/features.2/conv/conv.6/Conv_output_0_zero_point'. It is no longer used by any node.
2026-09-19 14:57:33.0693073 [I:onnxruntime:, graph.cc:4888 onnxruntime::Graph::CleanUnusedInitializersAndNodeArgs] Removing initializer '/lr_branch/backbone/features.12/conv/conv.2/Clip_output_0_zero_point'. It is no longer used by any node.
2026-09-19 14:57:33.0695138 [I:onnxruntime:, graph.cc:4888 onnxruntime::Graph::CleanUnusedInitializersAndNodeArgs] Removing initializer 'onnx::Conv_675_quantized'. It is no longer used by any node.
2026-09-19 14:57:33.0696567 [I:onnxruntime:, graph.cc:4888 onnxruntime::Graph::CleanUnusedInitializersAndNodeArgs] Removing initializer 'onnx::Conv_765_zero_point'. It is no longer used by any node.
2026-09-19 14:57:33.0698029 [I:onnxruntime:, graph.cc:4888 onnxruntime::Graph::CleanUnusedInitializersAndNodeArgs] Removing initializer '/hr_branch/conv_enc2x/conv_enc2x.1/Relu_output_0_zero_point'. It is no longer used by any node.
2026-09-19 14:57:33.0699726 [I:onnxruntime:, graph.cc:4888 onnxruntime::Graph::CleanUnusedInitializersAndNodeArgs] Removing initializer 'onnx::Conv_681_quantized'. It is no longer used by any node.
2026-09-19 14:57:33.0701182 [I:onnxruntime:, graph.cc:4888 onnxruntime::Graph::CleanUnusedInitializersAndNodeArgs] Removing initializer 'onnx::Conv_726_zero_point'. It is no longer used by any node.
2026-09-19 14:57:33.0702615 [I:onnxruntime:, graph.cc:4888 onnxruntime::Graph::CleanUnusedInitializersAndNodeArgs] Removing initializer 'onnx::Conv_770_quantized'. It is no longer used by any node.
2026-09-19 14:57:33.0704441 [I:onnxruntime:, graph.cc:4888 onnxruntime::Graph::CleanUnusedInitializersAndNodeArgs] Removing initializer 'onnx::Conv_750_zero_point'. It is no longer used by any node.
2026-09-19 14:57:33.0705846 [I:onnxruntime:, graph.cc:4888 onnxruntime::Graph::CleanUnusedInitializersAndNodeArgs] Removing initializer 'f_branch.conv_f2x.0.weight_zero_point'. It is no longer used by any node.
2026-09-19 14:57:33.0707356 [I:onnxruntime:, graph.cc:4888 onnxruntime::Graph::CleanUnusedInitializersAndNodeArgs] Removing initializer 'onnx::Conv_677_zero_point'. It is no longer used by any node.
2026-09-19 14:57:33.0708795 [I:onnxruntime:, graph.cc:4888 onnxruntime::Graph::CleanUnusedInitializersAndNodeArgs] Removing initializer 'f_branch.conv_f2x.0.weight_quantized'. It is no longer used by any node.
2026-09-19 14:57:33.0710372 [I:onnxruntime:, graph.cc:4888 onnxruntime::Graph::CleanUnusedInitializersAndNodeArgs] Removing initializer 'onnx::Conv_677_quantized'. It is no longer used by any node.
2026-09-19 14:57:33.0711804 [I:onnxruntime:, graph.cc:4888 onnxruntime::Graph::CleanUnusedInitializersAndNodeArgs] Removing initializer 'onnx::Conv_774_zero_point'. It is no longer used by any node.
2026-09-19 14:57:33.0713157 [I:onnxruntime:, graph.cc:4888 onnxruntime::Graph::CleanUnusedInitializersAndNodeArgs] Removing initializer '/lr_branch/backbone/features.11/conv/conv.2/Clip_output_0_zero_point'. It is no longer used by any node.
2026-09-19 14:57:33.0714806 [I:onnxruntime:, graph.cc:4888 onnxruntime::Graph::CleanUnusedInitializersAndNodeArgs] Removing initializer '/lr_branch/backbone/features.14/conv/conv.5/Clip_output_0_zero_point'. It is no longer used by any node.
2026-09-19 14:57:33.0716754 [I:onnxruntime:, graph.cc:4888 onnxruntime::Graph::CleanUnusedInitializersAndNodeArgs] Removing initializer 'onnx::Conv_717_zero_point'. It is no longer used by any node.
2026-09-19 14:57:33.0718124 [I:onnxruntime:, graph.cc:4888 onnxruntime::Graph::CleanUnusedInitializersAndNodeArgs] Removing initializer 'onnx::Conv_678_zero_point'. It is no longer used by any node.
2026-09-19 14:57:33.0719533 [I:onnxruntime:, graph.cc:4888 onnxruntime::Graph::CleanUnusedInitializersAndNodeArgs] Removing initializer 'onnx::Conv_717_quantized'. It is no longer used by any node.
2026-09-19 14:57:33.0899291 [I:onnxruntime:, graph.cc:4888 onnxruntime::Graph::CleanUnusedInitializersAndNodeArgs] Removing initializer '/hr_branch/conv_hr2x/conv_hr2x.1/Relu_output_0_zero_point'. It is no longer used by any node.
2026-09-19 14:57:33.0901562 [I:onnxruntime:, graph.cc:4888 onnxruntime::Graph::CleanUnusedInitializersAndNodeArgs] Removing initializer 'onnx::Conv_678_quantized'. It is no longer used by any node.
2026-09-19 14:57:33.0903364 [I:onnxruntime:, graph.cc:4888 onnxruntime::Graph::CleanUnusedInitializersAndNodeArgs] Removing initializer '/hr_branch/conv_enc4x/conv_enc4x.1/Relu_output_0_zero_point'. It is no longer used by any node.
2026-09-19 14:57:33.0904937 [I:onnxruntime:, graph.cc:4888 onnxruntime::Graph::CleanUnusedInitializersAndNodeArgs] Removing initializer '/lr_branch/backbone/features.3/conv/conv.2/Clip_output_0_zero_point'. It is no longer used by any node.
2026-09-19 14:57:33.0907020 [I:onnxruntime:, graph.cc:4888 onnxruntime::Graph::CleanUnusedInitializersAndNodeArgs] Removing initializer 'onnx::Conv_780_quantized'. It is no longer used by any node.
2026-09-19 14:57:33.0908775 [I:onnxruntime:, graph.cc:4888 onnxruntime::Graph::CleanUnusedInitializersAndNodeArgs] Removing initializer 'onnx::Conv_680_zero_point'. It is no longer used by any node.
2026-09-19 14:57:33.0910109 [I:onnxruntime:, graph.cc:4888 onnxruntime::Graph::CleanUnusedInitializersAndNodeArgs] Removing initializer 'onnx::Conv_680_quantized'. It is no longer used by any node.
2026-09-19 14:57:33.0911446 [I:onnxruntime:, graph.cc:4888 onnxruntime::Graph::CleanUnusedInitializersAndNodeArgs] Removing initializer 'onnx::Conv_681_zero_point'. It is no longer used by any node.
2026-09-19 14:57:33.0912764 [I:onnxruntime:, graph.cc:4888 onnxruntime::Graph::CleanUnusedInitializersAndNodeArgs] Removing initializer '/lr_branch/backbone/features.3/conv/conv.5/Clip_output_0_zero_point'. It is no longer used by any node.
2026-09-19 14:57:33.0914442 [I:onnxruntime:, graph.cc:4888 onnxruntime::Graph::CleanUnusedInitializersAndNodeArgs] Removing initializer 'hr_branch.conv_hr2x.4.bias_zero_point'. It is no longer used by any node.
2026-09-19 14:57:33.0915991 [I:onnxruntime:, graph.cc:4888 onnxruntime::Graph::CleanUnusedInitializersAndNodeArgs] Removing initializer '/lr_branch/backbone/features.3/conv/conv.6/Conv_output_0_zero_point'. It is no longer used by any node.
2026-09-19 14:57:33.0918407 [I:onnxruntime:, graph.cc:4888 onnxruntime::Graph::CleanUnusedInitializersAndNodeArgs] Removing initializer 'onnx::Conv_755_quantized'. It is no longer used by any node.
2026-09-19 14:57:33.0919652 [I:onnxruntime:, graph.cc:4888 onnxruntime::Graph::CleanUnusedInitializersAndNodeArgs] Removing initializer 'hr_branch.conv_hr4x.4.bias_quantized'. It is no longer used by any node.
2026-09-19 14:57:33.0920950 [I:onnxruntime:, graph.cc:4888 onnxruntime::Graph::CleanUnusedInitializersAndNodeArgs] Removing initializer 'onnx::Conv_683_zero_point'. It is no longer used by any node.
2026-09-19 14:57:33.0922185 [I:onnxruntime:, graph.cc:4888 onnxruntime::Graph::CleanUnusedInitializersAndNodeArgs] Removing initializer 'onnx::Conv_683_quantized'. It is no longer used by any node.
2026-09-19 14:57:33.0923410 [I:onnxruntime:, graph.cc:4888 onnxruntime::Graph::CleanUnusedInitializersAndNodeArgs] Removing initializer 'onnx::Conv_719_zero_point'. It is no longer used by any node.
2026-09-19 14:57:33.0924805 [I:onnxruntime:, graph.cc:4888 onnxruntime::Graph::CleanUnusedInitializersAndNodeArgs] Removing initializer 'f_branch.conv_f2x.0.bias_quantized'. It is no longer used by any node.
2026-09-19 14:57:33.0926920 [I:onnxruntime:, graph.cc:4888 onnxruntime::Graph::CleanUnusedInitializersAndNodeArgs] Removing initializer 'onnx::Conv_684_zero_point'. It is no longer used by any node.
2026-09-19 14:57:33.0928285 [I:onnxruntime:, graph.cc:4888 onnxruntime::Graph::CleanUnusedInitializersAndNodeArgs] Removing initializer 'onnx::Conv_684_quantized'. It is no longer used by any node.
2026-09-19 14:57:33.1019376 [I:onnxruntime:, graph.cc:4888 onnxruntime::Graph::CleanUnusedInitializersAndNodeArgs] Removing initializer '/lr_branch/backbone/features.3/Add_output_0_zero_point'. It is no longer used by any node.
2026-09-19 14:57:33.1021663 [I:onnxruntime:, graph.cc:4888 onnxruntime::Graph::CleanUnusedInitializersAndNodeArgs] Removing initializer 'onnx::Conv_812_quantized'. It is no longer used by any node.
2026-09-19 14:57:33.1023208 [I:onnxruntime:, graph.cc:4888 onnxruntime::Graph::CleanUnusedInitializersAndNodeArgs] Removing initializer 'onnx::Conv_777_quantized'. It is no longer used by any node.
2026-09-19 14:57:33.1024986 [I:onnxruntime:, graph.cc:4888 onnxruntime::Graph::CleanUnusedInitializersAndNodeArgs] Removing initializer 'onnx::Conv_686_zero_point'. It is no longer used by any node.
2026-09-19 14:57:33.1026853 [I:onnxruntime:, graph.cc:4888 onnxruntime::Graph::CleanUnusedInitializersAndNodeArgs] Removing initializer '/lr_branch/backbone/features.10/conv/conv.5/Clip_output_0_zero_point'. It is no longer used by any node.
2026-09-19 14:57:33.1028922 [I:onnxruntime:, graph.cc:4888 onnxruntime::Graph::CleanUnusedInitializersAndNodeArgs] Removing initializer 'onnx::Conv_687_zero_point'. It is no longer used by any node.
2026-09-19 14:57:33.1030300 [I:onnxruntime:, graph.cc:4888 onnxruntime::Graph::CleanUnusedInitializersAndNodeArgs] Removing initializer 'onnx::Conv_687_quantized'. It is no longer used by any node.
2026-09-19 14:57:33.1032105 [I:onnxruntime:, graph.cc:4888 onnxruntime::Graph::CleanUnusedInitializersAndNodeArgs] Removing initializer '/lr_branch/se_block/pool/GlobalAveragePool_output_0_zero_point'. It is no longer used by any node.
2026-09-19 14:57:33.1033664 [I:onnxruntime:, graph.cc:4888 onnxruntime::Graph::CleanUnusedInitializersAndNodeArgs] Removing initializer 'onnx::Conv_741_quantized'. It is no longer used by any node.
2026-09-19 14:57:33.1034975 [I:onnxruntime:, graph.cc:4888 onnxruntime::Graph::CleanUnusedInitializersAndNodeArgs] Removing initializer 'onnx::Conv_803_zero_point'. It is no longer used by any node.
2026-09-19 14:57:33.1036746 [I:onnxruntime:, graph.cc:4888 onnxruntime::Graph::CleanUnusedInitializersAndNodeArgs] Removing initializer 'hr_branch.tohr_enc4x.0.weight_zero_point'. It is no longer used by any node.
2026-09-19 14:57:33.1038594 [I:onnxruntime:, graph.cc:4888 onnxruntime::Graph::CleanUnusedInitializersAndNodeArgs] Removing initializer 'onnx::Conv_803_quantized'. It is no longer used by any node.
2026-09-19 14:57:33.1039840 [I:onnxruntime:, graph.cc:4888 onnxruntime::Graph::CleanUnusedInitializersAndNodeArgs] Removing initializer 'hr_branch.tohr_enc4x.0.weight_quantized'. It is no longer used by any node.
2026-09-19 14:57:33.1041168 [I:onnxruntime:, graph.cc:4888 onnxruntime::Graph::CleanUnusedInitializersAndNodeArgs] Removing initializer 'lr_branch.conv_lr8x.0.bias_quantized'. It is no longer used by any node.
2026-09-19 14:57:33.1042941 [I:onnxruntime:, graph.cc:4888 onnxruntime::Graph::CleanUnusedInitializersAndNodeArgs] Removing initializer 'hr_branch.tohr_enc4x.0.bias_zero_point'. It is no longer used by any node.
2026-09-19 14:57:33.1044265 [I:onnxruntime:, graph.cc:4888 onnxruntime::Graph::CleanUnusedInitializersAndNodeArgs] Removing initializer 'onnx::Conv_800_zero_point'. It is no longer used by any node.
2026-09-19 14:57:33.1045689 [I:onnxruntime:, graph.cc:4888 onnxruntime::Graph::CleanUnusedInitializersAndNodeArgs] Removing initializer '/lr_branch/backbone/features.4/conv/conv.2/Clip_output_0_zero_point'. It is no longer used by any node.
2026-09-19 14:57:33.1047780 [I:onnxruntime:, graph.cc:4888 onnxruntime::Graph::CleanUnusedInitializersAndNodeArgs] Removing initializer 'onnx::Conv_741_zero_point'. It is no longer used by any node.
2026-09-19 14:57:33.1049466 [I:onnxruntime:, graph.cc:4888 onnxruntime::Graph::CleanUnusedInitializersAndNodeArgs] Removing initializer '/hr_branch/tohr_enc4x/tohr_enc4x.1/Relu_output_0_zero_point'. It is no longer used by any node.
2026-09-19 14:57:33.1050978 [I:onnxruntime:, graph.cc:4888 onnxruntime::Graph::CleanUnusedInitializersAndNodeArgs] Removing initializer '/lr_branch/backbone/features.16/conv/conv.5/Clip_output_0_zero_point'. It is no longer used by any node.
2026-09-19 14:57:33.1140252 [I:onnxruntime:, graph.cc:4888 onnxruntime::Graph::CleanUnusedInitializersAndNodeArgs] Removing initializer 'onnx::Conv_689_zero_point'. It is no longer used by any node.
2026-09-19 14:57:33.1142187 [I:onnxruntime:, graph.cc:4888 onnxruntime::Graph::CleanUnusedInitializersAndNodeArgs] Removing initializer '/lr_branch/backbone/features.9/conv/conv.6/Conv_output_0_zero_point'. It is no longer used by any node.
2026-09-19 14:57:33.1144536 [I:onnxruntime:, graph.cc:4888 onnxruntime::Graph::CleanUnusedInitializersAndNodeArgs] Removing initializer 'onnx::Conv_689_quantized'. It is no longer used by any node.
2026-09-19 14:57:33.1146040 [I:onnxruntime:, graph.cc:4888 onnxruntime::Graph::CleanUnusedInitializersAndNodeArgs] Removing initializer '/lr_branch/backbone/features.14/conv/conv.2/Clip_output_0_zero_point'. It is no longer used by any node.
2026-09-19 14:57:33.1149425 [I:onnxruntime:, graph.cc:4888 onnxruntime::Graph::CleanUnusedInitializersAndNodeArgs] Removing initializer 'onnx::Conv_690_quantized'. It is no longer used by any node.
2026-09-19 14:57:33.1150662 [I:onnxruntime:, graph.cc:4888 onnxruntime::Graph::CleanUnusedInitializersAndNodeArgs] Removing initializer '/hr_branch/Concat_1_output_0_zero_point'. It is no longer used by any node.
2026-09-19 14:57:33.1152827 [I:onnxruntime:, graph.cc:4888 onnxruntime::Graph::CleanUnusedInitializersAndNodeArgs] Removing initializer '/lr_branch/backbone/features.10/Add_output_0_zero_point'. It is no longer used by any node.
2026-09-19 14:57:33.1154276 [I:onnxruntime:, graph.cc:4888 onnxruntime::Graph::CleanUnusedInitializersAndNodeArgs] Removing initializer 'onnx::Conv_726_quantized'. It is no longer used by any node.
2026-09-19 14:57:33.1155528 [I:onnxruntime:, graph.cc:4888 onnxruntime::Graph::CleanUnusedInitializersAndNodeArgs] Removing initializer '/lr_branch/backbone/features.4/conv/conv.5/Clip_output_0_zero_point'. It is no longer used by any node.
2026-09-19 14:57:33.1158097 [I:onnxruntime:, graph.cc:4888 onnxruntime::Graph::CleanUnusedInitializersAndNodeArgs] Removing initializer 'onnx::Conv_776_quantized'. It is no longer used by any node.
2026-09-19 14:57:33.1160021 [I:onnxruntime:, graph.cc:4888 onnxruntime::Graph::CleanUnusedInitializersAndNodeArgs] Removing initializer 'hr_branch.conv_enc4x.0.weight_zero_point'. It is no longer used by any node.
2026-09-19 14:57:33.1162127 [I:onnxruntime:, graph.cc:4888 onnxruntime::Graph::CleanUnusedInitializersAndNodeArgs] Removing initializer 'hr_branch.conv_enc4x.0.weight_quantized'. It is no longer used by any node.
2026-09-19 14:57:33.1163823 [I:onnxruntime:, graph.cc:4888 onnxruntime::Graph::CleanUnusedInitializersAndNodeArgs] Removing initializer 'onnx::Conv_767_zero_point'. It is no longer used by any node.
2026-09-19 14:57:33.1165374 [I:onnxruntime:, graph.cc:4888 onnxruntime::Graph::CleanUnusedInitializersAndNodeArgs] Removing initializer 'hr_branch.conv_enc4x.0.bias_zero_point'. It is no longer used by any node.
2026-09-19 14:57:33.1166822 [I:onnxruntime:, graph.cc:4888 onnxruntime::Graph::CleanUnusedInitializersAndNodeArgs] Removing initializer 'hr_branch.conv_enc4x.0.bias_quantized'. It is no longer used by any node.
2026-09-19 14:57:33.1168446 [I:onnxruntime:, graph.cc:4888 onnxruntime::Graph::CleanUnusedInitializersAndNodeArgs] Removing initializer '/lr_branch/backbone/features.4/conv/conv.6/Conv_output_0_zero_point'. It is no longer used by any node.
2026-09-19 14:57:33.1170109 [I:onnxruntime:, graph.cc:4888 onnxruntime::Graph::CleanUnusedInitializersAndNodeArgs] Removing initializer 'onnx::Conv_692_zero_point'. It is no longer used by any node.
2026-09-19 14:57:33.1171750 [I:onnxruntime:, graph.cc:4888 onnxruntime::Graph::CleanUnusedInitializersAndNodeArgs] Removing initializer 'onnx::Conv_692_quantized'. It is no longer used by any node.
2026-09-19 14:57:33.1173458 [I:onnxruntime:, graph.cc:4888 onnxruntime::Graph::CleanUnusedInitializersAndNodeArgs] Removing initializer 'onnx::Conv_750_quantized'. It is no longer used by any node.
2026-09-19 14:57:33.1427327 [I:onnxruntime:, graph.cc:4888 onnxruntime::Graph::CleanUnusedInitializersAndNodeArgs] Removing initializer 'onnx::Conv_693_zero_point'. It is no longer used by any node.
2026-09-19 14:57:33.1430209 [I:onnxruntime:, graph.cc:4888 onnxruntime::Graph::CleanUnusedInitializersAndNodeArgs] Removing initializer 'onnx::Conv_693_quantized'. It is no longer used by any node.
2026-09-19 14:57:33.1432261 [I:onnxruntime:, graph.cc:4888 onnxruntime::Graph::CleanUnusedInitializersAndNodeArgs] Removing initializer 'lr_branch.conv_lr16x.0.weight_quantized'. It is no longer used by any node.
2026-09-19 14:57:33.1434462 [I:onnxruntime:, graph.cc:4888 onnxruntime::Graph::CleanUnusedInitializersAndNodeArgs] Removing initializer 'lr_branch.se_block.fc.0.weight_scale'. It is no longer used by any node.
2026-09-19 14:57:33.1436655 [I:onnxruntime:, graph.cc:4888 onnxruntime::Graph::CleanUnusedInitializersAndNodeArgs] Removing initializer 'onnx::Conv_695_zero_point'. It is no longer used by any node.
2026-09-19 14:57:33.1438201 [I:onnxruntime:, graph.cc:4888 onnxruntime::Graph::CleanUnusedInitializersAndNodeArgs] Removing initializer 'lr_branch.se_block.fc.0.weight_zero_point'. It is no longer used by any node.
2026-09-19 14:57:33.1439814 [I:onnxruntime:, graph.cc:4888 onnxruntime::Graph::CleanUnusedInitializersAndNodeArgs] Removing initializer 'onnx::Conv_695_quantized'. It is no longer used by any node.
2026-09-19 14:57:33.1441307 [I:onnxruntime:, graph.cc:4888 onnxruntime::Graph::CleanUnusedInitializersAndNodeArgs] Removing initializer 'lr_branch.se_block.fc.0.weight_quantized'. It is no longer used by any node.
2026-09-19 14:57:33.1443124 [I:onnxruntime:, graph.cc:4888 onnxruntime::Graph::CleanUnusedInitializersAndNodeArgs] Removing initializer 'onnx::Conv_696_zero_point'. It is no longer used by any node.
2026-09-19 14:57:33.1445112 [I:onnxruntime:, graph.cc:4888 onnxruntime::Graph::CleanUnusedInitializersAndNodeArgs] Removing initializer 'onnx::Conv_696_quantized'. It is no longer used by any node.
2026-09-19 14:57:33.1446751 [I:onnxruntime:, graph.cc:4888 onnxruntime::Graph::CleanUnusedInitializersAndNodeArgs] Removing initializer '/hr_branch/conv_hr4x/conv_hr4x.5/Relu_output_0_zero_point'. It is no longer used by any node.
2026-09-19 14:57:33.1448429 [I:onnxruntime:, graph.cc:4888 onnxruntime::Graph::CleanUnusedInitializersAndNodeArgs] Removing initializer '/lr_branch/backbone/features.5/conv/conv.2/Clip_output_0_zero_point'. It is no longer used by any node.
2026-09-19 14:57:33.1450162 [I:onnxruntime:, graph.cc:4888 onnxruntime::Graph::CleanUnusedInitializersAndNodeArgs] Removing initializer '/lr_branch/conv_lr16x/conv_lr16x.1/Relu_output_0_zero_point'. It is no longer used by any node.
2026-09-19 14:57:33.1452898 [I:onnxruntime:, graph.cc:4888 onnxruntime::Graph::CleanUnusedInitializersAndNodeArgs] Removing initializer 'onnx::Conv_698_zero_point'. It is no longer used by any node.
2026-09-19 14:57:33.1454197 [I:onnxruntime:, graph.cc:4888 onnxruntime::Graph::CleanUnusedInitializersAndNodeArgs] Removing initializer 'onnx::Conv_698_quantized'. It is no longer used by any node.
2026-09-19 14:57:33.1455536 [I:onnxruntime:, graph.cc:4888 onnxruntime::Graph::CleanUnusedInitializersAndNodeArgs] Removing initializer 'onnx::Conv_801_zero_point'. It is no longer used by any node.
2026-09-19 14:57:33.1456855 [I:onnxruntime:, graph.cc:4888 onnxruntime::Graph::CleanUnusedInitializersAndNodeArgs] Removing initializer 'onnx::Conv_699_zero_point'. It is no longer used by any node.
2026-09-19 14:57:33.1458186 [I:onnxruntime:, graph.cc:4888 onnxruntime::Graph::CleanUnusedInitializersAndNodeArgs] Removing initializer 'onnx::Conv_699_quantized'. It is no longer used by any node.
2026-09-19 14:57:33.1459607 [I:onnxruntime:, graph.cc:4888 onnxruntime::Graph::CleanUnusedInitializersAndNodeArgs] Removing initializer 'onnx::Conv_789_zero_point'. It is no longer used by any node.
2026-09-19 14:57:33.1694228 [I:onnxruntime:, graph.cc:4888 onnxruntime::Graph::CleanUnusedInitializersAndNodeArgs] Removing initializer '/lr_branch/backbone/features.5/conv/conv.5/Clip_output_0_zero_point'. It is no longer used by any node.
2026-09-19 14:57:33.1696845 [I:onnxruntime:, graph.cc:4888 onnxruntime::Graph::CleanUnusedInitializersAndNodeArgs] Removing initializer 'onnx::Conv_702_zero_point'. It is no longer used by any node.
2026-09-19 14:57:33.1699224 [I:onnxruntime:, graph.cc:4888 onnxruntime::Graph::CleanUnusedInitializersAndNodeArgs] Removing initializer '/f_branch/Concat_output_0_zero_point'. It is no longer used by any node.
2026-09-19 14:57:33.1701280 [I:onnxruntime:, graph.cc:4888 onnxruntime::Graph::CleanUnusedInitializersAndNodeArgs] Removing initializer 'onnx::Conv_701_zero_point'. It is no longer used by any node.
2026-09-19 14:57:33.1703365 [I:onnxruntime:, graph.cc:4888 onnxruntime::Graph::CleanUnusedInitializersAndNodeArgs] Removing initializer 'onnx::Conv_701_quantized'. It is no longer used by any node.
2026-09-19 14:57:33.1704940 [I:onnxruntime:, graph.cc:4888 onnxruntime::Graph::CleanUnusedInitializersAndNodeArgs] Removing initializer 'onnx::Conv_783_zero_point'. It is no longer used by any node.
2026-09-19 14:57:33.1706421 [I:onnxruntime:, graph.cc:4888 onnxruntime::Graph::CleanUnusedInitializersAndNodeArgs] Removing initializer 'onnx::Conv_702_quantized'. It is no longer used by any node.
2026-09-19 14:57:33.1707895 [I:onnxruntime:, graph.cc:4888 onnxruntime::Graph::CleanUnusedInitializersAndNodeArgs] Removing initializer '/lr_branch/se_block/Mul_output_0_zero_point'. It is no longer used by any node.
2026-09-19 14:57:33.1709913 [I:onnxruntime:, graph.cc:4888 onnxruntime::Graph::CleanUnusedInitializersAndNodeArgs] Removing initializer '/lr_branch/backbone/features.5/Add_output_0_zero_point'. It is no longer used by any node.
2026-09-19 14:57:33.1711601 [I:onnxruntime:, graph.cc:4888 onnxruntime::Graph::CleanUnusedInitializersAndNodeArgs] Removing initializer 'onnx::Conv_771_zero_point'. It is no longer used by any node.
2026-09-19 14:57:33.1713533 [I:onnxruntime:, graph.cc:4888 onnxruntime::Graph::CleanUnusedInitializersAndNodeArgs] Removing initializer 'onnx::Conv_704_quantized'. It is no longer used by any node.
2026-09-19 14:57:33.1714848 [I:onnxruntime:, graph.cc:4888 onnxruntime::Graph::CleanUnusedInitializersAndNodeArgs] Removing initializer 'onnx::Conv_705_zero_point'. It is no longer used by any node.
2026-09-19 14:57:33.1716600 [I:onnxruntime:, graph.cc:4888 onnxruntime::Graph::CleanUnusedInitializersAndNodeArgs] Removing initializer 'onnx::Conv_705_quantized'. It is no longer used by any node.
2026-09-19 14:57:33.1717897 [I:onnxruntime:, graph.cc:4888 onnxruntime::Graph::CleanUnusedInitializersAndNodeArgs] Removing initializer '/lr_branch/backbone/features.12/Add_output_0_zero_point'. It is no longer used by any node.
2026-09-19 14:57:33.1719432 [I:onnxruntime:, graph.cc:4888 onnxruntime::Graph::CleanUnusedInitializersAndNodeArgs] Removing initializer '/lr_branch/backbone/features.6/conv/conv.2/Clip_output_0_zero_point'. It is no longer used by any node.
2026-09-19 14:57:33.1721113 [I:onnxruntime:, graph.cc:4888 onnxruntime::Graph::CleanUnusedInitializersAndNodeArgs] Removing initializer 'onnx::Conv_707_zero_point'. It is no longer used by any node.
2026-09-19 14:57:33.1722957 [I:onnxruntime:, graph.cc:4888 onnxruntime::Graph::CleanUnusedInitializersAndNodeArgs] Removing initializer 'onnx::Conv_723_zero_point'. It is no longer used by any node.
2026-09-19 14:57:33.1724728 [I:onnxruntime:, graph.cc:4888 onnxruntime::Graph::CleanUnusedInitializersAndNodeArgs] Removing initializer 'onnx::Conv_707_quantized'. It is no longer used by any node.
2026-09-19 14:57:33.1726018 [I:onnxruntime:, graph.cc:4888 onnxruntime::Graph::CleanUnusedInitializersAndNodeArgs] Removing initializer 'onnx::Conv_708_zero_point'. It is no longer used by any node.
2026-09-19 14:57:33.1727690 [I:onnxruntime:, graph.cc:4888 onnxruntime::Graph::CleanUnusedInitializersAndNodeArgs] Removing initializer 'onnx::Conv_708_quantized'. It is no longer used by any node.
2026-09-19 14:57:33.1816837 [I:onnxruntime:, graph.cc:4888 onnxruntime::Graph::CleanUnusedInitializersAndNodeArgs] Removing initializer 'hr_branch.conv_hr2x.0.bias_zero_point'. It is no longer used by any node.
2026-09-19 14:57:33.1820805 [I:onnxruntime:, graph.cc:4888 onnxruntime::Graph::CleanUnusedInitializersAndNodeArgs] Removing initializer '/lr_branch/backbone/features.6/conv/conv.5/Clip_output_0_zero_point'. It is no longer used by any node.
2026-09-19 14:57:33.1825007 [I:onnxruntime:, graph.cc:4888 onnxruntime::Graph::CleanUnusedInitializersAndNodeArgs] Removing initializer 'onnx::Conv_779_quantized'. It is no longer used by any node.
2026-09-19 14:57:33.1827792 [I:onnxruntime:, graph.cc:4888 onnxruntime::Graph::CleanUnusedInitializersAndNodeArgs] Removing initializer 'onnx::Conv_788_zero_point'. It is no longer used by any node.
2026-09-19 14:57:33.1829862 [I:onnxruntime:, graph.cc:4888 onnxruntime::Graph::CleanUnusedInitializersAndNodeArgs] Removing initializer 'onnx::Conv_710_zero_point'. It is no longer used by any node.
2026-09-19 14:57:33.1832010 [I:onnxruntime:, graph.cc:4888 onnxruntime::Graph::CleanUnusedInitializersAndNodeArgs] Removing initializer 'onnx::Conv_710_quantized'. It is no longer used by any node.
2026-09-19 14:57:33.1833968 [I:onnxruntime:, graph.cc:4888 onnxruntime::Graph::CleanUnusedInitializersAndNodeArgs] Removing initializer 'onnx::Conv_711_quantized'. It is no longer used by any node.
2026-09-19 14:57:33.1837031 [I:onnxruntime:, graph.cc:4888 onnxruntime::Graph::CleanUnusedInitializersAndNodeArgs] Removing initializer '/lr_branch/backbone/features.6/Add_output_0_zero_point'. It is no longer used by any node.
2026-09-19 14:57:33.1840032 [I:onnxruntime:, graph.cc:4888 onnxruntime::Graph::CleanUnusedInitializersAndNodeArgs] Removing initializer 'onnx::Conv_713_zero_point'. It is no longer used by any node.
2026-09-19 14:57:33.1841599 [I:onnxruntime:, graph.cc:4888 onnxruntime::Graph::CleanUnusedInitializersAndNodeArgs] Removing initializer '/lr_branch/backbone/features.10/conv/conv.2/Clip_output_0_zero_point'. It is no longer used by any node.
2026-09-19 14:57:33.1843550 [I:onnxruntime:, graph.cc:4888 onnxruntime::Graph::CleanUnusedInitializersAndNodeArgs] Removing initializer 'onnx::Conv_713_quantized'. It is no longer used by any node.
2026-09-19 14:57:33.1845127 [I:onnxruntime:, graph.cc:4888 onnxruntime::Graph::CleanUnusedInitializersAndNodeArgs] Removing initializer 'lr_branch.conv_lr16x.0.bias_quantized'. It is no longer used by any node.
2026-09-19 14:57:33.1847928 [I:onnxruntime:, graph.cc:4888 onnxruntime::Graph::CleanUnusedInitializersAndNodeArgs] Removing initializer 'onnx::Conv_714_zero_point'. It is no longer used by any node.
2026-09-19 14:57:33.1851267 [I:onnxruntime:, graph.cc:4888 onnxruntime::Graph::CleanUnusedInitializersAndNodeArgs] Removing initializer '/lr_branch/backbone/features.7/conv/conv.2/Clip_output_0_zero_point'. It is no longer used by any node.
2026-09-19 14:57:33.1853098 [I:onnxruntime:, graph.cc:4888 onnxruntime::Graph::CleanUnusedInitializersAndNodeArgs] Removing initializer 'onnx::Conv_716_zero_point'. It is no longer used by any node.
2026-09-19 14:57:33.1854669 [I:onnxruntime:, graph.cc:4888 onnxruntime::Graph::CleanUnusedInitializersAndNodeArgs] Removing initializer 'onnx::Conv_716_quantized'. It is no longer used by any node.
2026-09-19 14:57:33.1856204 [I:onnxruntime:, graph.cc:4888 onnxruntime::Graph::CleanUnusedInitializersAndNodeArgs] Removing initializer '/lr_branch/backbone/features.7/conv/conv.5/Clip_output_0_zero_point'. It is no longer used by any node.
2026-09-19 14:57:33.1859077 [I:onnxruntime:, graph.cc:4888 onnxruntime::Graph::CleanUnusedInitializersAndNodeArgs] Removing initializer 'onnx::Conv_762_zero_point'. It is no longer used by any node.
2026-09-19 14:57:33.1860625 [I:onnxruntime:, graph.cc:4888 onnxruntime::Graph::CleanUnusedInitializersAndNodeArgs] Removing initializer 'onnx::Conv_786_zero_point'. It is no longer used by any node.
2026-09-19 14:57:33.2013444 [I:onnxruntime:, graph.cc:4888 onnxruntime::Graph::CleanUnusedInitializersAndNodeArgs] Removing initializer '/lr_branch/backbone/features.7/conv/conv.6/Conv_output_0_zero_point'. It is no longer used by any node.
2026-09-19 14:57:33.2015649 [I:onnxruntime:, graph.cc:4888 onnxruntime::Graph::CleanUnusedInitializersAndNodeArgs] Removing initializer 'onnx::Conv_773_quantized'. It is no longer used by any node.
2026-09-19 14:57:33.2017849 [I:onnxruntime:, graph.cc:4888 onnxruntime::Graph::CleanUnusedInitializersAndNodeArgs] Removing initializer 'onnx::Conv_719_quantized'. It is no longer used by any node.
2026-09-19 14:57:33.2019488 [I:onnxruntime:, graph.cc:4888 onnxruntime::Graph::CleanUnusedInitializersAndNodeArgs] Removing initializer 'onnx::Conv_720_zero_point'. It is no longer used by any node.
2026-09-19 14:57:33.2020907 [I:onnxruntime:, graph.cc:4888 onnxruntime::Graph::CleanUnusedInitializersAndNodeArgs] Removing initializer 'onnx::Conv_759_quantized'. It is no longer used by any node.
2026-09-19 14:57:33.2022236 [I:onnxruntime:, graph.cc:4888 onnxruntime::Graph::CleanUnusedInitializersAndNodeArgs] Removing initializer 'onnx::Conv_720_quantized'. It is no longer used by any node.
2026-09-19 14:57:33.2023590 [I:onnxruntime:, graph.cc:4888 onnxruntime::Graph::CleanUnusedInitializersAndNodeArgs] Removing initializer 'onnx::Conv_722_zero_point'. It is no longer used by any node.
2026-09-19 14:57:33.2025312 [I:onnxruntime:, graph.cc:4888 onnxruntime::Graph::CleanUnusedInitializersAndNodeArgs] Removing initializer 'onnx::Conv_722_quantized'. It is no longer used by any node.
2026-09-19 14:57:33.2027108 [I:onnxruntime:, graph.cc:4888 onnxruntime::Graph::CleanUnusedInitializersAndNodeArgs] Removing initializer 'onnx::Conv_723_quantized'. It is no longer used by any node.
2026-09-19 14:57:33.2028475 [I:onnxruntime:, graph.cc:4888 onnxruntime::Graph::CleanUnusedInitializersAndNodeArgs] Removing initializer 'hr_branch.conv_hr2x.0.weight_quantized'. It is no longer used by any node.
2026-09-19 14:57:33.2029940 [I:onnxruntime:, graph.cc:4888 onnxruntime::Graph::CleanUnusedInitializersAndNodeArgs] Removing initializer '/lr_branch/backbone/features.8/conv/conv.2/Clip_output_0_zero_point'. It is no longer used by any node.
2026-09-19 14:57:33.2031727 [I:onnxruntime:, graph.cc:4888 onnxruntime::Graph::CleanUnusedInitializersAndNodeArgs] Removing initializer 'onnx::Conv_725_zero_point'. It is no longer used by any node.
2026-09-19 14:57:33.2033262 [I:onnxruntime:, graph.cc:4888 onnxruntime::Graph::CleanUnusedInitializersAndNodeArgs] Removing initializer 'onnx::Conv_806_quantized'. It is no longer used by any node.
2026-09-19 14:57:33.2034793 [I:onnxruntime:, graph.cc:4888 onnxruntime::Graph::CleanUnusedInitializersAndNodeArgs] Removing initializer 'onnx::Conv_725_quantized'. It is no longer used by any node.
2026-09-19 14:57:33.2036113 [I:onnxruntime:, graph.cc:4888 onnxruntime::Graph::CleanUnusedInitializersAndNodeArgs] Removing initializer '/lr_branch/backbone/features.8/conv/conv.5/Clip_output_0_zero_point'. It is no longer used by any node.
2026-09-19 14:57:33.2037726 [I:onnxruntime:, graph.cc:4888 onnxruntime::Graph::CleanUnusedInitializersAndNodeArgs] Removing initializer '/lr_branch/backbone/features.8/conv/conv.6/Conv_output_0_zero_point'. It is no longer used by any node.
2026-09-19 14:57:33.2039682 [I:onnxruntime:, graph.cc:4888 onnxruntime::Graph::CleanUnusedInitializersAndNodeArgs] Removing initializer 'onnx::Conv_732_quantized'. It is no longer used by any node.
2026-09-19 14:57:33.2040986 [I:onnxruntime:, graph.cc:4888 onnxruntime::Graph::CleanUnusedInitializersAndNodeArgs] Removing initializer 'f_branch.conv_f.2.weight_quantized'. It is no longer used by any node.
2026-09-19 14:57:33.2042292 [I:onnxruntime:, graph.cc:4888 onnxruntime::Graph::CleanUnusedInitializersAndNodeArgs] Removing initializer '/lr_branch/backbone/features.11/conv/conv.5/Clip_output_0_zero_point'. It is no longer used by any node.
2026-09-19 14:57:33.2043978 [I:onnxruntime:, graph.cc:4888 onnxruntime::Graph::CleanUnusedInitializersAndNodeArgs] Removing initializer 'onnx::Conv_728_zero_point'. It is no longer used by any node.
2026-09-19 14:57:33.2124061 [I:onnxruntime:, graph.cc:4888 onnxruntime::Graph::CleanUnusedInitializersAndNodeArgs] Removing initializer 'onnx::Conv_728_quantized'. It is no longer used by any node.
2026-09-19 14:57:33.2125292 [I:onnxruntime:, graph.cc:4888 onnxruntime::Graph::CleanUnusedInitializersAndNodeArgs] Removing initializer '/lr_branch/backbone/features.8/Add_output_0_zero_point'. It is no longer used by any node.
2026-09-19 14:57:33.2126598 [I:onnxruntime:, graph.cc:4888 onnxruntime::Graph::CleanUnusedInitializersAndNodeArgs] Removing initializer 'onnx::Conv_731_zero_point'. It is no longer used by any node.
2026-09-19 14:57:33.2127683 [I:onnxruntime:, graph.cc:4888 onnxruntime::Graph::CleanUnusedInitializersAndNodeArgs] Removing initializer 'onnx::Conv_731_quantized'. It is no longer used by any node.
2026-09-19 14:57:33.2128775 [I:onnxruntime:, graph.cc:4888 onnxruntime::Graph::CleanUnusedInitializersAndNodeArgs] Removing initializer 'onnx::Conv_809_quantized'. It is no longer used by any node.
2026-09-19 14:57:33.2130021 [I:onnxruntime:, graph.cc:4888 onnxruntime::Graph::CleanUnusedInitializersAndNodeArgs] Removing initializer 'onnx::Conv_732_zero_point'. It is no longer used by any node.
2026-09-19 14:57:33.2131498 [I:onnxruntime:, graph.cc:4888 onnxruntime::Graph::CleanUnusedInitializersAndNodeArgs] Removing initializer '/lr_branch/backbone/features.9/conv/conv.2/Clip_output_0_zero_point'. It is no longer used by any node.
2026-09-19 14:57:33.2133092 [I:onnxruntime:, graph.cc:4888 onnxruntime::Graph::CleanUnusedInitializersAndNodeArgs] Removing initializer 'hr_branch.conv_hr4x.4.weight_zero_point'. It is no longer used by any node.
2026-09-19 14:57:33.2134426 [I:onnxruntime:, graph.cc:4888 onnxruntime::Graph::CleanUnusedInitializersAndNodeArgs] Removing initializer 'onnx::Conv_734_zero_point'. It is no longer used by any node.
2026-09-19 14:57:33.2135503 [I:onnxruntime:, graph.cc:4888 onnxruntime::Graph::CleanUnusedInitializersAndNodeArgs] Removing initializer 'onnx::Conv_735_zero_point'. It is no longer used by any node.
2026-09-19 14:57:33.2136588 [I:onnxruntime:, graph.cc:4888 onnxruntime::Graph::CleanUnusedInitializersAndNodeArgs] Removing initializer 'onnx::Conv_735_quantized'. It is no longer used by any node.
2026-09-19 14:57:33.2137855 [I:onnxruntime:, graph.cc:4888 onnxruntime::Graph::CleanUnusedInitializersAndNodeArgs] Removing initializer '/lr_branch/backbone/features.13/conv/conv.5/Clip_output_0_zero_point'. It is no longer used by any node.
2026-09-19 14:57:33.2139388 [I:onnxruntime:, graph.cc:4888 onnxruntime::Graph::CleanUnusedInitializersAndNodeArgs] Removing initializer '/lr_branch/backbone/features.9/conv/conv.5/Clip_output_0_zero_point'. It is no longer used by any node.
2026-09-19 14:57:33.2141362 [I:onnxruntime:, graph.cc:4888 onnxruntime::Graph::CleanUnusedInitializersAndNodeArgs] Removing initializer 'onnx::Conv_737_quantized'. It is no longer used by any node.
2026-09-19 14:57:33.2142768 [I:onnxruntime:, graph.cc:4888 onnxruntime::Graph::CleanUnusedInitializersAndNodeArgs] Removing initializer 'onnx::Conv_738_zero_point'. It is no longer used by any node.
2026-09-19 14:57:33.2144178 [I:onnxruntime:, graph.cc:4888 onnxruntime::Graph::CleanUnusedInitializersAndNodeArgs] Removing initializer 'onnx::Conv_738_quantized'. It is no longer used by any node.
2026-09-19 14:57:33.2145788 [I:onnxruntime:, graph.cc:4888 onnxruntime::Graph::CleanUnusedInitializersAndNodeArgs] Removing initializer '/lr_branch/backbone/features.9/Add_output_0_zero_point'. It is no longer used by any node.
2026-09-19 14:57:33.2147394 [I:onnxruntime:, graph.cc:4888 onnxruntime::Graph::CleanUnusedInitializersAndNodeArgs] Removing initializer 'onnx::Conv_740_zero_point'. It is no longer used by any node.
2026-09-19 14:57:33.2148942 [I:onnxruntime:, graph.cc:4888 onnxruntime::Graph::CleanUnusedInitializersAndNodeArgs] Removing initializer 'onnx::Conv_740_quantized'. It is no longer used by any node.
2026-09-19 14:57:33.2227759 [I:onnxruntime:, graph.cc:4888 onnxruntime::Graph::CleanUnusedInitializersAndNodeArgs] Removing initializer 'onnx::Conv_743_zero_point'. It is no longer used by any node.
2026-09-19 14:57:33.2229864 [I:onnxruntime:, graph.cc:4888 onnxruntime::Graph::CleanUnusedInitializersAndNodeArgs] Removing initializer 'onnx::Conv_743_quantized'. It is no longer used by any node.
2026-09-19 14:57:33.2232050 [I:onnxruntime:, graph.cc:4888 onnxruntime::Graph::CleanUnusedInitializersAndNodeArgs] Removing initializer 'onnx::Conv_744_zero_point'. It is no longer used by any node.
2026-09-19 14:57:33.2233890 [I:onnxruntime:, graph.cc:4888 onnxruntime::Graph::CleanUnusedInitializersAndNodeArgs] Removing initializer 'onnx::Conv_744_quantized'. It is no longer used by any node.
2026-09-19 14:57:33.2235435 [I:onnxruntime:, graph.cc:4888 onnxruntime::Graph::CleanUnusedInitializersAndNodeArgs] Removing initializer '/lr_branch/backbone/features.10/conv/conv.6/Conv_output_0_zero_point'. It is no longer used by any node.
2026-09-19 14:57:33.2237533 [I:onnxruntime:, graph.cc:4888 onnxruntime::Graph::CleanUnusedInitializersAndNodeArgs] Removing initializer 'onnx::Conv_746_zero_point'. It is no longer used by any node.
2026-09-19 14:57:33.2239445 [I:onnxruntime:, graph.cc:4888 onnxruntime::Graph::CleanUnusedInitializersAndNodeArgs] Removing initializer 'onnx::Conv_746_quantized'. It is no longer used by any node.
2026-09-19 14:57:33.2240822 [I:onnxruntime:, graph.cc:4888 onnxruntime::Graph::CleanUnusedInitializersAndNodeArgs] Removing initializer 'hr_branch.conv_hr4x.0.bias_quantized'. It is no longer used by any node.
2026-09-19 14:57:33.2242734 [I:onnxruntime:, graph.cc:4888 onnxruntime::Graph::CleanUnusedInitializersAndNodeArgs] Removing initializer 'onnx::Conv_747_zero_point'. It is no longer used by any node.
2026-09-19 14:57:33.2244111 [I:onnxruntime:, graph.cc:4888 onnxruntime::Graph::CleanUnusedInitializersAndNodeArgs] Removing initializer 'onnx::Conv_747_quantized'. It is no longer used by any node.
2026-09-19 14:57:33.2245850 [I:onnxruntime:, graph.cc:4888 onnxruntime::Graph::CleanUnusedInitializersAndNodeArgs] Removing initializer 'onnx::Conv_749_zero_point'. It is no longer used by any node.
2026-09-19 14:57:33.2247222 [I:onnxruntime:, graph.cc:4888 onnxruntime::Graph::CleanUnusedInitializersAndNodeArgs] Removing initializer 'onnx::Conv_749_quantized'. It is no longer used by any node.
2026-09-19 14:57:33.2249045 [I:onnxruntime:, graph.cc:4888 onnxruntime::Graph::CleanUnusedInitializersAndNodeArgs] Removing initializer 'onnx::Conv_752_zero_point'. It is no longer used by any node.
2026-09-19 14:57:33.2250315 [I:onnxruntime:, graph.cc:4888 onnxruntime::Graph::CleanUnusedInitializersAndNodeArgs] Removing initializer 'onnx::Conv_752_quantized'. It is no longer used by any node.
2026-09-19 14:57:33.2251590 [I:onnxruntime:, graph.cc:4888 onnxruntime::Graph::CleanUnusedInitializersAndNodeArgs] Removing initializer 'onnx::Conv_753_zero_point'. It is no longer used by any node.
2026-09-19 14:57:33.2253315 [I:onnxruntime:, graph.cc:4888 onnxruntime::Graph::CleanUnusedInitializersAndNodeArgs] Removing initializer '/f_branch/conv_f/conv_f.1/Relu_output_0_zero_point'. It is no longer used by any node.
2026-09-19 14:57:33.2255194 [I:onnxruntime:, graph.cc:4888 onnxruntime::Graph::CleanUnusedInitializersAndNodeArgs] Removing initializer 'onnx::Conv_753_quantized'. It is no longer used by any node.
2026-09-19 14:57:33.2256472 [I:onnxruntime:, graph.cc:4888 onnxruntime::Graph::CleanUnusedInitializersAndNodeArgs] Removing initializer '/lr_branch/backbone/features.11/conv/conv.6/Conv_output_0_zero_point'. It is no longer used by any node.
2026-09-19 14:57:33.2257975 [I:onnxruntime:, graph.cc:4888 onnxruntime::Graph::CleanUnusedInitializersAndNodeArgs] Removing initializer '/lr_branch/backbone/features.12/conv/conv.5/Clip_output_0_zero_point'. It is no longer used by any node.
2026-09-19 14:57:33.2259903 [I:onnxruntime:, graph.cc:4888 onnxruntime::Graph::CleanUnusedInitializersAndNodeArgs] Removing initializer 'onnx::Conv_755_zero_point'. It is no longer used by any node.
2026-09-19 14:57:33.2439700 [I:onnxruntime:, graph.cc:4888 onnxruntime::Graph::CleanUnusedInitializersAndNodeArgs] Removing initializer 'onnx::Conv_756_zero_point'. It is no longer used by any node.
2026-09-19 14:57:33.2440965 [I:onnxruntime:, graph.cc:4888 onnxruntime::Graph::CleanUnusedInitializersAndNodeArgs] Removing initializer '/hr_branch/Concat_3_output_0_zero_point'. It is no longer used by any node.
2026-09-19 14:57:33.2442402 [I:onnxruntime:, graph.cc:4888 onnxruntime::Graph::CleanUnusedInitializersAndNodeArgs] Removing initializer '/lr_branch/backbone/features.13/conv/conv.2/Clip_output_0_zero_point'. It is no longer used by any node.
2026-09-19 14:57:33.2444779 [I:onnxruntime:, graph.cc:4888 onnxruntime::Graph::CleanUnusedInitializersAndNodeArgs] Removing initializer 'onnx::Conv_758_zero_point'. It is no longer used by any node.
2026-09-19 14:57:33.2446360 [I:onnxruntime:, graph.cc:4888 onnxruntime::Graph::CleanUnusedInitializersAndNodeArgs] Removing initializer 'onnx::Conv_758_quantized'. It is no longer used by any node.
2026-09-19 14:57:33.2447916 [I:onnxruntime:, graph.cc:4888 onnxruntime::Graph::CleanUnusedInitializersAndNodeArgs] Removing initializer 'onnx::Conv_759_zero_point'. It is no longer used by any node.
2026-09-19 14:57:33.2449601 [I:onnxruntime:, graph.cc:4888 onnxruntime::Graph::CleanUnusedInitializersAndNodeArgs] Removing initializer 'onnx::Conv_761_zero_point'. It is no longer used by any node.
2026-09-19 14:57:33.2451353 [I:onnxruntime:, graph.cc:4888 onnxruntime::Graph::CleanUnusedInitializersAndNodeArgs] Removing initializer '/lr_branch/backbone/features.13/conv/conv.6/Conv_output_0_zero_point'. It is no longer used by any node.
2026-09-19 14:57:33.2453000 [I:onnxruntime:, graph.cc:4888 onnxruntime::Graph::CleanUnusedInitializersAndNodeArgs] Removing initializer 'onnx::Conv_761_quantized'. It is no longer used by any node.
2026-09-19 14:57:33.2454361 [I:onnxruntime:, graph.cc:4888 onnxruntime::Graph::CleanUnusedInitializersAndNodeArgs] Removing initializer 'onnx::Conv_762_quantized'. It is no longer used by any node.
2026-09-19 14:57:33.2455720 [I:onnxruntime:, graph.cc:4888 onnxruntime::Graph::CleanUnusedInitializersAndNodeArgs] Removing initializer '/lr_branch/backbone/features.12/conv/conv.6/Conv_output_0_zero_point'. It is no longer used by any node.
2026-09-19 14:57:33.2457514 [I:onnxruntime:, graph.cc:4888 onnxruntime::Graph::CleanUnusedInitializersAndNodeArgs] Removing initializer 'onnx::Conv_792_zero_point'. It is no longer used by any node.
2026-09-19 14:57:33.2459098 [I:onnxruntime:, graph.cc:4888 onnxruntime::Graph::CleanUnusedInitializersAndNodeArgs] Removing initializer 'onnx::Conv_764_zero_point'. It is no longer used by any node.
2026-09-19 14:57:33.2460742 [I:onnxruntime:, graph.cc:4888 onnxruntime::Graph::CleanUnusedInitializersAndNodeArgs] Removing initializer 'onnx::Conv_782_quantized'. It is no longer used by any node.
2026-09-19 14:57:33.2462151 [I:onnxruntime:, graph.cc:4888 onnxruntime::Graph::CleanUnusedInitializersAndNodeArgs] Removing initializer 'onnx::Conv_764_quantized'. It is no longer used by any node.
2026-09-19 14:57:33.2463989 [I:onnxruntime:, graph.cc:4888 onnxruntime::Graph::CleanUnusedInitializersAndNodeArgs] Removing initializer 'onnx::Conv_812_zero_point'. It is no longer used by any node.
2026-09-19 14:57:33.2465672 [I:onnxruntime:, graph.cc:4888 onnxruntime::Graph::CleanUnusedInitializersAndNodeArgs] Removing initializer '/lr_branch/backbone/features.15/conv/conv.5/Clip_output_0_zero_point'. It is no longer used by any node.
2026-09-19 14:57:33.2467337 [I:onnxruntime:, graph.cc:4888 onnxruntime::Graph::CleanUnusedInitializersAndNodeArgs] Removing initializer 'f_branch.conv_f.0.bias_zero_point'. It is no longer used by any node.
2026-09-19 14:57:33.2468791 [I:onnxruntime:, graph.cc:4888 onnxruntime::Graph::CleanUnusedInitializersAndNodeArgs] Removing initializer 'onnx::Conv_801_quantized'. It is no longer used by any node.
2026-09-19 14:57:33.2554629 [I:onnxruntime:, graph.cc:4888 onnxruntime::Graph::CleanUnusedInitializersAndNodeArgs] Removing initializer 'onnx::Conv_785_zero_point'. It is no longer used by any node.
2026-09-19 14:57:33.2556349 [I:onnxruntime:, graph.cc:4888 onnxruntime::Graph::CleanUnusedInitializersAndNodeArgs] Removing initializer 'onnx::Conv_765_quantized'. It is no longer used by any node.
2026-09-19 14:57:33.2558150 [I:onnxruntime:, graph.cc:4888 onnxruntime::Graph::CleanUnusedInitializersAndNodeArgs] Removing initializer 'onnx::Conv_767_quantized'. It is no longer used by any node.
2026-09-19 14:57:33.2559619 [I:onnxruntime:, graph.cc:4888 onnxruntime::Graph::CleanUnusedInitializersAndNodeArgs] Removing initializer 'onnx::Conv_768_zero_point'. It is no longer used by any node.
2026-09-19 14:57:33.2562086 [I:onnxruntime:, graph.cc:4888 onnxruntime::Graph::CleanUnusedInitializersAndNodeArgs] Removing initializer 'onnx::Conv_768_quantized'. It is no longer used by any node.
2026-09-19 14:57:33.2563551 [I:onnxruntime:, graph.cc:4888 onnxruntime::Graph::CleanUnusedInitializersAndNodeArgs] Removing initializer 'onnx::Conv_770_zero_point'. It is no longer used by any node.
2026-09-19 14:57:33.2565069 [I:onnxruntime:, graph.cc:4888 onnxruntime::Graph::CleanUnusedInitializersAndNodeArgs] Removing initializer 'onnx::Conv_771_quantized'. It is no longer used by any node.
2026-09-19 14:57:33.2567812 [I:onnxruntime:, graph.cc:4888 onnxruntime::Graph::CleanUnusedInitializersAndNodeArgs] Removing initializer 'onnx::Conv_773_zero_point'. It is no longer used by any node.
2026-09-19 14:57:33.2570698 [I:onnxruntime:, graph.cc:4888 onnxruntime::Graph::CleanUnusedInitializersAndNodeArgs] Removing initializer 'onnx::Conv_774_quantized'. It is no longer used by any node.
2026-09-19 14:57:33.2572289 [I:onnxruntime:, graph.cc:4888 onnxruntime::Graph::CleanUnusedInitializersAndNodeArgs] Removing initializer '/lr_branch/backbone/features.13/Add_output_0_zero_point'. It is no longer used by any node.
2026-09-19 14:57:33.2575325 [I:onnxruntime:, graph.cc:4888 onnxruntime::Graph::CleanUnusedInitializersAndNodeArgs] Removing initializer 'onnx::Conv_777_zero_point'. It is no longer used by any node.
2026-09-19 14:57:33.2576885 [I:onnxruntime:, graph.cc:4888 onnxruntime::Graph::CleanUnusedInitializersAndNodeArgs] Removing initializer '/hr_branch/Concat_2_output_0_zero_point'. It is no longer used by any node.
2026-09-19 14:57:33.2579497 [I:onnxruntime:, graph.cc:4888 onnxruntime::Graph::CleanUnusedInitializersAndNodeArgs] Removing initializer 'onnx::Conv_779_zero_point'. It is no longer used by any node.
2026-09-19 14:57:33.2581038 [I:onnxruntime:, graph.cc:4888 onnxruntime::Graph::CleanUnusedInitializersAndNodeArgs] Removing initializer 'onnx::Conv_813_quantized'. It is no longer used by any node.
2026-09-19 14:57:33.2583584 [I:onnxruntime:, graph.cc:4888 onnxruntime::Graph::CleanUnusedInitializersAndNodeArgs] Removing initializer 'onnx::Conv_782_zero_point'. It is no longer used by any node.
2026-09-19 14:57:33.2585133 [I:onnxruntime:, graph.cc:4888 onnxruntime::Graph::CleanUnusedInitializersAndNodeArgs] Removing initializer 'onnx::Conv_783_quantized'. It is no longer used by any node.
2026-09-19 14:57:33.2587547 [I:onnxruntime:, graph.cc:4888 onnxruntime::Graph::CleanUnusedInitializersAndNodeArgs] Removing initializer 'onnx::Conv_785_quantized'. It is no longer used by any node.
2026-09-19 14:57:33.2589159 [I:onnxruntime:, graph.cc:4888 onnxruntime::Graph::CleanUnusedInitializersAndNodeArgs] Removing initializer 'onnx::Conv_786_quantized'. It is no longer used by any node.
2026-09-19 14:57:33.2591744 [I:onnxruntime:, graph.cc:4888 onnxruntime::Graph::CleanUnusedInitializersAndNodeArgs] Removing initializer '/f_branch/Concat_1_output_0_zero_point'. It is no longer used by any node.
2026-09-19 14:57:33.2593523 [I:onnxruntime:, graph.cc:4888 onnxruntime::Graph::CleanUnusedInitializersAndNodeArgs] Removing initializer '/lr_branch/backbone/features.15/conv/conv.2/Clip_output_0_zero_point'. It is no longer used by any node.
2026-09-19 14:57:33.2701829 [I:onnxruntime:, graph.cc:4888 onnxruntime::Graph::CleanUnusedInitializersAndNodeArgs] Removing initializer 'hr_branch.conv_hr2x.0.bias_quantized'. It is no longer used by any node.
2026-09-19 14:57:33.2703186 [I:onnxruntime:, graph.cc:4888 onnxruntime::Graph::CleanUnusedInitializersAndNodeArgs] Removing initializer 'onnx::Conv_788_quantized'. It is no longer used by any node.
2026-09-19 14:57:33.2704412 [I:onnxruntime:, graph.cc:4888 onnxruntime::Graph::CleanUnusedInitializersAndNodeArgs] Removing initializer 'onnx::Conv_807_zero_point'. It is no longer used by any node.
2026-09-19 14:57:33.2705638 [I:onnxruntime:, graph.cc:4888 onnxruntime::Graph::CleanUnusedInitializersAndNodeArgs] Removing initializer 'onnx::Conv_789_quantized'. It is no longer used by any node.
2026-09-19 14:57:33.2706828 [I:onnxruntime:, graph.cc:4888 onnxruntime::Graph::CleanUnusedInitializersAndNodeArgs] Removing initializer '/lr_branch/backbone/features.15/conv/conv.6/Conv_output_0_zero_point'. It is no longer used by any node.
2026-09-19 14:57:33.2708592 [I:onnxruntime:, graph.cc:4888 onnxruntime::Graph::CleanUnusedInitializersAndNodeArgs] Removing initializer 'onnx::Conv_791_zero_point'. It is no longer used by any node.
2026-09-19 14:57:33.2709786 [I:onnxruntime:, graph.cc:4888 onnxruntime::Graph::CleanUnusedInitializersAndNodeArgs] Removing initializer 'onnx::Conv_791_quantized'. It is no longer used by any node.
2026-09-19 14:57:33.2711616 [I:onnxruntime:, graph.cc:4888 onnxruntime::Graph::CleanUnusedInitializersAndNodeArgs] Removing initializer '/lr_branch/backbone/features.15/Add_output_0_zero_point'. It is no longer used by any node.
2026-09-19 14:57:33.2712819 [I:onnxruntime:, graph.cc:4888 onnxruntime::Graph::CleanUnusedInitializersAndNodeArgs] Removing initializer 'onnx::Conv_794_zero_point'. It is no longer used by any node.
2026-09-19 14:57:33.2713898 [I:onnxruntime:, graph.cc:4888 onnxruntime::Graph::CleanUnusedInitializersAndNodeArgs] Removing initializer 'onnx::Conv_794_quantized'. It is no longer used by any node.
2026-09-19 14:57:33.2714943 [I:onnxruntime:, graph.cc:4888 onnxruntime::Graph::CleanUnusedInitializersAndNodeArgs] Removing initializer 'onnx::Conv_795_zero_point'. It is no longer used by any node.
2026-09-19 14:57:33.2716362 [I:onnxruntime:, graph.cc:4888 onnxruntime::Graph::CleanUnusedInitializersAndNodeArgs] Removing initializer 'onnx::Conv_795_quantized'. It is no longer used by any node.
2026-09-19 14:57:33.2717783 [I:onnxruntime:, graph.cc:4888 onnxruntime::Graph::CleanUnusedInitializersAndNodeArgs] Removing initializer '/lr_branch/backbone/features.16/conv/conv.2/Clip_output_0_zero_point'. It is no longer used by any node.
2026-09-19 14:57:33.2720231 [I:onnxruntime:, graph.cc:4888 onnxruntime::Graph::CleanUnusedInitializersAndNodeArgs] Removing initializer 'onnx::Conv_797_zero_point'. It is no longer used by any node.
2026-09-19 14:57:33.2721581 [I:onnxruntime:, graph.cc:4888 onnxruntime::Graph::CleanUnusedInitializersAndNodeArgs] Removing initializer '/hr_branch/conv_hr4x/conv_hr4x.1/Relu_output_0_zero_point'. It is no longer used by any node.
2026-09-19 14:57:33.2723147 [I:onnxruntime:, graph.cc:4888 onnxruntime::Graph::CleanUnusedInitializersAndNodeArgs] Removing initializer 'onnx::Conv_797_quantized'. It is no longer used by any node.
2026-09-19 14:57:33.2724508 [I:onnxruntime:, graph.cc:4888 onnxruntime::Graph::CleanUnusedInitializersAndNodeArgs] Removing initializer '/hr_branch/conv_hr4x/conv_hr4x.3/Relu_output_0_zero_point'. It is no longer used by any node.
2026-09-19 14:57:33.2726851 [I:onnxruntime:, graph.cc:4888 onnxruntime::Graph::CleanUnusedInitializersAndNodeArgs] Removing initializer '/lr_branch/backbone/features.17/conv/conv.2/Clip_output_0_zero_point'. It is no longer used by any node.
2026-09-19 14:57:33.2729287 [I:onnxruntime:, graph.cc:4888 onnxruntime::Graph::CleanUnusedInitializersAndNodeArgs] Removing initializer 'onnx::Conv_798_zero_point'. It is no longer used by any node.
2026-09-19 14:57:33.2731020 [I:onnxruntime:, graph.cc:4888 onnxruntime::Graph::CleanUnusedInitializersAndNodeArgs] Removing initializer 'onnx::Conv_798_quantized'. It is no longer used by any node.
2026-09-19 14:57:33.2870671 [I:onnxruntime:, graph.cc:4888 onnxruntime::Graph::CleanUnusedInitializersAndNodeArgs] Removing initializer '/hr_branch/conv_hr2x/conv_hr2x.5/Relu_output_0_zero_point'. It is no longer used by any node.
2026-09-19 14:57:33.2872907 [I:onnxruntime:, graph.cc:4888 onnxruntime::Graph::CleanUnusedInitializersAndNodeArgs] Removing initializer '/lr_branch/backbone/features.16/Add_output_0_zero_point'. It is no longer used by any node.
2026-09-19 14:57:33.2875162 [I:onnxruntime:, graph.cc:4888 onnxruntime::Graph::CleanUnusedInitializersAndNodeArgs] Removing initializer '/lr_branch/se_block/fc/fc.3/Sigmoid_output_0_zero_point'. It is no longer used by any node.
2026-09-19 14:57:33.2876889 [I:onnxruntime:, graph.cc:4888 onnxruntime::Graph::CleanUnusedInitializersAndNodeArgs] Removing initializer 'onnx::Conv_804_zero_point'. It is no longer used by any node.
2026-09-19 14:57:33.2878948 [I:onnxruntime:, graph.cc:4888 onnxruntime::Graph::CleanUnusedInitializersAndNodeArgs] Removing initializer 'onnx::Conv_804_quantized'. It is no longer used by any node.
2026-09-19 14:57:33.2880331 [I:onnxruntime:, graph.cc:4888 onnxruntime::Graph::CleanUnusedInitializersAndNodeArgs] Removing initializer 'onnx::Conv_806_zero_point'. It is no longer used by any node.
2026-09-19 14:57:33.2882053 [I:onnxruntime:, graph.cc:4888 onnxruntime::Graph::CleanUnusedInitializersAndNodeArgs] Removing initializer '/lr_branch/se_block/fc/fc.2/Conv_output_0_zero_point'. It is no longer used by any node.
2026-09-19 14:57:33.2883614 [I:onnxruntime:, graph.cc:4888 onnxruntime::Graph::CleanUnusedInitializersAndNodeArgs] Removing initializer 'onnx::Conv_807_quantized'. It is no longer used by any node.
2026-09-19 14:57:33.2885331 [I:onnxruntime:, graph.cc:4888 onnxruntime::Graph::CleanUnusedInitializersAndNodeArgs] Removing initializer '/lr_branch/backbone/features.17/conv/conv.5/Clip_output_0_zero_point'. It is no longer used by any node.
2026-09-19 14:57:33.2887434 [I:onnxruntime:, graph.cc:4888 onnxruntime::Graph::CleanUnusedInitializersAndNodeArgs] Removing initializer 'onnx::Conv_809_zero_point'. It is no longer used by any node.
2026-09-19 14:57:33.2888731 [I:onnxruntime:, graph.cc:4888 onnxruntime::Graph::CleanUnusedInitializersAndNodeArgs] Removing initializer 'onnx::Conv_810_zero_point'. It is no longer used by any node.
2026-09-19 14:57:33.2890027 [I:onnxruntime:, graph.cc:4888 onnxruntime::Graph::CleanUnusedInitializersAndNodeArgs] Removing initializer 'onnx::Conv_810_quantized'. It is no longer used by any node.
2026-09-19 14:57:33.2891724 [I:onnxruntime:, graph.cc:4888 onnxruntime::Graph::CleanUnusedInitializersAndNodeArgs] Removing initializer 'onnx::Conv_813_zero_point'. It is no longer used by any node.
2026-09-19 14:57:33.2893115 [I:onnxruntime:, graph.cc:4888 onnxruntime::Graph::CleanUnusedInitializersAndNodeArgs] Removing initializer 'hr_branch.conv_hr2x.4.weight_quantized'. It is no longer used by any node.
2026-09-19 14:57:33.2894739 [I:onnxruntime:, graph.cc:4888 onnxruntime::Graph::CleanUnusedInitializersAndNodeArgs] Removing initializer '/lr_branch/backbone/features.18/features.18.2/Clip_output_0_zero_point'. It is no longer used by any node.
2026-09-19 14:57:33.2898312 [I:onnxruntime:, graph.cc:4888 onnxruntime::Graph::CleanUnusedInitializersAndNodeArgs] Removing initializer '/lr_branch/se_block/fc/fc.1/Relu_output_0_zero_point'. It is no longer used by any node.
2026-09-19 14:57:33.2899760 [I:onnxruntime:, graph.cc:4888 onnxruntime::Graph::CleanUnusedInitializersAndNodeArgs] Removing initializer 'lr_branch.se_block.fc.2.weight_zero_point'. It is no longer used by any node.
2026-09-19 14:57:33.2901179 [I:onnxruntime:, graph.cc:4888 onnxruntime::Graph::CleanUnusedInitializersAndNodeArgs] Removing initializer 'lr_branch.conv_lr16x.0.weight_zero_point'. It is no longer used by any node.
2026-09-19 14:57:33.2902580 [I:onnxruntime:, graph.cc:4888 onnxruntime::Graph::CleanUnusedInitializersAndNodeArgs] Removing initializer 'lr_branch.conv_lr16x.0.bias_zero_point'. It is no longer used by any node.
2026-09-19 14:57:33.3028927 [I:onnxruntime:, graph.cc:4888 onnxruntime::Graph::CleanUnusedInitializersAndNodeArgs] Removing initializer 'lr_branch.conv_lr8x.0.weight_quantized'. It is no longer used by any node.
2026-09-19 14:57:33.3030182 [I:onnxruntime:, graph.cc:4888 onnxruntime::Graph::CleanUnusedInitializersAndNodeArgs] Removing initializer '/lr_branch/conv_lr8x/conv_lr8x.1/Relu_output_0_zero_point'. It is no longer used by any node.
2026-09-19 14:57:33.3031679 [I:onnxruntime:, graph.cc:4888 onnxruntime::Graph::CleanUnusedInitializersAndNodeArgs] Removing initializer 'f_branch.conv_lr4x.0.weight_zero_point'. It is no longer used by any node.
2026-09-19 14:57:33.3032833 [I:onnxruntime:, graph.cc:4888 onnxruntime::Graph::CleanUnusedInitializersAndNodeArgs] Removing initializer 'f_branch.conv_lr4x.0.weight_quantized'. It is no longer used by any node.
2026-09-19 14:57:33.3034646 [I:onnxruntime:, graph.cc:4888 onnxruntime::Graph::CleanUnusedInitializersAndNodeArgs] Removing initializer 'f_branch.conv_lr4x.0.bias_zero_point'. It is no longer used by any node.
2026-09-19 14:57:33.3035707 [I:onnxruntime:, graph.cc:4888 onnxruntime::Graph::CleanUnusedInitializersAndNodeArgs] Removing initializer 'f_branch.conv_lr4x.0.bias_quantized'. It is no longer used by any node.
2026-09-19 14:57:33.3036748 [I:onnxruntime:, graph.cc:4888 onnxruntime::Graph::CleanUnusedInitializersAndNodeArgs] Removing initializer 'hr_branch.conv_hr4x.0.weight_zero_point'. It is no longer used by any node.
2026-09-19 14:57:33.3037831 [I:onnxruntime:, graph.cc:4888 onnxruntime::Graph::CleanUnusedInitializersAndNodeArgs] Removing initializer 'hr_branch.conv_hr4x.0.weight_quantized'. It is no longer used by any node.
2026-09-19 14:57:33.3038896 [I:onnxruntime:, graph.cc:4888 onnxruntime::Graph::CleanUnusedInitializersAndNodeArgs] Removing initializer 'hr_branch.conv_hr4x.0.bias_zero_point'. It is no longer used by any node.
2026-09-19 14:57:33.3040360 [I:onnxruntime:, graph.cc:4888 onnxruntime::Graph::CleanUnusedInitializersAndNodeArgs] Removing initializer '/f_branch/conv_lr4x/conv_lr4x.1/Relu_output_0_zero_point'. It is no longer used by any node.
2026-09-19 14:57:33.3041513 [I:onnxruntime:, graph.cc:4888 onnxruntime::Graph::CleanUnusedInitializersAndNodeArgs] Removing initializer 'hr_branch.conv_hr4x.2.weight_zero_point'. It is no longer used by any node.
2026-09-19 14:57:33.3042945 [I:onnxruntime:, graph.cc:4888 onnxruntime::Graph::CleanUnusedInitializersAndNodeArgs] Removing initializer 'hr_branch.conv_hr4x.2.weight_quantized'. It is no longer used by any node.
2026-09-19 14:57:33.3044207 [I:onnxruntime:, graph.cc:4888 onnxruntime::Graph::CleanUnusedInitializersAndNodeArgs] Removing initializer 'hr_branch.conv_hr4x.2.bias_zero_point'. It is no longer used by any node.
2026-09-19 14:57:33.3045793 [I:onnxruntime:, graph.cc:4888 onnxruntime::Graph::CleanUnusedInitializersAndNodeArgs] Removing initializer 'hr_branch.conv_hr4x.2.bias_quantized'. It is no longer used by any node.
2026-09-19 14:57:33.3047260 [I:onnxruntime:, graph.cc:4888 onnxruntime::Graph::CleanUnusedInitializersAndNodeArgs] Removing initializer 'hr_branch.conv_hr4x.4.bias_zero_point'. It is no longer used by any node.
2026-09-19 14:57:33.3049092 [I:onnxruntime:, graph.cc:4888 onnxruntime::Graph::CleanUnusedInitializersAndNodeArgs] Removing initializer 'hr_branch.conv_hr2x.0.weight_zero_point'. It is no longer used by any node.
2026-09-19 14:57:33.3050601 [I:onnxruntime:, graph.cc:4888 onnxruntime::Graph::CleanUnusedInitializersAndNodeArgs] Removing initializer 'hr_branch.conv_hr2x.2.weight_zero_point'. It is no longer used by any node.
2026-09-19 14:57:33.3052397 [I:onnxruntime:, graph.cc:4888 onnxruntime::Graph::CleanUnusedInitializersAndNodeArgs] Removing initializer 'hr_branch.conv_hr2x.2.weight_quantized'. It is no longer used by any node.
2026-09-19 14:57:33.3053818 [I:onnxruntime:, graph.cc:4888 onnxruntime::Graph::CleanUnusedInitializersAndNodeArgs] Removing initializer 'hr_branch.conv_hr2x.2.bias_zero_point'. It is no longer used by any node.
2026-09-19 14:57:33.3273229 [I:onnxruntime:, graph.cc:4888 onnxruntime::Graph::CleanUnusedInitializersAndNodeArgs] Removing initializer '/hr_branch/conv_hr2x/conv_hr2x.3/Relu_output_0_zero_point'. It is no longer used by any node.
2026-09-19 14:57:33.3275683 [I:onnxruntime:, graph.cc:4888 onnxruntime::Graph::CleanUnusedInitializersAndNodeArgs] Removing initializer 'hr_branch.conv_hr2x.4.weight_zero_point'. It is no longer used by any node.
2026-09-19 14:57:33.3277695 [I:onnxruntime:, graph.cc:4888 onnxruntime::Graph::CleanUnusedInitializersAndNodeArgs] Removing initializer 'hr_branch.conv_hr2x.4.bias_quantized'. It is no longer used by any node.
2026-09-19 14:57:33.3279474 [I:onnxruntime:, graph.cc:4888 onnxruntime::Graph::CleanUnusedInitializersAndNodeArgs] Removing initializer 'hr_branch.conv_hr2x.6.weight_zero_point'. It is no longer used by any node.
2026-09-19 14:57:33.3281242 [I:onnxruntime:, graph.cc:4888 onnxruntime::Graph::CleanUnusedInitializersAndNodeArgs] Removing initializer 'f_branch.conv_f.2.weight_zero_point'. It is no longer used by any node.
2026-09-19 14:57:33.3282972 [I:onnxruntime:, graph.cc:4888 onnxruntime::Graph::CleanUnusedInitializersAndNodeArgs] Removing initializer 'hr_branch.conv_hr2x.6.weight_quantized'. It is no longer used by any node.
2026-09-19 14:57:33.3285300 [I:onnxruntime:, graph.cc:4888 onnxruntime::Graph::CleanUnusedInitializersAndNodeArgs] Removing initializer 'hr_branch.conv_hr2x.6.bias_zero_point'. It is no longer used by any node.
2026-09-19 14:57:33.3289063 [I:onnxruntime:, graph.cc:4888 onnxruntime::Graph::CleanUnusedInitializersAndNodeArgs] Removing initializer 'hr_branch.conv_hr2x.6.bias_quantized'. It is no longer used by any node.
2026-09-19 14:57:33.3291495 [I:onnxruntime:, graph.cc:4888 onnxruntime::Graph::CleanUnusedInitializersAndNodeArgs] Removing initializer 'f_branch.conv_f2x.0.bias_zero_point'. It is no longer used by any node.
2026-09-19 14:57:33.3293251 [I:onnxruntime:, graph.cc:4888 onnxruntime::Graph::CleanUnusedInitializersAndNodeArgs] Removing initializer '/f_branch/conv_f2x/conv_f2x.1/Relu_output_0_zero_point'. It is no longer used by any node.
2026-09-19 14:57:33.3294962 [I:onnxruntime:, graph.cc:4888 onnxruntime::Graph::CleanUnusedInitializersAndNodeArgs] Removing initializer 'f_branch.conv_f.2.bias_zero_point'. It is no longer used by any node.
2026-09-19 14:57:33.3298347 [I:onnxruntime:, graph.cc:4888 onnxruntime::Graph::CleanUnusedInitializersAndNodeArgs] Removing initializer 'f_branch.conv_f.0.weight_zero_point'. It is no longer used by any node.
2026-09-19 14:57:33.3300323 [I:onnxruntime:, graph.cc:4888 onnxruntime::Graph::CleanUnusedInitializersAndNodeArgs] Removing initializer 'f_branch.conv_f.0.weight_quantized'. It is no longer used by any node.
2026-09-19 14:57:33.3302031 [I:onnxruntime:, graph.cc:4888 onnxruntime::Graph::CleanUnusedInitializersAndNodeArgs] Removing initializer 'f_branch.conv_f.0.bias_quantized'. It is no longer used by any node.
2026-09-19 14:57:33.3303930 [I:onnxruntime:, graph.cc:4888 onnxruntime::Graph::CleanUnusedInitializersAndNodeArgs] Removing initializer 'f_branch.conv_f.2.bias_quantized'. It is no longer used by any node.
2026-09-19 14:57:33.3306070 [I:onnxruntime:, graph.cc:4888 onnxruntime::Graph::CleanUnusedInitializersAndNodeArgs] Removing initializer '/lr_branch/se_block/fc/fc.3/Sigmoid_output_0_Scale'. It is no longer used by any node.
2026-09-19 14:57:33.3344495 [I:onnxruntime:, inference_session.cc:1465 onnxruntime::InferenceSession::TransformGraph] Running graph optimizations in loop 1 time/s (Graph Optimizations Loop Level : 1)
2026-09-19 14:57:33.3347109 [I:onnxruntime:, graph_transformer.cc:15 onnxruntime::GraphTransformer::Apply] GraphTransformer Level2_RuleBasedTransformer modified: 0 with status: OK
2026-09-19 14:57:33.3348738 [I:onnxruntime:, graph_transformer.cc:15 onnxruntime::GraphTransformer::Apply] GraphTransformer TransposeOptimizer_CPUExecutionProvider modified: 0 with status: OK
2026-09-19 14:57:33.3350635 [I:onnxruntime:, graph_transformer.cc:15 onnxruntime::GraphTransformer::Apply] GraphTransformer QDQS8ToU8Transformer modified: 0 with status: OK
2026-09-19 14:57:33.3351930 [I:onnxruntime:, graph_transformer.cc:15 onnxruntime::GraphTransformer::Apply] GraphTransformer QDQSelectorActionTransformer modified: 0 with status: OK
2026-09-19 14:57:33.3352966 [I:onnxruntime:, graph_transformer.cc:15 onnxruntime::GraphTransformer::Apply] GraphTransformer GemmActivationFusion modified: 0 with status: OK
2026-09-19 14:57:33.3353965 [I:onnxruntime:, graph_transformer.cc:15 onnxruntime::GraphTransformer::Apply] GraphTransformer MatMulIntegerToFloatFusion modified: 0 with status: OK
2026-09-19 14:57:33.3355013 [I:onnxruntime:, graph_transformer.cc:15 onnxruntime::GraphTransformer::Apply] GraphTransformer DynamicQuantizeMatMulFusion modified: 0 with status: OK
2026-09-19 14:57:33.3357393 [I:onnxruntime:, graph_transformer.cc:15 onnxruntime::GraphTransformer::Apply] GraphTransformer ConvActivationFusion modified: 0 with status: OK
2026-09-19 14:57:33.3358410 [I:onnxruntime:, graph_transformer.cc:15 onnxruntime::GraphTransformer::Apply] GraphTransformer GeluFusionL2 modified: 0 with status: OK
2026-09-19 14:57:33.3359337 [I:onnxruntime:, graph_transformer.cc:15 onnxruntime::GraphTransformer::Apply] GraphTransformer LayerNormFusionL2 modified: 0 with status: OK
2026-09-19 14:57:33.3360311 [I:onnxruntime:, graph_transformer.cc:15 onnxruntime::GraphTransformer::Apply] GraphTransformer SimplifiedLayerNormFusion modified: 0 with status: OK
2026-09-19 14:57:33.3361324 [I:onnxruntime:, graph_transformer.cc:15 onnxruntime::GraphTransformer::Apply] GraphTransformer AttentionFusion modified: 0 with status: OK
2026-09-19 14:57:33.3362264 [I:onnxruntime:, graph_transformer.cc:15 onnxruntime::GraphTransformer::Apply] GraphTransformer EmbedLayerNormFusion modified: 0 with status: OK
2026-09-19 14:57:33.3364129 [I:onnxruntime:, graph_transformer.cc:15 onnxruntime::GraphTransformer::Apply] GraphTransformer GatherSliceToSplitFusion modified: 0 with status: OK
2026-09-19 14:57:33.3365779 [I:onnxruntime:, graph_transformer.cc:15 onnxruntime::GraphTransformer::Apply] GraphTransformer GatherToSliceFusion modified: 0 with status: OK
2026-09-19 14:57:33.3367668 [I:onnxruntime:, graph_transformer.cc:15 onnxruntime::GraphTransformer::Apply] GraphTransformer MatmulTransposeFusion modified: 0 with status: OK
2026-09-19 14:57:33.3369050 [I:onnxruntime:, graph_transformer.cc:15 onnxruntime::GraphTransformer::Apply] GraphTransformer BiasGeluFusion modified: 0 with status: OK
2026-09-19 14:57:33.3370978 [I:onnxruntime:, graph_transformer.cc:15 onnxruntime::GraphTransformer::Apply] GraphTransformer GroupQueryAttentionFusion modified: 0 with status: OK
2026-09-19 14:57:33.3372354 [I:onnxruntime:, graph_transformer.cc:15 onnxruntime::GraphTransformer::Apply] GraphTransformer MatMulAddFusion modified: 0 with status: OK
2026-09-19 14:57:33.3373631 [I:onnxruntime:, graph_transformer.cc:15 onnxruntime::GraphTransformer::Apply] GraphTransformer SkipLayerNormFusion modified: 0 with status: OK
2026-09-19 14:57:33.3374975 [I:onnxruntime:, graph_transformer.cc:15 onnxruntime::GraphTransformer::Apply] GraphTransformer FastGeluFusion modified: 0 with status: OK
2026-09-19 14:57:33.3376496 [I:onnxruntime:, graph_transformer.cc:15 onnxruntime::GraphTransformer::Apply] GraphTransformer QuickGeluFusion modified: 0 with status: OK
2026-09-19 14:57:33.3377779 [I:onnxruntime:, graph_transformer.cc:15 onnxruntime::GraphTransformer::Apply] GraphTransformer BiasSoftmaxFusion modified: 0 with status: OK
2026-09-19 14:57:33.3526466 [I:onnxruntime:, graph_transformer.cc:15 onnxruntime::GraphTransformer::Apply] GraphTransformer BiasDropoutFusion modified: 0 with status: OK
2026-09-19 14:57:33.3528061 [I:onnxruntime:, graph_transformer.cc:15 onnxruntime::GraphTransformer::Apply] GraphTransformer MatMulScaleFusion modified: 0 with status: OK
2026-09-19 14:57:33.3529431 [I:onnxruntime:, graph_transformer.cc:15 onnxruntime::GraphTransformer::Apply] GraphTransformer MatMulActivationFusion modified: 0 with status: OK
2026-09-19 14:57:33.3530775 [I:onnxruntime:, graph_transformer.cc:15 onnxruntime::GraphTransformer::Apply] GraphTransformer MatMulNBitsFusion modified: 0 with status: OK
2026-09-19 14:57:33.3532037 [I:onnxruntime:, graph_transformer.cc:15 onnxruntime::GraphTransformer::Apply] GraphTransformer QDQFinalCleanupTransformer modified: 0 with status: OK
2026-09-19 14:57:33.3533418 [I:onnxruntime:, graph_transformer.cc:15 onnxruntime::GraphTransformer::Apply] GraphTransformer NchwcTransformer modified: 0 with status: OK
2026-09-19 14:57:33.3534738 [I:onnxruntime:, graph_transformer.cc:15 onnxruntime::GraphTransformer::Apply] GraphTransformer NhwcTransformer modified: 0 with status: OK
2026-09-19 14:57:33.3536248 [I:onnxruntime:, graph_transformer.cc:15 onnxruntime::GraphTransformer::Apply] GraphTransformer ConvAddActivationFusion modified: 0 with status: OK
2026-09-19 14:57:33.3537743 [I:onnxruntime:, graph_transformer.cc:15 onnxruntime::GraphTransformer::Apply] GraphTransformer RemoveDuplicateCastTransformer modified: 0 with status: OK
2026-09-19 14:57:33.3539066 [I:onnxruntime:, graph_transformer.cc:15 onnxruntime::GraphTransformer::Apply] GraphTransformer CastFloat16Transformer modified: 0 with status: OK
2026-09-19 14:57:33.3540385 [I:onnxruntime:, graph_transformer.cc:15 onnxruntime::GraphTransformer::Apply] GraphTransformer FuseFp16InitializerToFp32NodeTransformer modified: 0 with status: OK
2026-09-19 14:57:33.3541796 [I:onnxruntime:, graph_transformer.cc:15 onnxruntime::GraphTransformer::Apply] GraphTransformer MemcpyTransformer modified: 0 with status: OK
[0;93m2026-09-19 14:57:33.3543693 [W:onnxruntime:, session_state.cc:1316 onnxruntime::VerifyEachNodeIsAssignedToAnEp] Some nodes were not assigned to the preferred execution providers which may or may not have an negative impact on performance. e.g. ORT explicitly assigns shape related ops to CPU to improve perf.[m
[0;93m2026-09-19 14:57:33.3545902 [W:onnxruntime:, session_state.cc:1318 onnxruntime::VerifyEachNodeIsAssignedToAnEp] Rerunning with verbose output on a non-minimal build will show node assignments.[m
2026-09-19 14:57:33.3548015 [I:onnxruntime:, allocation_planner.cc:2659 onnxruntime::IGraphPartitioner::CreateGraphPartitioner] Use DeviceBasedPartition as default
2026-09-19 14:57:33.3549823 [I:onnxruntime:, session_state_utils.cc:243 onnxruntime::session_state_utils::SaveInitializedTensors] Saving initialized tensors.
2026-09-19 14:57:33.3551493 [I:onnxruntime:, session_state_utils.cc:438 onnxruntime::session_state_utils::SaveInitializedTensors] Done saving initialized tensors
2026-09-19 14:57:33.5969677 [I:onnxruntime:, inference_session.cc:2532 onnxruntime::InferenceSession::Initialize] Session successfully initialized.
AMD_REPORT {"path": "modnetcutcachekey/vitisai_ep_report.json", "sha256": "65a3443ec337f43c485546652841d0a6b2b1b413bed20dc4a07243119a976031", "report": {"deviceStat": [{"name": "all", "nodeNum": 507, "supportedOpType": ["::Add", "::Clip", "::Concat", "::Conv", "::DequantizeLinear", "::GlobalAveragePool", "::HardSigmoid", "::Mul", "::QuantizeLinear", "::Relu", "::Resize"]}, {"name": "CPU", "nodeNum": 1, "supportedOpType": ["::Resize"]}, {"name": "NPU", "nodeNum": 502, "supportedOpType": ["::Add", "::Clip", "::Concat", "::Conv", "::DequantizeLinear", "::GlobalAveragePool", "::HardSigmoid", "::Mul", "::QuantizeLinear", "::Relu", "::Resize"]}, {"name": "VITIS_EP_CPU", "nodeNum": 4, "supportedOpType": ["::DequantizeLinear", "::QuantizeLinear"]}], "nodeStat": [{"output": ["input_QuantizeLinear_Output"], "input": ["input", "input_scale", "input_zero_point"], "opType": "QuantizeLinear", "comment": "@30 [input_QuantizeLinear_Output:(ty=2,shape=[1,3,512,512])] QuantizeLinear [input:(ty=1,shape=[1,3,512,512]),input_scale:(ty=1,shape=[]),input_zero_point:(ty=2,shape=[])]", "device": "CPU"}, {"output": ["input_DequantizeLinear_Output/duplicated_token_2"], "input": ["input_QuantizeLinear_Output", "input_scale", "input_zero_point"], "opType": "DequantizeLinear", "comment": "@492 [input_DequantizeLinear_Output/duplicated_token_2:(ty=1,shape=[1,3,512,512])] DequantizeLinear [input_QuantizeLinear_Output:(ty=2,shape=[1,3,512,512]),input_scale:(ty=1,shape=[]),input_zero_point:(ty=2,shape=[])]", "device": "NPU"}, {"output": ["input_DequantizeLinear_Output/duplicated_token_0"], "input": ["input_QuantizeLinear_Output", "input_scale", "input_zero_point"], "opType": "DequantizeLinear", "comment": "@491 [input_DequantizeLinear_Output/duplicated_token_0:(ty=1,shape=[1,3,512,512])] DequantizeLinear [input_QuantizeLinear_Output:(ty=2,shape=[1,3,512,512]),input_scale:(ty=1,shape=[]),input_zero_point:(ty=2,shape=[])]", "device": "NPU"}, {"output": ["onnx::Conv_660_DequantizeLinear_Output"], "input": ["onnx::Conv_660_quantized", "onnx::Conv_674_scale", "onnx::Conv_660_zero_point"], "opType": "DequantizeLinear", "comment": "@38 [onnx::Conv_660_DequantizeLinear_Output:(ty=1,shape=[32])] DequantizeLinear [onnx::Conv_660_quantized:(ty=3,shape=[32]),onnx::Conv_674_scale:(ty=1,shape=[]),onnx::Conv_660_zero_point:(ty=3,shape=[])]", "device": "NPU"}, {"output": ["onnx::Conv_659_DequantizeLinear_Output"], "input": ["onnx::Conv_659_quantized", "onnx::Conv_683_scale", "onnx::Conv_659_zero_point"], "opType": "DequantizeLinear", "comment": "@37 [onnx::Conv_659_DequantizeLinear_Output:(ty=1,shape=[32,3,3,3])] DequantizeLinear [onnx::Conv_659_quantized:(ty=3,shape=[32,3,3,3]),onnx::Conv_683_scale:(ty=1,shape=[]),onnx::Conv_659_zero_point:(ty=3,shape=[])]", "device": "NPU"}, {"output": ["/lr_branch/backbone/features.0/features.0.0/Conv_output_0"], "input": ["input_DequantizeLinear_Output/duplicated_token_0", "onnx::Conv_659_DequantizeLinear_Output", "onnx::Conv_660_DequantizeLinear_Output"], "opType": "Conv", "comment": "@144 [/lr_branch/backbone/features.0/features.0.0/Conv_output_0:(ty=1,shape=[1,32,256,256])] Conv [input_DequantizeLinear_Output/duplicated_token_0:(ty=1,shape=[1,3,512,512]),onnx::Conv_659_DequantizeLinear_Output:(ty=1,shape=[32,3,3,3]),onnx::Conv_660_DequantizeLinear_Output:(ty=1,shape=[32])]", "device": "NPU"}, {"output": ["/lr_branch/backbone/features.0/features.0.2/Clip_output_0"], "input": ["/lr_branch/backbone/features.0/features.0.0/Conv_output_0", "/lr_branch/backbone/features.0/features.0.2/Constant_output_0", "/lr_branch/backbone/features.0/features.0.2/Constant_1_output_0"], "opType": "Clip", "comment": "@147 [/lr_branch/backbone/features.0/features.0.2/Clip_output_0:(ty=1,shape=[1,32,256,256])] Clip [/lr_branch/backbone/features.0/features.0.0/Conv_output_0:(ty=1,shape=[1,32,256,256]),/lr_branch/backbone/features.0/features.0.2/Constant_output_0:(ty=1,shape=[]),/lr_branch/backbone/features.0/features.0.2/Constant_1_output_0:(ty=1,shape=[])]", "device": "NPU"}, {"output": ["/lr_branch/backbone/features.0/features.0.2/Clip_output_0_QuantizeLinear_Output"], "input": ["/lr_branch/backbone/features.0/features.0.2/Clip_output_0", "onnx::Conv_672_scale", "/lr_branch/backbone/features.0/features.0.2/Clip_output_0_zero_point"], "opType": "QuantizeLinear", "comment": "@150 [/lr_branch/backbone/features.0/features.0.2/Clip_output_0_QuantizeLinear_Output:(ty=2,shape=[1,32,256,256])] QuantizeLinear [/lr_branch/backbone/features.0/features.0.2/Clip_output_0:(ty=1,shape=[1,32,256,256]),onnx::Conv_672_scale:(ty=1,shape=[]),/lr_branch/backbone/features.0/features.0.2/Clip_output_0_zero_point:(ty=2,shape=[])]", "device": "NPU"}, {"output": ["/lr_branch/backbone/features.0/features.0.2/Clip_output_0_DequantizeLinear_Output"], "input": ["/lr_branch/backbone/features.0/features.0.2/Clip_output_0_QuantizeLinear_Output", "onnx::Conv_672_scale", "/lr_branch/backbone/features.0/features.0.2/Clip_output_0_zero_point"], "opType": "DequantizeLinear", "comment": "@151 [/lr_branch/backbone/features.0/features.0.2/Clip_output_0_DequantizeLinear_Output:(ty=1,shape=[1,32,256,256])] DequantizeLinear [/lr_branch/backbone/features.0/features.0.2/Clip_output_0_QuantizeLinear_Output:(ty=2,shape=[1,32,256,256]),onnx::Conv_672_scale:(ty=1,shape=[]),/lr_branch/backbone/features.0/features.0.2/Clip_output_0_zero_point:(ty=2,shape=[])]", "device": "NPU"}, {"output": ["onnx::Conv_663_DequantizeLinear_Output"], "input": ["onnx::Conv_663_quantized", "onnx::Conv_672_scale", "onnx::Conv_663_zero_point"], "opType": "DequantizeLinear", "comment": "@40 [onnx::Conv_663_DequantizeLinear_Output:(ty=1,shape=[32])] DequantizeLinear [onnx::Conv_663_quantized:(ty=3,shape=[32]),onnx::Conv_672_scale:(ty=1,shape=[]),onnx::Conv_663_zero_point:(ty=3,shape=[])]", "device": "NPU"}, {"output": ["onnx::Conv_662_DequantizeLinear_Output"], "input": ["onnx::Conv_662_quantized", "onnx::Conv_662_scale", "onnx::Conv_662_zero_point"], "opType": "DequantizeLinear", "comment": "@39 [onnx::Conv_662_DequantizeLinear_Output:(ty=1,shape=[32,1,3,3])] DequantizeLinear [onnx::Conv_662_quantized:(ty=3,shape=[32,1,3,3]),onnx::Conv_662_scale:(ty=1,shape=[]),onnx::Conv_662_zero_point:(ty=3,shape=[])]", "device": "NPU"}, {"output": ["/lr_branch/backbone/features.1/conv/conv.0/Conv_output_0"], "input": ["/lr_branch/backbone/features.0/features.0.2/Clip_output_0_DequantizeLinear_Output", "onnx::Conv_662_DequantizeLinear_Output", "onnx::Conv_663_DequantizeLinear_Output"], "opType": "Conv", "comment": "@152 [/lr_branch/backbone/features.1/conv/conv.0/Conv_output_0:(ty=1,shape=[1,32,256,256])] Conv [/lr_branch/backbone/features.0/features.0.2/Clip_output_0_DequantizeLinear_Output:(ty=1,shape=[1,32,256,256]),onnx::Conv_662_DequantizeLinear_Output:(ty=1,shape=[32,1,3,3]),onnx::Conv_663_DequantizeLinear_Output:(ty=1,shape=[32])]", "device": "NPU"}, {"output": ["/lr_branch/backbone/features.1/conv/conv.2/Clip_output_0"], "input": ["/lr_branch/backbone/features.1/conv/conv.0/Conv_output_0", "/lr_branch/backbone/features.0/features.0.2/Constant_output_0", "/lr_branch/backbone/features.0/features.0.2/Constant_1_output_0"], "opType": "Clip", "comment": "@153 [/lr_branch/backbone/features.1/conv/conv.2/Clip_output_0:(ty=1,shape=[1,32,256,256])] Clip [/lr_branch/backbone/features.1/conv/conv.0/Conv_output_0:(ty=1,shape=[1,32,256,256]),/lr_branch/backbone/features.0/features.0.2/Constant_output_0:(ty=1,shape=[]),/lr_branch/backbone/features.0/features.0.2/Constant_1_output_0:(ty=1,shape=[])]", "device": "NPU"}, {"output": ["/lr_branch/backbone/features.1/conv/conv.2/Clip_output_0_QuantizeLinear_Output"], "input": ["/lr_branch/backbone/features.1/conv/conv.2/Clip_output_0", "/lr_branch/backbone/features.2/conv/conv.5/Clip_output_0_scale", "/lr_branch/backbone/features.1/conv/conv.2/Clip_output_0_zero_point"], "opType": "QuantizeLinear", "comment": "@154 [/lr_branch/backbone/features.1/conv/conv.2/Clip_output_0_QuantizeLinear_Output:(ty=2,shape=[1,32,256,256])] QuantizeLinear [/lr_branch/backbone/features.1/conv/conv.2/Clip_output_0:(ty=1,shape=[1,32,256,256]),/lr_branch/backbone/features.2/conv/conv.5/Clip_output_0_scale:(ty=1,shape=[]),/lr_branch/backbone/features.1/conv/conv.2/Clip_output_0_zero_point:(ty=2,shape=[])]", "device": "NPU"}, {"output": ["/lr_branch/backbone/features.1/conv/conv.2/Clip_output_0_DequantizeLinear_Output"], "input": ["/lr_branch/backbone/features.1/conv/conv.2/Clip_output_0_QuantizeLinear_Output", "/lr_branch/backbone/features.2/conv/conv.5/Clip_output_0_scale", "/lr_branch/backbone/features.1/conv/conv.2/Clip_output_0_zero_point"], "opType": "DequantizeLinear", "comment": "@155 [/lr_branch/backbone/features.1/conv/conv.2/Clip_output_0_DequantizeLinear_Output:(ty=1,shape=[1,32,256,256])] DequantizeLinear [/lr_branch/backbone/features.1/conv/conv.2/Clip_output_0_QuantizeLinear_Output:(ty=2,shape=[1,32,256,256]),/lr_branch/backbone/features.2/conv/conv.5/Clip_output_0_scale:(ty=1,shape=[]),/lr_branch/backbone/features.1/conv/conv.2/Clip_output_0_zero_point:(ty=2,shape=[])]", "device": "NPU"}, {"output": ["onnx::Conv_666_DequantizeLinear_Output"], "input": ["onnx::Conv_666_quantized", "/lr_branch/backbone/features.2/conv/conv.5/Clip_output_0_scale", "onnx::Conv_666_zero_point"], "opType": "DequantizeLinear", "comment": "@42 [onnx::Conv_666_DequantizeLinear_Output:(ty=1,shape=[16])] DequantizeLinear [onnx::Conv_666_quantized:(ty=3,shape=[16]),/lr_branch/backbone/features.2/conv/conv.5/Clip_output_0_scale:(ty=1,shape=[]),onnx::Conv_666_zero_point:(ty=3,shape=[])]", "device": "NPU"}, {"output": ["onnx::Conv_665_DequantizeLinear_Output"], "input": ["onnx::Conv_665_quantized", "onnx::Conv_674_scale", "onnx::Conv_665_zero_point"], "opType": "DequantizeLinear", "comment": "@41 [onnx::Conv_665_DequantizeLinear_Output:(ty=1,shape=[16,32,1,1])] DequantizeLinear [onnx::Conv_665_quantized:(ty=3,shape=[16,32,1,1]),onnx::Conv_674_scale:(ty=1,shape=[]),onnx::Conv_665_zero_point:(ty=3,shape=[])]", "device": "NPU"}, {"output": ["/lr_branch/backbone/features.1/conv/conv.3/Conv_output_0"], "input": ["/lr_branch/backbone/features.1/conv/conv.2/Clip_output_0_DequantizeLinear_Output", "onnx::Conv_665_DequantizeLinear_Output", "onnx::Conv_666_DequantizeLinear_Output"], "opType": "Conv", "comment": "@156 [/lr_branch/backbone/features.1/conv/conv.3/Conv_output_0:(ty=1,shape=[1,16,256,256])] Conv [/lr_branch/backbone/features.1/conv/conv.2/Clip_output_0_DequantizeLinear_Output:(ty=1,shape=[1,32,256,256]),onnx::Conv_665_DequantizeLinear_Output:(ty=1,shape=[16,32,1,1]),onnx::Conv_666_DequantizeLinear_Output:(ty=1,shape=[16])]", "device": "NPU"}, {"output": ["/lr_branch/backbone/features.1/conv/conv.3/Conv_output_0_QuantizeLinear_Output"], "input": ["/lr_branch/backbone/features.1/conv/conv.3/Conv_output_0", "/lr_branch/backbone/features.2/conv/conv.5/Clip_output_0_scale", "/lr_branch/backbone/features.1/conv/conv.3/Conv_output_0_zero_point"], "opType": "QuantizeLinear", "comment": "@157 [/lr_branch/backbone/features.1/conv/conv.3/Conv_output_0_QuantizeLinear_Output:(ty=2,shape=[1,16,256,256])] QuantizeLinear [/lr_branch/backbone/features.1/conv/conv.3/Conv_output_0:(ty=1,shape=[1,16,256,256]),/lr_branch/backbone/features.2/conv/conv.5/Clip_output_0_scale:(ty=1,shape=[]),/lr_branch/backbone/features.1/conv/conv.3/Conv_output_0_zero_point:(ty=2,shape=[])]", "device": "NPU"}, {"output": ["/lr_branch/backbone/features.1/conv/conv.3/Conv_output_0_DequantizeLinear_Output/duplicated"], "input": ["/lr_branch/backbone/features.1/conv/conv.3/Conv_output_0_QuantizeLinear_Output", "/lr_branch/backbone/features.2/conv/conv.5/Clip_output_0_scale", "/lr_branch/backbone/features.1/conv/conv.3/Conv_output_0_zero_point"], "opType": "DequantizeLinear", "comment": "@493 [/lr_branch/backbone/features.1/conv/conv.3/Conv_output_0_DequantizeLinear_Output/duplicated:(ty=1,shape=[1,16,256,256])] DequantizeLinear [/lr_branch/backbone/features.1/conv/conv.3/Conv_output_0_QuantizeLinear_Output:(ty=2,shape=[1,16,256,256]),/lr_branch/backbone/features.2/conv/conv.5/Clip_output_0_scale:(ty=1,shape=[]),/lr_branch/backbone/features.1/conv/conv.3/Conv_output_0_zero_point:(ty=2,shape=[])]", "device": "NPU"}, {"output": ["hr_branch.tohr_enc2x.0.weight_DequantizeLinear_Output"], "input": ["hr_branch.tohr_enc2x.0.weight_quantized", "onnx::Conv_683_scale", "hr_branch.tohr_enc2x.0.weight_zero_point"], "opType": "DequantizeLinear", "comment": "@27 [hr_branch.tohr_enc2x.0.weight_DequantizeLinear_Output:(ty=1,shape=[32,16,1,1])] DequantizeLinear [hr_branch.tohr_enc2x.0.weight_quantized:(ty=3,shape=[32,16,1,1]),onnx::Conv_683_scale:(ty=1,shape=[]),hr_branch.tohr_enc2x.0.weight_zero_point:(ty=3,shape=[])]", "device": "NPU"}, {"output": ["hr_branch.tohr_enc2x.0.bias_DequantizeLinear_Output"], "input": ["hr_branch.tohr_enc2x.0.bias_quantized", "/lr_branch/backbone/features.2/conv/conv.5/Clip_output_0_scale", "hr_branch.tohr_enc2x.0.bias_zero_point"], "opType": "DequantizeLinear", "comment": "@26 [hr_branch.tohr_enc2x.0.bias_DequantizeLinear_Output:(ty=1,shape=[32])] DequantizeLinear [hr_branch.tohr_enc2x.0.bias_quantized:(ty=3,shape=[32]),/lr_branch/backbone/features.2/conv/conv.5/Clip_output_0_scale:(ty=1,shape=[]),hr_branch.tohr_enc2x.0.bias_zero_point:(ty=3,shape=[])]", "device": "NPU"}, {"output": ["/hr_branch/tohr_enc2x/tohr_enc2x.0/Conv_output_0"], "input": ["/lr_branch/backbone/features.1/conv/conv.3/Conv_output_0_DequantizeLinear_Output/duplicated", "hr_branch.tohr_enc2x.0.weight_DequantizeLinear_Output", "hr_branch.tohr_enc2x.0.bias_DequantizeLinear_Output"], "opType": "Conv", "comment": "@160 [/hr_branch/tohr_enc2x/tohr_enc2x.0/Conv_output_0:(ty=1,shape=[1,32,256,256])] Conv [/lr_branch/backbone/features.1/conv/conv.3/Conv_output_0_DequantizeLinear_Output/duplicated:(ty=1,shape=[1,16,256,256]),hr_branch.tohr_enc2x.0.weight_DequantizeLinear_Output:(ty=1,shape=[32,16,1,1]),hr_branch.tohr_enc2x.0.bias_DequantizeLinear_Output:(ty=1,shape=[32])]", "device": "NPU"}, {"output": ["/hr_branch/tohr_enc2x/tohr_enc2x.1/Relu_output_0"], "input": ["/hr_branch/tohr_enc2x/tohr_enc2x.0/Conv_output_0"], "opType": "Relu", "comment": "@162 [/hr_branch/tohr_enc2x/tohr_enc2x.1/Relu_output_0:(ty=1,shape=[1,32,256,256])] Relu [/hr_branch/tohr_enc2x/tohr_enc2x.0/Conv_output_0:(ty=1,shape=[1,32,256,256])]", "device": "NPU"}, {"output": ["/hr_branch/tohr_enc2x/tohr_enc2x.1/Relu_output_0_QuantizeLinear_Output"], "input": ["/hr_branch/tohr_enc2x/tohr_enc2x.1/Relu_output_0", "input_scale", "/hr_branch/tohr_enc2x/tohr_enc2x.1/Relu_output_0_zero_point"], "opType": "QuantizeLinear", "comment": "@164 [/hr_branch/tohr_enc2x/tohr_enc2x.1/Relu_output_0_QuantizeLinear_Output:(ty=2,shape=[1,32,256,256])] QuantizeLinear [/hr_branch/tohr_enc2x/tohr_enc2x.1/Relu_output_0:(ty=1,shape=[1,32,256,256]),input_scale:(ty=1,shape=[]),/hr_branch/tohr_enc2x/tohr_enc2x.1/Relu_output_0_zero_point:(ty=2,shape=[])]", "device": "NPU"}, {"output": ["/hr_branch/tohr_enc2x/tohr_enc2x.1/Relu_output_0_DequantizeLinear_Output/duplicated"], "input": ["/hr_branch/tohr_enc2x/tohr_enc2x.1/Relu_output_0_QuantizeLinear_Output", "input_scale", "/hr_branch/tohr_enc2x/tohr_enc2x.1/Relu_output_0_zero_point"], "opType": "DequantizeLinear", "comment": "@507 [/hr_branch/tohr_enc2x/tohr_enc2x.1/Relu_output_0_DequantizeLinear_Output/duplicated:(ty=1,shape=[1,32,256,256])] DequantizeLinear [/hr_branch/tohr_enc2x/tohr_enc2x.1/Relu_output_0_QuantizeLinear_Output:(ty=2,shape=[1,32,256,256]),input_scale:(ty=1,shape=[]),/hr_branch/tohr_enc2x/tohr_enc2x.1/Relu_output_0_zero_point:(ty=2,shape=[])]", "device": "NPU"}, {"output": ["/lr_branch/backbone/features.1/conv/conv.3/Conv_output_0_DequantizeLinear_Output"], "input": ["/lr_branch/backbone/features.1/conv/conv.3/Conv_output_0_QuantizeLinear_Output", "/lr_branch/backbone/features.2/conv/conv.5/Clip_output_0_scale", "/lr_branch/backbone/features.1/conv/conv.3/Conv_output_0_zero_point"], "opType": "DequantizeLinear", "comment": "@158 [/lr_branch/backbone/features.1/conv/conv.3/Conv_output_0_DequantizeLinear_Output:(ty=1,shape=[1,16,256,256])] DequantizeLinear [/lr_branch/backbone/features.1/conv/conv.3/Conv_output_0_QuantizeLinear_Output:(ty=2,shape=[1,16,256,256]),/lr_branch/backbone/features.2/conv/conv.5/Clip_output_0_scale:(ty=1,shape=[]),/lr_branch/backbone/features.1/conv/conv.3/Conv_output_0_zero_point:(ty=2,shape=[])]", "device": "NPU"}, {"output": ["onnx::Conv_669_DequantizeLinear_Output"], "input": ["onnx::Conv_669_quantized", "onnx::Conv_662_scale", "onnx::Conv_669_zero_point"], "opType": "DequantizeLinear", "comment": "@44 [onnx::Conv_669_DequantizeLinear_Output:(ty=1,shape=[96])] DequantizeLinear [onnx::Conv_669_quantized:(ty=3,shape=[96]),onnx::Conv_662_scale:(ty=1,shape=[]),onnx::Conv_669_zero_point:(ty=3,shape=[])]", "device": "NPU"}, {"output": ["onnx::Conv_668_DequantizeLinear_Output"], "input": ["onnx::Conv_668_quantized", "/lr_branch/backbone/features.2/conv/conv.5/Clip_output_0_scale", "onnx::Conv_668_zero_point"], "opType": "DequantizeLinear", "comment": "@43 [onnx::Conv_668_DequantizeLinear_Output:(ty=1,shape=[96,16,1,1])] DequantizeLinear [onnx::Conv_668_quantized:(ty=3,shape=[96,16,1,1]),/lr_branch/backbone/features.2/conv/conv.5/Clip_output_0_scale:(ty=1,shape=[]),onnx::Conv_668_zero_point:(ty=3,shape=[])]", "device": "NPU"}, {"output": ["/lr_branch/backbone/features.2/conv/conv.0/Conv_output_0"], "input": ["/lr_branch/backbone/features.1/conv/conv.3/Conv_output_0_DequantizeLinear_Output", "onnx::Conv_668_DequantizeLinear_Output", "onnx::Conv_669_DequantizeLinear_Output"], "opType": "Conv", "comment": "@159 [/lr_branch/backbone/features.2/conv/conv.0/Conv_output_0:(ty=1,shape=[1,96,256,256])] Conv [/lr_branch/backbone/features.1/conv/conv.3/Conv_output_0_DequantizeLinear_Output:(ty=1,shape=[1,16,256,256]),onnx::Conv_668_DequantizeLinear_Output:(ty=1,shape=[96,16,1,1]),onnx::Conv_669_DequantizeLinear_Output:(ty=1,shape=[96])]", "device": "NPU"}, {"output": ["/lr_branch/backbone/features.2/conv/conv.2/Clip_output_0"], "input": ["/lr_branch/backbone/features.2/conv/conv.0/Conv_output_0", "/lr_branch/backbone/features.0/features.0.2/Constant_output_0", "/lr_branch/backbone/features.0/features.0.2/Constant_1_output_0"], "opType": "Clip", "comment": "@161 [/lr_branch/backbone/features.2/conv/conv.2/Clip_output_0:(ty=1,shape=[1,96,256,256])] Clip [/lr_branch/backbone/features.2/conv/conv.0/Conv_output_0:(ty=1,shape=[1,96,256,256]),/lr_branch/backbone/features.0/features.0.2/Constant_output_0:(ty=1,shape=[]),/lr_branch/backbone/features.0/features.0.2/Constant_1_output_0:(ty=1,shape=[])]", "device": "NPU"}, {"output": ["/lr_branch/backbone/features.2/conv/conv.2/Clip_output_0_QuantizeLinear_Output"], "input": ["/lr_branch/backbone/features.2/conv/conv.2/Clip_output_0", "/lr_branch/backbone/features.2/conv/conv.5/Clip_output_0_scale", "/lr_branch/backbone/features.2/conv/conv.2/Clip_output_0_zero_point"], "opType": "QuantizeLinear", "comment": "@163 [/lr_branch/backbone/features.2/conv/conv.2/Clip_output_0_QuantizeLinear_Output:(ty=2,shape=[1,96,256,256])] QuantizeLinear [/lr_branch/backbone/features.2/conv/conv.2/Clip_output_0:(ty=1,shape=[1,96,256,256]),/lr_branch/backbone/features.2/conv/conv.5/Clip_output_0_scale:(ty=1,shape=[]),/lr_branch/backbone/features.2/conv/conv.2/Clip_output_0_zero_point:(ty=2,shape=[])]", "device": "NPU"}, {"output": ["/lr_branch/backbone/features.2/conv/conv.2/Clip_output_0_DequantizeLinear_Output"], "input": ["/lr_branch/backbone/features.2/conv/conv.2/Clip_output_0_QuantizeLinear_Output", "/lr_branch/backbone/features.2/conv/conv.5/Clip_output_0_scale", "/lr_branch/backbone/features.2/conv/conv.2/Clip_output_0_zero_point"], "opType": "DequantizeLinear", "comment": "@165 [/lr_branch/backbone/features.2/conv/conv.2/Clip_output_0_DequantizeLinear_Output:(ty=1,shape=[1,96,256,256])] DequantizeLinear [/lr_branch/backbone/features.2/conv/conv.2/Clip_output_0_QuantizeLinear_Output:(ty=2,shape=[1,96,256,256]),/lr_branch/backbone/features.2/conv/conv.5/Clip_output_0_scale:(ty=1,shape=[]),/lr_branch/backbone/features.2/conv/conv.2/Clip_output_0_zero_point:(ty=2,shape=[])]", "device": "NPU"}, {"output": ["onnx::Conv_672_DequantizeLinear_Output"], "input": ["onnx::Conv_672_quantized", "onnx::Conv_672_scale", "onnx::Conv_672_zero_point"], "opType": "DequantizeLinear", "comment": "@46 [onnx::Conv_672_DequantizeLinear_Output:(ty=1,shape=[96])] DequantizeLinear [onnx::Conv_672_quantized:(ty=3,shape=[96]),onnx::Conv_672_scale:(ty=1,shape=[]),onnx::Conv_672_zero_point:(ty=3,shape=[])]", "device": "NPU"}, {"output": ["onnx::Conv_671_DequantizeLinear_Output"], "input": ["onnx::Conv_671_quantized", "/hr_branch/conv_hr4x/conv_hr4x.1/Relu_output_0_scale", "onnx::Conv_671_zero_point"], "opType": "DequantizeLinear", "comment": "@45 [onnx::Conv_671_DequantizeLinear_Output:(ty=1,shape=[96,1,3,3])] DequantizeLinear [onnx::Conv_671_quantized:(ty=3,shape=[96,1,3,3]),/hr_branch/conv_hr4x/conv_hr4x.1/Relu_output_0_scale:(ty=1,shape=[]),onnx::Conv_671_zero_point:(ty=3,shape=[])]", "device": "NPU"}, {"output": ["/lr_branch/backbone/features.2/conv/conv.3/Conv_output_0"], "input": ["/lr_branch/backbone/features.2/conv/conv.2/Clip_output_0_DequantizeLinear_Output", "onnx::Conv_671_DequantizeLinear_Output", "onnx::Conv_672_DequantizeLinear_Output"], "opType": "Conv", "comment": "@167 [/lr_branch/backbone/features.2/conv/conv.3/Conv_output_0:(ty=1,shape=[1,96,128,128])] Conv [/lr_branch/backbone/features.2/conv/conv.2/Clip_output_0_DequantizeLinear_Output:(ty=1,shape=[1,96,256,256]),onnx::Conv_671_DequantizeLinear_Output:(ty=1,shape=[96,1,3,3]),onnx::Conv_672_DequantizeLinear_Output:(ty=1,shape=[96])]", "device": "NPU"}, {"output": ["/lr_branch/backbone/features.2/conv/conv.5/Clip_output_0"], "input": ["/lr_branch/backbone/features.2/conv/conv.3/Conv_output_0", "/lr_branch/backbone/features.0/features.0.2/Constant_output_0", "/lr_branch/backbone/features.0/features.0.2/Constant_1_output_0"], "opType": "Clip", "comment": "@169 [/lr_branch/backbone/features.2/conv/conv.5/Clip_output_0:(ty=1,shape=[1,96,128,128])] Clip [/lr_branch/backbone/features.2/conv/conv.3/Conv_output_0:(ty=1,shape=[1,96,128,128]),/lr_branch/backbone/features.0/features.0.2/Constant_output_0:(ty=1,shape=[]),/lr_branch/backbone/features.0/features.0.2/Constant_1_output_0:(ty=1,shape=[])]", "device": "NPU"}, {"output": ["/lr_branch/backbone/features.2/conv/conv.5/Clip_output_0_QuantizeLinear_Output"], "input": ["/lr_branch/backbone/features.2/conv/conv.5/Clip_output_0", "/lr_branch/backbone/features.2/conv/conv.5/Clip_output_0_scale", "/lr_branch/backbone/features.2/conv/conv.5/Clip_output_0_zero_point"], "opType": "QuantizeLinear", "comment": "@171 [/lr_branch/backbone/features.2/conv/conv.5/Clip_output_0_QuantizeLinear_Output:(ty=2,shape=[1,96,128,128])] QuantizeLinear [/lr_branch/backbone/features.2/conv/conv.5/Clip_output_0:(ty=1,shape=[1,96,128,128]),/lr_branch/backbone/features.2/conv/conv.5/Clip_output_0_scale:(ty=1,shape=[]),/lr_branch/backbone/features.2/conv/conv.5/Clip_output_0_zero_point:(ty=2,shape=[])]", "device": "NPU"}, {"output": ["/lr_branch/backbone/features.2/conv/conv.5/Clip_output_0_DequantizeLinear_Output"], "input": ["/lr_branch/backbone/features.2/conv/conv.5/Clip_output_0_QuantizeLinear_Output", "/lr_branch/backbone/features.2/conv/conv.5/Clip_output_0_scale", "/lr_branch/backbone/features.2/conv/conv.5/Clip_output_0_zero_point"], "opType": "DequantizeLinear", "comment": "@173 [/lr_branch/backbone/features.2/conv/conv.5/Clip_output_0_DequantizeLinear_Output:(ty=1,shape=[1,96,128,128])] DequantizeLinear [/lr_branch/backbone/features.2/conv/conv.5/Clip_output_0_QuantizeLinear_Output:(ty=2,shape=[1,96,128,128]),/lr_branch/backbone/features.2/conv/conv.5/Clip_output_0_scale:(ty=1,shape=[]),/lr_branch/backbone/features.2/conv/conv.5/Clip_output_0_zero_point:(ty=2,shape=[])]", "device": "NPU"}, {"output": ["onnx::Conv_675_DequantizeLinear_Output"], "input": ["onnx::Conv_675_quantized", "onnx::Conv_683_scale", "onnx::Conv_675_zero_point"], "opType": "DequantizeLinear", "comment": "@48 [onnx::Conv_675_DequantizeLinear_Output:(ty=1,shape=[24])] DequantizeLinear [onnx::Conv_675_quantized:(ty=3,shape=[24]),onnx::Conv_683_scale:(ty=1,shape=[]),onnx::Conv_675_zero_point:(ty=3,shape=[])]", "device": "NPU"}, {"output": ["onnx::Conv_674_DequantizeLinear_Output"], "input": ["onnx::Conv_674_quantized", "onnx::Conv_674_scale", "onnx::Conv_674_zero_point"], "opType": "DequantizeLinear", "comment": "@47 [onnx::Conv_674_DequantizeLinear_Output:(ty=1,shape=[24,96,1,1])] DequantizeLinear [onnx::Conv_674_quantized:(ty=3,shape=[24,96,1,1]),onnx::Conv_674_scale:(ty=1,shape=[]),onnx::Conv_674_zero_point:(ty=3,shape=[])]", "device": "NPU"}, {"output": ["/lr_branch/backbone/features.2/conv/conv.6/Conv_output_0"], "input": ["/lr_branch/backbone/features.2/conv/conv.5/Clip_output_0_DequantizeLinear_Output", "onnx::Conv_674_DequantizeLinear_Output", "onnx::Conv_675_DequantizeLinear_Output"], "opType": "Conv", "comment": "@175 [/lr_branch/backbone/features.2/conv/conv.6/Conv_output_0:(ty=1,shape=[1,24,128,128])] Conv [/lr_branch/backbone/features.2/conv/conv.5/Clip_output_0_DequantizeLinear_Output:(ty=1,shape=[1,96,128,128]),onnx::Conv_674_DequantizeLinear_Output:(ty=1,shape=[24,96,1,1]),onnx::Conv_675_DequantizeLinear_Output:(ty=1,shape=[24])]", "device": "NPU"}, {"output": ["/lr_branch/backbone/features.2/conv/conv.6/Conv_output_0_QuantizeLinear_Output"], "input": ["/lr_branch/backbone/features.2/conv/conv.6/Conv_output_0", "onnx::Conv_672_scale", "/lr_branch/backbone/features.2/conv/conv.6/Conv_output_0_zero_point"], "opType": "QuantizeLinear", "comment": "@177 [/lr_branch/backbone/features.2/conv/conv.6/Conv_output_0_QuantizeLinear_Output:(ty=2,shape=[1,24,128,128])] QuantizeLinear [/lr_branch/backbone/features.2/conv/conv.6/Conv_output_0:(ty=1,shape=[1,24,128,128]),onnx::Conv_672_scale:(ty=1,shape=[]),/lr_branch/backbone/features.2/conv/conv.6/Conv_output_0_zero_point:(ty=2,shape=[])]", "device": "NPU"}, {"output": ["/lr_branch/backbone/features.2/conv/conv.6/Conv_output_0_DequantizeLinear_Output/duplicated"], "input": ["/lr_branch/backbone/features.2/conv/conv.6/Conv_output_0_QuantizeLinear_Output", "onnx::Conv_672_scale", "/lr_branch/backbone/features.2/conv/conv.6/Conv_output_0_zero_point"], "opType": "DequantizeLinear", "comment": "@494 [/lr_branch/backbone/features.2/conv/conv.6/Conv_output_0_DequantizeLinear_Output/duplicated:(ty=1,shape=[1,24,128,128])] DequantizeLinear [/lr_branch/backbone/features.2/conv/conv.6/Conv_output_0_QuantizeLinear_Output:(ty=2,shape=[1,24,128,128]),onnx::Conv_672_scale:(ty=1,shape=[]),/lr_branch/backbone/features.2/conv/conv.6/Conv_output_0_zero_point:(ty=2,shape=[])]", "device": "NPU"}, {"output": ["/lr_branch/backbone/features.2/conv/conv.6/Conv_output_0_DequantizeLinear_Output"], "input": ["/lr_branch/backbone/features.2/conv/conv.6/Conv_output_0_QuantizeLinear_Output", "onnx::Conv_672_scale", "/lr_branch/backbone/features.2/conv/conv.6/Conv_output_0_zero_point"], "opType": "DequantizeLinear", "comment": "@179 [/lr_branch/backbone/features.2/conv/conv.6/Conv_output_0_DequantizeLinear_Output:(ty=1,shape=[1,24,128,128])] DequantizeLinear [/lr_branch/backbone/features.2/conv/conv.6/Conv_output_0_QuantizeLinear_Output:(ty=2,shape=[1,24,128,128]),onnx::Conv_672_scale:(ty=1,shape=[]),/lr_branch/backbone/features.2/conv/conv.6/Conv_output_0_zero_point:(ty=2,shape=[])]", "device": "NPU"}, {"output": ["onnx::Conv_678_DequantizeLinear_Output"], "input": ["onnx::Conv_678_quantized", "onnx::Conv_674_scale", "onnx::Conv_678_zero_point"], "opType": "DequantizeLinear", "comment": "@50 [onnx::Conv_678_DequantizeLinear_Output:(ty=1,shape=[144])] DequantizeLinear [onnx::Conv_678_quantized:(ty=3,shape=[144]),onnx::Conv_674_scale:(ty=1,shape=[]),onnx::Conv_678_zero_point:(ty=3,shape=[])]", "device": "NPU"}, {"output": ["onnx::Conv_677_DequantizeLinear_Output"], "input": ["onnx::Conv_677_quantized", "onnx::Conv_696_scale", "onnx::Conv_677_zero_point"], "opType": "DequantizeLinear", "comment": "@49 [onnx::Conv_677_DequantizeLinear_Output:(ty=1,shape=[144,24,1,1])] DequantizeLinear [onnx::Conv_677_quantized:(ty=3,shape=[144,24,1,1]),onnx::Conv_696_scale:(ty=1,shape=[]),onnx::Conv_677_zero_point:(ty=3,shape=[])]", "device": "NPU"}, {"output": ["/lr_branch/backbone/features.3/conv/conv.0/Conv_output_0"], "input": ["/lr_branch/backbone/features.2/conv/conv.6/Conv_output_0_DequantizeLinear_Output", "onnx::Conv_677_DequantizeLinear_Output", "onnx::Conv_678_DequantizeLinear_Output"], "opType": "Conv", "comment": "@181 [/lr_branch/backbone/features.3/conv/conv.0/Conv_output_0:(ty=1,shape=[1,144,128,128])] Conv [/lr_branch/backbone/features.2/conv/conv.6/Conv_output_0_DequantizeLinear_Output:(ty=1,shape=[1,24,128,128]),onnx::Conv_677_DequantizeLinear_Output:(ty=1,shape=[144,24,1,1]),onnx::Conv_678_DequantizeLinear_Output:(ty=1,shape=[144])]", "device": "NPU"}, {"output": ["/lr_branch/backbone/features.3/conv/conv.2/Clip_output_0"], "input": ["/lr_branch/backbone/features.3/conv/conv.0/Conv_output_0", "/lr_branch/backbone/features.0/features.0.2/Constant_output_0", "/lr_branch/backbone/features.0/features.0.2/Constant_1_output_0"], "opType": "Clip", "comment": "@182 [/lr_branch/backbone/features.3/conv/conv.2/Clip_output_0:(ty=1,shape=[1,144,128,128])] Clip [/lr_branch/backbone/features.3/conv/conv.0/Conv_output_0:(ty=1,shape=[1,144,128,128]),/lr_branch/backbone/features.0/features.0.2/Constant_output_0:(ty=1,shape=[]),/lr_branch/backbone/features.0/features.0.2/Constant_1_output_0:(ty=1,shape=[])]", "device": "NPU"}, {"output": ["/lr_branch/backbone/features.3/conv/conv.2/Clip_output_0_QuantizeLinear_Output"], "input": ["/lr_branch/backbone/features.3/conv/conv.2/Clip_output_0", "onnx::Conv_683_scale", "/lr_branch/backbone/features.3/conv/conv.2/Clip_output_0_zero_point"], "opType": "QuantizeLinear", "comment": "@183 [/lr_branch/backbone/features.3/conv/conv.2/Clip_output_0_QuantizeLinear_Output:(ty=2,shape=[1,144,128,128])] QuantizeLinear [/lr_branch/backbone/features.3/conv/conv.2/Clip_output_0:(ty=1,shape=[1,144,128,128]),onnx::Conv_683_scale:(ty=1,shape=[]),/lr_branch/backbone/features.3/conv/conv.2/Clip_output_0_zero_point:(ty=2,shape=[])]", "device": "NPU"}, {"output": ["/lr_branch/backbone/features.3/conv/conv.2/Clip_output_0_DequantizeLinear_Output"], "input": ["/lr_branch/backbone/features.3/conv/conv.2/Clip_output_0_QuantizeLinear_Output", "onnx::Conv_683_scale", "/lr_branch/backbone/features.3/conv/conv.2/Clip_output_0_zero_point"], "opType": "DequantizeLinear", "comment": "@184 [/lr_branch/backbone/features.3/conv/conv.2/Clip_output_0_DequantizeLinear_Output:(ty=1,shape=[1,144,128,128])] DequantizeLinear [/lr_branch/backbone/features.3/conv/conv.2/Clip_output_0_QuantizeLinear_Output:(ty=2,shape=[1,144,128,128]),onnx::Conv_683_scale:(ty=1,shape=[]),/lr_branch/backbone/features.3/conv/conv.2/Clip_output_0_zero_point:(ty=2,shape=[])]", "device": "NPU"}, {"output": ["onnx::Conv_681_DequantizeLinear_Output"], "input": ["onnx::Conv_681_quantized", "onnx::Conv_672_scale", "onnx::Conv_681_zero_point"], "opType": "DequantizeLinear", "comment": "@52 [onnx::Conv_681_DequantizeLinear_Output:(ty=1,shape=[144])] DequantizeLinear [onnx::Conv_681_quantized:(ty=3,shape=[144]),onnx::Conv_672_scale:(ty=1,shape=[]),onnx::Conv_681_zero_point:(ty=3,shape=[])]", "device": "NPU"}, {"output": ["onnx::Conv_680_DequantizeLinear_Output"], "input": ["onnx::Conv_680_quantized", "/hr_branch/conv_hr4x/conv_hr4x.1/Relu_output_0_scale", "onnx::Conv_680_zero_point"], "opType": "DequantizeLinear", "comment": "@51 [onnx::Conv_680_DequantizeLinear_Output:(ty=1,shape=[144,1,3,3])] DequantizeLinear [onnx::Conv_680_quantized:(ty=3,shape=[144,1,3,3]),/hr_branch/conv_hr4x/conv_hr4x.1/Relu_output_0_scale:(ty=1,shape=[]),onnx::Conv_680_zero_point:(ty=3,shape=[])]", "device": "NPU"}, {"output": ["/lr_branch/backbone/features.3/conv/conv.3/Conv_output_0"], "input": ["/lr_branch/backbone/features.3/conv/conv.2/Clip_output_0_DequantizeLinear_Output", "onnx::Conv_680_DequantizeLinear_Output", "onnx::Conv_681_DequantizeLinear_Output"], "opType": "Conv", "comment": "@185 [/lr_branch/backbone/features.3/conv/conv.3/Conv_output_0:(ty=1,shape=[1,144,128,128])] Conv [/lr_branch/backbone/features.3/conv/conv.2/Clip_output_0_DequantizeLinear_Output:(ty=1,shape=[1,144,128,128]),onnx::Conv_680_DequantizeLinear_Output:(ty=1,shape=[144,1,3,3]),onnx::Conv_681_DequantizeLinear_Output:(ty=1,shape=[144])]", "device": "NPU"}, {"output": ["/lr_branch/backbone/features.3/conv/conv.5/Clip_output_0"], "input": ["/lr_branch/backbone/features.3/conv/conv.3/Conv_output_0", "/lr_branch/backbone/features.0/features.0.2/Constant_output_0", "/lr_branch/backbone/features.0/features.0.2/Constant_1_output_0"], "opType": "Clip", "comment": "@186 [/lr_branch/backbone/features.3/conv/conv.5/Clip_output_0:(ty=1,shape=[1,144,128,128])] Clip [/lr_branch/backbone/features.3/conv/conv.3/Conv_output_0:(ty=1,shape=[1,144,128,128]),/lr_branch/backbone/features.0/features.0.2/Constant_output_0:(ty=1,shape=[]),/lr_branch/backbone/features.0/features.0.2/Constant_1_output_0:(ty=1,shape=[])]", "device": "NPU"}, {"output": ["/lr_branch/backbone/features.3/conv/conv.5/Clip_output_0_QuantizeLinear_Output"], "input": ["/lr_branch/backbone/features.3/conv/conv.5/Clip_output_0", "onnx::Conv_672_scale", "/lr_branch/backbone/features.3/conv/conv.5/Clip_output_0_zero_point"], "opType": "QuantizeLinear", "comment": "@187 [/lr_branch/backbone/features.3/conv/conv.5/Clip_output_0_QuantizeLinear_Output:(ty=2,shape=[1,144,128,128])] QuantizeLinear [/lr_branch/backbone/features.3/conv/conv.5/Clip_output_0:(ty=1,shape=[1,144,128,128]),onnx::Conv_672_scale:(ty=1,shape=[]),/lr_branch/backbone/features.3/conv/conv.5/Clip_output_0_zero_point:(ty=2,shape=[])]", "device": "NPU"}, {"output": ["/lr_branch/backbone/features.3/conv/conv.5/Clip_output_0_DequantizeLinear_Output"], "input": ["/lr_branch/backbone/features.3/conv/conv.5/Clip_output_0_QuantizeLinear_Output", "onnx::Conv_672_scale", "/lr_branch/backbone/features.3/conv/conv.5/Clip_output_0_zero_point"], "opType": "DequantizeLinear", "comment": "@188 [/lr_branch/backbone/features.3/conv/conv.5/Clip_output_0_DequantizeLinear_Output:(ty=1,shape=[1,144,128,128])] DequantizeLinear [/lr_branch/backbone/features.3/conv/conv.5/Clip_output_0_QuantizeLinear_Output:(ty=2,shape=[1,144,128,128]),onnx::Conv_672_scale:(ty=1,shape=[]),/lr_branch/backbone/features.3/conv/conv.5/Clip_output_0_zero_point:(ty=2,shape=[])]", "device": "NPU"}, {"output": ["onnx::Conv_684_DequantizeLinear_Output"], "input": ["onnx::Conv_684_quantized", "onnx::Conv_672_scale", "onnx::Conv_684_zero_point"], "opType": "DequantizeLinear", "comment": "@54 [onnx::Conv_684_DequantizeLinear_Output:(ty=1,shape=[24])] DequantizeLinear [onnx::Conv_684_quantized:(ty=3,shape=[24]),onnx::Conv_672_scale:(ty=1,shape=[]),onnx::Conv_684_zero_point:(ty=3,shape=[])]", "device": "NPU"}, {"output": ["onnx::Conv_683_DequantizeLinear_Output"], "input": ["onnx::Conv_683_quantized", "onnx::Conv_683_scale", "onnx::Conv_683_zero_point"], "opType": "DequantizeLinear", "comment": "@53 [onnx::Conv_683_DequantizeLinear_Output:(ty=1,shape=[24,144,1,1])] DequantizeLinear [onnx::Conv_683_quantized:(ty=3,shape=[24,144,1,1]),onnx::Conv_683_scale:(ty=1,shape=[]),onnx::Conv_683_zero_point:(ty=3,shape=[])]", "device": "NPU"}, {"output": ["/lr_branch/backbone/features.3/conv/conv.6/Conv_output_0"], "input": ["/lr_branch/backbone/features.3/conv/conv.5/Clip_output_0_DequantizeLinear_Output", "onnx::Conv_683_DequantizeLinear_Output", "onnx::Conv_684_DequantizeLinear_Output"], "opType": "Conv", "comment": "@189 [/lr_branch/backbone/features.3/conv/conv.6/Conv_output_0:(ty=1,shape=[1,24,128,128])] Conv [/lr_branch/backbone/features.3/conv/conv.5/Clip_output_0_DequantizeLinear_Output:(ty=1,shape=[1,144,128,128]),onnx::Conv_683_DequantizeLinear_Output:(ty=1,shape=[24,144,1,1]),onnx::Conv_684_DequantizeLinear_Output:(ty=1,shape=[24])]", "device": "NPU"}, {"output": ["/lr_branch/backbone/features.3/conv/conv.6/Conv_output_0_QuantizeLinear_Output"], "input": ["/lr_branch/backbone/features.3/conv/conv.6/Conv_output_0", "/lr_branch/backbone/features.2/conv/conv.5/Clip_output_0_scale", "/lr_branch/backbone/features.3/conv/conv.6/Conv_output_0_zero_point"], "opType": "QuantizeLinear", "comment": "@190 [/lr_branch/backbone/features.3/conv/conv.6/Conv_output_0_QuantizeLinear_Output:(ty=2,shape=[1,24,128,128])] QuantizeLinear [/lr_branch/backbone/features.3/conv/conv.6/Conv_output_0:(ty=1,shape=[1,24,128,128]),/lr_branch/backbone/features.2/conv/conv.5/Clip_output_0_scale:(ty=1,shape=[]),/lr_branch/backbone/features.3/conv/conv.6/Conv_output_0_zero_point:(ty=2,shape=[])]", "device": "NPU"}, {"output": ["/lr_branch/backbone/features.3/conv/conv.6/Conv_output_0_DequantizeLinear_Output"], "input": ["/lr_branch/backbone/features.3/conv/conv.6/Conv_output_0_QuantizeLinear_Output", "/lr_branch/backbone/features.2/conv/conv.5/Clip_output_0_scale", "/lr_branch/backbone/features.3/conv/conv.6/Conv_output_0_zero_point"], "opType": "DequantizeLinear", "comment": "@191 [/lr_branch/backbone/features.3/conv/conv.6/Conv_output_0_DequantizeLinear_Output:(ty=1,shape=[1,24,128,128])] DequantizeLinear [/lr_branch/backbone/features.3/conv/conv.6/Conv_output_0_QuantizeLinear_Output:(ty=2,shape=[1,24,128,128]),/lr_branch/backbone/features.2/conv/conv.5/Clip_output_0_scale:(ty=1,shape=[]),/lr_branch/backbone/features.3/conv/conv.6/Conv_output_0_zero_point:(ty=2,shape=[])]", "device": "NPU"}, {"output": ["/lr_branch/backbone/features.3/Add_output_0"], "input": ["/lr_branch/backbone/features.2/conv/conv.6/Conv_output_0_DequantizeLinear_Output/duplicated", "/lr_branch/backbone/features.3/conv/conv.6/Conv_output_0_DequantizeLinear_Output"], "opType": "Add", "comment": "@192 [/lr_branch/backbone/features.3/Add_output_0:(ty=1,shape=[1,24,128,128])] Add [/lr_branch/backbone/features.2/conv/conv.6/Conv_output_0_DequantizeLinear_Output/duplicated:(ty=1,shape=[1,24,128,128]),/lr_branch/backbone/features.3/conv/conv.6/Conv_output_0_DequantizeLinear_Output:(ty=1,shape=[1,24,128,128])]", "device": "NPU"}, {"output": ["/lr_branch/backbone/features.3/Add_output_0_QuantizeLinear_Output"], "input": ["/lr_branch/backbone/features.3/Add_output_0", "/lr_branch/backbone/features.2/conv/conv.5/Clip_output_0_scale", "/lr_branch/backbone/features.3/Add_output_0_zero_point"], "opType": "QuantizeLinear", "comment": "@193 [/lr_branch/backbone/features.3/Add_output_0_QuantizeLinear_Output:(ty=2,shape=[1,24,128,128])] QuantizeLinear [/lr_branch/backbone/features.3/Add_output_0:(ty=1,shape=[1,24,128,128]),/lr_branch/backbone/features.2/conv/conv.5/Clip_output_0_scale:(ty=1,shape=[]),/lr_branch/backbone/features.3/Add_output_0_zero_point:(ty=2,shape=[])]", "device": "NPU"}, {"output": ["/lr_branch/backbone/features.3/Add_output_0_DequantizeLinear_Output"], "input": ["/lr_branch/backbone/features.3/Add_output_0_QuantizeLinear_Output", "/lr_branch/backbone/features.2/conv/conv.5/Clip_output_0_scale", "/lr_branch/backbone/features.3/Add_output_0_zero_point"], "opType": "DequantizeLinear", "comment": "@194 [/lr_branch/backbone/features.3/Add_output_0_DequantizeLinear_Output:(ty=1,shape=[1,24,128,128])] DequantizeLinear [/lr_branch/backbone/features.3/Add_output_0_QuantizeLinear_Output:(ty=2,shape=[1,24,128,128]),/lr_branch/backbone/features.2/conv/conv.5/Clip_output_0_scale:(ty=1,shape=[]),/lr_branch/backbone/features.3/Add_output_0_zero_point:(ty=2,shape=[])]", "device": "NPU"}, {"output": ["onnx::Conv_687_DequantizeLinear_Output"], "input": ["onnx::Conv_687_quantized", "onnx::Conv_696_scale", "onnx::Conv_687_zero_point"], "opType": "DequantizeLinear", "comment": "@56 [onnx::Conv_687_DequantizeLinear_Output:(ty=1,shape=[144])] DequantizeLinear [onnx::Conv_687_quantized:(ty=3,shape=[144]),onnx::Conv_696_scale:(ty=1,shape=[]),onnx::Conv_687_zero_point:(ty=3,shape=[])]", "device": "NPU"}, {"output": ["onnx::Conv_686_DequantizeLinear_Output"], "input": ["onnx::Conv_686_quantized", "onnx::Conv_696_scale", "onnx::Conv_686_zero_point"], "opType": "DequantizeLinear", "comment": "@55 [onnx::Conv_686_DequantizeLinear_Output:(ty=1,shape=[144,24,1,1])] DequantizeLinear [onnx::Conv_686_quantized:(ty=3,shape=[144,24,1,1]),onnx::Conv_696_scale:(ty=1,shape=[]),onnx::Conv_686_zero_point:(ty=3,shape=[])]", "device": "NPU"}, {"output": ["/lr_branch/backbone/features.4/conv/conv.0/Conv_output_0"], "input": ["/lr_branch/backbone/features.3/Add_output_0_DequantizeLinear_Output", "onnx::Conv_686_DequantizeLinear_Output", "onnx::Conv_687_DequantizeLinear_Output"], "opType": "Conv", "comment": "@195 [/lr_branch/backbone/features.4/conv/conv.0/Conv_output_0:(ty=1,shape=[1,144,128,128])] Conv [/lr_branch/backbone/features.3/Add_output_0_DequantizeLinear_Output:(ty=1,shape=[1,24,128,128]),onnx::Conv_686_DequantizeLinear_Output:(ty=1,shape=[144,24,1,1]),onnx::Conv_687_DequantizeLinear_Output:(ty=1,shape=[144])]", "device": "NPU"}, {"output": ["/lr_branch/backbone/features.4/conv/conv.2/Clip_output_0"], "input": ["/lr_branch/backbone/features.4/conv/conv.0/Conv_output_0", "/lr_branch/backbone/features.0/features.0.2/Constant_output_0", "/lr_branch/backbone/features.0/features.0.2/Constant_1_output_0"], "opType": "Clip", "comment": "@197 [/lr_branch/backbone/features.4/conv/conv.2/Clip_output_0:(ty=1,shape=[1,144,128,128])] Clip [/lr_branch/backbone/features.4/conv/conv.0/Conv_output_0:(ty=1,shape=[1,144,128,128]),/lr_branch/backbone/features.0/features.0.2/Constant_output_0:(ty=1,shape=[]),/lr_branch/backbone/features.0/features.0.2/Constant_1_output_0:(ty=1,shape=[])]", "device": "NPU"}, {"output": ["/lr_branch/backbone/features.4/conv/conv.2/Clip_output_0_QuantizeLinear_Output"], "input": ["/lr_branch/backbone/features.4/conv/conv.2/Clip_output_0", "onnx::Conv_672_scale", "/lr_branch/backbone/features.4/conv/conv.2/Clip_output_0_zero_point"], "opType": "QuantizeLinear", "comment": "@199 [/lr_branch/backbone/features.4/conv/conv.2/Clip_output_0_QuantizeLinear_Output:(ty=2,shape=[1,144,128,128])] QuantizeLinear [/lr_branch/backbone/features.4/conv/conv.2/Clip_output_0:(ty=1,shape=[1,144,128,128]),onnx::Conv_672_scale:(ty=1,shape=[]),/lr_branch/backbone/features.4/conv/conv.2/Clip_output_0_zero_point:(ty=2,shape=[])]", "device": "NPU"}, {"output": ["/lr_branch/backbone/features.4/conv/conv.2/Clip_output_0_DequantizeLinear_Output"], "input": ["/lr_branch/backbone/features.4/conv/conv.2/Clip_output_0_QuantizeLinear_Output", "onnx::Conv_672_scale", "/lr_branch/backbone/features.4/conv/conv.2/Clip_output_0_zero_point"], "opType": "DequantizeLinear", "comment": "@201 [/lr_branch/backbone/features.4/conv/conv.2/Clip_output_0_DequantizeLinear_Output:(ty=1,shape=[1,144,128,128])] DequantizeLinear [/lr_branch/backbone/features.4/conv/conv.2/Clip_output_0_QuantizeLinear_Output:(ty=2,shape=[1,144,128,128]),onnx::Conv_672_scale:(ty=1,shape=[]),/lr_branch/backbone/features.4/conv/conv.2/Clip_output_0_zero_point:(ty=2,shape=[])]", "device": "NPU"}, {"output": ["onnx::Conv_690_DequantizeLinear_Output"], "input": ["onnx::Conv_690_quantized", "onnx::Conv_672_scale", "onnx::Conv_690_zero_point"], "opType": "DequantizeLinear", "comment": "@58 [onnx::Conv_690_DequantizeLinear_Output:(ty=1,shape=[144])] DequantizeLinear [onnx::Conv_690_quantized:(ty=3,shape=[144]),onnx::Conv_672_scale:(ty=1,shape=[]),onnx::Conv_690_zero_point:(ty=3,shape=[])]", "device": "NPU"}, {"output": ["onnx::Conv_689_DequantizeLinear_Output"], "input": ["onnx::Conv_689_quantized", "onnx::Conv_672_scale", "onnx::Conv_689_zero_point"], "opType": "DequantizeLinear", "comment": "@57 [onnx::Conv_689_DequantizeLinear_Output:(ty=1,shape=[144,1,3,3])] DequantizeLinear [onnx::Conv_689_quantized:(ty=3,shape=[144,1,3,3]),onnx::Conv_672_scale:(ty=1,shape=[]),onnx::Conv_689_zero_point:(ty=3,shape=[])]", "device": "NPU"}, {"output": ["/lr_branch/backbone/features.4/conv/conv.3/Conv_output_0"], "input": ["/lr_branch/backbone/features.4/conv/conv.2/Clip_output_0_DequantizeLinear_Output", "onnx::Conv_689_DequantizeLinear_Output", "onnx::Conv_690_DequantizeLinear_Output"], "opType": "Conv", "comment": "@203 [/lr_branch/backbone/features.4/conv/conv.3/Conv_output_0:(ty=1,shape=[1,144,64,64])] Conv [/lr_branch/backbone/features.4/conv/conv.2/Clip_output_0_DequantizeLinear_Output:(ty=1,shape=[1,144,128,128]),onnx::Conv_689_DequantizeLinear_Output:(ty=1,shape=[144,1,3,3]),onnx::Conv_690_DequantizeLinear_Output:(ty=1,shape=[144])]", "device": "NPU"}, {"output": ["/lr_branch/backbone/features.4/conv/conv.5/Clip_output_0"], "input": ["/lr_branch/backbone/features.4/conv/conv.3/Conv_output_0", "/lr_branch/backbone/features.0/features.0.2/Constant_output_0", "/lr_branch/backbone/features.0/features.0.2/Constant_1_output_0"], "opType": "Clip", "comment": "@205 [/lr_branch/backbone/features.4/conv/conv.5/Clip_output_0:(ty=1,shape=[1,144,64,64])] Clip [/lr_branch/backbone/features.4/conv/conv.3/Conv_output_0:(ty=1,shape=[1,144,64,64]),/lr_branch/backbone/features.0/features.0.2/Constant_output_0:(ty=1,shape=[]),/lr_branch/backbone/features.0/features.0.2/Constant_1_output_0:(ty=1,shape=[])]", "device": "NPU"}, {"output": ["/lr_branch/backbone/features.4/conv/conv.5/Clip_output_0_QuantizeLinear_Output"], "input": ["/lr_branch/backbone/features.4/conv/conv.5/Clip_output_0", "onnx::Conv_672_scale", "/lr_branch/backbone/features.4/conv/conv.5/Clip_output_0_zero_point"], "opType": "QuantizeLinear", "comment": "@207 [/lr_branch/backbone/features.4/conv/conv.5/Clip_output_0_QuantizeLinear_Output:(ty=2,shape=[1,144,64,64])] QuantizeLinear [/lr_branch/backbone/features.4/conv/conv.5/Clip_output_0:(ty=1,shape=[1,144,64,64]),onnx::Conv_672_scale:(ty=1,shape=[]),/lr_branch/backbone/features.4/conv/conv.5/Clip_output_0_zero_point:(ty=2,shape=[])]", "device": "NPU"}, {"output": ["/lr_branch/backbone/features.4/conv/conv.5/Clip_output_0_DequantizeLinear_Output"], "input": ["/lr_branch/backbone/features.4/conv/conv.5/Clip_output_0_QuantizeLinear_Output", "onnx::Conv_672_scale", "/lr_branch/backbone/features.4/conv/conv.5/Clip_output_0_zero_point"], "opType": "DequantizeLinear", "comment": "@209 [/lr_branch/backbone/features.4/conv/conv.5/Clip_output_0_DequantizeLinear_Output:(ty=1,shape=[1,144,64,64])] DequantizeLinear [/lr_branch/backbone/features.4/conv/conv.5/Clip_output_0_QuantizeLinear_Output:(ty=2,shape=[1,144,64,64]),onnx::Conv_672_scale:(ty=1,shape=[]),/lr_branch/backbone/features.4/conv/conv.5/Clip_output_0_zero_point:(ty=2,shape=[])]", "device": "NPU"}, {"output": ["onnx::Conv_693_DequantizeLinear_Output"], "input": ["onnx::Conv_693_quantized", "onnx::Conv_672_scale", "onnx::Conv_693_zero_point"], "opType": "DequantizeLinear", "comment": "@60 [onnx::Conv_693_DequantizeLinear_Output:(ty=1,shape=[32])] DequantizeLinear [onnx::Conv_693_quantized:(ty=3,shape=[32]),onnx::Conv_672_scale:(ty=1,shape=[]),onnx::Conv_693_zero_point:(ty=3,shape=[])]", "device": "NPU"}, {"output": ["onnx::Conv_692_DequantizeLinear_Output"], "input": ["onnx::Conv_692_quantized", "onnx::Conv_674_scale", "onnx::Conv_692_zero_point"], "opType": "DequantizeLinear", "comment": "@59 [onnx::Conv_692_DequantizeLinear_Output:(ty=1,shape=[32,144,1,1])] DequantizeLinear [onnx::Conv_692_quantized:(ty=3,shape=[32,144,1,1]),onnx::Conv_674_scale:(ty=1,shape=[]),onnx::Conv_692_zero_point:(ty=3,shape=[])]", "device": "NPU"}, {"output": ["/lr_branch/backbone/features.4/conv/conv.6/Conv_output_0"], "input": ["/lr_branch/backbone/features.4/conv/conv.5/Clip_output_0_DequantizeLinear_Output", "onnx::Conv_692_DequantizeLinear_Output", "onnx::Conv_693_DequantizeLinear_Output"], "opType": "Conv", "comment": "@211 [/lr_branch/backbone/features.4/conv/conv.6/Conv_output_0:(ty=1,shape=[1,32,64,64])] Conv [/lr_branch/backbone/features.4/conv/conv.5/Clip_output_0_DequantizeLinear_Output:(ty=1,shape=[1,144,64,64]),onnx::Conv_692_DequantizeLinear_Output:(ty=1,shape=[32,144,1,1]),onnx::Conv_693_DequantizeLinear_Output:(ty=1,shape=[32])]", "device": "NPU"}, {"output": ["/lr_branch/backbone/features.4/conv/conv.6/Conv_output_0_QuantizeLinear_Output"], "input": ["/lr_branch/backbone/features.4/conv/conv.6/Conv_output_0", "onnx::Conv_672_scale", "/lr_branch/backbone/features.4/conv/conv.6/Conv_output_0_zero_point"], "opType": "QuantizeLinear", "comment": "@213 [/lr_branch/backbone/features.4/conv/conv.6/Conv_output_0_QuantizeLinear_Output:(ty=2,shape=[1,32,64,64])] QuantizeLinear [/lr_branch/backbone/features.4/conv/conv.6/Conv_output_0:(ty=1,shape=[1,32,64,64]),onnx::Conv_672_scale:(ty=1,shape=[]),/lr_branch/backbone/features.4/conv/conv.6/Conv_output_0_zero_point:(ty=2,shape=[])]", "device": "NPU"}, {"output": ["/lr_branch/backbone/features.4/conv/conv.6/Conv_output_0_DequantizeLinear_Output/duplicated"], "input": ["/lr_branch/backbone/features.4/conv/conv.6/Conv_output_0_QuantizeLinear_Output", "onnx::Conv_672_scale", "/lr_branch/backbone/features.4/conv/conv.6/Conv_output_0_zero_point"], "opType": "DequantizeLinear", "comment": "@496 [/lr_branch/backbone/features.4/conv/conv.6/Conv_output_0_DequantizeLinear_Output/duplicated:(ty=1,shape=[1,32,64,64])] DequantizeLinear [/lr_branch/backbone/features.4/conv/conv.6/Conv_output_0_QuantizeLinear_Output:(ty=2,shape=[1,32,64,64]),onnx::Conv_672_scale:(ty=1,shape=[]),/lr_branch/backbone/features.4/conv/conv.6/Conv_output_0_zero_point:(ty=2,shape=[])]", "device": "NPU"}, {"output": ["/lr_branch/backbone/features.4/conv/conv.6/Conv_output_0_DequantizeLinear_Output"], "input": ["/lr_branch/backbone/features.4/conv/conv.6/Conv_output_0_QuantizeLinear_Output", "onnx::Conv_672_scale", "/lr_branch/backbone/features.4/conv/conv.6/Conv_output_0_zero_point"], "opType": "DequantizeLinear", "comment": "@215 [/lr_branch/backbone/features.4/conv/conv.6/Conv_output_0_DequantizeLinear_Output:(ty=1,shape=[1,32,64,64])] DequantizeLinear [/lr_branch/backbone/features.4/conv/conv.6/Conv_output_0_QuantizeLinear_Output:(ty=2,shape=[1,32,64,64]),onnx::Conv_672_scale:(ty=1,shape=[]),/lr_branch/backbone/features.4/conv/conv.6/Conv_output_0_zero_point:(ty=2,shape=[])]", "device": "NPU"}, {"output": ["onnx::Conv_696_DequantizeLinear_Output"], "input": ["onnx::Conv_696_quantized", "onnx::Conv_696_scale", "onnx::Conv_696_zero_point"], "opType": "DequantizeLinear", "comment": "@62 [onnx::Conv_696_DequantizeLinear_Output:(ty=1,shape=[192])] DequantizeLinear [onnx::Conv_696_quantized:(ty=3,shape=[192]),onnx::Conv_696_scale:(ty=1,shape=[]),onnx::Conv_696_zero_point:(ty=3,shape=[])]", "device": "NPU"}, {"output": ["onnx::Conv_695_DequantizeLinear_Output"], "input": ["onnx::Conv_695_quantized", "onnx::Conv_758_scale", "onnx::Conv_695_zero_point"], "opType": "DequantizeLinear", "comment": "@61 [onnx::Conv_695_DequantizeLinear_Output:(ty=1,shape=[192,32,1,1])] DequantizeLinear [onnx::Conv_695_quantized:(ty=3,shape=[192,32,1,1]),onnx::Conv_758_scale:(ty=1,shape=[]),onnx::Conv_695_zero_point:(ty=3,shape=[])]", "device": "NPU"}, {"output": ["/lr_branch/backbone/features.5/conv/conv.0/Conv_output_0"], "input": ["/lr_branch/backbone/features.4/conv/conv.6/Conv_output_0_DequantizeLinear_Output", "onnx::Conv_695_DequantizeLinear_Output", "onnx::Conv_696_DequantizeLinear_Output"], "opType": "Conv", "comment": "@217 [/lr_branch/backbone/features.5/conv/conv.0/Conv_output_0:(ty=1,shape=[1,192,64,64])] Conv [/lr_branch/backbone/features.4/conv/conv.6/Conv_output_0_DequantizeLinear_Output:(ty=1,shape=[1,32,64,64]),onnx::Conv_695_DequantizeLinear_Output:(ty=1,shape=[192,32,1,1]),onnx::Conv_696_DequantizeLinear_Output:(ty=1,shape=[192])]", "device": "NPU"}, {"output": ["/lr_branch/backbone/features.5/conv/conv.2/Clip_output_0"], "input": ["/lr_branch/backbone/features.5/conv/conv.0/Conv_output_0", "/lr_branch/backbone/features.0/features.0.2/Constant_output_0", "/lr_branch/backbone/features.0/features.0.2/Constant_1_output_0"], "opType": "Clip", "comment": "@218 [/lr_branch/backbone/features.5/conv/conv.2/Clip_output_0:(ty=1,shape=[1,192,64,64])] Clip [/lr_branch/backbone/features.5/conv/conv.0/Conv_output_0:(ty=1,shape=[1,192,64,64]),/lr_branch/backbone/features.0/features.0.2/Constant_output_0:(ty=1,shape=[]),/lr_branch/backbone/features.0/features.0.2/Constant_1_output_0:(ty=1,shape=[])]", "device": "NPU"}, {"output": ["/lr_branch/backbone/features.5/conv/conv.2/Clip_output_0_QuantizeLinear_Output"], "input": ["/lr_branch/backbone/features.5/conv/conv.2/Clip_output_0", "onnx::Conv_683_scale", "/lr_branch/backbone/features.5/conv/conv.2/Clip_output_0_zero_point"], "opType": "QuantizeLinear", "comment": "@219 [/lr_branch/backbone/features.5/conv/conv.2/Clip_output_0_QuantizeLinear_Output:(ty=2,shape=[1,192,64,64])] QuantizeLinear [/lr_branch/backbone/features.5/conv/conv.2/Clip_output_0:(ty=1,shape=[1,192,64,64]),onnx::Conv_683_scale:(ty=1,shape=[]),/lr_branch/backbone/features.5/conv/conv.2/Clip_output_0_zero_point:(ty=2,shape=[])]", "device": "NPU"}, {"output": ["/lr_branch/backbone/features.5/conv/conv.2/Clip_output_0_DequantizeLinear_Output"], "input": ["/lr_branch/backbone/features.5/conv/conv.2/Clip_output_0_QuantizeLinear_Output", "onnx::Conv_683_scale", "/lr_branch/backbone/features.5/conv/conv.2/Clip_output_0_zero_point"], "opType": "DequantizeLinear", "comment": "@220 [/lr_branch/backbone/features.5/conv/conv.2/Clip_output_0_DequantizeLinear_Output:(ty=1,shape=[1,192,64,64])] DequantizeLinear [/lr_branch/backbone/features.5/conv/conv.2/Clip_output_0_QuantizeLinear_Output:(ty=2,shape=[1,192,64,64]),onnx::Conv_683_scale:(ty=1,shape=[]),/lr_branch/backbone/features.5/conv/conv.2/Clip_output_0_zero_point:(ty=2,shape=[])]", "device": "NPU"}, {"output": ["onnx::Conv_699_DequantizeLinear_Output"], "input": ["onnx::Conv_699_quantized", "/lr_branch/backbone/features.2/conv/conv.5/Clip_output_0_scale", "onnx::Conv_699_zero_point"], "opType": "DequantizeLinear", "comment": "@64 [onnx::Conv_699_DequantizeLinear_Output:(ty=1,shape=[192])] DequantizeLinear [onnx::Conv_699_quantized:(ty=3,shape=[192]),/lr_branch/backbone/features.2/conv/conv.5/Clip_output_0_scale:(ty=1,shape=[]),onnx::Conv_699_zero_point:(ty=3,shape=[])]", "device": "NPU"}, {"output": ["onnx::Conv_698_DequantizeLinear_Output"], "input": ["onnx::Conv_698_quantized", "/lr_branch/backbone/features.2/conv/conv.5/Clip_output_0_scale", "onnx::Conv_698_zero_point"], "opType": "DequantizeLinear", "comment": "@63 [onnx::Conv_698_DequantizeLinear_Output:(ty=1,shape=[192,1,3,3])] DequantizeLinear [onnx::Conv_698_quantized:(ty=3,shape=[192,1,3,3]),/lr_branch/backbone/features.2/conv/conv.5/Clip_output_0_scale:(ty=1,shape=[]),onnx::Conv_698_zero_point:(ty=3,shape=[])]", "device": "NPU"}, {"output": ["/lr_branch/backbone/features.5/conv/conv.3/Conv_output_0"], "input": ["/lr_branch/backbone/features.5/conv/conv.2/Clip_output_0_DequantizeLinear_Output", "onnx::Conv_698_DequantizeLinear_Output", "onnx::Conv_699_DequantizeLinear_Output"], "opType": "Conv", "comment": "@221 [/lr_branch/backbone/features.5/conv/conv.3/Conv_output_0:(ty=1,shape=[1,192,64,64])] Conv [/lr_branch/backbone/features.5/conv/conv.2/Clip_output_0_DequantizeLinear_Output:(ty=1,shape=[1,192,64,64]),onnx::Conv_698_DequantizeLinear_Output:(ty=1,shape=[192,1,3,3]),onnx::Conv_699_DequantizeLinear_Output:(ty=1,shape=[192])]", "device": "NPU"}, {"output": ["/lr_branch/backbone/features.5/conv/conv.5/Clip_output_0"], "input": ["/lr_branch/backbone/features.5/conv/conv.3/Conv_output_0", "/lr_branch/backbone/features.0/features.0.2/Constant_output_0", "/lr_branch/backbone/features.0/features.0.2/Constant_1_output_0"], "opType": "Clip", "comment": "@222 [/lr_branch/backbone/features.5/conv/conv.5/Clip_output_0:(ty=1,shape=[1,192,64,64])] Clip [/lr_branch/backbone/features.5/conv/conv.3/Conv_output_0:(ty=1,shape=[1,192,64,64]),/lr_branch/backbone/features.0/features.0.2/Constant_output_0:(ty=1,shape=[]),/lr_branch/backbone/features.0/features.0.2/Constant_1_output_0:(ty=1,shape=[])]", "device": "NPU"}, {"output": ["/lr_branch/backbone/features.5/conv/conv.5/Clip_output_0_QuantizeLinear_Output"], "input": ["/lr_branch/backbone/features.5/conv/conv.5/Clip_output_0", "onnx::Conv_683_scale", "/lr_branch/backbone/features.5/conv/conv.5/Clip_output_0_zero_point"], "opType": "QuantizeLinear", "comment": "@223 [/lr_branch/backbone/features.5/conv/conv.5/Clip_output_0_QuantizeLinear_Output:(ty=2,shape=[1,192,64,64])] QuantizeLinear [/lr_branch/backbone/features.5/conv/conv.5/Clip_output_0:(ty=1,shape=[1,192,64,64]),onnx::Conv_683_scale:(ty=1,shape=[]),/lr_branch/backbone/features.5/conv/conv.5/Clip_output_0_zero_point:(ty=2,shape=[])]", "device": "NPU"}, {"output": ["/lr_branch/backbone/features.5/conv/conv.5/Clip_output_0_DequantizeLinear_Output"], "input": ["/lr_branch/backbone/features.5/conv/conv.5/Clip_output_0_QuantizeLinear_Output", "onnx::Conv_683_scale", "/lr_branch/backbone/features.5/conv/conv.5/Clip_output_0_zero_point"], "opType": "DequantizeLinear", "comment": "@224 [/lr_branch/backbone/features.5/conv/conv.5/Clip_output_0_DequantizeLinear_Output:(ty=1,shape=[1,192,64,64])] DequantizeLinear [/lr_branch/backbone/features.5/conv/conv.5/Clip_output_0_QuantizeLinear_Output:(ty=2,shape=[1,192,64,64]),onnx::Conv_683_scale:(ty=1,shape=[]),/lr_branch/backbone/features.5/conv/conv.5/Clip_output_0_zero_point:(ty=2,shape=[])]", "device": "NPU"}, {"output": ["onnx::Conv_702_DequantizeLinear_Output"], "input": ["onnx::Conv_702_quantized", "onnx::Conv_674_scale", "onnx::Conv_702_zero_point"], "opType": "DequantizeLinear", "comment": "@66 [onnx::Conv_702_DequantizeLinear_Output:(ty=1,shape=[32])] DequantizeLinear [onnx::Conv_702_quantized:(ty=3,shape=[32]),onnx::Conv_674_scale:(ty=1,shape=[]),onnx::Conv_702_zero_point:(ty=3,shape=[])]", "device": "NPU"}, {"output": ["onnx::Conv_701_DequantizeLinear_Output"], "input": ["onnx::Conv_701_quantized", "onnx::Conv_674_scale", "onnx::Conv_701_zero_point"], "opType": "DequantizeLinear", "comment": "@65 [onnx::Conv_701_DequantizeLinear_Output:(ty=1,shape=[32,192,1,1])] DequantizeLinear [onnx::Conv_701_quantized:(ty=3,shape=[32,192,1,1]),onnx::Conv_674_scale:(ty=1,shape=[]),onnx::Conv_701_zero_point:(ty=3,shape=[])]", "device": "NPU"}, {"output": ["/lr_branch/backbone/features.5/conv/conv.6/Conv_output_0"], "input": ["/lr_branch/backbone/features.5/conv/conv.5/Clip_output_0_DequantizeLinear_Output", "onnx::Conv_701_DequantizeLinear_Output", "onnx::Conv_702_DequantizeLinear_Output"], "opType": "Conv", "comment": "@225 [/lr_branch/backbone/features.5/conv/conv.6/Conv_output_0:(ty=1,shape=[1,32,64,64])] Conv [/lr_branch/backbone/features.5/conv/conv.5/Clip_output_0_DequantizeLinear_Output:(ty=1,shape=[1,192,64,64]),onnx::Conv_701_DequantizeLinear_Output:(ty=1,shape=[32,192,1,1]),onnx::Conv_702_DequantizeLinear_Output:(ty=1,shape=[32])]", "device": "NPU"}, {"output": ["/lr_branch/backbone/features.5/conv/conv.6/Conv_output_0_QuantizeLinear_Output"], "input": ["/lr_branch/backbone/features.5/conv/conv.6/Conv_output_0", "onnx::Conv_672_scale", "/lr_branch/backbone/features.5/conv/conv.6/Conv_output_0_zero_point"], "opType": "QuantizeLinear", "comment": "@226 [/lr_branch/backbone/features.5/conv/conv.6/Conv_output_0_QuantizeLinear_Output:(ty=2,shape=[1,32,64,64])] QuantizeLinear [/lr_branch/backbone/features.5/conv/conv.6/Conv_output_0:(ty=1,shape=[1,32,64,64]),onnx::Conv_672_scale:(ty=1,shape=[]),/lr_branch/backbone/features.5/conv/conv.6/Conv_output_0_zero_point:(ty=2,shape=[])]", "device": "NPU"}, {"output": ["/lr_branch/backbone/features.5/conv/conv.6/Conv_output_0_DequantizeLinear_Output"], "input": ["/lr_branch/backbone/features.5/conv/conv.6/Conv_output_0_QuantizeLinear_Output", "onnx::Conv_672_scale", "/lr_branch/backbone/features.5/conv/conv.6/Conv_output_0_zero_point"], "opType": "DequantizeLinear", "comment": "@227 [/lr_branch/backbone/features.5/conv/conv.6/Conv_output_0_DequantizeLinear_Output:(ty=1,shape=[1,32,64,64])] DequantizeLinear [/lr_branch/backbone/features.5/conv/conv.6/Conv_output_0_QuantizeLinear_Output:(ty=2,shape=[1,32,64,64]),onnx::Conv_672_scale:(ty=1,shape=[]),/lr_branch/backbone/features.5/conv/conv.6/Conv_output_0_zero_point:(ty=2,shape=[])]", "device": "NPU"}, {"output": ["/lr_branch/backbone/features.5/Add_output_0"], "input": ["/lr_branch/backbone/features.4/conv/conv.6/Conv_output_0_DequantizeLinear_Output/duplicated", "/lr_branch/backbone/features.5/conv/conv.6/Conv_output_0_DequantizeLinear_Output"], "opType": "Add", "comment": "@228 [/lr_branch/backbone/features.5/Add_output_0:(ty=1,shape=[1,32,64,64])] Add [/lr_branch/backbone/features.4/conv/conv.6/Conv_output_0_DequantizeLinear_Output/duplicated:(ty=1,shape=[1,32,64,64]),/lr_branch/backbone/features.5/conv/conv.6/Conv_output_0_DequantizeLinear_Output:(ty=1,shape=[1,32,64,64])]", "device": "NPU"}, {"output": ["/lr_branch/backbone/features.5/Add_output_0_QuantizeLinear_Output"], "input": ["/lr_branch/backbone/features.5/Add_output_0", "/lr_branch/backbone/features.2/conv/conv.5/Clip_output_0_scale", "/lr_branch/backbone/features.5/Add_output_0_zero_point"], "opType": "QuantizeLinear", "comment": "@229 [/lr_branch/backbone/features.5/Add_output_0_QuantizeLinear_Output:(ty=2,shape=[1,32,64,64])] QuantizeLinear [/lr_branch/backbone/features.5/Add_output_0:(ty=1,shape=[1,32,64,64]),/lr_branch/backbone/features.2/conv/conv.5/Clip_output_0_scale:(ty=1,shape=[]),/lr_branch/backbone/features.5/Add_output_0_zero_point:(ty=2,shape=[])]", "device": "NPU"}, {"output": ["/lr_branch/backbone/features.5/Add_output_0_DequantizeLinear_Output/duplicated"], "input": ["/lr_branch/backbone/features.5/Add_output_0_QuantizeLinear_Output", "/lr_branch/backbone/features.2/conv/conv.5/Clip_output_0_scale", "/lr_branch/backbone/features.5/Add_output_0_zero_point"], "opType": "DequantizeLinear", "comment": "@497 [/lr_branch/backbone/features.5/Add_output_0_DequantizeLinear_Output/duplicated:(ty=1,shape=[1,32,64,64])] DequantizeLinear [/lr_branch/backbone/features.5/Add_output_0_QuantizeLinear_Output:(ty=2,shape=[1,32,64,64]),/lr_branch/backbone/features.2/conv/conv.5/Clip_output_0_scale:(ty=1,shape=[]),/lr_branch/backbone/features.5/Add_output_0_zero_point:(ty=2,shape=[])]", "device": "NPU"}, {"output": ["/lr_branch/backbone/features.5/Add_output_0_DequantizeLinear_Output"], "input": ["/lr_branch/backbone/features.5/Add_output_0_QuantizeLinear_Output", "/lr_branch/backbone/features.2/conv/conv.5/Clip_output_0_scale", "/lr_branch/backbone/features.5/Add_output_0_zero_point"], "opType": "DequantizeLinear", "comment": "@230 [/lr_branch/backbone/features.5/Add_output_0_DequantizeLinear_Output:(ty=1,shape=[1,32,64,64])] DequantizeLinear [/lr_branch/backbone/features.5/Add_output_0_QuantizeLinear_Output:(ty=2,shape=[1,32,64,64]),/lr_branch/backbone/features.2/conv/conv.5/Clip_output_0_scale:(ty=1,shape=[]),/lr_branch/backbone/features.5/Add_output_0_zero_point:(ty=2,shape=[])]", "device": "NPU"}, {"output": ["onnx::Conv_705_DequantizeLinear_Output"], "input": ["onnx::Conv_705_quantized", "onnx::Conv_696_scale", "onnx::Conv_705_zero_point"], "opType": "DequantizeLinear", "comment": "@68 [onnx::Conv_705_DequantizeLinear_Output:(ty=1,shape=[192])] DequantizeLinear [onnx::Conv_705_quantized:(ty=3,shape=[192]),onnx::Conv_696_scale:(ty=1,shape=[]),onnx::Conv_705_zero_point:(ty=3,shape=[])]", "device": "NPU"}, {"output": ["onnx::Conv_704_DequantizeLinear_Output"], "input": ["onnx::Conv_704_quantized", "onnx::Conv_722_scale", "onnx::Conv_704_zero_point"], "opType": "DequantizeLinear", "comment": "@67 [onnx::Conv_704_DequantizeLinear_Output:(ty=1,shape=[192,32,1,1])] DequantizeLinear [onnx::Conv_704_quantized:(ty=3,shape=[192,32,1,1]),onnx::Conv_722_scale:(ty=1,shape=[]),onnx::Conv_704_zero_point:(ty=3,shape=[])]", "device": "NPU"}, {"output": ["/lr_branch/backbone/features.6/conv/conv.0/Conv_output_0"], "input": ["/lr_branch/backbone/features.5/Add_output_0_DequantizeLinear_Output", "onnx::Conv_704_DequantizeLinear_Output", "onnx::Conv_705_DequantizeLinear_Output"], "opType": "Conv", "comment": "@231 [/lr_branch/backbone/features.6/conv/conv.0/Conv_output_0:(ty=1,shape=[1,192,64,64])] Conv [/lr_branch/backbone/features.5/Add_output_0_DequantizeLinear_Output:(ty=1,shape=[1,32,64,64]),onnx::Conv_704_DequantizeLinear_Output:(ty=1,shape=[192,32,1,1]),onnx::Conv_705_DequantizeLinear_Output:(ty=1,shape=[192])]", "device": "NPU"}, {"output": ["/lr_branch/backbone/features.6/conv/conv.2/Clip_output_0"], "input": ["/lr_branch/backbone/features.6/conv/conv.0/Conv_output_0", "/lr_branch/backbone/features.0/features.0.2/Constant_output_0", "/lr_branch/backbone/features.0/features.0.2/Constant_1_output_0"], "opType": "Clip", "comment": "@232 [/lr_branch/backbone/features.6/conv/conv.2/Clip_output_0:(ty=1,shape=[1,192,64,64])] Clip [/lr_branch/backbone/features.6/conv/conv.0/Conv_output_0:(ty=1,shape=[1,192,64,64]),/lr_branch/backbone/features.0/features.0.2/Constant_output_0:(ty=1,shape=[]),/lr_branch/backbone/features.0/features.0.2/Constant_1_output_0:(ty=1,shape=[])]", "device": "NPU"}, {"output": ["/lr_branch/backbone/features.6/conv/conv.2/Clip_output_0_QuantizeLinear_Output"], "input": ["/lr_branch/backbone/features.6/conv/conv.2/Clip_output_0", "onnx::Conv_683_scale", "/lr_branch/backbone/features.6/conv/conv.2/Clip_output_0_zero_point"], "opType": "QuantizeLinear", "comment": "@233 [/lr_branch/backbone/features.6/conv/conv.2/Clip_output_0_QuantizeLinear_Output:(ty=2,shape=[1,192,64,64])] QuantizeLinear [/lr_branch/backbone/features.6/conv/conv.2/Clip_output_0:(ty=1,shape=[1,192,64,64]),onnx::Conv_683_scale:(ty=1,shape=[]),/lr_branch/backbone/features.6/conv/conv.2/Clip_output_0_zero_point:(ty=2,shape=[])]", "device": "NPU"}, {"output": ["/lr_branch/backbone/features.6/conv/conv.2/Clip_output_0_DequantizeLinear_Output"], "input": ["/lr_branch/backbone/features.6/conv/conv.2/Clip_output_0_QuantizeLinear_Output", "onnx::Conv_683_scale", "/lr_branch/backbone/features.6/conv/conv.2/Clip_output_0_zero_point"], "opType": "DequantizeLinear", "comment": "@234 [/lr_branch/backbone/features.6/conv/conv.2/Clip_output_0_DequantizeLinear_Output:(ty=1,shape=[1,192,64,64])] DequantizeLinear [/lr_branch/backbone/features.6/conv/conv.2/Clip_output_0_QuantizeLinear_Output:(ty=2,shape=[1,192,64,64]),onnx::Conv_683_scale:(ty=1,shape=[]),/lr_branch/backbone/features.6/conv/conv.2/Clip_output_0_zero_point:(ty=2,shape=[])]", "device": "NPU"}, {"output": ["onnx::Conv_708_DequantizeLinear_Output"], "input": ["onnx::Conv_708_quantized", "onnx::Conv_683_scale", "onnx::Conv_708_zero_point"], "opType": "DequantizeLinear", "comment": "@70 [onnx::Conv_708_DequantizeLinear_Output:(ty=1,shape=[192])] DequantizeLinear [onnx::Conv_708_quantized:(ty=3,shape=[192]),onnx::Conv_683_scale:(ty=1,shape=[]),onnx::Conv_708_zero_point:(ty=3,shape=[])]", "device": "NPU"}, {"output": ["onnx::Conv_707_DequantizeLinear_Output"], "input": ["onnx::Conv_707_quantized", "/lr_branch/backbone/features.2/conv/conv.5/Clip_output_0_scale", "onnx::Conv_707_zero_point"], "opType": "DequantizeLinear", "comment": "@69 [onnx::Conv_707_DequantizeLinear_Output:(ty=1,shape=[192,1,3,3])] DequantizeLinear [onnx::Conv_707_quantized:(ty=3,shape=[192,1,3,3]),/lr_branch/backbone/features.2/conv/conv.5/Clip_output_0_scale:(ty=1,shape=[]),onnx::Conv_707_zero_point:(ty=3,shape=[])]", "device": "NPU"}, {"output": ["/lr_branch/backbone/features.6/conv/conv.3/Conv_output_0"], "input": ["/lr_branch/backbone/features.6/conv/conv.2/Clip_output_0_DequantizeLinear_Output", "onnx::Conv_707_DequantizeLinear_Output", "onnx::Conv_708_DequantizeLinear_Output"], "opType": "Conv", "comment": "@235 [/lr_branch/backbone/features.6/conv/conv.3/Conv_output_0:(ty=1,shape=[1,192,64,64])] Conv [/lr_branch/backbone/features.6/conv/conv.2/Clip_output_0_DequantizeLinear_Output:(ty=1,shape=[1,192,64,64]),onnx::Conv_707_DequantizeLinear_Output:(ty=1,shape=[192,1,3,3]),onnx::Conv_708_DequantizeLinear_Output:(ty=1,shape=[192])]", "device": "NPU"}, {"output": ["/lr_branch/backbone/features.6/conv/conv.5/Clip_output_0"], "input": ["/lr_branch/backbone/features.6/conv/conv.3/Conv_output_0", "/lr_branch/backbone/features.0/features.0.2/Constant_output_0", "/lr_branch/backbone/features.0/features.0.2/Constant_1_output_0"], "opType": "Clip", "comment": "@236 [/lr_branch/backbone/features.6/conv/conv.5/Clip_output_0:(ty=1,shape=[1,192,64,64])] Clip [/lr_branch/backbone/features.6/conv/conv.3/Conv_output_0:(ty=1,shape=[1,192,64,64]),/lr_branch/backbone/features.0/features.0.2/Constant_output_0:(ty=1,shape=[]),/lr_branch/backbone/features.0/features.0.2/Constant_1_output_0:(ty=1,shape=[])]", "device": "NPU"}, {"output": ["/lr_branch/backbone/features.6/conv/conv.5/Clip_output_0_QuantizeLinear_Output"], "input": ["/lr_branch/backbone/features.6/conv/conv.5/Clip_output_0", "onnx::Conv_683_scale", "/lr_branch/backbone/features.6/conv/conv.5/Clip_output_0_zero_point"], "opType": "QuantizeLinear", "comment": "@237 [/lr_branch/backbone/features.6/conv/conv.5/Clip_output_0_QuantizeLinear_Output:(ty=2,shape=[1,192,64,64])] QuantizeLinear [/lr_branch/backbone/features.6/conv/conv.5/Clip_output_0:(ty=1,shape=[1,192,64,64]),onnx::Conv_683_scale:(ty=1,shape=[]),/lr_branch/backbone/features.6/conv/conv.5/Clip_output_0_zero_point:(ty=2,shape=[])]", "device": "NPU"}, {"output": ["/lr_branch/backbone/features.6/conv/conv.5/Clip_output_0_DequantizeLinear_Output"], "input": ["/lr_branch/backbone/features.6/conv/conv.5/Clip_output_0_QuantizeLinear_Output", "onnx::Conv_683_scale", "/lr_branch/backbone/features.6/conv/conv.5/Clip_output_0_zero_point"], "opType": "DequantizeLinear", "comment": "@238 [/lr_branch/backbone/features.6/conv/conv.5/Clip_output_0_DequantizeLinear_Output:(ty=1,shape=[1,192,64,64])] DequantizeLinear [/lr_branch/backbone/features.6/conv/conv.5/Clip_output_0_QuantizeLinear_Output:(ty=2,shape=[1,192,64,64]),onnx::Conv_683_scale:(ty=1,shape=[]),/lr_branch/backbone/features.6/conv/conv.5/Clip_output_0_zero_point:(ty=2,shape=[])]", "device": "NPU"}, {"output": ["onnx::Conv_711_DequantizeLinear_Output"], "input": ["onnx::Conv_711_quantized", "onnx::Conv_674_scale", "onnx::Conv_711_zero_point"], "opType": "DequantizeLinear", "comment": "@72 [onnx::Conv_711_DequantizeLinear_Output:(ty=1,shape=[32])] DequantizeLinear [onnx::Conv_711_quantized:(ty=3,shape=[32]),onnx::Conv_674_scale:(ty=1,shape=[]),onnx::Conv_711_zero_point:(ty=3,shape=[])]", "device": "NPU"}, {"output": ["onnx::Conv_710_DequantizeLinear_Output"], "input": ["onnx::Conv_710_quantized", "onnx::Conv_674_scale", "onnx::Conv_710_zero_point"], "opType": "DequantizeLinear", "comment": "@71 [onnx::Conv_710_DequantizeLinear_Output:(ty=1,shape=[32,192,1,1])] DequantizeLinear [onnx::Conv_710_quantized:(ty=3,shape=[32,192,1,1]),onnx::Conv_674_scale:(ty=1,shape=[]),onnx::Conv_710_zero_point:(ty=3,shape=[])]", "device": "NPU"}, {"output": ["/lr_branch/backbone/features.6/conv/conv.6/Conv_output_0"], "input": ["/lr_branch/backbone/features.6/conv/conv.5/Clip_output_0_DequantizeLinear_Output", "onnx::Conv_710_DequantizeLinear_Output", "onnx::Conv_711_DequantizeLinear_Output"], "opType": "Conv", "comment": "@239 [/lr_branch/backbone/features.6/conv/conv.6/Conv_output_0:(ty=1,shape=[1,32,64,64])] Conv [/lr_branch/backbone/features.6/conv/conv.5/Clip_output_0_DequantizeLinear_Output:(ty=1,shape=[1,192,64,64]),onnx::Conv_710_DequantizeLinear_Output:(ty=1,shape=[32,192,1,1]),onnx::Conv_711_DequantizeLinear_Output:(ty=1,shape=[32])]", "device": "NPU"}, {"output": ["/lr_branch/backbone/features.6/conv/conv.6/Conv_output_0_QuantizeLinear_Output"], "input": ["/lr_branch/backbone/features.6/conv/conv.6/Conv_output_0", "onnx::Conv_672_scale", "/lr_branch/backbone/features.6/conv/conv.6/Conv_output_0_zero_point"], "opType": "QuantizeLinear", "comment": "@240 [/lr_branch/backbone/features.6/conv/conv.6/Conv_output_0_QuantizeLinear_Output:(ty=2,shape=[1,32,64,64])] QuantizeLinear [/lr_branch/backbone/features.6/conv/conv.6/Conv_output_0:(ty=1,shape=[1,32,64,64]),onnx::Conv_672_scale:(ty=1,shape=[]),/lr_branch/backbone/features.6/conv/conv.6/Conv_output_0_zero_point:(ty=2,shape=[])]", "device": "NPU"}, {"output": ["/lr_branch/backbone/features.6/conv/conv.6/Conv_output_0_DequantizeLinear_Output"], "input": ["/lr_branch/backbone/features.6/conv/conv.6/Conv_output_0_QuantizeLinear_Output", "onnx::Conv_672_scale", "/lr_branch/backbone/features.6/conv/conv.6/Conv_output_0_zero_point"], "opType": "DequantizeLinear", "comment": "@241 [/lr_branch/backbone/features.6/conv/conv.6/Conv_output_0_DequantizeLinear_Output:(ty=1,shape=[1,32,64,64])] DequantizeLinear [/lr_branch/backbone/features.6/conv/conv.6/Conv_output_0_QuantizeLinear_Output:(ty=2,shape=[1,32,64,64]),onnx::Conv_672_scale:(ty=1,shape=[]),/lr_branch/backbone/features.6/conv/conv.6/Conv_output_0_zero_point:(ty=2,shape=[])]", "device": "NPU"}, {"output": ["/lr_branch/backbone/features.6/Add_output_0"], "input": ["/lr_branch/backbone/features.5/Add_output_0_DequantizeLinear_Output/duplicated", "/lr_branch/backbone/features.6/conv/conv.6/Conv_output_0_DequantizeLinear_Output"], "opType": "Add", "comment": "@242 [/lr_branch/backbone/features.6/Add_output_0:(ty=1,shape=[1,32,64,64])] Add [/lr_branch/backbone/features.5/Add_output_0_DequantizeLinear_Output/duplicated:(ty=1,shape=[1,32,64,64]),/lr_branch/backbone/features.6/conv/conv.6/Conv_output_0_DequantizeLinear_Output:(ty=1,shape=[1,32,64,64])]", "device": "NPU"}, {"output": ["/lr_branch/backbone/features.6/Add_output_0_QuantizeLinear_Output"], "input": ["/lr_branch/backbone/features.6/Add_output_0", "/lr_branch/backbone/features.2/conv/conv.5/Clip_output_0_scale", "/lr_branch/backbone/features.6/Add_output_0_zero_point"], "opType": "QuantizeLinear", "comment": "@243 [/lr_branch/backbone/features.6/Add_output_0_QuantizeLinear_Output:(ty=2,shape=[1,32,64,64])] QuantizeLinear [/lr_branch/backbone/features.6/Add_output_0:(ty=1,shape=[1,32,64,64]),/lr_branch/backbone/features.2/conv/conv.5/Clip_output_0_scale:(ty=1,shape=[]),/lr_branch/backbone/features.6/Add_output_0_zero_point:(ty=2,shape=[])]", "device": "NPU"}, {"output": ["/lr_branch/backbone/features.6/Add_output_0_DequantizeLinear_Output"], "input": ["/lr_branch/backbone/features.6/Add_output_0_QuantizeLinear_Output", "/lr_branch/backbone/features.2/conv/conv.5/Clip_output_0_scale", "/lr_branch/backbone/features.6/Add_output_0_zero_point"], "opType": "DequantizeLinear", "comment": "@244 [/lr_branch/backbone/features.6/Add_output_0_DequantizeLinear_Output:(ty=1,shape=[1,32,64,64])] DequantizeLinear [/lr_branch/backbone/features.6/Add_output_0_QuantizeLinear_Output:(ty=2,shape=[1,32,64,64]),/lr_branch/backbone/features.2/conv/conv.5/Clip_output_0_scale:(ty=1,shape=[]),/lr_branch/backbone/features.6/Add_output_0_zero_point:(ty=2,shape=[])]", "device": "NPU"}, {"output": ["onnx::Conv_714_DequantizeLinear_Output"], "input": ["onnx::Conv_714_quantized", "onnx::Conv_696_scale", "onnx::Conv_714_zero_point"], "opType": "DequantizeLinear", "comment": "@74 [onnx::Conv_714_DequantizeLinear_Output:(ty=1,shape=[192])] DequantizeLinear [onnx::Conv_714_quantized:(ty=3,shape=[192]),onnx::Conv_696_scale:(ty=1,shape=[]),onnx::Conv_714_zero_point:(ty=3,shape=[])]", "device": "NPU"}, {"output": ["onnx::Conv_713_DequantizeLinear_Output"], "input": ["onnx::Conv_713_quantized", "onnx::Conv_758_scale", "onnx::Conv_713_zero_point"], "opType": "DequantizeLinear", "comment": "@73 [onnx::Conv_713_DequantizeLinear_Output:(ty=1,shape=[192,32,1,1])] DequantizeLinear [onnx::Conv_713_quantized:(ty=3,shape=[192,32,1,1]),onnx::Conv_758_scale:(ty=1,shape=[]),onnx::Conv_713_zero_point:(ty=3,shape=[])]", "device": "NPU"}, {"output": ["/lr_branch/backbone/features.7/conv/conv.0/Conv_output_0"], "input": ["/lr_branch/backbone/features.6/Add_output_0_DequantizeLinear_Output", "onnx::Conv_713_DequantizeLinear_Output", "onnx::Conv_714_DequantizeLinear_Output"], "opType": "Conv", "comment": "@245 [/lr_branch/backbone/features.7/conv/conv.0/Conv_output_0:(ty=1,shape=[1,192,64,64])] Conv [/lr_branch/backbone/features.6/Add_output_0_DequantizeLinear_Output:(ty=1,shape=[1,32,64,64]),onnx::Conv_713_DequantizeLinear_Output:(ty=1,shape=[192,32,1,1]),onnx::Conv_714_DequantizeLinear_Output:(ty=1,shape=[192])]", "device": "NPU"}, {"output": ["/lr_branch/backbone/features.7/conv/conv.2/Clip_output_0"], "input": ["/lr_branch/backbone/features.7/conv/conv.0/Conv_output_0", "/lr_branch/backbone/features.0/features.0.2/Constant_output_0", "/lr_branch/backbone/features.0/features.0.2/Constant_1_output_0"], "opType": "Clip", "comment": "@246 [/lr_branch/backbone/features.7/conv/conv.2/Clip_output_0:(ty=1,shape=[1,192,64,64])] Clip [/lr_branch/backbone/features.7/conv/conv.0/Conv_output_0:(ty=1,shape=[1,192,64,64]),/lr_branch/backbone/features.0/features.0.2/Constant_output_0:(ty=1,shape=[]),/lr_branch/backbone/features.0/features.0.2/Constant_1_output_0:(ty=1,shape=[])]", "device": "NPU"}, {"output": ["/lr_branch/backbone/features.7/conv/conv.2/Clip_output_0_QuantizeLinear_Output"], "input": ["/lr_branch/backbone/features.7/conv/conv.2/Clip_output_0", "onnx::Conv_683_scale", "/lr_branch/backbone/features.7/conv/conv.2/Clip_output_0_zero_point"], "opType": "QuantizeLinear", "comment": "@247 [/lr_branch/backbone/features.7/conv/conv.2/Clip_output_0_QuantizeLinear_Output:(ty=2,shape=[1,192,64,64])] QuantizeLinear [/lr_branch/backbone/features.7/conv/conv.2/Clip_output_0:(ty=1,shape=[1,192,64,64]),onnx::Conv_683_scale:(ty=1,shape=[]),/lr_branch/backbone/features.7/conv/conv.2/Clip_output_0_zero_point:(ty=2,shape=[])]", "device": "NPU"}, {"output": ["/lr_branch/backbone/features.7/conv/conv.2/Clip_output_0_DequantizeLinear_Output"], "input": ["/lr_branch/backbone/features.7/conv/conv.2/Clip_output_0_QuantizeLinear_Output", "onnx::Conv_683_scale", "/lr_branch/backbone/features.7/conv/conv.2/Clip_output_0_zero_point"], "opType": "DequantizeLinear", "comment": "@248 [/lr_branch/backbone/features.7/conv/conv.2/Clip_output_0_DequantizeLinear_Output:(ty=1,shape=[1,192,64,64])] DequantizeLinear [/lr_branch/backbone/features.7/conv/conv.2/Clip_output_0_QuantizeLinear_Output:(ty=2,shape=[1,192,64,64]),onnx::Conv_683_scale:(ty=1,shape=[]),/lr_branch/backbone/features.7/conv/conv.2/Clip_output_0_zero_point:(ty=2,shape=[])]", "device": "NPU"}, {"output": ["onnx::Conv_717_DequantizeLinear_Output"], "input": ["onnx::Conv_717_quantized", "onnx::Conv_672_scale", "onnx::Conv_717_zero_point"], "opType": "DequantizeLinear", "comment": "@76 [onnx::Conv_717_DequantizeLinear_Output:(ty=1,shape=[192])] DequantizeLinear [onnx::Conv_717_quantized:(ty=3,shape=[192]),onnx::Conv_672_scale:(ty=1,shape=[]),onnx::Conv_717_zero_point:(ty=3,shape=[])]", "device": "NPU"}, {"output": ["onnx::Conv_716_DequantizeLinear_Output"], "input": ["onnx::Conv_716_quantized", "onnx::Conv_672_scale", "onnx::Conv_716_zero_point"], "opType": "DequantizeLinear", "comment": "@75 [onnx::Conv_716_DequantizeLinear_Output:(ty=1,shape=[192,1,3,3])] DequantizeLinear [onnx::Conv_716_quantized:(ty=3,shape=[192,1,3,3]),onnx::Conv_672_scale:(ty=1,shape=[]),onnx::Conv_716_zero_point:(ty=3,shape=[])]", "device": "NPU"}, {"output": ["/lr_branch/backbone/features.7/conv/conv.3/Conv_output_0"], "input": ["/lr_branch/backbone/features.7/conv/conv.2/Clip_output_0_DequantizeLinear_Output", "onnx::Conv_716_DequantizeLinear_Output", "onnx::Conv_717_DequantizeLinear_Output"], "opType": "Conv", "comment": "@249 [/lr_branch/backbone/features.7/conv/conv.3/Conv_output_0:(ty=1,shape=[1,192,32,32])] Conv [/lr_branch/backbone/features.7/conv/conv.2/Clip_output_0_DequantizeLinear_Output:(ty=1,shape=[1,192,64,64]),onnx::Conv_716_DequantizeLinear_Output:(ty=1,shape=[192,1,3,3]),onnx::Conv_717_DequantizeLinear_Output:(ty=1,shape=[192])]", "device": "NPU"}, {"output": ["/lr_branch/backbone/features.7/conv/conv.5/Clip_output_0"], "input": ["/lr_branch/backbone/features.7/conv/conv.3/Conv_output_0", "/lr_branch/backbone/features.0/features.0.2/Constant_output_0", "/lr_branch/backbone/features.0/features.0.2/Constant_1_output_0"], "opType": "Clip", "comment": "@250 [/lr_branch/backbone/features.7/conv/conv.5/Clip_output_0:(ty=1,shape=[1,192,32,32])] Clip [/lr_branch/backbone/features.7/conv/conv.3/Conv_output_0:(ty=1,shape=[1,192,32,32]),/lr_branch/backbone/features.0/features.0.2/Constant_output_0:(ty=1,shape=[]),/lr_branch/backbone/features.0/features.0.2/Constant_1_output_0:(ty=1,shape=[])]", "device": "NPU"}, {"output": ["/lr_branch/backbone/features.7/conv/conv.5/Clip_output_0_QuantizeLinear_Output"], "input": ["/lr_branch/backbone/features.7/conv/conv.5/Clip_output_0", "onnx::Conv_672_scale", "/lr_branch/backbone/features.7/conv/conv.5/Clip_output_0_zero_point"], "opType": "QuantizeLinear", "comment": "@251 [/lr_branch/backbone/features.7/conv/conv.5/Clip_output_0_QuantizeLinear_Output:(ty=2,shape=[1,192,32,32])] QuantizeLinear [/lr_branch/backbone/features.7/conv/conv.5/Clip_output_0:(ty=1,shape=[1,192,32,32]),onnx::Conv_672_scale:(ty=1,shape=[]),/lr_branch/backbone/features.7/conv/conv.5/Clip_output_0_zero_point:(ty=2,shape=[])]", "device": "NPU"}, {"output": ["/lr_branch/backbone/features.7/conv/conv.5/Clip_output_0_DequantizeLinear_Output"], "input": ["/lr_branch/backbone/features.7/conv/conv.5/Clip_output_0_QuantizeLinear_Output", "onnx::Conv_672_scale", "/lr_branch/backbone/features.7/conv/conv.5/Clip_output_0_zero_point"], "opType": "DequantizeLinear", "comment": "@252 [/lr_branch/backbone/features.7/conv/conv.5/Clip_output_0_DequantizeLinear_Output:(ty=1,shape=[1,192,32,32])] DequantizeLinear [/lr_branch/backbone/features.7/conv/conv.5/Clip_output_0_QuantizeLinear_Output:(ty=2,shape=[1,192,32,32]),onnx::Conv_672_scale:(ty=1,shape=[]),/lr_branch/backbone/features.7/conv/conv.5/Clip_output_0_zero_point:(ty=2,shape=[])]", "device": "NPU"}, {"output": ["onnx::Conv_720_DequantizeLinear_Output"], "input": ["onnx::Conv_720_quantized", "onnx::Conv_683_scale", "onnx::Conv_720_zero_point"], "opType": "DequantizeLinear", "comment": "@78 [onnx::Conv_720_DequantizeLinear_Output:(ty=1,shape=[64])] DequantizeLinear [onnx::Conv_720_quantized:(ty=3,shape=[64]),onnx::Conv_683_scale:(ty=1,shape=[]),onnx::Conv_720_zero_point:(ty=3,shape=[])]", "device": "NPU"}, {"output": ["onnx::Conv_719_DequantizeLinear_Output"], "input": ["onnx::Conv_719_quantized", "onnx::Conv_696_scale", "onnx::Conv_719_zero_point"], "opType": "DequantizeLinear", "comment": "@77 [onnx::Conv_719_DequantizeLinear_Output:(ty=1,shape=[64,192,1,1])] DequantizeLinear [onnx::Conv_719_quantized:(ty=3,shape=[64,192,1,1]),onnx::Conv_696_scale:(ty=1,shape=[]),onnx::Conv_719_zero_point:(ty=3,shape=[])]", "device": "NPU"}, {"output": ["/lr_branch/backbone/features.7/conv/conv.6/Conv_output_0"], "input": ["/lr_branch/backbone/features.7/conv/conv.5/Clip_output_0_DequantizeLinear_Output", "onnx::Conv_719_DequantizeLinear_Output", "onnx::Conv_720_DequantizeLinear_Output"], "opType": "Conv", "comment": "@253 [/lr_branch/backbone/features.7/conv/conv.6/Conv_output_0:(ty=1,shape=[1,64,32,32])] Conv [/lr_branch/backbone/features.7/conv/conv.5/Clip_output_0_DequantizeLinear_Output:(ty=1,shape=[1,192,32,32]),onnx::Conv_719_DequantizeLinear_Output:(ty=1,shape=[64,192,1,1]),onnx::Conv_720_DequantizeLinear_Output:(ty=1,shape=[64])]", "device": "NPU"}, {"output": ["/lr_branch/backbone/features.7/conv/conv.6/Conv_output_0_QuantizeLinear_Output"], "input": ["/lr_branch/backbone/features.7/conv/conv.6/Conv_output_0", "onnx::Conv_672_scale", "/lr_branch/backbone/features.7/conv/conv.6/Conv_output_0_zero_point"], "opType": "QuantizeLinear", "comment": "@254 [/lr_branch/backbone/features.7/conv/conv.6/Conv_output_0_QuantizeLinear_Output:(ty=2,shape=[1,64,32,32])] QuantizeLinear [/lr_branch/backbone/features.7/conv/conv.6/Conv_output_0:(ty=1,shape=[1,64,32,32]),onnx::Conv_672_scale:(ty=1,shape=[]),/lr_branch/backbone/features.7/conv/conv.6/Conv_output_0_zero_point:(ty=2,shape=[])]", "device": "NPU"}, {"output": ["/lr_branch/backbone/features.7/conv/conv.6/Conv_output_0_DequantizeLinear_Output/duplicated"], "input": ["/lr_branch/backbone/features.7/conv/conv.6/Conv_output_0_QuantizeLinear_Output", "onnx::Conv_672_scale", "/lr_branch/backbone/features.7/conv/conv.6/Conv_output_0_zero_point"], "opType": "DequantizeLinear", "comment": "@498 [/lr_branch/backbone/features.7/conv/conv.6/Conv_output_0_DequantizeLinear_Output/duplicated:(ty=1,shape=[1,64,32,32])] DequantizeLinear [/lr_branch/backbone/features.7/conv/conv.6/Conv_output_0_QuantizeLinear_Output:(ty=2,shape=[1,64,32,32]),onnx::Conv_672_scale:(ty=1,shape=[]),/lr_branch/backbone/features.7/conv/conv.6/Conv_output_0_zero_point:(ty=2,shape=[])]", "device": "NPU"}, {"output": ["/lr_branch/backbone/features.7/conv/conv.6/Conv_output_0_DequantizeLinear_Output"], "input": ["/lr_branch/backbone/features.7/conv/conv.6/Conv_output_0_QuantizeLinear_Output", "onnx::Conv_672_scale", "/lr_branch/backbone/features.7/conv/conv.6/Conv_output_0_zero_point"], "opType": "DequantizeLinear", "comment": "@255 [/lr_branch/backbone/features.7/conv/conv.6/Conv_output_0_DequantizeLinear_Output:(ty=1,shape=[1,64,32,32])] DequantizeLinear [/lr_branch/backbone/features.7/conv/conv.6/Conv_output_0_QuantizeLinear_Output:(ty=2,shape=[1,64,32,32]),onnx::Conv_672_scale:(ty=1,shape=[]),/lr_branch/backbone/features.7/conv/conv.6/Conv_output_0_zero_point:(ty=2,shape=[])]", "device": "NPU"}, {"output": ["onnx::Conv_723_DequantizeLinear_Output"], "input": ["onnx::Conv_723_quantized", "onnx::Conv_696_scale", "onnx::Conv_723_zero_point"], "opType": "DequantizeLinear", "comment": "@80 [onnx::Conv_723_DequantizeLinear_Output:(ty=1,shape=[384])] DequantizeLinear [onnx::Conv_723_quantized:(ty=3,shape=[384]),onnx::Conv_696_scale:(ty=1,shape=[]),onnx::Conv_723_zero_point:(ty=3,shape=[])]", "device": "NPU"}, {"output": ["onnx::Conv_722_DequantizeLinear_Output"], "input": ["onnx::Conv_722_quantized", "onnx::Conv_722_scale", "onnx::Conv_722_zero_point"], "opType": "DequantizeLinear", "comment": "@79 [onnx::Conv_722_DequantizeLinear_Output:(ty=1,shape=[384,64,1,1])] DequantizeLinear [onnx::Conv_722_quantized:(ty=3,shape=[384,64,1,1]),onnx::Conv_722_scale:(ty=1,shape=[]),onnx::Conv_722_zero_point:(ty=3,shape=[])]", "device": "NPU"}, {"output": ["/lr_branch/backbone/features.8/conv/conv.0/Conv_output_0"], "input": ["/lr_branch/backbone/features.7/conv/conv.6/Conv_output_0_DequantizeLinear_Output", "onnx::Conv_722_DequantizeLinear_Output", "onnx::Conv_723_DequantizeLinear_Output"], "opType": "Conv", "comment": "@256 [/lr_branch/backbone/features.8/conv/conv.0/Conv_output_0:(ty=1,shape=[1,384,32,32])] Conv [/lr_branch/backbone/features.7/conv/conv.6/Conv_output_0_DequantizeLinear_Output:(ty=1,shape=[1,64,32,32]),onnx::Conv_722_DequantizeLinear_Output:(ty=1,shape=[384,64,1,1]),onnx::Conv_723_DequantizeLinear_Output:(ty=1,shape=[384])]", "device": "NPU"}, {"output": ["/lr_branch/backbone/features.8/conv/conv.2/Clip_output_0"], "input": ["/lr_branch/backbone/features.8/conv/conv.0/Conv_output_0", "/lr_branch/backbone/features.0/features.0.2/Constant_output_0", "/lr_branch/backbone/features.0/features.0.2/Constant_1_output_0"], "opType": "Clip", "comment": "@257 [/lr_branch/backbone/features.8/conv/conv.2/Clip_output_0:(ty=1,shape=[1,384,32,32])] Clip [/lr_branch/backbone/features.8/conv/conv.0/Conv_output_0:(ty=1,shape=[1,384,32,32]),/lr_branch/backbone/features.0/features.0.2/Constant_output_0:(ty=1,shape=[]),/lr_branch/backbone/features.0/features.0.2/Constant_1_output_0:(ty=1,shape=[])]", "device": "NPU"}, {"output": ["/lr_branch/backbone/features.8/conv/conv.2/Clip_output_0_QuantizeLinear_Output"], "input": ["/lr_branch/backbone/features.8/conv/conv.2/Clip_output_0", "onnx::Conv_674_scale", "/lr_branch/backbone/features.8/conv/conv.2/Clip_output_0_zero_point"], "opType": "QuantizeLinear", "comment": "@258 [/lr_branch/backbone/features.8/conv/conv.2/Clip_output_0_QuantizeLinear_Output:(ty=2,shape=[1,384,32,32])] QuantizeLinear [/lr_branch/backbone/features.8/conv/conv.2/Clip_output_0:(ty=1,shape=[1,384,32,32]),onnx::Conv_674_scale:(ty=1,shape=[]),/lr_branch/backbone/features.8/conv/conv.2/Clip_output_0_zero_point:(ty=2,shape=[])]", "device": "NPU"}, {"output": ["/lr_branch/backbone/features.8/conv/conv.2/Clip_output_0_DequantizeLinear_Output"], "input": ["/lr_branch/backbone/features.8/conv/conv.2/Clip_output_0_QuantizeLinear_Output", "onnx::Conv_674_scale", "/lr_branch/backbone/features.8/conv/conv.2/Clip_output_0_zero_point"], "opType": "DequantizeLinear", "comment": "@259 [/lr_branch/backbone/features.8/conv/conv.2/Clip_output_0_DequantizeLinear_Output:(ty=1,shape=[1,384,32,32])] DequantizeLinear [/lr_branch/backbone/features.8/conv/conv.2/Clip_output_0_QuantizeLinear_Output:(ty=2,shape=[1,384,32,32]),onnx::Conv_674_scale:(ty=1,shape=[]),/lr_branch/backbone/features.8/conv/conv.2/Clip_output_0_zero_point:(ty=2,shape=[])]", "device": "NPU"}, {"output": ["onnx::Conv_726_DequantizeLinear_Output"], "input": ["onnx::Conv_726_quantized", "onnx::Conv_683_scale", "onnx::Conv_726_zero_point"], "opType": "DequantizeLinear", "comment": "@82 [onnx::Conv_726_DequantizeLinear_Output:(ty=1,shape=[384])] DequantizeLinear [onnx::Conv_726_quantized:(ty=3,shape=[384]),onnx::Conv_683_scale:(ty=1,shape=[]),onnx::Conv_726_zero_point:(ty=3,shape=[])]", "device": "NPU"}, {"output": ["onnx::Conv_725_DequantizeLinear_Output"], "input": ["onnx::Conv_725_quantized", "/lr_branch/backbone/features.2/conv/conv.5/Clip_output_0_scale", "onnx::Conv_725_zero_point"], "opType": "DequantizeLinear", "comment": "@81 [onnx::Conv_725_DequantizeLinear_Output:(ty=1,shape=[384,1,3,3])] DequantizeLinear [onnx::Conv_725_quantized:(ty=3,shape=[384,1,3,3]),/lr_branch/backbone/features.2/conv/conv.5/Clip_output_0_scale:(ty=1,shape=[]),onnx::Conv_725_zero_point:(ty=3,shape=[])]", "device": "NPU"}, {"output": ["/lr_branch/backbone/features.8/conv/conv.3/Conv_output_0"], "input": ["/lr_branch/backbone/features.8/conv/conv.2/Clip_output_0_DequantizeLinear_Output", "onnx::Conv_725_DequantizeLinear_Output", "onnx::Conv_726_DequantizeLinear_Output"], "opType": "Conv", "comment": "@260 [/lr_branch/backbone/features.8/conv/conv.3/Conv_output_0:(ty=1,shape=[1,384,32,32])] Conv [/lr_branch/backbone/features.8/conv/conv.2/Clip_output_0_DequantizeLinear_Output:(ty=1,shape=[1,384,32,32]),onnx::Conv_725_DequantizeLinear_Output:(ty=1,shape=[384,1,3,3]),onnx::Conv_726_DequantizeLinear_Output:(ty=1,shape=[384])]", "device": "NPU"}, {"output": ["/lr_branch/backbone/features.8/conv/conv.5/Clip_output_0"], "input": ["/lr_branch/backbone/features.8/conv/conv.3/Conv_output_0", "/lr_branch/backbone/features.0/features.0.2/Constant_output_0", "/lr_branch/backbone/features.0/features.0.2/Constant_1_output_0"], "opType": "Clip", "comment": "@261 [/lr_branch/backbone/features.8/conv/conv.5/Clip_output_0:(ty=1,shape=[1,384,32,32])] Clip [/lr_branch/backbone/features.8/conv/conv.3/Conv_output_0:(ty=1,shape=[1,384,32,32]),/lr_branch/backbone/features.0/features.0.2/Constant_output_0:(ty=1,shape=[]),/lr_branch/backbone/features.0/features.0.2/Constant_1_output_0:(ty=1,shape=[])]", "device": "NPU"}, {"output": ["/lr_branch/backbone/features.8/conv/conv.5/Clip_output_0_QuantizeLinear_Output"], "input": ["/lr_branch/backbone/features.8/conv/conv.5/Clip_output_0", "onnx::Conv_683_scale", "/lr_branch/backbone/features.8/conv/conv.5/Clip_output_0_zero_point"], "opType": "QuantizeLinear", "comment": "@262 [/lr_branch/backbone/features.8/conv/conv.5/Clip_output_0_QuantizeLinear_Output:(ty=2,shape=[1,384,32,32])] QuantizeLinear [/lr_branch/backbone/features.8/conv/conv.5/Clip_output_0:(ty=1,shape=[1,384,32,32]),onnx::Conv_683_scale:(ty=1,shape=[]),/lr_branch/backbone/features.8/conv/conv.5/Clip_output_0_zero_point:(ty=2,shape=[])]", "device": "NPU"}, {"output": ["/lr_branch/backbone/features.8/conv/conv.5/Clip_output_0_DequantizeLinear_Output"], "input": ["/lr_branch/backbone/features.8/conv/conv.5/Clip_output_0_QuantizeLinear_Output", "onnx::Conv_683_scale", "/lr_branch/backbone/features.8/conv/conv.5/Clip_output_0_zero_point"], "opType": "DequantizeLinear", "comment": "@263 [/lr_branch/backbone/features.8/conv/conv.5/Clip_output_0_DequantizeLinear_Output:(ty=1,shape=[1,384,32,32])] DequantizeLinear [/lr_branch/backbone/features.8/conv/conv.5/Clip_output_0_QuantizeLinear_Output:(ty=2,shape=[1,384,32,32]),onnx::Conv_683_scale:(ty=1,shape=[]),/lr_branch/backbone/features.8/conv/conv.5/Clip_output_0_zero_point:(ty=2,shape=[])]", "device": "NPU"}, {"output": ["onnx::Conv_729_DequantizeLinear_Output"], "input": ["onnx::Conv_729_quantized", "onnx::Conv_683_scale", "onnx::Conv_729_zero_point"], "opType": "DequantizeLinear", "comment": "@84 [onnx::Conv_729_DequantizeLinear_Output:(ty=1,shape=[64])] DequantizeLinear [onnx::Conv_729_quantized:(ty=3,shape=[64]),onnx::Conv_683_scale:(ty=1,shape=[]),onnx::Conv_729_zero_point:(ty=3,shape=[])]", "device": "NPU"}, {"output": ["onnx::Conv_728_DequantizeLinear_Output"], "input": ["onnx::Conv_728_quantized", "onnx::Conv_674_scale", "onnx::Conv_728_zero_point"], "opType": "DequantizeLinear", "comment": "@83 [onnx::Conv_728_DequantizeLinear_Output:(ty=1,shape=[64,384,1,1])] DequantizeLinear [onnx::Conv_728_quantized:(ty=3,shape=[64,384,1,1]),onnx::Conv_674_scale:(ty=1,shape=[]),onnx::Conv_728_zero_point:(ty=3,shape=[])]", "device": "NPU"}, {"output": ["/lr_branch/backbone/features.8/conv/conv.6/Conv_output_0"], "input": ["/lr_branch/backbone/features.8/conv/conv.5/Clip_output_0_DequantizeLinear_Output", "onnx::Conv_728_DequantizeLinear_Output", "onnx::Conv_729_DequantizeLinear_Output"], "opType": "Conv", "comment": "@264 [/lr_branch/backbone/features.8/conv/conv.6/Conv_output_0:(ty=1,shape=[1,64,32,32])] Conv [/lr_branch/backbone/features.8/conv/conv.5/Clip_output_0_DequantizeLinear_Output:(ty=1,shape=[1,384,32,32]),onnx::Conv_728_DequantizeLinear_Output:(ty=1,shape=[64,384,1,1]),onnx::Conv_729_DequantizeLinear_Output:(ty=1,shape=[64])]", "device": "NPU"}, {"output": ["/lr_branch/backbone/features.8/conv/conv.6/Conv_output_0_QuantizeLinear_Output"], "input": ["/lr_branch/backbone/features.8/conv/conv.6/Conv_output_0", "onnx::Conv_672_scale", "/lr_branch/backbone/features.8/conv/conv.6/Conv_output_0_zero_point"], "opType": "QuantizeLinear", "comment": "@265 [/lr_branch/backbone/features.8/conv/conv.6/Conv_output_0_QuantizeLinear_Output:(ty=2,shape=[1,64,32,32])] QuantizeLinear [/lr_branch/backbone/features.8/conv/conv.6/Conv_output_0:(ty=1,shape=[1,64,32,32]),onnx::Conv_672_scale:(ty=1,shape=[]),/lr_branch/backbone/features.8/conv/conv.6/Conv_output_0_zero_point:(ty=2,shape=[])]", "device": "NPU"}, {"output": ["/lr_branch/backbone/features.8/conv/conv.6/Conv_output_0_DequantizeLinear_Output"], "input": ["/lr_branch/backbone/features.8/conv/conv.6/Conv_output_0_QuantizeLinear_Output", "onnx::Conv_672_scale", "/lr_branch/backbone/features.8/conv/conv.6/Conv_output_0_zero_point"], "opType": "DequantizeLinear", "comment": "@266 [/lr_branch/backbone/features.8/conv/conv.6/Conv_output_0_DequantizeLinear_Output:(ty=1,shape=[1,64,32,32])] DequantizeLinear [/lr_branch/backbone/features.8/conv/conv.6/Conv_output_0_QuantizeLinear_Output:(ty=2,shape=[1,64,32,32]),onnx::Conv_672_scale:(ty=1,shape=[]),/lr_branch/backbone/features.8/conv/conv.6/Conv_output_0_zero_point:(ty=2,shape=[])]", "device": "NPU"}, {"output": ["/lr_branch/backbone/features.8/Add_output_0"], "input": ["/lr_branch/backbone/features.7/conv/conv.6/Conv_output_0_DequantizeLinear_Output/duplicated", "/lr_branch/backbone/features.8/conv/conv.6/Conv_output_0_DequantizeLinear_Output"], "opType": "Add", "comment": "@267 [/lr_branch/backbone/features.8/Add_output_0:(ty=1,shape=[1,64,32,32])] Add [/lr_branch/backbone/features.7/conv/conv.6/Conv_output_0_DequantizeLinear_Output/duplicated:(ty=1,shape=[1,64,32,32]),/lr_branch/backbone/features.8/conv/conv.6/Conv_output_0_DequantizeLinear_Output:(ty=1,shape=[1,64,32,32])]", "device": "NPU"}, {"output": ["/lr_branch/backbone/features.8/Add_output_0_QuantizeLinear_Output"], "input": ["/lr_branch/backbone/features.8/Add_output_0", "onnx::Conv_672_scale", "/lr_branch/backbone/features.8/Add_output_0_zero_point"], "opType": "QuantizeLinear", "comment": "@268 [/lr_branch/backbone/features.8/Add_output_0_QuantizeLinear_Output:(ty=2,shape=[1,64,32,32])] QuantizeLinear [/lr_branch/backbone/features.8/Add_output_0:(ty=1,shape=[1,64,32,32]),onnx::Conv_672_scale:(ty=1,shape=[]),/lr_branch/backbone/features.8/Add_output_0_zero_point:(ty=2,shape=[])]", "device": "NPU"}, {"output": ["/lr_branch/backbone/features.8/Add_output_0_DequantizeLinear_Output/duplicated"], "input": ["/lr_branch/backbone/features.8/Add_output_0_QuantizeLinear_Output", "onnx::Conv_672_scale", "/lr_branch/backbone/features.8/Add_output_0_zero_point"], "opType": "DequantizeLinear", "comment": "@499 [/lr_branch/backbone/features.8/Add_output_0_DequantizeLinear_Output/duplicated:(ty=1,shape=[1,64,32,32])] DequantizeLinear [/lr_branch/backbone/features.8/Add_output_0_QuantizeLinear_Output:(ty=2,shape=[1,64,32,32]),onnx::Conv_672_scale:(ty=1,shape=[]),/lr_branch/backbone/features.8/Add_output_0_zero_point:(ty=2,shape=[])]", "device": "NPU"}, {"output": ["/lr_branch/backbone/features.8/Add_output_0_DequantizeLinear_Output"], "input": ["/lr_branch/backbone/features.8/Add_output_0_QuantizeLinear_Output", "onnx::Conv_672_scale", "/lr_branch/backbone/features.8/Add_output_0_zero_point"], "opType": "DequantizeLinear", "comment": "@269 [/lr_branch/backbone/features.8/Add_output_0_DequantizeLinear_Output:(ty=1,shape=[1,64,32,32])] DequantizeLinear [/lr_branch/backbone/features.8/Add_output_0_QuantizeLinear_Output:(ty=2,shape=[1,64,32,32]),onnx::Conv_672_scale:(ty=1,shape=[]),/lr_branch/backbone/features.8/Add_output_0_zero_point:(ty=2,shape=[])]", "device": "NPU"}, {"output": ["onnx::Conv_732_DequantizeLinear_Output"], "input": ["onnx::Conv_732_quantized", "onnx::Conv_696_scale", "onnx::Conv_732_zero_point"], "opType": "DequantizeLinear", "comment": "@86 [onnx::Conv_732_DequantizeLinear_Output:(ty=1,shape=[384])] DequantizeLinear [onnx::Conv_732_quantized:(ty=3,shape=[384]),onnx::Conv_696_scale:(ty=1,shape=[]),onnx::Conv_732_zero_point:(ty=3,shape=[])]", "device": "NPU"}, {"output": ["onnx::Conv_731_DequantizeLinear_Output"], "input": ["onnx::Conv_731_quantized", "onnx::Conv_722_scale", "onnx::Conv_731_zero_point"], "opType": "DequantizeLinear", "comment": "@85 [onnx::Conv_731_DequantizeLinear_Output:(ty=1,shape=[384,64,1,1])] DequantizeLinear [onnx::Conv_731_quantized:(ty=3,shape=[384,64,1,1]),onnx::Conv_722_scale:(ty=1,shape=[]),onnx::Conv_731_zero_point:(ty=3,shape=[])]", "device": "NPU"}, {"output": ["/lr_branch/backbone/features.9/conv/conv.0/Conv_output_0"], "input": ["/lr_branch/backbone/features.8/Add_output_0_DequantizeLinear_Output", "onnx::Conv_731_DequantizeLinear_Output", "onnx::Conv_732_DequantizeLinear_Output"], "opType": "Conv", "comment": "@270 [/lr_branch/backbone/features.9/conv/conv.0/Conv_output_0:(ty=1,shape=[1,384,32,32])] Conv [/lr_branch/backbone/features.8/Add_output_0_DequantizeLinear_Output:(ty=1,shape=[1,64,32,32]),onnx::Conv_731_DequantizeLinear_Output:(ty=1,shape=[384,64,1,1]),onnx::Conv_732_DequantizeLinear_Output:(ty=1,shape=[384])]", "device": "NPU"}, {"output": ["/lr_branch/backbone/features.9/conv/conv.2/Clip_output_0"], "input": ["/lr_branch/backbone/features.9/conv/conv.0/Conv_output_0", "/lr_branch/backbone/features.0/features.0.2/Constant_output_0", "/lr_branch/backbone/features.0/features.0.2/Constant_1_output_0"], "opType": "Clip", "comment": "@271 [/lr_branch/backbone/features.9/conv/conv.2/Clip_output_0:(ty=1,shape=[1,384,32,32])] Clip [/lr_branch/backbone/features.9/conv/conv.0/Conv_output_0:(ty=1,shape=[1,384,32,32]),/lr_branch/backbone/features.0/features.0.2/Constant_output_0:(ty=1,shape=[]),/lr_branch/backbone/features.0/features.0.2/Constant_1_output_0:(ty=1,shape=[])]", "device": "NPU"}, {"output": ["/lr_branch/backbone/features.9/conv/conv.2/Clip_output_0_QuantizeLinear_Output"], "input": ["/lr_branch/backbone/features.9/conv/conv.2/Clip_output_0", "onnx::Conv_674_scale", "/lr_branch/backbone/features.9/conv/conv.2/Clip_output_0_zero_point"], "opType": "QuantizeLinear", "comment": "@272 [/lr_branch/backbone/features.9/conv/conv.2/Clip_output_0_QuantizeLinear_Output:(ty=2,shape=[1,384,32,32])] QuantizeLinear [/lr_branch/backbone/features.9/conv/conv.2/Clip_output_0:(ty=1,shape=[1,384,32,32]),onnx::Conv_674_scale:(ty=1,shape=[]),/lr_branch/backbone/features.9/conv/conv.2/Clip_output_0_zero_point:(ty=2,shape=[])]", "device": "NPU"}, {"output": ["/lr_branch/backbone/features.9/conv/conv.2/Clip_output_0_DequantizeLinear_Output"], "input": ["/lr_branch/backbone/features.9/conv/conv.2/Clip_output_0_QuantizeLinear_Output", "onnx::Conv_674_scale", "/lr_branch/backbone/features.9/conv/conv.2/Clip_output_0_zero_point"], "opType": "DequantizeLinear", "comment": "@273 [/lr_branch/backbone/features.9/conv/conv.2/Clip_output_0_DequantizeLinear_Output:(ty=1,shape=[1,384,32,32])] DequantizeLinear [/lr_branch/backbone/features.9/conv/conv.2/Clip_output_0_QuantizeLinear_Output:(ty=2,shape=[1,384,32,32]),onnx::Conv_674_scale:(ty=1,shape=[]),/lr_branch/backbone/features.9/conv/conv.2/Clip_output_0_zero_point:(ty=2,shape=[])]", "device": "NPU"}, {"output": ["onnx::Conv_735_DequantizeLinear_Output"], "input": ["onnx::Conv_735_quantized", "onnx::Conv_674_scale", "onnx::Conv_735_zero_point"], "opType": "DequantizeLinear", "comment": "@88 [onnx::Conv_735_DequantizeLinear_Output:(ty=1,shape=[384])] DequantizeLinear [onnx::Conv_735_quantized:(ty=3,shape=[384]),onnx::Conv_674_scale:(ty=1,shape=[]),onnx::Conv_735_zero_point:(ty=3,shape=[])]", "device": "NPU"}, {"output": ["onnx::Conv_734_DequantizeLinear_Output"], "input": ["onnx::Conv_734_quantized", "onnx::Conv_672_scale", "onnx::Conv_734_zero_point"], "opType": "DequantizeLinear", "comment": "@87 [onnx::Conv_734_DequantizeLinear_Output:(ty=1,shape=[384,1,3,3])] DequantizeLinear [onnx::Conv_734_quantized:(ty=3,shape=[384,1,3,3]),onnx::Conv_672_scale:(ty=1,shape=[]),onnx::Conv_734_zero_point:(ty=3,shape=[])]", "device": "NPU"}, {"output": ["/lr_branch/backbone/features.9/conv/conv.3/Conv_output_0"], "input": ["/lr_branch/backbone/features.9/conv/conv.2/Clip_output_0_DequantizeLinear_Output", "onnx::Conv_734_DequantizeLinear_Output", "onnx::Conv_735_DequantizeLinear_Output"], "opType": "Conv", "comment": "@274 [/lr_branch/backbone/features.9/conv/conv.3/Conv_output_0:(ty=1,shape=[1,384,32,32])] Conv [/lr_branch/backbone/features.9/conv/conv.2/Clip_output_0_DequantizeLinear_Output:(ty=1,shape=[1,384,32,32]),onnx::Conv_734_DequantizeLinear_Output:(ty=1,shape=[384,1,3,3]),onnx::Conv_735_DequantizeLinear_Output:(ty=1,shape=[384])]", "device": "NPU"}, {"output": ["/lr_branch/backbone/features.9/conv/conv.5/Clip_output_0"], "input": ["/lr_branch/backbone/features.9/conv/conv.3/Conv_output_0", "/lr_branch/backbone/features.0/features.0.2/Constant_output_0", "/lr_branch/backbone/features.0/features.0.2/Constant_1_output_0"], "opType": "Clip", "comment": "@275 [/lr_branch/backbone/features.9/conv/conv.5/Clip_output_0:(ty=1,shape=[1,384,32,32])] Clip [/lr_branch/backbone/features.9/conv/conv.3/Conv_output_0:(ty=1,shape=[1,384,32,32]),/lr_branch/backbone/features.0/features.0.2/Constant_output_0:(ty=1,shape=[]),/lr_branch/backbone/features.0/features.0.2/Constant_1_output_0:(ty=1,shape=[])]", "device": "NPU"}, {"output": ["/lr_branch/backbone/features.9/conv/conv.5/Clip_output_0_QuantizeLinear_Output"], "input": ["/lr_branch/backbone/features.9/conv/conv.5/Clip_output_0", "onnx::Conv_683_scale", "/lr_branch/backbone/features.9/conv/conv.5/Clip_output_0_zero_point"], "opType": "QuantizeLinear", "comment": "@276 [/lr_branch/backbone/features.9/conv/conv.5/Clip_output_0_QuantizeLinear_Output:(ty=2,shape=[1,384,32,32])] QuantizeLinear [/lr_branch/backbone/features.9/conv/conv.5/Clip_output_0:(ty=1,shape=[1,384,32,32]),onnx::Conv_683_scale:(ty=1,shape=[]),/lr_branch/backbone/features.9/conv/conv.5/Clip_output_0_zero_point:(ty=2,shape=[])]", "device": "NPU"}, {"output": ["/lr_branch/backbone/features.9/conv/conv.5/Clip_output_0_DequantizeLinear_Output"], "input": ["/lr_branch/backbone/features.9/conv/conv.5/Clip_output_0_QuantizeLinear_Output", "onnx::Conv_683_scale", "/lr_branch/backbone/features.9/conv/conv.5/Clip_output_0_zero_point"], "opType": "DequantizeLinear", "comment": "@277 [/lr_branch/backbone/features.9/conv/conv.5/Clip_output_0_DequantizeLinear_Output:(ty=1,shape=[1,384,32,32])] DequantizeLinear [/lr_branch/backbone/features.9/conv/conv.5/Clip_output_0_QuantizeLinear_Output:(ty=2,shape=[1,384,32,32]),onnx::Conv_683_scale:(ty=1,shape=[]),/lr_branch/backbone/features.9/conv/conv.5/Clip_output_0_zero_point:(ty=2,shape=[])]", "device": "NPU"}, {"output": ["onnx::Conv_738_DequantizeLinear_Output"], "input": ["onnx::Conv_738_quantized", "onnx::Conv_683_scale", "onnx::Conv_738_zero_point"], "opType": "DequantizeLinear", "comment": "@90 [onnx::Conv_738_DequantizeLinear_Output:(ty=1,shape=[64])] DequantizeLinear [onnx::Conv_738_quantized:(ty=3,shape=[64]),onnx::Conv_683_scale:(ty=1,shape=[]),onnx::Conv_738_zero_point:(ty=3,shape=[])]", "device": "NPU"}, {"output": ["onnx::Conv_737_DequantizeLinear_Output"], "input": ["onnx::Conv_737_quantized", "onnx::Conv_674_scale", "onnx::Conv_737_zero_point"], "opType": "DequantizeLinear", "comment": "@89 [onnx::Conv_737_DequantizeLinear_Output:(ty=1,shape=[64,384,1,1])] DequantizeLinear [onnx::Conv_737_quantized:(ty=3,shape=[64,384,1,1]),onnx::Conv_674_scale:(ty=1,shape=[]),onnx::Conv_737_zero_point:(ty=3,shape=[])]", "device": "NPU"}, {"output": ["/lr_branch/backbone/features.9/conv/conv.6/Conv_output_0"], "input": ["/lr_branch/backbone/features.9/conv/conv.5/Clip_output_0_DequantizeLinear_Output", "onnx::Conv_737_DequantizeLinear_Output", "onnx::Conv_738_DequantizeLinear_Output"], "opType": "Conv", "comment": "@278 [/lr_branch/backbone/features.9/conv/conv.6/Conv_output_0:(ty=1,shape=[1,64,32,32])] Conv [/lr_branch/backbone/features.9/conv/conv.5/Clip_output_0_DequantizeLinear_Output:(ty=1,shape=[1,384,32,32]),onnx::Conv_737_DequantizeLinear_Output:(ty=1,shape=[64,384,1,1]),onnx::Conv_738_DequantizeLinear_Output:(ty=1,shape=[64])]", "device": "NPU"}, {"output": ["/lr_branch/backbone/features.9/conv/conv.6/Conv_output_0_QuantizeLinear_Output"], "input": ["/lr_branch/backbone/features.9/conv/conv.6/Conv_output_0", "onnx::Conv_683_scale", "/lr_branch/backbone/features.9/conv/conv.6/Conv_output_0_zero_point"], "opType": "QuantizeLinear", "comment": "@279 [/lr_branch/backbone/features.9/conv/conv.6/Conv_output_0_QuantizeLinear_Output:(ty=2,shape=[1,64,32,32])] QuantizeLinear [/lr_branch/backbone/features.9/conv/conv.6/Conv_output_0:(ty=1,shape=[1,64,32,32]),onnx::Conv_683_scale:(ty=1,shape=[]),/lr_branch/backbone/features.9/conv/conv.6/Conv_output_0_zero_point:(ty=2,shape=[])]", "device": "NPU"}, {"output": ["/lr_branch/backbone/features.9/conv/conv.6/Conv_output_0_DequantizeLinear_Output"], "input": ["/lr_branch/backbone/features.9/conv/conv.6/Conv_output_0_QuantizeLinear_Output", "onnx::Conv_683_scale", "/lr_branch/backbone/features.9/conv/conv.6/Conv_output_0_zero_point"], "opType": "DequantizeLinear", "comment": "@280 [/lr_branch/backbone/features.9/conv/conv.6/Conv_output_0_DequantizeLinear_Output:(ty=1,shape=[1,64,32,32])] DequantizeLinear [/lr_branch/backbone/features.9/conv/conv.6/Conv_output_0_QuantizeLinear_Output:(ty=2,shape=[1,64,32,32]),onnx::Conv_683_scale:(ty=1,shape=[]),/lr_branch/backbone/features.9/conv/conv.6/Conv_output_0_zero_point:(ty=2,shape=[])]", "device": "NPU"}, {"output": ["/lr_branch/backbone/features.9/Add_output_0"], "input": ["/lr_branch/backbone/features.8/Add_output_0_DequantizeLinear_Output/duplicated", "/lr_branch/backbone/features.9/conv/conv.6/Conv_output_0_DequantizeLinear_Output"], "opType": "Add", "comment": "@281 [/lr_branch/backbone/features.9/Add_output_0:(ty=1,shape=[1,64,32,32])] Add [/lr_branch/backbone/features.8/Add_output_0_DequantizeLinear_Output/duplicated:(ty=1,shape=[1,64,32,32]),/lr_branch/backbone/features.9/conv/conv.6/Conv_output_0_DequantizeLinear_Output:(ty=1,shape=[1,64,32,32])]", "device": "NPU"}, {"output": ["/lr_branch/backbone/features.9/Add_output_0_QuantizeLinear_Output"], "input": ["/lr_branch/backbone/features.9/Add_output_0", "onnx::Conv_672_scale", "/lr_branch/backbone/features.9/Add_output_0_zero_point"], "opType": "QuantizeLinear", "comment": "@282 [/lr_branch/backbone/features.9/Add_output_0_QuantizeLinear_Output:(ty=2,shape=[1,64,32,32])] QuantizeLinear [/lr_branch/backbone/features.9/Add_output_0:(ty=1,shape=[1,64,32,32]),onnx::Conv_672_scale:(ty=1,shape=[]),/lr_branch/backbone/features.9/Add_output_0_zero_point:(ty=2,shape=[])]", "device": "NPU"}, {"output": ["/lr_branch/backbone/features.9/Add_output_0_DequantizeLinear_Output/duplicated"], "input": ["/lr_branch/backbone/features.9/Add_output_0_QuantizeLinear_Output", "onnx::Conv_672_scale", "/lr_branch/backbone/features.9/Add_output_0_zero_point"], "opType": "DequantizeLinear", "comment": "@500 [/lr_branch/backbone/features.9/Add_output_0_DequantizeLinear_Output/duplicated:(ty=1,shape=[1,64,32,32])] DequantizeLinear [/lr_branch/backbone/features.9/Add_output_0_QuantizeLinear_Output:(ty=2,shape=[1,64,32,32]),onnx::Conv_672_scale:(ty=1,shape=[]),/lr_branch/backbone/features.9/Add_output_0_zero_point:(ty=2,shape=[])]", "device": "NPU"}, {"output": ["/lr_branch/backbone/features.9/Add_output_0_DequantizeLinear_Output"], "input": ["/lr_branch/backbone/features.9/Add_output_0_QuantizeLinear_Output", "onnx::Conv_672_scale", "/lr_branch/backbone/features.9/Add_output_0_zero_point"], "opType": "DequantizeLinear", "comment": "@283 [/lr_branch/backbone/features.9/Add_output_0_DequantizeLinear_Output:(ty=1,shape=[1,64,32,32])] DequantizeLinear [/lr_branch/backbone/features.9/Add_output_0_QuantizeLinear_Output:(ty=2,shape=[1,64,32,32]),onnx::Conv_672_scale:(ty=1,shape=[]),/lr_branch/backbone/features.9/Add_output_0_zero_point:(ty=2,shape=[])]", "device": "NPU"}, {"output": ["onnx::Conv_741_DequantizeLinear_Output"], "input": ["onnx::Conv_741_quantized", "onnx::Conv_696_scale", "onnx::Conv_741_zero_point"], "opType": "DequantizeLinear", "comment": "@92 [onnx::Conv_741_DequantizeLinear_Output:(ty=1,shape=[384])] DequantizeLinear [onnx::Conv_741_quantized:(ty=3,shape=[384]),onnx::Conv_696_scale:(ty=1,shape=[]),onnx::Conv_741_zero_point:(ty=3,shape=[])]", "device": "NPU"}, {"output": ["onnx::Conv_740_DequantizeLinear_Output"], "input": ["onnx::Conv_740_quantized", "onnx::Conv_722_scale", "onnx::Conv_740_zero_point"], "opType": "DequantizeLinear", "comment": "@91 [onnx::Conv_740_DequantizeLinear_Output:(ty=1,shape=[384,64,1,1])] DequantizeLinear [onnx::Conv_740_quantized:(ty=3,shape=[384,64,1,1]),onnx::Conv_722_scale:(ty=1,shape=[]),onnx::Conv_740_zero_point:(ty=3,shape=[])]", "device": "NPU"}, {"output": ["/lr_branch/backbone/features.10/conv/conv.0/Conv_output_0"], "input": ["/lr_branch/backbone/features.9/Add_output_0_DequantizeLinear_Output", "onnx::Conv_740_DequantizeLinear_Output", "onnx::Conv_741_DequantizeLinear_Output"], "opType": "Conv", "comment": "@284 [/lr_branch/backbone/features.10/conv/conv.0/Conv_output_0:(ty=1,shape=[1,384,32,32])] Conv [/lr_branch/backbone/features.9/Add_output_0_DequantizeLinear_Output:(ty=1,shape=[1,64,32,32]),onnx::Conv_740_DequantizeLinear_Output:(ty=1,shape=[384,64,1,1]),onnx::Conv_741_DequantizeLinear_Output:(ty=1,shape=[384])]", "device": "NPU"}, {"output": ["/lr_branch/backbone/features.10/conv/conv.2/Clip_output_0"], "input": ["/lr_branch/backbone/features.10/conv/conv.0/Conv_output_0", "/lr_branch/backbone/features.0/features.0.2/Constant_output_0", "/lr_branch/backbone/features.0/features.0.2/Constant_1_output_0"], "opType": "Clip", "comment": "@285 [/lr_branch/backbone/features.10/conv/conv.2/Clip_output_0:(ty=1,shape=[1,384,32,32])] Clip [/lr_branch/backbone/features.10/conv/conv.0/Conv_output_0:(ty=1,shape=[1,384,32,32]),/lr_branch/backbone/features.0/features.0.2/Constant_output_0:(ty=1,shape=[]),/lr_branch/backbone/features.0/features.0.2/Constant_1_output_0:(ty=1,shape=[])]", "device": "NPU"}, {"output": ["/lr_branch/backbone/features.10/conv/conv.2/Clip_output_0_QuantizeLinear_Output"], "input": ["/lr_branch/backbone/features.10/conv/conv.2/Clip_output_0", "onnx::Conv_674_scale", "/lr_branch/backbone/features.10/conv/conv.2/Clip_output_0_zero_point"], "opType": "QuantizeLinear", "comment": "@286 [/lr_branch/backbone/features.10/conv/conv.2/Clip_output_0_QuantizeLinear_Output:(ty=2,shape=[1,384,32,32])] QuantizeLinear [/lr_branch/backbone/features.10/conv/conv.2/Clip_output_0:(ty=1,shape=[1,384,32,32]),onnx::Conv_674_scale:(ty=1,shape=[]),/lr_branch/backbone/features.10/conv/conv.2/Clip_output_0_zero_point:(ty=2,shape=[])]", "device": "NPU"}, {"output": ["/lr_branch/backbone/features.10/conv/conv.2/Clip_output_0_DequantizeLinear_Output"], "input": ["/lr_branch/backbone/features.10/conv/conv.2/Clip_output_0_QuantizeLinear_Output", "onnx::Conv_674_scale", "/lr_branch/backbone/features.10/conv/conv.2/Clip_output_0_zero_point"], "opType": "DequantizeLinear", "comment": "@287 [/lr_branch/backbone/features.10/conv/conv.2/Clip_output_0_DequantizeLinear_Output:(ty=1,shape=[1,384,32,32])] DequantizeLinear [/lr_branch/backbone/features.10/conv/conv.2/Clip_output_0_QuantizeLinear_Output:(ty=2,shape=[1,384,32,32]),onnx::Conv_674_scale:(ty=1,shape=[]),/lr_branch/backbone/features.10/conv/conv.2/Clip_output_0_zero_point:(ty=2,shape=[])]", "device": "NPU"}, {"output": ["onnx::Conv_744_DequantizeLinear_Output"], "input": ["onnx::Conv_744_quantized", "onnx::Conv_683_scale", "onnx::Conv_744_zero_point"], "opType": "DequantizeLinear", "comment": "@94 [onnx::Conv_744_DequantizeLinear_Output:(ty=1,shape=[384])] DequantizeLinear [onnx::Conv_744_quantized:(ty=3,shape=[384]),onnx::Conv_683_scale:(ty=1,shape=[]),onnx::Conv_744_zero_point:(ty=3,shape=[])]", "device": "NPU"}, {"output": ["onnx::Conv_743_DequantizeLinear_Output"], "input": ["onnx::Conv_743_quantized", "onnx::Conv_672_scale", "onnx::Conv_743_zero_point"], "opType": "DequantizeLinear", "comment": "@93 [onnx::Conv_743_DequantizeLinear_Output:(ty=1,shape=[384,1,3,3])] DequantizeLinear [onnx::Conv_743_quantized:(ty=3,shape=[384,1,3,3]),onnx::Conv_672_scale:(ty=1,shape=[]),onnx::Conv_743_zero_point:(ty=3,shape=[])]", "device": "NPU"}, {"output": ["/lr_branch/backbone/features.10/conv/conv.3/Conv_output_0"], "input": ["/lr_branch/backbone/features.10/conv/conv.2/Clip_output_0_DequantizeLinear_Output", "onnx::Conv_743_DequantizeLinear_Output", "onnx::Conv_744_DequantizeLinear_Output"], "opType": "Conv", "comment": "@288 [/lr_branch/backbone/features.10/conv/conv.3/Conv_output_0:(ty=1,shape=[1,384,32,32])] Conv [/lr_branch/backbone/features.10/conv/conv.2/Clip_output_0_DequantizeLinear_Output:(ty=1,shape=[1,384,32,32]),onnx::Conv_743_DequantizeLinear_Output:(ty=1,shape=[384,1,3,3]),onnx::Conv_744_DequantizeLinear_Output:(ty=1,shape=[384])]", "device": "NPU"}, {"output": ["/lr_branch/backbone/features.10/conv/conv.5/Clip_output_0"], "input": ["/lr_branch/backbone/features.10/conv/conv.3/Conv_output_0", "/lr_branch/backbone/features.0/features.0.2/Constant_output_0", "/lr_branch/backbone/features.0/features.0.2/Constant_1_output_0"], "opType": "Clip", "comment": "@289 [/lr_branch/backbone/features.10/conv/conv.5/Clip_output_0:(ty=1,shape=[1,384,32,32])] Clip [/lr_branch/backbone/features.10/conv/conv.3/Conv_output_0:(ty=1,shape=[1,384,32,32]),/lr_branch/backbone/features.0/features.0.2/Constant_output_0:(ty=1,shape=[]),/lr_branch/backbone/features.0/features.0.2/Constant_1_output_0:(ty=1,shape=[])]", "device": "NPU"}, {"output": ["/lr_branch/backbone/features.10/conv/conv.5/Clip_output_0_QuantizeLinear_Output"], "input": ["/lr_branch/backbone/features.10/conv/conv.5/Clip_output_0", "onnx::Conv_683_scale", "/lr_branch/backbone/features.10/conv/conv.5/Clip_output_0_zero_point"], "opType": "QuantizeLinear", "comment": "@290 [/lr_branch/backbone/features.10/conv/conv.5/Clip_output_0_QuantizeLinear_Output:(ty=2,shape=[1,384,32,32])] QuantizeLinear [/lr_branch/backbone/features.10/conv/conv.5/Clip_output_0:(ty=1,shape=[1,384,32,32]),onnx::Conv_683_scale:(ty=1,shape=[]),/lr_branch/backbone/features.10/conv/conv.5/Clip_output_0_zero_point:(ty=2,shape=[])]", "device": "NPU"}, {"output": ["/lr_branch/backbone/features.10/conv/conv.5/Clip_output_0_DequantizeLinear_Output"], "input": ["/lr_branch/backbone/features.10/conv/conv.5/Clip_output_0_QuantizeLinear_Output", "onnx::Conv_683_scale", "/lr_branch/backbone/features.10/conv/conv.5/Clip_output_0_zero_point"], "opType": "DequantizeLinear", "comment": "@291 [/lr_branch/backbone/features.10/conv/conv.5/Clip_output_0_DequantizeLinear_Output:(ty=1,shape=[1,384,32,32])] DequantizeLinear [/lr_branch/backbone/features.10/conv/conv.5/Clip_output_0_QuantizeLinear_Output:(ty=2,shape=[1,384,32,32]),onnx::Conv_683_scale:(ty=1,shape=[]),/lr_branch/backbone/features.10/conv/conv.5/Clip_output_0_zero_point:(ty=2,shape=[])]", "device": "NPU"}, {"output": ["onnx::Conv_747_DequantizeLinear_Output"], "input": ["onnx::Conv_747_quantized", "onnx::Conv_683_scale", "onnx::Conv_747_zero_point"], "opType": "DequantizeLinear", "comment": "@96 [onnx::Conv_747_DequantizeLinear_Output:(ty=1,shape=[64])] DequantizeLinear [onnx::Conv_747_quantized:(ty=3,shape=[64]),onnx::Conv_683_scale:(ty=1,shape=[]),onnx::Conv_747_zero_point:(ty=3,shape=[])]", "device": "NPU"}, {"output": ["onnx::Conv_746_DequantizeLinear_Output"], "input": ["onnx::Conv_746_quantized", "onnx::Conv_674_scale", "onnx::Conv_746_zero_point"], "opType": "DequantizeLinear", "comment": "@95 [onnx::Conv_746_DequantizeLinear_Output:(ty=1,shape=[64,384,1,1])] DequantizeLinear [onnx::Conv_746_quantized:(ty=3,shape=[64,384,1,1]),onnx::Conv_674_scale:(ty=1,shape=[]),onnx::Conv_746_zero_point:(ty=3,shape=[])]", "device": "NPU"}, {"output": ["/lr_branch/backbone/features.10/conv/conv.6/Conv_output_0"], "input": ["/lr_branch/backbone/features.10/conv/conv.5/Clip_output_0_DequantizeLinear_Output", "onnx::Conv_746_DequantizeLinear_Output", "onnx::Conv_747_DequantizeLinear_Output"], "opType": "Conv", "comment": "@292 [/lr_branch/backbone/features.10/conv/conv.6/Conv_output_0:(ty=1,shape=[1,64,32,32])] Conv [/lr_branch/backbone/features.10/conv/conv.5/Clip_output_0_DequantizeLinear_Output:(ty=1,shape=[1,384,32,32]),onnx::Conv_746_DequantizeLinear_Output:(ty=1,shape=[64,384,1,1]),onnx::Conv_747_DequantizeLinear_Output:(ty=1,shape=[64])]", "device": "NPU"}, {"output": ["/lr_branch/backbone/features.10/conv/conv.6/Conv_output_0_QuantizeLinear_Output"], "input": ["/lr_branch/backbone/features.10/conv/conv.6/Conv_output_0", "onnx::Conv_683_scale", "/lr_branch/backbone/features.10/conv/conv.6/Conv_output_0_zero_point"], "opType": "QuantizeLinear", "comment": "@293 [/lr_branch/backbone/features.10/conv/conv.6/Conv_output_0_QuantizeLinear_Output:(ty=2,shape=[1,64,32,32])] QuantizeLinear [/lr_branch/backbone/features.10/conv/conv.6/Conv_output_0:(ty=1,shape=[1,64,32,32]),onnx::Conv_683_scale:(ty=1,shape=[]),/lr_branch/backbone/features.10/conv/conv.6/Conv_output_0_zero_point:(ty=2,shape=[])]", "device": "NPU"}, {"output": ["/lr_branch/backbone/features.10/conv/conv.6/Conv_output_0_DequantizeLinear_Output"], "input": ["/lr_branch/backbone/features.10/conv/conv.6/Conv_output_0_QuantizeLinear_Output", "onnx::Conv_683_scale", "/lr_branch/backbone/features.10/conv/conv.6/Conv_output_0_zero_point"], "opType": "DequantizeLinear", "comment": "@294 [/lr_branch/backbone/features.10/conv/conv.6/Conv_output_0_DequantizeLinear_Output:(ty=1,shape=[1,64,32,32])] DequantizeLinear [/lr_branch/backbone/features.10/conv/conv.6/Conv_output_0_QuantizeLinear_Output:(ty=2,shape=[1,64,32,32]),onnx::Conv_683_scale:(ty=1,shape=[]),/lr_branch/backbone/features.10/conv/conv.6/Conv_output_0_zero_point:(ty=2,shape=[])]", "device": "NPU"}, {"output": ["/lr_branch/backbone/features.10/Add_output_0"], "input": ["/lr_branch/backbone/features.9/Add_output_0_DequantizeLinear_Output/duplicated", "/lr_branch/backbone/features.10/conv/conv.6/Conv_output_0_DequantizeLinear_Output"], "opType": "Add", "comment": "@295 [/lr_branch/backbone/features.10/Add_output_0:(ty=1,shape=[1,64,32,32])] Add [/lr_branch/backbone/features.9/Add_output_0_DequantizeLinear_Output/duplicated:(ty=1,shape=[1,64,32,32]),/lr_branch/backbone/features.10/conv/conv.6/Conv_output_0_DequantizeLinear_Output:(ty=1,shape=[1,64,32,32])]", "device": "NPU"}, {"output": ["/lr_branch/backbone/features.10/Add_output_0_QuantizeLinear_Output"], "input": ["/lr_branch/backbone/features.10/Add_output_0", "onnx::Conv_672_scale", "/lr_branch/backbone/features.10/Add_output_0_zero_point"], "opType": "QuantizeLinear", "comment": "@296 [/lr_branch/backbone/features.10/Add_output_0_QuantizeLinear_Output:(ty=2,shape=[1,64,32,32])] QuantizeLinear [/lr_branch/backbone/features.10/Add_output_0:(ty=1,shape=[1,64,32,32]),onnx::Conv_672_scale:(ty=1,shape=[]),/lr_branch/backbone/features.10/Add_output_0_zero_point:(ty=2,shape=[])]", "device": "NPU"}, {"output": ["/lr_branch/backbone/features.10/Add_output_0_DequantizeLinear_Output"], "input": ["/lr_branch/backbone/features.10/Add_output_0_QuantizeLinear_Output", "onnx::Conv_672_scale", "/lr_branch/backbone/features.10/Add_output_0_zero_point"], "opType": "DequantizeLinear", "comment": "@297 [/lr_branch/backbone/features.10/Add_output_0_DequantizeLinear_Output:(ty=1,shape=[1,64,32,32])] DequantizeLinear [/lr_branch/backbone/features.10/Add_output_0_QuantizeLinear_Output:(ty=2,shape=[1,64,32,32]),onnx::Conv_672_scale:(ty=1,shape=[]),/lr_branch/backbone/features.10/Add_output_0_zero_point:(ty=2,shape=[])]", "device": "NPU"}, {"output": ["onnx::Conv_750_DequantizeLinear_Output"], "input": ["onnx::Conv_750_quantized", "onnx::Conv_696_scale", "onnx::Conv_750_zero_point"], "opType": "DequantizeLinear", "comment": "@98 [onnx::Conv_750_DequantizeLinear_Output:(ty=1,shape=[384])] DequantizeLinear [onnx::Conv_750_quantized:(ty=3,shape=[384]),onnx::Conv_696_scale:(ty=1,shape=[]),onnx::Conv_750_zero_point:(ty=3,shape=[])]", "device": "NPU"}, {"output": ["onnx::Conv_749_DequantizeLinear_Output"], "input": ["onnx::Conv_749_quantized", "onnx::Conv_722_scale", "onnx::Conv_749_zero_point"], "opType": "DequantizeLinear", "comment": "@97 [onnx::Conv_749_DequantizeLinear_Output:(ty=1,shape=[384,64,1,1])] DequantizeLinear [onnx::Conv_749_quantized:(ty=3,shape=[384,64,1,1]),onnx::Conv_722_scale:(ty=1,shape=[]),onnx::Conv_749_zero_point:(ty=3,shape=[])]", "device": "NPU"}, {"output": ["/lr_branch/backbone/features.11/conv/conv.0/Conv_output_0"], "input": ["/lr_branch/backbone/features.10/Add_output_0_DequantizeLinear_Output", "onnx::Conv_749_DequantizeLinear_Output", "onnx::Conv_750_DequantizeLinear_Output"], "opType": "Conv", "comment": "@298 [/lr_branch/backbone/features.11/conv/conv.0/Conv_output_0:(ty=1,shape=[1,384,32,32])] Conv [/lr_branch/backbone/features.10/Add_output_0_DequantizeLinear_Output:(ty=1,shape=[1,64,32,32]),onnx::Conv_749_DequantizeLinear_Output:(ty=1,shape=[384,64,1,1]),onnx::Conv_750_DequantizeLinear_Output:(ty=1,shape=[384])]", "device": "NPU"}, {"output": ["/lr_branch/backbone/features.11/conv/conv.2/Clip_output_0"], "input": ["/lr_branch/backbone/features.11/conv/conv.0/Conv_output_0", "/lr_branch/backbone/features.0/features.0.2/Constant_output_0", "/lr_branch/backbone/features.0/features.0.2/Constant_1_output_0"], "opType": "Clip", "comment": "@299 [/lr_branch/backbone/features.11/conv/conv.2/Clip_output_0:(ty=1,shape=[1,384,32,32])] Clip [/lr_branch/backbone/features.11/conv/conv.0/Conv_output_0:(ty=1,shape=[1,384,32,32]),/lr_branch/backbone/features.0/features.0.2/Constant_output_0:(ty=1,shape=[]),/lr_branch/backbone/features.0/features.0.2/Constant_1_output_0:(ty=1,shape=[])]", "device": "NPU"}, {"output": ["/lr_branch/backbone/features.11/conv/conv.2/Clip_output_0_QuantizeLinear_Output"], "input": ["/lr_branch/backbone/features.11/conv/conv.2/Clip_output_0", "onnx::Conv_674_scale", "/lr_branch/backbone/features.11/conv/conv.2/Clip_output_0_zero_point"], "opType": "QuantizeLinear", "comment": "@300 [/lr_branch/backbone/features.11/conv/conv.2/Clip_output_0_QuantizeLinear_Output:(ty=2,shape=[1,384,32,32])] QuantizeLinear [/lr_branch/backbone/features.11/conv/conv.2/Clip_output_0:(ty=1,shape=[1,384,32,32]),onnx::Conv_674_scale:(ty=1,shape=[]),/lr_branch/backbone/features.11/conv/conv.2/Clip_output_0_zero_point:(ty=2,shape=[])]", "device": "NPU"}, {"output": ["/lr_branch/backbone/features.11/conv/conv.2/Clip_output_0_DequantizeLinear_Output"], "input": ["/lr_branch/backbone/features.11/conv/conv.2/Clip_output_0_QuantizeLinear_Output", "onnx::Conv_674_scale", "/lr_branch/backbone/features.11/conv/conv.2/Clip_output_0_zero_point"], "opType": "DequantizeLinear", "comment": "@301 [/lr_branch/backbone/features.11/conv/conv.2/Clip_output_0_DequantizeLinear_Output:(ty=1,shape=[1,384,32,32])] DequantizeLinear [/lr_branch/backbone/features.11/conv/conv.2/Clip_output_0_QuantizeLinear_Output:(ty=2,shape=[1,384,32,32]),onnx::Conv_674_scale:(ty=1,shape=[]),/lr_branch/backbone/features.11/conv/conv.2/Clip_output_0_zero_point:(ty=2,shape=[])]", "device": "NPU"}, {"output": ["onnx::Conv_753_DequantizeLinear_Output"], "input": ["onnx::Conv_753_quantized", "onnx::Conv_683_scale", "onnx::Conv_753_zero_point"], "opType": "DequantizeLinear", "comment": "@100 [onnx::Conv_753_DequantizeLinear_Output:(ty=1,shape=[384])] DequantizeLinear [onnx::Conv_753_quantized:(ty=3,shape=[384]),onnx::Conv_683_scale:(ty=1,shape=[]),onnx::Conv_753_zero_point:(ty=3,shape=[])]", "device": "NPU"}, {"output": ["onnx::Conv_752_DequantizeLinear_Output"], "input": ["onnx::Conv_752_quantized", "onnx::Conv_672_scale", "onnx::Conv_752_zero_point"], "opType": "DequantizeLinear", "comment": "@99 [onnx::Conv_752_DequantizeLinear_Output:(ty=1,shape=[384,1,3,3])] DequantizeLinear [onnx::Conv_752_quantized:(ty=3,shape=[384,1,3,3]),onnx::Conv_672_scale:(ty=1,shape=[]),onnx::Conv_752_zero_point:(ty=3,shape=[])]", "device": "NPU"}, {"output": ["/lr_branch/backbone/features.11/conv/conv.3/Conv_output_0"], "input": ["/lr_branch/backbone/features.11/conv/conv.2/Clip_output_0_DequantizeLinear_Output", "onnx::Conv_752_DequantizeLinear_Output", "onnx::Conv_753_DequantizeLinear_Output"], "opType": "Conv", "comment": "@302 [/lr_branch/backbone/features.11/conv/conv.3/Conv_output_0:(ty=1,shape=[1,384,32,32])] Conv [/lr_branch/backbone/features.11/conv/conv.2/Clip_output_0_DequantizeLinear_Output:(ty=1,shape=[1,384,32,32]),onnx::Conv_752_DequantizeLinear_Output:(ty=1,shape=[384,1,3,3]),onnx::Conv_753_DequantizeLinear_Output:(ty=1,shape=[384])]", "device": "NPU"}, {"output": ["/lr_branch/backbone/features.11/conv/conv.5/Clip_output_0"], "input": ["/lr_branch/backbone/features.11/conv/conv.3/Conv_output_0", "/lr_branch/backbone/features.0/features.0.2/Constant_output_0", "/lr_branch/backbone/features.0/features.0.2/Constant_1_output_0"], "opType": "Clip", "comment": "@303 [/lr_branch/backbone/features.11/conv/conv.5/Clip_output_0:(ty=1,shape=[1,384,32,32])] Clip [/lr_branch/backbone/features.11/conv/conv.3/Conv_output_0:(ty=1,shape=[1,384,32,32]),/lr_branch/backbone/features.0/features.0.2/Constant_output_0:(ty=1,shape=[]),/lr_branch/backbone/features.0/features.0.2/Constant_1_output_0:(ty=1,shape=[])]", "device": "NPU"}, {"output": ["/lr_branch/backbone/features.11/conv/conv.5/Clip_output_0_QuantizeLinear_Output"], "input": ["/lr_branch/backbone/features.11/conv/conv.5/Clip_output_0", "onnx::Conv_672_scale", "/lr_branch/backbone/features.11/conv/conv.5/Clip_output_0_zero_point"], "opType": "QuantizeLinear", "comment": "@304 [/lr_branch/backbone/features.11/conv/conv.5/Clip_output_0_QuantizeLinear_Output:(ty=2,shape=[1,384,32,32])] QuantizeLinear [/lr_branch/backbone/features.11/conv/conv.5/Clip_output_0:(ty=1,shape=[1,384,32,32]),onnx::Conv_672_scale:(ty=1,shape=[]),/lr_branch/backbone/features.11/conv/conv.5/Clip_output_0_zero_point:(ty=2,shape=[])]", "device": "NPU"}, {"output": ["/lr_branch/backbone/features.11/conv/conv.5/Clip_output_0_DequantizeLinear_Output"], "input": ["/lr_branch/backbone/features.11/conv/conv.5/Clip_output_0_QuantizeLinear_Output", "onnx::Conv_672_scale", "/lr_branch/backbone/features.11/conv/conv.5/Clip_output_0_zero_point"], "opType": "DequantizeLinear", "comment": "@305 [/lr_branch/backbone/features.11/conv/conv.5/Clip_output_0_DequantizeLinear_Output:(ty=1,shape=[1,384,32,32])] DequantizeLinear [/lr_branch/backbone/features.11/conv/conv.5/Clip_output_0_QuantizeLinear_Output:(ty=2,shape=[1,384,32,32]),onnx::Conv_672_scale:(ty=1,shape=[]),/lr_branch/backbone/features.11/conv/conv.5/Clip_output_0_zero_point:(ty=2,shape=[])]", "device": "NPU"}, {"output": ["onnx::Conv_756_DequantizeLinear_Output"], "input": ["onnx::Conv_756_quantized", "onnx::Conv_674_scale", "onnx::Conv_756_zero_point"], "opType": "DequantizeLinear", "comment": "@102 [onnx::Conv_756_DequantizeLinear_Output:(ty=1,shape=[96])] DequantizeLinear [onnx::Conv_756_quantized:(ty=3,shape=[96]),onnx::Conv_674_scale:(ty=1,shape=[]),onnx::Conv_756_zero_point:(ty=3,shape=[])]", "device": "NPU"}, {"output": ["onnx::Conv_755_DequantizeLinear_Output"], "input": ["onnx::Conv_755_quantized", "onnx::Conv_696_scale", "onnx::Conv_755_zero_point"], "opType": "DequantizeLinear", "comment": "@101 [onnx::Conv_755_DequantizeLinear_Output:(ty=1,shape=[96,384,1,1])] DequantizeLinear [onnx::Conv_755_quantized:(ty=3,shape=[96,384,1,1]),onnx::Conv_696_scale:(ty=1,shape=[]),onnx::Conv_755_zero_point:(ty=3,shape=[])]", "device": "NPU"}, {"output": ["/lr_branch/backbone/features.11/conv/conv.6/Conv_output_0"], "input": ["/lr_branch/backbone/features.11/conv/conv.5/Clip_output_0_DequantizeLinear_Output", "onnx::Conv_755_DequantizeLinear_Output", "onnx::Conv_756_DequantizeLinear_Output"], "opType": "Conv", "comment": "@306 [/lr_branch/backbone/features.11/conv/conv.6/Conv_output_0:(ty=1,shape=[1,96,32,32])] Conv [/lr_branch/backbone/features.11/conv/conv.5/Clip_output_0_DequantizeLinear_Output:(ty=1,shape=[1,384,32,32]),onnx::Conv_755_DequantizeLinear_Output:(ty=1,shape=[96,384,1,1]),onnx::Conv_756_DequantizeLinear_Output:(ty=1,shape=[96])]", "device": "NPU"}, {"output": ["/lr_branch/backbone/features.11/conv/conv.6/Conv_output_0_QuantizeLinear_Output"], "input": ["/lr_branch/backbone/features.11/conv/conv.6/Conv_output_0", "onnx::Conv_683_scale", "/lr_branch/backbone/features.11/conv/conv.6/Conv_output_0_zero_point"], "opType": "QuantizeLinear", "comment": "@307 [/lr_branch/backbone/features.11/conv/conv.6/Conv_output_0_QuantizeLinear_Output:(ty=2,shape=[1,96,32,32])] QuantizeLinear [/lr_branch/backbone/features.11/conv/conv.6/Conv_output_0:(ty=1,shape=[1,96,32,32]),onnx::Conv_683_scale:(ty=1,shape=[]),/lr_branch/backbone/features.11/conv/conv.6/Conv_output_0_zero_point:(ty=2,shape=[])]", "device": "NPU"}, {"output": ["/lr_branch/backbone/features.11/conv/conv.6/Conv_output_0_DequantizeLinear_Output/duplicated"], "input": ["/lr_branch/backbone/features.11/conv/conv.6/Conv_output_0_QuantizeLinear_Output", "onnx::Conv_683_scale", "/lr_branch/backbone/features.11/conv/conv.6/Conv_output_0_zero_point"], "opType": "DequantizeLinear", "comment": "@501 [/lr_branch/backbone/features.11/conv/conv.6/Conv_output_0_DequantizeLinear_Output/duplicated:(ty=1,shape=[1,96,32,32])] DequantizeLinear [/lr_branch/backbone/features.11/conv/conv.6/Conv_output_0_QuantizeLinear_Output:(ty=2,shape=[1,96,32,32]),onnx::Conv_683_scale:(ty=1,shape=[]),/lr_branch/backbone/features.11/conv/conv.6/Conv_output_0_zero_point:(ty=2,shape=[])]", "device": "NPU"}, {"output": ["/lr_branch/backbone/features.11/conv/conv.6/Conv_output_0_DequantizeLinear_Output"], "input": ["/lr_branch/backbone/features.11/conv/conv.6/Conv_output_0_QuantizeLinear_Output", "onnx::Conv_683_scale", "/lr_branch/backbone/features.11/conv/conv.6/Conv_output_0_zero_point"], "opType": "DequantizeLinear", "comment": "@308 [/lr_branch/backbone/features.11/conv/conv.6/Conv_output_0_DequantizeLinear_Output:(ty=1,shape=[1,96,32,32])] DequantizeLinear [/lr_branch/backbone/features.11/conv/conv.6/Conv_output_0_QuantizeLinear_Output:(ty=2,shape=[1,96,32,32]),onnx::Conv_683_scale:(ty=1,shape=[]),/lr_branch/backbone/features.11/conv/conv.6/Conv_output_0_zero_point:(ty=2,shape=[])]", "device": "NPU"}, {"output": ["onnx::Conv_759_DequantizeLinear_Output"], "input": ["onnx::Conv_759_quantized", "onnx::Conv_696_scale", "onnx::Conv_759_zero_point"], "opType": "DequantizeLinear", "comment": "@104 [onnx::Conv_759_DequantizeLinear_Output:(ty=1,shape=[576])] DequantizeLinear [onnx::Conv_759_quantized:(ty=3,shape=[576]),onnx::Conv_696_scale:(ty=1,shape=[]),onnx::Conv_759_zero_point:(ty=3,shape=[])]", "device": "NPU"}, {"output": ["onnx::Conv_758_DequantizeLinear_Output"], "input": ["onnx::Conv_758_quantized", "onnx::Conv_758_scale", "onnx::Conv_758_zero_point"], "opType": "DequantizeLinear", "comment": "@103 [onnx::Conv_758_DequantizeLinear_Output:(ty=1,shape=[576,96,1,1])] DequantizeLinear [onnx::Conv_758_quantized:(ty=3,shape=[576,96,1,1]),onnx::Conv_758_scale:(ty=1,shape=[]),onnx::Conv_758_zero_point:(ty=3,shape=[])]", "device": "NPU"}, {"output": ["/lr_branch/backbone/features.12/conv/conv.0/Conv_output_0"], "input": ["/lr_branch/backbone/features.11/conv/conv.6/Conv_output_0_DequantizeLinear_Output", "onnx::Conv_758_DequantizeLinear_Output", "onnx::Conv_759_DequantizeLinear_Output"], "opType": "Conv", "comment": "@309 [/lr_branch/backbone/features.12/conv/conv.0/Conv_output_0:(ty=1,shape=[1,576,32,32])] Conv [/lr_branch/backbone/features.11/conv/conv.6/Conv_output_0_DequantizeLinear_Output:(ty=1,shape=[1,96,32,32]),onnx::Conv_758_DequantizeLinear_Output:(ty=1,shape=[576,96,1,1]),onnx::Conv_759_DequantizeLinear_Output:(ty=1,shape=[576])]", "device": "NPU"}, {"output": ["/lr_branch/backbone/features.12/conv/conv.2/Clip_output_0"], "input": ["/lr_branch/backbone/features.12/conv/conv.0/Conv_output_0", "/lr_branch/backbone/features.0/features.0.2/Constant_output_0", "/lr_branch/backbone/features.0/features.0.2/Constant_1_output_0"], "opType": "Clip", "comment": "@310 [/lr_branch/backbone/features.12/conv/conv.2/Clip_output_0:(ty=1,shape=[1,576,32,32])] Clip [/lr_branch/backbone/features.12/conv/conv.0/Conv_output_0:(ty=1,shape=[1,576,32,32]),/lr_branch/backbone/features.0/features.0.2/Constant_output_0:(ty=1,shape=[]),/lr_branch/backbone/features.0/features.0.2/Constant_1_output_0:(ty=1,shape=[])]", "device": "NPU"}, {"output": ["/lr_branch/backbone/features.12/conv/conv.2/Clip_output_0_QuantizeLinear_Output"], "input": ["/lr_branch/backbone/features.12/conv/conv.2/Clip_output_0", "onnx::Conv_674_scale", "/lr_branch/backbone/features.12/conv/conv.2/Clip_output_0_zero_point"], "opType": "QuantizeLinear", "comment": "@311 [/lr_branch/backbone/features.12/conv/conv.2/Clip_output_0_QuantizeLinear_Output:(ty=2,shape=[1,576,32,32])] QuantizeLinear [/lr_branch/backbone/features.12/conv/conv.2/Clip_output_0:(ty=1,shape=[1,576,32,32]),onnx::Conv_674_scale:(ty=1,shape=[]),/lr_branch/backbone/features.12/conv/conv.2/Clip_output_0_zero_point:(ty=2,shape=[])]", "device": "NPU"}, {"output": ["/lr_branch/backbone/features.12/conv/conv.2/Clip_output_0_DequantizeLinear_Output"], "input": ["/lr_branch/backbone/features.12/conv/conv.2/Clip_output_0_QuantizeLinear_Output", "onnx::Conv_674_scale", "/lr_branch/backbone/features.12/conv/conv.2/Clip_output_0_zero_point"], "opType": "DequantizeLinear", "comment": "@312 [/lr_branch/backbone/features.12/conv/conv.2/Clip_output_0_DequantizeLinear_Output:(ty=1,shape=[1,576,32,32])] DequantizeLinear [/lr_branch/backbone/features.12/conv/conv.2/Clip_output_0_QuantizeLinear_Output:(ty=2,shape=[1,576,32,32]),onnx::Conv_674_scale:(ty=1,shape=[]),/lr_branch/backbone/features.12/conv/conv.2/Clip_output_0_zero_point:(ty=2,shape=[])]", "device": "NPU"}, {"output": ["onnx::Conv_762_DequantizeLinear_Output"], "input": ["onnx::Conv_762_quantized", "onnx::Conv_674_scale", "onnx::Conv_762_zero_point"], "opType": "DequantizeLinear", "comment": "@106 [onnx::Conv_762_DequantizeLinear_Output:(ty=1,shape=[576])] DequantizeLinear [onnx::Conv_762_quantized:(ty=3,shape=[576]),onnx::Conv_674_scale:(ty=1,shape=[]),onnx::Conv_762_zero_point:(ty=3,shape=[])]", "device": "NPU"}, {"output": ["onnx::Conv_761_DequantizeLinear_Output"], "input": ["onnx::Conv_761_quantized", "/lr_branch/backbone/features.2/conv/conv.5/Clip_output_0_scale", "onnx::Conv_761_zero_point"], "opType": "DequantizeLinear", "comment": "@105 [onnx::Conv_761_DequantizeLinear_Output:(ty=1,shape=[576,1,3,3])] DequantizeLinear [onnx::Conv_761_quantized:(ty=3,shape=[576,1,3,3]),/lr_branch/backbone/features.2/conv/conv.5/Clip_output_0_scale:(ty=1,shape=[]),onnx::Conv_761_zero_point:(ty=3,shape=[])]", "device": "NPU"}, {"output": ["/lr_branch/backbone/features.12/conv/conv.3/Conv_output_0"], "input": ["/lr_branch/backbone/features.12/conv/conv.2/Clip_output_0_DequantizeLinear_Output", "onnx::Conv_761_DequantizeLinear_Output", "onnx::Conv_762_DequantizeLinear_Output"], "opType": "Conv", "comment": "@313 [/lr_branch/backbone/features.12/conv/conv.3/Conv_output_0:(ty=1,shape=[1,576,32,32])] Conv [/lr_branch/backbone/features.12/conv/conv.2/Clip_output_0_DequantizeLinear_Output:(ty=1,shape=[1,576,32,32]),onnx::Conv_761_DequantizeLinear_Output:(ty=1,shape=[576,1,3,3]),onnx::Conv_762_DequantizeLinear_Output:(ty=1,shape=[576])]", "device": "NPU"}, {"output": ["/lr_branch/backbone/features.12/conv/conv.5/Clip_output_0"], "input": ["/lr_branch/backbone/features.12/conv/conv.3/Conv_output_0", "/lr_branch/backbone/features.0/features.0.2/Constant_output_0", "/lr_branch/backbone/features.0/features.0.2/Constant_1_output_0"], "opType": "Clip", "comment": "@314 [/lr_branch/backbone/features.12/conv/conv.5/Clip_output_0:(ty=1,shape=[1,576,32,32])] Clip [/lr_branch/backbone/features.12/conv/conv.3/Conv_output_0:(ty=1,shape=[1,576,32,32]),/lr_branch/backbone/features.0/features.0.2/Constant_output_0:(ty=1,shape=[]),/lr_branch/backbone/features.0/features.0.2/Constant_1_output_0:(ty=1,shape=[])]", "device": "NPU"}, {"output": ["/lr_branch/backbone/features.12/conv/conv.5/Clip_output_0_QuantizeLinear_Output"], "input": ["/lr_branch/backbone/features.12/conv/conv.5/Clip_output_0", "onnx::Conv_683_scale", "/lr_branch/backbone/features.12/conv/conv.5/Clip_output_0_zero_point"], "opType": "QuantizeLinear", "comment": "@315 [/lr_branch/backbone/features.12/conv/conv.5/Clip_output_0_QuantizeLinear_Output:(ty=2,shape=[1,576,32,32])] QuantizeLinear [/lr_branch/backbone/features.12/conv/conv.5/Clip_output_0:(ty=1,shape=[1,576,32,32]),onnx::Conv_683_scale:(ty=1,shape=[]),/lr_branch/backbone/features.12/conv/conv.5/Clip_output_0_zero_point:(ty=2,shape=[])]", "device": "NPU"}, {"output": ["/lr_branch/backbone/features.12/conv/conv.5/Clip_output_0_DequantizeLinear_Output"], "input": ["/lr_branch/backbone/features.12/conv/conv.5/Clip_output_0_QuantizeLinear_Output", "onnx::Conv_683_scale", "/lr_branch/backbone/features.12/conv/conv.5/Clip_output_0_zero_point"], "opType": "DequantizeLinear", "comment": "@316 [/lr_branch/backbone/features.12/conv/conv.5/Clip_output_0_DequantizeLinear_Output:(ty=1,shape=[1,576,32,32])] DequantizeLinear [/lr_branch/backbone/features.12/conv/conv.5/Clip_output_0_QuantizeLinear_Output:(ty=2,shape=[1,576,32,32]),onnx::Conv_683_scale:(ty=1,shape=[]),/lr_branch/backbone/features.12/conv/conv.5/Clip_output_0_zero_point:(ty=2,shape=[])]", "device": "NPU"}, {"output": ["onnx::Conv_765_DequantizeLinear_Output"], "input": ["onnx::Conv_765_quantized", "onnx::Conv_683_scale", "onnx::Conv_765_zero_point"], "opType": "DequantizeLinear", "comment": "@108 [onnx::Conv_765_DequantizeLinear_Output:(ty=1,shape=[96])] DequantizeLinear [onnx::Conv_765_quantized:(ty=3,shape=[96]),onnx::Conv_683_scale:(ty=1,shape=[]),onnx::Conv_765_zero_point:(ty=3,shape=[])]", "device": "NPU"}, {"output": ["onnx::Conv_764_DequantizeLinear_Output"], "input": ["onnx::Conv_764_quantized", "onnx::Conv_696_scale", "onnx::Conv_764_zero_point"], "opType": "DequantizeLinear", "comment": "@107 [onnx::Conv_764_DequantizeLinear_Output:(ty=1,shape=[96,576,1,1])] DequantizeLinear [onnx::Conv_764_quantized:(ty=3,shape=[96,576,1,1]),onnx::Conv_696_scale:(ty=1,shape=[]),onnx::Conv_764_zero_point:(ty=3,shape=[])]", "device": "NPU"}, {"output": ["/lr_branch/backbone/features.12/conv/conv.6/Conv_output_0"], "input": ["/lr_branch/backbone/features.12/conv/conv.5/Clip_output_0_DequantizeLinear_Output", "onnx::Conv_764_DequantizeLinear_Output", "onnx::Conv_765_DequantizeLinear_Output"], "opType": "Conv", "comment": "@317 [/lr_branch/backbone/features.12/conv/conv.6/Conv_output_0:(ty=1,shape=[1,96,32,32])] Conv [/lr_branch/backbone/features.12/conv/conv.5/Clip_output_0_DequantizeLinear_Output:(ty=1,shape=[1,576,32,32]),onnx::Conv_764_DequantizeLinear_Output:(ty=1,shape=[96,576,1,1]),onnx::Conv_765_DequantizeLinear_Output:(ty=1,shape=[96])]", "device": "NPU"}, {"output": ["/lr_branch/backbone/features.12/conv/conv.6/Conv_output_0_QuantizeLinear_Output"], "input": ["/lr_branch/backbone/features.12/conv/conv.6/Conv_output_0", "onnx::Conv_683_scale", "/lr_branch/backbone/features.12/conv/conv.6/Conv_output_0_zero_point"], "opType": "QuantizeLinear", "comment": "@318 [/lr_branch/backbone/features.12/conv/conv.6/Conv_output_0_QuantizeLinear_Output:(ty=2,shape=[1,96,32,32])] QuantizeLinear [/lr_branch/backbone/features.12/conv/conv.6/Conv_output_0:(ty=1,shape=[1,96,32,32]),onnx::Conv_683_scale:(ty=1,shape=[]),/lr_branch/backbone/features.12/conv/conv.6/Conv_output_0_zero_point:(ty=2,shape=[])]", "device": "NPU"}, {"output": ["/lr_branch/backbone/features.12/conv/conv.6/Conv_output_0_DequantizeLinear_Output"], "input": ["/lr_branch/backbone/features.12/conv/conv.6/Conv_output_0_QuantizeLinear_Output", "onnx::Conv_683_scale", "/lr_branch/backbone/features.12/conv/conv.6/Conv_output_0_zero_point"], "opType": "DequantizeLinear", "comment": "@319 [/lr_branch/backbone/features.12/conv/conv.6/Conv_output_0_DequantizeLinear_Output:(ty=1,shape=[1,96,32,32])] DequantizeLinear [/lr_branch/backbone/features.12/conv/conv.6/Conv_output_0_QuantizeLinear_Output:(ty=2,shape=[1,96,32,32]),onnx::Conv_683_scale:(ty=1,shape=[]),/lr_branch/backbone/features.12/conv/conv.6/Conv_output_0_zero_point:(ty=2,shape=[])]", "device": "NPU"}, {"output": ["/lr_branch/backbone/features.12/Add_output_0"], "input": ["/lr_branch/backbone/features.11/conv/conv.6/Conv_output_0_DequantizeLinear_Output/duplicated", "/lr_branch/backbone/features.12/conv/conv.6/Conv_output_0_DequantizeLinear_Output"], "opType": "Add", "comment": "@320 [/lr_branch/backbone/features.12/Add_output_0:(ty=1,shape=[1,96,32,32])] Add [/lr_branch/backbone/features.11/conv/conv.6/Conv_output_0_DequantizeLinear_Output/duplicated:(ty=1,shape=[1,96,32,32]),/lr_branch/backbone/features.12/conv/conv.6/Conv_output_0_DequantizeLinear_Output:(ty=1,shape=[1,96,32,32])]", "device": "NPU"}, {"output": ["/lr_branch/backbone/features.12/Add_output_0_QuantizeLinear_Output"], "input": ["/lr_branch/backbone/features.12/Add_output_0", "onnx::Conv_672_scale", "/lr_branch/backbone/features.12/Add_output_0_zero_point"], "opType": "QuantizeLinear", "comment": "@321 [/lr_branch/backbone/features.12/Add_output_0_QuantizeLinear_Output:(ty=2,shape=[1,96,32,32])] QuantizeLinear [/lr_branch/backbone/features.12/Add_output_0:(ty=1,shape=[1,96,32,32]),onnx::Conv_672_scale:(ty=1,shape=[]),/lr_branch/backbone/features.12/Add_output_0_zero_point:(ty=2,shape=[])]", "device": "NPU"}, {"output": ["/lr_branch/backbone/features.12/Add_output_0_DequantizeLinear_Output/duplicated"], "input": ["/lr_branch/backbone/features.12/Add_output_0_QuantizeLinear_Output", "onnx::Conv_672_scale", "/lr_branch/backbone/features.12/Add_output_0_zero_point"], "opType": "DequantizeLinear", "comment": "@502 [/lr_branch/backbone/features.12/Add_output_0_DequantizeLinear_Output/duplicated:(ty=1,shape=[1,96,32,32])] DequantizeLinear [/lr_branch/backbone/features.12/Add_output_0_QuantizeLinear_Output:(ty=2,shape=[1,96,32,32]),onnx::Conv_672_scale:(ty=1,shape=[]),/lr_branch/backbone/features.12/Add_output_0_zero_point:(ty=2,shape=[])]", "device": "NPU"}, {"output": ["/lr_branch/backbone/features.12/Add_output_0_DequantizeLinear_Output"], "input": ["/lr_branch/backbone/features.12/Add_output_0_QuantizeLinear_Output", "onnx::Conv_672_scale", "/lr_branch/backbone/features.12/Add_output_0_zero_point"], "opType": "DequantizeLinear", "comment": "@322 [/lr_branch/backbone/features.12/Add_output_0_DequantizeLinear_Output:(ty=1,shape=[1,96,32,32])] DequantizeLinear [/lr_branch/backbone/features.12/Add_output_0_QuantizeLinear_Output:(ty=2,shape=[1,96,32,32]),onnx::Conv_672_scale:(ty=1,shape=[]),/lr_branch/backbone/features.12/Add_output_0_zero_point:(ty=2,shape=[])]", "device": "NPU"}, {"output": ["onnx::Conv_768_DequantizeLinear_Output"], "input": ["onnx::Conv_768_quantized", "onnx::Conv_674_scale", "onnx::Conv_768_zero_point"], "opType": "DequantizeLinear", "comment": "@110 [onnx::Conv_768_DequantizeLinear_Output:(ty=1,shape=[576])] DequantizeLinear [onnx::Conv_768_quantized:(ty=3,shape=[576]),onnx::Conv_674_scale:(ty=1,shape=[]),onnx::Conv_768_zero_point:(ty=3,shape=[])]", "device": "NPU"}, {"output": ["onnx::Conv_767_DequantizeLinear_Output"], "input": ["onnx::Conv_767_quantized", "onnx::Conv_722_scale", "onnx::Conv_767_zero_point"], "opType": "DequantizeLinear", "comment": "@109 [onnx::Conv_767_DequantizeLinear_Output:(ty=1,shape=[576,96,1,1])] DequantizeLinear [onnx::Conv_767_quantized:(ty=3,shape=[576,96,1,1]),onnx::Conv_722_scale:(ty=1,shape=[]),onnx::Conv_767_zero_point:(ty=3,shape=[])]", "device": "NPU"}, {"output": ["/lr_branch/backbone/features.13/conv/conv.0/Conv_output_0"], "input": ["/lr_branch/backbone/features.12/Add_output_0_DequantizeLinear_Output", "onnx::Conv_767_DequantizeLinear_Output", "onnx::Conv_768_DequantizeLinear_Output"], "opType": "Conv", "comment": "@323 [/lr_branch/backbone/features.13/conv/conv.0/Conv_output_0:(ty=1,shape=[1,576,32,32])] Conv [/lr_branch/backbone/features.12/Add_output_0_DequantizeLinear_Output:(ty=1,shape=[1,96,32,32]),onnx::Conv_767_DequantizeLinear_Output:(ty=1,shape=[576,96,1,1]),onnx::Conv_768_DequantizeLinear_Output:(ty=1,shape=[576])]", "device": "NPU"}, {"output": ["/lr_branch/backbone/features.13/conv/conv.2/Clip_output_0"], "input": ["/lr_branch/backbone/features.13/conv/conv.0/Conv_output_0", "/lr_branch/backbone/features.0/features.0.2/Constant_output_0", "/lr_branch/backbone/features.0/features.0.2/Constant_1_output_0"], "opType": "Clip", "comment": "@324 [/lr_branch/backbone/features.13/conv/conv.2/Clip_output_0:(ty=1,shape=[1,576,32,32])] Clip [/lr_branch/backbone/features.13/conv/conv.0/Conv_output_0:(ty=1,shape=[1,576,32,32]),/lr_branch/backbone/features.0/features.0.2/Constant_output_0:(ty=1,shape=[]),/lr_branch/backbone/features.0/features.0.2/Constant_1_output_0:(ty=1,shape=[])]", "device": "NPU"}, {"output": ["/lr_branch/backbone/features.13/conv/conv.2/Clip_output_0_QuantizeLinear_Output"], "input": ["/lr_branch/backbone/features.13/conv/conv.2/Clip_output_0", "onnx::Conv_674_scale", "/lr_branch/backbone/features.13/conv/conv.2/Clip_output_0_zero_point"], "opType": "QuantizeLinear", "comment": "@325 [/lr_branch/backbone/features.13/conv/conv.2/Clip_output_0_QuantizeLinear_Output:(ty=2,shape=[1,576,32,32])] QuantizeLinear [/lr_branch/backbone/features.13/conv/conv.2/Clip_output_0:(ty=1,shape=[1,576,32,32]),onnx::Conv_674_scale:(ty=1,shape=[]),/lr_branch/backbone/features.13/conv/conv.2/Clip_output_0_zero_point:(ty=2,shape=[])]", "device": "NPU"}, {"output": ["/lr_branch/backbone/features.13/conv/conv.2/Clip_output_0_DequantizeLinear_Output"], "input": ["/lr_branch/backbone/features.13/conv/conv.2/Clip_output_0_QuantizeLinear_Output", "onnx::Conv_674_scale", "/lr_branch/backbone/features.13/conv/conv.2/Clip_output_0_zero_point"], "opType": "DequantizeLinear", "comment": "@326 [/lr_branch/backbone/features.13/conv/conv.2/Clip_output_0_DequantizeLinear_Output:(ty=1,shape=[1,576,32,32])] DequantizeLinear [/lr_branch/backbone/features.13/conv/conv.2/Clip_output_0_QuantizeLinear_Output:(ty=2,shape=[1,576,32,32]),onnx::Conv_674_scale:(ty=1,shape=[]),/lr_branch/backbone/features.13/conv/conv.2/Clip_output_0_zero_point:(ty=2,shape=[])]", "device": "NPU"}, {"output": ["onnx::Conv_771_DequantizeLinear_Output"], "input": ["onnx::Conv_771_quantized", "onnx::Conv_683_scale", "onnx::Conv_771_zero_point"], "opType": "DequantizeLinear", "comment": "@112 [onnx::Conv_771_DequantizeLinear_Output:(ty=1,shape=[576])] DequantizeLinear [onnx::Conv_771_quantized:(ty=3,shape=[576]),onnx::Conv_683_scale:(ty=1,shape=[]),onnx::Conv_771_zero_point:(ty=3,shape=[])]", "device": "NPU"}, {"output": ["onnx::Conv_770_DequantizeLinear_Output"], "input": ["onnx::Conv_770_quantized", "/lr_branch/backbone/features.2/conv/conv.5/Clip_output_0_scale", "onnx::Conv_770_zero_point"], "opType": "DequantizeLinear", "comment": "@111 [onnx::Conv_770_DequantizeLinear_Output:(ty=1,shape=[576,1,3,3])] DequantizeLinear [onnx::Conv_770_quantized:(ty=3,shape=[576,1,3,3]),/lr_branch/backbone/features.2/conv/conv.5/Clip_output_0_scale:(ty=1,shape=[]),onnx::Conv_770_zero_point:(ty=3,shape=[])]", "device": "NPU"}, {"output": ["/lr_branch/backbone/features.13/conv/conv.3/Conv_output_0"], "input": ["/lr_branch/backbone/features.13/conv/conv.2/Clip_output_0_DequantizeLinear_Output", "onnx::Conv_770_DequantizeLinear_Output", "onnx::Conv_771_DequantizeLinear_Output"], "opType": "Conv", "comment": "@327 [/lr_branch/backbone/features.13/conv/conv.3/Conv_output_0:(ty=1,shape=[1,576,32,32])] Conv [/lr_branch/backbone/features.13/conv/conv.2/Clip_output_0_DequantizeLinear_Output:(ty=1,shape=[1,576,32,32]),onnx::Conv_770_DequantizeLinear_Output:(ty=1,shape=[576,1,3,3]),onnx::Conv_771_DequantizeLinear_Output:(ty=1,shape=[576])]", "device": "NPU"}, {"output": ["/lr_branch/backbone/features.13/conv/conv.5/Clip_output_0"], "input": ["/lr_branch/backbone/features.13/conv/conv.3/Conv_output_0", "/lr_branch/backbone/features.0/features.0.2/Constant_output_0", "/lr_branch/backbone/features.0/features.0.2/Constant_1_output_0"], "opType": "Clip", "comment": "@328 [/lr_branch/backbone/features.13/conv/conv.5/Clip_output_0:(ty=1,shape=[1,576,32,32])] Clip [/lr_branch/backbone/features.13/conv/conv.3/Conv_output_0:(ty=1,shape=[1,576,32,32]),/lr_branch/backbone/features.0/features.0.2/Constant_output_0:(ty=1,shape=[]),/lr_branch/backbone/features.0/features.0.2/Constant_1_output_0:(ty=1,shape=[])]", "device": "NPU"}, {"output": ["/lr_branch/backbone/features.13/conv/conv.5/Clip_output_0_QuantizeLinear_Output"], "input": ["/lr_branch/backbone/features.13/conv/conv.5/Clip_output_0", "onnx::Conv_672_scale", "/lr_branch/backbone/features.13/conv/conv.5/Clip_output_0_zero_point"], "opType": "QuantizeLinear", "comment": "@329 [/lr_branch/backbone/features.13/conv/conv.5/Clip_output_0_QuantizeLinear_Output:(ty=2,shape=[1,576,32,32])] QuantizeLinear [/lr_branch/backbone/features.13/conv/conv.5/Clip_output_0:(ty=1,shape=[1,576,32,32]),onnx::Conv_672_scale:(ty=1,shape=[]),/lr_branch/backbone/features.13/conv/conv.5/Clip_output_0_zero_point:(ty=2,shape=[])]", "device": "NPU"}, {"output": ["/lr_branch/backbone/features.13/conv/conv.5/Clip_output_0_DequantizeLinear_Output"], "input": ["/lr_branch/backbone/features.13/conv/conv.5/Clip_output_0_QuantizeLinear_Output", "onnx::Conv_672_scale", "/lr_branch/backbone/features.13/conv/conv.5/Clip_output_0_zero_point"], "opType": "DequantizeLinear", "comment": "@330 [/lr_branch/backbone/features.13/conv/conv.5/Clip_output_0_DequantizeLinear_Output:(ty=1,shape=[1,576,32,32])] DequantizeLinear [/lr_branch/backbone/features.13/conv/conv.5/Clip_output_0_QuantizeLinear_Output:(ty=2,shape=[1,576,32,32]),onnx::Conv_672_scale:(ty=1,shape=[]),/lr_branch/backbone/features.13/conv/conv.5/Clip_output_0_zero_point:(ty=2,shape=[])]", "device": "NPU"}, {"output": ["onnx::Conv_774_DequantizeLinear_Output"], "input": ["onnx::Conv_774_quantized", "onnx::Conv_683_scale", "onnx::Conv_774_zero_point"], "opType": "DequantizeLinear", "comment": "@114 [onnx::Conv_774_DequantizeLinear_Output:(ty=1,shape=[96])] DequantizeLinear [onnx::Conv_774_quantized:(ty=3,shape=[96]),onnx::Conv_683_scale:(ty=1,shape=[]),onnx::Conv_774_zero_point:(ty=3,shape=[])]", "device": "NPU"}, {"output": ["onnx::Conv_773_DequantizeLinear_Output"], "input": ["onnx::Conv_773_quantized", "onnx::Conv_674_scale", "onnx::Conv_773_zero_point"], "opType": "DequantizeLinear", "comment": "@113 [onnx::Conv_773_DequantizeLinear_Output:(ty=1,shape=[96,576,1,1])] DequantizeLinear [onnx::Conv_773_quantized:(ty=3,shape=[96,576,1,1]),onnx::Conv_674_scale:(ty=1,shape=[]),onnx::Conv_773_zero_point:(ty=3,shape=[])]", "device": "NPU"}, {"output": ["/lr_branch/backbone/features.13/conv/conv.6/Conv_output_0"], "input": ["/lr_branch/backbone/features.13/conv/conv.5/Clip_output_0_DequantizeLinear_Output", "onnx::Conv_773_DequantizeLinear_Output", "onnx::Conv_774_DequantizeLinear_Output"], "opType": "Conv", "comment": "@331 [/lr_branch/backbone/features.13/conv/conv.6/Conv_output_0:(ty=1,shape=[1,96,32,32])] Conv [/lr_branch/backbone/features.13/conv/conv.5/Clip_output_0_DequantizeLinear_Output:(ty=1,shape=[1,576,32,32]),onnx::Conv_773_DequantizeLinear_Output:(ty=1,shape=[96,576,1,1]),onnx::Conv_774_DequantizeLinear_Output:(ty=1,shape=[96])]", "device": "NPU"}, {"output": ["/lr_branch/backbone/features.13/conv/conv.6/Conv_output_0_QuantizeLinear_Output"], "input": ["/lr_branch/backbone/features.13/conv/conv.6/Conv_output_0", "/lr_branch/backbone/features.2/conv/conv.5/Clip_output_0_scale", "/lr_branch/backbone/features.13/conv/conv.6/Conv_output_0_zero_point"], "opType": "QuantizeLinear", "comment": "@332 [/lr_branch/backbone/features.13/conv/conv.6/Conv_output_0_QuantizeLinear_Output:(ty=2,shape=[1,96,32,32])] QuantizeLinear [/lr_branch/backbone/features.13/conv/conv.6/Conv_output_0:(ty=1,shape=[1,96,32,32]),/lr_branch/backbone/features.2/conv/conv.5/Clip_output_0_scale:(ty=1,shape=[]),/lr_branch/backbone/features.13/conv/conv.6/Conv_output_0_zero_point:(ty=2,shape=[])]", "device": "NPU"}, {"output": ["/lr_branch/backbone/features.13/conv/conv.6/Conv_output_0_DequantizeLinear_Output"], "input": ["/lr_branch/backbone/features.13/conv/conv.6/Conv_output_0_QuantizeLinear_Output", "/lr_branch/backbone/features.2/conv/conv.5/Clip_output_0_scale", "/lr_branch/backbone/features.13/conv/conv.6/Conv_output_0_zero_point"], "opType": "DequantizeLinear", "comment": "@333 [/lr_branch/backbone/features.13/conv/conv.6/Conv_output_0_DequantizeLinear_Output:(ty=1,shape=[1,96,32,32])] DequantizeLinear [/lr_branch/backbone/features.13/conv/conv.6/Conv_output_0_QuantizeLinear_Output:(ty=2,shape=[1,96,32,32]),/lr_branch/backbone/features.2/conv/conv.5/Clip_output_0_scale:(ty=1,shape=[]),/lr_branch/backbone/features.13/conv/conv.6/Conv_output_0_zero_point:(ty=2,shape=[])]", "device": "NPU"}, {"output": ["/lr_branch/backbone/features.13/Add_output_0"], "input": ["/lr_branch/backbone/features.12/Add_output_0_DequantizeLinear_Output/duplicated", "/lr_branch/backbone/features.13/conv/conv.6/Conv_output_0_DequantizeLinear_Output"], "opType": "Add", "comment": "@334 [/lr_branch/backbone/features.13/Add_output_0:(ty=1,shape=[1,96,32,32])] Add [/lr_branch/backbone/features.12/Add_output_0_DequantizeLinear_Output/duplicated:(ty=1,shape=[1,96,32,32]),/lr_branch/backbone/features.13/conv/conv.6/Conv_output_0_DequantizeLinear_Output:(ty=1,shape=[1,96,32,32])]", "device": "NPU"}, {"output": ["/lr_branch/backbone/features.13/Add_output_0_QuantizeLinear_Output"], "input": ["/lr_branch/backbone/features.13/Add_output_0", "/lr_branch/backbone/features.2/conv/conv.5/Clip_output_0_scale", "/lr_branch/backbone/features.13/Add_output_0_zero_point"], "opType": "QuantizeLinear", "comment": "@335 [/lr_branch/backbone/features.13/Add_output_0_QuantizeLinear_Output:(ty=2,shape=[1,96,32,32])] QuantizeLinear [/lr_branch/backbone/features.13/Add_output_0:(ty=1,shape=[1,96,32,32]),/lr_branch/backbone/features.2/conv/conv.5/Clip_output_0_scale:(ty=1,shape=[]),/lr_branch/backbone/features.13/Add_output_0_zero_point:(ty=2,shape=[])]", "device": "NPU"}, {"output": ["/lr_branch/backbone/features.13/Add_output_0_DequantizeLinear_Output"], "input": ["/lr_branch/backbone/features.13/Add_output_0_QuantizeLinear_Output", "/lr_branch/backbone/features.2/conv/conv.5/Clip_output_0_scale", "/lr_branch/backbone/features.13/Add_output_0_zero_point"], "opType": "DequantizeLinear", "comment": "@336 [/lr_branch/backbone/features.13/Add_output_0_DequantizeLinear_Output:(ty=1,shape=[1,96,32,32])] DequantizeLinear [/lr_branch/backbone/features.13/Add_output_0_QuantizeLinear_Output:(ty=2,shape=[1,96,32,32]),/lr_branch/backbone/features.2/conv/conv.5/Clip_output_0_scale:(ty=1,shape=[]),/lr_branch/backbone/features.13/Add_output_0_zero_point:(ty=2,shape=[])]", "device": "NPU"}, {"output": ["onnx::Conv_777_DequantizeLinear_Output"], "input": ["onnx::Conv_777_quantized", "onnx::Conv_674_scale", "onnx::Conv_777_zero_point"], "opType": "DequantizeLinear", "comment": "@116 [onnx::Conv_777_DequantizeLinear_Output:(ty=1,shape=[576])] DequantizeLinear [onnx::Conv_777_quantized:(ty=3,shape=[576]),onnx::Conv_674_scale:(ty=1,shape=[]),onnx::Conv_777_zero_point:(ty=3,shape=[])]", "device": "NPU"}, {"output": ["onnx::Conv_776_DequantizeLinear_Output"], "input": ["onnx::Conv_776_quantized", "onnx::Conv_722_scale", "onnx::Conv_776_zero_point"], "opType": "DequantizeLinear", "comment": "@115 [onnx::Conv_776_DequantizeLinear_Output:(ty=1,shape=[576,96,1,1])] DequantizeLinear [onnx::Conv_776_quantized:(ty=3,shape=[576,96,1,1]),onnx::Conv_722_scale:(ty=1,shape=[]),onnx::Conv_776_zero_point:(ty=3,shape=[])]", "device": "NPU"}, {"output": ["/lr_branch/backbone/features.14/conv/conv.0/Conv_output_0"], "input": ["/lr_branch/backbone/features.13/Add_output_0_DequantizeLinear_Output", "onnx::Conv_776_DequantizeLinear_Output", "onnx::Conv_777_DequantizeLinear_Output"], "opType": "Conv", "comment": "@337 [/lr_branch/backbone/features.14/conv/conv.0/Conv_output_0:(ty=1,shape=[1,576,32,32])] Conv [/lr_branch/backbone/features.13/Add_output_0_DequantizeLinear_Output:(ty=1,shape=[1,96,32,32]),onnx::Conv_776_DequantizeLinear_Output:(ty=1,shape=[576,96,1,1]),onnx::Conv_777_DequantizeLinear_Output:(ty=1,shape=[576])]", "device": "NPU"}, {"output": ["/lr_branch/backbone/features.14/conv/conv.2/Clip_output_0"], "input": ["/lr_branch/backbone/features.14/conv/conv.0/Conv_output_0", "/lr_branch/backbone/features.0/features.0.2/Constant_output_0", "/lr_branch/backbone/features.0/features.0.2/Constant_1_output_0"], "opType": "Clip", "comment": "@338 [/lr_branch/backbone/features.14/conv/conv.2/Clip_output_0:(ty=1,shape=[1,576,32,32])] Clip [/lr_branch/backbone/features.14/conv/conv.0/Conv_output_0:(ty=1,shape=[1,576,32,32]),/lr_branch/backbone/features.0/features.0.2/Constant_output_0:(ty=1,shape=[]),/lr_branch/backbone/features.0/features.0.2/Constant_1_output_0:(ty=1,shape=[])]", "device": "NPU"}, {"output": ["/lr_branch/backbone/features.14/conv/conv.2/Clip_output_0_QuantizeLinear_Output"], "input": ["/lr_branch/backbone/features.14/conv/conv.2/Clip_output_0", "onnx::Conv_683_scale", "/lr_branch/backbone/features.14/conv/conv.2/Clip_output_0_zero_point"], "opType": "QuantizeLinear", "comment": "@339 [/lr_branch/backbone/features.14/conv/conv.2/Clip_output_0_QuantizeLinear_Output:(ty=2,shape=[1,576,32,32])] QuantizeLinear [/lr_branch/backbone/features.14/conv/conv.2/Clip_output_0:(ty=1,shape=[1,576,32,32]),onnx::Conv_683_scale:(ty=1,shape=[]),/lr_branch/backbone/features.14/conv/conv.2/Clip_output_0_zero_point:(ty=2,shape=[])]", "device": "NPU"}, {"output": ["/lr_branch/backbone/features.14/conv/conv.2/Clip_output_0_DequantizeLinear_Output"], "input": ["/lr_branch/backbone/features.14/conv/conv.2/Clip_output_0_QuantizeLinear_Output", "onnx::Conv_683_scale", "/lr_branch/backbone/features.14/conv/conv.2/Clip_output_0_zero_point"], "opType": "DequantizeLinear", "comment": "@340 [/lr_branch/backbone/features.14/conv/conv.2/Clip_output_0_DequantizeLinear_Output:(ty=1,shape=[1,576,32,32])] DequantizeLinear [/lr_branch/backbone/features.14/conv/conv.2/Clip_output_0_QuantizeLinear_Output:(ty=2,shape=[1,576,32,32]),onnx::Conv_683_scale:(ty=1,shape=[]),/lr_branch/backbone/features.14/conv/conv.2/Clip_output_0_zero_point:(ty=2,shape=[])]", "device": "NPU"}, {"output": ["onnx::Conv_780_DequantizeLinear_Output"], "input": ["onnx::Conv_780_quantized", "onnx::Conv_683_scale", "onnx::Conv_780_zero_point"], "opType": "DequantizeLinear", "comment": "@118 [onnx::Conv_780_DequantizeLinear_Output:(ty=1,shape=[576])] DequantizeLinear [onnx::Conv_780_quantized:(ty=3,shape=[576]),onnx::Conv_683_scale:(ty=1,shape=[]),onnx::Conv_780_zero_point:(ty=3,shape=[])]", "device": "NPU"}, {"output": ["onnx::Conv_779_DequantizeLinear_Output"], "input": ["onnx::Conv_779_quantized", "/lr_branch/backbone/features.2/conv/conv.5/Clip_output_0_scale", "onnx::Conv_779_zero_point"], "opType": "DequantizeLinear", "comment": "@117 [onnx::Conv_779_DequantizeLinear_Output:(ty=1,shape=[576,1,3,3])] DequantizeLinear [onnx::Conv_779_quantized:(ty=3,shape=[576,1,3,3]),/lr_branch/backbone/features.2/conv/conv.5/Clip_output_0_scale:(ty=1,shape=[]),onnx::Conv_779_zero_point:(ty=3,shape=[])]", "device": "NPU"}, {"output": ["/lr_branch/backbone/features.14/conv/conv.3/Conv_output_0"], "input": ["/lr_branch/backbone/features.14/conv/conv.2/Clip_output_0_DequantizeLinear_Output", "onnx::Conv_779_DequantizeLinear_Output", "onnx::Conv_780_DequantizeLinear_Output"], "opType": "Conv", "comment": "@341 [/lr_branch/backbone/features.14/conv/conv.3/Conv_output_0:(ty=1,shape=[1,576,16,16])] Conv [/lr_branch/backbone/features.14/conv/conv.2/Clip_output_0_DequantizeLinear_Output:(ty=1,shape=[1,576,32,32]),onnx::Conv_779_DequantizeLinear_Output:(ty=1,shape=[576,1,3,3]),onnx::Conv_780_DequantizeLinear_Output:(ty=1,shape=[576])]", "device": "NPU"}, {"output": ["/lr_branch/backbone/features.14/conv/conv.5/Clip_output_0"], "input": ["/lr_branch/backbone/features.14/conv/conv.3/Conv_output_0", "/lr_branch/backbone/features.0/features.0.2/Constant_output_0", "/lr_branch/backbone/features.0/features.0.2/Constant_1_output_0"], "opType": "Clip", "comment": "@342 [/lr_branch/backbone/features.14/conv/conv.5/Clip_output_0:(ty=1,shape=[1,576,16,16])] Clip [/lr_branch/backbone/features.14/conv/conv.3/Conv_output_0:(ty=1,shape=[1,576,16,16]),/lr_branch/backbone/features.0/features.0.2/Constant_output_0:(ty=1,shape=[]),/lr_branch/backbone/features.0/features.0.2/Constant_1_output_0:(ty=1,shape=[])]", "device": "NPU"}, {"output": ["/lr_branch/backbone/features.14/conv/conv.5/Clip_output_0_QuantizeLinear_Output"], "input": ["/lr_branch/backbone/features.14/conv/conv.5/Clip_output_0", "onnx::Conv_672_scale", "/lr_branch/backbone/features.14/conv/conv.5/Clip_output_0_zero_point"], "opType": "QuantizeLinear", "comment": "@343 [/lr_branch/backbone/features.14/conv/conv.5/Clip_output_0_QuantizeLinear_Output:(ty=2,shape=[1,576,16,16])] QuantizeLinear [/lr_branch/backbone/features.14/conv/conv.5/Clip_output_0:(ty=1,shape=[1,576,16,16]),onnx::Conv_672_scale:(ty=1,shape=[]),/lr_branch/backbone/features.14/conv/conv.5/Clip_output_0_zero_point:(ty=2,shape=[])]", "device": "NPU"}, {"output": ["/lr_branch/backbone/features.14/conv/conv.5/Clip_output_0_DequantizeLinear_Output"], "input": ["/lr_branch/backbone/features.14/conv/conv.5/Clip_output_0_QuantizeLinear_Output", "onnx::Conv_672_scale", "/lr_branch/backbone/features.14/conv/conv.5/Clip_output_0_zero_point"], "opType": "DequantizeLinear", "comment": "@344 [/lr_branch/backbone/features.14/conv/conv.5/Clip_output_0_DequantizeLinear_Output:(ty=1,shape=[1,576,16,16])] DequantizeLinear [/lr_branch/backbone/features.14/conv/conv.5/Clip_output_0_QuantizeLinear_Output:(ty=2,shape=[1,576,16,16]),onnx::Conv_672_scale:(ty=1,shape=[]),/lr_branch/backbone/features.14/conv/conv.5/Clip_output_0_zero_point:(ty=2,shape=[])]", "device": "NPU"}, {"output": ["onnx::Conv_783_DequantizeLinear_Output"], "input": ["onnx::Conv_783_quantized", "onnx::Conv_674_scale", "onnx::Conv_783_zero_point"], "opType": "DequantizeLinear", "comment": "@120 [onnx::Conv_783_DequantizeLinear_Output:(ty=1,shape=[160])] DequantizeLinear [onnx::Conv_783_quantized:(ty=3,shape=[160]),onnx::Conv_674_scale:(ty=1,shape=[]),onnx::Conv_783_zero_point:(ty=3,shape=[])]", "device": "NPU"}, {"output": ["onnx::Conv_782_DequantizeLinear_Output"], "input": ["onnx::Conv_782_quantized", "onnx::Conv_758_scale", "onnx::Conv_782_zero_point"], "opType": "DequantizeLinear", "comment": "@119 [onnx::Conv_782_DequantizeLinear_Output:(ty=1,shape=[160,576,1,1])] DequantizeLinear [onnx::Conv_782_quantized:(ty=3,shape=[160,576,1,1]),onnx::Conv_758_scale:(ty=1,shape=[]),onnx::Conv_782_zero_point:(ty=3,shape=[])]", "device": "NPU"}, {"output": ["/lr_branch/backbone/features.14/conv/conv.6/Conv_output_0"], "input": ["/lr_branch/backbone/features.14/conv/conv.5/Clip_output_0_DequantizeLinear_Output", "onnx::Conv_782_DequantizeLinear_Output", "onnx::Conv_783_DequantizeLinear_Output"], "opType": "Conv", "comment": "@345 [/lr_branch/backbone/features.14/conv/conv.6/Conv_output_0:(ty=1,shape=[1,160,16,16])] Conv [/lr_branch/backbone/features.14/conv/conv.5/Clip_output_0_DequantizeLinear_Output:(ty=1,shape=[1,576,16,16]),onnx::Conv_782_DequantizeLinear_Output:(ty=1,shape=[160,576,1,1]),onnx::Conv_783_DequantizeLinear_Output:(ty=1,shape=[160])]", "device": "NPU"}, {"output": ["/lr_branch/backbone/features.14/conv/conv.6/Conv_output_0_QuantizeLinear_Output"], "input": ["/lr_branch/backbone/features.14/conv/conv.6/Conv_output_0", "/lr_branch/backbone/features.2/conv/conv.5/Clip_output_0_scale", "/lr_branch/backbone/features.14/conv/conv.6/Conv_output_0_zero_point"], "opType": "QuantizeLinear", "comment": "@346 [/lr_branch/backbone/features.14/conv/conv.6/Conv_output_0_QuantizeLinear_Output:(ty=2,shape=[1,160,16,16])] QuantizeLinear [/lr_branch/backbone/features.14/conv/conv.6/Conv_output_0:(ty=1,shape=[1,160,16,16]),/lr_branch/backbone/features.2/conv/conv.5/Clip_output_0_scale:(ty=1,shape=[]),/lr_branch/backbone/features.14/conv/conv.6/Conv_output_0_zero_point:(ty=2,shape=[])]", "device": "NPU"}, {"output": ["/lr_branch/backbone/features.14/conv/conv.6/Conv_output_0_DequantizeLinear_Output/duplicated"], "input": ["/lr_branch/backbone/features.14/conv/conv.6/Conv_output_0_QuantizeLinear_Output", "/lr_branch/backbone/features.2/conv/conv.5/Clip_output_0_scale", "/lr_branch/backbone/features.14/conv/conv.6/Conv_output_0_zero_point"], "opType": "DequantizeLinear", "comment": "@503 [/lr_branch/backbone/features.14/conv/conv.6/Conv_output_0_DequantizeLinear_Output/duplicated:(ty=1,shape=[1,160,16,16])] DequantizeLinear [/lr_branch/backbone/features.14/conv/conv.6/Conv_output_0_QuantizeLinear_Output:(ty=2,shape=[1,160,16,16]),/lr_branch/backbone/features.2/conv/conv.5/Clip_output_0_scale:(ty=1,shape=[]),/lr_branch/backbone/features.14/conv/conv.6/Conv_output_0_zero_point:(ty=2,shape=[])]", "device": "NPU"}, {"output": ["/lr_branch/backbone/features.14/conv/conv.6/Conv_output_0_DequantizeLinear_Output"], "input": ["/lr_branch/backbone/features.14/conv/conv.6/Conv_output_0_QuantizeLinear_Output", "/lr_branch/backbone/features.2/conv/conv.5/Clip_output_0_scale", "/lr_branch/backbone/features.14/conv/conv.6/Conv_output_0_zero_point"], "opType": "DequantizeLinear", "comment": "@347 [/lr_branch/backbone/features.14/conv/conv.6/Conv_output_0_DequantizeLinear_Output:(ty=1,shape=[1,160,16,16])] DequantizeLinear [/lr_branch/backbone/features.14/conv/conv.6/Conv_output_0_QuantizeLinear_Output:(ty=2,shape=[1,160,16,16]),/lr_branch/backbone/features.2/conv/conv.5/Clip_output_0_scale:(ty=1,shape=[]),/lr_branch/backbone/features.14/conv/conv.6/Conv_output_0_zero_point:(ty=2,shape=[])]", "device": "NPU"}, {"output": ["onnx::Conv_786_DequantizeLinear_Output"], "input": ["onnx::Conv_786_quantized", "onnx::Conv_696_scale", "onnx::Conv_786_zero_point"], "opType": "DequantizeLinear", "comment": "@122 [onnx::Conv_786_DequantizeLinear_Output:(ty=1,shape=[960])] DequantizeLinear [onnx::Conv_786_quantized:(ty=3,shape=[960]),onnx::Conv_696_scale:(ty=1,shape=[]),onnx::Conv_786_zero_point:(ty=3,shape=[])]", "device": "NPU"}, {"output": ["onnx::Conv_785_DequantizeLinear_Output"], "input": ["onnx::Conv_785_quantized", "onnx::Conv_722_scale", "onnx::Conv_785_zero_point"], "opType": "DequantizeLinear", "comment": "@121 [onnx::Conv_785_DequantizeLinear_Output:(ty=1,shape=[960,160,1,1])] DequantizeLinear [onnx::Conv_785_quantized:(ty=3,shape=[960,160,1,1]),onnx::Conv_722_scale:(ty=1,shape=[]),onnx::Conv_785_zero_point:(ty=3,shape=[])]", "device": "NPU"}, {"output": ["/lr_branch/backbone/features.15/conv/conv.0/Conv_output_0"], "input": ["/lr_branch/backbone/features.14/conv/conv.6/Conv_output_0_DequantizeLinear_Output", "onnx::Conv_785_DequantizeLinear_Output", "onnx::Conv_786_DequantizeLinear_Output"], "opType": "Conv", "comment": "@348 [/lr_branch/backbone/features.15/conv/conv.0/Conv_output_0:(ty=1,shape=[1,960,16,16])] Conv [/lr_branch/backbone/features.14/conv/conv.6/Conv_output_0_DequantizeLinear_Output:(ty=1,shape=[1,160,16,16]),onnx::Conv_785_DequantizeLinear_Output:(ty=1,shape=[960,160,1,1]),onnx::Conv_786_DequantizeLinear_Output:(ty=1,shape=[960])]", "device": "NPU"}, {"output": ["/lr_branch/backbone/features.15/conv/conv.2/Clip_output_0"], "input": ["/lr_branch/backbone/features.15/conv/conv.0/Conv_output_0", "/lr_branch/backbone/features.0/features.0.2/Constant_output_0", "/lr_branch/backbone/features.0/features.0.2/Constant_1_output_0"], "opType": "Clip", "comment": "@349 [/lr_branch/backbone/features.15/conv/conv.2/Clip_output_0:(ty=1,shape=[1,960,16,16])] Clip [/lr_branch/backbone/features.15/conv/conv.0/Conv_output_0:(ty=1,shape=[1,960,16,16]),/lr_branch/backbone/features.0/features.0.2/Constant_output_0:(ty=1,shape=[]),/lr_branch/backbone/features.0/features.0.2/Constant_1_output_0:(ty=1,shape=[])]", "device": "NPU"}, {"output": ["/lr_branch/backbone/features.15/conv/conv.2/Clip_output_0_QuantizeLinear_Output"], "input": ["/lr_branch/backbone/features.15/conv/conv.2/Clip_output_0", "onnx::Conv_683_scale", "/lr_branch/backbone/features.15/conv/conv.2/Clip_output_0_zero_point"], "opType": "QuantizeLinear", "comment": "@350 [/lr_branch/backbone/features.15/conv/conv.2/Clip_output_0_QuantizeLinear_Output:(ty=2,shape=[1,960,16,16])] QuantizeLinear [/lr_branch/backbone/features.15/conv/conv.2/Clip_output_0:(ty=1,shape=[1,960,16,16]),onnx::Conv_683_scale:(ty=1,shape=[]),/lr_branch/backbone/features.15/conv/conv.2/Clip_output_0_zero_point:(ty=2,shape=[])]", "device": "NPU"}, {"output": ["/lr_branch/backbone/features.15/conv/conv.2/Clip_output_0_DequantizeLinear_Output"], "input": ["/lr_branch/backbone/features.15/conv/conv.2/Clip_output_0_QuantizeLinear_Output", "onnx::Conv_683_scale", "/lr_branch/backbone/features.15/conv/conv.2/Clip_output_0_zero_point"], "opType": "DequantizeLinear", "comment": "@351 [/lr_branch/backbone/features.15/conv/conv.2/Clip_output_0_DequantizeLinear_Output:(ty=1,shape=[1,960,16,16])] DequantizeLinear [/lr_branch/backbone/features.15/conv/conv.2/Clip_output_0_QuantizeLinear_Output:(ty=2,shape=[1,960,16,16]),onnx::Conv_683_scale:(ty=1,shape=[]),/lr_branch/backbone/features.15/conv/conv.2/Clip_output_0_zero_point:(ty=2,shape=[])]", "device": "NPU"}, {"output": ["onnx::Conv_789_DequantizeLinear_Output"], "input": ["onnx::Conv_789_quantized", "onnx::Conv_674_scale", "onnx::Conv_789_zero_point"], "opType": "DequantizeLinear", "comment": "@124 [onnx::Conv_789_DequantizeLinear_Output:(ty=1,shape=[960])] DequantizeLinear [onnx::Conv_789_quantized:(ty=3,shape=[960]),onnx::Conv_674_scale:(ty=1,shape=[]),onnx::Conv_789_zero_point:(ty=3,shape=[])]", "device": "NPU"}, {"output": ["onnx::Conv_788_DequantizeLinear_Output"], "input": ["onnx::Conv_788_quantized", "/lr_branch/backbone/features.2/conv/conv.5/Clip_output_0_scale", "onnx::Conv_788_zero_point"], "opType": "DequantizeLinear", "comment": "@123 [onnx::Conv_788_DequantizeLinear_Output:(ty=1,shape=[960,1,3,3])] DequantizeLinear [onnx::Conv_788_quantized:(ty=3,shape=[960,1,3,3]),/lr_branch/backbone/features.2/conv/conv.5/Clip_output_0_scale:(ty=1,shape=[]),onnx::Conv_788_zero_point:(ty=3,shape=[])]", "device": "NPU"}, {"output": ["/lr_branch/backbone/features.15/conv/conv.3/Conv_output_0"], "input": ["/lr_branch/backbone/features.15/conv/conv.2/Clip_output_0_DequantizeLinear_Output", "onnx::Conv_788_DequantizeLinear_Output", "onnx::Conv_789_DequantizeLinear_Output"], "opType": "Conv", "comment": "@352 [/lr_branch/backbone/features.15/conv/conv.3/Conv_output_0:(ty=1,shape=[1,960,16,16])] Conv [/lr_branch/backbone/features.15/conv/conv.2/Clip_output_0_DequantizeLinear_Output:(ty=1,shape=[1,960,16,16]),onnx::Conv_788_DequantizeLinear_Output:(ty=1,shape=[960,1,3,3]),onnx::Conv_789_DequantizeLinear_Output:(ty=1,shape=[960])]", "device": "NPU"}, {"output": ["/lr_branch/backbone/features.15/conv/conv.5/Clip_output_0"], "input": ["/lr_branch/backbone/features.15/conv/conv.3/Conv_output_0", "/lr_branch/backbone/features.0/features.0.2/Constant_output_0", "/lr_branch/backbone/features.0/features.0.2/Constant_1_output_0"], "opType": "Clip", "comment": "@353 [/lr_branch/backbone/features.15/conv/conv.5/Clip_output_0:(ty=1,shape=[1,960,16,16])] Clip [/lr_branch/backbone/features.15/conv/conv.3/Conv_output_0:(ty=1,shape=[1,960,16,16]),/lr_branch/backbone/features.0/features.0.2/Constant_output_0:(ty=1,shape=[]),/lr_branch/backbone/features.0/features.0.2/Constant_1_output_0:(ty=1,shape=[])]", "device": "NPU"}, {"output": ["/lr_branch/backbone/features.15/conv/conv.5/Clip_output_0_QuantizeLinear_Output"], "input": ["/lr_branch/backbone/features.15/conv/conv.5/Clip_output_0", "onnx::Conv_672_scale", "/lr_branch/backbone/features.15/conv/conv.5/Clip_output_0_zero_point"], "opType": "QuantizeLinear", "comment": "@354 [/lr_branch/backbone/features.15/conv/conv.5/Clip_output_0_QuantizeLinear_Output:(ty=2,shape=[1,960,16,16])] QuantizeLinear [/lr_branch/backbone/features.15/conv/conv.5/Clip_output_0:(ty=1,shape=[1,960,16,16]),onnx::Conv_672_scale:(ty=1,shape=[]),/lr_branch/backbone/features.15/conv/conv.5/Clip_output_0_zero_point:(ty=2,shape=[])]", "device": "NPU"}, {"output": ["/lr_branch/backbone/features.15/conv/conv.5/Clip_output_0_DequantizeLinear_Output"], "input": ["/lr_branch/backbone/features.15/conv/conv.5/Clip_output_0_QuantizeLinear_Output", "onnx::Conv_672_scale", "/lr_branch/backbone/features.15/conv/conv.5/Clip_output_0_zero_point"], "opType": "DequantizeLinear", "comment": "@355 [/lr_branch/backbone/features.15/conv/conv.5/Clip_output_0_DequantizeLinear_Output:(ty=1,shape=[1,960,16,16])] DequantizeLinear [/lr_branch/backbone/features.15/conv/conv.5/Clip_output_0_QuantizeLinear_Output:(ty=2,shape=[1,960,16,16]),onnx::Conv_672_scale:(ty=1,shape=[]),/lr_branch/backbone/features.15/conv/conv.5/Clip_output_0_zero_point:(ty=2,shape=[])]", "device": "NPU"}, {"output": ["onnx::Conv_792_DequantizeLinear_Output"], "input": ["onnx::Conv_792_quantized", "onnx::Conv_674_scale", "onnx::Conv_792_zero_point"], "opType": "DequantizeLinear", "comment": "@126 [onnx::Conv_792_DequantizeLinear_Output:(ty=1,shape=[160])] DequantizeLinear [onnx::Conv_792_quantized:(ty=3,shape=[160]),onnx::Conv_674_scale:(ty=1,shape=[]),onnx::Conv_792_zero_point:(ty=3,shape=[])]", "device": "NPU"}, {"output": ["onnx::Conv_791_DequantizeLinear_Output"], "input": ["onnx::Conv_791_quantized", "onnx::Conv_758_scale", "onnx::Conv_791_zero_point"], "opType": "DequantizeLinear", "comment": "@125 [onnx::Conv_791_DequantizeLinear_Output:(ty=1,shape=[160,960,1,1])] DequantizeLinear [onnx::Conv_791_quantized:(ty=3,shape=[160,960,1,1]),onnx::Conv_758_scale:(ty=1,shape=[]),onnx::Conv_791_zero_point:(ty=3,shape=[])]", "device": "NPU"}, {"output": ["/lr_branch/backbone/features.15/conv/conv.6/Conv_output_0"], "input": ["/lr_branch/backbone/features.15/conv/conv.5/Clip_output_0_DequantizeLinear_Output", "onnx::Conv_791_DequantizeLinear_Output", "onnx::Conv_792_DequantizeLinear_Output"], "opType": "Conv", "comment": "@356 [/lr_branch/backbone/features.15/conv/conv.6/Conv_output_0:(ty=1,shape=[1,160,16,16])] Conv [/lr_branch/backbone/features.15/conv/conv.5/Clip_output_0_DequantizeLinear_Output:(ty=1,shape=[1,960,16,16]),onnx::Conv_791_DequantizeLinear_Output:(ty=1,shape=[160,960,1,1]),onnx::Conv_792_DequantizeLinear_Output:(ty=1,shape=[160])]", "device": "NPU"}, {"output": ["/lr_branch/backbone/features.15/conv/conv.6/Conv_output_0_QuantizeLinear_Output"], "input": ["/lr_branch/backbone/features.15/conv/conv.6/Conv_output_0", "onnx::Conv_672_scale", "/lr_branch/backbone/features.15/conv/conv.6/Conv_output_0_zero_point"], "opType": "QuantizeLinear", "comment": "@357 [/lr_branch/backbone/features.15/conv/conv.6/Conv_output_0_QuantizeLinear_Output:(ty=2,shape=[1,160,16,16])] QuantizeLinear [/lr_branch/backbone/features.15/conv/conv.6/Conv_output_0:(ty=1,shape=[1,160,16,16]),onnx::Conv_672_scale:(ty=1,shape=[]),/lr_branch/backbone/features.15/conv/conv.6/Conv_output_0_zero_point:(ty=2,shape=[])]", "device": "NPU"}, {"output": ["/lr_branch/backbone/features.15/conv/conv.6/Conv_output_0_DequantizeLinear_Output"], "input": ["/lr_branch/backbone/features.15/conv/conv.6/Conv_output_0_QuantizeLinear_Output", "onnx::Conv_672_scale", "/lr_branch/backbone/features.15/conv/conv.6/Conv_output_0_zero_point"], "opType": "DequantizeLinear", "comment": "@358 [/lr_branch/backbone/features.15/conv/conv.6/Conv_output_0_DequantizeLinear_Output:(ty=1,shape=[1,160,16,16])] DequantizeLinear [/lr_branch/backbone/features.15/conv/conv.6/Conv_output_0_QuantizeLinear_Output:(ty=2,shape=[1,160,16,16]),onnx::Conv_672_scale:(ty=1,shape=[]),/lr_branch/backbone/features.15/conv/conv.6/Conv_output_0_zero_point:(ty=2,shape=[])]", "device": "NPU"}, {"output": ["/lr_branch/backbone/features.15/Add_output_0"], "input": ["/lr_branch/backbone/features.14/conv/conv.6/Conv_output_0_DequantizeLinear_Output/duplicated", "/lr_branch/backbone/features.15/conv/conv.6/Conv_output_0_DequantizeLinear_Output"], "opType": "Add", "comment": "@359 [/lr_branch/backbone/features.15/Add_output_0:(ty=1,shape=[1,160,16,16])] Add [/lr_branch/backbone/features.14/conv/conv.6/Conv_output_0_DequantizeLinear_Output/duplicated:(ty=1,shape=[1,160,16,16]),/lr_branch/backbone/features.15/conv/conv.6/Conv_output_0_DequantizeLinear_Output:(ty=1,shape=[1,160,16,16])]", "device": "NPU"}, {"output": ["/lr_branch/backbone/features.15/Add_output_0_QuantizeLinear_Output"], "input": ["/lr_branch/backbone/features.15/Add_output_0", "/lr_branch/backbone/features.2/conv/conv.5/Clip_output_0_scale", "/lr_branch/backbone/features.15/Add_output_0_zero_point"], "opType": "QuantizeLinear", "comment": "@360 [/lr_branch/backbone/features.15/Add_output_0_QuantizeLinear_Output:(ty=2,shape=[1,160,16,16])] QuantizeLinear [/lr_branch/backbone/features.15/Add_output_0:(ty=1,shape=[1,160,16,16]),/lr_branch/backbone/features.2/conv/conv.5/Clip_output_0_scale:(ty=1,shape=[]),/lr_branch/backbone/features.15/Add_output_0_zero_point:(ty=2,shape=[])]", "device": "NPU"}, {"output": ["/lr_branch/backbone/features.15/Add_output_0_DequantizeLinear_Output/duplicated"], "input": ["/lr_branch/backbone/features.15/Add_output_0_QuantizeLinear_Output", "/lr_branch/backbone/features.2/conv/conv.5/Clip_output_0_scale", "/lr_branch/backbone/features.15/Add_output_0_zero_point"], "opType": "DequantizeLinear", "comment": "@504 [/lr_branch/backbone/features.15/Add_output_0_DequantizeLinear_Output/duplicated:(ty=1,shape=[1,160,16,16])] DequantizeLinear [/lr_branch/backbone/features.15/Add_output_0_QuantizeLinear_Output:(ty=2,shape=[1,160,16,16]),/lr_branch/backbone/features.2/conv/conv.5/Clip_output_0_scale:(ty=1,shape=[]),/lr_branch/backbone/features.15/Add_output_0_zero_point:(ty=2,shape=[])]", "device": "NPU"}, {"output": ["/lr_branch/backbone/features.15/Add_output_0_DequantizeLinear_Output"], "input": ["/lr_branch/backbone/features.15/Add_output_0_QuantizeLinear_Output", "/lr_branch/backbone/features.2/conv/conv.5/Clip_output_0_scale", "/lr_branch/backbone/features.15/Add_output_0_zero_point"], "opType": "DequantizeLinear", "comment": "@361 [/lr_branch/backbone/features.15/Add_output_0_DequantizeLinear_Output:(ty=1,shape=[1,160,16,16])] DequantizeLinear [/lr_branch/backbone/features.15/Add_output_0_QuantizeLinear_Output:(ty=2,shape=[1,160,16,16]),/lr_branch/backbone/features.2/conv/conv.5/Clip_output_0_scale:(ty=1,shape=[]),/lr_branch/backbone/features.15/Add_output_0_zero_point:(ty=2,shape=[])]", "device": "NPU"}, {"output": ["onnx::Conv_795_DequantizeLinear_Output"], "input": ["onnx::Conv_795_quantized", "onnx::Conv_758_scale", "onnx::Conv_795_zero_point"], "opType": "DequantizeLinear", "comment": "@128 [onnx::Conv_795_DequantizeLinear_Output:(ty=1,shape=[960])] DequantizeLinear [onnx::Conv_795_quantized:(ty=3,shape=[960]),onnx::Conv_758_scale:(ty=1,shape=[]),onnx::Conv_795_zero_point:(ty=3,shape=[])]", "device": "NPU"}, {"output": ["onnx::Conv_794_DequantizeLinear_Output"], "input": ["onnx::Conv_794_quantized", "onnx::Conv_722_scale", "onnx::Conv_794_zero_point"], "opType": "DequantizeLinear", "comment": "@127 [onnx::Conv_794_DequantizeLinear_Output:(ty=1,shape=[960,160,1,1])] DequantizeLinear [onnx::Conv_794_quantized:(ty=3,shape=[960,160,1,1]),onnx::Conv_722_scale:(ty=1,shape=[]),onnx::Conv_794_zero_point:(ty=3,shape=[])]", "device": "NPU"}, {"output": ["/lr_branch/backbone/features.16/conv/conv.0/Conv_output_0"], "input": ["/lr_branch/backbone/features.15/Add_output_0_DequantizeLinear_Output", "onnx::Conv_794_DequantizeLinear_Output", "onnx::Conv_795_DequantizeLinear_Output"], "opType": "Conv", "comment": "@362 [/lr_branch/backbone/features.16/conv/conv.0/Conv_output_0:(ty=1,shape=[1,960,16,16])] Conv [/lr_branch/backbone/features.15/Add_output_0_DequantizeLinear_Output:(ty=1,shape=[1,160,16,16]),onnx::Conv_794_DequantizeLinear_Output:(ty=1,shape=[960,160,1,1]),onnx::Conv_795_DequantizeLinear_Output:(ty=1,shape=[960])]", "device": "NPU"}, {"output": ["/lr_branch/backbone/features.16/conv/conv.2/Clip_output_0"], "input": ["/lr_branch/backbone/features.16/conv/conv.0/Conv_output_0", "/lr_branch/backbone/features.0/features.0.2/Constant_output_0", "/lr_branch/backbone/features.0/features.0.2/Constant_1_output_0"], "opType": "Clip", "comment": "@363 [/lr_branch/backbone/features.16/conv/conv.2/Clip_output_0:(ty=1,shape=[1,960,16,16])] Clip [/lr_branch/backbone/features.16/conv/conv.0/Conv_output_0:(ty=1,shape=[1,960,16,16]),/lr_branch/backbone/features.0/features.0.2/Constant_output_0:(ty=1,shape=[]),/lr_branch/backbone/features.0/features.0.2/Constant_1_output_0:(ty=1,shape=[])]", "device": "NPU"}, {"output": ["/lr_branch/backbone/features.16/conv/conv.2/Clip_output_0_QuantizeLinear_Output"], "input": ["/lr_branch/backbone/features.16/conv/conv.2/Clip_output_0", "onnx::Conv_672_scale", "/lr_branch/backbone/features.16/conv/conv.2/Clip_output_0_zero_point"], "opType": "QuantizeLinear", "comment": "@364 [/lr_branch/backbone/features.16/conv/conv.2/Clip_output_0_QuantizeLinear_Output:(ty=2,shape=[1,960,16,16])] QuantizeLinear [/lr_branch/backbone/features.16/conv/conv.2/Clip_output_0:(ty=1,shape=[1,960,16,16]),onnx::Conv_672_scale:(ty=1,shape=[]),/lr_branch/backbone/features.16/conv/conv.2/Clip_output_0_zero_point:(ty=2,shape=[])]", "device": "NPU"}, {"output": ["/lr_branch/backbone/features.16/conv/conv.2/Clip_output_0_DequantizeLinear_Output"], "input": ["/lr_branch/backbone/features.16/conv/conv.2/Clip_output_0_QuantizeLinear_Output", "onnx::Conv_672_scale", "/lr_branch/backbone/features.16/conv/conv.2/Clip_output_0_zero_point"], "opType": "DequantizeLinear", "comment": "@365 [/lr_branch/backbone/features.16/conv/conv.2/Clip_output_0_DequantizeLinear_Output:(ty=1,shape=[1,960,16,16])] DequantizeLinear [/lr_branch/backbone/features.16/conv/conv.2/Clip_output_0_QuantizeLinear_Output:(ty=2,shape=[1,960,16,16]),onnx::Conv_672_scale:(ty=1,shape=[]),/lr_branch/backbone/features.16/conv/conv.2/Clip_output_0_zero_point:(ty=2,shape=[])]", "device": "NPU"}, {"output": ["onnx::Conv_798_DequantizeLinear_Output"], "input": ["onnx::Conv_798_quantized", "onnx::Conv_683_scale", "onnx::Conv_798_zero_point"], "opType": "DequantizeLinear", "comment": "@130 [onnx::Conv_798_DequantizeLinear_Output:(ty=1,shape=[960])] DequantizeLinear [onnx::Conv_798_quantized:(ty=3,shape=[960]),onnx::Conv_683_scale:(ty=1,shape=[]),onnx::Conv_798_zero_point:(ty=3,shape=[])]", "device": "NPU"}, {"output": ["onnx::Conv_797_DequantizeLinear_Output"], "input": ["onnx::Conv_797_quantized", "/lr_branch/backbone/features.2/conv/conv.5/Clip_output_0_scale", "onnx::Conv_797_zero_point"], "opType": "DequantizeLinear", "comment": "@129 [onnx::Conv_797_DequantizeLinear_Output:(ty=1,shape=[960,1,3,3])] DequantizeLinear [onnx::Conv_797_quantized:(ty=3,shape=[960,1,3,3]),/lr_branch/backbone/features.2/conv/conv.5/Clip_output_0_scale:(ty=1,shape=[]),onnx::Conv_797_zero_point:(ty=3,shape=[])]", "device": "NPU"}, {"output": ["/lr_branch/backbone/features.16/conv/conv.3/Conv_output_0"], "input": ["/lr_branch/backbone/features.16/conv/conv.2/Clip_output_0_DequantizeLinear_Output", "onnx::Conv_797_DequantizeLinear_Output", "onnx::Conv_798_DequantizeLinear_Output"], "opType": "Conv", "comment": "@366 [/lr_branch/backbone/features.16/conv/conv.3/Conv_output_0:(ty=1,shape=[1,960,16,16])] Conv [/lr_branch/backbone/features.16/conv/conv.2/Clip_output_0_DequantizeLinear_Output:(ty=1,shape=[1,960,16,16]),onnx::Conv_797_DequantizeLinear_Output:(ty=1,shape=[960,1,3,3]),onnx::Conv_798_DequantizeLinear_Output:(ty=1,shape=[960])]", "device": "NPU"}, {"output": ["/lr_branch/backbone/features.16/conv/conv.5/Clip_output_0"], "input": ["/lr_branch/backbone/features.16/conv/conv.3/Conv_output_0", "/lr_branch/backbone/features.0/features.0.2/Constant_output_0", "/lr_branch/backbone/features.0/features.0.2/Constant_1_output_0"], "opType": "Clip", "comment": "@367 [/lr_branch/backbone/features.16/conv/conv.5/Clip_output_0:(ty=1,shape=[1,960,16,16])] Clip [/lr_branch/backbone/features.16/conv/conv.3/Conv_output_0:(ty=1,shape=[1,960,16,16]),/lr_branch/backbone/features.0/features.0.2/Constant_output_0:(ty=1,shape=[]),/lr_branch/backbone/features.0/features.0.2/Constant_1_output_0:(ty=1,shape=[])]", "device": "NPU"}, {"output": ["/lr_branch/backbone/features.16/conv/conv.5/Clip_output_0_QuantizeLinear_Output"], "input": ["/lr_branch/backbone/features.16/conv/conv.5/Clip_output_0", "onnx::Conv_672_scale", "/lr_branch/backbone/features.16/conv/conv.5/Clip_output_0_zero_point"], "opType": "QuantizeLinear", "comment": "@368 [/lr_branch/backbone/features.16/conv/conv.5/Clip_output_0_QuantizeLinear_Output:(ty=2,shape=[1,960,16,16])] QuantizeLinear [/lr_branch/backbone/features.16/conv/conv.5/Clip_output_0:(ty=1,shape=[1,960,16,16]),onnx::Conv_672_scale:(ty=1,shape=[]),/lr_branch/backbone/features.16/conv/conv.5/Clip_output_0_zero_point:(ty=2,shape=[])]", "device": "NPU"}, {"output": ["/lr_branch/backbone/features.16/conv/conv.5/Clip_output_0_DequantizeLinear_Output"], "input": ["/lr_branch/backbone/features.16/conv/conv.5/Clip_output_0_QuantizeLinear_Output", "onnx::Conv_672_scale", "/lr_branch/backbone/features.16/conv/conv.5/Clip_output_0_zero_point"], "opType": "DequantizeLinear", "comment": "@369 [/lr_branch/backbone/features.16/conv/conv.5/Clip_output_0_DequantizeLinear_Output:(ty=1,shape=[1,960,16,16])] DequantizeLinear [/lr_branch/backbone/features.16/conv/conv.5/Clip_output_0_QuantizeLinear_Output:(ty=2,shape=[1,960,16,16]),onnx::Conv_672_scale:(ty=1,shape=[]),/lr_branch/backbone/features.16/conv/conv.5/Clip_output_0_zero_point:(ty=2,shape=[])]", "device": "NPU"}, {"output": ["onnx::Conv_801_DequantizeLinear_Output"], "input": ["onnx::Conv_801_quantized", "onnx::Conv_683_scale", "onnx::Conv_801_zero_point"], "opType": "DequantizeLinear", "comment": "@132 [onnx::Conv_801_DequantizeLinear_Output:(ty=1,shape=[160])] DequantizeLinear [onnx::Conv_801_quantized:(ty=3,shape=[160]),onnx::Conv_683_scale:(ty=1,shape=[]),onnx::Conv_801_zero_point:(ty=3,shape=[])]", "device": "NPU"}, {"output": ["onnx::Conv_800_DequantizeLinear_Output"], "input": ["onnx::Conv_800_quantized", "onnx::Conv_696_scale", "onnx::Conv_800_zero_point"], "opType": "DequantizeLinear", "comment": "@131 [onnx::Conv_800_DequantizeLinear_Output:(ty=1,shape=[160,960,1,1])] DequantizeLinear [onnx::Conv_800_quantized:(ty=3,shape=[160,960,1,1]),onnx::Conv_696_scale:(ty=1,shape=[]),onnx::Conv_800_zero_point:(ty=3,shape=[])]", "device": "NPU"}, {"output": ["/lr_branch/backbone/features.16/conv/conv.6/Conv_output_0"], "input": ["/lr_branch/backbone/features.16/conv/conv.5/Clip_output_0_DequantizeLinear_Output", "onnx::Conv_800_DequantizeLinear_Output", "onnx::Conv_801_DequantizeLinear_Output"], "opType": "Conv", "comment": "@370 [/lr_branch/backbone/features.16/conv/conv.6/Conv_output_0:(ty=1,shape=[1,160,16,16])] Conv [/lr_branch/backbone/features.16/conv/conv.5/Clip_output_0_DequantizeLinear_Output:(ty=1,shape=[1,960,16,16]),onnx::Conv_800_DequantizeLinear_Output:(ty=1,shape=[160,960,1,1]),onnx::Conv_801_DequantizeLinear_Output:(ty=1,shape=[160])]", "device": "NPU"}, {"output": ["/lr_branch/backbone/features.16/conv/conv.6/Conv_output_0_QuantizeLinear_Output"], "input": ["/lr_branch/backbone/features.16/conv/conv.6/Conv_output_0", "/hr_branch/conv_hr4x/conv_hr4x.1/Relu_output_0_scale", "/lr_branch/backbone/features.16/conv/conv.6/Conv_output_0_zero_point"], "opType": "QuantizeLinear", "comment": "@371 [/lr_branch/backbone/features.16/conv/conv.6/Conv_output_0_QuantizeLinear_Output:(ty=2,shape=[1,160,16,16])] QuantizeLinear [/lr_branch/backbone/features.16/conv/conv.6/Conv_output_0:(ty=1,shape=[1,160,16,16]),/hr_branch/conv_hr4x/conv_hr4x.1/Relu_output_0_scale:(ty=1,shape=[]),/lr_branch/backbone/features.16/conv/conv.6/Conv_output_0_zero_point:(ty=2,shape=[])]", "device": "NPU"}, {"output": ["/lr_branch/backbone/features.16/conv/conv.6/Conv_output_0_DequantizeLinear_Output"], "input": ["/lr_branch/backbone/features.16/conv/conv.6/Conv_output_0_QuantizeLinear_Output", "/hr_branch/conv_hr4x/conv_hr4x.1/Relu_output_0_scale", "/lr_branch/backbone/features.16/conv/conv.6/Conv_output_0_zero_point"], "opType": "DequantizeLinear", "comment": "@372 [/lr_branch/backbone/features.16/conv/conv.6/Conv_output_0_DequantizeLinear_Output:(ty=1,shape=[1,160,16,16])] DequantizeLinear [/lr_branch/backbone/features.16/conv/conv.6/Conv_output_0_QuantizeLinear_Output:(ty=2,shape=[1,160,16,16]),/hr_branch/conv_hr4x/conv_hr4x.1/Relu_output_0_scale:(ty=1,shape=[]),/lr_branch/backbone/features.16/conv/conv.6/Conv_output_0_zero_point:(ty=2,shape=[])]", "device": "NPU"}, {"output": ["/lr_branch/backbone/features.16/Add_output_0"], "input": ["/lr_branch/backbone/features.15/Add_output_0_DequantizeLinear_Output/duplicated", "/lr_branch/backbone/features.16/conv/conv.6/Conv_output_0_DequantizeLinear_Output"], "opType": "Add", "comment": "@373 [/lr_branch/backbone/features.16/Add_output_0:(ty=1,shape=[1,160,16,16])] Add [/lr_branch/backbone/features.15/Add_output_0_DequantizeLinear_Output/duplicated:(ty=1,shape=[1,160,16,16]),/lr_branch/backbone/features.16/conv/conv.6/Conv_output_0_DequantizeLinear_Output:(ty=1,shape=[1,160,16,16])]", "device": "NPU"}, {"output": ["/lr_branch/backbone/features.16/Add_output_0_QuantizeLinear_Output"], "input": ["/lr_branch/backbone/features.16/Add_output_0", "/hr_branch/conv_hr4x/conv_hr4x.1/Relu_output_0_scale", "/lr_branch/backbone/features.16/Add_output_0_zero_point"], "opType": "QuantizeLinear", "comment": "@374 [/lr_branch/backbone/features.16/Add_output_0_QuantizeLinear_Output:(ty=2,shape=[1,160,16,16])] QuantizeLinear [/lr_branch/backbone/features.16/Add_output_0:(ty=1,shape=[1,160,16,16]),/hr_branch/conv_hr4x/conv_hr4x.1/Relu_output_0_scale:(ty=1,shape=[]),/lr_branch/backbone/features.16/Add_output_0_zero_point:(ty=2,shape=[])]", "device": "NPU"}, {"output": ["/lr_branch/backbone/features.16/Add_output_0_DequantizeLinear_Output"], "input": ["/lr_branch/backbone/features.16/Add_output_0_QuantizeLinear_Output", "/hr_branch/conv_hr4x/conv_hr4x.1/Relu_output_0_scale", "/lr_branch/backbone/features.16/Add_output_0_zero_point"], "opType": "DequantizeLinear", "comment": "@375 [/lr_branch/backbone/features.16/Add_output_0_DequantizeLinear_Output:(ty=1,shape=[1,160,16,16])] DequantizeLinear [/lr_branch/backbone/features.16/Add_output_0_QuantizeLinear_Output:(ty=2,shape=[1,160,16,16]),/hr_branch/conv_hr4x/conv_hr4x.1/Relu_output_0_scale:(ty=1,shape=[]),/lr_branch/backbone/features.16/Add_output_0_zero_point:(ty=2,shape=[])]", "device": "NPU"}, {"output": ["onnx::Conv_804_DequantizeLinear_Output"], "input": ["onnx::Conv_804_quantized", "onnx::Conv_696_scale", "onnx::Conv_804_zero_point"], "opType": "DequantizeLinear", "comment": "@134 [onnx::Conv_804_DequantizeLinear_Output:(ty=1,shape=[960])] DequantizeLinear [onnx::Conv_804_quantized:(ty=3,shape=[960]),onnx::Conv_696_scale:(ty=1,shape=[]),onnx::Conv_804_zero_point:(ty=3,shape=[])]", "device": "NPU"}, {"output": ["onnx::Conv_803_DequantizeLinear_Output"], "input": ["onnx::Conv_803_quantized", "onnx::Conv_722_scale", "onnx::Conv_803_zero_point"], "opType": "DequantizeLinear", "comment": "@133 [onnx::Conv_803_DequantizeLinear_Output:(ty=1,shape=[960,160,1,1])] DequantizeLinear [onnx::Conv_803_quantized:(ty=3,shape=[960,160,1,1]),onnx::Conv_722_scale:(ty=1,shape=[]),onnx::Conv_803_zero_point:(ty=3,shape=[])]", "device": "NPU"}, {"output": ["/lr_branch/backbone/features.17/conv/conv.0/Conv_output_0"], "input": ["/lr_branch/backbone/features.16/Add_output_0_DequantizeLinear_Output", "onnx::Conv_803_DequantizeLinear_Output", "onnx::Conv_804_DequantizeLinear_Output"], "opType": "Conv", "comment": "@376 [/lr_branch/backbone/features.17/conv/conv.0/Conv_output_0:(ty=1,shape=[1,960,16,16])] Conv [/lr_branch/backbone/features.16/Add_output_0_DequantizeLinear_Output:(ty=1,shape=[1,160,16,16]),onnx::Conv_803_DequantizeLinear_Output:(ty=1,shape=[960,160,1,1]),onnx::Conv_804_DequantizeLinear_Output:(ty=1,shape=[960])]", "device": "NPU"}, {"output": ["/lr_branch/backbone/features.17/conv/conv.2/Clip_output_0"], "input": ["/lr_branch/backbone/features.17/conv/conv.0/Conv_output_0", "/lr_branch/backbone/features.0/features.0.2/Constant_output_0", "/lr_branch/backbone/features.0/features.0.2/Constant_1_output_0"], "opType": "Clip", "comment": "@377 [/lr_branch/backbone/features.17/conv/conv.2/Clip_output_0:(ty=1,shape=[1,960,16,16])] Clip [/lr_branch/backbone/features.17/conv/conv.0/Conv_output_0:(ty=1,shape=[1,960,16,16]),/lr_branch/backbone/features.0/features.0.2/Constant_output_0:(ty=1,shape=[]),/lr_branch/backbone/features.0/features.0.2/Constant_1_output_0:(ty=1,shape=[])]", "device": "NPU"}, {"output": ["/lr_branch/backbone/features.17/conv/conv.2/Clip_output_0_QuantizeLinear_Output"], "input": ["/lr_branch/backbone/features.17/conv/conv.2/Clip_output_0", "onnx::Conv_683_scale", "/lr_branch/backbone/features.17/conv/conv.2/Clip_output_0_zero_point"], "opType": "QuantizeLinear", "comment": "@378 [/lr_branch/backbone/features.17/conv/conv.2/Clip_output_0_QuantizeLinear_Output:(ty=2,shape=[1,960,16,16])] QuantizeLinear [/lr_branch/backbone/features.17/conv/conv.2/Clip_output_0:(ty=1,shape=[1,960,16,16]),onnx::Conv_683_scale:(ty=1,shape=[]),/lr_branch/backbone/features.17/conv/conv.2/Clip_output_0_zero_point:(ty=2,shape=[])]", "device": "NPU"}, {"output": ["/lr_branch/backbone/features.17/conv/conv.2/Clip_output_0_DequantizeLinear_Output"], "input": ["/lr_branch/backbone/features.17/conv/conv.2/Clip_output_0_QuantizeLinear_Output", "onnx::Conv_683_scale", "/lr_branch/backbone/features.17/conv/conv.2/Clip_output_0_zero_point"], "opType": "DequantizeLinear", "comment": "@379 [/lr_branch/backbone/features.17/conv/conv.2/Clip_output_0_DequantizeLinear_Output:(ty=1,shape=[1,960,16,16])] DequantizeLinear [/lr_branch/backbone/features.17/conv/conv.2/Clip_output_0_QuantizeLinear_Output:(ty=2,shape=[1,960,16,16]),onnx::Conv_683_scale:(ty=1,shape=[]),/lr_branch/backbone/features.17/conv/conv.2/Clip_output_0_zero_point:(ty=2,shape=[])]", "device": "NPU"}, {"output": ["onnx::Conv_807_DequantizeLinear_Output"], "input": ["onnx::Conv_807_quantized", "onnx::Conv_683_scale", "onnx::Conv_807_zero_point"], "opType": "DequantizeLinear", "comment": "@136 [onnx::Conv_807_DequantizeLinear_Output:(ty=1,shape=[960])] DequantizeLinear [onnx::Conv_807_quantized:(ty=3,shape=[960]),onnx::Conv_683_scale:(ty=1,shape=[]),onnx::Conv_807_zero_point:(ty=3,shape=[])]", "device": "NPU"}, {"output": ["onnx::Conv_806_DequantizeLinear_Output"], "input": ["onnx::Conv_806_quantized", "/hr_branch/conv_hr4x/conv_hr4x.1/Relu_output_0_scale", "onnx::Conv_806_zero_point"], "opType": "DequantizeLinear", "comment": "@135 [onnx::Conv_806_DequantizeLinear_Output:(ty=1,shape=[960,1,3,3])] DequantizeLinear [onnx::Conv_806_quantized:(ty=3,shape=[960,1,3,3]),/hr_branch/conv_hr4x/conv_hr4x.1/Relu_output_0_scale:(ty=1,shape=[]),onnx::Conv_806_zero_point:(ty=3,shape=[])]", "device": "NPU"}, {"output": ["/lr_branch/backbone/features.17/conv/conv.3/Conv_output_0"], "input": ["/lr_branch/backbone/features.17/conv/conv.2/Clip_output_0_DequantizeLinear_Output", "onnx::Conv_806_DequantizeLinear_Output", "onnx::Conv_807_DequantizeLinear_Output"], "opType": "Conv", "comment": "@380 [/lr_branch/backbone/features.17/conv/conv.3/Conv_output_0:(ty=1,shape=[1,960,16,16])] Conv [/lr_branch/backbone/features.17/conv/conv.2/Clip_output_0_DequantizeLinear_Output:(ty=1,shape=[1,960,16,16]),onnx::Conv_806_DequantizeLinear_Output:(ty=1,shape=[960,1,3,3]),onnx::Conv_807_DequantizeLinear_Output:(ty=1,shape=[960])]", "device": "NPU"}, {"output": ["/lr_branch/backbone/features.17/conv/conv.5/Clip_output_0"], "input": ["/lr_branch/backbone/features.17/conv/conv.3/Conv_output_0", "/lr_branch/backbone/features.0/features.0.2/Constant_output_0", "/lr_branch/backbone/features.0/features.0.2/Constant_1_output_0"], "opType": "Clip", "comment": "@381 [/lr_branch/backbone/features.17/conv/conv.5/Clip_output_0:(ty=1,shape=[1,960,16,16])] Clip [/lr_branch/backbone/features.17/conv/conv.3/Conv_output_0:(ty=1,shape=[1,960,16,16]),/lr_branch/backbone/features.0/features.0.2/Constant_output_0:(ty=1,shape=[]),/lr_branch/backbone/features.0/features.0.2/Constant_1_output_0:(ty=1,shape=[])]", "device": "NPU"}, {"output": ["/lr_branch/backbone/features.17/conv/conv.5/Clip_output_0_QuantizeLinear_Output"], "input": ["/lr_branch/backbone/features.17/conv/conv.5/Clip_output_0", "onnx::Conv_683_scale", "/lr_branch/backbone/features.17/conv/conv.5/Clip_output_0_zero_point"], "opType": "QuantizeLinear", "comment": "@382 [/lr_branch/backbone/features.17/conv/conv.5/Clip_output_0_QuantizeLinear_Output:(ty=2,shape=[1,960,16,16])] QuantizeLinear [/lr_branch/backbone/features.17/conv/conv.5/Clip_output_0:(ty=1,shape=[1,960,16,16]),onnx::Conv_683_scale:(ty=1,shape=[]),/lr_branch/backbone/features.17/conv/conv.5/Clip_output_0_zero_point:(ty=2,shape=[])]", "device": "NPU"}, {"output": ["/lr_branch/backbone/features.17/conv/conv.5/Clip_output_0_DequantizeLinear_Output"], "input": ["/lr_branch/backbone/features.17/conv/conv.5/Clip_output_0_QuantizeLinear_Output", "onnx::Conv_683_scale", "/lr_branch/backbone/features.17/conv/conv.5/Clip_output_0_zero_point"], "opType": "DequantizeLinear", "comment": "@383 [/lr_branch/backbone/features.17/conv/conv.5/Clip_output_0_DequantizeLinear_Output:(ty=1,shape=[1,960,16,16])] DequantizeLinear [/lr_branch/backbone/features.17/conv/conv.5/Clip_output_0_QuantizeLinear_Output:(ty=2,shape=[1,960,16,16]),onnx::Conv_683_scale:(ty=1,shape=[]),/lr_branch/backbone/features.17/conv/conv.5/Clip_output_0_zero_point:(ty=2,shape=[])]", "device": "NPU"}, {"output": ["onnx::Conv_810_DequantizeLinear_Output"], "input": ["onnx::Conv_810_quantized", "onnx::Conv_683_scale", "onnx::Conv_810_zero_point"], "opType": "DequantizeLinear", "comment": "@138 [onnx::Conv_810_DequantizeLinear_Output:(ty=1,shape=[320])] DequantizeLinear [onnx::Conv_810_quantized:(ty=3,shape=[320]),onnx::Conv_683_scale:(ty=1,shape=[]),onnx::Conv_810_zero_point:(ty=3,shape=[])]", "device": "NPU"}, {"output": ["onnx::Conv_809_DequantizeLinear_Output"], "input": ["onnx::Conv_809_quantized", "onnx::Conv_696_scale", "onnx::Conv_809_zero_point"], "opType": "DequantizeLinear", "comment": "@137 [onnx::Conv_809_DequantizeLinear_Output:(ty=1,shape=[320,960,1,1])] DequantizeLinear [onnx::Conv_809_quantized:(ty=3,shape=[320,960,1,1]),onnx::Conv_696_scale:(ty=1,shape=[]),onnx::Conv_809_zero_point:(ty=3,shape=[])]", "device": "NPU"}, {"output": ["/lr_branch/backbone/features.17/conv/conv.6/Conv_output_0"], "input": ["/lr_branch/backbone/features.17/conv/conv.5/Clip_output_0_DequantizeLinear_Output", "onnx::Conv_809_DequantizeLinear_Output", "onnx::Conv_810_DequantizeLinear_Output"], "opType": "Conv", "comment": "@384 [/lr_branch/backbone/features.17/conv/conv.6/Conv_output_0:(ty=1,shape=[1,320,16,16])] Conv [/lr_branch/backbone/features.17/conv/conv.5/Clip_output_0_DequantizeLinear_Output:(ty=1,shape=[1,960,16,16]),onnx::Conv_809_DequantizeLinear_Output:(ty=1,shape=[320,960,1,1]),onnx::Conv_810_DequantizeLinear_Output:(ty=1,shape=[320])]", "device": "NPU"}, {"output": ["/lr_branch/backbone/features.17/conv/conv.6/Conv_output_0_QuantizeLinear_Output"], "input": ["/lr_branch/backbone/features.17/conv/conv.6/Conv_output_0", "onnx::Conv_672_scale", "/lr_branch/backbone/features.17/conv/conv.6/Conv_output_0_zero_point"], "opType": "QuantizeLinear", "comment": "@385 [/lr_branch/backbone/features.17/conv/conv.6/Conv_output_0_QuantizeLinear_Output:(ty=2,shape=[1,320,16,16])] QuantizeLinear [/lr_branch/backbone/features.17/conv/conv.6/Conv_output_0:(ty=1,shape=[1,320,16,16]),onnx::Conv_672_scale:(ty=1,shape=[]),/lr_branch/backbone/features.17/conv/conv.6/Conv_output_0_zero_point:(ty=2,shape=[])]", "device": "NPU"}, {"output": ["/lr_branch/backbone/features.17/conv/conv.6/Conv_output_0_DequantizeLinear_Output"], "input": ["/lr_branch/backbone/features.17/conv/conv.6/Conv_output_0_QuantizeLinear_Output", "onnx::Conv_672_scale", "/lr_branch/backbone/features.17/conv/conv.6/Conv_output_0_zero_point"], "opType": "DequantizeLinear", "comment": "@386 [/lr_branch/backbone/features.17/conv/conv.6/Conv_output_0_DequantizeLinear_Output:(ty=1,shape=[1,320,16,16])] DequantizeLinear [/lr_branch/backbone/features.17/conv/conv.6/Conv_output_0_QuantizeLinear_Output:(ty=2,shape=[1,320,16,16]),onnx::Conv_672_scale:(ty=1,shape=[]),/lr_branch/backbone/features.17/conv/conv.6/Conv_output_0_zero_point:(ty=2,shape=[])]", "device": "NPU"}, {"output": ["onnx::Conv_813_DequantizeLinear_Output"], "input": ["onnx::Conv_813_quantized", "onnx::Conv_696_scale", "onnx::Conv_813_zero_point"], "opType": "DequantizeLinear", "comment": "@140 [onnx::Conv_813_DequantizeLinear_Output:(ty=1,shape=[1280])] DequantizeLinear [onnx::Conv_813_quantized:(ty=3,shape=[1280]),onnx::Conv_696_scale:(ty=1,shape=[]),onnx::Conv_813_zero_point:(ty=3,shape=[])]", "device": "NPU"}, {"output": ["onnx::Conv_812_DequantizeLinear_Output"], "input": ["onnx::Conv_812_quantized", "onnx::Conv_696_scale", "onnx::Conv_812_zero_point"], "opType": "DequantizeLinear", "comment": "@139 [onnx::Conv_812_DequantizeLinear_Output:(ty=1,shape=[1280,320,1,1])] DequantizeLinear [onnx::Conv_812_quantized:(ty=3,shape=[1280,320,1,1]),onnx::Conv_696_scale:(ty=1,shape=[]),onnx::Conv_812_zero_point:(ty=3,shape=[])]", "device": "NPU"}, {"output": ["/lr_branch/backbone/features.18/features.18.0/Conv_output_0"], "input": ["/lr_branch/backbone/features.17/conv/conv.6/Conv_output_0_DequantizeLinear_Output", "onnx::Conv_812_DequantizeLinear_Output", "onnx::Conv_813_DequantizeLinear_Output"], "opType": "Conv", "comment": "@387 [/lr_branch/backbone/features.18/features.18.0/Conv_output_0:(ty=1,shape=[1,1280,16,16])] Conv [/lr_branch/backbone/features.17/conv/conv.6/Conv_output_0_DequantizeLinear_Output:(ty=1,shape=[1,320,16,16]),onnx::Conv_812_DequantizeLinear_Output:(ty=1,shape=[1280,320,1,1]),onnx::Conv_813_DequantizeLinear_Output:(ty=1,shape=[1280])]", "device": "NPU"}, {"output": ["/lr_branch/backbone/features.18/features.18.2/Clip_output_0"], "input": ["/lr_branch/backbone/features.18/features.18.0/Conv_output_0", "/lr_branch/backbone/features.0/features.0.2/Constant_output_0", "/lr_branch/backbone/features.0/features.0.2/Constant_1_output_0"], "opType": "Clip", "comment": "@388 [/lr_branch/backbone/features.18/features.18.2/Clip_output_0:(ty=1,shape=[1,1280,16,16])] Clip [/lr_branch/backbone/features.18/features.18.0/Conv_output_0:(ty=1,shape=[1,1280,16,16]),/lr_branch/backbone/features.0/features.0.2/Constant_output_0:(ty=1,shape=[]),/lr_branch/backbone/features.0/features.0.2/Constant_1_output_0:(ty=1,shape=[])]", "device": "NPU"}, {"output": ["/lr_branch/backbone/features.18/features.18.2/Clip_output_0_QuantizeLinear_Output"], "input": ["/lr_branch/backbone/features.18/features.18.2/Clip_output_0", "/lr_branch/backbone/features.2/conv/conv.5/Clip_output_0_scale", "/lr_branch/backbone/features.18/features.18.2/Clip_output_0_zero_point"], "opType": "QuantizeLinear", "comment": "@389 [/lr_branch/backbone/features.18/features.18.2/Clip_output_0_QuantizeLinear_Output:(ty=2,shape=[1,1280,16,16])] QuantizeLinear [/lr_branch/backbone/features.18/features.18.2/Clip_output_0:(ty=1,shape=[1,1280,16,16]),/lr_branch/backbone/features.2/conv/conv.5/Clip_output_0_scale:(ty=1,shape=[]),/lr_branch/backbone/features.18/features.18.2/Clip_output_0_zero_point:(ty=2,shape=[])]", "device": "NPU"}, {"output": ["/lr_branch/backbone/features.18/features.18.2/Clip_output_0_DequantizeLinear_Output/duplicated"], "input": ["/lr_branch/backbone/features.18/features.18.2/Clip_output_0_QuantizeLinear_Output", "/lr_branch/backbone/features.2/conv/conv.5/Clip_output_0_scale", "/lr_branch/backbone/features.18/features.18.2/Clip_output_0_zero_point"], "opType": "DequantizeLinear", "comment": "@505 [/lr_branch/backbone/features.18/features.18.2/Clip_output_0_DequantizeLinear_Output/duplicated:(ty=1,shape=[1,1280,16,16])] DequantizeLinear [/lr_branch/backbone/features.18/features.18.2/Clip_output_0_QuantizeLinear_Output:(ty=2,shape=[1,1280,16,16]),/lr_branch/backbone/features.2/conv/conv.5/Clip_output_0_scale:(ty=1,shape=[]),/lr_branch/backbone/features.18/features.18.2/Clip_output_0_zero_point:(ty=2,shape=[])]", "device": "NPU"}, {"output": ["/lr_branch/backbone/features.18/features.18.2/Clip_output_0_DequantizeLinear_Output"], "input": ["/lr_branch/backbone/features.18/features.18.2/Clip_output_0_QuantizeLinear_Output", "/lr_branch/backbone/features.2/conv/conv.5/Clip_output_0_scale", "/lr_branch/backbone/features.18/features.18.2/Clip_output_0_zero_point"], "opType": "DequantizeLinear", "comment": "@390 [/lr_branch/backbone/features.18/features.18.2/Clip_output_0_DequantizeLinear_Output:(ty=1,shape=[1,1280,16,16])] DequantizeLinear [/lr_branch/backbone/features.18/features.18.2/Clip_output_0_QuantizeLinear_Output:(ty=2,shape=[1,1280,16,16]),/lr_branch/backbone/features.2/conv/conv.5/Clip_output_0_scale:(ty=1,shape=[]),/lr_branch/backbone/features.18/features.18.2/Clip_output_0_zero_point:(ty=2,shape=[])]", "device": "NPU"}, {"output": ["/lr_branch/se_block/pool/GlobalAveragePool_output_0_Mul"], "input": ["/lr_branch/backbone/features.18/features.18.2/Clip_output_0_DequantizeLinear_Output"], "opType": "GlobalAveragePool", "comment": "@391 [/lr_branch/se_block/pool/GlobalAveragePool_output_0_Mul:(ty=1,shape=[1,1280,1,1])] GlobalAveragePool [/lr_branch/backbone/features.18/features.18.2/Clip_output_0_DequantizeLinear_Output:(ty=1,shape=[1,1280,16,16])]", "device": "NPU"}, {"output": ["/lr_branch/se_block/pool/GlobalAveragePool_output_0_QuantizeLinear_Output"], "input": ["/lr_branch/se_block/pool/GlobalAveragePool_output_0_Mul", "/lr_branch/backbone/features.2/conv/conv.5/Clip_output_0_scale", "/lr_branch/se_block/pool/GlobalAveragePool_output_0_zero_point"], "opType": "QuantizeLinear", "comment": "@392 [/lr_branch/se_block/pool/GlobalAveragePool_output_0_QuantizeLinear_Output:(ty=2,shape=[1,1280,1,1])] QuantizeLinear [/lr_branch/se_block/pool/GlobalAveragePool_output_0_Mul:(ty=1,shape=[1,1280,1,1]),/lr_branch/backbone/features.2/conv/conv.5/Clip_output_0_scale:(ty=1,shape=[]),/lr_branch/se_block/pool/GlobalAveragePool_output_0_zero_point:(ty=2,shape=[])]", "device": "NPU"}, {"output": ["/lr_branch/se_block/pool/GlobalAveragePool_output_0_DequantizeLinear_Output"], "input": ["/lr_branch/se_block/pool/GlobalAveragePool_output_0_QuantizeLinear_Output", "/lr_branch/backbone/features.2/conv/conv.5/Clip_output_0_scale", "/lr_branch/se_block/pool/GlobalAveragePool_output_0_zero_point"], "opType": "DequantizeLinear", "comment": "@393 [/lr_branch/se_block/pool/GlobalAveragePool_output_0_DequantizeLinear_Output:(ty=1,shape=[1,1280,1,1])] DequantizeLinear [/lr_branch/se_block/pool/GlobalAveragePool_output_0_QuantizeLinear_Output:(ty=2,shape=[1,1280,1,1]),/lr_branch/backbone/features.2/conv/conv.5/Clip_output_0_scale:(ty=1,shape=[]),/lr_branch/se_block/pool/GlobalAveragePool_output_0_zero_point:(ty=2,shape=[])]", "device": "NPU"}, {"output": ["lr_branch.se_block.fc.0.weight_DequantizeLinear_Output"], "input": ["lr_branch.se_block.fc.0.weight_quantized", "lr_branch.se_block.fc.0.weight_scale", "lr_branch.se_block.fc.0.weight_zero_point"], "opType": "DequantizeLinear", "comment": "@35 [lr_branch.se_block.fc.0.weight_DequantizeLinear_Output:(ty=1,shape=[320,1280,1,1])] DequantizeLinear [lr_branch.se_block.fc.0.weight_quantized:(ty=3,shape=[320,1280,1,1]),lr_branch.se_block.fc.0.weight_scale:(ty=1,shape=[]),lr_branch.se_block.fc.0.weight_zero_point:(ty=3,shape=[])]", "device": "NPU"}, {"output": ["/lr_branch/se_block/fc/fc.0/Conv_output_0"], "input": ["/lr_branch/se_block/pool/GlobalAveragePool_output_0_DequantizeLinear_Output", "lr_branch.se_block.fc.0.weight_DequantizeLinear_Output"], "opType": "Conv", "comment": "@394 [/lr_branch/se_block/fc/fc.0/Conv_output_0:(ty=1,shape=[1,320,1,1])] Conv [/lr_branch/se_block/pool/GlobalAveragePool_output_0_DequantizeLinear_Output:(ty=1,shape=[1,1280,1,1]),lr_branch.se_block.fc.0.weight_DequantizeLinear_Output:(ty=1,shape=[320,1280,1,1])]", "device": "NPU"}, {"output": ["/lr_branch/se_block/fc/fc.1/Relu_output_0"], "input": ["/lr_branch/se_block/fc/fc.0/Conv_output_0"], "opType": "Relu", "comment": "@395 [/lr_branch/se_block/fc/fc.1/Relu_output_0:(ty=1,shape=[1,320,1,1])] Relu [/lr_branch/se_block/fc/fc.0/Conv_output_0:(ty=1,shape=[1,320,1,1])]", "device": "NPU"}, {"output": ["/lr_branch/se_block/fc/fc.1/Relu_output_0_QuantizeLinear_Output"], "input": ["/lr_branch/se_block/fc/fc.1/Relu_output_0", "onnx::Conv_672_scale", "/lr_branch/se_block/fc/fc.1/Relu_output_0_zero_point"], "opType": "QuantizeLinear", "comment": "@396 [/lr_branch/se_block/fc/fc.1/Relu_output_0_QuantizeLinear_Output:(ty=2,shape=[1,320,1,1])] QuantizeLinear [/lr_branch/se_block/fc/fc.1/Relu_output_0:(ty=1,shape=[1,320,1,1]),onnx::Conv_672_scale:(ty=1,shape=[]),/lr_branch/se_block/fc/fc.1/Relu_output_0_zero_point:(ty=2,shape=[])]", "device": "NPU"}, {"output": ["/lr_branch/se_block/fc/fc.1/Relu_output_0_DequantizeLinear_Output"], "input": ["/lr_branch/se_block/fc/fc.1/Relu_output_0_QuantizeLinear_Output", "onnx::Conv_672_scale", "/lr_branch/se_block/fc/fc.1/Relu_output_0_zero_point"], "opType": "DequantizeLinear", "comment": "@397 [/lr_branch/se_block/fc/fc.1/Relu_output_0_DequantizeLinear_Output:(ty=1,shape=[1,320,1,1])] DequantizeLinear [/lr_branch/se_block/fc/fc.1/Relu_output_0_QuantizeLinear_Output:(ty=2,shape=[1,320,1,1]),onnx::Conv_672_scale:(ty=1,shape=[]),/lr_branch/se_block/fc/fc.1/Relu_output_0_zero_point:(ty=2,shape=[])]", "device": "NPU"}, {"output": ["lr_branch.se_block.fc.2.weight_DequantizeLinear_Output"], "input": ["lr_branch.se_block.fc.2.weight_quantized", "onnx::Conv_722_scale", "lr_branch.se_block.fc.2.weight_zero_point"], "opType": "DequantizeLinear", "comment": "@36 [lr_branch.se_block.fc.2.weight_DequantizeLinear_Output:(ty=1,shape=[1280,320,1,1])] DequantizeLinear [lr_branch.se_block.fc.2.weight_quantized:(ty=3,shape=[1280,320,1,1]),onnx::Conv_722_scale:(ty=1,shape=[]),lr_branch.se_block.fc.2.weight_zero_point:(ty=3,shape=[])]", "device": "NPU"}, {"output": ["/lr_branch/se_block/fc/fc.2/Conv_output_0"], "input": ["/lr_branch/se_block/fc/fc.1/Relu_output_0_DequantizeLinear_Output", "lr_branch.se_block.fc.2.weight_DequantizeLinear_Output"], "opType": "Conv", "comment": "@398 [/lr_branch/se_block/fc/fc.2/Conv_output_0:(ty=1,shape=[1,1280,1,1])] Conv [/lr_branch/se_block/fc/fc.1/Relu_output_0_DequantizeLinear_Output:(ty=1,shape=[1,320,1,1]),lr_branch.se_block.fc.2.weight_DequantizeLinear_Output:(ty=1,shape=[1280,320,1,1])]", "device": "NPU"}, {"output": ["/lr_branch/se_block/fc/fc.2/Conv_output_0_QuantizeLinear_Output"], "input": ["/lr_branch/se_block/fc/fc.2/Conv_output_0", "onnx::Conv_672_scale", "/lr_branch/se_block/fc/fc.2/Conv_output_0_zero_point"], "opType": "QuantizeLinear", "comment": "@399 [/lr_branch/se_block/fc/fc.2/Conv_output_0_QuantizeLinear_Output:(ty=2,shape=[1,1280,1,1])] QuantizeLinear [/lr_branch/se_block/fc/fc.2/Conv_output_0:(ty=1,shape=[1,1280,1,1]),onnx::Conv_672_scale:(ty=1,shape=[]),/lr_branch/se_block/fc/fc.2/Conv_output_0_zero_point:(ty=2,shape=[])]", "device": "NPU"}, {"output": ["/lr_branch/se_block/fc/fc.2/Conv_output_0_DequantizeLinear_Output"], "input": ["/lr_branch/se_block/fc/fc.2/Conv_output_0_QuantizeLinear_Output", "onnx::Conv_672_scale", "/lr_branch/se_block/fc/fc.2/Conv_output_0_zero_point"], "opType": "DequantizeLinear", "comment": "@400 [/lr_branch/se_block/fc/fc.2/Conv_output_0_DequantizeLinear_Output:(ty=1,shape=[1,1280,1,1])] DequantizeLinear [/lr_branch/se_block/fc/fc.2/Conv_output_0_QuantizeLinear_Output:(ty=2,shape=[1,1280,1,1]),onnx::Conv_672_scale:(ty=1,shape=[]),/lr_branch/se_block/fc/fc.2/Conv_output_0_zero_point:(ty=2,shape=[])]", "device": "NPU"}, {"output": ["/lr_branch/se_block/fc/fc.3/Sigmoid_output_0_Mul"], "input": ["/lr_branch/se_block/fc/fc.2/Conv_output_0_DequantizeLinear_Output"], "opType": "HardSigmoid", "comment": "@487 [/lr_branch/se_block/fc/fc.3/Sigmoid_output_0_Mul:(ty=1,shape=[1,1280,1,1])] HardSigmoid [/lr_branch/se_block/fc/fc.2/Conv_output_0_DequantizeLinear_Output:(ty=1,shape=[1,1280,1,1])]", "device": "NPU"}, {"output": ["/lr_branch/se_block/fc/fc.3/Sigmoid_output_0"], "input": ["/lr_branch/se_block/fc/fc.3/Sigmoid_output_0_Mul", "/lr_branch/se_block/fc/fc.3/Sigmoid_output_0_Scale"], "opType": "Mul", "comment": "@488 [/lr_branch/se_block/fc/fc.3/Sigmoid_output_0:(ty=1,shape=[1,1280,1,1])] Mul [/lr_branch/se_block/fc/fc.3/Sigmoid_output_0_Mul:(ty=1,shape=[1,1280,1,1]),/lr_branch/se_block/fc/fc.3/Sigmoid_output_0_Scale:(ty=1,shape=[])]", "device": "NPU"}, {"output": ["/lr_branch/se_block/fc/fc.3/Sigmoid_output_0_QuantizeLinear_Output"], "input": ["/lr_branch/se_block/fc/fc.3/Sigmoid_output_0", "onnx::Conv_674_scale", "/lr_branch/se_block/fc/fc.3/Sigmoid_output_0_zero_point"], "opType": "QuantizeLinear", "comment": "@401 [/lr_branch/se_block/fc/fc.3/Sigmoid_output_0_QuantizeLinear_Output:(ty=2,shape=[1,1280,1,1])] QuantizeLinear [/lr_branch/se_block/fc/fc.3/Sigmoid_output_0:(ty=1,shape=[1,1280,1,1]),onnx::Conv_674_scale:(ty=1,shape=[]),/lr_branch/se_block/fc/fc.3/Sigmoid_output_0_zero_point:(ty=2,shape=[])]", "device": "NPU"}, {"output": ["/lr_branch/se_block/fc/fc.3/Sigmoid_output_0_DequantizeLinear_Output"], "input": ["/lr_branch/se_block/fc/fc.3/Sigmoid_output_0_QuantizeLinear_Output", "onnx::Conv_674_scale", "/lr_branch/se_block/fc/fc.3/Sigmoid_output_0_zero_point"], "opType": "DequantizeLinear", "comment": "@402 [/lr_branch/se_block/fc/fc.3/Sigmoid_output_0_DequantizeLinear_Output:(ty=1,shape=[1,1280,1,1])] DequantizeLinear [/lr_branch/se_block/fc/fc.3/Sigmoid_output_0_QuantizeLinear_Output:(ty=2,shape=[1,1280,1,1]),onnx::Conv_674_scale:(ty=1,shape=[]),/lr_branch/se_block/fc/fc.3/Sigmoid_output_0_zero_point:(ty=2,shape=[])]", "device": "NPU"}, {"output": ["/lr_branch/se_block/Mul_output_0"], "input": ["/lr_branch/backbone/features.18/features.18.2/Clip_output_0_DequantizeLinear_Output/duplicated", "/lr_branch/se_block/fc/fc.3/Sigmoid_output_0_DequantizeLinear_Output"], "opType": "Mul", "comment": "@403 [/lr_branch/se_block/Mul_output_0:(ty=1,shape=[1,1280,16,16])] Mul [/lr_branch/backbone/features.18/features.18.2/Clip_output_0_DequantizeLinear_Output/duplicated:(ty=1,shape=[1,1280,16,16]),/lr_branch/se_block/fc/fc.3/Sigmoid_output_0_DequantizeLinear_Output:(ty=1,shape=[1,1280,1,1])]", "device": "NPU"}, {"output": ["/lr_branch/se_block/Mul_output_0_QuantizeLinear_Output"], "input": ["/lr_branch/se_block/Mul_output_0", "onnx::Conv_672_scale", "/lr_branch/se_block/Mul_output_0_zero_point"], "opType": "QuantizeLinear", "comment": "@404 [/lr_branch/se_block/Mul_output_0_QuantizeLinear_Output:(ty=2,shape=[1,1280,16,16])] QuantizeLinear [/lr_branch/se_block/Mul_output_0:(ty=1,shape=[1,1280,16,16]),onnx::Conv_672_scale:(ty=1,shape=[]),/lr_branch/se_block/Mul_output_0_zero_point:(ty=2,shape=[])]", "device": "NPU"}, {"output": ["/lr_branch/se_block/Mul_output_0_DequantizeLinear_Output"], "input": ["/lr_branch/se_block/Mul_output_0_QuantizeLinear_Output", "onnx::Conv_672_scale", "/lr_branch/se_block/Mul_output_0_zero_point"], "opType": "DequantizeLinear", "comment": "@405 [/lr_branch/se_block/Mul_output_0_DequantizeLinear_Output:(ty=1,shape=[1,1280,16,16])] DequantizeLinear [/lr_branch/se_block/Mul_output_0_QuantizeLinear_Output:(ty=2,shape=[1,1280,16,16]),onnx::Conv_672_scale:(ty=1,shape=[]),/lr_branch/se_block/Mul_output_0_zero_point:(ty=2,shape=[])]", "device": "NPU"}, {"output": ["/lr_branch/Resize_output_0"], "input": ["/lr_branch/se_block/Mul_output_0_DequantizeLinear_Output", "VAIP_NOT_EXISTS", "/lr_branch/Constant_output_0"], "opType": "Resize", "comment": "@406 [/lr_branch/Resize_output_0:(ty=1,shape=[1,1280,32,32])] Resize [/lr_branch/se_block/Mul_output_0_DequantizeLinear_Output:(ty=1,shape=[1,1280,16,16]),N/A,/lr_branch/Constant_output_0:(ty=1,shape=[4])]", "device": "NPU"}, {"output": ["/lr_branch/Resize_output_0_QuantizeLinear_Output"], "input": ["/lr_branch/Resize_output_0", "onnx::Conv_672_scale", "/lr_branch/se_block/Mul_output_0_zero_point"], "opType": "QuantizeLinear", "comment": "@407 [/lr_branch/Resize_output_0_QuantizeLinear_Output:(ty=2,shape=[1,1280,32,32])] QuantizeLinear [/lr_branch/Resize_output_0:(ty=1,shape=[1,1280,32,32]),onnx::Conv_672_scale:(ty=1,shape=[]),/lr_branch/se_block/Mul_output_0_zero_point:(ty=2,shape=[])]", "device": "NPU"}, {"output": ["/lr_branch/Resize_output_0_DequantizeLinear_Output"], "input": ["/lr_branch/Resize_output_0_QuantizeLinear_Output", "onnx::Conv_672_scale", "/lr_branch/se_block/Mul_output_0_zero_point"], "opType": "DequantizeLinear", "comment": "@408 [/lr_branch/Resize_output_0_DequantizeLinear_Output:(ty=1,shape=[1,1280,32,32])] DequantizeLinear [/lr_branch/Resize_output_0_QuantizeLinear_Output:(ty=2,shape=[1,1280,32,32]),onnx::Conv_672_scale:(ty=1,shape=[]),/lr_branch/se_block/Mul_output_0_zero_point:(ty=2,shape=[])]", "device": "NPU"}, {"output": ["lr_branch.conv_lr16x.0.weight_DequantizeLinear_Output"], "input": ["lr_branch.conv_lr16x.0.weight_quantized", "lr_branch.conv_lr16x.0.weight_scale", "lr_branch.conv_lr16x.0.weight_zero_point"], "opType": "DequantizeLinear", "comment": "@32 [lr_branch.conv_lr16x.0.weight_DequantizeLinear_Output:(ty=1,shape=[96,1280,5,5])] DequantizeLinear [lr_branch.conv_lr16x.0.weight_quantized:(ty=3,shape=[96,1280,5,5]),lr_branch.conv_lr16x.0.weight_scale:(ty=1,shape=[]),lr_branch.conv_lr16x.0.weight_zero_point:(ty=3,shape=[])]", "device": "NPU"}, {"output": ["lr_branch.conv_lr16x.0.bias_DequantizeLinear_Output"], "input": ["lr_branch.conv_lr16x.0.bias_quantized", "onnx::Conv_683_scale", "lr_branch.conv_lr16x.0.bias_zero_point"], "opType": "DequantizeLinear", "comment": "@31 [lr_branch.conv_lr16x.0.bias_DequantizeLinear_Output:(ty=1,shape=[96])] DequantizeLinear [lr_branch.conv_lr16x.0.bias_quantized:(ty=3,shape=[96]),onnx::Conv_683_scale:(ty=1,shape=[]),lr_branch.conv_lr16x.0.bias_zero_point:(ty=3,shape=[])]", "device": "NPU"}, {"output": ["/lr_branch/conv_lr16x/conv_lr16x.0/Conv_output_0"], "input": ["/lr_branch/Resize_output_0_DequantizeLinear_Output", "lr_branch.conv_lr16x.0.weight_DequantizeLinear_Output", "lr_branch.conv_lr16x.0.bias_DequantizeLinear_Output"], "opType": "Conv", "comment": "@409 [/lr_branch/conv_lr16x/conv_lr16x.0/Conv_output_0:(ty=1,shape=[1,96,32,32])] Conv [/lr_branch/Resize_output_0_DequantizeLinear_Output:(ty=1,shape=[1,1280,32,32]),lr_branch.conv_lr16x.0.weight_DequantizeLinear_Output:(ty=1,shape=[96,1280,5,5]),lr_branch.conv_lr16x.0.bias_DequantizeLinear_Output:(ty=1,shape=[96])]", "device": "NPU"}, {"output": ["/lr_branch/conv_lr16x/conv_lr16x.1/Relu_output_0"], "input": ["/lr_branch/conv_lr16x/conv_lr16x.0/Conv_output_0"], "opType": "Relu", "comment": "@410 [/lr_branch/conv_lr16x/conv_lr16x.1/Relu_output_0:(ty=1,shape=[1,96,32,32])] Relu [/lr_branch/conv_lr16x/conv_lr16x.0/Conv_output_0:(ty=1,shape=[1,96,32,32])]", "device": "NPU"}, {"output": ["/lr_branch/conv_lr16x/conv_lr16x.1/Relu_output_0_QuantizeLinear_Output"], "input": ["/lr_branch/conv_lr16x/conv_lr16x.1/Relu_output_0", "/lr_branch/backbone/features.2/conv/conv.5/Clip_output_0_scale", "/lr_branch/conv_lr16x/conv_lr16x.1/Relu_output_0_zero_point"], "opType": "QuantizeLinear", "comment": "@411 [/lr_branch/conv_lr16x/conv_lr16x.1/Relu_output_0_QuantizeLinear_Output:(ty=2,shape=[1,96,32,32])] QuantizeLinear [/lr_branch/conv_lr16x/conv_lr16x.1/Relu_output_0:(ty=1,shape=[1,96,32,32]),/lr_branch/backbone/features.2/conv/conv.5/Clip_output_0_scale:(ty=1,shape=[]),/lr_branch/conv_lr16x/conv_lr16x.1/Relu_output_0_zero_point:(ty=2,shape=[])]", "device": "NPU"}, {"output": ["/lr_branch/conv_lr16x/conv_lr16x.1/Relu_output_0_DequantizeLinear_Output"], "input": ["/lr_branch/conv_lr16x/conv_lr16x.1/Relu_output_0_QuantizeLinear_Output", "/lr_branch/backbone/features.2/conv/conv.5/Clip_output_0_scale", "/lr_branch/conv_lr16x/conv_lr16x.1/Relu_output_0_zero_point"], "opType": "DequantizeLinear", "comment": "@412 [/lr_branch/conv_lr16x/conv_lr16x.1/Relu_output_0_DequantizeLinear_Output:(ty=1,shape=[1,96,32,32])] DequantizeLinear [/lr_branch/conv_lr16x/conv_lr16x.1/Relu_output_0_QuantizeLinear_Output:(ty=2,shape=[1,96,32,32]),/lr_branch/backbone/features.2/conv/conv.5/Clip_output_0_scale:(ty=1,shape=[]),/lr_branch/conv_lr16x/conv_lr16x.1/Relu_output_0_zero_point:(ty=2,shape=[])]", "device": "NPU"}, {"output": ["/lr_branch/Resize_1_output_0"], "input": ["/lr_branch/conv_lr16x/conv_lr16x.1/Relu_output_0_DequantizeLinear_Output", "VAIP_NOT_EXISTS", "/lr_branch/Constant_output_0"], "opType": "Resize", "comment": "@413 [/lr_branch/Resize_1_output_0:(ty=1,shape=[1,96,64,64])] Resize [/lr_branch/conv_lr16x/conv_lr16x.1/Relu_output_0_DequantizeLinear_Output:(ty=1,shape=[1,96,32,32]),N/A,/lr_branch/Constant_output_0:(ty=1,shape=[4])]", "device": "NPU"}, {"output": ["/lr_branch/Resize_1_output_0_QuantizeLinear_Output"], "input": ["/lr_branch/Resize_1_output_0", "/lr_branch/backbone/features.2/conv/conv.5/Clip_output_0_scale", "/lr_branch/conv_lr16x/conv_lr16x.1/Relu_output_0_zero_point"], "opType": "QuantizeLinear", "comment": "@414 [/lr_branch/Resize_1_output_0_QuantizeLinear_Output:(ty=2,shape=[1,96,64,64])] QuantizeLinear [/lr_branch/Resize_1_output_0:(ty=1,shape=[1,96,64,64]),/lr_branch/backbone/features.2/conv/conv.5/Clip_output_0_scale:(ty=1,shape=[]),/lr_branch/conv_lr16x/conv_lr16x.1/Relu_output_0_zero_point:(ty=2,shape=[])]", "device": "NPU"}, {"output": ["/lr_branch/Resize_1_output_0_DequantizeLinear_Output"], "input": ["/lr_branch/Resize_1_output_0_QuantizeLinear_Output", "/lr_branch/backbone/features.2/conv/conv.5/Clip_output_0_scale", "/lr_branch/conv_lr16x/conv_lr16x.1/Relu_output_0_zero_point"], "opType": "DequantizeLinear", "comment": "@415 [/lr_branch/Resize_1_output_0_DequantizeLinear_Output:(ty=1,shape=[1,96,64,64])] DequantizeLinear [/lr_branch/Resize_1_output_0_QuantizeLinear_Output:(ty=2,shape=[1,96,64,64]),/lr_branch/backbone/features.2/conv/conv.5/Clip_output_0_scale:(ty=1,shape=[]),/lr_branch/conv_lr16x/conv_lr16x.1/Relu_output_0_zero_point:(ty=2,shape=[])]", "device": "NPU"}, {"output": ["lr_branch.conv_lr8x.0.weight_DequantizeLinear_Output"], "input": ["lr_branch.conv_lr8x.0.weight_quantized", "onnx::Conv_722_scale", "lr_branch.conv_lr8x.0.weight_zero_point"], "opType": "DequantizeLinear", "comment": "@34 [lr_branch.conv_lr8x.0.weight_DequantizeLinear_Output:(ty=1,shape=[32,96,5,5])] DequantizeLinear [lr_branch.conv_lr8x.0.weight_quantized:(ty=3,shape=[32,96,5,5]),onnx::Conv_722_scale:(ty=1,shape=[]),lr_branch.conv_lr8x.0.weight_zero_point:(ty=3,shape=[])]", "device": "NPU"}, {"output": ["lr_branch.conv_lr8x.0.bias_DequantizeLinear_Output"], "input": ["lr_branch.conv_lr8x.0.bias_quantized", "onnx::Conv_683_scale", "lr_branch.conv_lr8x.0.bias_zero_point"], "opType": "DequantizeLinear", "comment": "@33 [lr_branch.conv_lr8x.0.bias_DequantizeLinear_Output:(ty=1,shape=[32])] DequantizeLinear [lr_branch.conv_lr8x.0.bias_quantized:(ty=3,shape=[32]),onnx::Conv_683_scale:(ty=1,shape=[]),lr_branch.conv_lr8x.0.bias_zero_point:(ty=3,shape=[])]", "device": "NPU"}, {"output": ["/lr_branch/conv_lr8x/conv_lr8x.0/Conv_output_0"], "input": ["/lr_branch/Resize_1_output_0_DequantizeLinear_Output", "lr_branch.conv_lr8x.0.weight_DequantizeLinear_Output", "lr_branch.conv_lr8x.0.bias_DequantizeLinear_Output"], "opType": "Conv", "comment": "@416 [/lr_branch/conv_lr8x/conv_lr8x.0/Conv_output_0:(ty=1,shape=[1,32,64,64])] Conv [/lr_branch/Resize_1_output_0_DequantizeLinear_Output:(ty=1,shape=[1,96,64,64]),lr_branch.conv_lr8x.0.weight_DequantizeLinear_Output:(ty=1,shape=[32,96,5,5]),lr_branch.conv_lr8x.0.bias_DequantizeLinear_Output:(ty=1,shape=[32])]", "device": "NPU"}, {"output": ["/lr_branch/conv_lr8x/conv_lr8x.1/Relu_output_0"], "input": ["/lr_branch/conv_lr8x/conv_lr8x.0/Conv_output_0"], "opType": "Relu", "comment": "@417 [/lr_branch/conv_lr8x/conv_lr8x.1/Relu_output_0:(ty=1,shape=[1,32,64,64])] Relu [/lr_branch/conv_lr8x/conv_lr8x.0/Conv_output_0:(ty=1,shape=[1,32,64,64])]", "device": "NPU"}, {"output": ["/lr_branch/conv_lr8x/conv_lr8x.1/Relu_output_0_QuantizeLinear_Output"], "input": ["/lr_branch/conv_lr8x/conv_lr8x.1/Relu_output_0", "/lr_branch/backbone/features.2/conv/conv.5/Clip_output_0_scale", "/lr_branch/conv_lr8x/conv_lr8x.1/Relu_output_0_zero_point"], "opType": "QuantizeLinear", "comment": "@418 [/lr_branch/conv_lr8x/conv_lr8x.1/Relu_output_0_QuantizeLinear_Output:(ty=2,shape=[1,32,64,64])] QuantizeLinear [/lr_branch/conv_lr8x/conv_lr8x.1/Relu_output_0:(ty=1,shape=[1,32,64,64]),/lr_branch/backbone/features.2/conv/conv.5/Clip_output_0_scale:(ty=1,shape=[]),/lr_branch/conv_lr8x/conv_lr8x.1/Relu_output_0_zero_point:(ty=2,shape=[])]", "device": "NPU"}, {"output": ["/lr_branch/conv_lr8x/conv_lr8x.1/Relu_output_0_DequantizeLinear_Output"], "input": ["/lr_branch/conv_lr8x/conv_lr8x.1/Relu_output_0_QuantizeLinear_Output", "/lr_branch/backbone/features.2/conv/conv.5/Clip_output_0_scale", "/lr_branch/conv_lr8x/conv_lr8x.1/Relu_output_0_zero_point"], "opType": "DequantizeLinear", "comment": "@419 [/lr_branch/conv_lr8x/conv_lr8x.1/Relu_output_0_DequantizeLinear_Output:(ty=1,shape=[1,32,64,64])] DequantizeLinear [/lr_branch/conv_lr8x/conv_lr8x.1/Relu_output_0_QuantizeLinear_Output:(ty=2,shape=[1,32,64,64]),/lr_branch/backbone/features.2/conv/conv.5/Clip_output_0_scale:(ty=1,shape=[]),/lr_branch/conv_lr8x/conv_lr8x.1/Relu_output_0_zero_point:(ty=2,shape=[])]", "device": "NPU"}, {"output": ["/hr_branch/Resize_2_output_0"], "input": ["/lr_branch/conv_lr8x/conv_lr8x.1/Relu_output_0_DequantizeLinear_Output", "VAIP_NOT_EXISTS", "/lr_branch/Constant_output_0"], "opType": "Resize", "comment": "@420 [/hr_branch/Resize_2_output_0:(ty=1,shape=[1,32,128,128])] Resize [/lr_branch/conv_lr8x/conv_lr8x.1/Relu_output_0_DequantizeLinear_Output:(ty=1,shape=[1,32,64,64]),N/A,/lr_branch/Constant_output_0:(ty=1,shape=[4])]", "device": "NPU"}, {"output": ["/hr_branch/Resize_2_output_0_QuantizeLinear_Output"], "input": ["/hr_branch/Resize_2_output_0", "/lr_branch/backbone/features.2/conv/conv.5/Clip_output_0_scale", "/lr_branch/conv_lr8x/conv_lr8x.1/Relu_output_0_zero_point"], "opType": "QuantizeLinear", "comment": "@421 [/hr_branch/Resize_2_output_0_QuantizeLinear_Output:(ty=2,shape=[1,32,128,128])] QuantizeLinear [/hr_branch/Resize_2_output_0:(ty=1,shape=[1,32,128,128]),/lr_branch/backbone/features.2/conv/conv.5/Clip_output_0_scale:(ty=1,shape=[]),/lr_branch/conv_lr8x/conv_lr8x.1/Relu_output_0_zero_point:(ty=2,shape=[])]", "device": "NPU"}, {"output": ["/hr_branch/Resize_2_output_0_DequantizeLinear_Output"], "input": ["/hr_branch/Resize_2_output_0_QuantizeLinear_Output", "/lr_branch/backbone/features.2/conv/conv.5/Clip_output_0_scale", "/lr_branch/conv_lr8x/conv_lr8x.1/Relu_output_0_zero_point"], "opType": "DequantizeLinear", "comment": "@422 [/hr_branch/Resize_2_output_0_DequantizeLinear_Output:(ty=1,shape=[1,32,128,128])] DequantizeLinear [/hr_branch/Resize_2_output_0_QuantizeLinear_Output:(ty=2,shape=[1,32,128,128]),/lr_branch/backbone/features.2/conv/conv.5/Clip_output_0_scale:(ty=1,shape=[]),/lr_branch/conv_lr8x/conv_lr8x.1/Relu_output_0_zero_point:(ty=2,shape=[])]", "device": "NPU"}, {"output": ["/lr_branch/backbone/features.3/Add_output_0_DequantizeLinear_Output/duplicated"], "input": ["/lr_branch/backbone/features.3/Add_output_0_QuantizeLinear_Output", "/lr_branch/backbone/features.2/conv/conv.5/Clip_output_0_scale", "/lr_branch/backbone/features.3/Add_output_0_zero_point"], "opType": "DequantizeLinear", "comment": "@495 [/lr_branch/backbone/features.3/Add_output_0_DequantizeLinear_Output/duplicated:(ty=1,shape=[1,24,128,128])] DequantizeLinear [/lr_branch/backbone/features.3/Add_output_0_QuantizeLinear_Output:(ty=2,shape=[1,24,128,128]),/lr_branch/backbone/features.2/conv/conv.5/Clip_output_0_scale:(ty=1,shape=[]),/lr_branch/backbone/features.3/Add_output_0_zero_point:(ty=2,shape=[])]", "device": "NPU"}, {"output": ["hr_branch.tohr_enc4x.0.weight_DequantizeLinear_Output"], "input": ["hr_branch.tohr_enc4x.0.weight_quantized", "onnx::Conv_674_scale", "hr_branch.tohr_enc4x.0.weight_zero_point"], "opType": "DequantizeLinear", "comment": "@29 [hr_branch.tohr_enc4x.0.weight_DequantizeLinear_Output:(ty=1,shape=[32,24,1,1])] DequantizeLinear [hr_branch.tohr_enc4x.0.weight_quantized:(ty=3,shape=[32,24,1,1]),onnx::Conv_674_scale:(ty=1,shape=[]),hr_branch.tohr_enc4x.0.weight_zero_point:(ty=3,shape=[])]", "device": "NPU"}, {"output": ["hr_branch.tohr_enc4x.0.bias_DequantizeLinear_Output"], "input": ["hr_branch.tohr_enc4x.0.bias_quantized", "onnx::Conv_683_scale", "hr_branch.tohr_enc4x.0.bias_zero_point"], "opType": "DequantizeLinear", "comment": "@28 [hr_branch.tohr_enc4x.0.bias_DequantizeLinear_Output:(ty=1,shape=[32])] DequantizeLinear [hr_branch.tohr_enc4x.0.bias_quantized:(ty=3,shape=[32]),onnx::Conv_683_scale:(ty=1,shape=[]),hr_branch.tohr_enc4x.0.bias_zero_point:(ty=3,shape=[])]", "device": "NPU"}, {"output": ["/hr_branch/tohr_enc4x/tohr_enc4x.0/Conv_output_0"], "input": ["/lr_branch/backbone/features.3/Add_output_0_DequantizeLinear_Output/duplicated", "hr_branch.tohr_enc4x.0.weight_DequantizeLinear_Output", "hr_branch.tohr_enc4x.0.bias_DequantizeLinear_Output"], "opType": "Conv", "comment": "@196 [/hr_branch/tohr_enc4x/tohr_enc4x.0/Conv_output_0:(ty=1,shape=[1,32,128,128])] Conv [/lr_branch/backbone/features.3/Add_output_0_DequantizeLinear_Output/duplicated:(ty=1,shape=[1,24,128,128]),hr_branch.tohr_enc4x.0.weight_DequantizeLinear_Output:(ty=1,shape=[32,24,1,1]),hr_branch.tohr_enc4x.0.bias_DequantizeLinear_Output:(ty=1,shape=[32])]", "device": "NPU"}, {"output": ["/hr_branch/tohr_enc4x/tohr_enc4x.1/Relu_output_0"], "input": ["/hr_branch/tohr_enc4x/tohr_enc4x.0/Conv_output_0"], "opType": "Relu", "comment": "@198 [/hr_branch/tohr_enc4x/tohr_enc4x.1/Relu_output_0:(ty=1,shape=[1,32,128,128])] Relu [/hr_branch/tohr_enc4x/tohr_enc4x.0/Conv_output_0:(ty=1,shape=[1,32,128,128])]", "device": "NPU"}, {"output": ["/hr_branch/tohr_enc4x/tohr_enc4x.1/Relu_output_0_QuantizeLinear_Output"], "input": ["/hr_branch/tohr_enc4x/tohr_enc4x.1/Relu_output_0", "/lr_branch/backbone/features.2/conv/conv.5/Clip_output_0_scale", "/hr_branch/tohr_enc4x/tohr_enc4x.1/Relu_output_0_zero_point"], "opType": "QuantizeLinear", "comment": "@200 [/hr_branch/tohr_enc4x/tohr_enc4x.1/Relu_output_0_QuantizeLinear_Output:(ty=2,shape=[1,32,128,128])] QuantizeLinear [/hr_branch/tohr_enc4x/tohr_enc4x.1/Relu_output_0:(ty=1,shape=[1,32,128,128]),/lr_branch/backbone/features.2/conv/conv.5/Clip_output_0_scale:(ty=1,shape=[]),/hr_branch/tohr_enc4x/tohr_enc4x.1/Relu_output_0_zero_point:(ty=2,shape=[])]", "device": "NPU"}, {"output": ["/hr_branch/tohr_enc4x/tohr_enc4x.1/Relu_output_0_DequantizeLinear_Output"], "input": ["/hr_branch/tohr_enc4x/tohr_enc4x.1/Relu_output_0_QuantizeLinear_Output", "/lr_branch/backbone/features.2/conv/conv.5/Clip_output_0_scale", "/hr_branch/tohr_enc4x/tohr_enc4x.1/Relu_output_0_zero_point"], "opType": "DequantizeLinear", "comment": "@202 [/hr_branch/tohr_enc4x/tohr_enc4x.1/Relu_output_0_DequantizeLinear_Output:(ty=1,shape=[1,32,128,128])] DequantizeLinear [/hr_branch/tohr_enc4x/tohr_enc4x.1/Relu_output_0_QuantizeLinear_Output:(ty=2,shape=[1,32,128,128]),/lr_branch/backbone/features.2/conv/conv.5/Clip_output_0_scale:(ty=1,shape=[]),/hr_branch/tohr_enc4x/tohr_enc4x.1/Relu_output_0_zero_point:(ty=2,shape=[])]", "device": "NPU"}, {"output": ["/hr_branch/tohr_enc2x/tohr_enc2x.1/Relu_output_0_DequantizeLinear_Output"], "input": ["/hr_branch/tohr_enc2x/tohr_enc2x.1/Relu_output_0_QuantizeLinear_Output", "input_scale", "/hr_branch/tohr_enc2x/tohr_enc2x.1/Relu_output_0_zero_point"], "opType": "DequantizeLinear", "comment": "@166 [/hr_branch/tohr_enc2x/tohr_enc2x.1/Relu_output_0_DequantizeLinear_Output:(ty=1,shape=[1,32,256,256])] DequantizeLinear [/hr_branch/tohr_enc2x/tohr_enc2x.1/Relu_output_0_QuantizeLinear_Output:(ty=2,shape=[1,32,256,256]),input_scale:(ty=1,shape=[]),/hr_branch/tohr_enc2x/tohr_enc2x.1/Relu_output_0_zero_point:(ty=2,shape=[])]", "device": "NPU"}, {"output": ["input_DequantizeLinear_Output"], "input": ["input_QuantizeLinear_Output", "input_scale", "input_zero_point"], "opType": "DequantizeLinear", "comment": "@141 [input_DequantizeLinear_Output:(ty=1,shape=[1,3,512,512])] DequantizeLinear [input_QuantizeLinear_Output:(ty=2,shape=[1,3,512,512]),input_scale:(ty=1,shape=[]),input_zero_point:(ty=2,shape=[])]", "device": "NPU"}, {"output": ["/hr_branch/Resize_output_0"], "input": ["input_DequantizeLinear_Output", "VAIP_NOT_EXISTS", "/hr_branch/Constant_output_0"], "opType": "Resize", "comment": "@142 [/hr_branch/Resize_output_0:(ty=1,shape=[1,3,256,256])] Resize [input_DequantizeLinear_Output:(ty=1,shape=[1,3,512,512]),N/A,/hr_branch/Constant_output_0:(ty=1,shape=[4])]", "device": "NPU"}, {"output": ["/hr_branch/Resize_output_0_QuantizeLinear_Output"], "input": ["/hr_branch/Resize_output_0", "input_scale", "/hr_branch/Resize_output_0_zero_point"], "opType": "QuantizeLinear", "comment": "@145 [/hr_branch/Resize_output_0_QuantizeLinear_Output:(ty=2,shape=[1,3,256,256])] QuantizeLinear [/hr_branch/Resize_output_0:(ty=1,shape=[1,3,256,256]),input_scale:(ty=1,shape=[]),/hr_branch/Resize_output_0_zero_point:(ty=2,shape=[])]", "device": "NPU"}, {"output": ["/hr_branch/Resize_output_0_DequantizeLinear_Output"], "input": ["/hr_branch/Resize_output_0_QuantizeLinear_Output", "input_scale", "/hr_branch/Resize_output_0_zero_point"], "opType": "DequantizeLinear", "comment": "@148 [/hr_branch/Resize_output_0_DequantizeLinear_Output:(ty=1,shape=[1,3,256,256])] DequantizeLinear [/hr_branch/Resize_output_0_QuantizeLinear_Output:(ty=2,shape=[1,3,256,256]),input_scale:(ty=1,shape=[]),/hr_branch/Resize_output_0_zero_point:(ty=2,shape=[])]", "device": "NPU"}, {"output": ["/hr_branch/Concat_output_0"], "input": ["/hr_branch/Resize_output_0_DequantizeLinear_Output", "/hr_branch/tohr_enc2x/tohr_enc2x.1/Relu_output_0_DequantizeLinear_Output"], "opType": "Concat", "comment": "@168 [/hr_branch/Concat_output_0:(ty=1,shape=[1,35,256,256])] Concat [/hr_branch/Resize_output_0_DequantizeLinear_Output:(ty=1,shape=[1,3,256,256]),/hr_branch/tohr_enc2x/tohr_enc2x.1/Relu_output_0_DequantizeLinear_Output:(ty=1,shape=[1,32,256,256])]", "device": "NPU"}, {"output": ["/hr_branch/Concat_output_0_QuantizeLinear_Output"], "input": ["/hr_branch/Concat_output_0", "input_scale", "/hr_branch/Concat_output_0_zero_point"], "opType": "QuantizeLinear", "comment": "@170 [/hr_branch/Concat_output_0_QuantizeLinear_Output:(ty=2,shape=[1,35,256,256])] QuantizeLinear [/hr_branch/Concat_output_0:(ty=1,shape=[1,35,256,256]),input_scale:(ty=1,shape=[]),/hr_branch/Concat_output_0_zero_point:(ty=2,shape=[])]", "device": "NPU"}, {"output": ["/hr_branch/Concat_output_0_DequantizeLinear_Output"], "input": ["/hr_branch/Concat_output_0_QuantizeLinear_Output", "input_scale", "/hr_branch/Concat_output_0_zero_point"], "opType": "DequantizeLinear", "comment": "@172 [/hr_branch/Concat_output_0_DequantizeLinear_Output:(ty=1,shape=[1,35,256,256])] DequantizeLinear [/hr_branch/Concat_output_0_QuantizeLinear_Output:(ty=2,shape=[1,35,256,256]),input_scale:(ty=1,shape=[]),/hr_branch/Concat_output_0_zero_point:(ty=2,shape=[])]", "device": "NPU"}, {"output": ["hr_branch.conv_enc2x.0.weight_DequantizeLinear_Output"], "input": ["hr_branch.conv_enc2x.0.weight_quantized", "onnx::Conv_758_scale", "hr_branch.conv_enc2x.0.weight_zero_point"], "opType": "DequantizeLinear", "comment": "@9 [hr_branch.conv_enc2x.0.weight_DequantizeLinear_Output:(ty=1,shape=[32,35,3,3])] DequantizeLinear [hr_branch.conv_enc2x.0.weight_quantized:(ty=3,shape=[32,35,3,3]),onnx::Conv_758_scale:(ty=1,shape=[]),hr_branch.conv_enc2x.0.weight_zero_point:(ty=3,shape=[])]", "device": "NPU"}, {"output": ["hr_branch.conv_enc2x.0.bias_DequantizeLinear_Output"], "input": ["hr_branch.conv_enc2x.0.bias_quantized", "onnx::Conv_683_scale", "hr_branch.conv_enc2x.0.bias_zero_point"], "opType": "DequantizeLinear", "comment": "@8 [hr_branch.conv_enc2x.0.bias_DequantizeLinear_Output:(ty=1,shape=[32])] DequantizeLinear [hr_branch.conv_enc2x.0.bias_quantized:(ty=3,shape=[32]),onnx::Conv_683_scale:(ty=1,shape=[]),hr_branch.conv_enc2x.0.bias_zero_point:(ty=3,shape=[])]", "device": "NPU"}, {"output": ["/hr_branch/conv_enc2x/conv_enc2x.0/Conv_output_0"], "input": ["/hr_branch/Concat_output_0_DequantizeLinear_Output", "hr_branch.conv_enc2x.0.weight_DequantizeLinear_Output", "hr_branch.conv_enc2x.0.bias_DequantizeLinear_Output"], "opType": "Conv", "comment": "@174 [/hr_branch/conv_enc2x/conv_enc2x.0/Conv_output_0:(ty=1,shape=[1,32,128,128])] Conv [/hr_branch/Concat_output_0_DequantizeLinear_Output:(ty=1,shape=[1,35,256,256]),hr_branch.conv_enc2x.0.weight_DequantizeLinear_Output:(ty=1,shape=[32,35,3,3]),hr_branch.conv_enc2x.0.bias_DequantizeLinear_Output:(ty=1,shape=[32])]", "device": "NPU"}, {"output": ["/hr_branch/conv_enc2x/conv_enc2x.1/Relu_output_0"], "input": ["/hr_branch/conv_enc2x/conv_enc2x.0/Conv_output_0"], "opType": "Relu", "comment": "@176 [/hr_branch/conv_enc2x/conv_enc2x.1/Relu_output_0:(ty=1,shape=[1,32,128,128])] Relu [/hr_branch/conv_enc2x/conv_enc2x.0/Conv_output_0:(ty=1,shape=[1,32,128,128])]", "device": "NPU"}, {"output": ["/hr_branch/conv_enc2x/conv_enc2x.1/Relu_output_0_QuantizeLinear_Output"], "input": ["/hr_branch/conv_enc2x/conv_enc2x.1/Relu_output_0", "/lr_branch/backbone/features.2/conv/conv.5/Clip_output_0_scale", "/hr_branch/conv_enc2x/conv_enc2x.1/Relu_output_0_zero_point"], "opType": "QuantizeLinear", "comment": "@178 [/hr_branch/conv_enc2x/conv_enc2x.1/Relu_output_0_QuantizeLinear_Output:(ty=2,shape=[1,32,128,128])] QuantizeLinear [/hr_branch/conv_enc2x/conv_enc2x.1/Relu_output_0:(ty=1,shape=[1,32,128,128]),/lr_branch/backbone/features.2/conv/conv.5/Clip_output_0_scale:(ty=1,shape=[]),/hr_branch/conv_enc2x/conv_enc2x.1/Relu_output_0_zero_point:(ty=2,shape=[])]", "device": "NPU"}, {"output": ["/hr_branch/conv_enc2x/conv_enc2x.1/Relu_output_0_DequantizeLinear_Output"], "input": ["/hr_branch/conv_enc2x/conv_enc2x.1/Relu_output_0_QuantizeLinear_Output", "/lr_branch/backbone/features.2/conv/conv.5/Clip_output_0_scale", "/hr_branch/conv_enc2x/conv_enc2x.1/Relu_output_0_zero_point"], "opType": "DequantizeLinear", "comment": "@180 [/hr_branch/conv_enc2x/conv_enc2x.1/Relu_output_0_DequantizeLinear_Output:(ty=1,shape=[1,32,128,128])] DequantizeLinear [/hr_branch/conv_enc2x/conv_enc2x.1/Relu_output_0_QuantizeLinear_Output:(ty=2,shape=[1,32,128,128]),/lr_branch/backbone/features.2/conv/conv.5/Clip_output_0_scale:(ty=1,shape=[]),/hr_branch/conv_enc2x/conv_enc2x.1/Relu_output_0_zero_point:(ty=2,shape=[])]", "device": "NPU"}, {"output": ["/hr_branch/Concat_1_output_0"], "input": ["/hr_branch/conv_enc2x/conv_enc2x.1/Relu_output_0_DequantizeLinear_Output", "/hr_branch/tohr_enc4x/tohr_enc4x.1/Relu_output_0_DequantizeLinear_Output"], "opType": "Concat", "comment": "@204 [/hr_branch/Concat_1_output_0:(ty=1,shape=[1,64,128,128])] Concat [/hr_branch/conv_enc2x/conv_enc2x.1/Relu_output_0_DequantizeLinear_Output:(ty=1,shape=[1,32,128,128]),/hr_branch/tohr_enc4x/tohr_enc4x.1/Relu_output_0_DequantizeLinear_Output:(ty=1,shape=[1,32,128,128])]", "device": "NPU"}, {"output": ["/hr_branch/Concat_1_output_0_QuantizeLinear_Output"], "input": ["/hr_branch/Concat_1_output_0", "/lr_branch/backbone/features.2/conv/conv.5/Clip_output_0_scale", "/hr_branch/Concat_1_output_0_zero_point"], "opType": "QuantizeLinear", "comment": "@206 [/hr_branch/Concat_1_output_0_QuantizeLinear_Output:(ty=2,shape=[1,64,128,128])] QuantizeLinear [/hr_branch/Concat_1_output_0:(ty=1,shape=[1,64,128,128]),/lr_branch/backbone/features.2/conv/conv.5/Clip_output_0_scale:(ty=1,shape=[]),/hr_branch/Concat_1_output_0_zero_point:(ty=2,shape=[])]", "device": "NPU"}, {"output": ["/hr_branch/Concat_1_output_0_DequantizeLinear_Output"], "input": ["/hr_branch/Concat_1_output_0_QuantizeLinear_Output", "/lr_branch/backbone/features.2/conv/conv.5/Clip_output_0_scale", "/hr_branch/Concat_1_output_0_zero_point"], "opType": "DequantizeLinear", "comment": "@208 [/hr_branch/Concat_1_output_0_DequantizeLinear_Output:(ty=1,shape=[1,64,128,128])] DequantizeLinear [/hr_branch/Concat_1_output_0_QuantizeLinear_Output:(ty=2,shape=[1,64,128,128]),/lr_branch/backbone/features.2/conv/conv.5/Clip_output_0_scale:(ty=1,shape=[]),/hr_branch/Concat_1_output_0_zero_point:(ty=2,shape=[])]", "device": "NPU"}, {"output": ["hr_branch.conv_enc4x.0.weight_DequantizeLinear_Output"], "input": ["hr_branch.conv_enc4x.0.weight_quantized", "onnx::Conv_758_scale", "hr_branch.conv_enc4x.0.weight_zero_point"], "opType": "DequantizeLinear", "comment": "@11 [hr_branch.conv_enc4x.0.weight_DequantizeLinear_Output:(ty=1,shape=[64,64,3,3])] DequantizeLinear [hr_branch.conv_enc4x.0.weight_quantized:(ty=3,shape=[64,64,3,3]),onnx::Conv_758_scale:(ty=1,shape=[]),hr_branch.conv_enc4x.0.weight_zero_point:(ty=3,shape=[])]", "device": "NPU"}, {"output": ["hr_branch.conv_enc4x.0.bias_DequantizeLinear_Output"], "input": ["hr_branch.conv_enc4x.0.bias_quantized", "onnx::Conv_683_scale", "hr_branch.conv_enc4x.0.bias_zero_point"], "opType": "DequantizeLinear", "comment": "@10 [hr_branch.conv_enc4x.0.bias_DequantizeLinear_Output:(ty=1,shape=[64])] DequantizeLinear [hr_branch.conv_enc4x.0.bias_quantized:(ty=3,shape=[64]),onnx::Conv_683_scale:(ty=1,shape=[]),hr_branch.conv_enc4x.0.bias_zero_point:(ty=3,shape=[])]", "device": "NPU"}, {"output": ["/hr_branch/conv_enc4x/conv_enc4x.0/Conv_output_0"], "input": ["/hr_branch/Concat_1_output_0_DequantizeLinear_Output", "hr_branch.conv_enc4x.0.weight_DequantizeLinear_Output", "hr_branch.conv_enc4x.0.bias_DequantizeLinear_Output"], "opType": "Conv", "comment": "@210 [/hr_branch/conv_enc4x/conv_enc4x.0/Conv_output_0:(ty=1,shape=[1,64,128,128])] Conv [/hr_branch/Concat_1_output_0_DequantizeLinear_Output:(ty=1,shape=[1,64,128,128]),hr_branch.conv_enc4x.0.weight_DequantizeLinear_Output:(ty=1,shape=[64,64,3,3]),hr_branch.conv_enc4x.0.bias_DequantizeLinear_Output:(ty=1,shape=[64])]", "device": "NPU"}, {"output": ["/hr_branch/conv_enc4x/conv_enc4x.1/Relu_output_0"], "input": ["/hr_branch/conv_enc4x/conv_enc4x.0/Conv_output_0"], "opType": "Relu", "comment": "@212 [/hr_branch/conv_enc4x/conv_enc4x.1/Relu_output_0:(ty=1,shape=[1,64,128,128])] Relu [/hr_branch/conv_enc4x/conv_enc4x.0/Conv_output_0:(ty=1,shape=[1,64,128,128])]", "device": "NPU"}, {"output": ["/hr_branch/conv_enc4x/conv_enc4x.1/Relu_output_0_QuantizeLinear_Output"], "input": ["/hr_branch/conv_enc4x/conv_enc4x.1/Relu_output_0", "/lr_branch/backbone/features.2/conv/conv.5/Clip_output_0_scale", "/hr_branch/conv_enc4x/conv_enc4x.1/Relu_output_0_zero_point"], "opType": "QuantizeLinear", "comment": "@214 [/hr_branch/conv_enc4x/conv_enc4x.1/Relu_output_0_QuantizeLinear_Output:(ty=2,shape=[1,64,128,128])] QuantizeLinear [/hr_branch/conv_enc4x/conv_enc4x.1/Relu_output_0:(ty=1,shape=[1,64,128,128]),/lr_branch/backbone/features.2/conv/conv.5/Clip_output_0_scale:(ty=1,shape=[]),/hr_branch/conv_enc4x/conv_enc4x.1/Relu_output_0_zero_point:(ty=2,shape=[])]", "device": "NPU"}, {"output": ["/hr_branch/conv_enc4x/conv_enc4x.1/Relu_output_0_DequantizeLinear_Output"], "input": ["/hr_branch/conv_enc4x/conv_enc4x.1/Relu_output_0_QuantizeLinear_Output", "/lr_branch/backbone/features.2/conv/conv.5/Clip_output_0_scale", "/hr_branch/conv_enc4x/conv_enc4x.1/Relu_output_0_zero_point"], "opType": "DequantizeLinear", "comment": "@216 [/hr_branch/conv_enc4x/conv_enc4x.1/Relu_output_0_DequantizeLinear_Output:(ty=1,shape=[1,64,128,128])] DequantizeLinear [/hr_branch/conv_enc4x/conv_enc4x.1/Relu_output_0_QuantizeLinear_Output:(ty=2,shape=[1,64,128,128]),/lr_branch/backbone/features.2/conv/conv.5/Clip_output_0_scale:(ty=1,shape=[]),/hr_branch/conv_enc4x/conv_enc4x.1/Relu_output_0_zero_point:(ty=2,shape=[])]", "device": "NPU"}, {"output": ["input_DequantizeLinear_Output/duplicated"], "input": ["input_QuantizeLinear_Output", "input_scale", "input_zero_point"], "opType": "DequantizeLinear", "comment": "@490 [input_DequantizeLinear_Output/duplicated:(ty=1,shape=[1,3,512,512])] DequantizeLinear [input_QuantizeLinear_Output:(ty=2,shape=[1,3,512,512]),input_scale:(ty=1,shape=[]),input_zero_point:(ty=2,shape=[])]", "device": "CPU"}, {"output": ["/hr_branch/Resize_1_output_0"], "input": ["input_DequantizeLinear_Output/duplicated", "VAIP_NOT_EXISTS", "/hr_branch/Constant_1_output_0"], "opType": "Resize", "comment": "@143 [/hr_branch/Resize_1_output_0:(ty=1,shape=[1,3,128,128])] Resize [input_DequantizeLinear_Output/duplicated:(ty=1,shape=[1,3,512,512]),N/A,/hr_branch/Constant_1_output_0:(ty=1,shape=[4])]", "device": "CPU"}, {"output": ["/hr_branch/Resize_1_output_0_QuantizeLinear_Output"], "input": ["/hr_branch/Resize_1_output_0", "/lr_branch/backbone/features.2/conv/conv.5/Clip_output_0_scale", "/hr_branch/Resize_1_output_0_zero_point"], "opType": "QuantizeLinear", "comment": "@146 [/hr_branch/Resize_1_output_0_QuantizeLinear_Output:(ty=2,shape=[1,3,128,128])] QuantizeLinear [/hr_branch/Resize_1_output_0:(ty=1,shape=[1,3,128,128]),/lr_branch/backbone/features.2/conv/conv.5/Clip_output_0_scale:(ty=1,shape=[]),/hr_branch/Resize_1_output_0_zero_point:(ty=2,shape=[])]", "device": "CPU"}, {"output": ["/hr_branch/Resize_1_output_0_DequantizeLinear_Output"], "input": ["/hr_branch/Resize_1_output_0_QuantizeLinear_Output", "/lr_branch/backbone/features.2/conv/conv.5/Clip_output_0_scale", "/hr_branch/Resize_1_output_0_zero_point"], "opType": "DequantizeLinear", "comment": "@149 [/hr_branch/Resize_1_output_0_DequantizeLinear_Output:(ty=1,shape=[1,3,128,128])] DequantizeLinear [/hr_branch/Resize_1_output_0_QuantizeLinear_Output:(ty=2,shape=[1,3,128,128]),/lr_branch/backbone/features.2/conv/conv.5/Clip_output_0_scale:(ty=1,shape=[]),/hr_branch/Resize_1_output_0_zero_point:(ty=2,shape=[])]", "device": "NPU"}, {"output": ["/hr_branch/Concat_2_output_0"], "input": ["/hr_branch/conv_enc4x/conv_enc4x.1/Relu_output_0_DequantizeLinear_Output", "/hr_branch/Resize_2_output_0_DequantizeLinear_Output", "/hr_branch/Resize_1_output_0_DequantizeLinear_Output"], "opType": "Concat", "comment": "@423 [/hr_branch/Concat_2_output_0:(ty=1,shape=[1,99,128,128])] Concat [/hr_branch/conv_enc4x/conv_enc4x.1/Relu_output_0_DequantizeLinear_Output:(ty=1,shape=[1,64,128,128]),/hr_branch/Resize_2_output_0_DequantizeLinear_Output:(ty=1,shape=[1,32,128,128]),/hr_branch/Resize_1_output_0_DequantizeLinear_Output:(ty=1,shape=[1,3,128,128])]", "device": "NPU"}, {"output": ["/hr_branch/Concat_2_output_0_QuantizeLinear_Output"], "input": ["/hr_branch/Concat_2_output_0", "/lr_branch/backbone/features.2/conv/conv.5/Clip_output_0_scale", "/hr_branch/Concat_2_output_0_zero_point"], "opType": "QuantizeLinear", "comment": "@425 [/hr_branch/Concat_2_output_0_QuantizeLinear_Output:(ty=2,shape=[1,99,128,128])] QuantizeLinear [/hr_branch/Concat_2_output_0:(ty=1,shape=[1,99,128,128]),/lr_branch/backbone/features.2/conv/conv.5/Clip_output_0_scale:(ty=1,shape=[]),/hr_branch/Concat_2_output_0_zero_point:(ty=2,shape=[])]", "device": "NPU"}, {"output": ["/hr_branch/Concat_2_output_0_DequantizeLinear_Output"], "input": ["/hr_branch/Concat_2_output_0_QuantizeLinear_Output", "/lr_branch/backbone/features.2/conv/conv.5/Clip_output_0_scale", "/hr_branch/Concat_2_output_0_zero_point"], "opType": "DequantizeLinear", "comment": "@427 [/hr_branch/Concat_2_output_0_DequantizeLinear_Output:(ty=1,shape=[1,99,128,128])] DequantizeLinear [/hr_branch/Concat_2_output_0_QuantizeLinear_Output:(ty=2,shape=[1,99,128,128]),/lr_branch/backbone/features.2/conv/conv.5/Clip_output_0_scale:(ty=1,shape=[]),/hr_branch/Concat_2_output_0_zero_point:(ty=2,shape=[])]", "device": "NPU"}, {"output": ["hr_branch.conv_hr4x.0.weight_DequantizeLinear_Output"], "input": ["hr_branch.conv_hr4x.0.weight_quantized", "onnx::Conv_758_scale", "hr_branch.conv_hr4x.0.weight_zero_point"], "opType": "DequantizeLinear", "comment": "@21 [hr_branch.conv_hr4x.0.weight_DequantizeLinear_Output:(ty=1,shape=[64,99,3,3])] DequantizeLinear [hr_branch.conv_hr4x.0.weight_quantized:(ty=3,shape=[64,99,3,3]),onnx::Conv_758_scale:(ty=1,shape=[]),hr_branch.conv_hr4x.0.weight_zero_point:(ty=3,shape=[])]", "device": "NPU"}, {"output": ["hr_branch.conv_hr4x.0.bias_DequantizeLinear_Output"], "input": ["hr_branch.conv_hr4x.0.bias_quantized", "onnx::Conv_674_scale", "hr_branch.conv_hr4x.0.bias_zero_point"], "opType": "DequantizeLinear", "comment": "@20 [hr_branch.conv_hr4x.0.bias_DequantizeLinear_Output:(ty=1,shape=[64])] DequantizeLinear [hr_branch.conv_hr4x.0.bias_quantized:(ty=3,shape=[64]),onnx::Conv_674_scale:(ty=1,shape=[]),hr_branch.conv_hr4x.0.bias_zero_point:(ty=3,shape=[])]", "device": "NPU"}, {"output": ["/hr_branch/conv_hr4x/conv_hr4x.0/Conv_output_0"], "input": ["/hr_branch/Concat_2_output_0_DequantizeLinear_Output", "hr_branch.conv_hr4x.0.weight_DequantizeLinear_Output", "hr_branch.conv_hr4x.0.bias_DequantizeLinear_Output"], "opType": "Conv", "comment": "@429 [/hr_branch/conv_hr4x/conv_hr4x.0/Conv_output_0:(ty=1,shape=[1,64,128,128])] Conv [/hr_branch/Concat_2_output_0_DequantizeLinear_Output:(ty=1,shape=[1,99,128,128]),hr_branch.conv_hr4x.0.weight_DequantizeLinear_Output:(ty=1,shape=[64,99,3,3]),hr_branch.conv_hr4x.0.bias_DequantizeLinear_Output:(ty=1,shape=[64])]", "device": "NPU"}, {"output": ["/hr_branch/conv_hr4x/conv_hr4x.1/Relu_output_0"], "input": ["/hr_branch/conv_hr4x/conv_hr4x.0/Conv_output_0"], "opType": "Relu", "comment": "@431 [/hr_branch/conv_hr4x/conv_hr4x.1/Relu_output_0:(ty=1,shape=[1,64,128,128])] Relu [/hr_branch/conv_hr4x/conv_hr4x.0/Conv_output_0:(ty=1,shape=[1,64,128,128])]", "device": "NPU"}, {"output": ["/hr_branch/conv_hr4x/conv_hr4x.1/Relu_output_0_QuantizeLinear_Output"], "input": ["/hr_branch/conv_hr4x/conv_hr4x.1/Relu_output_0", "/hr_branch/conv_hr4x/conv_hr4x.1/Relu_output_0_scale", "/hr_branch/conv_hr4x/conv_hr4x.1/Relu_output_0_zero_point"], "opType": "QuantizeLinear", "comment": "@433 [/hr_branch/conv_hr4x/conv_hr4x.1/Relu_output_0_QuantizeLinear_Output:(ty=2,shape=[1,64,128,128])] QuantizeLinear [/hr_branch/conv_hr4x/conv_hr4x.1/Relu_output_0:(ty=1,shape=[1,64,128,128]),/hr_branch/conv_hr4x/conv_hr4x.1/Relu_output_0_scale:(ty=1,shape=[]),/hr_branch/conv_hr4x/conv_hr4x.1/Relu_output_0_zero_point:(ty=2,shape=[])]", "device": "NPU"}, {"output": ["/hr_branch/conv_hr4x/conv_hr4x.1/Relu_output_0_DequantizeLinear_Output"], "input": ["/hr_branch/conv_hr4x/conv_hr4x.1/Relu_output_0_QuantizeLinear_Output", "/hr_branch/conv_hr4x/conv_hr4x.1/Relu_output_0_scale", "/hr_branch/conv_hr4x/conv_hr4x.1/Relu_output_0_zero_point"], "opType": "DequantizeLinear", "comment": "@435 [/hr_branch/conv_hr4x/conv_hr4x.1/Relu_output_0_DequantizeLinear_Output:(ty=1,shape=[1,64,128,128])] DequantizeLinear [/hr_branch/conv_hr4x/conv_hr4x.1/Relu_output_0_QuantizeLinear_Output:(ty=2,shape=[1,64,128,128]),/hr_branch/conv_hr4x/conv_hr4x.1/Relu_output_0_scale:(ty=1,shape=[]),/hr_branch/conv_hr4x/conv_hr4x.1/Relu_output_0_zero_point:(ty=2,shape=[])]", "device": "NPU"}, {"output": ["hr_branch.conv_hr4x.2.weight_DequantizeLinear_Output"], "input": ["hr_branch.conv_hr4x.2.weight_quantized", "onnx::Conv_696_scale", "hr_branch.conv_hr4x.2.weight_zero_point"], "opType": "DequantizeLinear", "comment": "@23 [hr_branch.conv_hr4x.2.weight_DequantizeLinear_Output:(ty=1,shape=[64,64,3,3])] DequantizeLinear [hr_branch.conv_hr4x.2.weight_quantized:(ty=3,shape=[64,64,3,3]),onnx::Conv_696_scale:(ty=1,shape=[]),hr_branch.conv_hr4x.2.weight_zero_point:(ty=3,shape=[])]", "device": "NPU"}, {"output": ["hr_branch.conv_hr4x.2.bias_DequantizeLinear_Output"], "input": ["hr_branch.conv_hr4x.2.bias_quantized", "onnx::Conv_674_scale", "hr_branch.conv_hr4x.2.bias_zero_point"], "opType": "DequantizeLinear", "comment": "@22 [hr_branch.conv_hr4x.2.bias_DequantizeLinear_Output:(ty=1,shape=[64])] DequantizeLinear [hr_branch.conv_hr4x.2.bias_quantized:(ty=3,shape=[64]),onnx::Conv_674_scale:(ty=1,shape=[]),hr_branch.conv_hr4x.2.bias_zero_point:(ty=3,shape=[])]", "device": "NPU"}, {"output": ["/hr_branch/conv_hr4x/conv_hr4x.2/Conv_output_0"], "input": ["/hr_branch/conv_hr4x/conv_hr4x.1/Relu_output_0_DequantizeLinear_Output", "hr_branch.conv_hr4x.2.weight_DequantizeLinear_Output", "hr_branch.conv_hr4x.2.bias_DequantizeLinear_Output"], "opType": "Conv", "comment": "@437 [/hr_branch/conv_hr4x/conv_hr4x.2/Conv_output_0:(ty=1,shape=[1,64,128,128])] Conv [/hr_branch/conv_hr4x/conv_hr4x.1/Relu_output_0_DequantizeLinear_Output:(ty=1,shape=[1,64,128,128]),hr_branch.conv_hr4x.2.weight_DequantizeLinear_Output:(ty=1,shape=[64,64,3,3]),hr_branch.conv_hr4x.2.bias_DequantizeLinear_Output:(ty=1,shape=[64])]", "device": "NPU"}, {"output": ["/hr_branch/conv_hr4x/conv_hr4x.3/Relu_output_0"], "input": ["/hr_branch/conv_hr4x/conv_hr4x.2/Conv_output_0"], "opType": "Relu", "comment": "@438 [/hr_branch/conv_hr4x/conv_hr4x.3/Relu_output_0:(ty=1,shape=[1,64,128,128])] Relu [/hr_branch/conv_hr4x/conv_hr4x.2/Conv_output_0:(ty=1,shape=[1,64,128,128])]", "device": "NPU"}, {"output": ["/hr_branch/conv_hr4x/conv_hr4x.3/Relu_output_0_QuantizeLinear_Output"], "input": ["/hr_branch/conv_hr4x/conv_hr4x.3/Relu_output_0", "/hr_branch/conv_hr4x/conv_hr4x.1/Relu_output_0_scale", "/hr_branch/conv_hr4x/conv_hr4x.3/Relu_output_0_zero_point"], "opType": "QuantizeLinear", "comment": "@439 [/hr_branch/conv_hr4x/conv_hr4x.3/Relu_output_0_QuantizeLinear_Output:(ty=2,shape=[1,64,128,128])] QuantizeLinear [/hr_branch/conv_hr4x/conv_hr4x.3/Relu_output_0:(ty=1,shape=[1,64,128,128]),/hr_branch/conv_hr4x/conv_hr4x.1/Relu_output_0_scale:(ty=1,shape=[]),/hr_branch/conv_hr4x/conv_hr4x.3/Relu_output_0_zero_point:(ty=2,shape=[])]", "device": "NPU"}, {"output": ["/hr_branch/conv_hr4x/conv_hr4x.3/Relu_output_0_DequantizeLinear_Output"], "input": ["/hr_branch/conv_hr4x/conv_hr4x.3/Relu_output_0_QuantizeLinear_Output", "/hr_branch/conv_hr4x/conv_hr4x.1/Relu_output_0_scale", "/hr_branch/conv_hr4x/conv_hr4x.3/Relu_output_0_zero_point"], "opType": "DequantizeLinear", "comment": "@440 [/hr_branch/conv_hr4x/conv_hr4x.3/Relu_output_0_DequantizeLinear_Output:(ty=1,shape=[1,64,128,128])] DequantizeLinear [/hr_branch/conv_hr4x/conv_hr4x.3/Relu_output_0_QuantizeLinear_Output:(ty=2,shape=[1,64,128,128]),/hr_branch/conv_hr4x/conv_hr4x.1/Relu_output_0_scale:(ty=1,shape=[]),/hr_branch/conv_hr4x/conv_hr4x.3/Relu_output_0_zero_point:(ty=2,shape=[])]", "device": "NPU"}, {"output": ["hr_branch.conv_hr4x.4.weight_DequantizeLinear_Output"], "input": ["hr_branch.conv_hr4x.4.weight_quantized", "onnx::Conv_696_scale", "hr_branch.conv_hr4x.4.weight_zero_point"], "opType": "DequantizeLinear", "comment": "@25 [hr_branch.conv_hr4x.4.weight_DequantizeLinear_Output:(ty=1,shape=[32,64,3,3])] DequantizeLinear [hr_branch.conv_hr4x.4.weight_quantized:(ty=3,shape=[32,64,3,3]),onnx::Conv_696_scale:(ty=1,shape=[]),hr_branch.conv_hr4x.4.weight_zero_point:(ty=3,shape=[])]", "device": "NPU"}, {"output": ["hr_branch.conv_hr4x.4.bias_DequantizeLinear_Output"], "input": ["hr_branch.conv_hr4x.4.bias_quantized", "onnx::Conv_683_scale", "hr_branch.conv_hr4x.4.bias_zero_point"], "opType": "DequantizeLinear", "comment": "@24 [hr_branch.conv_hr4x.4.bias_DequantizeLinear_Output:(ty=1,shape=[32])] DequantizeLinear [hr_branch.conv_hr4x.4.bias_quantized:(ty=3,shape=[32]),onnx::Conv_683_scale:(ty=1,shape=[]),hr_branch.conv_hr4x.4.bias_zero_point:(ty=3,shape=[])]", "device": "NPU"}, {"output": ["/hr_branch/conv_hr4x/conv_hr4x.4/Conv_output_0"], "input": ["/hr_branch/conv_hr4x/conv_hr4x.3/Relu_output_0_DequantizeLinear_Output", "hr_branch.conv_hr4x.4.weight_DequantizeLinear_Output", "hr_branch.conv_hr4x.4.bias_DequantizeLinear_Output"], "opType": "Conv", "comment": "@441 [/hr_branch/conv_hr4x/conv_hr4x.4/Conv_output_0:(ty=1,shape=[1,32,128,128])] Conv [/hr_branch/conv_hr4x/conv_hr4x.3/Relu_output_0_DequantizeLinear_Output:(ty=1,shape=[1,64,128,128]),hr_branch.conv_hr4x.4.weight_DequantizeLinear_Output:(ty=1,shape=[32,64,3,3]),hr_branch.conv_hr4x.4.bias_DequantizeLinear_Output:(ty=1,shape=[32])]", "device": "NPU"}, {"output": ["/hr_branch/conv_hr4x/conv_hr4x.5/Relu_output_0"], "input": ["/hr_branch/conv_hr4x/conv_hr4x.4/Conv_output_0"], "opType": "Relu", "comment": "@442 [/hr_branch/conv_hr4x/conv_hr4x.5/Relu_output_0:(ty=1,shape=[1,32,128,128])] Relu [/hr_branch/conv_hr4x/conv_hr4x.4/Conv_output_0:(ty=1,shape=[1,32,128,128])]", "device": "NPU"}, {"output": ["/hr_branch/conv_hr4x/conv_hr4x.5/Relu_output_0_QuantizeLinear_Output"], "input": ["/hr_branch/conv_hr4x/conv_hr4x.5/Relu_output_0", "input_scale", "/hr_branch/conv_hr4x/conv_hr4x.5/Relu_output_0_zero_point"], "opType": "QuantizeLinear", "comment": "@443 [/hr_branch/conv_hr4x/conv_hr4x.5/Relu_output_0_QuantizeLinear_Output:(ty=2,shape=[1,32,128,128])] QuantizeLinear [/hr_branch/conv_hr4x/conv_hr4x.5/Relu_output_0:(ty=1,shape=[1,32,128,128]),input_scale:(ty=1,shape=[]),/hr_branch/conv_hr4x/conv_hr4x.5/Relu_output_0_zero_point:(ty=2,shape=[])]", "device": "NPU"}, {"output": ["/hr_branch/conv_hr4x/conv_hr4x.5/Relu_output_0_DequantizeLinear_Output"], "input": ["/hr_branch/conv_hr4x/conv_hr4x.5/Relu_output_0_QuantizeLinear_Output", "input_scale", "/hr_branch/conv_hr4x/conv_hr4x.5/Relu_output_0_zero_point"], "opType": "DequantizeLinear", "comment": "@444 [/hr_branch/conv_hr4x/conv_hr4x.5/Relu_output_0_DequantizeLinear_Output:(ty=1,shape=[1,32,128,128])] DequantizeLinear [/hr_branch/conv_hr4x/conv_hr4x.5/Relu_output_0_QuantizeLinear_Output:(ty=2,shape=[1,32,128,128]),input_scale:(ty=1,shape=[]),/hr_branch/conv_hr4x/conv_hr4x.5/Relu_output_0_zero_point:(ty=2,shape=[])]", "device": "NPU"}, {"output": ["/hr_branch/Resize_3_output_0"], "input": ["/hr_branch/conv_hr4x/conv_hr4x.5/Relu_output_0_DequantizeLinear_Output", "VAIP_NOT_EXISTS", "/lr_branch/Constant_output_0"], "opType": "Resize", "comment": "@445 [/hr_branch/Resize_3_output_0:(ty=1,shape=[1,32,256,256])] Resize [/hr_branch/conv_hr4x/conv_hr4x.5/Relu_output_0_DequantizeLinear_Output:(ty=1,shape=[1,32,128,128]),N/A,/lr_branch/Constant_output_0:(ty=1,shape=[4])]", "device": "NPU"}, {"output": ["/hr_branch/Resize_3_output_0_QuantizeLinear_Output"], "input": ["/hr_branch/Resize_3_output_0", "input_scale", "/hr_branch/conv_hr4x/conv_hr4x.5/Relu_output_0_zero_point"], "opType": "QuantizeLinear", "comment": "@446 [/hr_branch/Resize_3_output_0_QuantizeLinear_Output:(ty=2,shape=[1,32,256,256])] QuantizeLinear [/hr_branch/Resize_3_output_0:(ty=1,shape=[1,32,256,256]),input_scale:(ty=1,shape=[]),/hr_branch/conv_hr4x/conv_hr4x.5/Relu_output_0_zero_point:(ty=2,shape=[])]", "device": "NPU"}, {"output": ["/hr_branch/Resize_3_output_0_DequantizeLinear_Output"], "input": ["/hr_branch/Resize_3_output_0_QuantizeLinear_Output", "input_scale", "/hr_branch/conv_hr4x/conv_hr4x.5/Relu_output_0_zero_point"], "opType": "DequantizeLinear", "comment": "@447 [/hr_branch/Resize_3_output_0_DequantizeLinear_Output:(ty=1,shape=[1,32,256,256])] DequantizeLinear [/hr_branch/Resize_3_output_0_QuantizeLinear_Output:(ty=2,shape=[1,32,256,256]),input_scale:(ty=1,shape=[]),/hr_branch/conv_hr4x/conv_hr4x.5/Relu_output_0_zero_point:(ty=2,shape=[])]", "device": "NPU"}, {"output": ["/hr_branch/Concat_3_output_0"], "input": ["/hr_branch/Resize_3_output_0_DequantizeLinear_Output", "/hr_branch/tohr_enc2x/tohr_enc2x.1/Relu_output_0_DequantizeLinear_Output/duplicated"], "opType": "Concat", "comment": "@448 [/hr_branch/Concat_3_output_0:(ty=1,shape=[1,64,256,256])] Concat [/hr_branch/Resize_3_output_0_DequantizeLinear_Output:(ty=1,shape=[1,32,256,256]),/hr_branch/tohr_enc2x/tohr_enc2x.1/Relu_output_0_DequantizeLinear_Output/duplicated:(ty=1,shape=[1,32,256,256])]", "device": "NPU"}, {"output": ["/hr_branch/Concat_3_output_0_QuantizeLinear_Output"], "input": ["/hr_branch/Concat_3_output_0", "input_scale", "/hr_branch/Concat_3_output_0_zero_point"], "opType": "QuantizeLinear", "comment": "@449 [/hr_branch/Concat_3_output_0_QuantizeLinear_Output:(ty=2,shape=[1,64,256,256])] QuantizeLinear [/hr_branch/Concat_3_output_0:(ty=1,shape=[1,64,256,256]),input_scale:(ty=1,shape=[]),/hr_branch/Concat_3_output_0_zero_point:(ty=2,shape=[])]", "device": "NPU"}, {"output": ["/hr_branch/Concat_3_output_0_DequantizeLinear_Output"], "input": ["/hr_branch/Concat_3_output_0_QuantizeLinear_Output", "input_scale", "/hr_branch/Concat_3_output_0_zero_point"], "opType": "DequantizeLinear", "comment": "@450 [/hr_branch/Concat_3_output_0_DequantizeLinear_Output:(ty=1,shape=[1,64,256,256])] DequantizeLinear [/hr_branch/Concat_3_output_0_QuantizeLinear_Output:(ty=2,shape=[1,64,256,256]),input_scale:(ty=1,shape=[]),/hr_branch/Concat_3_output_0_zero_point:(ty=2,shape=[])]", "device": "NPU"}, {"output": ["hr_branch.conv_hr2x.0.weight_DequantizeLinear_Output"], "input": ["hr_branch.conv_hr2x.0.weight_quantized", "onnx::Conv_696_scale", "hr_branch.conv_hr2x.0.weight_zero_point"], "opType": "DequantizeLinear", "comment": "@13 [hr_branch.conv_hr2x.0.weight_DequantizeLinear_Output:(ty=1,shape=[64,64,3,3])] DequantizeLinear [hr_branch.conv_hr2x.0.weight_quantized:(ty=3,shape=[64,64,3,3]),onnx::Conv_696_scale:(ty=1,shape=[]),hr_branch.conv_hr2x.0.weight_zero_point:(ty=3,shape=[])]", "device": "NPU"}, {"output": ["hr_branch.conv_hr2x.0.bias_DequantizeLinear_Output"], "input": ["hr_branch.conv_hr2x.0.bias_quantized", "onnx::Conv_674_scale", "hr_branch.conv_hr2x.0.bias_zero_point"], "opType": "DequantizeLinear", "comment": "@12 [hr_branch.conv_hr2x.0.bias_DequantizeLinear_Output:(ty=1,shape=[64])] DequantizeLinear [hr_branch.conv_hr2x.0.bias_quantized:(ty=3,shape=[64]),onnx::Conv_674_scale:(ty=1,shape=[]),hr_branch.conv_hr2x.0.bias_zero_point:(ty=3,shape=[])]", "device": "NPU"}, {"output": ["/hr_branch/conv_hr2x/conv_hr2x.0/Conv_output_0"], "input": ["/hr_branch/Concat_3_output_0_DequantizeLinear_Output", "hr_branch.conv_hr2x.0.weight_DequantizeLinear_Output", "hr_branch.conv_hr2x.0.bias_DequantizeLinear_Output"], "opType": "Conv", "comment": "@451 [/hr_branch/conv_hr2x/conv_hr2x.0/Conv_output_0:(ty=1,shape=[1,64,256,256])] Conv [/hr_branch/Concat_3_output_0_DequantizeLinear_Output:(ty=1,shape=[1,64,256,256]),hr_branch.conv_hr2x.0.weight_DequantizeLinear_Output:(ty=1,shape=[64,64,3,3]),hr_branch.conv_hr2x.0.bias_DequantizeLinear_Output:(ty=1,shape=[64])]", "device": "NPU"}, {"output": ["/hr_branch/conv_hr2x/conv_hr2x.1/Relu_output_0"], "input": ["/hr_branch/conv_hr2x/conv_hr2x.0/Conv_output_0"], "opType": "Relu", "comment": "@452 [/hr_branch/conv_hr2x/conv_hr2x.1/Relu_output_0:(ty=1,shape=[1,64,256,256])] Relu [/hr_branch/conv_hr2x/conv_hr2x.0/Conv_output_0:(ty=1,shape=[1,64,256,256])]", "device": "NPU"}, {"output": ["/hr_branch/conv_hr2x/conv_hr2x.1/Relu_output_0_QuantizeLinear_Output"], "input": ["/hr_branch/conv_hr2x/conv_hr2x.1/Relu_output_0", "input_scale", "/hr_branch/conv_hr2x/conv_hr2x.1/Relu_output_0_zero_point"], "opType": "QuantizeLinear", "comment": "@453 [/hr_branch/conv_hr2x/conv_hr2x.1/Relu_output_0_QuantizeLinear_Output:(ty=2,shape=[1,64,256,256])] QuantizeLinear [/hr_branch/conv_hr2x/conv_hr2x.1/Relu_output_0:(ty=1,shape=[1,64,256,256]),input_scale:(ty=1,shape=[]),/hr_branch/conv_hr2x/conv_hr2x.1/Relu_output_0_zero_point:(ty=2,shape=[])]", "device": "NPU"}, {"output": ["/hr_branch/conv_hr2x/conv_hr2x.1/Relu_output_0_DequantizeLinear_Output"], "input": ["/hr_branch/conv_hr2x/conv_hr2x.1/Relu_output_0_QuantizeLinear_Output", "input_scale", "/hr_branch/conv_hr2x/conv_hr2x.1/Relu_output_0_zero_point"], "opType": "DequantizeLinear", "comment": "@454 [/hr_branch/conv_hr2x/conv_hr2x.1/Relu_output_0_DequantizeLinear_Output:(ty=1,shape=[1,64,256,256])] DequantizeLinear [/hr_branch/conv_hr2x/conv_hr2x.1/Relu_output_0_QuantizeLinear_Output:(ty=2,shape=[1,64,256,256]),input_scale:(ty=1,shape=[]),/hr_branch/conv_hr2x/conv_hr2x.1/Relu_output_0_zero_point:(ty=2,shape=[])]", "device": "NPU"}, {"output": ["hr_branch.conv_hr2x.2.weight_DequantizeLinear_Output"], "input": ["hr_branch.conv_hr2x.2.weight_quantized", "onnx::Conv_696_scale", "hr_branch.conv_hr2x.2.weight_zero_point"], "opType": "DequantizeLinear", "comment": "@15 [hr_branch.conv_hr2x.2.weight_DequantizeLinear_Output:(ty=1,shape=[32,64,3,3])] DequantizeLinear [hr_branch.conv_hr2x.2.weight_quantized:(ty=3,shape=[32,64,3,3]),onnx::Conv_696_scale:(ty=1,shape=[]),hr_branch.conv_hr2x.2.weight_zero_point:(ty=3,shape=[])]", "device": "NPU"}, {"output": ["hr_branch.conv_hr2x.2.bias_DequantizeLinear_Output"], "input": ["hr_branch.conv_hr2x.2.bias_quantized", "onnx::Conv_674_scale", "hr_branch.conv_hr2x.2.bias_zero_point"], "opType": "DequantizeLinear", "comment": "@14 [hr_branch.conv_hr2x.2.bias_DequantizeLinear_Output:(ty=1,shape=[32])] DequantizeLinear [hr_branch.conv_hr2x.2.bias_quantized:(ty=3,shape=[32]),onnx::Conv_674_scale:(ty=1,shape=[]),hr_branch.conv_hr2x.2.bias_zero_point:(ty=3,shape=[])]", "device": "NPU"}, {"output": ["/hr_branch/conv_hr2x/conv_hr2x.2/Conv_output_0"], "input": ["/hr_branch/conv_hr2x/conv_hr2x.1/Relu_output_0_DequantizeLinear_Output", "hr_branch.conv_hr2x.2.weight_DequantizeLinear_Output", "hr_branch.conv_hr2x.2.bias_DequantizeLinear_Output"], "opType": "Conv", "comment": "@455 [/hr_branch/conv_hr2x/conv_hr2x.2/Conv_output_0:(ty=1,shape=[1,32,256,256])] Conv [/hr_branch/conv_hr2x/conv_hr2x.1/Relu_output_0_DequantizeLinear_Output:(ty=1,shape=[1,64,256,256]),hr_branch.conv_hr2x.2.weight_DequantizeLinear_Output:(ty=1,shape=[32,64,3,3]),hr_branch.conv_hr2x.2.bias_DequantizeLinear_Output:(ty=1,shape=[32])]", "device": "NPU"}, {"output": ["/hr_branch/conv_hr2x/conv_hr2x.3/Relu_output_0"], "input": ["/hr_branch/conv_hr2x/conv_hr2x.2/Conv_output_0"], "opType": "Relu", "comment": "@456 [/hr_branch/conv_hr2x/conv_hr2x.3/Relu_output_0:(ty=1,shape=[1,32,256,256])] Relu [/hr_branch/conv_hr2x/conv_hr2x.2/Conv_output_0:(ty=1,shape=[1,32,256,256])]", "device": "NPU"}, {"output": ["/hr_branch/conv_hr2x/conv_hr2x.3/Relu_output_0_QuantizeLinear_Output"], "input": ["/hr_branch/conv_hr2x/conv_hr2x.3/Relu_output_0", "input_scale", "/hr_branch/conv_hr2x/conv_hr2x.3/Relu_output_0_zero_point"], "opType": "QuantizeLinear", "comment": "@457 [/hr_branch/conv_hr2x/conv_hr2x.3/Relu_output_0_QuantizeLinear_Output:(ty=2,shape=[1,32,256,256])] QuantizeLinear [/hr_branch/conv_hr2x/conv_hr2x.3/Relu_output_0:(ty=1,shape=[1,32,256,256]),input_scale:(ty=1,shape=[]),/hr_branch/conv_hr2x/conv_hr2x.3/Relu_output_0_zero_point:(ty=2,shape=[])]", "device": "NPU"}, {"output": ["/hr_branch/conv_hr2x/conv_hr2x.3/Relu_output_0_DequantizeLinear_Output"], "input": ["/hr_branch/conv_hr2x/conv_hr2x.3/Relu_output_0_QuantizeLinear_Output", "input_scale", "/hr_branch/conv_hr2x/conv_hr2x.3/Relu_output_0_zero_point"], "opType": "DequantizeLinear", "comment": "@458 [/hr_branch/conv_hr2x/conv_hr2x.3/Relu_output_0_DequantizeLinear_Output:(ty=1,shape=[1,32,256,256])] DequantizeLinear [/hr_branch/conv_hr2x/conv_hr2x.3/Relu_output_0_QuantizeLinear_Output:(ty=2,shape=[1,32,256,256]),input_scale:(ty=1,shape=[]),/hr_branch/conv_hr2x/conv_hr2x.3/Relu_output_0_zero_point:(ty=2,shape=[])]", "device": "NPU"}, {"output": ["hr_branch.conv_hr2x.4.weight_DequantizeLinear_Output"], "input": ["hr_branch.conv_hr2x.4.weight_quantized", "onnx::Conv_696_scale", "hr_branch.conv_hr2x.4.weight_zero_point"], "opType": "DequantizeLinear", "comment": "@17 [hr_branch.conv_hr2x.4.weight_DequantizeLinear_Output:(ty=1,shape=[32,32,3,3])] DequantizeLinear [hr_branch.conv_hr2x.4.weight_quantized:(ty=3,shape=[32,32,3,3]),onnx::Conv_696_scale:(ty=1,shape=[]),hr_branch.conv_hr2x.4.weight_zero_point:(ty=3,shape=[])]", "device": "NPU"}, {"output": ["hr_branch.conv_hr2x.4.bias_DequantizeLinear_Output"], "input": ["hr_branch.conv_hr2x.4.bias_quantized", "onnx::Conv_674_scale", "hr_branch.conv_hr2x.4.bias_zero_point"], "opType": "DequantizeLinear", "comment": "@16 [hr_branch.conv_hr2x.4.bias_DequantizeLinear_Output:(ty=1,shape=[32])] DequantizeLinear [hr_branch.conv_hr2x.4.bias_quantized:(ty=3,shape=[32]),onnx::Conv_674_scale:(ty=1,shape=[]),hr_branch.conv_hr2x.4.bias_zero_point:(ty=3,shape=[])]", "device": "NPU"}, {"output": ["/hr_branch/conv_hr2x/conv_hr2x.4/Conv_output_0"], "input": ["/hr_branch/conv_hr2x/conv_hr2x.3/Relu_output_0_DequantizeLinear_Output", "hr_branch.conv_hr2x.4.weight_DequantizeLinear_Output", "hr_branch.conv_hr2x.4.bias_DequantizeLinear_Output"], "opType": "Conv", "comment": "@459 [/hr_branch/conv_hr2x/conv_hr2x.4/Conv_output_0:(ty=1,shape=[1,32,256,256])] Conv [/hr_branch/conv_hr2x/conv_hr2x.3/Relu_output_0_DequantizeLinear_Output:(ty=1,shape=[1,32,256,256]),hr_branch.conv_hr2x.4.weight_DequantizeLinear_Output:(ty=1,shape=[32,32,3,3]),hr_branch.conv_hr2x.4.bias_DequantizeLinear_Output:(ty=1,shape=[32])]", "device": "NPU"}, {"output": ["/hr_branch/conv_hr2x/conv_hr2x.5/Relu_output_0"], "input": ["/hr_branch/conv_hr2x/conv_hr2x.4/Conv_output_0"], "opType": "Relu", "comment": "@460 [/hr_branch/conv_hr2x/conv_hr2x.5/Relu_output_0:(ty=1,shape=[1,32,256,256])] Relu [/hr_branch/conv_hr2x/conv_hr2x.4/Conv_output_0:(ty=1,shape=[1,32,256,256])]", "device": "NPU"}, {"output": ["/hr_branch/conv_hr2x/conv_hr2x.5/Relu_output_0_QuantizeLinear_Output"], "input": ["/hr_branch/conv_hr2x/conv_hr2x.5/Relu_output_0", "input_scale", "/hr_branch/conv_hr2x/conv_hr2x.5/Relu_output_0_zero_point"], "opType": "QuantizeLinear", "comment": "@461 [/hr_branch/conv_hr2x/conv_hr2x.5/Relu_output_0_QuantizeLinear_Output:(ty=2,shape=[1,32,256,256])] QuantizeLinear [/hr_branch/conv_hr2x/conv_hr2x.5/Relu_output_0:(ty=1,shape=[1,32,256,256]),input_scale:(ty=1,shape=[]),/hr_branch/conv_hr2x/conv_hr2x.5/Relu_output_0_zero_point:(ty=2,shape=[])]", "device": "NPU"}, {"output": ["/hr_branch/conv_hr2x/conv_hr2x.5/Relu_output_0_DequantizeLinear_Output"], "input": ["/hr_branch/conv_hr2x/conv_hr2x.5/Relu_output_0_QuantizeLinear_Output", "input_scale", "/hr_branch/conv_hr2x/conv_hr2x.5/Relu_output_0_zero_point"], "opType": "DequantizeLinear", "comment": "@462 [/hr_branch/conv_hr2x/conv_hr2x.5/Relu_output_0_DequantizeLinear_Output:(ty=1,shape=[1,32,256,256])] DequantizeLinear [/hr_branch/conv_hr2x/conv_hr2x.5/Relu_output_0_QuantizeLinear_Output:(ty=2,shape=[1,32,256,256]),input_scale:(ty=1,shape=[]),/hr_branch/conv_hr2x/conv_hr2x.5/Relu_output_0_zero_point:(ty=2,shape=[])]", "device": "NPU"}, {"output": ["hr_branch.conv_hr2x.6.weight_DequantizeLinear_Output"], "input": ["hr_branch.conv_hr2x.6.weight_quantized", "onnx::Conv_696_scale", "hr_branch.conv_hr2x.6.weight_zero_point"], "opType": "DequantizeLinear", "comment": "@19 [hr_branch.conv_hr2x.6.weight_DequantizeLinear_Output:(ty=1,shape=[32,32,3,3])] DequantizeLinear [hr_branch.conv_hr2x.6.weight_quantized:(ty=3,shape=[32,32,3,3]),onnx::Conv_696_scale:(ty=1,shape=[]),hr_branch.conv_hr2x.6.weight_zero_point:(ty=3,shape=[])]", "device": "NPU"}, {"output": ["hr_branch.conv_hr2x.6.bias_DequantizeLinear_Output"], "input": ["hr_branch.conv_hr2x.6.bias_quantized", "onnx::Conv_674_scale", "hr_branch.conv_hr2x.6.bias_zero_point"], "opType": "DequantizeLinear", "comment": "@18 [hr_branch.conv_hr2x.6.bias_DequantizeLinear_Output:(ty=1,shape=[32])] DequantizeLinear [hr_branch.conv_hr2x.6.bias_quantized:(ty=3,shape=[32]),onnx::Conv_674_scale:(ty=1,shape=[]),hr_branch.conv_hr2x.6.bias_zero_point:(ty=3,shape=[])]", "device": "NPU"}, {"output": ["/hr_branch/conv_hr2x/conv_hr2x.6/Conv_output_0"], "input": ["/hr_branch/conv_hr2x/conv_hr2x.5/Relu_output_0_DequantizeLinear_Output", "hr_branch.conv_hr2x.6.weight_DequantizeLinear_Output", "hr_branch.conv_hr2x.6.bias_DequantizeLinear_Output"], "opType": "Conv", "comment": "@463 [/hr_branch/conv_hr2x/conv_hr2x.6/Conv_output_0:(ty=1,shape=[1,32,256,256])] Conv [/hr_branch/conv_hr2x/conv_hr2x.5/Relu_output_0_DequantizeLinear_Output:(ty=1,shape=[1,32,256,256]),hr_branch.conv_hr2x.6.weight_DequantizeLinear_Output:(ty=1,shape=[32,32,3,3]),hr_branch.conv_hr2x.6.bias_DequantizeLinear_Output:(ty=1,shape=[32])]", "device": "NPU"}, {"output": ["/hr_branch/conv_hr2x/conv_hr2x.7/Relu_output_0"], "input": ["/hr_branch/conv_hr2x/conv_hr2x.6/Conv_output_0"], "opType": "Relu", "comment": "@464 [/hr_branch/conv_hr2x/conv_hr2x.7/Relu_output_0:(ty=1,shape=[1,32,256,256])] Relu [/hr_branch/conv_hr2x/conv_hr2x.6/Conv_output_0:(ty=1,shape=[1,32,256,256])]", "device": "NPU"}, {"output": ["/hr_branch/conv_hr2x/conv_hr2x.7/Relu_output_0_QuantizeLinear_Output"], "input": ["/hr_branch/conv_hr2x/conv_hr2x.7/Relu_output_0", "/hr_branch/conv_hr2x/conv_hr2x.7/Relu_output_0_scale", "/hr_branch/conv_hr2x/conv_hr2x.7/Relu_output_0_zero_point"], "opType": "QuantizeLinear", "comment": "@465 [/hr_branch/conv_hr2x/conv_hr2x.7/Relu_output_0_QuantizeLinear_Output:(ty=2,shape=[1,32,256,256])] QuantizeLinear [/hr_branch/conv_hr2x/conv_hr2x.7/Relu_output_0:(ty=1,shape=[1,32,256,256]),/hr_branch/conv_hr2x/conv_hr2x.7/Relu_output_0_scale:(ty=1,shape=[]),/hr_branch/conv_hr2x/conv_hr2x.7/Relu_output_0_zero_point:(ty=2,shape=[])]", "device": "NPU"}, {"output": ["/hr_branch/conv_hr2x/conv_hr2x.7/Relu_output_0_DequantizeLinear_Output"], "input": ["/hr_branch/conv_hr2x/conv_hr2x.7/Relu_output_0_QuantizeLinear_Output", "/hr_branch/conv_hr2x/conv_hr2x.7/Relu_output_0_scale", "/hr_branch/conv_hr2x/conv_hr2x.7/Relu_output_0_zero_point"], "opType": "DequantizeLinear", "comment": "@466 [/hr_branch/conv_hr2x/conv_hr2x.7/Relu_output_0_DequantizeLinear_Output:(ty=1,shape=[1,32,256,256])] DequantizeLinear [/hr_branch/conv_hr2x/conv_hr2x.7/Relu_output_0_QuantizeLinear_Output:(ty=2,shape=[1,32,256,256]),/hr_branch/conv_hr2x/conv_hr2x.7/Relu_output_0_scale:(ty=1,shape=[]),/hr_branch/conv_hr2x/conv_hr2x.7/Relu_output_0_zero_point:(ty=2,shape=[])]", "device": "NPU"}, {"output": ["/hr_branch/Resize_2_output_0_DequantizeLinear_Output/duplicated"], "input": ["/hr_branch/Resize_2_output_0_QuantizeLinear_Output", "/lr_branch/backbone/features.2/conv/conv.5/Clip_output_0_scale", "/lr_branch/conv_lr8x/conv_lr8x.1/Relu_output_0_zero_point"], "opType": "DequantizeLinear", "comment": "@506 [/hr_branch/Resize_2_output_0_DequantizeLinear_Output/duplicated:(ty=1,shape=[1,32,128,128])] DequantizeLinear [/hr_branch/Resize_2_output_0_QuantizeLinear_Output:(ty=2,shape=[1,32,128,128]),/lr_branch/backbone/features.2/conv/conv.5/Clip_output_0_scale:(ty=1,shape=[]),/lr_branch/conv_lr8x/conv_lr8x.1/Relu_output_0_zero_point:(ty=2,shape=[])]", "device": "NPU"}, {"output": ["f_branch.conv_lr4x.0.weight_DequantizeLinear_Output"], "input": ["f_branch.conv_lr4x.0.weight_quantized", "onnx::Conv_722_scale", "f_branch.conv_lr4x.0.weight_zero_point"], "opType": "DequantizeLinear", "comment": "@7 [f_branch.conv_lr4x.0.weight_DequantizeLinear_Output:(ty=1,shape=[32,32,5,5])] DequantizeLinear [f_branch.conv_lr4x.0.weight_quantized:(ty=3,shape=[32,32,5,5]),onnx::Conv_722_scale:(ty=1,shape=[]),f_branch.conv_lr4x.0.weight_zero_point:(ty=3,shape=[])]", "device": "NPU"}, {"output": ["f_branch.conv_lr4x.0.bias_DequantizeLinear_Output"], "input": ["f_branch.conv_lr4x.0.bias_quantized", "onnx::Conv_683_scale", "f_branch.conv_lr4x.0.bias_zero_point"], "opType": "DequantizeLinear", "comment": "@6 [f_branch.conv_lr4x.0.bias_DequantizeLinear_Output:(ty=1,shape=[32])] DequantizeLinear [f_branch.conv_lr4x.0.bias_quantized:(ty=3,shape=[32]),onnx::Conv_683_scale:(ty=1,shape=[]),f_branch.conv_lr4x.0.bias_zero_point:(ty=3,shape=[])]", "device": "NPU"}, {"output": ["/f_branch/conv_lr4x/conv_lr4x.0/Conv_output_0"], "input": ["/hr_branch/Resize_2_output_0_DequantizeLinear_Output/duplicated", "f_branch.conv_lr4x.0.weight_DequantizeLinear_Output", "f_branch.conv_lr4x.0.bias_DequantizeLinear_Output"], "opType": "Conv", "comment": "@424 [/f_branch/conv_lr4x/conv_lr4x.0/Conv_output_0:(ty=1,shape=[1,32,128,128])] Conv [/hr_branch/Resize_2_output_0_DequantizeLinear_Output/duplicated:(ty=1,shape=[1,32,128,128]),f_branch.conv_lr4x.0.weight_DequantizeLinear_Output:(ty=1,shape=[32,32,5,5]),f_branch.conv_lr4x.0.bias_DequantizeLinear_Output:(ty=1,shape=[32])]", "device": "NPU"}, {"output": ["/f_branch/conv_lr4x/conv_lr4x.1/Relu_output_0"], "input": ["/f_branch/conv_lr4x/conv_lr4x.0/Conv_output_0"], "opType": "Relu", "comment": "@426 [/f_branch/conv_lr4x/conv_lr4x.1/Relu_output_0:(ty=1,shape=[1,32,128,128])] Relu [/f_branch/conv_lr4x/conv_lr4x.0/Conv_output_0:(ty=1,shape=[1,32,128,128])]", "device": "NPU"}, {"output": ["/f_branch/conv_lr4x/conv_lr4x.1/Relu_output_0_QuantizeLinear_Output"], "input": ["/f_branch/conv_lr4x/conv_lr4x.1/Relu_output_0", "/hr_branch/conv_hr2x/conv_hr2x.7/Relu_output_0_scale", "/f_branch/conv_lr4x/conv_lr4x.1/Relu_output_0_zero_point"], "opType": "QuantizeLinear", "comment": "@428 [/f_branch/conv_lr4x/conv_lr4x.1/Relu_output_0_QuantizeLinear_Output:(ty=2,shape=[1,32,128,128])] QuantizeLinear [/f_branch/conv_lr4x/conv_lr4x.1/Relu_output_0:(ty=1,shape=[1,32,128,128]),/hr_branch/conv_hr2x/conv_hr2x.7/Relu_output_0_scale:(ty=1,shape=[]),/f_branch/conv_lr4x/conv_lr4x.1/Relu_output_0_zero_point:(ty=2,shape=[])]", "device": "NPU"}, {"output": ["/f_branch/conv_lr4x/conv_lr4x.1/Relu_output_0_DequantizeLinear_Output"], "input": ["/f_branch/conv_lr4x/conv_lr4x.1/Relu_output_0_QuantizeLinear_Output", "/hr_branch/conv_hr2x/conv_hr2x.7/Relu_output_0_scale", "/f_branch/conv_lr4x/conv_lr4x.1/Relu_output_0_zero_point"], "opType": "DequantizeLinear", "comment": "@430 [/f_branch/conv_lr4x/conv_lr4x.1/Relu_output_0_DequantizeLinear_Output:(ty=1,shape=[1,32,128,128])] DequantizeLinear [/f_branch/conv_lr4x/conv_lr4x.1/Relu_output_0_QuantizeLinear_Output:(ty=2,shape=[1,32,128,128]),/hr_branch/conv_hr2x/conv_hr2x.7/Relu_output_0_scale:(ty=1,shape=[]),/f_branch/conv_lr4x/conv_lr4x.1/Relu_output_0_zero_point:(ty=2,shape=[])]", "device": "NPU"}, {"output": ["/f_branch/Resize_1_output_0"], "input": ["/f_branch/conv_lr4x/conv_lr4x.1/Relu_output_0_DequantizeLinear_Output", "VAIP_NOT_EXISTS", "/lr_branch/Constant_output_0"], "opType": "Resize", "comment": "@432 [/f_branch/Resize_1_output_0:(ty=1,shape=[1,32,256,256])] Resize [/f_branch/conv_lr4x/conv_lr4x.1/Relu_output_0_DequantizeLinear_Output:(ty=1,shape=[1,32,128,128]),N/A,/lr_branch/Constant_output_0:(ty=1,shape=[4])]", "device": "NPU"}, {"output": ["/f_branch/Resize_1_output_0_QuantizeLinear_Output"], "input": ["/f_branch/Resize_1_output_0", "/hr_branch/conv_hr2x/conv_hr2x.7/Relu_output_0_scale", "/f_branch/conv_lr4x/conv_lr4x.1/Relu_output_0_zero_point"], "opType": "QuantizeLinear", "comment": "@434 [/f_branch/Resize_1_output_0_QuantizeLinear_Output:(ty=2,shape=[1,32,256,256])] QuantizeLinear [/f_branch/Resize_1_output_0:(ty=1,shape=[1,32,256,256]),/hr_branch/conv_hr2x/conv_hr2x.7/Relu_output_0_scale:(ty=1,shape=[]),/f_branch/conv_lr4x/conv_lr4x.1/Relu_output_0_zero_point:(ty=2,shape=[])]", "device": "NPU"}, {"output": ["/f_branch/Resize_1_output_0_DequantizeLinear_Output"], "input": ["/f_branch/Resize_1_output_0_QuantizeLinear_Output", "/hr_branch/conv_hr2x/conv_hr2x.7/Relu_output_0_scale", "/f_branch/conv_lr4x/conv_lr4x.1/Relu_output_0_zero_point"], "opType": "DequantizeLinear", "comment": "@436 [/f_branch/Resize_1_output_0_DequantizeLinear_Output:(ty=1,shape=[1,32,256,256])] DequantizeLinear [/f_branch/Resize_1_output_0_QuantizeLinear_Output:(ty=2,shape=[1,32,256,256]),/hr_branch/conv_hr2x/conv_hr2x.7/Relu_output_0_scale:(ty=1,shape=[]),/f_branch/conv_lr4x/conv_lr4x.1/Relu_output_0_zero_point:(ty=2,shape=[])]", "device": "NPU"}, {"output": ["/f_branch/Concat_output_0"], "input": ["/f_branch/Resize_1_output_0_DequantizeLinear_Output", "/hr_branch/conv_hr2x/conv_hr2x.7/Relu_output_0_DequantizeLinear_Output"], "opType": "Concat", "comment": "@467 [/f_branch/Concat_output_0:(ty=1,shape=[1,64,256,256])] Concat [/f_branch/Resize_1_output_0_DequantizeLinear_Output:(ty=1,shape=[1,32,256,256]),/hr_branch/conv_hr2x/conv_hr2x.7/Relu_output_0_DequantizeLinear_Output:(ty=1,shape=[1,32,256,256])]", "device": "NPU"}, {"output": ["/f_branch/Concat_output_0_QuantizeLinear_Output"], "input": ["/f_branch/Concat_output_0", "/hr_branch/conv_hr2x/conv_hr2x.7/Relu_output_0_scale", "/f_branch/Concat_output_0_zero_point"], "opType": "QuantizeLinear", "comment": "@468 [/f_branch/Concat_output_0_QuantizeLinear_Output:(ty=2,shape=[1,64,256,256])] QuantizeLinear [/f_branch/Concat_output_0:(ty=1,shape=[1,64,256,256]),/hr_branch/conv_hr2x/conv_hr2x.7/Relu_output_0_scale:(ty=1,shape=[]),/f_branch/Concat_output_0_zero_point:(ty=2,shape=[])]", "device": "NPU"}, {"output": ["/f_branch/Concat_output_0_DequantizeLinear_Output"], "input": ["/f_branch/Concat_output_0_QuantizeLinear_Output", "/hr_branch/conv_hr2x/conv_hr2x.7/Relu_output_0_scale", "/f_branch/Concat_output_0_zero_point"], "opType": "DequantizeLinear", "comment": "@469 [/f_branch/Concat_output_0_DequantizeLinear_Output:(ty=1,shape=[1,64,256,256])] DequantizeLinear [/f_branch/Concat_output_0_QuantizeLinear_Output:(ty=2,shape=[1,64,256,256]),/hr_branch/conv_hr2x/conv_hr2x.7/Relu_output_0_scale:(ty=1,shape=[]),/f_branch/Concat_output_0_zero_point:(ty=2,shape=[])]", "device": "NPU"}, {"output": ["f_branch.conv_f2x.0.weight_DequantizeLinear_Output"], "input": ["f_branch.conv_f2x.0.weight_quantized", "onnx::Conv_758_scale", "f_branch.conv_f2x.0.weight_zero_point"], "opType": "DequantizeLinear", "comment": "@5 [f_branch.conv_f2x.0.weight_DequantizeLinear_Output:(ty=1,shape=[32,64,3,3])] DequantizeLinear [f_branch.conv_f2x.0.weight_quantized:(ty=3,shape=[32,64,3,3]),onnx::Conv_758_scale:(ty=1,shape=[]),f_branch.conv_f2x.0.weight_zero_point:(ty=3,shape=[])]", "device": "NPU"}, {"output": ["f_branch.conv_f2x.0.bias_DequantizeLinear_Output"], "input": ["f_branch.conv_f2x.0.bias_quantized", "onnx::Conv_674_scale", "f_branch.conv_f2x.0.bias_zero_point"], "opType": "DequantizeLinear", "comment": "@4 [f_branch.conv_f2x.0.bias_DequantizeLinear_Output:(ty=1,shape=[32])] DequantizeLinear [f_branch.conv_f2x.0.bias_quantized:(ty=3,shape=[32]),onnx::Conv_674_scale:(ty=1,shape=[]),f_branch.conv_f2x.0.bias_zero_point:(ty=3,shape=[])]", "device": "NPU"}, {"output": ["/f_branch/conv_f2x/conv_f2x.0/Conv_output_0"], "input": ["/f_branch/Concat_output_0_DequantizeLinear_Output", "f_branch.conv_f2x.0.weight_DequantizeLinear_Output", "f_branch.conv_f2x.0.bias_DequantizeLinear_Output"], "opType": "Conv", "comment": "@470 [/f_branch/conv_f2x/conv_f2x.0/Conv_output_0:(ty=1,shape=[1,32,256,256])] Conv [/f_branch/Concat_output_0_DequantizeLinear_Output:(ty=1,shape=[1,64,256,256]),f_branch.conv_f2x.0.weight_DequantizeLinear_Output:(ty=1,shape=[32,64,3,3]),f_branch.conv_f2x.0.bias_DequantizeLinear_Output:(ty=1,shape=[32])]", "device": "NPU"}, {"output": ["/f_branch/conv_f2x/conv_f2x.1/Relu_output_0"], "input": ["/f_branch/conv_f2x/conv_f2x.0/Conv_output_0"], "opType": "Relu", "comment": "@471 [/f_branch/conv_f2x/conv_f2x.1/Relu_output_0:(ty=1,shape=[1,32,256,256])] Relu [/f_branch/conv_f2x/conv_f2x.0/Conv_output_0:(ty=1,shape=[1,32,256,256])]", "device": "NPU"}, {"output": ["/f_branch/conv_f2x/conv_f2x.1/Relu_output_0_QuantizeLinear_Output"], "input": ["/f_branch/conv_f2x/conv_f2x.1/Relu_output_0", "input_scale", "/f_branch/conv_f2x/conv_f2x.1/Relu_output_0_zero_point"], "opType": "QuantizeLinear", "comment": "@472 [/f_branch/conv_f2x/conv_f2x.1/Relu_output_0_QuantizeLinear_Output:(ty=2,shape=[1,32,256,256])] QuantizeLinear [/f_branch/conv_f2x/conv_f2x.1/Relu_output_0:(ty=1,shape=[1,32,256,256]),input_scale:(ty=1,shape=[]),/f_branch/conv_f2x/conv_f2x.1/Relu_output_0_zero_point:(ty=2,shape=[])]", "device": "NPU"}, {"output": ["/f_branch/conv_f2x/conv_f2x.1/Relu_output_0_DequantizeLinear_Output"], "input": ["/f_branch/conv_f2x/conv_f2x.1/Relu_output_0_QuantizeLinear_Output", "input_scale", "/f_branch/conv_f2x/conv_f2x.1/Relu_output_0_zero_point"], "opType": "DequantizeLinear", "comment": "@473 [/f_branch/conv_f2x/conv_f2x.1/Relu_output_0_DequantizeLinear_Output:(ty=1,shape=[1,32,256,256])] DequantizeLinear [/f_branch/conv_f2x/conv_f2x.1/Relu_output_0_QuantizeLinear_Output:(ty=2,shape=[1,32,256,256]),input_scale:(ty=1,shape=[]),/f_branch/conv_f2x/conv_f2x.1/Relu_output_0_zero_point:(ty=2,shape=[])]", "device": "NPU"}, {"output": ["/f_branch/Resize_2_output_0"], "input": ["/f_branch/conv_f2x/conv_f2x.1/Relu_output_0_DequantizeLinear_Output", "VAIP_NOT_EXISTS", "/lr_branch/Constant_output_0"], "opType": "Resize", "comment": "@474 [/f_branch/Resize_2_output_0:(ty=1,shape=[1,32,512,512])] Resize [/f_branch/conv_f2x/conv_f2x.1/Relu_output_0_DequantizeLinear_Output:(ty=1,shape=[1,32,256,256]),N/A,/lr_branch/Constant_output_0:(ty=1,shape=[4])]", "device": "NPU"}, {"output": ["/f_branch/Resize_2_output_0_QuantizeLinear_Output"], "input": ["/f_branch/Resize_2_output_0", "input_scale", "/f_branch/conv_f2x/conv_f2x.1/Relu_output_0_zero_point"], "opType": "QuantizeLinear", "comment": "@475 [/f_branch/Resize_2_output_0_QuantizeLinear_Output:(ty=2,shape=[1,32,512,512])] QuantizeLinear [/f_branch/Resize_2_output_0:(ty=1,shape=[1,32,512,512]),input_scale:(ty=1,shape=[]),/f_branch/conv_f2x/conv_f2x.1/Relu_output_0_zero_point:(ty=2,shape=[])]", "device": "NPU"}, {"output": ["/f_branch/Resize_2_output_0_DequantizeLinear_Output"], "input": ["/f_branch/Resize_2_output_0_QuantizeLinear_Output", "input_scale", "/f_branch/conv_f2x/conv_f2x.1/Relu_output_0_zero_point"], "opType": "DequantizeLinear", "comment": "@476 [/f_branch/Resize_2_output_0_DequantizeLinear_Output:(ty=1,shape=[1,32,512,512])] DequantizeLinear [/f_branch/Resize_2_output_0_QuantizeLinear_Output:(ty=2,shape=[1,32,512,512]),input_scale:(ty=1,shape=[]),/f_branch/conv_f2x/conv_f2x.1/Relu_output_0_zero_point:(ty=2,shape=[])]", "device": "NPU"}, {"output": ["/f_branch/Concat_1_output_0"], "input": ["/f_branch/Resize_2_output_0_DequantizeLinear_Output", "input_DequantizeLinear_Output/duplicated_token_2"], "opType": "Concat", "comment": "@477 [/f_branch/Concat_1_output_0:(ty=1,shape=[1,35,512,512])] Concat [/f_branch/Resize_2_output_0_DequantizeLinear_Output:(ty=1,shape=[1,32,512,512]),input_DequantizeLinear_Output/duplicated_token_2:(ty=1,shape=[1,3,512,512])]", "device": "NPU"}, {"output": ["/f_branch/Concat_1_output_0_QuantizeLinear_Output"], "input": ["/f_branch/Concat_1_output_0", "input_scale", "/f_branch/Concat_1_output_0_zero_point"], "opType": "QuantizeLinear", "comment": "@478 [/f_branch/Concat_1_output_0_QuantizeLinear_Output:(ty=2,shape=[1,35,512,512])] QuantizeLinear [/f_branch/Concat_1_output_0:(ty=1,shape=[1,35,512,512]),input_scale:(ty=1,shape=[]),/f_branch/Concat_1_output_0_zero_point:(ty=2,shape=[])]", "device": "NPU"}, {"output": ["/f_branch/Concat_1_output_0_DequantizeLinear_Output"], "input": ["/f_branch/Concat_1_output_0_QuantizeLinear_Output", "input_scale", "/f_branch/Concat_1_output_0_zero_point"], "opType": "DequantizeLinear", "comment": "@479 [/f_branch/Concat_1_output_0_DequantizeLinear_Output:(ty=1,shape=[1,35,512,512])] DequantizeLinear [/f_branch/Concat_1_output_0_QuantizeLinear_Output:(ty=2,shape=[1,35,512,512]),input_scale:(ty=1,shape=[]),/f_branch/Concat_1_output_0_zero_point:(ty=2,shape=[])]", "device": "NPU"}, {"output": ["f_branch.conv_f.0.weight_DequantizeLinear_Output"], "input": ["f_branch.conv_f.0.weight_quantized", "onnx::Conv_674_scale", "f_branch.conv_f.0.weight_zero_point"], "opType": "DequantizeLinear", "comment": "@1 [f_branch.conv_f.0.weight_DequantizeLinear_Output:(ty=1,shape=[16,35,3,3])] DequantizeLinear [f_branch.conv_f.0.weight_quantized:(ty=3,shape=[16,35,3,3]),onnx::Conv_674_scale:(ty=1,shape=[]),f_branch.conv_f.0.weight_zero_point:(ty=3,shape=[])]", "device": "NPU"}, {"output": ["f_branch.conv_f.0.bias_DequantizeLinear_Output"], "input": ["f_branch.conv_f.0.bias_quantized", "onnx::Conv_683_scale", "f_branch.conv_f.0.bias_zero_point"], "opType": "DequantizeLinear", "comment": "@0 [f_branch.conv_f.0.bias_DequantizeLinear_Output:(ty=1,shape=[16])] DequantizeLinear [f_branch.conv_f.0.bias_quantized:(ty=3,shape=[16]),onnx::Conv_683_scale:(ty=1,shape=[]),f_branch.conv_f.0.bias_zero_point:(ty=3,shape=[])]", "device": "NPU"}, {"output": ["/f_branch/conv_f/conv_f.0/Conv_output_0"], "input": ["/f_branch/Concat_1_output_0_DequantizeLinear_Output", "f_branch.conv_f.0.weight_DequantizeLinear_Output", "f_branch.conv_f.0.bias_DequantizeLinear_Output"], "opType": "Conv", "comment": "@480 [/f_branch/conv_f/conv_f.0/Conv_output_0:(ty=1,shape=[1,16,512,512])] Conv [/f_branch/Concat_1_output_0_DequantizeLinear_Output:(ty=1,shape=[1,35,512,512]),f_branch.conv_f.0.weight_DequantizeLinear_Output:(ty=1,shape=[16,35,3,3]),f_branch.conv_f.0.bias_DequantizeLinear_Output:(ty=1,shape=[16])]", "device": "NPU"}, {"output": ["/f_branch/conv_f/conv_f.1/Relu_output_0"], "input": ["/f_branch/conv_f/conv_f.0/Conv_output_0"], "opType": "Relu", "comment": "@481 [/f_branch/conv_f/conv_f.1/Relu_output_0:(ty=1,shape=[1,16,512,512])] Relu [/f_branch/conv_f/conv_f.0/Conv_output_0:(ty=1,shape=[1,16,512,512])]", "device": "NPU"}, {"output": ["/f_branch/conv_f/conv_f.1/Relu_output_0_QuantizeLinear_Output"], "input": ["/f_branch/conv_f/conv_f.1/Relu_output_0", "onnx::Conv_662_scale", "/f_branch/conv_f/conv_f.1/Relu_output_0_zero_point"], "opType": "QuantizeLinear", "comment": "@482 [/f_branch/conv_f/conv_f.1/Relu_output_0_QuantizeLinear_Output:(ty=2,shape=[1,16,512,512])] QuantizeLinear [/f_branch/conv_f/conv_f.1/Relu_output_0:(ty=1,shape=[1,16,512,512]),onnx::Conv_662_scale:(ty=1,shape=[]),/f_branch/conv_f/conv_f.1/Relu_output_0_zero_point:(ty=2,shape=[])]", "device": "NPU"}, {"output": ["/f_branch/conv_f/conv_f.1/Relu_output_0_DequantizeLinear_Output"], "input": ["/f_branch/conv_f/conv_f.1/Relu_output_0_QuantizeLinear_Output", "onnx::Conv_662_scale", "/f_branch/conv_f/conv_f.1/Relu_output_0_zero_point"], "opType": "DequantizeLinear", "comment": "@483 [/f_branch/conv_f/conv_f.1/Relu_output_0_DequantizeLinear_Output:(ty=1,shape=[1,16,512,512])] DequantizeLinear [/f_branch/conv_f/conv_f.1/Relu_output_0_QuantizeLinear_Output:(ty=2,shape=[1,16,512,512]),onnx::Conv_662_scale:(ty=1,shape=[]),/f_branch/conv_f/conv_f.1/Relu_output_0_zero_point:(ty=2,shape=[])]", "device": "NPU"}, {"output": ["f_branch.conv_f.2.weight_DequantizeLinear_Output"], "input": ["f_branch.conv_f.2.weight_quantized", "onnx::Conv_683_scale", "f_branch.conv_f.2.weight_zero_point"], "opType": "DequantizeLinear", "comment": "@3 [f_branch.conv_f.2.weight_DequantizeLinear_Output:(ty=1,shape=[1,16,1,1])] DequantizeLinear [f_branch.conv_f.2.weight_quantized:(ty=3,shape=[1,16,1,1]),onnx::Conv_683_scale:(ty=1,shape=[]),f_branch.conv_f.2.weight_zero_point:(ty=3,shape=[])]", "device": "NPU"}, {"output": ["f_branch.conv_f.2.bias_DequantizeLinear_Output"], "input": ["f_branch.conv_f.2.bias_quantized", "onnx::Conv_722_scale", "f_branch.conv_f.2.bias_zero_point"], "opType": "DequantizeLinear", "comment": "@2 [f_branch.conv_f.2.bias_DequantizeLinear_Output:(ty=1,shape=[1])] DequantizeLinear [f_branch.conv_f.2.bias_quantized:(ty=3,shape=[1]),onnx::Conv_722_scale:(ty=1,shape=[]),f_branch.conv_f.2.bias_zero_point:(ty=3,shape=[])]", "device": "NPU"}, {"output": ["logits_QuantizeLinear_Input"], "input": ["/f_branch/conv_f/conv_f.1/Relu_output_0_DequantizeLinear_Output", "f_branch.conv_f.2.weight_DequantizeLinear_Output", "f_branch.conv_f.2.bias_DequantizeLinear_Output"], "opType": "Conv", "comment": "@484 [logits_QuantizeLinear_Input:(ty=1,shape=[1,1,512,512])] Conv [/f_branch/conv_f/conv_f.1/Relu_output_0_DequantizeLinear_Output:(ty=1,shape=[1,16,512,512]),f_branch.conv_f.2.weight_DequantizeLinear_Output:(ty=1,shape=[1,16,1,1]),f_branch.conv_f.2.bias_DequantizeLinear_Output:(ty=1,shape=[1])]", "device": "NPU"}, {"output": ["logits_QuantizeLinear_Output"], "input": ["logits_QuantizeLinear_Input", "logits_scale", "logits_zero_point"], "opType": "QuantizeLinear", "comment": "@485 [logits_QuantizeLinear_Output:(ty=2,shape=[1,1,512,512])] QuantizeLinear [logits_QuantizeLinear_Input:(ty=1,shape=[1,1,512,512]),logits_scale:(ty=1,shape=[]),logits_zero_point:(ty=2,shape=[])]", "device": "NPU"}, {"output": ["logits"], "input": ["logits_QuantizeLinear_Output", "logits_scale", "logits_zero_point"], "opType": "DequantizeLinear", "comment": "@486 [logits:(ty=1,shape=[1,1,512,512])] DequantizeLinear [logits_QuantizeLinear_Output:(ty=2,shape=[1,1,512,512]),logits_scale:(ty=1,shape=[]),logits_zero_point:(ty=2,shape=[])]", "device": "CPU"}], "shapeInfo": [{"name": "input_QuantizeLinear_Output", "shape": ["1", "3", "512", "512"]}, {"name": "input_DequantizeLinear_Output/duplicated_token_2", "shape": ["1", "3", "512", "512"]}, {"name": "input_DequantizeLinear_Output/duplicated_token_0", "shape": ["1", "3", "512", "512"]}, {"name": "onnx::Conv_660_DequantizeLinear_Output", "shape": ["32"]}, {"name": "onnx::Conv_659_DequantizeLinear_Output", "shape": ["32", "3", "3", "3"]}, {"name": "/lr_branch/backbone/features.0/features.0.0/Conv_output_0", "shape": ["1", "32", "256", "256"]}, {"name": "/lr_branch/backbone/features.0/features.0.2/Clip_output_0", "shape": ["1", "32", "256", "256"]}, {"name": "/lr_branch/backbone/features.0/features.0.2/Clip_output_0_QuantizeLinear_Output", "shape": ["1", "32", "256", "256"]}, {"name": "/lr_branch/backbone/features.0/features.0.2/Clip_output_0_DequantizeLinear_Output", "shape": ["1", "32", "256", "256"]}, {"name": "onnx::Conv_663_DequantizeLinear_Output", "shape": ["32"]}, {"name": "onnx::Conv_662_DequantizeLinear_Output", "shape": ["32", "1", "3", "3"]}, {"name": "/lr_branch/backbone/features.1/conv/conv.0/Conv_output_0", "shape": ["1", "32", "256", "256"]}, {"name": "/lr_branch/backbone/features.1/conv/conv.2/Clip_output_0", "shape": ["1", "32", "256", "256"]}, {"name": "/lr_branch/backbone/features.1/conv/conv.2/Clip_output_0_QuantizeLinear_Output", "shape": ["1", "32", "256", "256"]}, {"name": "/lr_branch/backbone/features.1/conv/conv.2/Clip_output_0_DequantizeLinear_Output", "shape": ["1", "32", "256", "256"]}, {"name": "onnx::Conv_666_DequantizeLinear_Output", "shape": ["16"]}, {"name": "onnx::Conv_665_DequantizeLinear_Output", "shape": ["16", "32", "1", "1"]}, {"name": "/lr_branch/backbone/features.1/conv/conv.3/Conv_output_0", "shape": ["1", "16", "256", "256"]}, {"name": "/lr_branch/backbone/features.1/conv/conv.3/Conv_output_0_QuantizeLinear_Output", "shape": ["1", "16", "256", "256"]}, {"name": "/lr_branch/backbone/features.1/conv/conv.3/Conv_output_0_DequantizeLinear_Output/duplicated", "shape": ["1", "16", "256", "256"]}, {"name": "hr_branch.tohr_enc2x.0.weight_DequantizeLinear_Output", "shape": ["32", "16", "1", "1"]}, {"name": "hr_branch.tohr_enc2x.0.bias_DequantizeLinear_Output", "shape": ["32"]}, {"name": "/hr_branch/tohr_enc2x/tohr_enc2x.0/Conv_output_0", "shape": ["1", "32", "256", "256"]}, {"name": "/hr_branch/tohr_enc2x/tohr_enc2x.1/Relu_output_0", "shape": ["1", "32", "256", "256"]}, {"name": "/hr_branch/tohr_enc2x/tohr_enc2x.1/Relu_output_0_QuantizeLinear_Output", "shape": ["1", "32", "256", "256"]}, {"name": "/hr_branch/tohr_enc2x/tohr_enc2x.1/Relu_output_0_DequantizeLinear_Output/duplicated", "shape": ["1", "32", "256", "256"]}, {"name": "/lr_branch/backbone/features.1/conv/conv.3/Conv_output_0_DequantizeLinear_Output", "shape": ["1", "16", "256", "256"]}, {"name": "onnx::Conv_669_DequantizeLinear_Output", "shape": ["96"]}, {"name": "onnx::Conv_668_DequantizeLinear_Output", "shape": ["96", "16", "1", "1"]}, {"name": "/lr_branch/backbone/features.2/conv/conv.0/Conv_output_0", "shape": ["1", "96", "256", "256"]}, {"name": "/lr_branch/backbone/features.2/conv/conv.2/Clip_output_0", "shape": ["1", "96", "256", "256"]}, {"name": "/lr_branch/backbone/features.2/conv/conv.2/Clip_output_0_QuantizeLinear_Output", "shape": ["1", "96", "256", "256"]}, {"name": "/lr_branch/backbone/features.2/conv/conv.2/Clip_output_0_DequantizeLinear_Output", "shape": ["1", "96", "256", "256"]}, {"name": "onnx::Conv_672_DequantizeLinear_Output", "shape": ["96"]}, {"name": "onnx::Conv_671_DequantizeLinear_Output", "shape": ["96", "1", "3", "3"]}, {"name": "/lr_branch/backbone/features.2/conv/conv.3/Conv_output_0", "shape": ["1", "96", "128", "128"]}, {"name": "/lr_branch/backbone/features.2/conv/conv.5/Clip_output_0", "shape": ["1", "96", "128", "128"]}, {"name": "/lr_branch/backbone/features.2/conv/conv.5/Clip_output_0_QuantizeLinear_Output", "shape": ["1", "96", "128", "128"]}, {"name": "/lr_branch/backbone/features.2/conv/conv.5/Clip_output_0_DequantizeLinear_Output", "shape": ["1", "96", "128", "128"]}, {"name": "onnx::Conv_675_DequantizeLinear_Output", "shape": ["24"]}, {"name": "onnx::Conv_674_DequantizeLinear_Output", "shape": ["24", "96", "1", "1"]}, {"name": "/lr_branch/backbone/features.2/conv/conv.6/Conv_output_0", "shape": ["1", "24", "128", "128"]}, {"name": "/lr_branch/backbone/features.2/conv/conv.6/Conv_output_0_QuantizeLinear_Output", "shape": ["1", "24", "128", "128"]}, {"name": "/lr_branch/backbone/features.2/conv/conv.6/Conv_output_0_DequantizeLinear_Output/duplicated", "shape": ["1", "24", "128", "128"]}, {"name": "/lr_branch/backbone/features.2/conv/conv.6/Conv_output_0_DequantizeLinear_Output", "shape": ["1", "24", "128", "128"]}, {"name": "onnx::Conv_678_DequantizeLinear_Output", "shape": ["144"]}, {"name": "onnx::Conv_677_DequantizeLinear_Output", "shape": ["144", "24", "1", "1"]}, {"name": "/lr_branch/backbone/features.3/conv/conv.0/Conv_output_0", "shape": ["1", "144", "128", "128"]}, {"name": "/lr_branch/backbone/features.3/conv/conv.2/Clip_output_0", "shape": ["1", "144", "128", "128"]}, {"name": "/lr_branch/backbone/features.3/conv/conv.2/Clip_output_0_QuantizeLinear_Output", "shape": ["1", "144", "128", "128"]}, {"name": "/lr_branch/backbone/features.3/conv/conv.2/Clip_output_0_DequantizeLinear_Output", "shape": ["1", "144", "128", "128"]}, {"name": "onnx::Conv_681_DequantizeLinear_Output", "shape": ["144"]}, {"name": "onnx::Conv_680_DequantizeLinear_Output", "shape": ["144", "1", "3", "3"]}, {"name": "/lr_branch/backbone/features.3/conv/conv.3/Conv_output_0", "shape": ["1", "144", "128", "128"]}, {"name": "/lr_branch/backbone/features.3/conv/conv.5/Clip_output_0", "shape": ["1", "144", "128", "128"]}, {"name": "/lr_branch/backbone/features.3/conv/conv.5/Clip_output_0_QuantizeLinear_Output", "shape": ["1", "144", "128", "128"]}, {"name": "/lr_branch/backbone/features.3/conv/conv.5/Clip_output_0_DequantizeLinear_Output", "shape": ["1", "144", "128", "128"]}, {"name": "onnx::Conv_684_DequantizeLinear_Output", "shape": ["24"]}, {"name": "onnx::Conv_683_DequantizeLinear_Output", "shape": ["24", "144", "1", "1"]}, {"name": "/lr_branch/backbone/features.3/conv/conv.6/Conv_output_0", "shape": ["1", "24", "128", "128"]}, {"name": "/lr_branch/backbone/features.3/conv/conv.6/Conv_output_0_QuantizeLinear_Output", "shape": ["1", "24", "128", "128"]}, {"name": "/lr_branch/backbone/features.3/conv/conv.6/Conv_output_0_DequantizeLinear_Output", "shape": ["1", "24", "128", "128"]}, {"name": "/lr_branch/backbone/features.3/Add_output_0", "shape": ["1", "24", "128", "128"]}, {"name": "/lr_branch/backbone/features.3/Add_output_0_QuantizeLinear_Output", "shape": ["1", "24", "128", "128"]}, {"name": "/lr_branch/backbone/features.3/Add_output_0_DequantizeLinear_Output", "shape": ["1", "24", "128", "128"]}, {"name": "onnx::Conv_687_DequantizeLinear_Output", "shape": ["144"]}, {"name": "onnx::Conv_686_DequantizeLinear_Output", "shape": ["144", "24", "1", "1"]}, {"name": "/lr_branch/backbone/features.4/conv/conv.0/Conv_output_0", "shape": ["1", "144", "128", "128"]}, {"name": "/lr_branch/backbone/features.4/conv/conv.2/Clip_output_0", "shape": ["1", "144", "128", "128"]}, {"name": "/lr_branch/backbone/features.4/conv/conv.2/Clip_output_0_QuantizeLinear_Output", "shape": ["1", "144", "128", "128"]}, {"name": "/lr_branch/backbone/features.4/conv/conv.2/Clip_output_0_DequantizeLinear_Output", "shape": ["1", "144", "128", "128"]}, {"name": "onnx::Conv_690_DequantizeLinear_Output", "shape": ["144"]}, {"name": "onnx::Conv_689_DequantizeLinear_Output", "shape": ["144", "1", "3", "3"]}, {"name": "/lr_branch/backbone/features.4/conv/conv.3/Conv_output_0", "shape": ["1", "144", "64", "64"]}, {"name": "/lr_branch/backbone/features.4/conv/conv.5/Clip_output_0", "shape": ["1", "144", "64", "64"]}, {"name": "/lr_branch/backbone/features.4/conv/conv.5/Clip_output_0_QuantizeLinear_Output", "shape": ["1", "144", "64", "64"]}, {"name": "/lr_branch/backbone/features.4/conv/conv.5/Clip_output_0_DequantizeLinear_Output", "shape": ["1", "144", "64", "64"]}, {"name": "onnx::Conv_693_DequantizeLinear_Output", "shape": ["32"]}, {"name": "onnx::Conv_692_DequantizeLinear_Output", "shape": ["32", "144", "1", "1"]}, {"name": "/lr_branch/backbone/features.4/conv/conv.6/Conv_output_0", "shape": ["1", "32", "64", "64"]}, {"name": "/lr_branch/backbone/features.4/conv/conv.6/Conv_output_0_QuantizeLinear_Output", "shape": ["1", "32", "64", "64"]}, {"name": "/lr_branch/backbone/features.4/conv/conv.6/Conv_output_0_DequantizeLinear_Output/duplicated", "shape": ["1", "32", "64", "64"]}, {"name": "/lr_branch/backbone/features.4/conv/conv.6/Conv_output_0_DequantizeLinear_Output", "shape": ["1", "32", "64", "64"]}, {"name": "onnx::Conv_696_DequantizeLinear_Output", "shape": ["192"]}, {"name": "onnx::Conv_695_DequantizeLinear_Output", "shape": ["192", "32", "1", "1"]}, {"name": "/lr_branch/backbone/features.5/conv/conv.0/Conv_output_0", "shape": ["1", "192", "64", "64"]}, {"name": "/lr_branch/backbone/features.5/conv/conv.2/Clip_output_0", "shape": ["1", "192", "64", "64"]}, {"name": "/lr_branch/backbone/features.5/conv/conv.2/Clip_output_0_QuantizeLinear_Output", "shape": ["1", "192", "64", "64"]}, {"name": "/lr_branch/backbone/features.5/conv/conv.2/Clip_output_0_DequantizeLinear_Output", "shape": ["1", "192", "64", "64"]}, {"name": "onnx::Conv_699_DequantizeLinear_Output", "shape": ["192"]}, {"name": "onnx::Conv_698_DequantizeLinear_Output", "shape": ["192", "1", "3", "3"]}, {"name": "/lr_branch/backbone/features.5/conv/conv.3/Conv_output_0", "shape": ["1", "192", "64", "64"]}, {"name": "/lr_branch/backbone/features.5/conv/conv.5/Clip_output_0", "shape": ["1", "192", "64", "64"]}, {"name": "/lr_branch/backbone/features.5/conv/conv.5/Clip_output_0_QuantizeLinear_Output", "shape": ["1", "192", "64", "64"]}, {"name": "/lr_branch/backbone/features.5/conv/conv.5/Clip_output_0_DequantizeLinear_Output", "shape": ["1", "192", "64", "64"]}, {"name": "onnx::Conv_702_DequantizeLinear_Output", "shape": ["32"]}, {"name": "onnx::Conv_701_DequantizeLinear_Output", "shape": ["32", "192", "1", "1"]}, {"name": "/lr_branch/backbone/features.5/conv/conv.6/Conv_output_0", "shape": ["1", "32", "64", "64"]}, {"name": "/lr_branch/backbone/features.5/conv/conv.6/Conv_output_0_QuantizeLinear_Output", "shape": ["1", "32", "64", "64"]}, {"name": "/lr_branch/backbone/features.5/conv/conv.6/Conv_output_0_DequantizeLinear_Output", "shape": ["1", "32", "64", "64"]}, {"name": "/lr_branch/backbone/features.5/Add_output_0", "shape": ["1", "32", "64", "64"]}, {"name": "/lr_branch/backbone/features.5/Add_output_0_QuantizeLinear_Output", "shape": ["1", "32", "64", "64"]}, {"name": "/lr_branch/backbone/features.5/Add_output_0_DequantizeLinear_Output/duplicated", "shape": ["1", "32", "64", "64"]}, {"name": "/lr_branch/backbone/features.5/Add_output_0_DequantizeLinear_Output", "shape": ["1", "32", "64", "64"]}, {"name": "onnx::Conv_705_DequantizeLinear_Output", "shape": ["192"]}, {"name": "onnx::Conv_704_DequantizeLinear_Output", "shape": ["192", "32", "1", "1"]}, {"name": "/lr_branch/backbone/features.6/conv/conv.0/Conv_output_0", "shape": ["1", "192", "64", "64"]}, {"name": "/lr_branch/backbone/features.6/conv/conv.2/Clip_output_0", "shape": ["1", "192", "64", "64"]}, {"name": "/lr_branch/backbone/features.6/conv/conv.2/Clip_output_0_QuantizeLinear_Output", "shape": ["1", "192", "64", "64"]}, {"name": "/lr_branch/backbone/features.6/conv/conv.2/Clip_output_0_DequantizeLinear_Output", "shape": ["1", "192", "64", "64"]}, {"name": "onnx::Conv_708_DequantizeLinear_Output", "shape": ["192"]}, {"name": "onnx::Conv_707_DequantizeLinear_Output", "shape": ["192", "1", "3", "3"]}, {"name": "/lr_branch/backbone/features.6/conv/conv.3/Conv_output_0", "shape": ["1", "192", "64", "64"]}, {"name": "/lr_branch/backbone/features.6/conv/conv.5/Clip_output_0", "shape": ["1", "192", "64", "64"]}, {"name": "/lr_branch/backbone/features.6/conv/conv.5/Clip_output_0_QuantizeLinear_Output", "shape": ["1", "192", "64", "64"]}, {"name": "/lr_branch/backbone/features.6/conv/conv.5/Clip_output_0_DequantizeLinear_Output", "shape": ["1", "192", "64", "64"]}, {"name": "onnx::Conv_711_DequantizeLinear_Output", "shape": ["32"]}, {"name": "onnx::Conv_710_DequantizeLinear_Output", "shape": ["32", "192", "1", "1"]}, {"name": "/lr_branch/backbone/features.6/conv/conv.6/Conv_output_0", "shape": ["1", "32", "64", "64"]}, {"name": "/lr_branch/backbone/features.6/conv/conv.6/Conv_output_0_QuantizeLinear_Output", "shape": ["1", "32", "64", "64"]}, {"name": "/lr_branch/backbone/features.6/conv/conv.6/Conv_output_0_DequantizeLinear_Output", "shape": ["1", "32", "64", "64"]}, {"name": "/lr_branch/backbone/features.6/Add_output_0", "shape": ["1", "32", "64", "64"]}, {"name": "/lr_branch/backbone/features.6/Add_output_0_QuantizeLinear_Output", "shape": ["1", "32", "64", "64"]}, {"name": "/lr_branch/backbone/features.6/Add_output_0_DequantizeLinear_Output", "shape": ["1", "32", "64", "64"]}, {"name": "onnx::Conv_714_DequantizeLinear_Output", "shape": ["192"]}, {"name": "onnx::Conv_713_DequantizeLinear_Output", "shape": ["192", "32", "1", "1"]}, {"name": "/lr_branch/backbone/features.7/conv/conv.0/Conv_output_0", "shape": ["1", "192", "64", "64"]}, {"name": "/lr_branch/backbone/features.7/conv/conv.2/Clip_output_0", "shape": ["1", "192", "64", "64"]}, {"name": "/lr_branch/backbone/features.7/conv/conv.2/Clip_output_0_QuantizeLinear_Output", "shape": ["1", "192", "64", "64"]}, {"name": "/lr_branch/backbone/features.7/conv/conv.2/Clip_output_0_DequantizeLinear_Output", "shape": ["1", "192", "64", "64"]}, {"name": "onnx::Conv_717_DequantizeLinear_Output", "shape": ["192"]}, {"name": "onnx::Conv_716_DequantizeLinear_Output", "shape": ["192", "1", "3", "3"]}, {"name": "/lr_branch/backbone/features.7/conv/conv.3/Conv_output_0", "shape": ["1", "192", "32", "32"]}, {"name": "/lr_branch/backbone/features.7/conv/conv.5/Clip_output_0", "shape": ["1", "192", "32", "32"]}, {"name": "/lr_branch/backbone/features.7/conv/conv.5/Clip_output_0_QuantizeLinear_Output", "shape": ["1", "192", "32", "32"]}, {"name": "/lr_branch/backbone/features.7/conv/conv.5/Clip_output_0_DequantizeLinear_Output", "shape": ["1", "192", "32", "32"]}, {"name": "onnx::Conv_720_DequantizeLinear_Output", "shape": ["64"]}, {"name": "onnx::Conv_719_DequantizeLinear_Output", "shape": ["64", "192", "1", "1"]}, {"name": "/lr_branch/backbone/features.7/conv/conv.6/Conv_output_0", "shape": ["1", "64", "32", "32"]}, {"name": "/lr_branch/backbone/features.7/conv/conv.6/Conv_output_0_QuantizeLinear_Output", "shape": ["1", "64", "32", "32"]}, {"name": "/lr_branch/backbone/features.7/conv/conv.6/Conv_output_0_DequantizeLinear_Output/duplicated", "shape": ["1", "64", "32", "32"]}, {"name": "/lr_branch/backbone/features.7/conv/conv.6/Conv_output_0_DequantizeLinear_Output", "shape": ["1", "64", "32", "32"]}, {"name": "onnx::Conv_723_DequantizeLinear_Output", "shape": ["384"]}, {"name": "onnx::Conv_722_DequantizeLinear_Output", "shape": ["384", "64", "1", "1"]}, {"name": "/lr_branch/backbone/features.8/conv/conv.0/Conv_output_0", "shape": ["1", "384", "32", "32"]}, {"name": "/lr_branch/backbone/features.8/conv/conv.2/Clip_output_0", "shape": ["1", "384", "32", "32"]}, {"name": "/lr_branch/backbone/features.8/conv/conv.2/Clip_output_0_QuantizeLinear_Output", "shape": ["1", "384", "32", "32"]}, {"name": "/lr_branch/backbone/features.8/conv/conv.2/Clip_output_0_DequantizeLinear_Output", "shape": ["1", "384", "32", "32"]}, {"name": "onnx::Conv_726_DequantizeLinear_Output", "shape": ["384"]}, {"name": "onnx::Conv_725_DequantizeLinear_Output", "shape": ["384", "1", "3", "3"]}, {"name": "/lr_branch/backbone/features.8/conv/conv.3/Conv_output_0", "shape": ["1", "384", "32", "32"]}, {"name": "/lr_branch/backbone/features.8/conv/conv.5/Clip_output_0", "shape": ["1", "384", "32", "32"]}, {"name": "/lr_branch/backbone/features.8/conv/conv.5/Clip_output_0_QuantizeLinear_Output", "shape": ["1", "384", "32", "32"]}, {"name": "/lr_branch/backbone/features.8/conv/conv.5/Clip_output_0_DequantizeLinear_Output", "shape": ["1", "384", "32", "32"]}, {"name": "onnx::Conv_729_DequantizeLinear_Output", "shape": ["64"]}, {"name": "onnx::Conv_728_DequantizeLinear_Output", "shape": ["64", "384", "1", "1"]}, {"name": "/lr_branch/backbone/features.8/conv/conv.6/Conv_output_0", "shape": ["1", "64", "32", "32"]}, {"name": "/lr_branch/backbone/features.8/conv/conv.6/Conv_output_0_QuantizeLinear_Output", "shape": ["1", "64", "32", "32"]}, {"name": "/lr_branch/backbone/features.8/conv/conv.6/Conv_output_0_DequantizeLinear_Output", "shape": ["1", "64", "32", "32"]}, {"name": "/lr_branch/backbone/features.8/Add_output_0", "shape": ["1", "64", "32", "32"]}, {"name": "/lr_branch/backbone/features.8/Add_output_0_QuantizeLinear_Output", "shape": ["1", "64", "32", "32"]}, {"name": "/lr_branch/backbone/features.8/Add_output_0_DequantizeLinear_Output/duplicated", "shape": ["1", "64", "32", "32"]}, {"name": "/lr_branch/backbone/features.8/Add_output_0_DequantizeLinear_Output", "shape": ["1", "64", "32", "32"]}, {"name": "onnx::Conv_732_DequantizeLinear_Output", "shape": ["384"]}, {"name": "onnx::Conv_731_DequantizeLinear_Output", "shape": ["384", "64", "1", "1"]}, {"name": "/lr_branch/backbone/features.9/conv/conv.0/Conv_output_0", "shape": ["1", "384", "32", "32"]}, {"name": "/lr_branch/backbone/features.9/conv/conv.2/Clip_output_0", "shape": ["1", "384", "32", "32"]}, {"name": "/lr_branch/backbone/features.9/conv/conv.2/Clip_output_0_QuantizeLinear_Output", "shape": ["1", "384", "32", "32"]}, {"name": "/lr_branch/backbone/features.9/conv/conv.2/Clip_output_0_DequantizeLinear_Output", "shape": ["1", "384", "32", "32"]}, {"name": "onnx::Conv_735_DequantizeLinear_Output", "shape": ["384"]}, {"name": "onnx::Conv_734_DequantizeLinear_Output", "shape": ["384", "1", "3", "3"]}, {"name": "/lr_branch/backbone/features.9/conv/conv.3/Conv_output_0", "shape": ["1", "384", "32", "32"]}, {"name": "/lr_branch/backbone/features.9/conv/conv.5/Clip_output_0", "shape": ["1", "384", "32", "32"]}, {"name": "/lr_branch/backbone/features.9/conv/conv.5/Clip_output_0_QuantizeLinear_Output", "shape": ["1", "384", "32", "32"]}, {"name": "/lr_branch/backbone/features.9/conv/conv.5/Clip_output_0_DequantizeLinear_Output", "shape": ["1", "384", "32", "32"]}, {"name": "onnx::Conv_738_DequantizeLinear_Output", "shape": ["64"]}, {"name": "onnx::Conv_737_DequantizeLinear_Output", "shape": ["64", "384", "1", "1"]}, {"name": "/lr_branch/backbone/features.9/conv/conv.6/Conv_output_0", "shape": ["1", "64", "32", "32"]}, {"name": "/lr_branch/backbone/features.9/conv/conv.6/Conv_output_0_QuantizeLinear_Output", "shape": ["1", "64", "32", "32"]}, {"name": "/lr_branch/backbone/features.9/conv/conv.6/Conv_output_0_DequantizeLinear_Output", "shape": ["1", "64", "32", "32"]}, {"name": "/lr_branch/backbone/features.9/Add_output_0", "shape": ["1", "64", "32", "32"]}, {"name": "/lr_branch/backbone/features.9/Add_output_0_QuantizeLinear_Output", "shape": ["1", "64", "32", "32"]}, {"name": "/lr_branch/backbone/features.9/Add_output_0_DequantizeLinear_Output/duplicated", "shape": ["1", "64", "32", "32"]}, {"name": "/lr_branch/backbone/features.9/Add_output_0_DequantizeLinear_Output", "shape": ["1", "64", "32", "32"]}, {"name": "onnx::Conv_741_DequantizeLinear_Output", "shape": ["384"]}, {"name": "onnx::Conv_740_DequantizeLinear_Output", "shape": ["384", "64", "1", "1"]}, {"name": "/lr_branch/backbone/features.10/conv/conv.0/Conv_output_0", "shape": ["1", "384", "32", "32"]}, {"name": "/lr_branch/backbone/features.10/conv/conv.2/Clip_output_0", "shape": ["1", "384", "32", "32"]}, {"name": "/lr_branch/backbone/features.10/conv/conv.2/Clip_output_0_QuantizeLinear_Output", "shape": ["1", "384", "32", "32"]}, {"name": "/lr_branch/backbone/features.10/conv/conv.2/Clip_output_0_DequantizeLinear_Output", "shape": ["1", "384", "32", "32"]}, {"name": "onnx::Conv_744_DequantizeLinear_Output", "shape": ["384"]}, {"name": "onnx::Conv_743_DequantizeLinear_Output", "shape": ["384", "1", "3", "3"]}, {"name": "/lr_branch/backbone/features.10/conv/conv.3/Conv_output_0", "shape": ["1", "384", "32", "32"]}, {"name": "/lr_branch/backbone/features.10/conv/conv.5/Clip_output_0", "shape": ["1", "384", "32", "32"]}, {"name": "/lr_branch/backbone/features.10/conv/conv.5/Clip_output_0_QuantizeLinear_Output", "shape": ["1", "384", "32", "32"]}, {"name": "/lr_branch/backbone/features.10/conv/conv.5/Clip_output_0_DequantizeLinear_Output", "shape": ["1", "384", "32", "32"]}, {"name": "onnx::Conv_747_DequantizeLinear_Output", "shape": ["64"]}, {"name": "onnx::Conv_746_DequantizeLinear_Output", "shape": ["64", "384", "1", "1"]}, {"name": "/lr_branch/backbone/features.10/conv/conv.6/Conv_output_0", "shape": ["1", "64", "32", "32"]}, {"name": "/lr_branch/backbone/features.10/conv/conv.6/Conv_output_0_QuantizeLinear_Output", "shape": ["1", "64", "32", "32"]}, {"name": "/lr_branch/backbone/features.10/conv/conv.6/Conv_output_0_DequantizeLinear_Output", "shape": ["1", "64", "32", "32"]}, {"name": "/lr_branch/backbone/features.10/Add_output_0", "shape": ["1", "64", "32", "32"]}, {"name": "/lr_branch/backbone/features.10/Add_output_0_QuantizeLinear_Output", "shape": ["1", "64", "32", "32"]}, {"name": "/lr_branch/backbone/features.10/Add_output_0_DequantizeLinear_Output", "shape": ["1", "64", "32", "32"]}, {"name": "onnx::Conv_750_DequantizeLinear_Output", "shape": ["384"]}, {"name": "onnx::Conv_749_DequantizeLinear_Output", "shape": ["384", "64", "1", "1"]}, {"name": "/lr_branch/backbone/features.11/conv/conv.0/Conv_output_0", "shape": ["1", "384", "32", "32"]}, {"name": "/lr_branch/backbone/features.11/conv/conv.2/Clip_output_0", "shape": ["1", "384", "32", "32"]}, {"name": "/lr_branch/backbone/features.11/conv/conv.2/Clip_output_0_QuantizeLinear_Output", "shape": ["1", "384", "32", "32"]}, {"name": "/lr_branch/backbone/features.11/conv/conv.2/Clip_output_0_DequantizeLinear_Output", "shape": ["1", "384", "32", "32"]}, {"name": "onnx::Conv_753_DequantizeLinear_Output", "shape": ["384"]}, {"name": "onnx::Conv_752_DequantizeLinear_Output", "shape": ["384", "1", "3", "3"]}, {"name": "/lr_branch/backbone/features.11/conv/conv.3/Conv_output_0", "shape": ["1", "384", "32", "32"]}, {"name": "/lr_branch/backbone/features.11/conv/conv.5/Clip_output_0", "shape": ["1", "384", "32", "32"]}, {"name": "/lr_branch/backbone/features.11/conv/conv.5/Clip_output_0_QuantizeLinear_Output", "shape": ["1", "384", "32", "32"]}, {"name": "/lr_branch/backbone/features.11/conv/conv.5/Clip_output_0_DequantizeLinear_Output", "shape": ["1", "384", "32", "32"]}, {"name": "onnx::Conv_756_DequantizeLinear_Output", "shape": ["96"]}, {"name": "onnx::Conv_755_DequantizeLinear_Output", "shape": ["96", "384", "1", "1"]}, {"name": "/lr_branch/backbone/features.11/conv/conv.6/Conv_output_0", "shape": ["1", "96", "32", "32"]}, {"name": "/lr_branch/backbone/features.11/conv/conv.6/Conv_output_0_QuantizeLinear_Output", "shape": ["1", "96", "32", "32"]}, {"name": "/lr_branch/backbone/features.11/conv/conv.6/Conv_output_0_DequantizeLinear_Output/duplicated", "shape": ["1", "96", "32", "32"]}, {"name": "/lr_branch/backbone/features.11/conv/conv.6/Conv_output_0_DequantizeLinear_Output", "shape": ["1", "96", "32", "32"]}, {"name": "onnx::Conv_759_DequantizeLinear_Output", "shape": ["576"]}, {"name": "onnx::Conv_758_DequantizeLinear_Output", "shape": ["576", "96", "1", "1"]}, {"name": "/lr_branch/backbone/features.12/conv/conv.0/Conv_output_0", "shape": ["1", "576", "32", "32"]}, {"name": "/lr_branch/backbone/features.12/conv/conv.2/Clip_output_0", "shape": ["1", "576", "32", "32"]}, {"name": "/lr_branch/backbone/features.12/conv/conv.2/Clip_output_0_QuantizeLinear_Output", "shape": ["1", "576", "32", "32"]}, {"name": "/lr_branch/backbone/features.12/conv/conv.2/Clip_output_0_DequantizeLinear_Output", "shape": ["1", "576", "32", "32"]}, {"name": "onnx::Conv_762_DequantizeLinear_Output", "shape": ["576"]}, {"name": "onnx::Conv_761_DequantizeLinear_Output", "shape": ["576", "1", "3", "3"]}, {"name": "/lr_branch/backbone/features.12/conv/conv.3/Conv_output_0", "shape": ["1", "576", "32", "32"]}, {"name": "/lr_branch/backbone/features.12/conv/conv.5/Clip_output_0", "shape": ["1", "576", "32", "32"]}, {"name": "/lr_branch/backbone/features.12/conv/conv.5/Clip_output_0_QuantizeLinear_Output", "shape": ["1", "576", "32", "32"]}, {"name": "/lr_branch/backbone/features.12/conv/conv.5/Clip_output_0_DequantizeLinear_Output", "shape": ["1", "576", "32", "32"]}, {"name": "onnx::Conv_765_DequantizeLinear_Output", "shape": ["96"]}, {"name": "onnx::Conv_764_DequantizeLinear_Output", "shape": ["96", "576", "1", "1"]}, {"name": "/lr_branch/backbone/features.12/conv/conv.6/Conv_output_0", "shape": ["1", "96", "32", "32"]}, {"name": "/lr_branch/backbone/features.12/conv/conv.6/Conv_output_0_QuantizeLinear_Output", "shape": ["1", "96", "32", "32"]}, {"name": "/lr_branch/backbone/features.12/conv/conv.6/Conv_output_0_DequantizeLinear_Output", "shape": ["1", "96", "32", "32"]}, {"name": "/lr_branch/backbone/features.12/Add_output_0", "shape": ["1", "96", "32", "32"]}, {"name": "/lr_branch/backbone/features.12/Add_output_0_QuantizeLinear_Output", "shape": ["1", "96", "32", "32"]}, {"name": "/lr_branch/backbone/features.12/Add_output_0_DequantizeLinear_Output/duplicated", "shape": ["1", "96", "32", "32"]}, {"name": "/lr_branch/backbone/features.12/Add_output_0_DequantizeLinear_Output", "shape": ["1", "96", "32", "32"]}, {"name": "onnx::Conv_768_DequantizeLinear_Output", "shape": ["576"]}, {"name": "onnx::Conv_767_DequantizeLinear_Output", "shape": ["576", "96", "1", "1"]}, {"name": "/lr_branch/backbone/features.13/conv/conv.0/Conv_output_0", "shape": ["1", "576", "32", "32"]}, {"name": "/lr_branch/backbone/features.13/conv/conv.2/Clip_output_0", "shape": ["1", "576", "32", "32"]}, {"name": "/lr_branch/backbone/features.13/conv/conv.2/Clip_output_0_QuantizeLinear_Output", "shape": ["1", "576", "32", "32"]}, {"name": "/lr_branch/backbone/features.13/conv/conv.2/Clip_output_0_DequantizeLinear_Output", "shape": ["1", "576", "32", "32"]}, {"name": "onnx::Conv_771_DequantizeLinear_Output", "shape": ["576"]}, {"name": "onnx::Conv_770_DequantizeLinear_Output", "shape": ["576", "1", "3", "3"]}, {"name": "/lr_branch/backbone/features.13/conv/conv.3/Conv_output_0", "shape": ["1", "576", "32", "32"]}, {"name": "/lr_branch/backbone/features.13/conv/conv.5/Clip_output_0", "shape": ["1", "576", "32", "32"]}, {"name": "/lr_branch/backbone/features.13/conv/conv.5/Clip_output_0_QuantizeLinear_Output", "shape": ["1", "576", "32", "32"]}, {"name": "/lr_branch/backbone/features.13/conv/conv.5/Clip_output_0_DequantizeLinear_Output", "shape": ["1", "576", "32", "32"]}, {"name": "onnx::Conv_774_DequantizeLinear_Output", "shape": ["96"]}, {"name": "onnx::Conv_773_DequantizeLinear_Output", "shape": ["96", "576", "1", "1"]}, {"name": "/lr_branch/backbone/features.13/conv/conv.6/Conv_output_0", "shape": ["1", "96", "32", "32"]}, {"name": "/lr_branch/backbone/features.13/conv/conv.6/Conv_output_0_QuantizeLinear_Output", "shape": ["1", "96", "32", "32"]}, {"name": "/lr_branch/backbone/features.13/conv/conv.6/Conv_output_0_DequantizeLinear_Output", "shape": ["1", "96", "32", "32"]}, {"name": "/lr_branch/backbone/features.13/Add_output_0", "shape": ["1", "96", "32", "32"]}, {"name": "/lr_branch/backbone/features.13/Add_output_0_QuantizeLinear_Output", "shape": ["1", "96", "32", "32"]}, {"name": "/lr_branch/backbone/features.13/Add_output_0_DequantizeLinear_Output", "shape": ["1", "96", "32", "32"]}, {"name": "onnx::Conv_777_DequantizeLinear_Output", "shape": ["576"]}, {"name": "onnx::Conv_776_DequantizeLinear_Output", "shape": ["576", "96", "1", "1"]}, {"name": "/lr_branch/backbone/features.14/conv/conv.0/Conv_output_0", "shape": ["1", "576", "32", "32"]}, {"name": "/lr_branch/backbone/features.14/conv/conv.2/Clip_output_0", "shape": ["1", "576", "32", "32"]}, {"name": "/lr_branch/backbone/features.14/conv/conv.2/Clip_output_0_QuantizeLinear_Output", "shape": ["1", "576", "32", "32"]}, {"name": "/lr_branch/backbone/features.14/conv/conv.2/Clip_output_0_DequantizeLinear_Output", "shape": ["1", "576", "32", "32"]}, {"name": "onnx::Conv_780_DequantizeLinear_Output", "shape": ["576"]}, {"name": "onnx::Conv_779_DequantizeLinear_Output", "shape": ["576", "1", "3", "3"]}, {"name": "/lr_branch/backbone/features.14/conv/conv.3/Conv_output_0", "shape": ["1", "576", "16", "16"]}, {"name": "/lr_branch/backbone/features.14/conv/conv.5/Clip_output_0", "shape": ["1", "576", "16", "16"]}, {"name": "/lr_branch/backbone/features.14/conv/conv.5/Clip_output_0_QuantizeLinear_Output", "shape": ["1", "576", "16", "16"]}, {"name": "/lr_branch/backbone/features.14/conv/conv.5/Clip_output_0_DequantizeLinear_Output", "shape": ["1", "576", "16", "16"]}, {"name": "onnx::Conv_783_DequantizeLinear_Output", "shape": ["160"]}, {"name": "onnx::Conv_782_DequantizeLinear_Output", "shape": ["160", "576", "1", "1"]}, {"name": "/lr_branch/backbone/features.14/conv/conv.6/Conv_output_0", "shape": ["1", "160", "16", "16"]}, {"name": "/lr_branch/backbone/features.14/conv/conv.6/Conv_output_0_QuantizeLinear_Output", "shape": ["1", "160", "16", "16"]}, {"name": "/lr_branch/backbone/features.14/conv/conv.6/Conv_output_0_DequantizeLinear_Output/duplicated", "shape": ["1", "160", "16", "16"]}, {"name": "/lr_branch/backbone/features.14/conv/conv.6/Conv_output_0_DequantizeLinear_Output", "shape": ["1", "160", "16", "16"]}, {"name": "onnx::Conv_786_DequantizeLinear_Output", "shape": ["960"]}, {"name": "onnx::Conv_785_DequantizeLinear_Output", "shape": ["960", "160", "1", "1"]}, {"name": "/lr_branch/backbone/features.15/conv/conv.0/Conv_output_0", "shape": ["1", "960", "16", "16"]}, {"name": "/lr_branch/backbone/features.15/conv/conv.2/Clip_output_0", "shape": ["1", "960", "16", "16"]}, {"name": "/lr_branch/backbone/features.15/conv/conv.2/Clip_output_0_QuantizeLinear_Output", "shape": ["1", "960", "16", "16"]}, {"name": "/lr_branch/backbone/features.15/conv/conv.2/Clip_output_0_DequantizeLinear_Output", "shape": ["1", "960", "16", "16"]}, {"name": "onnx::Conv_789_DequantizeLinear_Output", "shape": ["960"]}, {"name": "onnx::Conv_788_DequantizeLinear_Output", "shape": ["960", "1", "3", "3"]}, {"name": "/lr_branch/backbone/features.15/conv/conv.3/Conv_output_0", "shape": ["1", "960", "16", "16"]}, {"name": "/lr_branch/backbone/features.15/conv/conv.5/Clip_output_0", "shape": ["1", "960", "16", "16"]}, {"name": "/lr_branch/backbone/features.15/conv/conv.5/Clip_output_0_QuantizeLinear_Output", "shape": ["1", "960", "16", "16"]}, {"name": "/lr_branch/backbone/features.15/conv/conv.5/Clip_output_0_DequantizeLinear_Output", "shape": ["1", "960", "16", "16"]}, {"name": "onnx::Conv_792_DequantizeLinear_Output", "shape": ["160"]}, {"name": "onnx::Conv_791_DequantizeLinear_Output", "shape": ["160", "960", "1", "1"]}, {"name": "/lr_branch/backbone/features.15/conv/conv.6/Conv_output_0", "shape": ["1", "160", "16", "16"]}, {"name": "/lr_branch/backbone/features.15/conv/conv.6/Conv_output_0_QuantizeLinear_Output", "shape": ["1", "160", "16", "16"]}, {"name": "/lr_branch/backbone/features.15/conv/conv.6/Conv_output_0_DequantizeLinear_Output", "shape": ["1", "160", "16", "16"]}, {"name": "/lr_branch/backbone/features.15/Add_output_0", "shape": ["1", "160", "16", "16"]}, {"name": "/lr_branch/backbone/features.15/Add_output_0_QuantizeLinear_Output", "shape": ["1", "160", "16", "16"]}, {"name": "/lr_branch/backbone/features.15/Add_output_0_DequantizeLinear_Output/duplicated", "shape": ["1", "160", "16", "16"]}, {"name": "/lr_branch/backbone/features.15/Add_output_0_DequantizeLinear_Output", "shape": ["1", "160", "16", "16"]}, {"name": "onnx::Conv_795_DequantizeLinear_Output", "shape": ["960"]}, {"name": "onnx::Conv_794_DequantizeLinear_Output", "shape": ["960", "160", "1", "1"]}, {"name": "/lr_branch/backbone/features.16/conv/conv.0/Conv_output_0", "shape": ["1", "960", "16", "16"]}, {"name": "/lr_branch/backbone/features.16/conv/conv.2/Clip_output_0", "shape": ["1", "960", "16", "16"]}, {"name": "/lr_branch/backbone/features.16/conv/conv.2/Clip_output_0_QuantizeLinear_Output", "shape": ["1", "960", "16", "16"]}, {"name": "/lr_branch/backbone/features.16/conv/conv.2/Clip_output_0_DequantizeLinear_Output", "shape": ["1", "960", "16", "16"]}, {"name": "onnx::Conv_798_DequantizeLinear_Output", "shape": ["960"]}, {"name": "onnx::Conv_797_DequantizeLinear_Output", "shape": ["960", "1", "3", "3"]}, {"name": "/lr_branch/backbone/features.16/conv/conv.3/Conv_output_0", "shape": ["1", "960", "16", "16"]}, {"name": "/lr_branch/backbone/features.16/conv/conv.5/Clip_output_0", "shape": ["1", "960", "16", "16"]}, {"name": "/lr_branch/backbone/features.16/conv/conv.5/Clip_output_0_QuantizeLinear_Output", "shape": ["1", "960", "16", "16"]}, {"name": "/lr_branch/backbone/features.16/conv/conv.5/Clip_output_0_DequantizeLinear_Output", "shape": ["1", "960", "16", "16"]}, {"name": "onnx::Conv_801_DequantizeLinear_Output", "shape": ["160"]}, {"name": "onnx::Conv_800_DequantizeLinear_Output", "shape": ["160", "960", "1", "1"]}, {"name": "/lr_branch/backbone/features.16/conv/conv.6/Conv_output_0", "shape": ["1", "160", "16", "16"]}, {"name": "/lr_branch/backbone/features.16/conv/conv.6/Conv_output_0_QuantizeLinear_Output", "shape": ["1", "160", "16", "16"]}, {"name": "/lr_branch/backbone/features.16/conv/conv.6/Conv_output_0_DequantizeLinear_Output", "shape": ["1", "160", "16", "16"]}, {"name": "/lr_branch/backbone/features.16/Add_output_0", "shape": ["1", "160", "16", "16"]}, {"name": "/lr_branch/backbone/features.16/Add_output_0_QuantizeLinear_Output", "shape": ["1", "160", "16", "16"]}, {"name": "/lr_branch/backbone/features.16/Add_output_0_DequantizeLinear_Output", "shape": ["1", "160", "16", "16"]}, {"name": "onnx::Conv_804_DequantizeLinear_Output", "shape": ["960"]}, {"name": "onnx::Conv_803_DequantizeLinear_Output", "shape": ["960", "160", "1", "1"]}, {"name": "/lr_branch/backbone/features.17/conv/conv.0/Conv_output_0", "shape": ["1", "960", "16", "16"]}, {"name": "/lr_branch/backbone/features.17/conv/conv.2/Clip_output_0", "shape": ["1", "960", "16", "16"]}, {"name": "/lr_branch/backbone/features.17/conv/conv.2/Clip_output_0_QuantizeLinear_Output", "shape": ["1", "960", "16", "16"]}, {"name": "/lr_branch/backbone/features.17/conv/conv.2/Clip_output_0_DequantizeLinear_Output", "shape": ["1", "960", "16", "16"]}, {"name": "onnx::Conv_807_DequantizeLinear_Output", "shape": ["960"]}, {"name": "onnx::Conv_806_DequantizeLinear_Output", "shape": ["960", "1", "3", "3"]}, {"name": "/lr_branch/backbone/features.17/conv/conv.3/Conv_output_0", "shape": ["1", "960", "16", "16"]}, {"name": "/lr_branch/backbone/features.17/conv/conv.5/Clip_output_0", "shape": ["1", "960", "16", "16"]}, {"name": "/lr_branch/backbone/features.17/conv/conv.5/Clip_output_0_QuantizeLinear_Output", "shape": ["1", "960", "16", "16"]}, {"name": "/lr_branch/backbone/features.17/conv/conv.5/Clip_output_0_DequantizeLinear_Output", "shape": ["1", "960", "16", "16"]}, {"name": "onnx::Conv_810_DequantizeLinear_Output", "shape": ["320"]}, {"name": "onnx::Conv_809_DequantizeLinear_Output", "shape": ["320", "960", "1", "1"]}, {"name": "/lr_branch/backbone/features.17/conv/conv.6/Conv_output_0", "shape": ["1", "320", "16", "16"]}, {"name": "/lr_branch/backbone/features.17/conv/conv.6/Conv_output_0_QuantizeLinear_Output", "shape": ["1", "320", "16", "16"]}, {"name": "/lr_branch/backbone/features.17/conv/conv.6/Conv_output_0_DequantizeLinear_Output", "shape": ["1", "320", "16", "16"]}, {"name": "onnx::Conv_813_DequantizeLinear_Output", "shape": ["1280"]}, {"name": "onnx::Conv_812_DequantizeLinear_Output", "shape": ["1280", "320", "1", "1"]}, {"name": "/lr_branch/backbone/features.18/features.18.0/Conv_output_0", "shape": ["1", "1280", "16", "16"]}, {"name": "/lr_branch/backbone/features.18/features.18.2/Clip_output_0", "shape": ["1", "1280", "16", "16"]}, {"name": "/lr_branch/backbone/features.18/features.18.2/Clip_output_0_QuantizeLinear_Output", "shape": ["1", "1280", "16", "16"]}, {"name": "/lr_branch/backbone/features.18/features.18.2/Clip_output_0_DequantizeLinear_Output/duplicated", "shape": ["1", "1280", "16", "16"]}, {"name": "/lr_branch/backbone/features.18/features.18.2/Clip_output_0_DequantizeLinear_Output", "shape": ["1", "1280", "16", "16"]}, {"name": "/lr_branch/se_block/pool/GlobalAveragePool_output_0_Mul", "shape": ["1", "1280", "1", "1"]}, {"name": "/lr_branch/se_block/pool/GlobalAveragePool_output_0_QuantizeLinear_Output", "shape": ["1", "1280", "1", "1"]}, {"name": "/lr_branch/se_block/pool/GlobalAveragePool_output_0_DequantizeLinear_Output", "shape": ["1", "1280", "1", "1"]}, {"name": "lr_branch.se_block.fc.0.weight_DequantizeLinear_Output", "shape": ["320", "1280", "1", "1"]}, {"name": "/lr_branch/se_block/fc/fc.0/Conv_output_0", "shape": ["1", "320", "1", "1"]}, {"name": "/lr_branch/se_block/fc/fc.1/Relu_output_0", "shape": ["1", "320", "1", "1"]}, {"name": "/lr_branch/se_block/fc/fc.1/Relu_output_0_QuantizeLinear_Output", "shape": ["1", "320", "1", "1"]}, {"name": "/lr_branch/se_block/fc/fc.1/Relu_output_0_DequantizeLinear_Output", "shape": ["1", "320", "1", "1"]}, {"name": "lr_branch.se_block.fc.2.weight_DequantizeLinear_Output", "shape": ["1280", "320", "1", "1"]}, {"name": "/lr_branch/se_block/fc/fc.2/Conv_output_0", "shape": ["1", "1280", "1", "1"]}, {"name": "/lr_branch/se_block/fc/fc.2/Conv_output_0_QuantizeLinear_Output", "shape": ["1", "1280", "1", "1"]}, {"name": "/lr_branch/se_block/fc/fc.2/Conv_output_0_DequantizeLinear_Output", "shape": ["1", "1280", "1", "1"]}, {"name": "/lr_branch/se_block/fc/fc.3/Sigmoid_output_0_Mul", "shape": ["1", "1280", "1", "1"]}, {"name": "/lr_branch/se_block/fc/fc.3/Sigmoid_output_0", "shape": ["1", "1280", "1", "1"]}, {"name": "/lr_branch/se_block/fc/fc.3/Sigmoid_output_0_QuantizeLinear_Output", "shape": ["1", "1280", "1", "1"]}, {"name": "/lr_branch/se_block/fc/fc.3/Sigmoid_output_0_DequantizeLinear_Output", "shape": ["1", "1280", "1", "1"]}, {"name": "/lr_branch/se_block/Mul_output_0", "shape": ["1", "1280", "16", "16"]}, {"name": "/lr_branch/se_block/Mul_output_0_QuantizeLinear_Output", "shape": ["1", "1280", "16", "16"]}, {"name": "/lr_branch/se_block/Mul_output_0_DequantizeLinear_Output", "shape": ["1", "1280", "16", "16"]}, {"name": "/lr_branch/Resize_output_0", "shape": ["1", "1280", "32", "32"]}, {"name": "/lr_branch/Resize_output_0_QuantizeLinear_Output", "shape": ["1", "1280", "32", "32"]}, {"name": "/lr_branch/Resize_output_0_DequantizeLinear_Output", "shape": ["1", "1280", "32", "32"]}, {"name": "lr_branch.conv_lr16x.0.weight_DequantizeLinear_Output", "shape": ["96", "1280", "5", "5"]}, {"name": "lr_branch.conv_lr16x.0.bias_DequantizeLinear_Output", "shape": ["96"]}, {"name": "/lr_branch/conv_lr16x/conv_lr16x.0/Conv_output_0", "shape": ["1", "96", "32", "32"]}, {"name": "/lr_branch/conv_lr16x/conv_lr16x.1/Relu_output_0", "shape": ["1", "96", "32", "32"]}, {"name": "/lr_branch/conv_lr16x/conv_lr16x.1/Relu_output_0_QuantizeLinear_Output", "shape": ["1", "96", "32", "32"]}, {"name": "/lr_branch/conv_lr16x/conv_lr16x.1/Relu_output_0_DequantizeLinear_Output", "shape": ["1", "96", "32", "32"]}, {"name": "/lr_branch/Resize_1_output_0", "shape": ["1", "96", "64", "64"]}, {"name": "/lr_branch/Resize_1_output_0_QuantizeLinear_Output", "shape": ["1", "96", "64", "64"]}, {"name": "/lr_branch/Resize_1_output_0_DequantizeLinear_Output", "shape": ["1", "96", "64", "64"]}, {"name": "lr_branch.conv_lr8x.0.weight_DequantizeLinear_Output", "shape": ["32", "96", "5", "5"]}, {"name": "lr_branch.conv_lr8x.0.bias_DequantizeLinear_Output", "shape": ["32"]}, {"name": "/lr_branch/conv_lr8x/conv_lr8x.0/Conv_output_0", "shape": ["1", "32", "64", "64"]}, {"name": "/lr_branch/conv_lr8x/conv_lr8x.1/Relu_output_0", "shape": ["1", "32", "64", "64"]}, {"name": "/lr_branch/conv_lr8x/conv_lr8x.1/Relu_output_0_QuantizeLinear_Output", "shape": ["1", "32", "64", "64"]}, {"name": "/lr_branch/conv_lr8x/conv_lr8x.1/Relu_output_0_DequantizeLinear_Output", "shape": ["1", "32", "64", "64"]}, {"name": "/hr_branch/Resize_2_output_0", "shape": ["1", "32", "128", "128"]}, {"name": "/hr_branch/Resize_2_output_0_QuantizeLinear_Output", "shape": ["1", "32", "128", "128"]}, {"name": "/hr_branch/Resize_2_output_0_DequantizeLinear_Output", "shape": ["1", "32", "128", "128"]}, {"name": "/lr_branch/backbone/features.3/Add_output_0_DequantizeLinear_Output/duplicated", "shape": ["1", "24", "128", "128"]}, {"name": "hr_branch.tohr_enc4x.0.weight_DequantizeLinear_Output", "shape": ["32", "24", "1", "1"]}, {"name": "hr_branch.tohr_enc4x.0.bias_DequantizeLinear_Output", "shape": ["32"]}, {"name": "/hr_branch/tohr_enc4x/tohr_enc4x.0/Conv_output_0", "shape": ["1", "32", "128", "128"]}, {"name": "/hr_branch/tohr_enc4x/tohr_enc4x.1/Relu_output_0", "shape": ["1", "32", "128", "128"]}, {"name": "/hr_branch/tohr_enc4x/tohr_enc4x.1/Relu_output_0_QuantizeLinear_Output", "shape": ["1", "32", "128", "128"]}, {"name": "/hr_branch/tohr_enc4x/tohr_enc4x.1/Relu_output_0_DequantizeLinear_Output", "shape": ["1", "32", "128", "128"]}, {"name": "/hr_branch/tohr_enc2x/tohr_enc2x.1/Relu_output_0_DequantizeLinear_Output", "shape": ["1", "32", "256", "256"]}, {"name": "input_DequantizeLinear_Output", "shape": ["1", "3", "512", "512"]}, {"name": "/hr_branch/Resize_output_0", "shape": ["1", "3", "256", "256"]}, {"name": "/hr_branch/Resize_output_0_QuantizeLinear_Output", "shape": ["1", "3", "256", "256"]}, {"name": "/hr_branch/Resize_output_0_DequantizeLinear_Output", "shape": ["1", "3", "256", "256"]}, {"name": "/hr_branch/Concat_output_0", "shape": ["1", "35", "256", "256"]}, {"name": "/hr_branch/Concat_output_0_QuantizeLinear_Output", "shape": ["1", "35", "256", "256"]}, {"name": "/hr_branch/Concat_output_0_DequantizeLinear_Output", "shape": ["1", "35", "256", "256"]}, {"name": "hr_branch.conv_enc2x.0.weight_DequantizeLinear_Output", "shape": ["32", "35", "3", "3"]}, {"name": "hr_branch.conv_enc2x.0.bias_DequantizeLinear_Output", "shape": ["32"]}, {"name": "/hr_branch/conv_enc2x/conv_enc2x.0/Conv_output_0", "shape": ["1", "32", "128", "128"]}, {"name": "/hr_branch/conv_enc2x/conv_enc2x.1/Relu_output_0", "shape": ["1", "32", "128", "128"]}, {"name": "/hr_branch/conv_enc2x/conv_enc2x.1/Relu_output_0_QuantizeLinear_Output", "shape": ["1", "32", "128", "128"]}, {"name": "/hr_branch/conv_enc2x/conv_enc2x.1/Relu_output_0_DequantizeLinear_Output", "shape": ["1", "32", "128", "128"]}, {"name": "/hr_branch/Concat_1_output_0", "shape": ["1", "64", "128", "128"]}, {"name": "/hr_branch/Concat_1_output_0_QuantizeLinear_Output", "shape": ["1", "64", "128", "128"]}, {"name": "/hr_branch/Concat_1_output_0_DequantizeLinear_Output", "shape": ["1", "64", "128", "128"]}, {"name": "hr_branch.conv_enc4x.0.weight_DequantizeLinear_Output", "shape": ["64", "64", "3", "3"]}, {"name": "hr_branch.conv_enc4x.0.bias_DequantizeLinear_Output", "shape": ["64"]}, {"name": "/hr_branch/conv_enc4x/conv_enc4x.0/Conv_output_0", "shape": ["1", "64", "128", "128"]}, {"name": "/hr_branch/conv_enc4x/conv_enc4x.1/Relu_output_0", "shape": ["1", "64", "128", "128"]}, {"name": "/hr_branch/conv_enc4x/conv_enc4x.1/Relu_output_0_QuantizeLinear_Output", "shape": ["1", "64", "128", "128"]}, {"name": "/hr_branch/conv_enc4x/conv_enc4x.1/Relu_output_0_DequantizeLinear_Output", "shape": ["1", "64", "128", "128"]}, {"name": "input_DequantizeLinear_Output/duplicated", "shape": ["1", "3", "512", "512"]}, {"name": "/hr_branch/Resize_1_output_0", "shape": ["1", "3", "128", "128"]}, {"name": "/hr_branch/Resize_1_output_0_QuantizeLinear_Output", "shape": ["1", "3", "128", "128"]}, {"name": "/hr_branch/Resize_1_output_0_DequantizeLinear_Output", "shape": ["1", "3", "128", "128"]}, {"name": "/hr_branch/Concat_2_output_0", "shape": ["1", "99", "128", "128"]}, {"name": "/hr_branch/Concat_2_output_0_QuantizeLinear_Output", "shape": ["1", "99", "128", "128"]}, {"name": "/hr_branch/Concat_2_output_0_DequantizeLinear_Output", "shape": ["1", "99", "128", "128"]}, {"name": "hr_branch.conv_hr4x.0.weight_DequantizeLinear_Output", "shape": ["64", "99", "3", "3"]}, {"name": "hr_branch.conv_hr4x.0.bias_DequantizeLinear_Output", "shape": ["64"]}, {"name": "/hr_branch/conv_hr4x/conv_hr4x.0/Conv_output_0", "shape": ["1", "64", "128", "128"]}, {"name": "/hr_branch/conv_hr4x/conv_hr4x.1/Relu_output_0", "shape": ["1", "64", "128", "128"]}, {"name": "/hr_branch/conv_hr4x/conv_hr4x.1/Relu_output_0_QuantizeLinear_Output", "shape": ["1", "64", "128", "128"]}, {"name": "/hr_branch/conv_hr4x/conv_hr4x.1/Relu_output_0_DequantizeLinear_Output", "shape": ["1", "64", "128", "128"]}, {"name": "hr_branch.conv_hr4x.2.weight_DequantizeLinear_Output", "shape": ["64", "64", "3", "3"]}, {"name": "hr_branch.conv_hr4x.2.bias_DequantizeLinear_Output", "shape": ["64"]}, {"name": "/hr_branch/conv_hr4x/conv_hr4x.2/Conv_output_0", "shape": ["1", "64", "128", "128"]}, {"name": "/hr_branch/conv_hr4x/conv_hr4x.3/Relu_output_0", "shape": ["1", "64", "128", "128"]}, {"name": "/hr_branch/conv_hr4x/conv_hr4x.3/Relu_output_0_QuantizeLinear_Output", "shape": ["1", "64", "128", "128"]}, {"name": "/hr_branch/conv_hr4x/conv_hr4x.3/Relu_output_0_DequantizeLinear_Output", "shape": ["1", "64", "128", "128"]}, {"name": "hr_branch.conv_hr4x.4.weight_DequantizeLinear_Output", "shape": ["32", "64", "3", "3"]}, {"name": "hr_branch.conv_hr4x.4.bias_DequantizeLinear_Output", "shape": ["32"]}, {"name": "/hr_branch/conv_hr4x/conv_hr4x.4/Conv_output_0", "shape": ["1", "32", "128", "128"]}, {"name": "/hr_branch/conv_hr4x/conv_hr4x.5/Relu_output_0", "shape": ["1", "32", "128", "128"]}, {"name": "/hr_branch/conv_hr4x/conv_hr4x.5/Relu_output_0_QuantizeLinear_Output", "shape": ["1", "32", "128", "128"]}, {"name": "/hr_branch/conv_hr4x/conv_hr4x.5/Relu_output_0_DequantizeLinear_Output", "shape": ["1", "32", "128", "128"]}, {"name": "/hr_branch/Resize_3_output_0", "shape": ["1", "32", "256", "256"]}, {"name": "/hr_branch/Resize_3_output_0_QuantizeLinear_Output", "shape": ["1", "32", "256", "256"]}, {"name": "/hr_branch/Resize_3_output_0_DequantizeLinear_Output", "shape": ["1", "32", "256", "256"]}, {"name": "/hr_branch/Concat_3_output_0", "shape": ["1", "64", "256", "256"]}, {"name": "/hr_branch/Concat_3_output_0_QuantizeLinear_Output", "shape": ["1", "64", "256", "256"]}, {"name": "/hr_branch/Concat_3_output_0_DequantizeLinear_Output", "shape": ["1", "64", "256", "256"]}, {"name": "hr_branch.conv_hr2x.0.weight_DequantizeLinear_Output", "shape": ["64", "64", "3", "3"]}, {"name": "hr_branch.conv_hr2x.0.bias_DequantizeLinear_Output", "shape": ["64"]}, {"name": "/hr_branch/conv_hr2x/conv_hr2x.0/Conv_output_0", "shape": ["1", "64", "256", "256"]}, {"name": "/hr_branch/conv_hr2x/conv_hr2x.1/Relu_output_0", "shape": ["1", "64", "256", "256"]}, {"name": "/hr_branch/conv_hr2x/conv_hr2x.1/Relu_output_0_QuantizeLinear_Output", "shape": ["1", "64", "256", "256"]}, {"name": "/hr_branch/conv_hr2x/conv_hr2x.1/Relu_output_0_DequantizeLinear_Output", "shape": ["1", "64", "256", "256"]}, {"name": "hr_branch.conv_hr2x.2.weight_DequantizeLinear_Output", "shape": ["32", "64", "3", "3"]}, {"name": "hr_branch.conv_hr2x.2.bias_DequantizeLinear_Output", "shape": ["32"]}, {"name": "/hr_branch/conv_hr2x/conv_hr2x.2/Conv_output_0", "shape": ["1", "32", "256", "256"]}, {"name": "/hr_branch/conv_hr2x/conv_hr2x.3/Relu_output_0", "shape": ["1", "32", "256", "256"]}, {"name": "/hr_branch/conv_hr2x/conv_hr2x.3/Relu_output_0_QuantizeLinear_Output", "shape": ["1", "32", "256", "256"]}, {"name": "/hr_branch/conv_hr2x/conv_hr2x.3/Relu_output_0_DequantizeLinear_Output", "shape": ["1", "32", "256", "256"]}, {"name": "hr_branch.conv_hr2x.4.weight_DequantizeLinear_Output", "shape": ["32", "32", "3", "3"]}, {"name": "hr_branch.conv_hr2x.4.bias_DequantizeLinear_Output", "shape": ["32"]}, {"name": "/hr_branch/conv_hr2x/conv_hr2x.4/Conv_output_0", "shape": ["1", "32", "256", "256"]}, {"name": "/hr_branch/conv_hr2x/conv_hr2x.5/Relu_output_0", "shape": ["1", "32", "256", "256"]}, {"name": "/hr_branch/conv_hr2x/conv_hr2x.5/Relu_output_0_QuantizeLinear_Output", "shape": ["1", "32", "256", "256"]}, {"name": "/hr_branch/conv_hr2x/conv_hr2x.5/Relu_output_0_DequantizeLinear_Output", "shape": ["1", "32", "256", "256"]}, {"name": "hr_branch.conv_hr2x.6.weight_DequantizeLinear_Output", "shape": ["32", "32", "3", "3"]}, {"name": "hr_branch.conv_hr2x.6.bias_DequantizeLinear_Output", "shape": ["32"]}, {"name": "/hr_branch/conv_hr2x/conv_hr2x.6/Conv_output_0", "shape": ["1", "32", "256", "256"]}, {"name": "/hr_branch/conv_hr2x/conv_hr2x.7/Relu_output_0", "shape": ["1", "32", "256", "256"]}, {"name": "/hr_branch/conv_hr2x/conv_hr2x.7/Relu_output_0_QuantizeLinear_Output", "shape": ["1", "32", "256", "256"]}, {"name": "/hr_branch/conv_hr2x/conv_hr2x.7/Relu_output_0_DequantizeLinear_Output", "shape": ["1", "32", "256", "256"]}, {"name": "/hr_branch/Resize_2_output_0_DequantizeLinear_Output/duplicated", "shape": ["1", "32", "128", "128"]}, {"name": "f_branch.conv_lr4x.0.weight_DequantizeLinear_Output", "shape": ["32", "32", "5", "5"]}, {"name": "f_branch.conv_lr4x.0.bias_DequantizeLinear_Output", "shape": ["32"]}, {"name": "/f_branch/conv_lr4x/conv_lr4x.0/Conv_output_0", "shape": ["1", "32", "128", "128"]}, {"name": "/f_branch/conv_lr4x/conv_lr4x.1/Relu_output_0", "shape": ["1", "32", "128", "128"]}, {"name": "/f_branch/conv_lr4x/conv_lr4x.1/Relu_output_0_QuantizeLinear_Output", "shape": ["1", "32", "128", "128"]}, {"name": "/f_branch/conv_lr4x/conv_lr4x.1/Relu_output_0_DequantizeLinear_Output", "shape": ["1", "32", "128", "128"]}, {"name": "/f_branch/Resize_1_output_0", "shape": ["1", "32", "256", "256"]}, {"name": "/f_branch/Resize_1_output_0_QuantizeLinear_Output", "shape": ["1", "32", "256", "256"]}, {"name": "/f_branch/Resize_1_output_0_DequantizeLinear_Output", "shape": ["1", "32", "256", "256"]}, {"name": "/f_branch/Concat_output_0", "shape": ["1", "64", "256", "256"]}, {"name": "/f_branch/Concat_output_0_QuantizeLinear_Output", "shape": ["1", "64", "256", "256"]}, {"name": "/f_branch/Concat_output_0_DequantizeLinear_Output", "shape": ["1", "64", "256", "256"]}, {"name": "f_branch.conv_f2x.0.weight_DequantizeLinear_Output", "shape": ["32", "64", "3", "3"]}, {"name": "f_branch.conv_f2x.0.bias_DequantizeLinear_Output", "shape": ["32"]}, {"name": "/f_branch/conv_f2x/conv_f2x.0/Conv_output_0", "shape": ["1", "32", "256", "256"]}, {"name": "/f_branch/conv_f2x/conv_f2x.1/Relu_output_0", "shape": ["1", "32", "256", "256"]}, {"name": "/f_branch/conv_f2x/conv_f2x.1/Relu_output_0_QuantizeLinear_Output", "shape": ["1", "32", "256", "256"]}, {"name": "/f_branch/conv_f2x/conv_f2x.1/Relu_output_0_DequantizeLinear_Output", "shape": ["1", "32", "256", "256"]}, {"name": "/f_branch/Resize_2_output_0", "shape": ["1", "32", "512", "512"]}, {"name": "/f_branch/Resize_2_output_0_QuantizeLinear_Output", "shape": ["1", "32", "512", "512"]}, {"name": "/f_branch/Resize_2_output_0_DequantizeLinear_Output", "shape": ["1", "32", "512", "512"]}, {"name": "/f_branch/Concat_1_output_0", "shape": ["1", "35", "512", "512"]}, {"name": "/f_branch/Concat_1_output_0_QuantizeLinear_Output", "shape": ["1", "35", "512", "512"]}, {"name": "/f_branch/Concat_1_output_0_DequantizeLinear_Output", "shape": ["1", "35", "512", "512"]}, {"name": "f_branch.conv_f.0.weight_DequantizeLinear_Output", "shape": ["16", "35", "3", "3"]}, {"name": "f_branch.conv_f.0.bias_DequantizeLinear_Output", "shape": ["16"]}, {"name": "/f_branch/conv_f/conv_f.0/Conv_output_0", "shape": ["1", "16", "512", "512"]}, {"name": "/f_branch/conv_f/conv_f.1/Relu_output_0", "shape": ["1", "16", "512", "512"]}, {"name": "/f_branch/conv_f/conv_f.1/Relu_output_0_QuantizeLinear_Output", "shape": ["1", "16", "512", "512"]}, {"name": "/f_branch/conv_f/conv_f.1/Relu_output_0_DequantizeLinear_Output", "shape": ["1", "16", "512", "512"]}, {"name": "f_branch.conv_f.2.weight_DequantizeLinear_Output", "shape": ["1", "16", "1", "1"]}, {"name": "f_branch.conv_f.2.bias_DequantizeLinear_Output", "shape": ["1"]}, {"name": "logits_QuantizeLinear_Input", "shape": ["1", "1", "512", "512"]}, {"name": "logits_QuantizeLinear_Output", "shape": ["1", "1", "512", "512"]}, {"name": "logits", "shape": ["1", "1", "512", "512"]}], "subgraphStat": [{"device": "DPU", "count": 2}]}}
AGREEMENT {"image": "data/modnet_val/000000001000.jpg", "output_sha256": "96489066793aa4a05d30f06440a75d1eefc4c537e07cb56d818caf7cba333193", "cpu": {"exact": false, "close": false, "max_abs": 32.0, "mean_abs": 1.9345855712890625}, "fp32": {"exact": false, "close": false, "max_abs": 44.700857162475586, "mean_abs": 8.622650936240063}, "optimized_cpu_vs_oracle": {"exact": false, "close": false, "max_abs": 20.0, "mean_abs": 1.5236663818359375}, "postprocessed_fp32": {"exact": false, "close": false, "max_abs": 0.9999999999776397, "mean_abs": 0.29199995730019723}, "cut_fp32_vs_stock_postprocessed": {"exact": false, "close": false, "max_abs": 0.9999793693423271, "mean_abs": 0.07201012885114769}}
AGREEMENT {"image": "data/modnet_val/000000025560.jpg", "output_sha256": "9e415180624153eb30bebc03e453f6dc83db942b47ee41a0c71db4dca62831b6", "cpu": {"exact": false, "close": false, "max_abs": 16.0, "mean_abs": 1.1791458129882812}, "fp32": {"exact": false, "close": false, "max_abs": 33.203049659729004, "mean_abs": 4.660296182808395}, "optimized_cpu_vs_oracle": {"exact": false, "close": false, "max_abs": 8.0, "mean_abs": 1.2815399169921875}, "postprocessed_fp32": {"exact": false, "close": false, "max_abs": 0.9999995298369768, "mean_abs": 0.11453618695711844}, "cut_fp32_vs_stock_postprocessed": {"exact": false, "close": false, "max_abs": 0.9983635897515342, "mean_abs": 0.002699327317480616}}
AGREEMENT {"image": "data/modnet_val/000000025603.jpg", "output_sha256": "94a6699886e10035cbe51f08b27a90e73de5a33053c330f026fe1dd751e7b395", "cpu": {"exact": false, "close": false, "max_abs": 28.0, "mean_abs": 3.2630538940429688}, "fp32": {"exact": false, "close": false, "max_abs": 37.51498222351074, "mean_abs": 5.729626354664518}, "optimized_cpu_vs_oracle": {"exact": false, "close": false, "max_abs": 24.0, "mean_abs": 1.6254501342773438}, "postprocessed_fp32": {"exact": false, "close": false, "max_abs": 0.9999998623172228, "mean_abs": 0.16034262258227017}, "cut_fp32_vs_stock_postprocessed": {"exact": false, "close": false, "max_abs": 0.9999998431865507, "mean_abs": 0.11134728705140608}}
HOST_TIMELINE {"elapsed_seconds": 16.203, "tree_rss_bytes": 1471725568, "foreign_peers": []}
AGREEMENT {"image": "data/modnet_val/000000033759.jpg", "output_sha256": "da80cbe06f6c00e9f0263a2155d15cc171baae4e247d962c39a7d224da7846a7", "cpu": {"exact": false, "close": false, "max_abs": 24.0, "mean_abs": 1.301727294921875}, "fp32": {"exact": false, "close": false, "max_abs": 36.91438674926758, "mean_abs": 4.155456597950746}, "optimized_cpu_vs_oracle": {"exact": false, "close": false, "max_abs": 22.0, "mean_abs": 1.5884857177734375}, "postprocessed_fp32": {"exact": false, "close": false, "max_abs": 0.9999999979388465, "mean_abs": 0.09600780940359543}, "cut_fp32_vs_stock_postprocessed": {"exact": false, "close": false, "max_abs": 0.9964058852056041, "mean_abs": 0.003406307341887939}}
AGREEMENT {"image": "data/modnet_val/000000041990.jpg", "output_sha256": "696d5fac5f282477b65322afa6d7ad28bb2898c36d4ed51bb40b529e83c358a8", "cpu": {"exact": false, "close": false, "max_abs": 40.0, "mean_abs": 2.678924560546875}, "fp32": {"exact": false, "close": false, "max_abs": 51.18563270568848, "mean_abs": 6.526328053294037}, "optimized_cpu_vs_oracle": {"exact": false, "close": false, "max_abs": 18.0, "mean_abs": 1.5994644165039062}, "postprocessed_fp32": {"exact": false, "close": false, "max_abs": 0.9999999999625232, "mean_abs": 0.1829353091048735}, "cut_fp32_vs_stock_postprocessed": {"exact": false, "close": false, "max_abs": 0.9999693674453738, "mean_abs": 0.011066317440278063}}
AGREEMENT {"image": "data/modnet_val/000000042102.jpg", "output_sha256": "7c491b26a28907988d6d300eee47345096d608a6c34dbdaf2b010d6d5c1292d8", "cpu": {"exact": false, "close": false, "max_abs": 28.0, "mean_abs": 2.0306015014648438}, "fp32": {"exact": false, "close": false, "max_abs": 53.53737258911133, "mean_abs": 5.16642947367356}, "optimized_cpu_vs_oracle": {"exact": false, "close": false, "max_abs": 16.0, "mean_abs": 1.3874664306640625}, "postprocessed_fp32": {"exact": false, "close": false, "max_abs": 0.9999998012633142, "mean_abs": 0.10009360558944874}, "cut_fp32_vs_stock_postprocessed": {"exact": false, "close": false, "max_abs": 0.9921939487103373, "mean_abs": 0.004827908617950203}}
AGREEMENT {"image": "data/modnet_val/000000050145.jpg", "output_sha256": "ee28e1e372fc09c63a2003ef39a841e3dccc87df09e068b6f8c390344190e9d7", "cpu": {"exact": false, "close": false, "max_abs": 28.0, "mean_abs": 1.9906082153320312}, "fp32": {"exact": false, "close": false, "max_abs": 40.008243560791016, "mean_abs": 5.136244855858749}, "optimized_cpu_vs_oracle": {"exact": false, "close": false, "max_abs": 18.0, "mean_abs": 1.4466171264648438}, "postprocessed_fp32": {"exact": false, "close": false, "max_abs": 0.9999999744951698, "mean_abs": 0.13456941158984934}, "cut_fp32_vs_stock_postprocessed": {"exact": false, "close": false, "max_abs": 0.9999975264058776, "mean_abs": 0.0036461176606417114}}
NPU_TIMELINE "\n-----------------------------\n[003d:00:01.1] : NPU Phoenix\n-----------------------------\nAIE Partitions\n  Total Memory Usage: 179 MB\n  Partition Index   : 0\n    Columns: [1, 2, 3, 4]\n    HW Contexts:\n      |PID                 |Ctx ID     |Submissions |Migrations  |Err  |Priority |\n      |Process Name        |Status     |Completions |Suspensions |     |GOPS     |\n      |Memory Usage        |Instr BO   |            |            |     |FPS      |\n      |                    |           |            |            |     |Latency  |\n      |====================|===========|============|============|=====|=========|\n      |56096               |202        |23          |0           |0    |Normal   |\n      |python.exe          |Active     |22          |0           |     |32       |\n      |179 MB              |4256 KB    |            |            |     |N/A      |\n      |                    |           |            |            |     |N/A      |\n      |--------------------|-----------|------------|------------|-----|---------|\n"
NPU_OWNERSHIP {"context_pids": [56096], "owned_pids": [56096, 60216], "foreign_pids": []}
AGREEMENT {"image": "data/modnet_val/000000050326.jpg", "output_sha256": "a2320b58ea83e584347cb3b0d8df2dac6f2bd04283d7e017e6441e4123fc587c", "cpu": {"exact": false, "close": false, "max_abs": 34.0, "mean_abs": 5.007362365722656}, "fp32": {"exact": false, "close": false, "max_abs": 37.23397636413574, "mean_abs": 6.658905834375105}, "optimized_cpu_vs_oracle": {"exact": false, "close": false, "max_abs": 22.0, "mean_abs": 2.2481231689453125}, "postprocessed_fp32": {"exact": false, "close": false, "max_abs": 0.9999999877725125, "mean_abs": 0.20064227308248403}, "cut_fp32_vs_stock_postprocessed": {"exact": false, "close": false, "max_abs": 0.9988525162043516, "mean_abs": 0.0013059508616174859}}
AGREEMENT {"image": "data/modnet_val/000000058350.jpg", "output_sha256": "faddca5c935d12bdbb612ceccbc392cd5e1d229cdc16323315053c2c4f1cab2c", "cpu": {"exact": false, "close": false, "max_abs": 30.0, "mean_abs": 3.4545516967773438}, "fp32": {"exact": false, "close": false, "max_abs": 81.82204055786133, "mean_abs": 9.78576007106551}, "optimized_cpu_vs_oracle": {"exact": false, "close": false, "max_abs": 22.0, "mean_abs": 1.9751815795898438}, "postprocessed_fp32": {"exact": false, "close": false, "max_abs": 0.9999999991863912, "mean_abs": 0.28272042718181967}, "cut_fp32_vs_stock_postprocessed": {"exact": false, "close": false, "max_abs": 0.9999611958864989, "mean_abs": 0.013272530584485272}}
AGREEMENT {"image": "data/modnet_val/000000066706.jpg", "output_sha256": "bb8cfa89abc1f3b706fa7cc483c6573fc542861df6c51d3946ecb3c243b53511", "cpu": {"exact": false, "close": false, "max_abs": 28.0, "mean_abs": 1.836883544921875}, "fp32": {"exact": false, "close": false, "max_abs": 64.06636810302734, "mean_abs": 12.043910729813675}, "optimized_cpu_vs_oracle": {"exact": false, "close": false, "max_abs": 18.0, "mean_abs": 1.6297378540039062}, "postprocessed_fp32": {"exact": false, "close": false, "max_abs": 0.9999999999565173, "mean_abs": 0.3460788628685382}, "cut_fp32_vs_stock_postprocessed": {"exact": false, "close": false, "max_abs": 0.9999886703444645, "mean_abs": 0.11742549548968627}}
HOST_TIMELINE {"elapsed_seconds": 20.157, "tree_rss_bytes": 1488744448, "foreign_peers": []}
AGREEMENT {"image": "data/modnet_val/000000148508.jpg", "output_sha256": "42b089dc34c51134a318310f8b9c69572999f27d52fbb14c4d1fed032c5f9a74", "cpu": {"exact": false, "close": false, "max_abs": 24.0, "mean_abs": 1.6361160278320312}, "fp32": {"exact": false, "close": false, "max_abs": 32.96464538574219, "mean_abs": 2.608908778271143}, "optimized_cpu_vs_oracle": {"exact": false, "close": false, "max_abs": 22.0, "mean_abs": 1.6027679443359375}, "postprocessed_fp32": {"exact": false, "close": false, "max_abs": 0.9999991581173973, "mean_abs": 0.040877373136769785}, "cut_fp32_vs_stock_postprocessed": {"exact": false, "close": false, "max_abs": 0.9985105966800347, "mean_abs": 0.002403586720774777}}
AGREEMENT {"image": "data/modnet_val/000000156643.jpg", "output_sha256": "6539f97752a59a44b2a740527a1a815abfd3f461fa0c0f1e527955d8fe98112e", "cpu": {"exact": false, "close": false, "max_abs": 26.0, "mean_abs": 1.3422927856445312}, "fp32": {"exact": false, "close": false, "max_abs": 41.93484878540039, "mean_abs": 8.303899229666854}, "optimized_cpu_vs_oracle": {"exact": false, "close": false, "max_abs": 22.0, "mean_abs": 1.4313507080078125}, "postprocessed_fp32": {"exact": false, "close": false, "max_abs": 0.99999991243984, "mean_abs": 0.27441467284180315}, "cut_fp32_vs_stock_postprocessed": {"exact": false, "close": false, "max_abs": 0.9999757935602247, "mean_abs": 0.026630397210359046}}
AGREEMENT {"image": "data/modnet_val/000000164883.jpg", "output_sha256": "f123bdb7c58ed3a1bd3b4310395ee85029b8cf29579c5e858b70f10920c57141", "cpu": {"exact": false, "close": false, "max_abs": 30.0, "mean_abs": 2.8213577270507812}, "fp32": {"exact": false, "close": false, "max_abs": 79.95651626586914, "mean_abs": 12.420425393959945}, "optimized_cpu_vs_oracle": {"exact": false, "close": false, "max_abs": 20.0, "mean_abs": 1.8215789794921875}, "postprocessed_fp32": {"exact": false, "close": false, "max_abs": 0.9999999979388465, "mean_abs": 0.43981157403994625}, "cut_fp32_vs_stock_postprocessed": {"exact": false, "close": false, "max_abs": 0.9998974447419471, "mean_abs": 0.13654151993863528}}
AGREEMENT {"image": "data/modnet_val/000000173008.jpg", "output_sha256": "6a47a062dbe305e5a86af4a0dbacb8843b120f7d2bcf4527e71025ea37a53298", "cpu": {"exact": false, "close": false, "max_abs": 24.0, "mean_abs": 2.0821762084960938}, "fp32": {"exact": false, "close": false, "max_abs": 35.16442680358887, "mean_abs": 6.0591537893663485}, "optimized_cpu_vs_oracle": {"exact": false, "close": false, "max_abs": 16.0, "mean_abs": 1.5246658325195312}, "postprocessed_fp32": {"exact": false, "close": false, "max_abs": 0.9999998655607314, "mean_abs": 0.17337088634034534}, "cut_fp32_vs_stock_postprocessed": {"exact": false, "close": false, "max_abs": 0.9999995992712911, "mean_abs": 0.0647075549225768}}
AGREEMENT {"image": "data/modnet_val/000000181303.jpg", "output_sha256": "c2beb1b276bf87b363be028fea97a3e70b9d86ceff9cece7138d077d41faf553", "cpu": {"exact": false, "close": false, "max_abs": 10.0, "mean_abs": 1.156646728515625}, "fp32": {"exact": false, "close": false, "max_abs": 13.623919308185577, "mean_abs": 2.016580665101401}, "optimized_cpu_vs_oracle": {"exact": false, "close": false, "max_abs": 10.0, "mean_abs": 1.4369430541992188}, "postprocessed_fp32": {"exact": false, "close": false, "max_abs": 0.30122143967582815, "mean_abs": 4.590760321582575e-05}, "cut_fp32_vs_stock_postprocessed": {"exact": false, "close": false, "max_abs": 0.999988015391279, "mean_abs": 0.05925179777933321}}
AGREEMENT {"image": "data/modnet_val/000000189475.jpg", "output_sha256": "99756b828a93e821d772c025dc9c3ae5eb932e40ea630266624b671ef5986cc1", "cpu": {"exact": false, "close": false, "max_abs": 26.0, "mean_abs": 2.53887939453125}, "fp32": {"exact": false, "close": false, "max_abs": 65.60067749023438, "mean_abs": 9.34538473855288}, "optimized_cpu_vs_oracle": {"exact": false, "close": false, "max_abs": 26.0, "mean_abs": 1.6831741333007812}, "postprocessed_fp32": {"exact": false, "close": false, "max_abs": 0.9999999996996667, "mean_abs": 0.32624568108210905}, "cut_fp32_vs_stock_postprocessed": {"exact": false, "close": false, "max_abs": 0.9997375711536733, "mean_abs": 0.01996511596590361}}
NPU_TIMELINE "\n-----------------------------\n[003d:00:01.1] : NPU Phoenix\n-----------------------------\nAIE Partitions\n  Total Memory Usage: 179 MB\n  Partition Index   : 0\n    Columns: [1, 2, 3, 4]\n    HW Contexts:\n      |PID                 |Ctx ID     |Submissions |Migrations  |Err  |Priority |\n      |Process Name        |Status     |Completions |Suspensions |     |GOPS     |\n      |Memory Usage        |Instr BO   |            |            |     |FPS      |\n      |                    |           |            |            |     |Latency  |\n      |====================|===========|============|============|=====|=========|\n      |56096               |202        |51          |0           |0    |Normal   |\n      |python.exe          |Active     |51          |0           |     |32       |\n      |179 MB              |4256 KB    |            |            |     |N/A      |\n      |                    |           |            |            |     |N/A      |\n      |--------------------|-----------|------------|------------|-----|---------|\n"
NPU_OWNERSHIP {"context_pids": [56096], "owned_pids": [56096, 60216], "foreign_pids": []}
AGREEMENT {"image": "data/modnet_val/000000197658.jpg", "output_sha256": "2fe3ff8d3f838c30d4030b0871f5a30999f265f32851e12da0d1976e554a64d8", "cpu": {"exact": false, "close": false, "max_abs": 30.0, "mean_abs": 2.5534133911132812}, "fp32": {"exact": false, "close": false, "max_abs": 35.612422943115234, "mean_abs": 6.852936926981869}, "optimized_cpu_vs_oracle": {"exact": false, "close": false, "max_abs": 22.0, "mean_abs": 1.87322998046875}, "postprocessed_fp32": {"exact": false, "close": false, "max_abs": 0.9999998102883225, "mean_abs": 0.1976478851289214}, "cut_fp32_vs_stock_postprocessed": {"exact": false, "close": false, "max_abs": 0.997306372737512, "mean_abs": 0.0027436666964668517}}
AGREEMENT {"image": "data/modnet_val/000000222118.jpg", "output_sha256": "6a0d5ca8157cde466b546a15298038a3f00558e7a97f098b46a0e3ba18086bef", "cpu": {"exact": false, "close": false, "max_abs": 32.0, "mean_abs": 1.8877334594726562}, "fp32": {"exact": false, "close": false, "max_abs": 32.80356502532959, "mean_abs": 2.571665119738668}, "optimized_cpu_vs_oracle": {"exact": false, "close": false, "max_abs": 10.0, "mean_abs": 1.3324661254882812}, "postprocessed_fp32": {"exact": false, "close": false, "max_abs": 0.9999975628836992, "mean_abs": 0.01131799593578672}, "cut_fp32_vs_stock_postprocessed": {"exact": false, "close": false, "max_abs": 0.2813515216112137, "mean_abs": 0.00024151640937547937}}
AGREEMENT {"image": "data/modnet_val/000000271402.jpg", "output_sha256": "69b8d8da6c820ffc1cd3072e018d7f8295456dd1bc7d415f0cf9abf92ae03d31", "cpu": {"exact": false, "close": false, "max_abs": 28.0, "mean_abs": 2.0025863647460938}, "fp32": {"exact": false, "close": false, "max_abs": 36.06273078918457, "mean_abs": 9.256901454091206}, "optimized_cpu_vs_oracle": {"exact": false, "close": false, "max_abs": 16.0, "mean_abs": 1.5913543701171875}, "postprocessed_fp32": {"exact": false, "close": false, "max_abs": 0.9999996288061519, "mean_abs": 0.33882605036808744}, "cut_fp32_vs_stock_postprocessed": {"exact": false, "close": false, "max_abs": 0.9999898819519331, "mean_abs": 0.007234912664880173}}
HOST_TIMELINE {"elapsed_seconds": 24.235, "tree_rss_bytes": 1495355392, "foreign_peers": []}
AGREEMENT {"image": "data/modnet_val/000000271471.jpg", "output_sha256": "894e5bfc54ccf1f71af04af6452c281fe33eae0e8af6fa9b8d48fc7022ea82af", "cpu": {"exact": false, "close": false, "max_abs": 28.0, "mean_abs": 1.8441696166992188}, "fp32": {"exact": false, "close": false, "max_abs": 35.57815361022949, "mean_abs": 5.258817471319048}, "optimized_cpu_vs_oracle": {"exact": false, "close": false, "max_abs": 24.0, "mean_abs": 1.6906967163085938}, "postprocessed_fp32": {"exact": false, "close": false, "max_abs": 0.9999994452473686, "mean_abs": 0.09467224116119952}, "cut_fp32_vs_stock_postprocessed": {"exact": false, "close": false, "max_abs": 0.9999903413963693, "mean_abs": 0.09464115069773654}}
AGREEMENT {"image": "data/modnet_val/000000304180.jpg", "output_sha256": "b435a67efc88a5868676f1e96bad80d9f99c20e8c180f8a07de98bf1315e6aae", "cpu": {"exact": false, "close": false, "max_abs": 26.0, "mean_abs": 2.4545745849609375}, "fp32": {"exact": false, "close": false, "max_abs": 35.77301025390625, "mean_abs": 6.996192003945723}, "optimized_cpu_vs_oracle": {"exact": false, "close": false, "max_abs": 20.0, "mean_abs": 1.7225341796875}, "postprocessed_fp32": {"exact": false, "close": false, "max_abs": 0.9999994640303385, "mean_abs": 0.2279930935666468}, "cut_fp32_vs_stock_postprocessed": {"exact": false, "close": false, "max_abs": 0.997114956844598, "mean_abs": 0.010828199280770995}}
AGREEMENT {"image": "data/modnet_val/000000312421.jpg", "output_sha256": "b11619603f7f3fee685ea4f2cf4c22ebeb85ab0ead80c11222e3f303b27c66f1", "cpu": {"exact": false, "close": false, "max_abs": 14.0, "mean_abs": 1.3532791137695312}, "fp32": {"exact": false, "close": false, "max_abs": 21.725329399108887, "mean_abs": 1.9394544382854804}, "optimized_cpu_vs_oracle": {"exact": false, "close": false, "max_abs": 10.0, "mean_abs": 1.4024429321289062}, "postprocessed_fp32": {"exact": false, "close": false, "max_abs": 0.9999459970194948, "mean_abs": 0.0040590422948765135}, "cut_fp32_vs_stock_postprocessed": {"exact": false, "close": false, "max_abs": 0.9935919450363144, "mean_abs": 0.0015435900819206088}}
AGREEMENT {"image": "data/modnet_val/000000320490.jpg", "output_sha256": "b5a5e1d279b94108d408767855b498dcfb10948cd78fad0b0a2a4960481fd597", "cpu": {"exact": false, "close": false, "max_abs": 30.0, "mean_abs": 1.4348678588867188}, "fp32": {"exact": false, "close": false, "max_abs": 30.305898666381836, "mean_abs": 3.203835217567587}, "optimized_cpu_vs_oracle": {"exact": false, "close": false, "max_abs": 12.0, "mean_abs": 1.429443359375}, "postprocessed_fp32": {"exact": false, "close": false, "max_abs": 0.9999976452090493, "mean_abs": 0.04177732547020664}, "cut_fp32_vs_stock_postprocessed": {"exact": false, "close": false, "max_abs": 0.9418700374662876, "mean_abs": 0.0019471800666625437}}
AGREEMENT {"image": "data/modnet_val/000000320642.jpg", "output_sha256": "5aa8d53597713827f2cef1af86eb1a98a2376fdf45b15e36bc9bab13422e0247", "cpu": {"exact": false, "close": false, "max_abs": 22.0, "mean_abs": 1.5089111328125}, "fp32": {"exact": false, "close": false, "max_abs": 35.62024116516113, "mean_abs": 8.506455116913969}, "optimized_cpu_vs_oracle": {"exact": false, "close": false, "max_abs": 14.0, "mean_abs": 1.4882278442382812}, "postprocessed_fp32": {"exact": false, "close": false, "max_abs": 0.9999999790281056, "mean_abs": 0.2811740151948387}, "cut_fp32_vs_stock_postprocessed": {"exact": false, "close": false, "max_abs": 0.9998816738552705, "mean_abs": 0.020380746449772058}}
AGREEMENT {"image": "data/modnet_val/000000353180.jpg", "output_sha256": "223d7de3797ec56a62e7da1ec2aca9011ace172620d319a9b2274048f3da233c", "cpu": {"exact": false, "close": false, "max_abs": 26.0, "mean_abs": 1.839324951171875}, "fp32": {"exact": false, "close": false, "max_abs": 15.07397747039795, "mean_abs": 2.2755117808465}, "optimized_cpu_vs_oracle": {"exact": false, "close": false, "max_abs": 12.0, "mean_abs": 1.3836441040039062}, "postprocessed_fp32": {"exact": false, "close": false, "max_abs": 0.3514888262688771, "mean_abs": 7.937610587143633e-05}, "cut_fp32_vs_stock_postprocessed": {"exact": false, "close": false, "max_abs": 0.999922286792696, "mean_abs": 0.01254073166249708}}
AGREEMENT {"image": "data/modnet_val/000000361506.jpg", "output_sha256": "95e17e3bd19c7d0da6f21ed6662e31d7e641184dbefd96f1d5e949621cf145db", "cpu": {"exact": false, "close": false, "max_abs": 8.0, "mean_abs": 1.13604736328125}, "fp32": {"exact": false, "close": false, "max_abs": 12.334486961364746, "mean_abs": 2.713987245810131}, "optimized_cpu_vs_oracle": {"exact": false, "close": false, "max_abs": 8.0, "mean_abs": 1.3820877075195312}, "postprocessed_fp32": {"exact": false, "close": false, "max_abs": 0.0020296820730436593, "mean_abs": 1.6544275946852146e-05}, "cut_fp32_vs_stock_postprocessed": {"exact": false, "close": false, "max_abs": 0.9737456402348101, "mean_abs": 0.0009142024662547701}}
HOST_TIMELINE {"elapsed_seconds": 28.219, "tree_rss_bytes": 1499828224, "foreign_peers": []}
NPU_TIMELINE "\n-----------------------------\n[003d:00:01.1] : NPU Phoenix\n-----------------------------\nAIE Partitions\n  Total Memory Usage: 179 MB\n  Partition Index   : 0\n    Columns: [1, 2, 3, 4]\n    HW Contexts:\n      |PID                 |Ctx ID     |Submissions |Migrations  |Err  |Priority |\n      |Process Name        |Status     |Completions |Suspensions |     |GOPS     |\n      |Memory Usage        |Instr BO   |            |            |     |FPS      |\n      |                    |           |            |            |     |Latency  |\n      |====================|===========|============|============|=====|=========|\n      |56096               |202        |93          |0           |0    |Normal   |\n      |python.exe          |Active     |93          |0           |     |32       |\n      |179 MB              |4256 KB    |            |            |     |N/A      |\n      |                    |           |            |            |     |N/A      |\n      |--------------------|-----------|------------|------------|-----|---------|\n"
NPU_OWNERSHIP {"context_pids": [56096], "owned_pids": [56096, 60216], "foreign_pids": []}
AGREEMENT {"image": "data/modnet_val/000000361551.jpg", "output_sha256": "f30266b1ea46ec2f306e0a8a71c8b5696eeb4699293f3fa227dbf3fa75a9a43d", "cpu": {"exact": false, "close": false, "max_abs": 28.0, "mean_abs": 1.8010787963867188}, "fp32": {"exact": false, "close": false, "max_abs": 28.687440872192383, "mean_abs": 2.473759891852751}, "optimized_cpu_vs_oracle": {"exact": false, "close": false, "max_abs": 12.0, "mean_abs": 1.3095245361328125}, "postprocessed_fp32": {"exact": false, "close": false, "max_abs": 0.9999979770013852, "mean_abs": 0.02950477877308464}, "cut_fp32_vs_stock_postprocessed": {"exact": false, "close": false, "max_abs": 0.9999907578512044, "mean_abs": 0.013270996436621458}}
AGREEMENT {"image": "data/modnet_val/000000361586.jpg", "output_sha256": "2a414101c06c121194c1b356b5abd77b73cf968db4c06c8d7a2a0e6ea37aeacd", "cpu": {"exact": false, "close": false, "max_abs": 26.0, "mean_abs": 1.8046112060546875}, "fp32": {"exact": false, "close": false, "max_abs": 32.004112243652344, "mean_abs": 3.608796104833729}, "optimized_cpu_vs_oracle": {"exact": false, "close": false, "max_abs": 18.0, "mean_abs": 1.5004501342773438}, "postprocessed_fp32": {"exact": false, "close": false, "max_abs": 0.9999994581192766, "mean_abs": 0.07342228608270149}, "cut_fp32_vs_stock_postprocessed": {"exact": false, "close": false, "max_abs": 0.999991258378941, "mean_abs": 0.018261210486854244}}
AGREEMENT {"image": "data/modnet_val/000000394199.jpg", "output_sha256": "63b6232936948a24574970e53c68e503b275e81e2dbb0e73254c0c4e1eb12735", "cpu": {"exact": false, "close": false, "max_abs": 26.0, "mean_abs": 1.6742935180664062}, "fp32": {"exact": false, "close": false, "max_abs": 219.97010803222656, "mean_abs": 11.548341787844777}, "optimized_cpu_vs_oracle": {"exact": false, "close": false, "max_abs": 20.0, "mean_abs": 1.6511001586914062}, "postprocessed_fp32": {"exact": false, "close": false, "max_abs": 0.9999999847700209, "mean_abs": 0.17146558913881685}, "cut_fp32_vs_stock_postprocessed": {"exact": false, "close": false, "max_abs": 0.9998149999009911, "mean_abs": 0.025952184527076747}}
AGREEMENT {"image": "data/modnet_val/000000394206.jpg", "output_sha256": "190cea5e6907390e68d1925ec697dadbf0b7cae0f1631dffdcd1b56ba3d966e0", "cpu": {"exact": false, "close": false, "max_abs": 26.0, "mean_abs": 1.4802703857421875}, "fp32": {"exact": false, "close": false, "max_abs": 31.38522243499756, "mean_abs": 5.117655591469941}, "optimized_cpu_vs_oracle": {"exact": false, "close": false, "max_abs": 16.0, "mean_abs": 1.4885177612304688}, "postprocessed_fp32": {"exact": false, "close": false, "max_abs": 0.9999995135329414, "mean_abs": 0.15026666184560175}, "cut_fp32_vs_stock_postprocessed": {"exact": false, "close": false, "max_abs": 0.9997470191083266, "mean_abs": 0.05677201470244192}}
AGREEMENT {"image": "data/modnet_val/000000410650.jpg", "output_sha256": "37a77f9f7874e1d694114d061fb1a9c073aa160ce19f6ed089e513a57da69cd3", "cpu": {"exact": false, "close": false, "max_abs": 12.0, "mean_abs": 1.0650253295898438}, "fp32": {"exact": false, "close": false, "max_abs": 29.921613693237305, "mean_abs": 3.0188035940484355}, "optimized_cpu_vs_oracle": {"exact": false, "close": false, "max_abs": 8.0, "mean_abs": 1.390625}, "postprocessed_fp32": {"exact": false, "close": false, "max_abs": 0.9999973207280277, "mean_abs": 0.03209612356276827}, "cut_fp32_vs_stock_postprocessed": {"exact": false, "close": false, "max_abs": 0.9990357352071442, "mean_abs": 0.008094856913599568}}
AGREEMENT {"image": "data/modnet_val/000000410735.jpg", "output_sha256": "31727d1ec780b3762bddb7dc582c7528ed24cd3a2664b5da2d5c556172309e9e", "cpu": {"exact": false, "close": false, "max_abs": 32.0, "mean_abs": 3.767425537109375}, "fp32": {"exact": false, "close": false, "max_abs": 35.514869689941406, "mean_abs": 8.113290036425028}, "optimized_cpu_vs_oracle": {"exact": false, "close": false, "max_abs": 22.0, "mean_abs": 1.8132476806640625}, "postprocessed_fp32": {"exact": false, "close": false, "max_abs": 0.9999998717346772, "mean_abs": 0.2944052313147727}, "cut_fp32_vs_stock_postprocessed": {"exact": false, "close": false, "max_abs": 0.9999456077821378, "mean_abs": 0.016000687013900883}}
AGREEMENT {"image": "data/modnet_val/000000427034.jpg", "output_sha256": "8ee718611d982b561ef871fa4be9f5dc7d46af31f9c457daf4a552007110507b", "cpu": {"exact": false, "close": false, "max_abs": 40.0, "mean_abs": 3.7436065673828125}, "fp32": {"exact": false, "close": false, "max_abs": 40.40654182434082, "mean_abs": 7.6295609398893305}, "optimized_cpu_vs_oracle": {"exact": false, "close": false, "max_abs": 24.0, "mean_abs": 2.0666122436523438}, "postprocessed_fp32": {"exact": false, "close": false, "max_abs": 0.999999816362855, "mean_abs": 0.2505005583788012}, "cut_fp32_vs_stock_postprocessed": {"exact": false, "close": false, "max_abs": 0.9999977403082312, "mean_abs": 0.04699550955852119}}
AGREEMENT {"image": "data/modnet_val/000000427077.jpg", "output_sha256": "3abaf72f5997cf843232a6f17c04d5d18e3840feec6d62674a3cd5f5dc228109", "cpu": {"exact": false, "close": false, "max_abs": 50.0, "mean_abs": 6.888175964355469}, "fp32": {"exact": false, "close": false, "max_abs": 58.453646659851074, "mean_abs": 12.573006558006398}, "optimized_cpu_vs_oracle": {"exact": false, "close": false, "max_abs": 22.0, "mean_abs": 2.6944656372070312}, "postprocessed_fp32": {"exact": false, "close": false, "max_abs": 0.9999999802814656, "mean_abs": 0.44332589323251226}, "cut_fp32_vs_stock_postprocessed": {"exact": false, "close": false, "max_abs": 0.7277646015281789, "mean_abs": 0.0006078540035803383}}
HOST_TIMELINE {"elapsed_seconds": 32.157, "tree_rss_bytes": 1505329152, "foreign_peers": []}
AGREEMENT {"image": "data/modnet_val/000000435205.jpg", "output_sha256": "3df0f1ac150b3cf54b6ce5a8184713475efd269630be58604967c02b67628813", "cpu": {"exact": false, "close": false, "max_abs": 28.0, "mean_abs": 2.756378173828125}, "fp32": {"exact": false, "close": false, "max_abs": 54.94733428955078, "mean_abs": 8.561707640824011}, "optimized_cpu_vs_oracle": {"exact": false, "close": false, "max_abs": 24.0, "mean_abs": 2.0796432495117188}, "postprocessed_fp32": {"exact": false, "close": false, "max_abs": 0.9999999997210531, "mean_abs": 0.2227610406290175}, "cut_fp32_vs_stock_postprocessed": {"exact": false, "close": false, "max_abs": 0.9999879374320813, "mean_abs": 0.3014767965076522}}
AGREEMENT {"image": "data/modnet_val/000000435208.jpg", "output_sha256": "bd405009af1632e83a528efed306a39ca4a8e58ed7c1d01ba9740ffa911e4a92", "cpu": {"exact": false, "close": false, "max_abs": 40.0, "mean_abs": 2.9468536376953125}, "fp32": {"exact": false, "close": false, "max_abs": 32.36246967315674, "mean_abs": 6.265068221717712}, "optimized_cpu_vs_oracle": {"exact": false, "close": false, "max_abs": 26.0, "mean_abs": 1.9228515625}, "postprocessed_fp32": {"exact": false, "close": false, "max_abs": 0.9999995765155631, "mean_abs": 0.19190091830205688}, "cut_fp32_vs_stock_postprocessed": {"exact": false, "close": false, "max_abs": 0.9991064491914585, "mean_abs": 0.010301034077922742}}
AGREEMENT {"image": "data/modnet_val/000000443426.jpg", "output_sha256": "c49d6b331655924d5f607fa73f327585857ac32bead2f880042960508f829d51", "cpu": {"exact": false, "close": false, "max_abs": 34.0, "mean_abs": 2.529296875}, "fp32": {"exact": false, "close": false, "max_abs": 40.81918144226074, "mean_abs": 6.02402519296362}, "optimized_cpu_vs_oracle": {"exact": false, "close": false, "max_abs": 18.0, "mean_abs": 1.5604019165039062}, "postprocessed_fp32": {"exact": false, "close": false, "max_abs": 0.9999999992725221, "mean_abs": 0.11160348688336079}, "cut_fp32_vs_stock_postprocessed": {"exact": false, "close": false, "max_abs": 0.9997153943604644, "mean_abs": 0.021369210032983057}}
AGREEMENT {"image": "data/modnet_val/000000451714.jpg", "output_sha256": "dc984c3c520e238fcaa486744fdf2fada9af098c198d8553b6cb4e3df32c3f05", "cpu": {"exact": false, "close": false, "max_abs": 32.0, "mean_abs": 2.78955078125}, "fp32": {"exact": false, "close": false, "max_abs": 34.883503913879395, "mean_abs": 5.658640387072907}, "optimized_cpu_vs_oracle": {"exact": false, "close": false, "max_abs": 20.0, "mean_abs": 1.6328964233398438}, "postprocessed_fp32": {"exact": false, "close": false, "max_abs": 0.9999996846454451, "mean_abs": 0.17066770873497508}, "cut_fp32_vs_stock_postprocessed": {"exact": false, "close": false, "max_abs": 0.9998684140045953, "mean_abs": 0.006518669143672949}}
NPU_TIMELINE "\n-----------------------------\n[003d:00:01.1] : NPU Phoenix\n-----------------------------\nAIE Partitions\n  Total Memory Usage: 179 MB\n  Partition Index   : 0\n    Columns: [1, 2, 3, 4]\n    HW Contexts:\n      |PID                 |Ctx ID     |Submissions |Migrations  |Err  |Priority |\n      |Process Name        |Status     |Completions |Suspensions |     |GOPS     |\n      |Memory Usage        |Instr BO   |            |            |     |FPS      |\n      |                    |           |            |            |     |Latency  |\n      |====================|===========|============|============|=====|=========|\n      |56096               |202        |117         |0           |0    |Normal   |\n      |python.exe          |Active     |117         |0           |     |32       |\n      |179 MB              |4256 KB    |            |            |     |N/A      |\n      |                    |           |            |            |     |N/A      |\n      |--------------------|-----------|------------|------------|-----|---------|\n"
NPU_OWNERSHIP {"context_pids": [56096], "owned_pids": [56096, 60216], "foreign_pids": []}
AGREEMENT {"image": "data/modnet_val/000000476119.jpg", "output_sha256": "c4b82c5fc1b59a8b56eee138db44a49b62e8ee1ad5f0aeff4ccea56679d924db", "cpu": {"exact": false, "close": false, "max_abs": 20.0, "mean_abs": 1.1976318359375}, "fp32": {"exact": false, "close": false, "max_abs": 29.68485450744629, "mean_abs": 4.290120700846586}, "optimized_cpu_vs_oracle": {"exact": false, "close": false, "max_abs": 16.0, "mean_abs": 1.4115524291992188}, "postprocessed_fp32": {"exact": false, "close": false, "max_abs": 0.9999981231461561, "mean_abs": 0.08821101168751283}, "cut_fp32_vs_stock_postprocessed": {"exact": false, "close": false, "max_abs": 0.9994103819190059, "mean_abs": 0.003741549258419783}}
AGREEMENT {"image": "data/modnet_val/000000476258.jpg", "output_sha256": "954bb2da3dd8956a0841add65a539910ce2c2cb8d93d0d22a663093215bbc70a", "cpu": {"exact": false, "close": false, "max_abs": 26.0, "mean_abs": 1.5342178344726562}, "fp32": {"exact": false, "close": false, "max_abs": 31.527548789978027, "mean_abs": 5.586362790014505}, "optimized_cpu_vs_oracle": {"exact": false, "close": false, "max_abs": 22.0, "mean_abs": 1.3720169067382812}, "postprocessed_fp32": {"exact": false, "close": false, "max_abs": 0.9999995298369768, "mean_abs": 0.14055473211247166}, "cut_fp32_vs_stock_postprocessed": {"exact": false, "close": false, "max_abs": 0.9999998809263779, "mean_abs": 0.012026860523494458}}
AGREEMENT {"image": "data/modnet_val/000000484351.jpg", "output_sha256": "db40b0d76dd268aa2837b1b1de080694b229537b945eb7b09ff0683160e02a22", "cpu": {"exact": false, "close": false, "max_abs": 18.0, "mean_abs": 1.3320541381835938}, "fp32": {"exact": false, "close": false, "max_abs": 52.63262176513672, "mean_abs": 6.48057798392513}, "optimized_cpu_vs_oracle": {"exact": false, "close": false, "max_abs": 14.0, "mean_abs": 1.3827667236328125}, "postprocessed_fp32": {"exact": false, "close": false, "max_abs": 0.9999999847700209, "mean_abs": 0.17133558834019744}, "cut_fp32_vs_stock_postprocessed": {"exact": false, "close": false, "max_abs": 0.9999917381455816, "mean_abs": 0.08070825925490462}}
AGREEMENT {"image": "data/modnet_val/000000484415.jpg", "output_sha256": "256a212d2c9380dd5b961e2639e5888f6cbe9a644a4ef60a0d58fcf91d137454", "cpu": {"exact": false, "close": false, "max_abs": 30.0, "mean_abs": 2.9800872802734375}, "fp32": {"exact": false, "close": false, "max_abs": 29.278345108032227, "mean_abs": 3.4068172404960535}, "optimized_cpu_vs_oracle": {"exact": false, "close": false, "max_abs": 22.0, "mean_abs": 1.6958160400390625}, "postprocessed_fp32": {"exact": false, "close": false, "max_abs": 0.9999951863321712, "mean_abs": 0.05036742849135776}, "cut_fp32_vs_stock_postprocessed": {"exact": false, "close": false, "max_abs": 0.9999148239658098, "mean_abs": 0.012548949399461117}}
HOST_TIMELINE {"elapsed_seconds": 36.141, "tree_rss_bytes": 1509617664, "foreign_peers": []}
AGREEMENT {"image": "data/modnet_val/000000500716.jpg", "output_sha256": "23a743390af3a4871444638ca7991934c9ad09b04a94f38c010139ed1ab8606b", "cpu": {"exact": false, "close": false, "max_abs": 20.0, "mean_abs": 1.6297454833984375}, "fp32": {"exact": false, "close": false, "max_abs": 28.386317253112793, "mean_abs": 3.7797723554782436}, "optimized_cpu_vs_oracle": {"exact": false, "close": false, "max_abs": 8.0, "mean_abs": 1.4529953002929688}, "postprocessed_fp32": {"exact": false, "close": false, "max_abs": 0.9999834016078069, "mean_abs": 0.05493702427563313}, "cut_fp32_vs_stock_postprocessed": {"exact": false, "close": false, "max_abs": 0.9999999439909466, "mean_abs": 0.42753241132721376}}
AGREEMENT {"image": "data/modnet_val/000000517056.jpg", "output_sha256": "9b2e87a5b0ad6e5458e9043f1f60d35d09f627a83690020783c8854c36eec3d5", "cpu": {"exact": false, "close": false, "max_abs": 34.0, "mean_abs": 3.589996337890625}, "fp32": {"exact": false, "close": false, "max_abs": 34.0482873916626, "mean_abs": 7.342042042288526}, "optimized_cpu_vs_oracle": {"exact": false, "close": false, "max_abs": 22.0, "mean_abs": 1.8945846557617188}, "postprocessed_fp32": {"exact": false, "close": false, "max_abs": 0.9999991722091082, "mean_abs": 0.266505990090778}, "cut_fp32_vs_stock_postprocessed": {"exact": false, "close": false, "max_abs": 0.9978807899460662, "mean_abs": 0.010812580476099842}}
AGREEMENT {"image": "data/modnet_val/000000517069.jpg", "output_sha256": "2a629486033183c4d6387704f7879ed0efe73d87807e0c3522ba5dc3676ec704", "cpu": {"exact": false, "close": false, "max_abs": 28.0, "mean_abs": 2.5023269653320312}, "fp32": {"exact": false, "close": false, "max_abs": 37.64758586883545, "mean_abs": 5.064047583419125}, "optimized_cpu_vs_oracle": {"exact": false, "close": false, "max_abs": 22.0, "mean_abs": 1.8578872680664062}, "postprocessed_fp32": {"exact": false, "close": false, "max_abs": 0.999999878729557, "mean_abs": 0.14238171166063657}, "cut_fp32_vs_stock_postprocessed": {"exact": false, "close": false, "max_abs": 0.9999843503956072, "mean_abs": 0.013623771298447777}}
AGREEMENT {"image": "data/modnet_val/000000533493.jpg", "output_sha256": "ccb8b317e5af8a28a88a6ae8773233a5e74f8d03e97e9bad704cacc9aff239fe", "cpu": {"exact": false, "close": false, "max_abs": 22.0, "mean_abs": 1.590545654296875}, "fp32": {"exact": false, "close": false, "max_abs": 31.25106143951416, "mean_abs": 6.281233560223342}, "optimized_cpu_vs_oracle": {"exact": false, "close": false, "max_abs": 18.0, "mean_abs": 1.395416259765625}, "postprocessed_fp32": {"exact": false, "close": false, "max_abs": 0.9999993961043288, "mean_abs": 0.16713402203905295}, "cut_fp32_vs_stock_postprocessed": {"exact": false, "close": false, "max_abs": 0.9962431285530329, "mean_abs": 0.0024182080745146564}}
AGREEMENT {"image": "data/modnet_val/000000541773.jpg", "output_sha256": "f8f44afed1073becc03cffef4daa65842770068b5f6a176f6f40eeb2f6eac2d8", "cpu": {"exact": false, "close": false, "max_abs": 26.0, "mean_abs": 2.365142822265625}, "fp32": {"exact": false, "close": false, "max_abs": 38.52692413330078, "mean_abs": 9.839747206031035}, "optimized_cpu_vs_oracle": {"exact": false, "close": false, "max_abs": 22.0, "mean_abs": 1.66241455078125}, "postprocessed_fp32": {"exact": false, "close": false, "max_abs": 0.9999998791105763, "mean_abs": 0.3529275819836457}, "cut_fp32_vs_stock_postprocessed": {"exact": false, "close": false, "max_abs": 0.9974747326923534, "mean_abs": 0.003448201774582595}}
AGREEMENT {"image": "data/modnet_val/000000549930.jpg", "output_sha256": "846d89feef2cf3250ed91cda0f5855b96e7120631b988954542ea15102614ced", "cpu": {"exact": false, "close": false, "max_abs": 12.0, "mean_abs": 1.2991256713867188}, "fp32": {"exact": false, "close": false, "max_abs": 36.857187271118164, "mean_abs": 7.113030718028597}, "optimized_cpu_vs_oracle": {"exact": false, "close": false, "max_abs": 10.0, "mean_abs": 1.5090560913085938}, "postprocessed_fp32": {"exact": false, "close": false, "max_abs": 0.9999980178167434, "mean_abs": 0.19863638558855795}, "cut_fp32_vs_stock_postprocessed": {"exact": false, "close": false, "max_abs": 0.9994627312989905, "mean_abs": 0.0154268470046952}}
NPU_TIMELINE "\n-----------------------------\n[003d:00:01.1] : NPU Phoenix\n-----------------------------\nAIE Partitions\n  Total Memory Usage: 179 MB\n  Partition Index   : 0\n    Columns: [1, 2, 3, 4]\n    HW Contexts:\n      |PID                 |Ctx ID     |Submissions |Migrations  |Err  |Priority |\n      |Process Name        |Status     |Completions |Suspensions |     |GOPS     |\n      |Memory Usage        |Instr BO   |            |            |     |FPS      |\n      |                    |           |            |            |     |Latency  |\n      |====================|===========|============|============|=====|=========|\n      |56096               |202        |147         |0           |0    |Normal   |\n      |python.exe          |Active     |147         |0           |     |32       |\n      |179 MB              |4256 KB    |            |            |     |N/A      |\n      |                    |           |            |            |     |N/A      |\n      |--------------------|-----------|------------|------------|-----|---------|\n"
NPU_OWNERSHIP {"context_pids": [56096], "owned_pids": [56096, 60216], "foreign_pids": []}
AGREEMENT {"image": "data/modnet_val/000000558114.jpg", "output_sha256": "70814e6d21eb7534b161d9062cedee2fc85ce7e3000a1bd45a0c5844515084be", "cpu": {"exact": false, "close": false, "max_abs": 26.0, "mean_abs": 1.7143173217773438}, "fp32": {"exact": false, "close": false, "max_abs": 33.73379898071289, "mean_abs": 3.8834241556934046}, "optimized_cpu_vs_oracle": {"exact": false, "close": false, "max_abs": 22.0, "mean_abs": 1.5516281127929688}, "postprocessed_fp32": {"exact": false, "close": false, "max_abs": 0.9999998496119638, "mean_abs": 0.08771062144934415}, "cut_fp32_vs_stock_postprocessed": {"exact": false, "close": false, "max_abs": 0.999990516271339, "mean_abs": 0.016149009727762606}}
AGREEMENT {"image": "data/modnet_val/000000566282.jpg", "output_sha256": "7695a0119be2b0648d2a67c9b0daceecb1fb204c5f6d53a6e8adc9fdee4820c1", "cpu": {"exact": false, "close": false, "max_abs": 28.0, "mean_abs": 1.8982315063476562}, "fp32": {"exact": false, "close": false, "max_abs": 33.126450538635254, "mean_abs": 5.051858080792897}, "optimized_cpu_vs_oracle": {"exact": false, "close": false, "max_abs": 12.0, "mean_abs": 1.3931655883789062}, "postprocessed_fp32": {"exact": false, "close": false, "max_abs": 0.9999996553433022, "mean_abs": 0.13439570795894865}, "cut_fp32_vs_stock_postprocessed": {"exact": false, "close": false, "max_abs": 0.9997369002630876, "mean_abs": 0.0023789922081723764}}
HOST_TIMELINE {"elapsed_seconds": 40.11, "tree_rss_bytes": 1516457984, "foreign_peers": []}
POST_NPU_CONTEXT_WITNESS "\n-----------------------------\n[003d:00:01.1] : NPU Phoenix\n-----------------------------\nAIE Partitions\n  No hardware contexts running on device\n\n"
RESEARCH_PROCESS_RESULT {"exit_code": 0, "stop": null, "peak_tree_rss_bytes": 1521008640, "rss_measurement": "maximum observed across sampled descendant working sets; zero observations reported as null", "elapsed_seconds": 42.06299999996554, "foreign_contention_observed": false, "timing_eligible": false}
