RESEARCH_PLATFORM {"machine": "Desktop 2", "cpu": "AMD Ryzen 7 8700G w/ Radeon 780M Graphics", "os": "Windows-11-10.0.26200-SP0", "ram_bytes": 33381138432, "source_sha256": {"tools/research_process.py": "1e356a0b7bd37e6185fe91f4e5e40586bf3b02af144a86318905d6ac6a205e2d", "tools/quant_calib_alphabet.py": "2dc0b2878c564853f340880209a425dfcf63b8536b2b8e9fd32344daade58d37", "tools/xint8_arithmetic_probe.py": "6aa3df08b9870c3c2264b868459d7ffbac3070dddc1349d7c6f3f480075f7041", "scripts/research-lowlevel.sh": "3455ad7933697936487712665505c216891865c6deada647302785f6e37020bd", "scripts/research-iron.sh": "4c863a262646ddab39b5005006ba8e03809895e6386c6310e2fd9d0a9e9609ee", "kernels/memory_placement/probe.py": "e8d990169ad6091fa1b53852e9f61eff495b5def72d35165a5c5cf1759e38898", "kernels/memory_placement/memory_kernels.cc": "182e7af7071a1e851afb4a7ca266069c489aea1fbaaa85eca129708daeba5ba6", "scripts/research-matrix.sh": "739254171629deae822b0ad7dabc875aee19ace56dde77d3e8aab61663f97516", "kernels/memory_placement/gemm.py": "17c905ad66110d3346bbf0db898dfc6b780df59fae1dfb0c1747057ce1e5844e", "kernels/memory_placement/gemm_placement.cc": "f21acf7250b12914ea30cc1f77613239dfa18421a85a1b9a5199017dd916278a", "tools/research_summary.py": "0c00dcceef07053d06731b41a1f1ed58d3ba4ea09f82497de354ce9cef17da20", "tools/research_toolchain.py": "f0a126a24ae213acfaa43460cfd9def0c86d9cb70cfee0228aa271688467b314"}, "commit": "7c9efd5f0d35f23a5ce6d476900660600ab4f10c", "command": ["python", "benchmarks/dense_compare.py", "bench", "--family", "modnet_cut", "--pins", "results/dense/modnet_cut_pins_20260919.json", "--artifacts", "build/dense_validation/initial_modnet_20260919", "--backend", "amd", "--container", "build/modnet_cut_dense.ignite"], "seconds_limit": 1200.0, "rss_gib_limit": 10.0, "checks_only": false, "free_ram_bytes": 17860739072}
HOST_LOAD busy_cores=0.51 logical_cores=16 free_ram_gb=16.6 sample_sec=1
HOST_LOAD_TOP 0.31 Code:50676 ws_mb=551
HOST_LOAD_TOP 0.08 Code:48276 ws_mb=448
HOST_LOAD_TOP 0.05 <tool>:2252 ws_mb=399
HOST_LOAD_TOP 0.03 AMDInstallManager:4412 ws_mb=17
HOST_LOAD_TOP 0.02 powershell:12964 ws_mb=82
HOST_LOAD_VERDICT CLEAR

PRE_NPU_CONTEXT_WITNESS "\n-----------------------------\n[003d:00:01.1] : NPU Phoenix\n-----------------------------\nAIE Partitions\n  No hardware contexts running on device\n\n"
IDENTITY {"family": "modnet_cut", "pins_sha256": "afe74607864f6b2cd95059d7ec88e2b4c8b65233c9bf7717038ac48ea893ae38", "model_sha256": "02e0b993a6aa52244eea912445ccaf827fe785b11d8c6d2a3683e7a25a053ab4", "numpy": "1.26.4", "ort": "1.23.3.dev20260320", "images": 50, "full_set": true, "source_sha256": {"benchmarks/dense_compare.py": "521ebd1eab4944ae8d47b5aa85ef56bcb8872dd206648357675ce7c21a444eed", "src/ignite_xdna/compiler/dense_regions.py": "75d4b5c4704c2876307a3188ee2f41e1a3b0db325797c2314e1ea5cabd2e693d", "src/ignite_xdna/compiler/graph_ir.py": "59e3dcafb9a0393718774c681fbfb7f733271f06d1efb766b26940f6de7b29ba", "src/ignite_xdna/compiler/engine_schedule.py": "3a91bb06c127462159224e08b0b1473c3d995cde4f3da29a782d4f755ba57118", "src/ignite_xdna/compiler/engine_compile.py": "a80eaee6c7f09e3862c46c3c76c987cc441e318e864827b6d99b8f9ad8e854f8", "src/ignite_xdna/runtime/graph_session.py": "ad7e98f28acb04f5218db5bf7d46e305835e022a0e8324167ad9183c7fd1ea48", "src/ignite_xdna/runtime/dense_session.py": "6c1ac7058b2d66bdc8d57dec1452a382cfde4656a6fba60d24f3220635b82958"}}
RYZEN_AI_INSTALLATION_PATH = C:\Program Files\RyzenAI\1.7.1
xclbin: C:\Program Files\RyzenAI\1.7.1\voe-4.0-win_amd64\xclbins\phoenix\4x4.xclbin
onnxruntime 1.23.3.dev20260320  providers: ['VitisAIExecutionProvider', 'DmlExecutionProvider', 'CPUExecutionProvider']
cache:  C:\Users\<user>\PycharmProjects\ignite-xdna\modnetcutcachekey
First run compiles the model. It takes a while and looks frozen. It isn't.
2026-09-19 14:37:47.2042719 [I:onnxruntime:, inference_session.cc:606 onnxruntime::InferenceSession::TraceSessionOptions] Session Options {  execution_mode:0 execution_order:DEFAULT enable_profiling:0 optimized_model_filepath: enable_mem_pattern:1 enable_mem_reuse:1 enable_cpu_mem_arena:1 profile_file_prefix:onnxruntime_profile_ session_logid: session_log_severity_level:1 session_log_verbosity_level:0 max_num_graph_transformation_steps:10 graph_optimization_level:4 intra_op_param:OrtThreadPoolParams { thread_pool_size: 0 auto_set_affinity: 0 allow_spinning: 1 dynamic_block_base_: 0 stack_size: 0 affinity_str:  set_denormal_as_zero: 0 } inter_op_param:OrtThreadPoolParams { thread_pool_size: 0 auto_set_affinity: 0 allow_spinning: 1 dynamic_block_base_: 0 stack_size: 0 affinity_str:  set_denormal_as_zero: 0 } use_per_session_threads:1 thread_pool_allow_spinning:1 use_deterministic_compute:0 ep_selection_policy:0 config_options: {  } }
2026-09-19 14:37:47.2048963 [I:onnxruntime:, inference_session.cc:422 onnxruntime::InferenceSession::ConstructorCommon] Creating and using per session threadpools since use_per_session_threads_ is true
2026-09-19 14:37:47.2050297 [I:onnxruntime:, inference_session.cc:446 onnxruntime::InferenceSession::ConstructorCommon] Dynamic block base set to 0
2026-09-19 14:37:47.3247771 [I:onnxruntime:, inference_session.cc:2042 onnxruntime::InferenceSession::Initialize] Initializing session.
2026-09-19 14:37:47.3248975 [I:onnxruntime:, inference_session.cc:2080 onnxruntime::InferenceSession::Initialize] Adding default CPU execution provider.
2026-09-19 14:37:47.3251101 [I:onnxruntime:, graph_partitioner.cc:1209 onnxruntime::GraphPartitioner::InlineFunctionsAOT] This model does not have any local functions defined. AOT Inlining is not performed
2026-09-19 14:37:47.3256556 [I:onnxruntime:, graph_transformer.cc:15 onnxruntime::GraphTransformer::Apply] GraphTransformer EnsureUniqueDQForNodeUnit modified: 1 with status: OK
2026-09-19 14:37:47.3303939 [I:onnxruntime:, graph_transformer.cc:15 onnxruntime::GraphTransformer::Apply] GraphTransformer Level1_RuleBasedTransformer modified: 1 with status: OK
2026-09-19 14:37:47.3340639 [I:onnxruntime:, graph.cc:4888 onnxruntime::Graph::CleanUnusedInitializersAndNodeArgs] Removing initializer '/lr_branch/se_block/pool/GlobalAveragePool_output_0_Scale'. It is no longer used by any node.
2026-09-19 14:37:47.3348623 [I:onnxruntime:, graph_transformer.cc:15 onnxruntime::GraphTransformer::Apply] GraphTransformer DoubleQDQPairsRemover modified: 0 with status: OK
2026-09-19 14:37:47.3364779 [I:onnxruntime:, constant_sharing.cc:248 onnxruntime::ConstantSharing::ApplyImpl] Total shared scalar initializer count: 219
2026-09-19 14:37:47.3366399 [I:onnxruntime:, graph_transformer.cc:15 onnxruntime::GraphTransformer::Apply] GraphTransformer ConstantSharing modified: 1 with status: OK
2026-09-19 14:37:47.3412186 [I:onnxruntime:, graph_transformer.cc:15 onnxruntime::GraphTransformer::Apply] GraphTransformer CommonSubexpressionElimination modified: 0 with status: OK
2026-09-19 14:37:47.3415850 [I:onnxruntime:, graph_transformer.cc:15 onnxruntime::GraphTransformer::Apply] GraphTransformer ConstantFolding modified: 0 with status: OK
2026-09-19 14:37:47.3417701 [I:onnxruntime:, graph_transformer.cc:15 onnxruntime::GraphTransformer::Apply] GraphTransformer MatMulAddFusion modified: 0 with status: OK
2026-09-19 14:37:47.3419530 [I:onnxruntime:, graph_transformer.cc:15 onnxruntime::GraphTransformer::Apply] GraphTransformer ReshapeFusion modified: 0 with status: OK
2026-09-19 14:37:47.3420525 [I:onnxruntime:, graph_transformer.cc:15 onnxruntime::GraphTransformer::Apply] GraphTransformer FreeDimensionOverrideTransformer modified: 0 with status: OK
2026-09-19 14:37:47.3421561 [I:onnxruntime:, graph_transformer.cc:15 onnxruntime::GraphTransformer::Apply] GraphTransformer GeluFusionL1 modified: 0 with status: OK
2026-09-19 14:37:47.3423258 [I:onnxruntime:, graph_transformer.cc:15 onnxruntime::GraphTransformer::Apply] GraphTransformer LayerNormFusionL1 modified: 0 with status: OK
2026-09-19 14:37:47.3427109 [I:onnxruntime:, graph_transformer.cc:15 onnxruntime::GraphTransformer::Apply] GraphTransformer QDQPropagationTransformer modified: 0 with status: OK
2026-09-19 14:37:47.3429517 [I:onnxruntime:, graph_transformer.cc:15 onnxruntime::GraphTransformer::Apply] GraphTransformer WeightBiasQuantization modified: 0 with status: OK
2026-09-19 14:37:47.3431875 [I:onnxruntime:, graph_transformer.cc:15 onnxruntime::GraphTransformer::Apply] GraphTransformer EnsureUniqueDQForNodeUnit modified: 0 with status: OK
2026-09-19 14:37:47.3433927 [I:onnxruntime:, graph_transformer.cc:15 onnxruntime::GraphTransformer::Apply] GraphTransformer RocmBlasAltImpl modified: 0 with status: OK
2026-09-19 14:37:47.3442538 [I:onnxruntime:, graph_transformer.cc:15 onnxruntime::GraphTransformer::Apply] GraphTransformer TransposeOptimizer modified: 0 with status: OK
2026-09-19 14:37:47.3444704 [I:onnxruntime:, graph_transformer.cc:15 onnxruntime::GraphTransformer::Apply] GraphTransformer Level1_RuleBasedTransformer modified: 0 with status: OK
2026-09-19 14:37:47.3448814 [I:onnxruntime:, graph_transformer.cc:15 onnxruntime::GraphTransformer::Apply] GraphTransformer DoubleQDQPairsRemover modified: 0 with status: OK
2026-09-19 14:37:47.3456911 [I:onnxruntime:, graph_transformer.cc:15 onnxruntime::GraphTransformer::Apply] GraphTransformer CommonSubexpressionElimination modified: 0 with status: OK
2026-09-19 14:37:47.3473564 [I:onnxruntime:, graph_transformer.cc:15 onnxruntime::GraphTransformer::Apply] GraphTransformer ConstantFolding modified: 0 with status: OK
2026-09-19 14:37:47.3476752 [I:onnxruntime:, graph_transformer.cc:15 onnxruntime::GraphTransformer::Apply] GraphTransformer MatMulAddFusion modified: 0 with status: OK
2026-09-19 14:37:47.3479181 [I:onnxruntime:, graph_transformer.cc:15 onnxruntime::GraphTransformer::Apply] GraphTransformer ReshapeFusion modified: 0 with status: OK
2026-09-19 14:37:47.3480175 [I:onnxruntime:, graph_transformer.cc:15 onnxruntime::GraphTransformer::Apply] GraphTransformer FreeDimensionOverrideTransformer modified: 0 with status: OK
2026-09-19 14:37:47.3481310 [I:onnxruntime:, graph_transformer.cc:15 onnxruntime::GraphTransformer::Apply] GraphTransformer GeluFusionL1 modified: 0 with status: OK
2026-09-19 14:37:47.3483105 [I:onnxruntime:, graph_transformer.cc:15 onnxruntime::GraphTransformer::Apply] GraphTransformer LayerNormFusionL1 modified: 0 with status: OK
2026-09-19 14:37:47.3487376 [I:onnxruntime:, graph_transformer.cc:15 onnxruntime::GraphTransformer::Apply] GraphTransformer QDQPropagationTransformer modified: 0 with status: OK
2026-09-19 14:37:47.3489924 [I:onnxruntime:, graph_transformer.cc:15 onnxruntime::GraphTransformer::Apply] GraphTransformer WeightBiasQuantization modified: 0 with status: OK
2026-09-19 14:37:47.3493730 [I:onnxruntime:, graph_transformer.cc:15 onnxruntime::GraphTransformer::Apply] GraphTransformer EnsureUniqueDQForNodeUnit modified: 0 with status: OK
2026-09-19 14:37:47.3496716 [I:onnxruntime:, graph_transformer.cc:15 onnxruntime::GraphTransformer::Apply] GraphTransformer RocmBlasAltImpl modified: 0 with status: OK
2026-09-19 14:37:47.4277068 [I:onnxruntime:, graph.cc:4888 onnxruntime::Graph::CleanUnusedInitializersAndNodeArgs] Removing initializer 'onnx::Conv_683_scale'. It is no longer used by any node.
2026-09-19 14:37:47.4278456 [I:onnxruntime:, graph.cc:4888 onnxruntime::Graph::CleanUnusedInitializersAndNodeArgs] Removing initializer 'onnx::Conv_672_scale'. It is no longer used by any node.
2026-09-19 14:37:47.4279562 [I:onnxruntime:, graph.cc:4888 onnxruntime::Graph::CleanUnusedInitializersAndNodeArgs] Removing initializer '/hr_branch/Constant_output_0'. It is no longer used by any node.
2026-09-19 14:37:47.4280911 [I:onnxruntime:, graph.cc:4888 onnxruntime::Graph::CleanUnusedInitializersAndNodeArgs] Removing initializer 'lr_branch.conv_lr8x.0.weight_zero_point'. It is no longer used by any node.
2026-09-19 14:37:47.4282072 [I:onnxruntime:, graph.cc:4888 onnxruntime::Graph::CleanUnusedInitializersAndNodeArgs] Removing initializer '/hr_branch/conv_hr4x/conv_hr4x.1/Relu_output_0_scale'. It is no longer used by any node.
2026-09-19 14:37:47.4283488 [I:onnxruntime:, graph.cc:4888 onnxruntime::Graph::CleanUnusedInitializersAndNodeArgs] Removing initializer 'onnx::Conv_666_quantized'. It is no longer used by any node.
2026-09-19 14:37:47.4284507 [I:onnxruntime:, graph.cc:4888 onnxruntime::Graph::CleanUnusedInitializersAndNodeArgs] Removing initializer '/lr_branch/backbone/features.6/conv/conv.6/Conv_output_0_zero_point'. It is no longer used by any node.
2026-09-19 14:37:47.4285839 [I:onnxruntime:, graph.cc:4888 onnxruntime::Graph::CleanUnusedInitializersAndNodeArgs] Removing initializer '/lr_branch/backbone/features.0/features.0.2/Constant_output_0'. It is no longer used by any node.
2026-09-19 14:37:47.4287315 [I:onnxruntime:, graph.cc:4888 onnxruntime::Graph::CleanUnusedInitializersAndNodeArgs] Removing initializer 'onnx::Conv_674_scale'. It is no longer used by any node.
2026-09-19 14:37:47.4288621 [I:onnxruntime:, graph.cc:4888 onnxruntime::Graph::CleanUnusedInitializersAndNodeArgs] Removing initializer '/lr_branch/backbone/features.0/features.0.2/Constant_1_output_0'. It is no longer used by any node.
2026-09-19 14:37:47.4290128 [I:onnxruntime:, graph.cc:4888 onnxruntime::Graph::CleanUnusedInitializersAndNodeArgs] Removing initializer 'onnx::Conv_729_quantized'. It is no longer used by any node.
2026-09-19 14:37:47.4291427 [I:onnxruntime:, graph.cc:4888 onnxruntime::Graph::CleanUnusedInitializersAndNodeArgs] Removing initializer 'hr_branch.conv_enc2x.0.weight_quantized'. It is no longer used by any node.
2026-09-19 14:37:47.4292864 [I:onnxruntime:, graph.cc:4888 onnxruntime::Graph::CleanUnusedInitializersAndNodeArgs] Removing initializer 'lr_branch.conv_lr16x.0.weight_scale'. It is no longer used by any node.
2026-09-19 14:37:47.4294340 [I:onnxruntime:, graph.cc:4888 onnxruntime::Graph::CleanUnusedInitializersAndNodeArgs] Removing initializer '/hr_branch/Resize_output_0_zero_point'. It is no longer used by any node.
2026-09-19 14:37:47.4296001 [I:onnxruntime:, graph.cc:4888 onnxruntime::Graph::CleanUnusedInitializersAndNodeArgs] Removing initializer '/lr_branch/Constant_output_0'. It is no longer used by any node.
2026-09-19 14:37:47.4297124 [I:onnxruntime:, graph.cc:4888 onnxruntime::Graph::CleanUnusedInitializersAndNodeArgs] Removing initializer 'onnx::Conv_668_quantized'. It is no longer used by any node.
2026-09-19 14:37:47.4298209 [I:onnxruntime:, graph.cc:4888 onnxruntime::Graph::CleanUnusedInitializersAndNodeArgs] Removing initializer 'onnx::Conv_711_zero_point'. It is no longer used by any node.
2026-09-19 14:37:47.4299275 [I:onnxruntime:, graph.cc:4888 onnxruntime::Graph::CleanUnusedInitializersAndNodeArgs] Removing initializer '/hr_branch/tohr_enc2x/tohr_enc2x.1/Relu_output_0_zero_point'. It is no longer used by any node.
2026-09-19 14:37:47.4300514 [I:onnxruntime:, graph.cc:4888 onnxruntime::Graph::CleanUnusedInitializersAndNodeArgs] Removing initializer 'onnx::Conv_737_zero_point'. It is no longer used by any node.
2026-09-19 14:37:47.4301608 [I:onnxruntime:, graph.cc:4888 onnxruntime::Graph::CleanUnusedInitializersAndNodeArgs] Removing initializer '/lr_branch/backbone/features.16/conv/conv.6/Conv_output_0_zero_point'. It is no longer used by any node.
2026-09-19 14:37:47.4571974 [I:onnxruntime:, graph.cc:4888 onnxruntime::Graph::CleanUnusedInitializersAndNodeArgs] Removing initializer '/lr_branch/backbone/features.17/conv/conv.6/Conv_output_0_zero_point'. It is no longer used by any node.
2026-09-19 14:37:47.4574724 [I:onnxruntime:, graph.cc:4888 onnxruntime::Graph::CleanUnusedInitializersAndNodeArgs] Removing initializer 'lr_branch.se_block.fc.2.weight_quantized'. It is no longer used by any node.
2026-09-19 14:37:47.4576692 [I:onnxruntime:, graph.cc:4888 onnxruntime::Graph::CleanUnusedInitializersAndNodeArgs] Removing initializer 'onnx::Conv_659_zero_point'. It is no longer used by any node.
2026-09-19 14:37:47.4578675 [I:onnxruntime:, graph.cc:4888 onnxruntime::Graph::CleanUnusedInitializersAndNodeArgs] Removing initializer 'onnx::Conv_659_quantized'. It is no longer used by any node.
2026-09-19 14:37:47.4580430 [I:onnxruntime:, graph.cc:4888 onnxruntime::Graph::CleanUnusedInitializersAndNodeArgs] Removing initializer 'onnx::Conv_672_zero_point'. It is no longer used by any node.
2026-09-19 14:37:47.4582230 [I:onnxruntime:, graph.cc:4888 onnxruntime::Graph::CleanUnusedInitializersAndNodeArgs] Removing initializer 'onnx::Conv_696_scale'. It is no longer used by any node.
2026-09-19 14:37:47.4583504 [I:onnxruntime:, graph.cc:4888 onnxruntime::Graph::CleanUnusedInitializersAndNodeArgs] Removing initializer 'onnx::Conv_660_zero_point'. It is no longer used by any node.
2026-09-19 14:37:47.4584637 [I:onnxruntime:, graph.cc:4888 onnxruntime::Graph::CleanUnusedInitializersAndNodeArgs] Removing initializer 'onnx::Conv_660_quantized'. It is no longer used by any node.
2026-09-19 14:37:47.4585763 [I:onnxruntime:, graph.cc:4888 onnxruntime::Graph::CleanUnusedInitializersAndNodeArgs] Removing initializer 'onnx::Conv_675_zero_point'. It is no longer used by any node.
2026-09-19 14:37:47.4586913 [I:onnxruntime:, graph.cc:4888 onnxruntime::Graph::CleanUnusedInitializersAndNodeArgs] Removing initializer '/lr_branch/backbone/features.1/conv/conv.3/Conv_output_0_zero_point'. It is no longer used by any node.
2026-09-19 14:37:47.4588456 [I:onnxruntime:, graph.cc:4888 onnxruntime::Graph::CleanUnusedInitializersAndNodeArgs] Removing initializer '/lr_branch/backbone/features.0/features.0.2/Clip_output_0_zero_point'. It is no longer used by any node.
2026-09-19 14:37:47.4589878 [I:onnxruntime:, graph.cc:4888 onnxruntime::Graph::CleanUnusedInitializersAndNodeArgs] Removing initializer 'onnx::Conv_662_scale'. It is no longer used by any node.
2026-09-19 14:37:47.4590923 [I:onnxruntime:, graph.cc:4888 onnxruntime::Graph::CleanUnusedInitializersAndNodeArgs] Removing initializer 'hr_branch.tohr_enc2x.0.bias_zero_point'. It is no longer used by any node.
2026-09-19 14:37:47.4592041 [I:onnxruntime:, graph.cc:4888 onnxruntime::Graph::CleanUnusedInitializersAndNodeArgs] Removing initializer 'onnx::Conv_662_zero_point'. It is no longer used by any node.
2026-09-19 14:37:47.4593094 [I:onnxruntime:, graph.cc:4888 onnxruntime::Graph::CleanUnusedInitializersAndNodeArgs] Removing initializer '/hr_branch/conv_hr2x/conv_hr2x.7/Relu_output_0_scale'. It is no longer used by any node.
2026-09-19 14:37:47.4594280 [I:onnxruntime:, graph.cc:4888 onnxruntime::Graph::CleanUnusedInitializersAndNodeArgs] Removing initializer 'onnx::Conv_686_quantized'. It is no longer used by any node.
2026-09-19 14:37:47.4595909 [I:onnxruntime:, graph.cc:4888 onnxruntime::Graph::CleanUnusedInitializersAndNodeArgs] Removing initializer 'hr_branch.tohr_enc2x.0.bias_quantized'. It is no longer used by any node.
2026-09-19 14:37:47.4597065 [I:onnxruntime:, graph.cc:4888 onnxruntime::Graph::CleanUnusedInitializersAndNodeArgs] Removing initializer 'onnx::Conv_776_zero_point'. It is no longer used by any node.
2026-09-19 14:37:47.4598241 [I:onnxruntime:, graph.cc:4888 onnxruntime::Graph::CleanUnusedInitializersAndNodeArgs] Removing initializer 'onnx::Conv_792_quantized'. It is no longer used by any node.
2026-09-19 14:37:47.4860166 [I:onnxruntime:, graph.cc:4888 onnxruntime::Graph::CleanUnusedInitializersAndNodeArgs] Removing initializer 'onnx::Conv_662_quantized'. It is no longer used by any node.
2026-09-19 14:37:47.4862627 [I:onnxruntime:, graph.cc:4888 onnxruntime::Graph::CleanUnusedInitializersAndNodeArgs] Removing initializer 'onnx::Conv_722_scale'. It is no longer used by any node.
2026-09-19 14:37:47.4864524 [I:onnxruntime:, graph.cc:4888 onnxruntime::Graph::CleanUnusedInitializersAndNodeArgs] Removing initializer 'onnx::Conv_663_zero_point'. It is no longer used by any node.
2026-09-19 14:37:47.4866260 [I:onnxruntime:, graph.cc:4888 onnxruntime::Graph::CleanUnusedInitializersAndNodeArgs] Removing initializer 'onnx::Conv_663_quantized'. It is no longer used by any node.
2026-09-19 14:37:47.4868044 [I:onnxruntime:, graph.cc:4888 onnxruntime::Graph::CleanUnusedInitializersAndNodeArgs] Removing initializer '/lr_branch/backbone/features.5/conv/conv.6/Conv_output_0_zero_point'. It is no longer used by any node.
2026-09-19 14:37:47.4870368 [I:onnxruntime:, graph.cc:4888 onnxruntime::Graph::CleanUnusedInitializersAndNodeArgs] Removing initializer '/lr_branch/backbone/features.14/conv/conv.6/Conv_output_0_zero_point'. It is no longer used by any node.
2026-09-19 14:37:47.4872113 [I:onnxruntime:, graph.cc:4888 onnxruntime::Graph::CleanUnusedInitializersAndNodeArgs] Removing initializer '/lr_branch/backbone/features.1/conv/conv.2/Clip_output_0_zero_point'. It is no longer used by any node.
2026-09-19 14:37:47.4873726 [I:onnxruntime:, graph.cc:4888 onnxruntime::Graph::CleanUnusedInitializersAndNodeArgs] Removing initializer 'hr_branch.conv_hr4x.4.weight_quantized'. It is no longer used by any node.
2026-09-19 14:37:47.4875213 [I:onnxruntime:, graph.cc:4888 onnxruntime::Graph::CleanUnusedInitializersAndNodeArgs] Removing initializer 'onnx::Conv_734_quantized'. It is no longer used by any node.
2026-09-19 14:37:47.4876745 [I:onnxruntime:, graph.cc:4888 onnxruntime::Graph::CleanUnusedInitializersAndNodeArgs] Removing initializer '/hr_branch/Concat_output_0_zero_point'. It is no longer used by any node.
2026-09-19 14:37:47.4878163 [I:onnxruntime:, graph.cc:4888 onnxruntime::Graph::CleanUnusedInitializersAndNodeArgs] Removing initializer 'onnx::Conv_666_zero_point'. It is no longer used by any node.
2026-09-19 14:37:47.4879581 [I:onnxruntime:, graph.cc:4888 onnxruntime::Graph::CleanUnusedInitializersAndNodeArgs] Removing initializer 'onnx::Conv_665_zero_point'. It is no longer used by any node.
2026-09-19 14:37:47.4880995 [I:onnxruntime:, graph.cc:4888 onnxruntime::Graph::CleanUnusedInitializersAndNodeArgs] Removing initializer 'onnx::Conv_665_quantized'. It is no longer used by any node.
2026-09-19 14:37:47.4882479 [I:onnxruntime:, graph.cc:4888 onnxruntime::Graph::CleanUnusedInitializersAndNodeArgs] Removing initializer 'onnx::Conv_758_scale'. It is no longer used by any node.
2026-09-19 14:37:47.4884020 [I:onnxruntime:, graph.cc:4888 onnxruntime::Graph::CleanUnusedInitializersAndNodeArgs] Removing initializer 'hr_branch.conv_hr2x.2.bias_quantized'. It is no longer used by any node.
2026-09-19 14:37:47.4886521 [I:onnxruntime:, graph.cc:4888 onnxruntime::Graph::CleanUnusedInitializersAndNodeArgs] Removing initializer 'onnx::Conv_669_quantized'. It is no longer used by any node.
2026-09-19 14:37:47.4888865 [I:onnxruntime:, graph.cc:4888 onnxruntime::Graph::CleanUnusedInitializersAndNodeArgs] Removing initializer 'onnx::Conv_690_zero_point'. It is no longer used by any node.
2026-09-19 14:37:47.4890150 [I:onnxruntime:, graph.cc:4888 onnxruntime::Graph::CleanUnusedInitializersAndNodeArgs] Removing initializer 'hr_branch.conv_enc2x.0.weight_zero_point'. It is no longer used by any node.
2026-09-19 14:37:47.4891538 [I:onnxruntime:, graph.cc:4888 onnxruntime::Graph::CleanUnusedInitializersAndNodeArgs] Removing initializer 'onnx::Conv_729_zero_point'. It is no longer used by any node.
2026-09-19 14:37:47.4892821 [I:onnxruntime:, graph.cc:4888 onnxruntime::Graph::CleanUnusedInitializersAndNodeArgs] Removing initializer 'onnx::Conv_668_zero_point'. It is no longer used by any node.
2026-09-19 14:37:47.4984477 [I:onnxruntime:, graph.cc:4888 onnxruntime::Graph::CleanUnusedInitializersAndNodeArgs] Removing initializer 'hr_branch.tohr_enc4x.0.bias_quantized'. It is no longer used by any node.
2026-09-19 14:37:47.4986623 [I:onnxruntime:, graph.cc:4888 onnxruntime::Graph::CleanUnusedInitializersAndNodeArgs] Removing initializer 'onnx::Conv_800_quantized'. It is no longer used by any node.
2026-09-19 14:37:47.4988462 [I:onnxruntime:, graph.cc:4888 onnxruntime::Graph::CleanUnusedInitializersAndNodeArgs] Removing initializer 'hr_branch.tohr_enc2x.0.weight_quantized'. It is no longer used by any node.
2026-09-19 14:37:47.4990395 [I:onnxruntime:, graph.cc:4888 onnxruntime::Graph::CleanUnusedInitializersAndNodeArgs] Removing initializer 'onnx::Conv_669_zero_point'. It is no longer used by any node.
2026-09-19 14:37:47.4992231 [I:onnxruntime:, graph.cc:4888 onnxruntime::Graph::CleanUnusedInitializersAndNodeArgs] Removing initializer 'onnx::Conv_714_quantized'. It is no longer used by any node.
2026-09-19 14:37:47.4993496 [I:onnxruntime:, graph.cc:4888 onnxruntime::Graph::CleanUnusedInitializersAndNodeArgs] Removing initializer 'hr_branch.tohr_enc2x.0.weight_zero_point'. It is no longer used by any node.
2026-09-19 14:37:47.4995090 [I:onnxruntime:, graph.cc:4888 onnxruntime::Graph::CleanUnusedInitializersAndNodeArgs] Removing initializer 'onnx::Conv_756_quantized'. It is no longer used by any node.
2026-09-19 14:37:47.4997014 [I:onnxruntime:, graph.cc:4888 onnxruntime::Graph::CleanUnusedInitializersAndNodeArgs] Removing initializer '/lr_branch/backbone/features.2/conv/conv.2/Clip_output_0_zero_point'. It is no longer used by any node.
2026-09-19 14:37:47.4998296 [I:onnxruntime:, graph.cc:4888 onnxruntime::Graph::CleanUnusedInitializersAndNodeArgs] Removing initializer 'onnx::Conv_671_zero_point'. It is no longer used by any node.
2026-09-19 14:37:47.4999428 [I:onnxruntime:, graph.cc:4888 onnxruntime::Graph::CleanUnusedInitializersAndNodeArgs] Removing initializer 'onnx::Conv_780_zero_point'. It is no longer used by any node.
2026-09-19 14:37:47.5000897 [I:onnxruntime:, graph.cc:4888 onnxruntime::Graph::CleanUnusedInitializersAndNodeArgs] Removing initializer 'onnx::Conv_671_quantized'. It is no longer used by any node.
2026-09-19 14:37:47.5002388 [I:onnxruntime:, graph.cc:4888 onnxruntime::Graph::CleanUnusedInitializersAndNodeArgs] Removing initializer 'lr_branch.conv_lr8x.0.bias_zero_point'. It is no longer used by any node.
2026-09-19 14:37:47.5004764 [I:onnxruntime:, graph.cc:4888 onnxruntime::Graph::CleanUnusedInitializersAndNodeArgs] Removing initializer '/hr_branch/conv_hr2x/conv_hr2x.7/Relu_output_0_zero_point'. It is no longer used by any node.
2026-09-19 14:37:47.5007331 [I:onnxruntime:, graph.cc:4888 onnxruntime::Graph::CleanUnusedInitializersAndNodeArgs] Removing initializer 'onnx::Conv_672_quantized'. It is no longer used by any node.
2026-09-19 14:37:47.5010027 [I:onnxruntime:, graph.cc:4888 onnxruntime::Graph::CleanUnusedInitializersAndNodeArgs] Removing initializer 'onnx::Conv_674_quantized'. It is no longer used by any node.
2026-09-19 14:37:47.5012127 [I:onnxruntime:, graph.cc:4888 onnxruntime::Graph::CleanUnusedInitializersAndNodeArgs] Removing initializer '/lr_branch/backbone/features.2/conv/conv.5/Clip_output_0_zero_point'. It is no longer used by any node.
2026-09-19 14:37:47.5014720 [I:onnxruntime:, graph.cc:4888 onnxruntime::Graph::CleanUnusedInitializersAndNodeArgs] Removing initializer 'onnx::Conv_674_zero_point'. It is no longer used by any node.
2026-09-19 14:37:47.5016283 [I:onnxruntime:, graph.cc:4888 onnxruntime::Graph::CleanUnusedInitializersAndNodeArgs] Removing initializer 'hr_branch.conv_enc2x.0.bias_zero_point'. It is no longer used by any node.
2026-09-19 14:37:47.5018002 [I:onnxruntime:, graph.cc:4888 onnxruntime::Graph::CleanUnusedInitializersAndNodeArgs] Removing initializer 'hr_branch.conv_enc2x.0.bias_quantized'. It is no longer used by any node.
2026-09-19 14:37:47.5145520 [I:onnxruntime:, graph.cc:4888 onnxruntime::Graph::CleanUnusedInitializersAndNodeArgs] Removing initializer 'onnx::Conv_704_zero_point'. It is no longer used by any node.
2026-09-19 14:37:47.5146954 [I:onnxruntime:, graph.cc:4888 onnxruntime::Graph::CleanUnusedInitializersAndNodeArgs] Removing initializer '/lr_branch/backbone/features.2/conv/conv.6/Conv_output_0_zero_point'. It is no longer used by any node.
2026-09-19 14:37:47.5148775 [I:onnxruntime:, graph.cc:4888 onnxruntime::Graph::CleanUnusedInitializersAndNodeArgs] Removing initializer '/lr_branch/backbone/features.12/conv/conv.2/Clip_output_0_zero_point'. It is no longer used by any node.
2026-09-19 14:37:47.5150200 [I:onnxruntime:, graph.cc:4888 onnxruntime::Graph::CleanUnusedInitializersAndNodeArgs] Removing initializer 'onnx::Conv_675_quantized'. It is no longer used by any node.
2026-09-19 14:37:47.5151468 [I:onnxruntime:, graph.cc:4888 onnxruntime::Graph::CleanUnusedInitializersAndNodeArgs] Removing initializer 'onnx::Conv_765_zero_point'. It is no longer used by any node.
2026-09-19 14:37:47.5153017 [I:onnxruntime:, graph.cc:4888 onnxruntime::Graph::CleanUnusedInitializersAndNodeArgs] Removing initializer '/hr_branch/conv_enc2x/conv_enc2x.1/Relu_output_0_zero_point'. It is no longer used by any node.
2026-09-19 14:37:47.5154631 [I:onnxruntime:, graph.cc:4888 onnxruntime::Graph::CleanUnusedInitializersAndNodeArgs] Removing initializer 'onnx::Conv_681_quantized'. It is no longer used by any node.
2026-09-19 14:37:47.5155634 [I:onnxruntime:, graph.cc:4888 onnxruntime::Graph::CleanUnusedInitializersAndNodeArgs] Removing initializer 'onnx::Conv_726_zero_point'. It is no longer used by any node.
2026-09-19 14:37:47.5156634 [I:onnxruntime:, graph.cc:4888 onnxruntime::Graph::CleanUnusedInitializersAndNodeArgs] Removing initializer 'onnx::Conv_770_quantized'. It is no longer used by any node.
2026-09-19 14:37:47.5157633 [I:onnxruntime:, graph.cc:4888 onnxruntime::Graph::CleanUnusedInitializersAndNodeArgs] Removing initializer 'onnx::Conv_750_zero_point'. It is no longer used by any node.
2026-09-19 14:37:47.5158632 [I:onnxruntime:, graph.cc:4888 onnxruntime::Graph::CleanUnusedInitializersAndNodeArgs] Removing initializer 'f_branch.conv_f2x.0.weight_zero_point'. It is no longer used by any node.
2026-09-19 14:37:47.5160306 [I:onnxruntime:, graph.cc:4888 onnxruntime::Graph::CleanUnusedInitializersAndNodeArgs] Removing initializer 'onnx::Conv_677_zero_point'. It is no longer used by any node.
2026-09-19 14:37:47.5161526 [I:onnxruntime:, graph.cc:4888 onnxruntime::Graph::CleanUnusedInitializersAndNodeArgs] Removing initializer 'f_branch.conv_f2x.0.weight_quantized'. It is no longer used by any node.
2026-09-19 14:37:47.5163590 [I:onnxruntime:, graph.cc:4888 onnxruntime::Graph::CleanUnusedInitializersAndNodeArgs] Removing initializer 'onnx::Conv_677_quantized'. It is no longer used by any node.
2026-09-19 14:37:47.5165483 [I:onnxruntime:, graph.cc:4888 onnxruntime::Graph::CleanUnusedInitializersAndNodeArgs] Removing initializer 'onnx::Conv_774_zero_point'. It is no longer used by any node.
2026-09-19 14:37:47.5166535 [I:onnxruntime:, graph.cc:4888 onnxruntime::Graph::CleanUnusedInitializersAndNodeArgs] Removing initializer '/lr_branch/backbone/features.11/conv/conv.2/Clip_output_0_zero_point'. It is no longer used by any node.
2026-09-19 14:37:47.5167823 [I:onnxruntime:, graph.cc:4888 onnxruntime::Graph::CleanUnusedInitializersAndNodeArgs] Removing initializer '/lr_branch/backbone/features.14/conv/conv.5/Clip_output_0_zero_point'. It is no longer used by any node.
2026-09-19 14:37:47.5169148 [I:onnxruntime:, graph.cc:4888 onnxruntime::Graph::CleanUnusedInitializersAndNodeArgs] Removing initializer 'onnx::Conv_717_zero_point'. It is no longer used by any node.
2026-09-19 14:37:47.5171031 [I:onnxruntime:, graph.cc:4888 onnxruntime::Graph::CleanUnusedInitializersAndNodeArgs] Removing initializer 'onnx::Conv_678_zero_point'. It is no longer used by any node.
2026-09-19 14:37:47.5172126 [I:onnxruntime:, graph.cc:4888 onnxruntime::Graph::CleanUnusedInitializersAndNodeArgs] Removing initializer 'onnx::Conv_717_quantized'. It is no longer used by any node.
2026-09-19 14:37:47.5305387 [I:onnxruntime:, graph.cc:4888 onnxruntime::Graph::CleanUnusedInitializersAndNodeArgs] Removing initializer '/hr_branch/conv_hr2x/conv_hr2x.1/Relu_output_0_zero_point'. It is no longer used by any node.
2026-09-19 14:37:47.5307789 [I:onnxruntime:, graph.cc:4888 onnxruntime::Graph::CleanUnusedInitializersAndNodeArgs] Removing initializer 'onnx::Conv_678_quantized'. It is no longer used by any node.
2026-09-19 14:37:47.5309552 [I:onnxruntime:, graph.cc:4888 onnxruntime::Graph::CleanUnusedInitializersAndNodeArgs] Removing initializer '/hr_branch/conv_enc4x/conv_enc4x.1/Relu_output_0_zero_point'. It is no longer used by any node.
2026-09-19 14:37:47.5311997 [I:onnxruntime:, graph.cc:4888 onnxruntime::Graph::CleanUnusedInitializersAndNodeArgs] Removing initializer '/lr_branch/backbone/features.3/conv/conv.2/Clip_output_0_zero_point'. It is no longer used by any node.
2026-09-19 14:37:47.5314481 [I:onnxruntime:, graph.cc:4888 onnxruntime::Graph::CleanUnusedInitializersAndNodeArgs] Removing initializer 'onnx::Conv_780_quantized'. It is no longer used by any node.
2026-09-19 14:37:47.5315583 [I:onnxruntime:, graph.cc:4888 onnxruntime::Graph::CleanUnusedInitializersAndNodeArgs] Removing initializer 'onnx::Conv_680_zero_point'. It is no longer used by any node.
2026-09-19 14:37:47.5316604 [I:onnxruntime:, graph.cc:4888 onnxruntime::Graph::CleanUnusedInitializersAndNodeArgs] Removing initializer 'onnx::Conv_680_quantized'. It is no longer used by any node.
2026-09-19 14:37:47.5317617 [I:onnxruntime:, graph.cc:4888 onnxruntime::Graph::CleanUnusedInitializersAndNodeArgs] Removing initializer 'onnx::Conv_681_zero_point'. It is no longer used by any node.
2026-09-19 14:37:47.5318986 [I:onnxruntime:, graph.cc:4888 onnxruntime::Graph::CleanUnusedInitializersAndNodeArgs] Removing initializer '/lr_branch/backbone/features.3/conv/conv.5/Clip_output_0_zero_point'. It is no longer used by any node.
2026-09-19 14:37:47.5320511 [I:onnxruntime:, graph.cc:4888 onnxruntime::Graph::CleanUnusedInitializersAndNodeArgs] Removing initializer 'hr_branch.conv_hr2x.4.bias_zero_point'. It is no longer used by any node.
2026-09-19 14:37:47.5321912 [I:onnxruntime:, graph.cc:4888 onnxruntime::Graph::CleanUnusedInitializersAndNodeArgs] Removing initializer '/lr_branch/backbone/features.3/conv/conv.6/Conv_output_0_zero_point'. It is no longer used by any node.
2026-09-19 14:37:47.5323584 [I:onnxruntime:, graph.cc:4888 onnxruntime::Graph::CleanUnusedInitializersAndNodeArgs] Removing initializer 'onnx::Conv_755_quantized'. It is no longer used by any node.
2026-09-19 14:37:47.5324649 [I:onnxruntime:, graph.cc:4888 onnxruntime::Graph::CleanUnusedInitializersAndNodeArgs] Removing initializer 'hr_branch.conv_hr4x.4.bias_quantized'. It is no longer used by any node.
2026-09-19 14:37:47.5325785 [I:onnxruntime:, graph.cc:4888 onnxruntime::Graph::CleanUnusedInitializersAndNodeArgs] Removing initializer 'onnx::Conv_683_zero_point'. It is no longer used by any node.
2026-09-19 14:37:47.5327061 [I:onnxruntime:, graph.cc:4888 onnxruntime::Graph::CleanUnusedInitializersAndNodeArgs] Removing initializer 'onnx::Conv_683_quantized'. It is no longer used by any node.
2026-09-19 14:37:47.5328990 [I:onnxruntime:, graph.cc:4888 onnxruntime::Graph::CleanUnusedInitializersAndNodeArgs] Removing initializer 'onnx::Conv_719_zero_point'. It is no longer used by any node.
2026-09-19 14:37:47.5330855 [I:onnxruntime:, graph.cc:4888 onnxruntime::Graph::CleanUnusedInitializersAndNodeArgs] Removing initializer 'f_branch.conv_f2x.0.bias_quantized'. It is no longer used by any node.
2026-09-19 14:37:47.5332855 [I:onnxruntime:, graph.cc:4888 onnxruntime::Graph::CleanUnusedInitializersAndNodeArgs] Removing initializer 'onnx::Conv_684_zero_point'. It is no longer used by any node.
2026-09-19 14:37:47.5334804 [I:onnxruntime:, graph.cc:4888 onnxruntime::Graph::CleanUnusedInitializersAndNodeArgs] Removing initializer 'onnx::Conv_684_quantized'. It is no longer used by any node.
2026-09-19 14:37:47.5415421 [I:onnxruntime:, graph.cc:4888 onnxruntime::Graph::CleanUnusedInitializersAndNodeArgs] Removing initializer '/lr_branch/backbone/features.3/Add_output_0_zero_point'. It is no longer used by any node.
2026-09-19 14:37:47.5417812 [I:onnxruntime:, graph.cc:4888 onnxruntime::Graph::CleanUnusedInitializersAndNodeArgs] Removing initializer 'onnx::Conv_812_quantized'. It is no longer used by any node.
2026-09-19 14:37:47.5420303 [I:onnxruntime:, graph.cc:4888 onnxruntime::Graph::CleanUnusedInitializersAndNodeArgs] Removing initializer 'onnx::Conv_777_quantized'. It is no longer used by any node.
2026-09-19 14:37:47.5422558 [I:onnxruntime:, graph.cc:4888 onnxruntime::Graph::CleanUnusedInitializersAndNodeArgs] Removing initializer 'onnx::Conv_686_zero_point'. It is no longer used by any node.
2026-09-19 14:37:47.5424176 [I:onnxruntime:, graph.cc:4888 onnxruntime::Graph::CleanUnusedInitializersAndNodeArgs] Removing initializer '/lr_branch/backbone/features.10/conv/conv.5/Clip_output_0_zero_point'. It is no longer used by any node.
2026-09-19 14:37:47.5425889 [I:onnxruntime:, graph.cc:4888 onnxruntime::Graph::CleanUnusedInitializersAndNodeArgs] Removing initializer 'onnx::Conv_687_zero_point'. It is no longer used by any node.
2026-09-19 14:37:47.5427290 [I:onnxruntime:, graph.cc:4888 onnxruntime::Graph::CleanUnusedInitializersAndNodeArgs] Removing initializer 'onnx::Conv_687_quantized'. It is no longer used by any node.
2026-09-19 14:37:47.5428670 [I:onnxruntime:, graph.cc:4888 onnxruntime::Graph::CleanUnusedInitializersAndNodeArgs] Removing initializer '/lr_branch/se_block/pool/GlobalAveragePool_output_0_zero_point'. It is no longer used by any node.
2026-09-19 14:37:47.5430376 [I:onnxruntime:, graph.cc:4888 onnxruntime::Graph::CleanUnusedInitializersAndNodeArgs] Removing initializer 'onnx::Conv_741_quantized'. It is no longer used by any node.
2026-09-19 14:37:47.5431717 [I:onnxruntime:, graph.cc:4888 onnxruntime::Graph::CleanUnusedInitializersAndNodeArgs] Removing initializer 'onnx::Conv_803_zero_point'. It is no longer used by any node.
2026-09-19 14:37:47.5433626 [I:onnxruntime:, graph.cc:4888 onnxruntime::Graph::CleanUnusedInitializersAndNodeArgs] Removing initializer 'hr_branch.tohr_enc4x.0.weight_zero_point'. It is no longer used by any node.
2026-09-19 14:37:47.5435584 [I:onnxruntime:, graph.cc:4888 onnxruntime::Graph::CleanUnusedInitializersAndNodeArgs] Removing initializer 'onnx::Conv_803_quantized'. It is no longer used by any node.
2026-09-19 14:37:47.5438020 [I:onnxruntime:, graph.cc:4888 onnxruntime::Graph::CleanUnusedInitializersAndNodeArgs] Removing initializer 'hr_branch.tohr_enc4x.0.weight_quantized'. It is no longer used by any node.
2026-09-19 14:37:47.5439929 [I:onnxruntime:, graph.cc:4888 onnxruntime::Graph::CleanUnusedInitializersAndNodeArgs] Removing initializer 'lr_branch.conv_lr8x.0.bias_quantized'. It is no longer used by any node.
2026-09-19 14:37:47.5441988 [I:onnxruntime:, graph.cc:4888 onnxruntime::Graph::CleanUnusedInitializersAndNodeArgs] Removing initializer 'hr_branch.tohr_enc4x.0.bias_zero_point'. It is no longer used by any node.
2026-09-19 14:37:47.5444081 [I:onnxruntime:, graph.cc:4888 onnxruntime::Graph::CleanUnusedInitializersAndNodeArgs] Removing initializer 'onnx::Conv_800_zero_point'. It is no longer used by any node.
2026-09-19 14:37:47.5446362 [I:onnxruntime:, graph.cc:4888 onnxruntime::Graph::CleanUnusedInitializersAndNodeArgs] Removing initializer '/lr_branch/backbone/features.4/conv/conv.2/Clip_output_0_zero_point'. It is no longer used by any node.
2026-09-19 14:37:47.5448257 [I:onnxruntime:, graph.cc:4888 onnxruntime::Graph::CleanUnusedInitializersAndNodeArgs] Removing initializer 'onnx::Conv_741_zero_point'. It is no longer used by any node.
2026-09-19 14:37:47.5449862 [I:onnxruntime:, graph.cc:4888 onnxruntime::Graph::CleanUnusedInitializersAndNodeArgs] Removing initializer '/hr_branch/tohr_enc4x/tohr_enc4x.1/Relu_output_0_zero_point'. It is no longer used by any node.
2026-09-19 14:37:47.5451670 [I:onnxruntime:, graph.cc:4888 onnxruntime::Graph::CleanUnusedInitializersAndNodeArgs] Removing initializer '/lr_branch/backbone/features.16/conv/conv.5/Clip_output_0_zero_point'. It is no longer used by any node.
2026-09-19 14:37:47.5637701 [I:onnxruntime:, graph.cc:4888 onnxruntime::Graph::CleanUnusedInitializersAndNodeArgs] Removing initializer 'onnx::Conv_689_zero_point'. It is no longer used by any node.
2026-09-19 14:37:47.5640754 [I:onnxruntime:, graph.cc:4888 onnxruntime::Graph::CleanUnusedInitializersAndNodeArgs] Removing initializer '/lr_branch/backbone/features.9/conv/conv.6/Conv_output_0_zero_point'. It is no longer used by any node.
2026-09-19 14:37:47.5643164 [I:onnxruntime:, graph.cc:4888 onnxruntime::Graph::CleanUnusedInitializersAndNodeArgs] Removing initializer 'onnx::Conv_689_quantized'. It is no longer used by any node.
2026-09-19 14:37:47.5645127 [I:onnxruntime:, graph.cc:4888 onnxruntime::Graph::CleanUnusedInitializersAndNodeArgs] Removing initializer '/lr_branch/backbone/features.14/conv/conv.2/Clip_output_0_zero_point'. It is no longer used by any node.
2026-09-19 14:37:47.5648636 [I:onnxruntime:, graph.cc:4888 onnxruntime::Graph::CleanUnusedInitializersAndNodeArgs] Removing initializer 'onnx::Conv_690_quantized'. It is no longer used by any node.
2026-09-19 14:37:47.5651283 [I:onnxruntime:, graph.cc:4888 onnxruntime::Graph::CleanUnusedInitializersAndNodeArgs] Removing initializer '/hr_branch/Concat_1_output_0_zero_point'. It is no longer used by any node.
2026-09-19 14:37:47.5652768 [I:onnxruntime:, graph.cc:4888 onnxruntime::Graph::CleanUnusedInitializersAndNodeArgs] Removing initializer '/lr_branch/backbone/features.10/Add_output_0_zero_point'. It is no longer used by any node.
2026-09-19 14:37:47.5654955 [I:onnxruntime:, graph.cc:4888 onnxruntime::Graph::CleanUnusedInitializersAndNodeArgs] Removing initializer 'onnx::Conv_726_quantized'. It is no longer used by any node.
2026-09-19 14:37:47.5657099 [I:onnxruntime:, graph.cc:4888 onnxruntime::Graph::CleanUnusedInitializersAndNodeArgs] Removing initializer '/lr_branch/backbone/features.4/conv/conv.5/Clip_output_0_zero_point'. It is no longer used by any node.
2026-09-19 14:37:47.5659030 [I:onnxruntime:, graph.cc:4888 onnxruntime::Graph::CleanUnusedInitializersAndNodeArgs] Removing initializer 'onnx::Conv_776_quantized'. It is no longer used by any node.
2026-09-19 14:37:47.5660265 [I:onnxruntime:, graph.cc:4888 onnxruntime::Graph::CleanUnusedInitializersAndNodeArgs] Removing initializer 'hr_branch.conv_enc4x.0.weight_zero_point'. It is no longer used by any node.
2026-09-19 14:37:47.5662700 [I:onnxruntime:, graph.cc:4888 onnxruntime::Graph::CleanUnusedInitializersAndNodeArgs] Removing initializer 'hr_branch.conv_enc4x.0.weight_quantized'. It is no longer used by any node.
2026-09-19 14:37:47.5664078 [I:onnxruntime:, graph.cc:4888 onnxruntime::Graph::CleanUnusedInitializersAndNodeArgs] Removing initializer 'onnx::Conv_767_zero_point'. It is no longer used by any node.
2026-09-19 14:37:47.5665311 [I:onnxruntime:, graph.cc:4888 onnxruntime::Graph::CleanUnusedInitializersAndNodeArgs] Removing initializer 'hr_branch.conv_enc4x.0.bias_zero_point'. It is no longer used by any node.
2026-09-19 14:37:47.5668498 [I:onnxruntime:, graph.cc:4888 onnxruntime::Graph::CleanUnusedInitializersAndNodeArgs] Removing initializer 'hr_branch.conv_enc4x.0.bias_quantized'. It is no longer used by any node.
2026-09-19 14:37:47.5669839 [I:onnxruntime:, graph.cc:4888 onnxruntime::Graph::CleanUnusedInitializersAndNodeArgs] Removing initializer '/lr_branch/backbone/features.4/conv/conv.6/Conv_output_0_zero_point'. It is no longer used by any node.
2026-09-19 14:37:47.5671321 [I:onnxruntime:, graph.cc:4888 onnxruntime::Graph::CleanUnusedInitializersAndNodeArgs] Removing initializer 'onnx::Conv_692_zero_point'. It is no longer used by any node.
2026-09-19 14:37:47.5672617 [I:onnxruntime:, graph.cc:4888 onnxruntime::Graph::CleanUnusedInitializersAndNodeArgs] Removing initializer 'onnx::Conv_692_quantized'. It is no longer used by any node.
2026-09-19 14:37:47.5674772 [I:onnxruntime:, graph.cc:4888 onnxruntime::Graph::CleanUnusedInitializersAndNodeArgs] Removing initializer 'onnx::Conv_750_quantized'. It is no longer used by any node.
2026-09-19 14:37:47.5764712 [I:onnxruntime:, graph.cc:4888 onnxruntime::Graph::CleanUnusedInitializersAndNodeArgs] Removing initializer 'onnx::Conv_693_zero_point'. It is no longer used by any node.
2026-09-19 14:37:47.5766706 [I:onnxruntime:, graph.cc:4888 onnxruntime::Graph::CleanUnusedInitializersAndNodeArgs] Removing initializer 'onnx::Conv_693_quantized'. It is no longer used by any node.
2026-09-19 14:37:47.5768561 [I:onnxruntime:, graph.cc:4888 onnxruntime::Graph::CleanUnusedInitializersAndNodeArgs] Removing initializer 'lr_branch.conv_lr16x.0.weight_quantized'. It is no longer used by any node.
2026-09-19 14:37:47.5770954 [I:onnxruntime:, graph.cc:4888 onnxruntime::Graph::CleanUnusedInitializersAndNodeArgs] Removing initializer 'lr_branch.se_block.fc.0.weight_scale'. It is no longer used by any node.
2026-09-19 14:37:47.5772091 [I:onnxruntime:, graph.cc:4888 onnxruntime::Graph::CleanUnusedInitializersAndNodeArgs] Removing initializer 'onnx::Conv_695_zero_point'. It is no longer used by any node.
2026-09-19 14:37:47.5773337 [I:onnxruntime:, graph.cc:4888 onnxruntime::Graph::CleanUnusedInitializersAndNodeArgs] Removing initializer 'lr_branch.se_block.fc.0.weight_zero_point'. It is no longer used by any node.
2026-09-19 14:37:47.5774434 [I:onnxruntime:, graph.cc:4888 onnxruntime::Graph::CleanUnusedInitializersAndNodeArgs] Removing initializer 'onnx::Conv_695_quantized'. It is no longer used by any node.
2026-09-19 14:37:47.5775446 [I:onnxruntime:, graph.cc:4888 onnxruntime::Graph::CleanUnusedInitializersAndNodeArgs] Removing initializer 'lr_branch.se_block.fc.0.weight_quantized'. It is no longer used by any node.
2026-09-19 14:37:47.5776735 [I:onnxruntime:, graph.cc:4888 onnxruntime::Graph::CleanUnusedInitializersAndNodeArgs] Removing initializer 'onnx::Conv_696_zero_point'. It is no longer used by any node.
2026-09-19 14:37:47.5777740 [I:onnxruntime:, graph.cc:4888 onnxruntime::Graph::CleanUnusedInitializersAndNodeArgs] Removing initializer 'onnx::Conv_696_quantized'. It is no longer used by any node.
2026-09-19 14:37:47.5778927 [I:onnxruntime:, graph.cc:4888 onnxruntime::Graph::CleanUnusedInitializersAndNodeArgs] Removing initializer '/hr_branch/conv_hr4x/conv_hr4x.5/Relu_output_0_zero_point'. It is no longer used by any node.
2026-09-19 14:37:47.5780094 [I:onnxruntime:, graph.cc:4888 onnxruntime::Graph::CleanUnusedInitializersAndNodeArgs] Removing initializer '/lr_branch/backbone/features.5/conv/conv.2/Clip_output_0_zero_point'. It is no longer used by any node.
2026-09-19 14:37:47.5781803 [I:onnxruntime:, graph.cc:4888 onnxruntime::Graph::CleanUnusedInitializersAndNodeArgs] Removing initializer '/lr_branch/conv_lr16x/conv_lr16x.1/Relu_output_0_zero_point'. It is no longer used by any node.
2026-09-19 14:37:47.5784283 [I:onnxruntime:, graph.cc:4888 onnxruntime::Graph::CleanUnusedInitializersAndNodeArgs] Removing initializer 'onnx::Conv_698_zero_point'. It is no longer used by any node.
2026-09-19 14:37:47.5786164 [I:onnxruntime:, graph.cc:4888 onnxruntime::Graph::CleanUnusedInitializersAndNodeArgs] Removing initializer 'onnx::Conv_698_quantized'. It is no longer used by any node.
2026-09-19 14:37:47.5788036 [I:onnxruntime:, graph.cc:4888 onnxruntime::Graph::CleanUnusedInitializersAndNodeArgs] Removing initializer 'onnx::Conv_801_zero_point'. It is no longer used by any node.
2026-09-19 14:37:47.5789893 [I:onnxruntime:, graph.cc:4888 onnxruntime::Graph::CleanUnusedInitializersAndNodeArgs] Removing initializer 'onnx::Conv_699_zero_point'. It is no longer used by any node.
2026-09-19 14:37:47.5791752 [I:onnxruntime:, graph.cc:4888 onnxruntime::Graph::CleanUnusedInitializersAndNodeArgs] Removing initializer 'onnx::Conv_699_quantized'. It is no longer used by any node.
2026-09-19 14:37:47.5794044 [I:onnxruntime:, graph.cc:4888 onnxruntime::Graph::CleanUnusedInitializersAndNodeArgs] Removing initializer 'onnx::Conv_789_zero_point'. It is no longer used by any node.
2026-09-19 14:37:47.5862645 [I:onnxruntime:, graph.cc:4888 onnxruntime::Graph::CleanUnusedInitializersAndNodeArgs] Removing initializer '/lr_branch/backbone/features.5/conv/conv.5/Clip_output_0_zero_point'. It is no longer used by any node.
2026-09-19 14:37:47.5864999 [I:onnxruntime:, graph.cc:4888 onnxruntime::Graph::CleanUnusedInitializersAndNodeArgs] Removing initializer 'onnx::Conv_702_zero_point'. It is no longer used by any node.
2026-09-19 14:37:47.5866967 [I:onnxruntime:, graph.cc:4888 onnxruntime::Graph::CleanUnusedInitializersAndNodeArgs] Removing initializer '/f_branch/Concat_output_0_zero_point'. It is no longer used by any node.
2026-09-19 14:37:47.5868204 [I:onnxruntime:, graph.cc:4888 onnxruntime::Graph::CleanUnusedInitializersAndNodeArgs] Removing initializer 'onnx::Conv_701_zero_point'. It is no longer used by any node.
2026-09-19 14:37:47.5869322 [I:onnxruntime:, graph.cc:4888 onnxruntime::Graph::CleanUnusedInitializersAndNodeArgs] Removing initializer 'onnx::Conv_701_quantized'. It is no longer used by any node.
2026-09-19 14:37:47.5870644 [I:onnxruntime:, graph.cc:4888 onnxruntime::Graph::CleanUnusedInitializersAndNodeArgs] Removing initializer 'onnx::Conv_783_zero_point'. It is no longer used by any node.
2026-09-19 14:37:47.5871672 [I:onnxruntime:, graph.cc:4888 onnxruntime::Graph::CleanUnusedInitializersAndNodeArgs] Removing initializer 'onnx::Conv_702_quantized'. It is no longer used by any node.
2026-09-19 14:37:47.5872790 [I:onnxruntime:, graph.cc:4888 onnxruntime::Graph::CleanUnusedInitializersAndNodeArgs] Removing initializer '/lr_branch/se_block/Mul_output_0_zero_point'. It is no longer used by any node.
2026-09-19 14:37:47.5873972 [I:onnxruntime:, graph.cc:4888 onnxruntime::Graph::CleanUnusedInitializersAndNodeArgs] Removing initializer '/lr_branch/backbone/features.5/Add_output_0_zero_point'. It is no longer used by any node.
2026-09-19 14:37:47.5875187 [I:onnxruntime:, graph.cc:4888 onnxruntime::Graph::CleanUnusedInitializersAndNodeArgs] Removing initializer 'onnx::Conv_771_zero_point'. It is no longer used by any node.
2026-09-19 14:37:47.5876559 [I:onnxruntime:, graph.cc:4888 onnxruntime::Graph::CleanUnusedInitializersAndNodeArgs] Removing initializer 'onnx::Conv_704_quantized'. It is no longer used by any node.
2026-09-19 14:37:47.5877975 [I:onnxruntime:, graph.cc:4888 onnxruntime::Graph::CleanUnusedInitializersAndNodeArgs] Removing initializer 'onnx::Conv_705_zero_point'. It is no longer used by any node.
2026-09-19 14:37:47.5879020 [I:onnxruntime:, graph.cc:4888 onnxruntime::Graph::CleanUnusedInitializersAndNodeArgs] Removing initializer 'onnx::Conv_705_quantized'. It is no longer used by any node.
2026-09-19 14:37:47.5880482 [I:onnxruntime:, graph.cc:4888 onnxruntime::Graph::CleanUnusedInitializersAndNodeArgs] Removing initializer '/lr_branch/backbone/features.12/Add_output_0_zero_point'. It is no longer used by any node.
2026-09-19 14:37:47.5881638 [I:onnxruntime:, graph.cc:4888 onnxruntime::Graph::CleanUnusedInitializersAndNodeArgs] Removing initializer '/lr_branch/backbone/features.6/conv/conv.2/Clip_output_0_zero_point'. It is no longer used by any node.
2026-09-19 14:37:47.5882868 [I:onnxruntime:, graph.cc:4888 onnxruntime::Graph::CleanUnusedInitializersAndNodeArgs] Removing initializer 'onnx::Conv_707_zero_point'. It is no longer used by any node.
2026-09-19 14:37:47.5884202 [I:onnxruntime:, graph.cc:4888 onnxruntime::Graph::CleanUnusedInitializersAndNodeArgs] Removing initializer 'onnx::Conv_723_zero_point'. It is no longer used by any node.
2026-09-19 14:37:47.5885191 [I:onnxruntime:, graph.cc:4888 onnxruntime::Graph::CleanUnusedInitializersAndNodeArgs] Removing initializer 'onnx::Conv_707_quantized'. It is no longer used by any node.
2026-09-19 14:37:47.5886186 [I:onnxruntime:, graph.cc:4888 onnxruntime::Graph::CleanUnusedInitializersAndNodeArgs] Removing initializer 'onnx::Conv_708_zero_point'. It is no longer used by any node.
2026-09-19 14:37:47.5887491 [I:onnxruntime:, graph.cc:4888 onnxruntime::Graph::CleanUnusedInitializersAndNodeArgs] Removing initializer 'onnx::Conv_708_quantized'. It is no longer used by any node.
2026-09-19 14:37:47.6071675 [I:onnxruntime:, graph.cc:4888 onnxruntime::Graph::CleanUnusedInitializersAndNodeArgs] Removing initializer 'hr_branch.conv_hr2x.0.bias_zero_point'. It is no longer used by any node.
2026-09-19 14:37:47.6074139 [I:onnxruntime:, graph.cc:4888 onnxruntime::Graph::CleanUnusedInitializersAndNodeArgs] Removing initializer '/lr_branch/backbone/features.6/conv/conv.5/Clip_output_0_zero_point'. It is no longer used by any node.
2026-09-19 14:37:47.6077629 [I:onnxruntime:, graph.cc:4888 onnxruntime::Graph::CleanUnusedInitializersAndNodeArgs] Removing initializer 'onnx::Conv_779_quantized'. It is no longer used by any node.
2026-09-19 14:37:47.6080119 [I:onnxruntime:, graph.cc:4888 onnxruntime::Graph::CleanUnusedInitializersAndNodeArgs] Removing initializer 'onnx::Conv_788_zero_point'. It is no longer used by any node.
2026-09-19 14:37:47.6082640 [I:onnxruntime:, graph.cc:4888 onnxruntime::Graph::CleanUnusedInitializersAndNodeArgs] Removing initializer 'onnx::Conv_710_zero_point'. It is no longer used by any node.
2026-09-19 14:37:47.6086002 [I:onnxruntime:, graph.cc:4888 onnxruntime::Graph::CleanUnusedInitializersAndNodeArgs] Removing initializer 'onnx::Conv_710_quantized'. It is no longer used by any node.
2026-09-19 14:37:47.6087295 [I:onnxruntime:, graph.cc:4888 onnxruntime::Graph::CleanUnusedInitializersAndNodeArgs] Removing initializer 'onnx::Conv_711_quantized'. It is no longer used by any node.
2026-09-19 14:37:47.6088407 [I:onnxruntime:, graph.cc:4888 onnxruntime::Graph::CleanUnusedInitializersAndNodeArgs] Removing initializer '/lr_branch/backbone/features.6/Add_output_0_zero_point'. It is no longer used by any node.
2026-09-19 14:37:47.6090004 [I:onnxruntime:, graph.cc:4888 onnxruntime::Graph::CleanUnusedInitializersAndNodeArgs] Removing initializer 'onnx::Conv_713_zero_point'. It is no longer used by any node.
2026-09-19 14:37:47.6091010 [I:onnxruntime:, graph.cc:4888 onnxruntime::Graph::CleanUnusedInitializersAndNodeArgs] Removing initializer '/lr_branch/backbone/features.10/conv/conv.2/Clip_output_0_zero_point'. It is no longer used by any node.
2026-09-19 14:37:47.6092557 [I:onnxruntime:, graph.cc:4888 onnxruntime::Graph::CleanUnusedInitializersAndNodeArgs] Removing initializer 'onnx::Conv_713_quantized'. It is no longer used by any node.
2026-09-19 14:37:47.6093615 [I:onnxruntime:, graph.cc:4888 onnxruntime::Graph::CleanUnusedInitializersAndNodeArgs] Removing initializer 'lr_branch.conv_lr16x.0.bias_quantized'. It is no longer used by any node.
2026-09-19 14:37:47.6094675 [I:onnxruntime:, graph.cc:4888 onnxruntime::Graph::CleanUnusedInitializersAndNodeArgs] Removing initializer 'onnx::Conv_714_zero_point'. It is no longer used by any node.
2026-09-19 14:37:47.6095685 [I:onnxruntime:, graph.cc:4888 onnxruntime::Graph::CleanUnusedInitializersAndNodeArgs] Removing initializer '/lr_branch/backbone/features.7/conv/conv.2/Clip_output_0_zero_point'. It is no longer used by any node.
2026-09-19 14:37:47.6097100 [I:onnxruntime:, graph.cc:4888 onnxruntime::Graph::CleanUnusedInitializersAndNodeArgs] Removing initializer 'onnx::Conv_716_zero_point'. It is no longer used by any node.
2026-09-19 14:37:47.6098092 [I:onnxruntime:, graph.cc:4888 onnxruntime::Graph::CleanUnusedInitializersAndNodeArgs] Removing initializer 'onnx::Conv_716_quantized'. It is no longer used by any node.
2026-09-19 14:37:47.6099536 [I:onnxruntime:, graph.cc:4888 onnxruntime::Graph::CleanUnusedInitializersAndNodeArgs] Removing initializer '/lr_branch/backbone/features.7/conv/conv.5/Clip_output_0_zero_point'. It is no longer used by any node.
2026-09-19 14:37:47.6100775 [I:onnxruntime:, graph.cc:4888 onnxruntime::Graph::CleanUnusedInitializersAndNodeArgs] Removing initializer 'onnx::Conv_762_zero_point'. It is no longer used by any node.
2026-09-19 14:37:47.6101786 [I:onnxruntime:, graph.cc:4888 onnxruntime::Graph::CleanUnusedInitializersAndNodeArgs] Removing initializer 'onnx::Conv_786_zero_point'. It is no longer used by any node.
2026-09-19 14:37:47.6230951 [I:onnxruntime:, graph.cc:4888 onnxruntime::Graph::CleanUnusedInitializersAndNodeArgs] Removing initializer '/lr_branch/backbone/features.7/conv/conv.6/Conv_output_0_zero_point'. It is no longer used by any node.
2026-09-19 14:37:47.6233489 [I:onnxruntime:, graph.cc:4888 onnxruntime::Graph::CleanUnusedInitializersAndNodeArgs] Removing initializer 'onnx::Conv_773_quantized'. It is no longer used by any node.
2026-09-19 14:37:47.6234734 [I:onnxruntime:, graph.cc:4888 onnxruntime::Graph::CleanUnusedInitializersAndNodeArgs] Removing initializer 'onnx::Conv_719_quantized'. It is no longer used by any node.
2026-09-19 14:37:47.6235768 [I:onnxruntime:, graph.cc:4888 onnxruntime::Graph::CleanUnusedInitializersAndNodeArgs] Removing initializer 'onnx::Conv_720_zero_point'. It is no longer used by any node.
2026-09-19 14:37:47.6237163 [I:onnxruntime:, graph.cc:4888 onnxruntime::Graph::CleanUnusedInitializersAndNodeArgs] Removing initializer 'onnx::Conv_759_quantized'. It is no longer used by any node.
2026-09-19 14:37:47.6238542 [I:onnxruntime:, graph.cc:4888 onnxruntime::Graph::CleanUnusedInitializersAndNodeArgs] Removing initializer 'onnx::Conv_720_quantized'. It is no longer used by any node.
2026-09-19 14:37:47.6239568 [I:onnxruntime:, graph.cc:4888 onnxruntime::Graph::CleanUnusedInitializersAndNodeArgs] Removing initializer 'onnx::Conv_722_zero_point'. It is no longer used by any node.
2026-09-19 14:37:47.6240610 [I:onnxruntime:, graph.cc:4888 onnxruntime::Graph::CleanUnusedInitializersAndNodeArgs] Removing initializer 'onnx::Conv_722_quantized'. It is no longer used by any node.
2026-09-19 14:37:47.6241965 [I:onnxruntime:, graph.cc:4888 onnxruntime::Graph::CleanUnusedInitializersAndNodeArgs] Removing initializer 'onnx::Conv_723_quantized'. It is no longer used by any node.
2026-09-19 14:37:47.6243050 [I:onnxruntime:, graph.cc:4888 onnxruntime::Graph::CleanUnusedInitializersAndNodeArgs] Removing initializer 'hr_branch.conv_hr2x.0.weight_quantized'. It is no longer used by any node.
2026-09-19 14:37:47.6244677 [I:onnxruntime:, graph.cc:4888 onnxruntime::Graph::CleanUnusedInitializersAndNodeArgs] Removing initializer '/lr_branch/backbone/features.8/conv/conv.2/Clip_output_0_zero_point'. It is no longer used by any node.
2026-09-19 14:37:47.6246209 [I:onnxruntime:, graph.cc:4888 onnxruntime::Graph::CleanUnusedInitializersAndNodeArgs] Removing initializer 'onnx::Conv_725_zero_point'. It is no longer used by any node.
2026-09-19 14:37:47.6247715 [I:onnxruntime:, graph.cc:4888 onnxruntime::Graph::CleanUnusedInitializersAndNodeArgs] Removing initializer 'onnx::Conv_806_quantized'. It is no longer used by any node.
2026-09-19 14:37:47.6249055 [I:onnxruntime:, graph.cc:4888 onnxruntime::Graph::CleanUnusedInitializersAndNodeArgs] Removing initializer 'onnx::Conv_725_quantized'. It is no longer used by any node.
2026-09-19 14:37:47.6250253 [I:onnxruntime:, graph.cc:4888 onnxruntime::Graph::CleanUnusedInitializersAndNodeArgs] Removing initializer '/lr_branch/backbone/features.8/conv/conv.5/Clip_output_0_zero_point'. It is no longer used by any node.
2026-09-19 14:37:47.6252286 [I:onnxruntime:, graph.cc:4888 onnxruntime::Graph::CleanUnusedInitializersAndNodeArgs] Removing initializer '/lr_branch/backbone/features.8/conv/conv.6/Conv_output_0_zero_point'. It is no longer used by any node.
2026-09-19 14:37:47.6254518 [I:onnxruntime:, graph.cc:4888 onnxruntime::Graph::CleanUnusedInitializersAndNodeArgs] Removing initializer 'onnx::Conv_732_quantized'. It is no longer used by any node.
2026-09-19 14:37:47.6256306 [I:onnxruntime:, graph.cc:4888 onnxruntime::Graph::CleanUnusedInitializersAndNodeArgs] Removing initializer 'f_branch.conv_f.2.weight_quantized'. It is no longer used by any node.
2026-09-19 14:37:47.6258526 [I:onnxruntime:, graph.cc:4888 onnxruntime::Graph::CleanUnusedInitializersAndNodeArgs] Removing initializer '/lr_branch/backbone/features.11/conv/conv.5/Clip_output_0_zero_point'. It is no longer used by any node.
2026-09-19 14:37:47.6261252 [I:onnxruntime:, graph.cc:4888 onnxruntime::Graph::CleanUnusedInitializersAndNodeArgs] Removing initializer 'onnx::Conv_728_zero_point'. It is no longer used by any node.
2026-09-19 14:37:47.6380104 [I:onnxruntime:, graph.cc:4888 onnxruntime::Graph::CleanUnusedInitializersAndNodeArgs] Removing initializer 'onnx::Conv_728_quantized'. It is no longer used by any node.
2026-09-19 14:37:47.6382127 [I:onnxruntime:, graph.cc:4888 onnxruntime::Graph::CleanUnusedInitializersAndNodeArgs] Removing initializer '/lr_branch/backbone/features.8/Add_output_0_zero_point'. It is no longer used by any node.
2026-09-19 14:37:47.6384308 [I:onnxruntime:, graph.cc:4888 onnxruntime::Graph::CleanUnusedInitializersAndNodeArgs] Removing initializer 'onnx::Conv_731_zero_point'. It is no longer used by any node.
2026-09-19 14:37:47.6386436 [I:onnxruntime:, graph.cc:4888 onnxruntime::Graph::CleanUnusedInitializersAndNodeArgs] Removing initializer 'onnx::Conv_731_quantized'. It is no longer used by any node.
2026-09-19 14:37:47.6388586 [I:onnxruntime:, graph.cc:4888 onnxruntime::Graph::CleanUnusedInitializersAndNodeArgs] Removing initializer 'onnx::Conv_809_quantized'. It is no longer used by any node.
2026-09-19 14:37:47.6390324 [I:onnxruntime:, graph.cc:4888 onnxruntime::Graph::CleanUnusedInitializersAndNodeArgs] Removing initializer 'onnx::Conv_732_zero_point'. It is no longer used by any node.
2026-09-19 14:37:47.6392061 [I:onnxruntime:, graph.cc:4888 onnxruntime::Graph::CleanUnusedInitializersAndNodeArgs] Removing initializer '/lr_branch/backbone/features.9/conv/conv.2/Clip_output_0_zero_point'. It is no longer used by any node.
2026-09-19 14:37:47.6394547 [I:onnxruntime:, graph.cc:4888 onnxruntime::Graph::CleanUnusedInitializersAndNodeArgs] Removing initializer 'hr_branch.conv_hr4x.4.weight_zero_point'. It is no longer used by any node.
2026-09-19 14:37:47.6396191 [I:onnxruntime:, graph.cc:4888 onnxruntime::Graph::CleanUnusedInitializersAndNodeArgs] Removing initializer 'onnx::Conv_734_zero_point'. It is no longer used by any node.
2026-09-19 14:37:47.6398151 [I:onnxruntime:, graph.cc:4888 onnxruntime::Graph::CleanUnusedInitializersAndNodeArgs] Removing initializer 'onnx::Conv_735_zero_point'. It is no longer used by any node.
2026-09-19 14:37:47.6400412 [I:onnxruntime:, graph.cc:4888 onnxruntime::Graph::CleanUnusedInitializersAndNodeArgs] Removing initializer 'onnx::Conv_735_quantized'. It is no longer used by any node.
2026-09-19 14:37:47.6402185 [I:onnxruntime:, graph.cc:4888 onnxruntime::Graph::CleanUnusedInitializersAndNodeArgs] Removing initializer '/lr_branch/backbone/features.13/conv/conv.5/Clip_output_0_zero_point'. It is no longer used by any node.
2026-09-19 14:37:47.6404309 [I:onnxruntime:, graph.cc:4888 onnxruntime::Graph::CleanUnusedInitializersAndNodeArgs] Removing initializer '/lr_branch/backbone/features.9/conv/conv.5/Clip_output_0_zero_point'. It is no longer used by any node.
2026-09-19 14:37:47.6406565 [I:onnxruntime:, graph.cc:4888 onnxruntime::Graph::CleanUnusedInitializersAndNodeArgs] Removing initializer 'onnx::Conv_737_quantized'. It is no longer used by any node.
2026-09-19 14:37:47.6407931 [I:onnxruntime:, graph.cc:4888 onnxruntime::Graph::CleanUnusedInitializersAndNodeArgs] Removing initializer 'onnx::Conv_738_zero_point'. It is no longer used by any node.
2026-09-19 14:37:47.6408929 [I:onnxruntime:, graph.cc:4888 onnxruntime::Graph::CleanUnusedInitializersAndNodeArgs] Removing initializer 'onnx::Conv_738_quantized'. It is no longer used by any node.
2026-09-19 14:37:47.6410037 [I:onnxruntime:, graph.cc:4888 onnxruntime::Graph::CleanUnusedInitializersAndNodeArgs] Removing initializer '/lr_branch/backbone/features.9/Add_output_0_zero_point'. It is no longer used by any node.
2026-09-19 14:37:47.6411468 [I:onnxruntime:, graph.cc:4888 onnxruntime::Graph::CleanUnusedInitializersAndNodeArgs] Removing initializer 'onnx::Conv_740_zero_point'. It is no longer used by any node.
2026-09-19 14:37:47.6412662 [I:onnxruntime:, graph.cc:4888 onnxruntime::Graph::CleanUnusedInitializersAndNodeArgs] Removing initializer 'onnx::Conv_740_quantized'. It is no longer used by any node.
2026-09-19 14:37:47.6543092 [I:onnxruntime:, graph.cc:4888 onnxruntime::Graph::CleanUnusedInitializersAndNodeArgs] Removing initializer 'onnx::Conv_743_zero_point'. It is no longer used by any node.
2026-09-19 14:37:47.6545244 [I:onnxruntime:, graph.cc:4888 onnxruntime::Graph::CleanUnusedInitializersAndNodeArgs] Removing initializer 'onnx::Conv_743_quantized'. It is no longer used by any node.
2026-09-19 14:37:47.6547010 [I:onnxruntime:, graph.cc:4888 onnxruntime::Graph::CleanUnusedInitializersAndNodeArgs] Removing initializer 'onnx::Conv_744_zero_point'. It is no longer used by any node.
2026-09-19 14:37:47.6548759 [I:onnxruntime:, graph.cc:4888 onnxruntime::Graph::CleanUnusedInitializersAndNodeArgs] Removing initializer 'onnx::Conv_744_quantized'. It is no longer used by any node.
2026-09-19 14:37:47.6550829 [I:onnxruntime:, graph.cc:4888 onnxruntime::Graph::CleanUnusedInitializersAndNodeArgs] Removing initializer '/lr_branch/backbone/features.10/conv/conv.6/Conv_output_0_zero_point'. It is no longer used by any node.
2026-09-19 14:37:47.6552405 [I:onnxruntime:, graph.cc:4888 onnxruntime::Graph::CleanUnusedInitializersAndNodeArgs] Removing initializer 'onnx::Conv_746_zero_point'. It is no longer used by any node.
2026-09-19 14:37:47.6553434 [I:onnxruntime:, graph.cc:4888 onnxruntime::Graph::CleanUnusedInitializersAndNodeArgs] Removing initializer 'onnx::Conv_746_quantized'. It is no longer used by any node.
2026-09-19 14:37:47.6554430 [I:onnxruntime:, graph.cc:4888 onnxruntime::Graph::CleanUnusedInitializersAndNodeArgs] Removing initializer 'hr_branch.conv_hr4x.0.bias_quantized'. It is no longer used by any node.
2026-09-19 14:37:47.6555861 [I:onnxruntime:, graph.cc:4888 onnxruntime::Graph::CleanUnusedInitializersAndNodeArgs] Removing initializer 'onnx::Conv_747_zero_point'. It is no longer used by any node.
2026-09-19 14:37:47.6556870 [I:onnxruntime:, graph.cc:4888 onnxruntime::Graph::CleanUnusedInitializersAndNodeArgs] Removing initializer 'onnx::Conv_747_quantized'. It is no longer used by any node.
2026-09-19 14:37:47.6557866 [I:onnxruntime:, graph.cc:4888 onnxruntime::Graph::CleanUnusedInitializersAndNodeArgs] Removing initializer 'onnx::Conv_749_zero_point'. It is no longer used by any node.
2026-09-19 14:37:47.6559206 [I:onnxruntime:, graph.cc:4888 onnxruntime::Graph::CleanUnusedInitializersAndNodeArgs] Removing initializer 'onnx::Conv_749_quantized'. It is no longer used by any node.
2026-09-19 14:37:47.6560569 [I:onnxruntime:, graph.cc:4888 onnxruntime::Graph::CleanUnusedInitializersAndNodeArgs] Removing initializer 'onnx::Conv_752_zero_point'. It is no longer used by any node.
2026-09-19 14:37:47.6562387 [I:onnxruntime:, graph.cc:4888 onnxruntime::Graph::CleanUnusedInitializersAndNodeArgs] Removing initializer 'onnx::Conv_752_quantized'. It is no longer used by any node.
2026-09-19 14:37:47.6564104 [I:onnxruntime:, graph.cc:4888 onnxruntime::Graph::CleanUnusedInitializersAndNodeArgs] Removing initializer 'onnx::Conv_753_zero_point'. It is no longer used by any node.
2026-09-19 14:37:47.6565970 [I:onnxruntime:, graph.cc:4888 onnxruntime::Graph::CleanUnusedInitializersAndNodeArgs] Removing initializer '/f_branch/conv_f/conv_f.1/Relu_output_0_zero_point'. It is no longer used by any node.
2026-09-19 14:37:47.6568062 [I:onnxruntime:, graph.cc:4888 onnxruntime::Graph::CleanUnusedInitializersAndNodeArgs] Removing initializer 'onnx::Conv_753_quantized'. It is no longer used by any node.
2026-09-19 14:37:47.6569919 [I:onnxruntime:, graph.cc:4888 onnxruntime::Graph::CleanUnusedInitializersAndNodeArgs] Removing initializer '/lr_branch/backbone/features.11/conv/conv.6/Conv_output_0_zero_point'. It is no longer used by any node.
2026-09-19 14:37:47.6572494 [I:onnxruntime:, graph.cc:4888 onnxruntime::Graph::CleanUnusedInitializersAndNodeArgs] Removing initializer '/lr_branch/backbone/features.12/conv/conv.5/Clip_output_0_zero_point'. It is no longer used by any node.
2026-09-19 14:37:47.6574769 [I:onnxruntime:, graph.cc:4888 onnxruntime::Graph::CleanUnusedInitializersAndNodeArgs] Removing initializer 'onnx::Conv_755_zero_point'. It is no longer used by any node.
2026-09-19 14:37:47.6680732 [I:onnxruntime:, graph.cc:4888 onnxruntime::Graph::CleanUnusedInitializersAndNodeArgs] Removing initializer 'onnx::Conv_756_zero_point'. It is no longer used by any node.
2026-09-19 14:37:47.6683160 [I:onnxruntime:, graph.cc:4888 onnxruntime::Graph::CleanUnusedInitializersAndNodeArgs] Removing initializer '/hr_branch/Concat_3_output_0_zero_point'. It is no longer used by any node.
2026-09-19 14:37:47.6685274 [I:onnxruntime:, graph.cc:4888 onnxruntime::Graph::CleanUnusedInitializersAndNodeArgs] Removing initializer '/lr_branch/backbone/features.13/conv/conv.2/Clip_output_0_zero_point'. It is no longer used by any node.
2026-09-19 14:37:47.6688189 [I:onnxruntime:, graph.cc:4888 onnxruntime::Graph::CleanUnusedInitializersAndNodeArgs] Removing initializer 'onnx::Conv_758_zero_point'. It is no longer used by any node.
2026-09-19 14:37:47.6690695 [I:onnxruntime:, graph.cc:4888 onnxruntime::Graph::CleanUnusedInitializersAndNodeArgs] Removing initializer 'onnx::Conv_758_quantized'. It is no longer used by any node.
2026-09-19 14:37:47.6692457 [I:onnxruntime:, graph.cc:4888 onnxruntime::Graph::CleanUnusedInitializersAndNodeArgs] Removing initializer 'onnx::Conv_759_zero_point'. It is no longer used by any node.
2026-09-19 14:37:47.6694281 [I:onnxruntime:, graph.cc:4888 onnxruntime::Graph::CleanUnusedInitializersAndNodeArgs] Removing initializer 'onnx::Conv_761_zero_point'. It is no longer used by any node.
2026-09-19 14:37:47.6695585 [I:onnxruntime:, graph.cc:4888 onnxruntime::Graph::CleanUnusedInitializersAndNodeArgs] Removing initializer '/lr_branch/backbone/features.13/conv/conv.6/Conv_output_0_zero_point'. It is no longer used by any node.
2026-09-19 14:37:47.6699161 [I:onnxruntime:, graph.cc:4888 onnxruntime::Graph::CleanUnusedInitializersAndNodeArgs] Removing initializer 'onnx::Conv_761_quantized'. It is no longer used by any node.
2026-09-19 14:37:47.6701322 [I:onnxruntime:, graph.cc:4888 onnxruntime::Graph::CleanUnusedInitializersAndNodeArgs] Removing initializer 'onnx::Conv_762_quantized'. It is no longer used by any node.
2026-09-19 14:37:47.6703398 [I:onnxruntime:, graph.cc:4888 onnxruntime::Graph::CleanUnusedInitializersAndNodeArgs] Removing initializer '/lr_branch/backbone/features.12/conv/conv.6/Conv_output_0_zero_point'. It is no longer used by any node.
2026-09-19 14:37:47.6705614 [I:onnxruntime:, graph.cc:4888 onnxruntime::Graph::CleanUnusedInitializersAndNodeArgs] Removing initializer 'onnx::Conv_792_zero_point'. It is no longer used by any node.
2026-09-19 14:37:47.6707884 [I:onnxruntime:, graph.cc:4888 onnxruntime::Graph::CleanUnusedInitializersAndNodeArgs] Removing initializer 'onnx::Conv_764_zero_point'. It is no longer used by any node.
2026-09-19 14:37:47.6709018 [I:onnxruntime:, graph.cc:4888 onnxruntime::Graph::CleanUnusedInitializersAndNodeArgs] Removing initializer 'onnx::Conv_782_quantized'. It is no longer used by any node.
2026-09-19 14:37:47.6710109 [I:onnxruntime:, graph.cc:4888 onnxruntime::Graph::CleanUnusedInitializersAndNodeArgs] Removing initializer 'onnx::Conv_764_quantized'. It is no longer used by any node.
2026-09-19 14:37:47.6711337 [I:onnxruntime:, graph.cc:4888 onnxruntime::Graph::CleanUnusedInitializersAndNodeArgs] Removing initializer 'onnx::Conv_812_zero_point'. It is no longer used by any node.
2026-09-19 14:37:47.6712982 [I:onnxruntime:, graph.cc:4888 onnxruntime::Graph::CleanUnusedInitializersAndNodeArgs] Removing initializer '/lr_branch/backbone/features.15/conv/conv.5/Clip_output_0_zero_point'. It is no longer used by any node.
2026-09-19 14:37:47.6714776 [I:onnxruntime:, graph.cc:4888 onnxruntime::Graph::CleanUnusedInitializersAndNodeArgs] Removing initializer 'f_branch.conv_f.0.bias_zero_point'. It is no longer used by any node.
2026-09-19 14:37:47.6717005 [I:onnxruntime:, graph.cc:4888 onnxruntime::Graph::CleanUnusedInitializersAndNodeArgs] Removing initializer 'onnx::Conv_801_quantized'. It is no longer used by any node.
2026-09-19 14:37:47.6802084 [I:onnxruntime:, graph.cc:4888 onnxruntime::Graph::CleanUnusedInitializersAndNodeArgs] Removing initializer 'onnx::Conv_785_zero_point'. It is no longer used by any node.
2026-09-19 14:37:47.6803872 [I:onnxruntime:, graph.cc:4888 onnxruntime::Graph::CleanUnusedInitializersAndNodeArgs] Removing initializer 'onnx::Conv_765_quantized'. It is no longer used by any node.
2026-09-19 14:37:47.6806224 [I:onnxruntime:, graph.cc:4888 onnxruntime::Graph::CleanUnusedInitializersAndNodeArgs] Removing initializer 'onnx::Conv_767_quantized'. It is no longer used by any node.
2026-09-19 14:37:47.6807696 [I:onnxruntime:, graph.cc:4888 onnxruntime::Graph::CleanUnusedInitializersAndNodeArgs] Removing initializer 'onnx::Conv_768_zero_point'. It is no longer used by any node.
2026-09-19 14:37:47.6808798 [I:onnxruntime:, graph.cc:4888 onnxruntime::Graph::CleanUnusedInitializersAndNodeArgs] Removing initializer 'onnx::Conv_768_quantized'. It is no longer used by any node.
2026-09-19 14:37:47.6810295 [I:onnxruntime:, graph.cc:4888 onnxruntime::Graph::CleanUnusedInitializersAndNodeArgs] Removing initializer 'onnx::Conv_770_zero_point'. It is no longer used by any node.
2026-09-19 14:37:47.6811347 [I:onnxruntime:, graph.cc:4888 onnxruntime::Graph::CleanUnusedInitializersAndNodeArgs] Removing initializer 'onnx::Conv_771_quantized'. It is no longer used by any node.
2026-09-19 14:37:47.6812456 [I:onnxruntime:, graph.cc:4888 onnxruntime::Graph::CleanUnusedInitializersAndNodeArgs] Removing initializer 'onnx::Conv_773_zero_point'. It is no longer used by any node.
2026-09-19 14:37:47.6813751 [I:onnxruntime:, graph.cc:4888 onnxruntime::Graph::CleanUnusedInitializersAndNodeArgs] Removing initializer 'onnx::Conv_774_quantized'. It is no longer used by any node.
2026-09-19 14:37:47.6814781 [I:onnxruntime:, graph.cc:4888 onnxruntime::Graph::CleanUnusedInitializersAndNodeArgs] Removing initializer '/lr_branch/backbone/features.13/Add_output_0_zero_point'. It is no longer used by any node.
2026-09-19 14:37:47.6815933 [I:onnxruntime:, graph.cc:4888 onnxruntime::Graph::CleanUnusedInitializersAndNodeArgs] Removing initializer 'onnx::Conv_777_zero_point'. It is no longer used by any node.
2026-09-19 14:37:47.6817221 [I:onnxruntime:, graph.cc:4888 onnxruntime::Graph::CleanUnusedInitializersAndNodeArgs] Removing initializer '/hr_branch/Concat_2_output_0_zero_point'. It is no longer used by any node.
2026-09-19 14:37:47.6818330 [I:onnxruntime:, graph.cc:4888 onnxruntime::Graph::CleanUnusedInitializersAndNodeArgs] Removing initializer 'onnx::Conv_779_zero_point'. It is no longer used by any node.
2026-09-19 14:37:47.6820077 [I:onnxruntime:, graph.cc:4888 onnxruntime::Graph::CleanUnusedInitializersAndNodeArgs] Removing initializer 'onnx::Conv_813_quantized'. It is no longer used by any node.
2026-09-19 14:37:47.6821074 [I:onnxruntime:, graph.cc:4888 onnxruntime::Graph::CleanUnusedInitializersAndNodeArgs] Removing initializer 'onnx::Conv_782_zero_point'. It is no longer used by any node.
2026-09-19 14:37:47.6822099 [I:onnxruntime:, graph.cc:4888 onnxruntime::Graph::CleanUnusedInitializersAndNodeArgs] Removing initializer 'onnx::Conv_783_quantized'. It is no longer used by any node.
2026-09-19 14:37:47.6823129 [I:onnxruntime:, graph.cc:4888 onnxruntime::Graph::CleanUnusedInitializersAndNodeArgs] Removing initializer 'onnx::Conv_785_quantized'. It is no longer used by any node.
2026-09-19 14:37:47.6824438 [I:onnxruntime:, graph.cc:4888 onnxruntime::Graph::CleanUnusedInitializersAndNodeArgs] Removing initializer 'onnx::Conv_786_quantized'. It is no longer used by any node.
2026-09-19 14:37:47.6825857 [I:onnxruntime:, graph.cc:4888 onnxruntime::Graph::CleanUnusedInitializersAndNodeArgs] Removing initializer '/f_branch/Concat_1_output_0_zero_point'. It is no longer used by any node.
2026-09-19 14:37:47.6827388 [I:onnxruntime:, graph.cc:4888 onnxruntime::Graph::CleanUnusedInitializersAndNodeArgs] Removing initializer '/lr_branch/backbone/features.15/conv/conv.2/Clip_output_0_zero_point'. It is no longer used by any node.
2026-09-19 14:37:47.6987196 [I:onnxruntime:, graph.cc:4888 onnxruntime::Graph::CleanUnusedInitializersAndNodeArgs] Removing initializer 'hr_branch.conv_hr2x.0.bias_quantized'. It is no longer used by any node.
2026-09-19 14:37:47.6988961 [I:onnxruntime:, graph.cc:4888 onnxruntime::Graph::CleanUnusedInitializersAndNodeArgs] Removing initializer 'onnx::Conv_788_quantized'. It is no longer used by any node.
2026-09-19 14:37:47.6990368 [I:onnxruntime:, graph.cc:4888 onnxruntime::Graph::CleanUnusedInitializersAndNodeArgs] Removing initializer 'onnx::Conv_807_zero_point'. It is no longer used by any node.
2026-09-19 14:37:47.6991790 [I:onnxruntime:, graph.cc:4888 onnxruntime::Graph::CleanUnusedInitializersAndNodeArgs] Removing initializer 'onnx::Conv_789_quantized'. It is no longer used by any node.
2026-09-19 14:37:47.6993148 [I:onnxruntime:, graph.cc:4888 onnxruntime::Graph::CleanUnusedInitializersAndNodeArgs] Removing initializer '/lr_branch/backbone/features.15/conv/conv.6/Conv_output_0_zero_point'. It is no longer used by any node.
2026-09-19 14:37:47.6994717 [I:onnxruntime:, graph.cc:4888 onnxruntime::Graph::CleanUnusedInitializersAndNodeArgs] Removing initializer 'onnx::Conv_791_zero_point'. It is no longer used by any node.
2026-09-19 14:37:47.6996758 [I:onnxruntime:, graph.cc:4888 onnxruntime::Graph::CleanUnusedInitializersAndNodeArgs] Removing initializer 'onnx::Conv_791_quantized'. It is no longer used by any node.
2026-09-19 14:37:47.6999086 [I:onnxruntime:, graph.cc:4888 onnxruntime::Graph::CleanUnusedInitializersAndNodeArgs] Removing initializer '/lr_branch/backbone/features.15/Add_output_0_zero_point'. It is no longer used by any node.
2026-09-19 14:37:47.7000515 [I:onnxruntime:, graph.cc:4888 onnxruntime::Graph::CleanUnusedInitializersAndNodeArgs] Removing initializer 'onnx::Conv_794_zero_point'. It is no longer used by any node.
2026-09-19 14:37:47.7001725 [I:onnxruntime:, graph.cc:4888 onnxruntime::Graph::CleanUnusedInitializersAndNodeArgs] Removing initializer 'onnx::Conv_794_quantized'. It is no longer used by any node.
2026-09-19 14:37:47.7002960 [I:onnxruntime:, graph.cc:4888 onnxruntime::Graph::CleanUnusedInitializersAndNodeArgs] Removing initializer 'onnx::Conv_795_zero_point'. It is no longer used by any node.
2026-09-19 14:37:47.7004970 [I:onnxruntime:, graph.cc:4888 onnxruntime::Graph::CleanUnusedInitializersAndNodeArgs] Removing initializer 'onnx::Conv_795_quantized'. It is no longer used by any node.
2026-09-19 14:37:47.7006823 [I:onnxruntime:, graph.cc:4888 onnxruntime::Graph::CleanUnusedInitializersAndNodeArgs] Removing initializer '/lr_branch/backbone/features.16/conv/conv.2/Clip_output_0_zero_point'. It is no longer used by any node.
2026-09-19 14:37:47.7008218 [I:onnxruntime:, graph.cc:4888 onnxruntime::Graph::CleanUnusedInitializersAndNodeArgs] Removing initializer 'onnx::Conv_797_zero_point'. It is no longer used by any node.
2026-09-19 14:37:47.7009460 [I:onnxruntime:, graph.cc:4888 onnxruntime::Graph::CleanUnusedInitializersAndNodeArgs] Removing initializer '/hr_branch/conv_hr4x/conv_hr4x.1/Relu_output_0_zero_point'. It is no longer used by any node.
2026-09-19 14:37:47.7010698 [I:onnxruntime:, graph.cc:4888 onnxruntime::Graph::CleanUnusedInitializersAndNodeArgs] Removing initializer 'onnx::Conv_797_quantized'. It is no longer used by any node.
2026-09-19 14:37:47.7011783 [I:onnxruntime:, graph.cc:4888 onnxruntime::Graph::CleanUnusedInitializersAndNodeArgs] Removing initializer '/hr_branch/conv_hr4x/conv_hr4x.3/Relu_output_0_zero_point'. It is no longer used by any node.
2026-09-19 14:37:47.7013543 [I:onnxruntime:, graph.cc:4888 onnxruntime::Graph::CleanUnusedInitializersAndNodeArgs] Removing initializer '/lr_branch/backbone/features.17/conv/conv.2/Clip_output_0_zero_point'. It is no longer used by any node.
2026-09-19 14:37:47.7014829 [I:onnxruntime:, graph.cc:4888 onnxruntime::Graph::CleanUnusedInitializersAndNodeArgs] Removing initializer 'onnx::Conv_798_zero_point'. It is no longer used by any node.
2026-09-19 14:37:47.7015907 [I:onnxruntime:, graph.cc:4888 onnxruntime::Graph::CleanUnusedInitializersAndNodeArgs] Removing initializer 'onnx::Conv_798_quantized'. It is no longer used by any node.
2026-09-19 14:37:47.7155406 [I:onnxruntime:, graph.cc:4888 onnxruntime::Graph::CleanUnusedInitializersAndNodeArgs] Removing initializer '/hr_branch/conv_hr2x/conv_hr2x.5/Relu_output_0_zero_point'. It is no longer used by any node.
2026-09-19 14:37:47.7157769 [I:onnxruntime:, graph.cc:4888 onnxruntime::Graph::CleanUnusedInitializersAndNodeArgs] Removing initializer '/lr_branch/backbone/features.16/Add_output_0_zero_point'. It is no longer used by any node.
2026-09-19 14:37:47.7159904 [I:onnxruntime:, graph.cc:4888 onnxruntime::Graph::CleanUnusedInitializersAndNodeArgs] Removing initializer '/lr_branch/se_block/fc/fc.3/Sigmoid_output_0_zero_point'. It is no longer used by any node.
2026-09-19 14:37:47.7162231 [I:onnxruntime:, graph.cc:4888 onnxruntime::Graph::CleanUnusedInitializersAndNodeArgs] Removing initializer 'onnx::Conv_804_zero_point'. It is no longer used by any node.
2026-09-19 14:37:47.7163493 [I:onnxruntime:, graph.cc:4888 onnxruntime::Graph::CleanUnusedInitializersAndNodeArgs] Removing initializer 'onnx::Conv_804_quantized'. It is no longer used by any node.
2026-09-19 14:37:47.7165073 [I:onnxruntime:, graph.cc:4888 onnxruntime::Graph::CleanUnusedInitializersAndNodeArgs] Removing initializer 'onnx::Conv_806_zero_point'. It is no longer used by any node.
2026-09-19 14:37:47.7166390 [I:onnxruntime:, graph.cc:4888 onnxruntime::Graph::CleanUnusedInitializersAndNodeArgs] Removing initializer '/lr_branch/se_block/fc/fc.2/Conv_output_0_zero_point'. It is no longer used by any node.
2026-09-19 14:37:47.7168024 [I:onnxruntime:, graph.cc:4888 onnxruntime::Graph::CleanUnusedInitializersAndNodeArgs] Removing initializer 'onnx::Conv_807_quantized'. It is no longer used by any node.
2026-09-19 14:37:47.7169137 [I:onnxruntime:, graph.cc:4888 onnxruntime::Graph::CleanUnusedInitializersAndNodeArgs] Removing initializer '/lr_branch/backbone/features.17/conv/conv.5/Clip_output_0_zero_point'. It is no longer used by any node.
2026-09-19 14:37:47.7170521 [I:onnxruntime:, graph.cc:4888 onnxruntime::Graph::CleanUnusedInitializersAndNodeArgs] Removing initializer 'onnx::Conv_809_zero_point'. It is no longer used by any node.
2026-09-19 14:37:47.7172901 [I:onnxruntime:, graph.cc:4888 onnxruntime::Graph::CleanUnusedInitializersAndNodeArgs] Removing initializer 'onnx::Conv_810_zero_point'. It is no longer used by any node.
2026-09-19 14:37:47.7174193 [I:onnxruntime:, graph.cc:4888 onnxruntime::Graph::CleanUnusedInitializersAndNodeArgs] Removing initializer 'onnx::Conv_810_quantized'. It is no longer used by any node.
2026-09-19 14:37:47.7176690 [I:onnxruntime:, graph.cc:4888 onnxruntime::Graph::CleanUnusedInitializersAndNodeArgs] Removing initializer 'onnx::Conv_813_zero_point'. It is no longer used by any node.
2026-09-19 14:37:47.7178455 [I:onnxruntime:, graph.cc:4888 onnxruntime::Graph::CleanUnusedInitializersAndNodeArgs] Removing initializer 'hr_branch.conv_hr2x.4.weight_quantized'. It is no longer used by any node.
2026-09-19 14:37:47.7180347 [I:onnxruntime:, graph.cc:4888 onnxruntime::Graph::CleanUnusedInitializersAndNodeArgs] Removing initializer '/lr_branch/backbone/features.18/features.18.2/Clip_output_0_zero_point'. It is no longer used by any node.
2026-09-19 14:37:47.7182514 [I:onnxruntime:, graph.cc:4888 onnxruntime::Graph::CleanUnusedInitializersAndNodeArgs] Removing initializer '/lr_branch/se_block/fc/fc.1/Relu_output_0_zero_point'. It is no longer used by any node.
2026-09-19 14:37:47.7184543 [I:onnxruntime:, graph.cc:4888 onnxruntime::Graph::CleanUnusedInitializersAndNodeArgs] Removing initializer 'lr_branch.se_block.fc.2.weight_zero_point'. It is no longer used by any node.
2026-09-19 14:37:47.7187285 [I:onnxruntime:, graph.cc:4888 onnxruntime::Graph::CleanUnusedInitializersAndNodeArgs] Removing initializer 'lr_branch.conv_lr16x.0.weight_zero_point'. It is no longer used by any node.
2026-09-19 14:37:47.7189048 [I:onnxruntime:, graph.cc:4888 onnxruntime::Graph::CleanUnusedInitializersAndNodeArgs] Removing initializer 'lr_branch.conv_lr16x.0.bias_zero_point'. It is no longer used by any node.
2026-09-19 14:37:47.7325751 [I:onnxruntime:, graph.cc:4888 onnxruntime::Graph::CleanUnusedInitializersAndNodeArgs] Removing initializer 'lr_branch.conv_lr8x.0.weight_quantized'. It is no longer used by any node.
2026-09-19 14:37:47.7327829 [I:onnxruntime:, graph.cc:4888 onnxruntime::Graph::CleanUnusedInitializersAndNodeArgs] Removing initializer '/lr_branch/conv_lr8x/conv_lr8x.1/Relu_output_0_zero_point'. It is no longer used by any node.
2026-09-19 14:37:47.7330016 [I:onnxruntime:, graph.cc:4888 onnxruntime::Graph::CleanUnusedInitializersAndNodeArgs] Removing initializer 'f_branch.conv_lr4x.0.weight_zero_point'. It is no longer used by any node.
2026-09-19 14:37:47.7331250 [I:onnxruntime:, graph.cc:4888 onnxruntime::Graph::CleanUnusedInitializersAndNodeArgs] Removing initializer 'f_branch.conv_lr4x.0.weight_quantized'. It is no longer used by any node.
2026-09-19 14:37:47.7332373 [I:onnxruntime:, graph.cc:4888 onnxruntime::Graph::CleanUnusedInitializersAndNodeArgs] Removing initializer 'f_branch.conv_lr4x.0.bias_zero_point'. It is no longer used by any node.
2026-09-19 14:37:47.7333672 [I:onnxruntime:, graph.cc:4888 onnxruntime::Graph::CleanUnusedInitializersAndNodeArgs] Removing initializer 'f_branch.conv_lr4x.0.bias_quantized'. It is no longer used by any node.
2026-09-19 14:37:47.7334886 [I:onnxruntime:, graph.cc:4888 onnxruntime::Graph::CleanUnusedInitializersAndNodeArgs] Removing initializer 'hr_branch.conv_hr4x.0.weight_zero_point'. It is no longer used by any node.
2026-09-19 14:37:47.7336002 [I:onnxruntime:, graph.cc:4888 onnxruntime::Graph::CleanUnusedInitializersAndNodeArgs] Removing initializer 'hr_branch.conv_hr4x.0.weight_quantized'. It is no longer used by any node.
2026-09-19 14:37:47.7337103 [I:onnxruntime:, graph.cc:4888 onnxruntime::Graph::CleanUnusedInitializersAndNodeArgs] Removing initializer 'hr_branch.conv_hr4x.0.bias_zero_point'. It is no longer used by any node.
2026-09-19 14:37:47.7338215 [I:onnxruntime:, graph.cc:4888 onnxruntime::Graph::CleanUnusedInitializersAndNodeArgs] Removing initializer '/f_branch/conv_lr4x/conv_lr4x.1/Relu_output_0_zero_point'. It is no longer used by any node.
2026-09-19 14:37:47.7339420 [I:onnxruntime:, graph.cc:4888 onnxruntime::Graph::CleanUnusedInitializersAndNodeArgs] Removing initializer 'hr_branch.conv_hr4x.2.weight_zero_point'. It is no longer used by any node.
2026-09-19 14:37:47.7340553 [I:onnxruntime:, graph.cc:4888 onnxruntime::Graph::CleanUnusedInitializersAndNodeArgs] Removing initializer 'hr_branch.conv_hr4x.2.weight_quantized'. It is no longer used by any node.
2026-09-19 14:37:47.7341991 [I:onnxruntime:, graph.cc:4888 onnxruntime::Graph::CleanUnusedInitializersAndNodeArgs] Removing initializer 'hr_branch.conv_hr4x.2.bias_zero_point'. It is no longer used by any node.
2026-09-19 14:37:47.7343828 [I:onnxruntime:, graph.cc:4888 onnxruntime::Graph::CleanUnusedInitializersAndNodeArgs] Removing initializer 'hr_branch.conv_hr4x.2.bias_quantized'. It is no longer used by any node.
2026-09-19 14:37:47.7346020 [I:onnxruntime:, graph.cc:4888 onnxruntime::Graph::CleanUnusedInitializersAndNodeArgs] Removing initializer 'hr_branch.conv_hr4x.4.bias_zero_point'. It is no longer used by any node.
2026-09-19 14:37:47.7348568 [I:onnxruntime:, graph.cc:4888 onnxruntime::Graph::CleanUnusedInitializersAndNodeArgs] Removing initializer 'hr_branch.conv_hr2x.0.weight_zero_point'. It is no longer used by any node.
2026-09-19 14:37:47.7350579 [I:onnxruntime:, graph.cc:4888 onnxruntime::Graph::CleanUnusedInitializersAndNodeArgs] Removing initializer 'hr_branch.conv_hr2x.2.weight_zero_point'. It is no longer used by any node.
2026-09-19 14:37:47.7352694 [I:onnxruntime:, graph.cc:4888 onnxruntime::Graph::CleanUnusedInitializersAndNodeArgs] Removing initializer 'hr_branch.conv_hr2x.2.weight_quantized'. It is no longer used by any node.
2026-09-19 14:37:47.7356283 [I:onnxruntime:, graph.cc:4888 onnxruntime::Graph::CleanUnusedInitializersAndNodeArgs] Removing initializer 'hr_branch.conv_hr2x.2.bias_zero_point'. It is no longer used by any node.
2026-09-19 14:37:47.7496375 [I:onnxruntime:, graph.cc:4888 onnxruntime::Graph::CleanUnusedInitializersAndNodeArgs] Removing initializer '/hr_branch/conv_hr2x/conv_hr2x.3/Relu_output_0_zero_point'. It is no longer used by any node.
2026-09-19 14:37:47.7499015 [I:onnxruntime:, graph.cc:4888 onnxruntime::Graph::CleanUnusedInitializersAndNodeArgs] Removing initializer 'hr_branch.conv_hr2x.4.weight_zero_point'. It is no longer used by any node.
2026-09-19 14:37:47.7501215 [I:onnxruntime:, graph.cc:4888 onnxruntime::Graph::CleanUnusedInitializersAndNodeArgs] Removing initializer 'hr_branch.conv_hr2x.4.bias_quantized'. It is no longer used by any node.
2026-09-19 14:37:47.7503096 [I:onnxruntime:, graph.cc:4888 onnxruntime::Graph::CleanUnusedInitializersAndNodeArgs] Removing initializer 'hr_branch.conv_hr2x.6.weight_zero_point'. It is no longer used by any node.
2026-09-19 14:37:47.7505476 [I:onnxruntime:, graph.cc:4888 onnxruntime::Graph::CleanUnusedInitializersAndNodeArgs] Removing initializer 'f_branch.conv_f.2.weight_zero_point'. It is no longer used by any node.
2026-09-19 14:37:47.7507304 [I:onnxruntime:, graph.cc:4888 onnxruntime::Graph::CleanUnusedInitializersAndNodeArgs] Removing initializer 'hr_branch.conv_hr2x.6.weight_quantized'. It is no longer used by any node.
2026-09-19 14:37:47.7509597 [I:onnxruntime:, graph.cc:4888 onnxruntime::Graph::CleanUnusedInitializersAndNodeArgs] Removing initializer 'hr_branch.conv_hr2x.6.bias_zero_point'. It is no longer used by any node.
2026-09-19 14:37:47.7511207 [I:onnxruntime:, graph.cc:4888 onnxruntime::Graph::CleanUnusedInitializersAndNodeArgs] Removing initializer 'hr_branch.conv_hr2x.6.bias_quantized'. It is no longer used by any node.
2026-09-19 14:37:47.7513114 [I:onnxruntime:, graph.cc:4888 onnxruntime::Graph::CleanUnusedInitializersAndNodeArgs] Removing initializer 'f_branch.conv_f2x.0.bias_zero_point'. It is no longer used by any node.
2026-09-19 14:37:47.7515198 [I:onnxruntime:, graph.cc:4888 onnxruntime::Graph::CleanUnusedInitializersAndNodeArgs] Removing initializer '/f_branch/conv_f2x/conv_f2x.1/Relu_output_0_zero_point'. It is no longer used by any node.
2026-09-19 14:37:47.7517255 [I:onnxruntime:, graph.cc:4888 onnxruntime::Graph::CleanUnusedInitializersAndNodeArgs] Removing initializer 'f_branch.conv_f.2.bias_zero_point'. It is no longer used by any node.
2026-09-19 14:37:47.7519555 [I:onnxruntime:, graph.cc:4888 onnxruntime::Graph::CleanUnusedInitializersAndNodeArgs] Removing initializer 'f_branch.conv_f.0.weight_zero_point'. It is no longer used by any node.
2026-09-19 14:37:47.7521724 [I:onnxruntime:, graph.cc:4888 onnxruntime::Graph::CleanUnusedInitializersAndNodeArgs] Removing initializer 'f_branch.conv_f.0.weight_quantized'. It is no longer used by any node.
2026-09-19 14:37:47.7523334 [I:onnxruntime:, graph.cc:4888 onnxruntime::Graph::CleanUnusedInitializersAndNodeArgs] Removing initializer 'f_branch.conv_f.0.bias_quantized'. It is no longer used by any node.
2026-09-19 14:37:47.7524911 [I:onnxruntime:, graph.cc:4888 onnxruntime::Graph::CleanUnusedInitializersAndNodeArgs] Removing initializer 'f_branch.conv_f.2.bias_quantized'. It is no longer used by any node.
2026-09-19 14:37:47.7525976 [I:onnxruntime:, graph.cc:4888 onnxruntime::Graph::CleanUnusedInitializersAndNodeArgs] Removing initializer '/lr_branch/se_block/fc/fc.3/Sigmoid_output_0_Scale'. It is no longer used by any node.
2026-09-19 14:37:47.7537140 [I:onnxruntime:, inference_session.cc:1465 onnxruntime::InferenceSession::TransformGraph] Running graph optimizations in loop 1 time/s (Graph Optimizations Loop Level : 1)
2026-09-19 14:37:47.7538261 [I:onnxruntime:, graph_transformer.cc:15 onnxruntime::GraphTransformer::Apply] GraphTransformer Level2_RuleBasedTransformer modified: 0 with status: OK
2026-09-19 14:37:47.7539383 [I:onnxruntime:, graph_transformer.cc:15 onnxruntime::GraphTransformer::Apply] GraphTransformer TransposeOptimizer_CPUExecutionProvider modified: 0 with status: OK
2026-09-19 14:37:47.7613022 [I:onnxruntime:, graph_transformer.cc:15 onnxruntime::GraphTransformer::Apply] GraphTransformer QDQS8ToU8Transformer modified: 0 with status: OK
2026-09-19 14:37:47.7615493 [I:onnxruntime:, graph_transformer.cc:15 onnxruntime::GraphTransformer::Apply] GraphTransformer QDQSelectorActionTransformer modified: 0 with status: OK
2026-09-19 14:37:47.7617565 [I:onnxruntime:, graph_transformer.cc:15 onnxruntime::GraphTransformer::Apply] GraphTransformer GemmActivationFusion modified: 0 with status: OK
2026-09-19 14:37:47.7619189 [I:onnxruntime:, graph_transformer.cc:15 onnxruntime::GraphTransformer::Apply] GraphTransformer MatMulIntegerToFloatFusion modified: 0 with status: OK
2026-09-19 14:37:47.7620188 [I:onnxruntime:, graph_transformer.cc:15 onnxruntime::GraphTransformer::Apply] GraphTransformer DynamicQuantizeMatMulFusion modified: 0 with status: OK
2026-09-19 14:37:47.7621869 [I:onnxruntime:, graph_transformer.cc:15 onnxruntime::GraphTransformer::Apply] GraphTransformer ConvActivationFusion modified: 0 with status: OK
2026-09-19 14:37:47.7623641 [I:onnxruntime:, graph_transformer.cc:15 onnxruntime::GraphTransformer::Apply] GraphTransformer GeluFusionL2 modified: 0 with status: OK
2026-09-19 14:37:47.7624534 [I:onnxruntime:, graph_transformer.cc:15 onnxruntime::GraphTransformer::Apply] GraphTransformer LayerNormFusionL2 modified: 0 with status: OK
2026-09-19 14:37:47.7625472 [I:onnxruntime:, graph_transformer.cc:15 onnxruntime::GraphTransformer::Apply] GraphTransformer SimplifiedLayerNormFusion modified: 0 with status: OK
2026-09-19 14:37:47.7627408 [I:onnxruntime:, graph_transformer.cc:15 onnxruntime::GraphTransformer::Apply] GraphTransformer AttentionFusion modified: 0 with status: OK
2026-09-19 14:37:47.7628359 [I:onnxruntime:, graph_transformer.cc:15 onnxruntime::GraphTransformer::Apply] GraphTransformer EmbedLayerNormFusion modified: 0 with status: OK
2026-09-19 14:37:47.7629493 [I:onnxruntime:, graph_transformer.cc:15 onnxruntime::GraphTransformer::Apply] GraphTransformer GatherSliceToSplitFusion modified: 0 with status: OK
2026-09-19 14:37:47.7631431 [I:onnxruntime:, graph_transformer.cc:15 onnxruntime::GraphTransformer::Apply] GraphTransformer GatherToSliceFusion modified: 0 with status: OK
2026-09-19 14:37:47.7633505 [I:onnxruntime:, graph_transformer.cc:15 onnxruntime::GraphTransformer::Apply] GraphTransformer MatmulTransposeFusion modified: 0 with status: OK
2026-09-19 14:37:47.7635403 [I:onnxruntime:, graph_transformer.cc:15 onnxruntime::GraphTransformer::Apply] GraphTransformer BiasGeluFusion modified: 0 with status: OK
2026-09-19 14:37:47.7637115 [I:onnxruntime:, graph_transformer.cc:15 onnxruntime::GraphTransformer::Apply] GraphTransformer GroupQueryAttentionFusion modified: 0 with status: OK
2026-09-19 14:37:47.7638913 [I:onnxruntime:, graph_transformer.cc:15 onnxruntime::GraphTransformer::Apply] GraphTransformer MatMulAddFusion modified: 0 with status: OK
2026-09-19 14:37:47.7640505 [I:onnxruntime:, graph_transformer.cc:15 onnxruntime::GraphTransformer::Apply] GraphTransformer SkipLayerNormFusion modified: 0 with status: OK
2026-09-19 14:37:47.7642786 [I:onnxruntime:, graph_transformer.cc:15 onnxruntime::GraphTransformer::Apply] GraphTransformer FastGeluFusion modified: 0 with status: OK
2026-09-19 14:37:47.7644502 [I:onnxruntime:, graph_transformer.cc:15 onnxruntime::GraphTransformer::Apply] GraphTransformer QuickGeluFusion modified: 0 with status: OK
2026-09-19 14:37:47.7645430 [I:onnxruntime:, graph_transformer.cc:15 onnxruntime::GraphTransformer::Apply] GraphTransformer BiasSoftmaxFusion modified: 0 with status: OK
2026-09-19 14:37:47.7646348 [I:onnxruntime:, graph_transformer.cc:15 onnxruntime::GraphTransformer::Apply] GraphTransformer BiasDropoutFusion modified: 0 with status: OK
2026-09-19 14:37:47.7647337 [I:onnxruntime:, graph_transformer.cc:15 onnxruntime::GraphTransformer::Apply] GraphTransformer MatMulScaleFusion modified: 0 with status: OK
2026-09-19 14:37:47.7648262 [I:onnxruntime:, graph_transformer.cc:15 onnxruntime::GraphTransformer::Apply] GraphTransformer MatMulActivationFusion modified: 0 with status: OK
2026-09-19 14:37:47.7770572 [I:onnxruntime:, graph_transformer.cc:15 onnxruntime::GraphTransformer::Apply] GraphTransformer MatMulNBitsFusion modified: 0 with status: OK
2026-09-19 14:37:47.7772352 [I:onnxruntime:, graph_transformer.cc:15 onnxruntime::GraphTransformer::Apply] GraphTransformer QDQFinalCleanupTransformer modified: 0 with status: OK
2026-09-19 14:37:47.7774075 [I:onnxruntime:, graph_transformer.cc:15 onnxruntime::GraphTransformer::Apply] GraphTransformer NchwcTransformer modified: 0 with status: OK
2026-09-19 14:37:47.7775820 [I:onnxruntime:, graph_transformer.cc:15 onnxruntime::GraphTransformer::Apply] GraphTransformer NhwcTransformer modified: 0 with status: OK
2026-09-19 14:37:47.7777334 [I:onnxruntime:, graph_transformer.cc:15 onnxruntime::GraphTransformer::Apply] GraphTransformer ConvAddActivationFusion modified: 0 with status: OK
2026-09-19 14:37:47.7779491 [I:onnxruntime:, graph_transformer.cc:15 onnxruntime::GraphTransformer::Apply] GraphTransformer RemoveDuplicateCastTransformer modified: 0 with status: OK
2026-09-19 14:37:47.7781507 [I:onnxruntime:, graph_transformer.cc:15 onnxruntime::GraphTransformer::Apply] GraphTransformer CastFloat16Transformer modified: 0 with status: OK
2026-09-19 14:37:47.7783090 [I:onnxruntime:, graph_transformer.cc:15 onnxruntime::GraphTransformer::Apply] GraphTransformer FuseFp16InitializerToFp32NodeTransformer modified: 0 with status: OK
2026-09-19 14:37:47.7784791 [I:onnxruntime:, graph_transformer.cc:15 onnxruntime::GraphTransformer::Apply] GraphTransformer MemcpyTransformer modified: 0 with status: OK
[0;93m2026-09-19 14:37:47.7786420 [W:onnxruntime:, session_state.cc:1316 onnxruntime::VerifyEachNodeIsAssignedToAnEp] Some nodes were not assigned to the preferred execution providers which may or may not have an negative impact on performance. e.g. ORT explicitly assigns shape related ops to CPU to improve perf.[m
[0;93m2026-09-19 14:37:47.7790078 [W:onnxruntime:, session_state.cc:1318 onnxruntime::VerifyEachNodeIsAssignedToAnEp] Rerunning with verbose output on a non-minimal build will show node assignments.[m
2026-09-19 14:37:47.7792937 [I:onnxruntime:, allocation_planner.cc:2659 onnxruntime::IGraphPartitioner::CreateGraphPartitioner] Use DeviceBasedPartition as default
2026-09-19 14:37:47.7795209 [I:onnxruntime:, session_state_utils.cc:243 onnxruntime::session_state_utils::SaveInitializedTensors] Saving initialized tensors.
2026-09-19 14:37:47.7797288 [I:onnxruntime:, session_state_utils.cc:438 onnxruntime::session_state_utils::SaveInitializedTensors] Done saving initialized tensors
2026-09-19 14:37:47.9923242 [I:onnxruntime:, inference_session.cc:2532 onnxruntime::InferenceSession::Initialize] Session successfully initialized.
AMD_REPORT {"path": "modnetcutcachekey/vitisai_ep_report.json", "sha256": "65a3443ec337f43c485546652841d0a6b2b1b413bed20dc4a07243119a976031", "report": {"deviceStat": [{"name": "all", "nodeNum": 507, "supportedOpType": ["::Add", "::Clip", "::Concat", "::Conv", "::DequantizeLinear", "::GlobalAveragePool", "::HardSigmoid", "::Mul", "::QuantizeLinear", "::Relu", "::Resize"]}, {"name": "CPU", "nodeNum": 1, "supportedOpType": ["::Resize"]}, {"name": "NPU", "nodeNum": 502, "supportedOpType": ["::Add", "::Clip", "::Concat", "::Conv", "::DequantizeLinear", "::GlobalAveragePool", "::HardSigmoid", "::Mul", "::QuantizeLinear", "::Relu", "::Resize"]}, {"name": "VITIS_EP_CPU", "nodeNum": 4, "supportedOpType": ["::DequantizeLinear", "::QuantizeLinear"]}], "nodeStat": [{"output": ["input_QuantizeLinear_Output"], "input": ["input", "input_scale", "input_zero_point"], "opType": "QuantizeLinear", "comment": "@30 [input_QuantizeLinear_Output:(ty=2,shape=[1,3,512,512])] QuantizeLinear [input:(ty=1,shape=[1,3,512,512]),input_scale:(ty=1,shape=[]),input_zero_point:(ty=2,shape=[])]", "device": "CPU"}, {"output": ["input_DequantizeLinear_Output/duplicated_token_2"], "input": ["input_QuantizeLinear_Output", "input_scale", "input_zero_point"], "opType": "DequantizeLinear", "comment": "@492 [input_DequantizeLinear_Output/duplicated_token_2:(ty=1,shape=[1,3,512,512])] DequantizeLinear [input_QuantizeLinear_Output:(ty=2,shape=[1,3,512,512]),input_scale:(ty=1,shape=[]),input_zero_point:(ty=2,shape=[])]", "device": "NPU"}, {"output": ["input_DequantizeLinear_Output/duplicated_token_0"], "input": ["input_QuantizeLinear_Output", "input_scale", "input_zero_point"], "opType": "DequantizeLinear", "comment": "@491 [input_DequantizeLinear_Output/duplicated_token_0:(ty=1,shape=[1,3,512,512])] DequantizeLinear [input_QuantizeLinear_Output:(ty=2,shape=[1,3,512,512]),input_scale:(ty=1,shape=[]),input_zero_point:(ty=2,shape=[])]", "device": "NPU"}, {"output": ["onnx::Conv_660_DequantizeLinear_Output"], "input": ["onnx::Conv_660_quantized", "onnx::Conv_674_scale", "onnx::Conv_660_zero_point"], "opType": "DequantizeLinear", "comment": "@38 [onnx::Conv_660_DequantizeLinear_Output:(ty=1,shape=[32])] DequantizeLinear [onnx::Conv_660_quantized:(ty=3,shape=[32]),onnx::Conv_674_scale:(ty=1,shape=[]),onnx::Conv_660_zero_point:(ty=3,shape=[])]", "device": "NPU"}, {"output": ["onnx::Conv_659_DequantizeLinear_Output"], "input": ["onnx::Conv_659_quantized", "onnx::Conv_683_scale", "onnx::Conv_659_zero_point"], "opType": "DequantizeLinear", "comment": "@37 [onnx::Conv_659_DequantizeLinear_Output:(ty=1,shape=[32,3,3,3])] DequantizeLinear [onnx::Conv_659_quantized:(ty=3,shape=[32,3,3,3]),onnx::Conv_683_scale:(ty=1,shape=[]),onnx::Conv_659_zero_point:(ty=3,shape=[])]", "device": "NPU"}, {"output": ["/lr_branch/backbone/features.0/features.0.0/Conv_output_0"], "input": ["input_DequantizeLinear_Output/duplicated_token_0", "onnx::Conv_659_DequantizeLinear_Output", "onnx::Conv_660_DequantizeLinear_Output"], "opType": "Conv", "comment": "@144 [/lr_branch/backbone/features.0/features.0.0/Conv_output_0:(ty=1,shape=[1,32,256,256])] Conv [input_DequantizeLinear_Output/duplicated_token_0:(ty=1,shape=[1,3,512,512]),onnx::Conv_659_DequantizeLinear_Output:(ty=1,shape=[32,3,3,3]),onnx::Conv_660_DequantizeLinear_Output:(ty=1,shape=[32])]", "device": "NPU"}, {"output": ["/lr_branch/backbone/features.0/features.0.2/Clip_output_0"], "input": ["/lr_branch/backbone/features.0/features.0.0/Conv_output_0", "/lr_branch/backbone/features.0/features.0.2/Constant_output_0", "/lr_branch/backbone/features.0/features.0.2/Constant_1_output_0"], "opType": "Clip", "comment": "@147 [/lr_branch/backbone/features.0/features.0.2/Clip_output_0:(ty=1,shape=[1,32,256,256])] Clip [/lr_branch/backbone/features.0/features.0.0/Conv_output_0:(ty=1,shape=[1,32,256,256]),/lr_branch/backbone/features.0/features.0.2/Constant_output_0:(ty=1,shape=[]),/lr_branch/backbone/features.0/features.0.2/Constant_1_output_0:(ty=1,shape=[])]", "device": "NPU"}, {"output": ["/lr_branch/backbone/features.0/features.0.2/Clip_output_0_QuantizeLinear_Output"], "input": ["/lr_branch/backbone/features.0/features.0.2/Clip_output_0", "onnx::Conv_672_scale", "/lr_branch/backbone/features.0/features.0.2/Clip_output_0_zero_point"], "opType": "QuantizeLinear", "comment": "@150 [/lr_branch/backbone/features.0/features.0.2/Clip_output_0_QuantizeLinear_Output:(ty=2,shape=[1,32,256,256])] QuantizeLinear [/lr_branch/backbone/features.0/features.0.2/Clip_output_0:(ty=1,shape=[1,32,256,256]),onnx::Conv_672_scale:(ty=1,shape=[]),/lr_branch/backbone/features.0/features.0.2/Clip_output_0_zero_point:(ty=2,shape=[])]", "device": "NPU"}, {"output": ["/lr_branch/backbone/features.0/features.0.2/Clip_output_0_DequantizeLinear_Output"], "input": ["/lr_branch/backbone/features.0/features.0.2/Clip_output_0_QuantizeLinear_Output", "onnx::Conv_672_scale", "/lr_branch/backbone/features.0/features.0.2/Clip_output_0_zero_point"], "opType": "DequantizeLinear", "comment": "@151 [/lr_branch/backbone/features.0/features.0.2/Clip_output_0_DequantizeLinear_Output:(ty=1,shape=[1,32,256,256])] DequantizeLinear [/lr_branch/backbone/features.0/features.0.2/Clip_output_0_QuantizeLinear_Output:(ty=2,shape=[1,32,256,256]),onnx::Conv_672_scale:(ty=1,shape=[]),/lr_branch/backbone/features.0/features.0.2/Clip_output_0_zero_point:(ty=2,shape=[])]", "device": "NPU"}, {"output": ["onnx::Conv_663_DequantizeLinear_Output"], "input": ["onnx::Conv_663_quantized", "onnx::Conv_672_scale", "onnx::Conv_663_zero_point"], "opType": "DequantizeLinear", "comment": "@40 [onnx::Conv_663_DequantizeLinear_Output:(ty=1,shape=[32])] DequantizeLinear [onnx::Conv_663_quantized:(ty=3,shape=[32]),onnx::Conv_672_scale:(ty=1,shape=[]),onnx::Conv_663_zero_point:(ty=3,shape=[])]", "device": "NPU"}, {"output": ["onnx::Conv_662_DequantizeLinear_Output"], "input": ["onnx::Conv_662_quantized", "onnx::Conv_662_scale", "onnx::Conv_662_zero_point"], "opType": "DequantizeLinear", "comment": "@39 [onnx::Conv_662_DequantizeLinear_Output:(ty=1,shape=[32,1,3,3])] DequantizeLinear [onnx::Conv_662_quantized:(ty=3,shape=[32,1,3,3]),onnx::Conv_662_scale:(ty=1,shape=[]),onnx::Conv_662_zero_point:(ty=3,shape=[])]", "device": "NPU"}, {"output": ["/lr_branch/backbone/features.1/conv/conv.0/Conv_output_0"], "input": ["/lr_branch/backbone/features.0/features.0.2/Clip_output_0_DequantizeLinear_Output", "onnx::Conv_662_DequantizeLinear_Output", "onnx::Conv_663_DequantizeLinear_Output"], "opType": "Conv", "comment": "@152 [/lr_branch/backbone/features.1/conv/conv.0/Conv_output_0:(ty=1,shape=[1,32,256,256])] Conv [/lr_branch/backbone/features.0/features.0.2/Clip_output_0_DequantizeLinear_Output:(ty=1,shape=[1,32,256,256]),onnx::Conv_662_DequantizeLinear_Output:(ty=1,shape=[32,1,3,3]),onnx::Conv_663_DequantizeLinear_Output:(ty=1,shape=[32])]", "device": "NPU"}, {"output": ["/lr_branch/backbone/features.1/conv/conv.2/Clip_output_0"], "input": ["/lr_branch/backbone/features.1/conv/conv.0/Conv_output_0", "/lr_branch/backbone/features.0/features.0.2/Constant_output_0", "/lr_branch/backbone/features.0/features.0.2/Constant_1_output_0"], "opType": "Clip", "comment": "@153 [/lr_branch/backbone/features.1/conv/conv.2/Clip_output_0:(ty=1,shape=[1,32,256,256])] Clip [/lr_branch/backbone/features.1/conv/conv.0/Conv_output_0:(ty=1,shape=[1,32,256,256]),/lr_branch/backbone/features.0/features.0.2/Constant_output_0:(ty=1,shape=[]),/lr_branch/backbone/features.0/features.0.2/Constant_1_output_0:(ty=1,shape=[])]", "device": "NPU"}, {"output": ["/lr_branch/backbone/features.1/conv/conv.2/Clip_output_0_QuantizeLinear_Output"], "input": ["/lr_branch/backbone/features.1/conv/conv.2/Clip_output_0", "/lr_branch/backbone/features.2/conv/conv.5/Clip_output_0_scale", "/lr_branch/backbone/features.1/conv/conv.2/Clip_output_0_zero_point"], "opType": "QuantizeLinear", "comment": "@154 [/lr_branch/backbone/features.1/conv/conv.2/Clip_output_0_QuantizeLinear_Output:(ty=2,shape=[1,32,256,256])] QuantizeLinear [/lr_branch/backbone/features.1/conv/conv.2/Clip_output_0:(ty=1,shape=[1,32,256,256]),/lr_branch/backbone/features.2/conv/conv.5/Clip_output_0_scale:(ty=1,shape=[]),/lr_branch/backbone/features.1/conv/conv.2/Clip_output_0_zero_point:(ty=2,shape=[])]", "device": "NPU"}, {"output": ["/lr_branch/backbone/features.1/conv/conv.2/Clip_output_0_DequantizeLinear_Output"], "input": ["/lr_branch/backbone/features.1/conv/conv.2/Clip_output_0_QuantizeLinear_Output", "/lr_branch/backbone/features.2/conv/conv.5/Clip_output_0_scale", "/lr_branch/backbone/features.1/conv/conv.2/Clip_output_0_zero_point"], "opType": "DequantizeLinear", "comment": "@155 [/lr_branch/backbone/features.1/conv/conv.2/Clip_output_0_DequantizeLinear_Output:(ty=1,shape=[1,32,256,256])] DequantizeLinear [/lr_branch/backbone/features.1/conv/conv.2/Clip_output_0_QuantizeLinear_Output:(ty=2,shape=[1,32,256,256]),/lr_branch/backbone/features.2/conv/conv.5/Clip_output_0_scale:(ty=1,shape=[]),/lr_branch/backbone/features.1/conv/conv.2/Clip_output_0_zero_point:(ty=2,shape=[])]", "device": "NPU"}, {"output": ["onnx::Conv_666_DequantizeLinear_Output"], "input": ["onnx::Conv_666_quantized", "/lr_branch/backbone/features.2/conv/conv.5/Clip_output_0_scale", "onnx::Conv_666_zero_point"], "opType": "DequantizeLinear", "comment": "@42 [onnx::Conv_666_DequantizeLinear_Output:(ty=1,shape=[16])] DequantizeLinear [onnx::Conv_666_quantized:(ty=3,shape=[16]),/lr_branch/backbone/features.2/conv/conv.5/Clip_output_0_scale:(ty=1,shape=[]),onnx::Conv_666_zero_point:(ty=3,shape=[])]", "device": "NPU"}, {"output": ["onnx::Conv_665_DequantizeLinear_Output"], "input": ["onnx::Conv_665_quantized", "onnx::Conv_674_scale", "onnx::Conv_665_zero_point"], "opType": "DequantizeLinear", "comment": "@41 [onnx::Conv_665_DequantizeLinear_Output:(ty=1,shape=[16,32,1,1])] DequantizeLinear [onnx::Conv_665_quantized:(ty=3,shape=[16,32,1,1]),onnx::Conv_674_scale:(ty=1,shape=[]),onnx::Conv_665_zero_point:(ty=3,shape=[])]", "device": "NPU"}, {"output": ["/lr_branch/backbone/features.1/conv/conv.3/Conv_output_0"], "input": ["/lr_branch/backbone/features.1/conv/conv.2/Clip_output_0_DequantizeLinear_Output", "onnx::Conv_665_DequantizeLinear_Output", "onnx::Conv_666_DequantizeLinear_Output"], "opType": "Conv", "comment": "@156 [/lr_branch/backbone/features.1/conv/conv.3/Conv_output_0:(ty=1,shape=[1,16,256,256])] Conv [/lr_branch/backbone/features.1/conv/conv.2/Clip_output_0_DequantizeLinear_Output:(ty=1,shape=[1,32,256,256]),onnx::Conv_665_DequantizeLinear_Output:(ty=1,shape=[16,32,1,1]),onnx::Conv_666_DequantizeLinear_Output:(ty=1,shape=[16])]", "device": "NPU"}, {"output": ["/lr_branch/backbone/features.1/conv/conv.3/Conv_output_0_QuantizeLinear_Output"], "input": ["/lr_branch/backbone/features.1/conv/conv.3/Conv_output_0", "/lr_branch/backbone/features.2/conv/conv.5/Clip_output_0_scale", "/lr_branch/backbone/features.1/conv/conv.3/Conv_output_0_zero_point"], "opType": "QuantizeLinear", "comment": "@157 [/lr_branch/backbone/features.1/conv/conv.3/Conv_output_0_QuantizeLinear_Output:(ty=2,shape=[1,16,256,256])] QuantizeLinear [/lr_branch/backbone/features.1/conv/conv.3/Conv_output_0:(ty=1,shape=[1,16,256,256]),/lr_branch/backbone/features.2/conv/conv.5/Clip_output_0_scale:(ty=1,shape=[]),/lr_branch/backbone/features.1/conv/conv.3/Conv_output_0_zero_point:(ty=2,shape=[])]", "device": "NPU"}, {"output": ["/lr_branch/backbone/features.1/conv/conv.3/Conv_output_0_DequantizeLinear_Output/duplicated"], "input": ["/lr_branch/backbone/features.1/conv/conv.3/Conv_output_0_QuantizeLinear_Output", "/lr_branch/backbone/features.2/conv/conv.5/Clip_output_0_scale", "/lr_branch/backbone/features.1/conv/conv.3/Conv_output_0_zero_point"], "opType": "DequantizeLinear", "comment": "@493 [/lr_branch/backbone/features.1/conv/conv.3/Conv_output_0_DequantizeLinear_Output/duplicated:(ty=1,shape=[1,16,256,256])] DequantizeLinear [/lr_branch/backbone/features.1/conv/conv.3/Conv_output_0_QuantizeLinear_Output:(ty=2,shape=[1,16,256,256]),/lr_branch/backbone/features.2/conv/conv.5/Clip_output_0_scale:(ty=1,shape=[]),/lr_branch/backbone/features.1/conv/conv.3/Conv_output_0_zero_point:(ty=2,shape=[])]", "device": "NPU"}, {"output": ["hr_branch.tohr_enc2x.0.weight_DequantizeLinear_Output"], "input": ["hr_branch.tohr_enc2x.0.weight_quantized", "onnx::Conv_683_scale", "hr_branch.tohr_enc2x.0.weight_zero_point"], "opType": "DequantizeLinear", "comment": "@27 [hr_branch.tohr_enc2x.0.weight_DequantizeLinear_Output:(ty=1,shape=[32,16,1,1])] DequantizeLinear [hr_branch.tohr_enc2x.0.weight_quantized:(ty=3,shape=[32,16,1,1]),onnx::Conv_683_scale:(ty=1,shape=[]),hr_branch.tohr_enc2x.0.weight_zero_point:(ty=3,shape=[])]", "device": "NPU"}, {"output": ["hr_branch.tohr_enc2x.0.bias_DequantizeLinear_Output"], "input": ["hr_branch.tohr_enc2x.0.bias_quantized", "/lr_branch/backbone/features.2/conv/conv.5/Clip_output_0_scale", "hr_branch.tohr_enc2x.0.bias_zero_point"], "opType": "DequantizeLinear", "comment": "@26 [hr_branch.tohr_enc2x.0.bias_DequantizeLinear_Output:(ty=1,shape=[32])] DequantizeLinear [hr_branch.tohr_enc2x.0.bias_quantized:(ty=3,shape=[32]),/lr_branch/backbone/features.2/conv/conv.5/Clip_output_0_scale:(ty=1,shape=[]),hr_branch.tohr_enc2x.0.bias_zero_point:(ty=3,shape=[])]", "device": "NPU"}, {"output": ["/hr_branch/tohr_enc2x/tohr_enc2x.0/Conv_output_0"], "input": ["/lr_branch/backbone/features.1/conv/conv.3/Conv_output_0_DequantizeLinear_Output/duplicated", "hr_branch.tohr_enc2x.0.weight_DequantizeLinear_Output", "hr_branch.tohr_enc2x.0.bias_DequantizeLinear_Output"], "opType": "Conv", "comment": "@160 [/hr_branch/tohr_enc2x/tohr_enc2x.0/Conv_output_0:(ty=1,shape=[1,32,256,256])] Conv [/lr_branch/backbone/features.1/conv/conv.3/Conv_output_0_DequantizeLinear_Output/duplicated:(ty=1,shape=[1,16,256,256]),hr_branch.tohr_enc2x.0.weight_DequantizeLinear_Output:(ty=1,shape=[32,16,1,1]),hr_branch.tohr_enc2x.0.bias_DequantizeLinear_Output:(ty=1,shape=[32])]", "device": "NPU"}, {"output": ["/hr_branch/tohr_enc2x/tohr_enc2x.1/Relu_output_0"], "input": ["/hr_branch/tohr_enc2x/tohr_enc2x.0/Conv_output_0"], "opType": "Relu", "comment": "@162 [/hr_branch/tohr_enc2x/tohr_enc2x.1/Relu_output_0:(ty=1,shape=[1,32,256,256])] Relu [/hr_branch/tohr_enc2x/tohr_enc2x.0/Conv_output_0:(ty=1,shape=[1,32,256,256])]", "device": "NPU"}, {"output": ["/hr_branch/tohr_enc2x/tohr_enc2x.1/Relu_output_0_QuantizeLinear_Output"], "input": ["/hr_branch/tohr_enc2x/tohr_enc2x.1/Relu_output_0", "input_scale", "/hr_branch/tohr_enc2x/tohr_enc2x.1/Relu_output_0_zero_point"], "opType": "QuantizeLinear", "comment": "@164 [/hr_branch/tohr_enc2x/tohr_enc2x.1/Relu_output_0_QuantizeLinear_Output:(ty=2,shape=[1,32,256,256])] QuantizeLinear [/hr_branch/tohr_enc2x/tohr_enc2x.1/Relu_output_0:(ty=1,shape=[1,32,256,256]),input_scale:(ty=1,shape=[]),/hr_branch/tohr_enc2x/tohr_enc2x.1/Relu_output_0_zero_point:(ty=2,shape=[])]", "device": "NPU"}, {"output": ["/hr_branch/tohr_enc2x/tohr_enc2x.1/Relu_output_0_DequantizeLinear_Output/duplicated"], "input": ["/hr_branch/tohr_enc2x/tohr_enc2x.1/Relu_output_0_QuantizeLinear_Output", "input_scale", "/hr_branch/tohr_enc2x/tohr_enc2x.1/Relu_output_0_zero_point"], "opType": "DequantizeLinear", "comment": "@507 [/hr_branch/tohr_enc2x/tohr_enc2x.1/Relu_output_0_DequantizeLinear_Output/duplicated:(ty=1,shape=[1,32,256,256])] DequantizeLinear [/hr_branch/tohr_enc2x/tohr_enc2x.1/Relu_output_0_QuantizeLinear_Output:(ty=2,shape=[1,32,256,256]),input_scale:(ty=1,shape=[]),/hr_branch/tohr_enc2x/tohr_enc2x.1/Relu_output_0_zero_point:(ty=2,shape=[])]", "device": "NPU"}, {"output": ["/lr_branch/backbone/features.1/conv/conv.3/Conv_output_0_DequantizeLinear_Output"], "input": ["/lr_branch/backbone/features.1/conv/conv.3/Conv_output_0_QuantizeLinear_Output", "/lr_branch/backbone/features.2/conv/conv.5/Clip_output_0_scale", "/lr_branch/backbone/features.1/conv/conv.3/Conv_output_0_zero_point"], "opType": "DequantizeLinear", "comment": "@158 [/lr_branch/backbone/features.1/conv/conv.3/Conv_output_0_DequantizeLinear_Output:(ty=1,shape=[1,16,256,256])] DequantizeLinear [/lr_branch/backbone/features.1/conv/conv.3/Conv_output_0_QuantizeLinear_Output:(ty=2,shape=[1,16,256,256]),/lr_branch/backbone/features.2/conv/conv.5/Clip_output_0_scale:(ty=1,shape=[]),/lr_branch/backbone/features.1/conv/conv.3/Conv_output_0_zero_point:(ty=2,shape=[])]", "device": "NPU"}, {"output": ["onnx::Conv_669_DequantizeLinear_Output"], "input": ["onnx::Conv_669_quantized", "onnx::Conv_662_scale", "onnx::Conv_669_zero_point"], "opType": "DequantizeLinear", "comment": "@44 [onnx::Conv_669_DequantizeLinear_Output:(ty=1,shape=[96])] DequantizeLinear [onnx::Conv_669_quantized:(ty=3,shape=[96]),onnx::Conv_662_scale:(ty=1,shape=[]),onnx::Conv_669_zero_point:(ty=3,shape=[])]", "device": "NPU"}, {"output": ["onnx::Conv_668_DequantizeLinear_Output"], "input": ["onnx::Conv_668_quantized", "/lr_branch/backbone/features.2/conv/conv.5/Clip_output_0_scale", "onnx::Conv_668_zero_point"], "opType": "DequantizeLinear", "comment": "@43 [onnx::Conv_668_DequantizeLinear_Output:(ty=1,shape=[96,16,1,1])] DequantizeLinear [onnx::Conv_668_quantized:(ty=3,shape=[96,16,1,1]),/lr_branch/backbone/features.2/conv/conv.5/Clip_output_0_scale:(ty=1,shape=[]),onnx::Conv_668_zero_point:(ty=3,shape=[])]", "device": "NPU"}, {"output": ["/lr_branch/backbone/features.2/conv/conv.0/Conv_output_0"], "input": ["/lr_branch/backbone/features.1/conv/conv.3/Conv_output_0_DequantizeLinear_Output", "onnx::Conv_668_DequantizeLinear_Output", "onnx::Conv_669_DequantizeLinear_Output"], "opType": "Conv", "comment": "@159 [/lr_branch/backbone/features.2/conv/conv.0/Conv_output_0:(ty=1,shape=[1,96,256,256])] Conv [/lr_branch/backbone/features.1/conv/conv.3/Conv_output_0_DequantizeLinear_Output:(ty=1,shape=[1,16,256,256]),onnx::Conv_668_DequantizeLinear_Output:(ty=1,shape=[96,16,1,1]),onnx::Conv_669_DequantizeLinear_Output:(ty=1,shape=[96])]", "device": "NPU"}, {"output": ["/lr_branch/backbone/features.2/conv/conv.2/Clip_output_0"], "input": ["/lr_branch/backbone/features.2/conv/conv.0/Conv_output_0", "/lr_branch/backbone/features.0/features.0.2/Constant_output_0", "/lr_branch/backbone/features.0/features.0.2/Constant_1_output_0"], "opType": "Clip", "comment": "@161 [/lr_branch/backbone/features.2/conv/conv.2/Clip_output_0:(ty=1,shape=[1,96,256,256])] Clip [/lr_branch/backbone/features.2/conv/conv.0/Conv_output_0:(ty=1,shape=[1,96,256,256]),/lr_branch/backbone/features.0/features.0.2/Constant_output_0:(ty=1,shape=[]),/lr_branch/backbone/features.0/features.0.2/Constant_1_output_0:(ty=1,shape=[])]", "device": "NPU"}, {"output": ["/lr_branch/backbone/features.2/conv/conv.2/Clip_output_0_QuantizeLinear_Output"], "input": ["/lr_branch/backbone/features.2/conv/conv.2/Clip_output_0", "/lr_branch/backbone/features.2/conv/conv.5/Clip_output_0_scale", "/lr_branch/backbone/features.2/conv/conv.2/Clip_output_0_zero_point"], "opType": "QuantizeLinear", "comment": "@163 [/lr_branch/backbone/features.2/conv/conv.2/Clip_output_0_QuantizeLinear_Output:(ty=2,shape=[1,96,256,256])] QuantizeLinear [/lr_branch/backbone/features.2/conv/conv.2/Clip_output_0:(ty=1,shape=[1,96,256,256]),/lr_branch/backbone/features.2/conv/conv.5/Clip_output_0_scale:(ty=1,shape=[]),/lr_branch/backbone/features.2/conv/conv.2/Clip_output_0_zero_point:(ty=2,shape=[])]", "device": "NPU"}, {"output": ["/lr_branch/backbone/features.2/conv/conv.2/Clip_output_0_DequantizeLinear_Output"], "input": ["/lr_branch/backbone/features.2/conv/conv.2/Clip_output_0_QuantizeLinear_Output", "/lr_branch/backbone/features.2/conv/conv.5/Clip_output_0_scale", "/lr_branch/backbone/features.2/conv/conv.2/Clip_output_0_zero_point"], "opType": "DequantizeLinear", "comment": "@165 [/lr_branch/backbone/features.2/conv/conv.2/Clip_output_0_DequantizeLinear_Output:(ty=1,shape=[1,96,256,256])] DequantizeLinear [/lr_branch/backbone/features.2/conv/conv.2/Clip_output_0_QuantizeLinear_Output:(ty=2,shape=[1,96,256,256]),/lr_branch/backbone/features.2/conv/conv.5/Clip_output_0_scale:(ty=1,shape=[]),/lr_branch/backbone/features.2/conv/conv.2/Clip_output_0_zero_point:(ty=2,shape=[])]", "device": "NPU"}, {"output": ["onnx::Conv_672_DequantizeLinear_Output"], "input": ["onnx::Conv_672_quantized", "onnx::Conv_672_scale", "onnx::Conv_672_zero_point"], "opType": "DequantizeLinear", "comment": "@46 [onnx::Conv_672_DequantizeLinear_Output:(ty=1,shape=[96])] DequantizeLinear [onnx::Conv_672_quantized:(ty=3,shape=[96]),onnx::Conv_672_scale:(ty=1,shape=[]),onnx::Conv_672_zero_point:(ty=3,shape=[])]", "device": "NPU"}, {"output": ["onnx::Conv_671_DequantizeLinear_Output"], "input": ["onnx::Conv_671_quantized", "/hr_branch/conv_hr4x/conv_hr4x.1/Relu_output_0_scale", "onnx::Conv_671_zero_point"], "opType": "DequantizeLinear", "comment": "@45 [onnx::Conv_671_DequantizeLinear_Output:(ty=1,shape=[96,1,3,3])] DequantizeLinear [onnx::Conv_671_quantized:(ty=3,shape=[96,1,3,3]),/hr_branch/conv_hr4x/conv_hr4x.1/Relu_output_0_scale:(ty=1,shape=[]),onnx::Conv_671_zero_point:(ty=3,shape=[])]", "device": "NPU"}, {"output": ["/lr_branch/backbone/features.2/conv/conv.3/Conv_output_0"], "input": ["/lr_branch/backbone/features.2/conv/conv.2/Clip_output_0_DequantizeLinear_Output", "onnx::Conv_671_DequantizeLinear_Output", "onnx::Conv_672_DequantizeLinear_Output"], "opType": "Conv", "comment": "@167 [/lr_branch/backbone/features.2/conv/conv.3/Conv_output_0:(ty=1,shape=[1,96,128,128])] Conv [/lr_branch/backbone/features.2/conv/conv.2/Clip_output_0_DequantizeLinear_Output:(ty=1,shape=[1,96,256,256]),onnx::Conv_671_DequantizeLinear_Output:(ty=1,shape=[96,1,3,3]),onnx::Conv_672_DequantizeLinear_Output:(ty=1,shape=[96])]", "device": "NPU"}, {"output": ["/lr_branch/backbone/features.2/conv/conv.5/Clip_output_0"], "input": ["/lr_branch/backbone/features.2/conv/conv.3/Conv_output_0", "/lr_branch/backbone/features.0/features.0.2/Constant_output_0", "/lr_branch/backbone/features.0/features.0.2/Constant_1_output_0"], "opType": "Clip", "comment": "@169 [/lr_branch/backbone/features.2/conv/conv.5/Clip_output_0:(ty=1,shape=[1,96,128,128])] Clip [/lr_branch/backbone/features.2/conv/conv.3/Conv_output_0:(ty=1,shape=[1,96,128,128]),/lr_branch/backbone/features.0/features.0.2/Constant_output_0:(ty=1,shape=[]),/lr_branch/backbone/features.0/features.0.2/Constant_1_output_0:(ty=1,shape=[])]", "device": "NPU"}, {"output": ["/lr_branch/backbone/features.2/conv/conv.5/Clip_output_0_QuantizeLinear_Output"], "input": ["/lr_branch/backbone/features.2/conv/conv.5/Clip_output_0", "/lr_branch/backbone/features.2/conv/conv.5/Clip_output_0_scale", "/lr_branch/backbone/features.2/conv/conv.5/Clip_output_0_zero_point"], "opType": "QuantizeLinear", "comment": "@171 [/lr_branch/backbone/features.2/conv/conv.5/Clip_output_0_QuantizeLinear_Output:(ty=2,shape=[1,96,128,128])] QuantizeLinear [/lr_branch/backbone/features.2/conv/conv.5/Clip_output_0:(ty=1,shape=[1,96,128,128]),/lr_branch/backbone/features.2/conv/conv.5/Clip_output_0_scale:(ty=1,shape=[]),/lr_branch/backbone/features.2/conv/conv.5/Clip_output_0_zero_point:(ty=2,shape=[])]", "device": "NPU"}, {"output": ["/lr_branch/backbone/features.2/conv/conv.5/Clip_output_0_DequantizeLinear_Output"], "input": ["/lr_branch/backbone/features.2/conv/conv.5/Clip_output_0_QuantizeLinear_Output", "/lr_branch/backbone/features.2/conv/conv.5/Clip_output_0_scale", "/lr_branch/backbone/features.2/conv/conv.5/Clip_output_0_zero_point"], "opType": "DequantizeLinear", "comment": "@173 [/lr_branch/backbone/features.2/conv/conv.5/Clip_output_0_DequantizeLinear_Output:(ty=1,shape=[1,96,128,128])] DequantizeLinear [/lr_branch/backbone/features.2/conv/conv.5/Clip_output_0_QuantizeLinear_Output:(ty=2,shape=[1,96,128,128]),/lr_branch/backbone/features.2/conv/conv.5/Clip_output_0_scale:(ty=1,shape=[]),/lr_branch/backbone/features.2/conv/conv.5/Clip_output_0_zero_point:(ty=2,shape=[])]", "device": "NPU"}, {"output": ["onnx::Conv_675_DequantizeLinear_Output"], "input": ["onnx::Conv_675_quantized", "onnx::Conv_683_scale", "onnx::Conv_675_zero_point"], "opType": "DequantizeLinear", "comment": "@48 [onnx::Conv_675_DequantizeLinear_Output:(ty=1,shape=[24])] DequantizeLinear [onnx::Conv_675_quantized:(ty=3,shape=[24]),onnx::Conv_683_scale:(ty=1,shape=[]),onnx::Conv_675_zero_point:(ty=3,shape=[])]", "device": "NPU"}, {"output": ["onnx::Conv_674_DequantizeLinear_Output"], "input": ["onnx::Conv_674_quantized", "onnx::Conv_674_scale", "onnx::Conv_674_zero_point"], "opType": "DequantizeLinear", "comment": "@47 [onnx::Conv_674_DequantizeLinear_Output:(ty=1,shape=[24,96,1,1])] DequantizeLinear [onnx::Conv_674_quantized:(ty=3,shape=[24,96,1,1]),onnx::Conv_674_scale:(ty=1,shape=[]),onnx::Conv_674_zero_point:(ty=3,shape=[])]", "device": "NPU"}, {"output": ["/lr_branch/backbone/features.2/conv/conv.6/Conv_output_0"], "input": ["/lr_branch/backbone/features.2/conv/conv.5/Clip_output_0_DequantizeLinear_Output", "onnx::Conv_674_DequantizeLinear_Output", "onnx::Conv_675_DequantizeLinear_Output"], "opType": "Conv", "comment": "@175 [/lr_branch/backbone/features.2/conv/conv.6/Conv_output_0:(ty=1,shape=[1,24,128,128])] Conv [/lr_branch/backbone/features.2/conv/conv.5/Clip_output_0_DequantizeLinear_Output:(ty=1,shape=[1,96,128,128]),onnx::Conv_674_DequantizeLinear_Output:(ty=1,shape=[24,96,1,1]),onnx::Conv_675_DequantizeLinear_Output:(ty=1,shape=[24])]", "device": "NPU"}, {"output": ["/lr_branch/backbone/features.2/conv/conv.6/Conv_output_0_QuantizeLinear_Output"], "input": ["/lr_branch/backbone/features.2/conv/conv.6/Conv_output_0", "onnx::Conv_672_scale", "/lr_branch/backbone/features.2/conv/conv.6/Conv_output_0_zero_point"], "opType": "QuantizeLinear", "comment": "@177 [/lr_branch/backbone/features.2/conv/conv.6/Conv_output_0_QuantizeLinear_Output:(ty=2,shape=[1,24,128,128])] QuantizeLinear [/lr_branch/backbone/features.2/conv/conv.6/Conv_output_0:(ty=1,shape=[1,24,128,128]),onnx::Conv_672_scale:(ty=1,shape=[]),/lr_branch/backbone/features.2/conv/conv.6/Conv_output_0_zero_point:(ty=2,shape=[])]", "device": "NPU"}, {"output": ["/lr_branch/backbone/features.2/conv/conv.6/Conv_output_0_DequantizeLinear_Output/duplicated"], "input": ["/lr_branch/backbone/features.2/conv/conv.6/Conv_output_0_QuantizeLinear_Output", "onnx::Conv_672_scale", "/lr_branch/backbone/features.2/conv/conv.6/Conv_output_0_zero_point"], "opType": "DequantizeLinear", "comment": "@494 [/lr_branch/backbone/features.2/conv/conv.6/Conv_output_0_DequantizeLinear_Output/duplicated:(ty=1,shape=[1,24,128,128])] DequantizeLinear [/lr_branch/backbone/features.2/conv/conv.6/Conv_output_0_QuantizeLinear_Output:(ty=2,shape=[1,24,128,128]),onnx::Conv_672_scale:(ty=1,shape=[]),/lr_branch/backbone/features.2/conv/conv.6/Conv_output_0_zero_point:(ty=2,shape=[])]", "device": "NPU"}, {"output": ["/lr_branch/backbone/features.2/conv/conv.6/Conv_output_0_DequantizeLinear_Output"], "input": ["/lr_branch/backbone/features.2/conv/conv.6/Conv_output_0_QuantizeLinear_Output", "onnx::Conv_672_scale", "/lr_branch/backbone/features.2/conv/conv.6/Conv_output_0_zero_point"], "opType": "DequantizeLinear", "comment": "@179 [/lr_branch/backbone/features.2/conv/conv.6/Conv_output_0_DequantizeLinear_Output:(ty=1,shape=[1,24,128,128])] DequantizeLinear [/lr_branch/backbone/features.2/conv/conv.6/Conv_output_0_QuantizeLinear_Output:(ty=2,shape=[1,24,128,128]),onnx::Conv_672_scale:(ty=1,shape=[]),/lr_branch/backbone/features.2/conv/conv.6/Conv_output_0_zero_point:(ty=2,shape=[])]", "device": "NPU"}, {"output": ["onnx::Conv_678_DequantizeLinear_Output"], "input": ["onnx::Conv_678_quantized", "onnx::Conv_674_scale", "onnx::Conv_678_zero_point"], "opType": "DequantizeLinear", "comment": "@50 [onnx::Conv_678_DequantizeLinear_Output:(ty=1,shape=[144])] DequantizeLinear [onnx::Conv_678_quantized:(ty=3,shape=[144]),onnx::Conv_674_scale:(ty=1,shape=[]),onnx::Conv_678_zero_point:(ty=3,shape=[])]", "device": "NPU"}, {"output": ["onnx::Conv_677_DequantizeLinear_Output"], "input": ["onnx::Conv_677_quantized", "onnx::Conv_696_scale", "onnx::Conv_677_zero_point"], "opType": "DequantizeLinear", "comment": "@49 [onnx::Conv_677_DequantizeLinear_Output:(ty=1,shape=[144,24,1,1])] DequantizeLinear [onnx::Conv_677_quantized:(ty=3,shape=[144,24,1,1]),onnx::Conv_696_scale:(ty=1,shape=[]),onnx::Conv_677_zero_point:(ty=3,shape=[])]", "device": "NPU"}, {"output": ["/lr_branch/backbone/features.3/conv/conv.0/Conv_output_0"], "input": ["/lr_branch/backbone/features.2/conv/conv.6/Conv_output_0_DequantizeLinear_Output", "onnx::Conv_677_DequantizeLinear_Output", "onnx::Conv_678_DequantizeLinear_Output"], "opType": "Conv", "comment": "@181 [/lr_branch/backbone/features.3/conv/conv.0/Conv_output_0:(ty=1,shape=[1,144,128,128])] Conv [/lr_branch/backbone/features.2/conv/conv.6/Conv_output_0_DequantizeLinear_Output:(ty=1,shape=[1,24,128,128]),onnx::Conv_677_DequantizeLinear_Output:(ty=1,shape=[144,24,1,1]),onnx::Conv_678_DequantizeLinear_Output:(ty=1,shape=[144])]", "device": "NPU"}, {"output": ["/lr_branch/backbone/features.3/conv/conv.2/Clip_output_0"], "input": ["/lr_branch/backbone/features.3/conv/conv.0/Conv_output_0", "/lr_branch/backbone/features.0/features.0.2/Constant_output_0", "/lr_branch/backbone/features.0/features.0.2/Constant_1_output_0"], "opType": "Clip", "comment": "@182 [/lr_branch/backbone/features.3/conv/conv.2/Clip_output_0:(ty=1,shape=[1,144,128,128])] Clip [/lr_branch/backbone/features.3/conv/conv.0/Conv_output_0:(ty=1,shape=[1,144,128,128]),/lr_branch/backbone/features.0/features.0.2/Constant_output_0:(ty=1,shape=[]),/lr_branch/backbone/features.0/features.0.2/Constant_1_output_0:(ty=1,shape=[])]", "device": "NPU"}, {"output": ["/lr_branch/backbone/features.3/conv/conv.2/Clip_output_0_QuantizeLinear_Output"], "input": ["/lr_branch/backbone/features.3/conv/conv.2/Clip_output_0", "onnx::Conv_683_scale", "/lr_branch/backbone/features.3/conv/conv.2/Clip_output_0_zero_point"], "opType": "QuantizeLinear", "comment": "@183 [/lr_branch/backbone/features.3/conv/conv.2/Clip_output_0_QuantizeLinear_Output:(ty=2,shape=[1,144,128,128])] QuantizeLinear [/lr_branch/backbone/features.3/conv/conv.2/Clip_output_0:(ty=1,shape=[1,144,128,128]),onnx::Conv_683_scale:(ty=1,shape=[]),/lr_branch/backbone/features.3/conv/conv.2/Clip_output_0_zero_point:(ty=2,shape=[])]", "device": "NPU"}, {"output": ["/lr_branch/backbone/features.3/conv/conv.2/Clip_output_0_DequantizeLinear_Output"], "input": ["/lr_branch/backbone/features.3/conv/conv.2/Clip_output_0_QuantizeLinear_Output", "onnx::Conv_683_scale", "/lr_branch/backbone/features.3/conv/conv.2/Clip_output_0_zero_point"], "opType": "DequantizeLinear", "comment": "@184 [/lr_branch/backbone/features.3/conv/conv.2/Clip_output_0_DequantizeLinear_Output:(ty=1,shape=[1,144,128,128])] DequantizeLinear [/lr_branch/backbone/features.3/conv/conv.2/Clip_output_0_QuantizeLinear_Output:(ty=2,shape=[1,144,128,128]),onnx::Conv_683_scale:(ty=1,shape=[]),/lr_branch/backbone/features.3/conv/conv.2/Clip_output_0_zero_point:(ty=2,shape=[])]", "device": "NPU"}, {"output": ["onnx::Conv_681_DequantizeLinear_Output"], "input": ["onnx::Conv_681_quantized", "onnx::Conv_672_scale", "onnx::Conv_681_zero_point"], "opType": "DequantizeLinear", "comment": "@52 [onnx::Conv_681_DequantizeLinear_Output:(ty=1,shape=[144])] DequantizeLinear [onnx::Conv_681_quantized:(ty=3,shape=[144]),onnx::Conv_672_scale:(ty=1,shape=[]),onnx::Conv_681_zero_point:(ty=3,shape=[])]", "device": "NPU"}, {"output": ["onnx::Conv_680_DequantizeLinear_Output"], "input": ["onnx::Conv_680_quantized", "/hr_branch/conv_hr4x/conv_hr4x.1/Relu_output_0_scale", "onnx::Conv_680_zero_point"], "opType": "DequantizeLinear", "comment": "@51 [onnx::Conv_680_DequantizeLinear_Output:(ty=1,shape=[144,1,3,3])] DequantizeLinear [onnx::Conv_680_quantized:(ty=3,shape=[144,1,3,3]),/hr_branch/conv_hr4x/conv_hr4x.1/Relu_output_0_scale:(ty=1,shape=[]),onnx::Conv_680_zero_point:(ty=3,shape=[])]", "device": "NPU"}, {"output": ["/lr_branch/backbone/features.3/conv/conv.3/Conv_output_0"], "input": ["/lr_branch/backbone/features.3/conv/conv.2/Clip_output_0_DequantizeLinear_Output", "onnx::Conv_680_DequantizeLinear_Output", "onnx::Conv_681_DequantizeLinear_Output"], "opType": "Conv", "comment": "@185 [/lr_branch/backbone/features.3/conv/conv.3/Conv_output_0:(ty=1,shape=[1,144,128,128])] Conv [/lr_branch/backbone/features.3/conv/conv.2/Clip_output_0_DequantizeLinear_Output:(ty=1,shape=[1,144,128,128]),onnx::Conv_680_DequantizeLinear_Output:(ty=1,shape=[144,1,3,3]),onnx::Conv_681_DequantizeLinear_Output:(ty=1,shape=[144])]", "device": "NPU"}, {"output": ["/lr_branch/backbone/features.3/conv/conv.5/Clip_output_0"], "input": ["/lr_branch/backbone/features.3/conv/conv.3/Conv_output_0", "/lr_branch/backbone/features.0/features.0.2/Constant_output_0", "/lr_branch/backbone/features.0/features.0.2/Constant_1_output_0"], "opType": "Clip", "comment": "@186 [/lr_branch/backbone/features.3/conv/conv.5/Clip_output_0:(ty=1,shape=[1,144,128,128])] Clip [/lr_branch/backbone/features.3/conv/conv.3/Conv_output_0:(ty=1,shape=[1,144,128,128]),/lr_branch/backbone/features.0/features.0.2/Constant_output_0:(ty=1,shape=[]),/lr_branch/backbone/features.0/features.0.2/Constant_1_output_0:(ty=1,shape=[])]", "device": "NPU"}, {"output": ["/lr_branch/backbone/features.3/conv/conv.5/Clip_output_0_QuantizeLinear_Output"], "input": ["/lr_branch/backbone/features.3/conv/conv.5/Clip_output_0", "onnx::Conv_672_scale", "/lr_branch/backbone/features.3/conv/conv.5/Clip_output_0_zero_point"], "opType": "QuantizeLinear", "comment": "@187 [/lr_branch/backbone/features.3/conv/conv.5/Clip_output_0_QuantizeLinear_Output:(ty=2,shape=[1,144,128,128])] QuantizeLinear [/lr_branch/backbone/features.3/conv/conv.5/Clip_output_0:(ty=1,shape=[1,144,128,128]),onnx::Conv_672_scale:(ty=1,shape=[]),/lr_branch/backbone/features.3/conv/conv.5/Clip_output_0_zero_point:(ty=2,shape=[])]", "device": "NPU"}, {"output": ["/lr_branch/backbone/features.3/conv/conv.5/Clip_output_0_DequantizeLinear_Output"], "input": ["/lr_branch/backbone/features.3/conv/conv.5/Clip_output_0_QuantizeLinear_Output", "onnx::Conv_672_scale", "/lr_branch/backbone/features.3/conv/conv.5/Clip_output_0_zero_point"], "opType": "DequantizeLinear", "comment": "@188 [/lr_branch/backbone/features.3/conv/conv.5/Clip_output_0_DequantizeLinear_Output:(ty=1,shape=[1,144,128,128])] DequantizeLinear [/lr_branch/backbone/features.3/conv/conv.5/Clip_output_0_QuantizeLinear_Output:(ty=2,shape=[1,144,128,128]),onnx::Conv_672_scale:(ty=1,shape=[]),/lr_branch/backbone/features.3/conv/conv.5/Clip_output_0_zero_point:(ty=2,shape=[])]", "device": "NPU"}, {"output": ["onnx::Conv_684_DequantizeLinear_Output"], "input": ["onnx::Conv_684_quantized", "onnx::Conv_672_scale", "onnx::Conv_684_zero_point"], "opType": "DequantizeLinear", "comment": "@54 [onnx::Conv_684_DequantizeLinear_Output:(ty=1,shape=[24])] DequantizeLinear [onnx::Conv_684_quantized:(ty=3,shape=[24]),onnx::Conv_672_scale:(ty=1,shape=[]),onnx::Conv_684_zero_point:(ty=3,shape=[])]", "device": "NPU"}, {"output": ["onnx::Conv_683_DequantizeLinear_Output"], "input": ["onnx::Conv_683_quantized", "onnx::Conv_683_scale", "onnx::Conv_683_zero_point"], "opType": "DequantizeLinear", "comment": "@53 [onnx::Conv_683_DequantizeLinear_Output:(ty=1,shape=[24,144,1,1])] DequantizeLinear [onnx::Conv_683_quantized:(ty=3,shape=[24,144,1,1]),onnx::Conv_683_scale:(ty=1,shape=[]),onnx::Conv_683_zero_point:(ty=3,shape=[])]", "device": "NPU"}, {"output": ["/lr_branch/backbone/features.3/conv/conv.6/Conv_output_0"], "input": ["/lr_branch/backbone/features.3/conv/conv.5/Clip_output_0_DequantizeLinear_Output", "onnx::Conv_683_DequantizeLinear_Output", "onnx::Conv_684_DequantizeLinear_Output"], "opType": "Conv", "comment": "@189 [/lr_branch/backbone/features.3/conv/conv.6/Conv_output_0:(ty=1,shape=[1,24,128,128])] Conv [/lr_branch/backbone/features.3/conv/conv.5/Clip_output_0_DequantizeLinear_Output:(ty=1,shape=[1,144,128,128]),onnx::Conv_683_DequantizeLinear_Output:(ty=1,shape=[24,144,1,1]),onnx::Conv_684_DequantizeLinear_Output:(ty=1,shape=[24])]", "device": "NPU"}, {"output": ["/lr_branch/backbone/features.3/conv/conv.6/Conv_output_0_QuantizeLinear_Output"], "input": ["/lr_branch/backbone/features.3/conv/conv.6/Conv_output_0", "/lr_branch/backbone/features.2/conv/conv.5/Clip_output_0_scale", "/lr_branch/backbone/features.3/conv/conv.6/Conv_output_0_zero_point"], "opType": "QuantizeLinear", "comment": "@190 [/lr_branch/backbone/features.3/conv/conv.6/Conv_output_0_QuantizeLinear_Output:(ty=2,shape=[1,24,128,128])] QuantizeLinear [/lr_branch/backbone/features.3/conv/conv.6/Conv_output_0:(ty=1,shape=[1,24,128,128]),/lr_branch/backbone/features.2/conv/conv.5/Clip_output_0_scale:(ty=1,shape=[]),/lr_branch/backbone/features.3/conv/conv.6/Conv_output_0_zero_point:(ty=2,shape=[])]", "device": "NPU"}, {"output": ["/lr_branch/backbone/features.3/conv/conv.6/Conv_output_0_DequantizeLinear_Output"], "input": ["/lr_branch/backbone/features.3/conv/conv.6/Conv_output_0_QuantizeLinear_Output", "/lr_branch/backbone/features.2/conv/conv.5/Clip_output_0_scale", "/lr_branch/backbone/features.3/conv/conv.6/Conv_output_0_zero_point"], "opType": "DequantizeLinear", "comment": "@191 [/lr_branch/backbone/features.3/conv/conv.6/Conv_output_0_DequantizeLinear_Output:(ty=1,shape=[1,24,128,128])] DequantizeLinear [/lr_branch/backbone/features.3/conv/conv.6/Conv_output_0_QuantizeLinear_Output:(ty=2,shape=[1,24,128,128]),/lr_branch/backbone/features.2/conv/conv.5/Clip_output_0_scale:(ty=1,shape=[]),/lr_branch/backbone/features.3/conv/conv.6/Conv_output_0_zero_point:(ty=2,shape=[])]", "device": "NPU"}, {"output": ["/lr_branch/backbone/features.3/Add_output_0"], "input": ["/lr_branch/backbone/features.2/conv/conv.6/Conv_output_0_DequantizeLinear_Output/duplicated", "/lr_branch/backbone/features.3/conv/conv.6/Conv_output_0_DequantizeLinear_Output"], "opType": "Add", "comment": "@192 [/lr_branch/backbone/features.3/Add_output_0:(ty=1,shape=[1,24,128,128])] Add [/lr_branch/backbone/features.2/conv/conv.6/Conv_output_0_DequantizeLinear_Output/duplicated:(ty=1,shape=[1,24,128,128]),/lr_branch/backbone/features.3/conv/conv.6/Conv_output_0_DequantizeLinear_Output:(ty=1,shape=[1,24,128,128])]", "device": "NPU"}, {"output": ["/lr_branch/backbone/features.3/Add_output_0_QuantizeLinear_Output"], "input": ["/lr_branch/backbone/features.3/Add_output_0", "/lr_branch/backbone/features.2/conv/conv.5/Clip_output_0_scale", "/lr_branch/backbone/features.3/Add_output_0_zero_point"], "opType": "QuantizeLinear", "comment": "@193 [/lr_branch/backbone/features.3/Add_output_0_QuantizeLinear_Output:(ty=2,shape=[1,24,128,128])] QuantizeLinear [/lr_branch/backbone/features.3/Add_output_0:(ty=1,shape=[1,24,128,128]),/lr_branch/backbone/features.2/conv/conv.5/Clip_output_0_scale:(ty=1,shape=[]),/lr_branch/backbone/features.3/Add_output_0_zero_point:(ty=2,shape=[])]", "device": "NPU"}, {"output": ["/lr_branch/backbone/features.3/Add_output_0_DequantizeLinear_Output"], "input": ["/lr_branch/backbone/features.3/Add_output_0_QuantizeLinear_Output", "/lr_branch/backbone/features.2/conv/conv.5/Clip_output_0_scale", "/lr_branch/backbone/features.3/Add_output_0_zero_point"], "opType": "DequantizeLinear", "comment": "@194 [/lr_branch/backbone/features.3/Add_output_0_DequantizeLinear_Output:(ty=1,shape=[1,24,128,128])] DequantizeLinear [/lr_branch/backbone/features.3/Add_output_0_QuantizeLinear_Output:(ty=2,shape=[1,24,128,128]),/lr_branch/backbone/features.2/conv/conv.5/Clip_output_0_scale:(ty=1,shape=[]),/lr_branch/backbone/features.3/Add_output_0_zero_point:(ty=2,shape=[])]", "device": "NPU"}, {"output": ["onnx::Conv_687_DequantizeLinear_Output"], "input": ["onnx::Conv_687_quantized", "onnx::Conv_696_scale", "onnx::Conv_687_zero_point"], "opType": "DequantizeLinear", "comment": "@56 [onnx::Conv_687_DequantizeLinear_Output:(ty=1,shape=[144])] DequantizeLinear [onnx::Conv_687_quantized:(ty=3,shape=[144]),onnx::Conv_696_scale:(ty=1,shape=[]),onnx::Conv_687_zero_point:(ty=3,shape=[])]", "device": "NPU"}, {"output": ["onnx::Conv_686_DequantizeLinear_Output"], "input": ["onnx::Conv_686_quantized", "onnx::Conv_696_scale", "onnx::Conv_686_zero_point"], "opType": "DequantizeLinear", "comment": "@55 [onnx::Conv_686_DequantizeLinear_Output:(ty=1,shape=[144,24,1,1])] DequantizeLinear [onnx::Conv_686_quantized:(ty=3,shape=[144,24,1,1]),onnx::Conv_696_scale:(ty=1,shape=[]),onnx::Conv_686_zero_point:(ty=3,shape=[])]", "device": "NPU"}, {"output": ["/lr_branch/backbone/features.4/conv/conv.0/Conv_output_0"], "input": ["/lr_branch/backbone/features.3/Add_output_0_DequantizeLinear_Output", "onnx::Conv_686_DequantizeLinear_Output", "onnx::Conv_687_DequantizeLinear_Output"], "opType": "Conv", "comment": "@195 [/lr_branch/backbone/features.4/conv/conv.0/Conv_output_0:(ty=1,shape=[1,144,128,128])] Conv [/lr_branch/backbone/features.3/Add_output_0_DequantizeLinear_Output:(ty=1,shape=[1,24,128,128]),onnx::Conv_686_DequantizeLinear_Output:(ty=1,shape=[144,24,1,1]),onnx::Conv_687_DequantizeLinear_Output:(ty=1,shape=[144])]", "device": "NPU"}, {"output": ["/lr_branch/backbone/features.4/conv/conv.2/Clip_output_0"], "input": ["/lr_branch/backbone/features.4/conv/conv.0/Conv_output_0", "/lr_branch/backbone/features.0/features.0.2/Constant_output_0", "/lr_branch/backbone/features.0/features.0.2/Constant_1_output_0"], "opType": "Clip", "comment": "@197 [/lr_branch/backbone/features.4/conv/conv.2/Clip_output_0:(ty=1,shape=[1,144,128,128])] Clip [/lr_branch/backbone/features.4/conv/conv.0/Conv_output_0:(ty=1,shape=[1,144,128,128]),/lr_branch/backbone/features.0/features.0.2/Constant_output_0:(ty=1,shape=[]),/lr_branch/backbone/features.0/features.0.2/Constant_1_output_0:(ty=1,shape=[])]", "device": "NPU"}, {"output": ["/lr_branch/backbone/features.4/conv/conv.2/Clip_output_0_QuantizeLinear_Output"], "input": ["/lr_branch/backbone/features.4/conv/conv.2/Clip_output_0", "onnx::Conv_672_scale", "/lr_branch/backbone/features.4/conv/conv.2/Clip_output_0_zero_point"], "opType": "QuantizeLinear", "comment": "@199 [/lr_branch/backbone/features.4/conv/conv.2/Clip_output_0_QuantizeLinear_Output:(ty=2,shape=[1,144,128,128])] QuantizeLinear [/lr_branch/backbone/features.4/conv/conv.2/Clip_output_0:(ty=1,shape=[1,144,128,128]),onnx::Conv_672_scale:(ty=1,shape=[]),/lr_branch/backbone/features.4/conv/conv.2/Clip_output_0_zero_point:(ty=2,shape=[])]", "device": "NPU"}, {"output": ["/lr_branch/backbone/features.4/conv/conv.2/Clip_output_0_DequantizeLinear_Output"], "input": ["/lr_branch/backbone/features.4/conv/conv.2/Clip_output_0_QuantizeLinear_Output", "onnx::Conv_672_scale", "/lr_branch/backbone/features.4/conv/conv.2/Clip_output_0_zero_point"], "opType": "DequantizeLinear", "comment": "@201 [/lr_branch/backbone/features.4/conv/conv.2/Clip_output_0_DequantizeLinear_Output:(ty=1,shape=[1,144,128,128])] DequantizeLinear [/lr_branch/backbone/features.4/conv/conv.2/Clip_output_0_QuantizeLinear_Output:(ty=2,shape=[1,144,128,128]),onnx::Conv_672_scale:(ty=1,shape=[]),/lr_branch/backbone/features.4/conv/conv.2/Clip_output_0_zero_point:(ty=2,shape=[])]", "device": "NPU"}, {"output": ["onnx::Conv_690_DequantizeLinear_Output"], "input": ["onnx::Conv_690_quantized", "onnx::Conv_672_scale", "onnx::Conv_690_zero_point"], "opType": "DequantizeLinear", "comment": "@58 [onnx::Conv_690_DequantizeLinear_Output:(ty=1,shape=[144])] DequantizeLinear [onnx::Conv_690_quantized:(ty=3,shape=[144]),onnx::Conv_672_scale:(ty=1,shape=[]),onnx::Conv_690_zero_point:(ty=3,shape=[])]", "device": "NPU"}, {"output": ["onnx::Conv_689_DequantizeLinear_Output"], "input": ["onnx::Conv_689_quantized", "onnx::Conv_672_scale", "onnx::Conv_689_zero_point"], "opType": "DequantizeLinear", "comment": "@57 [onnx::Conv_689_DequantizeLinear_Output:(ty=1,shape=[144,1,3,3])] DequantizeLinear [onnx::Conv_689_quantized:(ty=3,shape=[144,1,3,3]),onnx::Conv_672_scale:(ty=1,shape=[]),onnx::Conv_689_zero_point:(ty=3,shape=[])]", "device": "NPU"}, {"output": ["/lr_branch/backbone/features.4/conv/conv.3/Conv_output_0"], "input": ["/lr_branch/backbone/features.4/conv/conv.2/Clip_output_0_DequantizeLinear_Output", "onnx::Conv_689_DequantizeLinear_Output", "onnx::Conv_690_DequantizeLinear_Output"], "opType": "Conv", "comment": "@203 [/lr_branch/backbone/features.4/conv/conv.3/Conv_output_0:(ty=1,shape=[1,144,64,64])] Conv [/lr_branch/backbone/features.4/conv/conv.2/Clip_output_0_DequantizeLinear_Output:(ty=1,shape=[1,144,128,128]),onnx::Conv_689_DequantizeLinear_Output:(ty=1,shape=[144,1,3,3]),onnx::Conv_690_DequantizeLinear_Output:(ty=1,shape=[144])]", "device": "NPU"}, {"output": ["/lr_branch/backbone/features.4/conv/conv.5/Clip_output_0"], "input": ["/lr_branch/backbone/features.4/conv/conv.3/Conv_output_0", "/lr_branch/backbone/features.0/features.0.2/Constant_output_0", "/lr_branch/backbone/features.0/features.0.2/Constant_1_output_0"], "opType": "Clip", "comment": "@205 [/lr_branch/backbone/features.4/conv/conv.5/Clip_output_0:(ty=1,shape=[1,144,64,64])] Clip [/lr_branch/backbone/features.4/conv/conv.3/Conv_output_0:(ty=1,shape=[1,144,64,64]),/lr_branch/backbone/features.0/features.0.2/Constant_output_0:(ty=1,shape=[]),/lr_branch/backbone/features.0/features.0.2/Constant_1_output_0:(ty=1,shape=[])]", "device": "NPU"}, {"output": ["/lr_branch/backbone/features.4/conv/conv.5/Clip_output_0_QuantizeLinear_Output"], "input": ["/lr_branch/backbone/features.4/conv/conv.5/Clip_output_0", "onnx::Conv_672_scale", "/lr_branch/backbone/features.4/conv/conv.5/Clip_output_0_zero_point"], "opType": "QuantizeLinear", "comment": "@207 [/lr_branch/backbone/features.4/conv/conv.5/Clip_output_0_QuantizeLinear_Output:(ty=2,shape=[1,144,64,64])] QuantizeLinear [/lr_branch/backbone/features.4/conv/conv.5/Clip_output_0:(ty=1,shape=[1,144,64,64]),onnx::Conv_672_scale:(ty=1,shape=[]),/lr_branch/backbone/features.4/conv/conv.5/Clip_output_0_zero_point:(ty=2,shape=[])]", "device": "NPU"}, {"output": ["/lr_branch/backbone/features.4/conv/conv.5/Clip_output_0_DequantizeLinear_Output"], "input": ["/lr_branch/backbone/features.4/conv/conv.5/Clip_output_0_QuantizeLinear_Output", "onnx::Conv_672_scale", "/lr_branch/backbone/features.4/conv/conv.5/Clip_output_0_zero_point"], "opType": "DequantizeLinear", "comment": "@209 [/lr_branch/backbone/features.4/conv/conv.5/Clip_output_0_DequantizeLinear_Output:(ty=1,shape=[1,144,64,64])] DequantizeLinear [/lr_branch/backbone/features.4/conv/conv.5/Clip_output_0_QuantizeLinear_Output:(ty=2,shape=[1,144,64,64]),onnx::Conv_672_scale:(ty=1,shape=[]),/lr_branch/backbone/features.4/conv/conv.5/Clip_output_0_zero_point:(ty=2,shape=[])]", "device": "NPU"}, {"output": ["onnx::Conv_693_DequantizeLinear_Output"], "input": ["onnx::Conv_693_quantized", "onnx::Conv_672_scale", "onnx::Conv_693_zero_point"], "opType": "DequantizeLinear", "comment": "@60 [onnx::Conv_693_DequantizeLinear_Output:(ty=1,shape=[32])] DequantizeLinear [onnx::Conv_693_quantized:(ty=3,shape=[32]),onnx::Conv_672_scale:(ty=1,shape=[]),onnx::Conv_693_zero_point:(ty=3,shape=[])]", "device": "NPU"}, {"output": ["onnx::Conv_692_DequantizeLinear_Output"], "input": ["onnx::Conv_692_quantized", "onnx::Conv_674_scale", "onnx::Conv_692_zero_point"], "opType": "DequantizeLinear", "comment": "@59 [onnx::Conv_692_DequantizeLinear_Output:(ty=1,shape=[32,144,1,1])] DequantizeLinear [onnx::Conv_692_quantized:(ty=3,shape=[32,144,1,1]),onnx::Conv_674_scale:(ty=1,shape=[]),onnx::Conv_692_zero_point:(ty=3,shape=[])]", "device": "NPU"}, {"output": ["/lr_branch/backbone/features.4/conv/conv.6/Conv_output_0"], "input": ["/lr_branch/backbone/features.4/conv/conv.5/Clip_output_0_DequantizeLinear_Output", "onnx::Conv_692_DequantizeLinear_Output", "onnx::Conv_693_DequantizeLinear_Output"], "opType": "Conv", "comment": "@211 [/lr_branch/backbone/features.4/conv/conv.6/Conv_output_0:(ty=1,shape=[1,32,64,64])] Conv [/lr_branch/backbone/features.4/conv/conv.5/Clip_output_0_DequantizeLinear_Output:(ty=1,shape=[1,144,64,64]),onnx::Conv_692_DequantizeLinear_Output:(ty=1,shape=[32,144,1,1]),onnx::Conv_693_DequantizeLinear_Output:(ty=1,shape=[32])]", "device": "NPU"}, {"output": ["/lr_branch/backbone/features.4/conv/conv.6/Conv_output_0_QuantizeLinear_Output"], "input": ["/lr_branch/backbone/features.4/conv/conv.6/Conv_output_0", "onnx::Conv_672_scale", "/lr_branch/backbone/features.4/conv/conv.6/Conv_output_0_zero_point"], "opType": "QuantizeLinear", "comment": "@213 [/lr_branch/backbone/features.4/conv/conv.6/Conv_output_0_QuantizeLinear_Output:(ty=2,shape=[1,32,64,64])] QuantizeLinear [/lr_branch/backbone/features.4/conv/conv.6/Conv_output_0:(ty=1,shape=[1,32,64,64]),onnx::Conv_672_scale:(ty=1,shape=[]),/lr_branch/backbone/features.4/conv/conv.6/Conv_output_0_zero_point:(ty=2,shape=[])]", "device": "NPU"}, {"output": ["/lr_branch/backbone/features.4/conv/conv.6/Conv_output_0_DequantizeLinear_Output/duplicated"], "input": ["/lr_branch/backbone/features.4/conv/conv.6/Conv_output_0_QuantizeLinear_Output", "onnx::Conv_672_scale", "/lr_branch/backbone/features.4/conv/conv.6/Conv_output_0_zero_point"], "opType": "DequantizeLinear", "comment": "@496 [/lr_branch/backbone/features.4/conv/conv.6/Conv_output_0_DequantizeLinear_Output/duplicated:(ty=1,shape=[1,32,64,64])] DequantizeLinear [/lr_branch/backbone/features.4/conv/conv.6/Conv_output_0_QuantizeLinear_Output:(ty=2,shape=[1,32,64,64]),onnx::Conv_672_scale:(ty=1,shape=[]),/lr_branch/backbone/features.4/conv/conv.6/Conv_output_0_zero_point:(ty=2,shape=[])]", "device": "NPU"}, {"output": ["/lr_branch/backbone/features.4/conv/conv.6/Conv_output_0_DequantizeLinear_Output"], "input": ["/lr_branch/backbone/features.4/conv/conv.6/Conv_output_0_QuantizeLinear_Output", "onnx::Conv_672_scale", "/lr_branch/backbone/features.4/conv/conv.6/Conv_output_0_zero_point"], "opType": "DequantizeLinear", "comment": "@215 [/lr_branch/backbone/features.4/conv/conv.6/Conv_output_0_DequantizeLinear_Output:(ty=1,shape=[1,32,64,64])] DequantizeLinear [/lr_branch/backbone/features.4/conv/conv.6/Conv_output_0_QuantizeLinear_Output:(ty=2,shape=[1,32,64,64]),onnx::Conv_672_scale:(ty=1,shape=[]),/lr_branch/backbone/features.4/conv/conv.6/Conv_output_0_zero_point:(ty=2,shape=[])]", "device": "NPU"}, {"output": ["onnx::Conv_696_DequantizeLinear_Output"], "input": ["onnx::Conv_696_quantized", "onnx::Conv_696_scale", "onnx::Conv_696_zero_point"], "opType": "DequantizeLinear", "comment": "@62 [onnx::Conv_696_DequantizeLinear_Output:(ty=1,shape=[192])] DequantizeLinear [onnx::Conv_696_quantized:(ty=3,shape=[192]),onnx::Conv_696_scale:(ty=1,shape=[]),onnx::Conv_696_zero_point:(ty=3,shape=[])]", "device": "NPU"}, {"output": ["onnx::Conv_695_DequantizeLinear_Output"], "input": ["onnx::Conv_695_quantized", "onnx::Conv_758_scale", "onnx::Conv_695_zero_point"], "opType": "DequantizeLinear", "comment": "@61 [onnx::Conv_695_DequantizeLinear_Output:(ty=1,shape=[192,32,1,1])] DequantizeLinear [onnx::Conv_695_quantized:(ty=3,shape=[192,32,1,1]),onnx::Conv_758_scale:(ty=1,shape=[]),onnx::Conv_695_zero_point:(ty=3,shape=[])]", "device": "NPU"}, {"output": ["/lr_branch/backbone/features.5/conv/conv.0/Conv_output_0"], "input": ["/lr_branch/backbone/features.4/conv/conv.6/Conv_output_0_DequantizeLinear_Output", "onnx::Conv_695_DequantizeLinear_Output", "onnx::Conv_696_DequantizeLinear_Output"], "opType": "Conv", "comment": "@217 [/lr_branch/backbone/features.5/conv/conv.0/Conv_output_0:(ty=1,shape=[1,192,64,64])] Conv [/lr_branch/backbone/features.4/conv/conv.6/Conv_output_0_DequantizeLinear_Output:(ty=1,shape=[1,32,64,64]),onnx::Conv_695_DequantizeLinear_Output:(ty=1,shape=[192,32,1,1]),onnx::Conv_696_DequantizeLinear_Output:(ty=1,shape=[192])]", "device": "NPU"}, {"output": ["/lr_branch/backbone/features.5/conv/conv.2/Clip_output_0"], "input": ["/lr_branch/backbone/features.5/conv/conv.0/Conv_output_0", "/lr_branch/backbone/features.0/features.0.2/Constant_output_0", "/lr_branch/backbone/features.0/features.0.2/Constant_1_output_0"], "opType": "Clip", "comment": "@218 [/lr_branch/backbone/features.5/conv/conv.2/Clip_output_0:(ty=1,shape=[1,192,64,64])] Clip [/lr_branch/backbone/features.5/conv/conv.0/Conv_output_0:(ty=1,shape=[1,192,64,64]),/lr_branch/backbone/features.0/features.0.2/Constant_output_0:(ty=1,shape=[]),/lr_branch/backbone/features.0/features.0.2/Constant_1_output_0:(ty=1,shape=[])]", "device": "NPU"}, {"output": ["/lr_branch/backbone/features.5/conv/conv.2/Clip_output_0_QuantizeLinear_Output"], "input": ["/lr_branch/backbone/features.5/conv/conv.2/Clip_output_0", "onnx::Conv_683_scale", "/lr_branch/backbone/features.5/conv/conv.2/Clip_output_0_zero_point"], "opType": "QuantizeLinear", "comment": "@219 [/lr_branch/backbone/features.5/conv/conv.2/Clip_output_0_QuantizeLinear_Output:(ty=2,shape=[1,192,64,64])] QuantizeLinear [/lr_branch/backbone/features.5/conv/conv.2/Clip_output_0:(ty=1,shape=[1,192,64,64]),onnx::Conv_683_scale:(ty=1,shape=[]),/lr_branch/backbone/features.5/conv/conv.2/Clip_output_0_zero_point:(ty=2,shape=[])]", "device": "NPU"}, {"output": ["/lr_branch/backbone/features.5/conv/conv.2/Clip_output_0_DequantizeLinear_Output"], "input": ["/lr_branch/backbone/features.5/conv/conv.2/Clip_output_0_QuantizeLinear_Output", "onnx::Conv_683_scale", "/lr_branch/backbone/features.5/conv/conv.2/Clip_output_0_zero_point"], "opType": "DequantizeLinear", "comment": "@220 [/lr_branch/backbone/features.5/conv/conv.2/Clip_output_0_DequantizeLinear_Output:(ty=1,shape=[1,192,64,64])] DequantizeLinear [/lr_branch/backbone/features.5/conv/conv.2/Clip_output_0_QuantizeLinear_Output:(ty=2,shape=[1,192,64,64]),onnx::Conv_683_scale:(ty=1,shape=[]),/lr_branch/backbone/features.5/conv/conv.2/Clip_output_0_zero_point:(ty=2,shape=[])]", "device": "NPU"}, {"output": ["onnx::Conv_699_DequantizeLinear_Output"], "input": ["onnx::Conv_699_quantized", "/lr_branch/backbone/features.2/conv/conv.5/Clip_output_0_scale", "onnx::Conv_699_zero_point"], "opType": "DequantizeLinear", "comment": "@64 [onnx::Conv_699_DequantizeLinear_Output:(ty=1,shape=[192])] DequantizeLinear [onnx::Conv_699_quantized:(ty=3,shape=[192]),/lr_branch/backbone/features.2/conv/conv.5/Clip_output_0_scale:(ty=1,shape=[]),onnx::Conv_699_zero_point:(ty=3,shape=[])]", "device": "NPU"}, {"output": ["onnx::Conv_698_DequantizeLinear_Output"], "input": ["onnx::Conv_698_quantized", "/lr_branch/backbone/features.2/conv/conv.5/Clip_output_0_scale", "onnx::Conv_698_zero_point"], "opType": "DequantizeLinear", "comment": "@63 [onnx::Conv_698_DequantizeLinear_Output:(ty=1,shape=[192,1,3,3])] DequantizeLinear [onnx::Conv_698_quantized:(ty=3,shape=[192,1,3,3]),/lr_branch/backbone/features.2/conv/conv.5/Clip_output_0_scale:(ty=1,shape=[]),onnx::Conv_698_zero_point:(ty=3,shape=[])]", "device": "NPU"}, {"output": ["/lr_branch/backbone/features.5/conv/conv.3/Conv_output_0"], "input": ["/lr_branch/backbone/features.5/conv/conv.2/Clip_output_0_DequantizeLinear_Output", "onnx::Conv_698_DequantizeLinear_Output", "onnx::Conv_699_DequantizeLinear_Output"], "opType": "Conv", "comment": "@221 [/lr_branch/backbone/features.5/conv/conv.3/Conv_output_0:(ty=1,shape=[1,192,64,64])] Conv [/lr_branch/backbone/features.5/conv/conv.2/Clip_output_0_DequantizeLinear_Output:(ty=1,shape=[1,192,64,64]),onnx::Conv_698_DequantizeLinear_Output:(ty=1,shape=[192,1,3,3]),onnx::Conv_699_DequantizeLinear_Output:(ty=1,shape=[192])]", "device": "NPU"}, {"output": ["/lr_branch/backbone/features.5/conv/conv.5/Clip_output_0"], "input": ["/lr_branch/backbone/features.5/conv/conv.3/Conv_output_0", "/lr_branch/backbone/features.0/features.0.2/Constant_output_0", "/lr_branch/backbone/features.0/features.0.2/Constant_1_output_0"], "opType": "Clip", "comment": "@222 [/lr_branch/backbone/features.5/conv/conv.5/Clip_output_0:(ty=1,shape=[1,192,64,64])] Clip [/lr_branch/backbone/features.5/conv/conv.3/Conv_output_0:(ty=1,shape=[1,192,64,64]),/lr_branch/backbone/features.0/features.0.2/Constant_output_0:(ty=1,shape=[]),/lr_branch/backbone/features.0/features.0.2/Constant_1_output_0:(ty=1,shape=[])]", "device": "NPU"}, {"output": ["/lr_branch/backbone/features.5/conv/conv.5/Clip_output_0_QuantizeLinear_Output"], "input": ["/lr_branch/backbone/features.5/conv/conv.5/Clip_output_0", "onnx::Conv_683_scale", "/lr_branch/backbone/features.5/conv/conv.5/Clip_output_0_zero_point"], "opType": "QuantizeLinear", "comment": "@223 [/lr_branch/backbone/features.5/conv/conv.5/Clip_output_0_QuantizeLinear_Output:(ty=2,shape=[1,192,64,64])] QuantizeLinear [/lr_branch/backbone/features.5/conv/conv.5/Clip_output_0:(ty=1,shape=[1,192,64,64]),onnx::Conv_683_scale:(ty=1,shape=[]),/lr_branch/backbone/features.5/conv/conv.5/Clip_output_0_zero_point:(ty=2,shape=[])]", "device": "NPU"}, {"output": ["/lr_branch/backbone/features.5/conv/conv.5/Clip_output_0_DequantizeLinear_Output"], "input": ["/lr_branch/backbone/features.5/conv/conv.5/Clip_output_0_QuantizeLinear_Output", "onnx::Conv_683_scale", "/lr_branch/backbone/features.5/conv/conv.5/Clip_output_0_zero_point"], "opType": "DequantizeLinear", "comment": "@224 [/lr_branch/backbone/features.5/conv/conv.5/Clip_output_0_DequantizeLinear_Output:(ty=1,shape=[1,192,64,64])] DequantizeLinear [/lr_branch/backbone/features.5/conv/conv.5/Clip_output_0_QuantizeLinear_Output:(ty=2,shape=[1,192,64,64]),onnx::Conv_683_scale:(ty=1,shape=[]),/lr_branch/backbone/features.5/conv/conv.5/Clip_output_0_zero_point:(ty=2,shape=[])]", "device": "NPU"}, {"output": ["onnx::Conv_702_DequantizeLinear_Output"], "input": ["onnx::Conv_702_quantized", "onnx::Conv_674_scale", "onnx::Conv_702_zero_point"], "opType": "DequantizeLinear", "comment": "@66 [onnx::Conv_702_DequantizeLinear_Output:(ty=1,shape=[32])] DequantizeLinear [onnx::Conv_702_quantized:(ty=3,shape=[32]),onnx::Conv_674_scale:(ty=1,shape=[]),onnx::Conv_702_zero_point:(ty=3,shape=[])]", "device": "NPU"}, {"output": ["onnx::Conv_701_DequantizeLinear_Output"], "input": ["onnx::Conv_701_quantized", "onnx::Conv_674_scale", "onnx::Conv_701_zero_point"], "opType": "DequantizeLinear", "comment": "@65 [onnx::Conv_701_DequantizeLinear_Output:(ty=1,shape=[32,192,1,1])] DequantizeLinear [onnx::Conv_701_quantized:(ty=3,shape=[32,192,1,1]),onnx::Conv_674_scale:(ty=1,shape=[]),onnx::Conv_701_zero_point:(ty=3,shape=[])]", "device": "NPU"}, {"output": ["/lr_branch/backbone/features.5/conv/conv.6/Conv_output_0"], "input": ["/lr_branch/backbone/features.5/conv/conv.5/Clip_output_0_DequantizeLinear_Output", "onnx::Conv_701_DequantizeLinear_Output", "onnx::Conv_702_DequantizeLinear_Output"], "opType": "Conv", "comment": "@225 [/lr_branch/backbone/features.5/conv/conv.6/Conv_output_0:(ty=1,shape=[1,32,64,64])] Conv [/lr_branch/backbone/features.5/conv/conv.5/Clip_output_0_DequantizeLinear_Output:(ty=1,shape=[1,192,64,64]),onnx::Conv_701_DequantizeLinear_Output:(ty=1,shape=[32,192,1,1]),onnx::Conv_702_DequantizeLinear_Output:(ty=1,shape=[32])]", "device": "NPU"}, {"output": ["/lr_branch/backbone/features.5/conv/conv.6/Conv_output_0_QuantizeLinear_Output"], "input": ["/lr_branch/backbone/features.5/conv/conv.6/Conv_output_0", "onnx::Conv_672_scale", "/lr_branch/backbone/features.5/conv/conv.6/Conv_output_0_zero_point"], "opType": "QuantizeLinear", "comment": "@226 [/lr_branch/backbone/features.5/conv/conv.6/Conv_output_0_QuantizeLinear_Output:(ty=2,shape=[1,32,64,64])] QuantizeLinear [/lr_branch/backbone/features.5/conv/conv.6/Conv_output_0:(ty=1,shape=[1,32,64,64]),onnx::Conv_672_scale:(ty=1,shape=[]),/lr_branch/backbone/features.5/conv/conv.6/Conv_output_0_zero_point:(ty=2,shape=[])]", "device": "NPU"}, {"output": ["/lr_branch/backbone/features.5/conv/conv.6/Conv_output_0_DequantizeLinear_Output"], "input": ["/lr_branch/backbone/features.5/conv/conv.6/Conv_output_0_QuantizeLinear_Output", "onnx::Conv_672_scale", "/lr_branch/backbone/features.5/conv/conv.6/Conv_output_0_zero_point"], "opType": "DequantizeLinear", "comment": "@227 [/lr_branch/backbone/features.5/conv/conv.6/Conv_output_0_DequantizeLinear_Output:(ty=1,shape=[1,32,64,64])] DequantizeLinear [/lr_branch/backbone/features.5/conv/conv.6/Conv_output_0_QuantizeLinear_Output:(ty=2,shape=[1,32,64,64]),onnx::Conv_672_scale:(ty=1,shape=[]),/lr_branch/backbone/features.5/conv/conv.6/Conv_output_0_zero_point:(ty=2,shape=[])]", "device": "NPU"}, {"output": ["/lr_branch/backbone/features.5/Add_output_0"], "input": ["/lr_branch/backbone/features.4/conv/conv.6/Conv_output_0_DequantizeLinear_Output/duplicated", "/lr_branch/backbone/features.5/conv/conv.6/Conv_output_0_DequantizeLinear_Output"], "opType": "Add", "comment": "@228 [/lr_branch/backbone/features.5/Add_output_0:(ty=1,shape=[1,32,64,64])] Add [/lr_branch/backbone/features.4/conv/conv.6/Conv_output_0_DequantizeLinear_Output/duplicated:(ty=1,shape=[1,32,64,64]),/lr_branch/backbone/features.5/conv/conv.6/Conv_output_0_DequantizeLinear_Output:(ty=1,shape=[1,32,64,64])]", "device": "NPU"}, {"output": ["/lr_branch/backbone/features.5/Add_output_0_QuantizeLinear_Output"], "input": ["/lr_branch/backbone/features.5/Add_output_0", "/lr_branch/backbone/features.2/conv/conv.5/Clip_output_0_scale", "/lr_branch/backbone/features.5/Add_output_0_zero_point"], "opType": "QuantizeLinear", "comment": "@229 [/lr_branch/backbone/features.5/Add_output_0_QuantizeLinear_Output:(ty=2,shape=[1,32,64,64])] QuantizeLinear [/lr_branch/backbone/features.5/Add_output_0:(ty=1,shape=[1,32,64,64]),/lr_branch/backbone/features.2/conv/conv.5/Clip_output_0_scale:(ty=1,shape=[]),/lr_branch/backbone/features.5/Add_output_0_zero_point:(ty=2,shape=[])]", "device": "NPU"}, {"output": ["/lr_branch/backbone/features.5/Add_output_0_DequantizeLinear_Output/duplicated"], "input": ["/lr_branch/backbone/features.5/Add_output_0_QuantizeLinear_Output", "/lr_branch/backbone/features.2/conv/conv.5/Clip_output_0_scale", "/lr_branch/backbone/features.5/Add_output_0_zero_point"], "opType": "DequantizeLinear", "comment": "@497 [/lr_branch/backbone/features.5/Add_output_0_DequantizeLinear_Output/duplicated:(ty=1,shape=[1,32,64,64])] DequantizeLinear [/lr_branch/backbone/features.5/Add_output_0_QuantizeLinear_Output:(ty=2,shape=[1,32,64,64]),/lr_branch/backbone/features.2/conv/conv.5/Clip_output_0_scale:(ty=1,shape=[]),/lr_branch/backbone/features.5/Add_output_0_zero_point:(ty=2,shape=[])]", "device": "NPU"}, {"output": ["/lr_branch/backbone/features.5/Add_output_0_DequantizeLinear_Output"], "input": ["/lr_branch/backbone/features.5/Add_output_0_QuantizeLinear_Output", "/lr_branch/backbone/features.2/conv/conv.5/Clip_output_0_scale", "/lr_branch/backbone/features.5/Add_output_0_zero_point"], "opType": "DequantizeLinear", "comment": "@230 [/lr_branch/backbone/features.5/Add_output_0_DequantizeLinear_Output:(ty=1,shape=[1,32,64,64])] DequantizeLinear [/lr_branch/backbone/features.5/Add_output_0_QuantizeLinear_Output:(ty=2,shape=[1,32,64,64]),/lr_branch/backbone/features.2/conv/conv.5/Clip_output_0_scale:(ty=1,shape=[]),/lr_branch/backbone/features.5/Add_output_0_zero_point:(ty=2,shape=[])]", "device": "NPU"}, {"output": ["onnx::Conv_705_DequantizeLinear_Output"], "input": ["onnx::Conv_705_quantized", "onnx::Conv_696_scale", "onnx::Conv_705_zero_point"], "opType": "DequantizeLinear", "comment": "@68 [onnx::Conv_705_DequantizeLinear_Output:(ty=1,shape=[192])] DequantizeLinear [onnx::Conv_705_quantized:(ty=3,shape=[192]),onnx::Conv_696_scale:(ty=1,shape=[]),onnx::Conv_705_zero_point:(ty=3,shape=[])]", "device": "NPU"}, {"output": ["onnx::Conv_704_DequantizeLinear_Output"], "input": ["onnx::Conv_704_quantized", "onnx::Conv_722_scale", "onnx::Conv_704_zero_point"], "opType": "DequantizeLinear", "comment": "@67 [onnx::Conv_704_DequantizeLinear_Output:(ty=1,shape=[192,32,1,1])] DequantizeLinear [onnx::Conv_704_quantized:(ty=3,shape=[192,32,1,1]),onnx::Conv_722_scale:(ty=1,shape=[]),onnx::Conv_704_zero_point:(ty=3,shape=[])]", "device": "NPU"}, {"output": ["/lr_branch/backbone/features.6/conv/conv.0/Conv_output_0"], "input": ["/lr_branch/backbone/features.5/Add_output_0_DequantizeLinear_Output", "onnx::Conv_704_DequantizeLinear_Output", "onnx::Conv_705_DequantizeLinear_Output"], "opType": "Conv", "comment": "@231 [/lr_branch/backbone/features.6/conv/conv.0/Conv_output_0:(ty=1,shape=[1,192,64,64])] Conv [/lr_branch/backbone/features.5/Add_output_0_DequantizeLinear_Output:(ty=1,shape=[1,32,64,64]),onnx::Conv_704_DequantizeLinear_Output:(ty=1,shape=[192,32,1,1]),onnx::Conv_705_DequantizeLinear_Output:(ty=1,shape=[192])]", "device": "NPU"}, {"output": ["/lr_branch/backbone/features.6/conv/conv.2/Clip_output_0"], "input": ["/lr_branch/backbone/features.6/conv/conv.0/Conv_output_0", "/lr_branch/backbone/features.0/features.0.2/Constant_output_0", "/lr_branch/backbone/features.0/features.0.2/Constant_1_output_0"], "opType": "Clip", "comment": "@232 [/lr_branch/backbone/features.6/conv/conv.2/Clip_output_0:(ty=1,shape=[1,192,64,64])] Clip [/lr_branch/backbone/features.6/conv/conv.0/Conv_output_0:(ty=1,shape=[1,192,64,64]),/lr_branch/backbone/features.0/features.0.2/Constant_output_0:(ty=1,shape=[]),/lr_branch/backbone/features.0/features.0.2/Constant_1_output_0:(ty=1,shape=[])]", "device": "NPU"}, {"output": ["/lr_branch/backbone/features.6/conv/conv.2/Clip_output_0_QuantizeLinear_Output"], "input": ["/lr_branch/backbone/features.6/conv/conv.2/Clip_output_0", "onnx::Conv_683_scale", "/lr_branch/backbone/features.6/conv/conv.2/Clip_output_0_zero_point"], "opType": "QuantizeLinear", "comment": "@233 [/lr_branch/backbone/features.6/conv/conv.2/Clip_output_0_QuantizeLinear_Output:(ty=2,shape=[1,192,64,64])] QuantizeLinear [/lr_branch/backbone/features.6/conv/conv.2/Clip_output_0:(ty=1,shape=[1,192,64,64]),onnx::Conv_683_scale:(ty=1,shape=[]),/lr_branch/backbone/features.6/conv/conv.2/Clip_output_0_zero_point:(ty=2,shape=[])]", "device": "NPU"}, {"output": ["/lr_branch/backbone/features.6/conv/conv.2/Clip_output_0_DequantizeLinear_Output"], "input": ["/lr_branch/backbone/features.6/conv/conv.2/Clip_output_0_QuantizeLinear_Output", "onnx::Conv_683_scale", "/lr_branch/backbone/features.6/conv/conv.2/Clip_output_0_zero_point"], "opType": "DequantizeLinear", "comment": "@234 [/lr_branch/backbone/features.6/conv/conv.2/Clip_output_0_DequantizeLinear_Output:(ty=1,shape=[1,192,64,64])] DequantizeLinear [/lr_branch/backbone/features.6/conv/conv.2/Clip_output_0_QuantizeLinear_Output:(ty=2,shape=[1,192,64,64]),onnx::Conv_683_scale:(ty=1,shape=[]),/lr_branch/backbone/features.6/conv/conv.2/Clip_output_0_zero_point:(ty=2,shape=[])]", "device": "NPU"}, {"output": ["onnx::Conv_708_DequantizeLinear_Output"], "input": ["onnx::Conv_708_quantized", "onnx::Conv_683_scale", "onnx::Conv_708_zero_point"], "opType": "DequantizeLinear", "comment": "@70 [onnx::Conv_708_DequantizeLinear_Output:(ty=1,shape=[192])] DequantizeLinear [onnx::Conv_708_quantized:(ty=3,shape=[192]),onnx::Conv_683_scale:(ty=1,shape=[]),onnx::Conv_708_zero_point:(ty=3,shape=[])]", "device": "NPU"}, {"output": ["onnx::Conv_707_DequantizeLinear_Output"], "input": ["onnx::Conv_707_quantized", "/lr_branch/backbone/features.2/conv/conv.5/Clip_output_0_scale", "onnx::Conv_707_zero_point"], "opType": "DequantizeLinear", "comment": "@69 [onnx::Conv_707_DequantizeLinear_Output:(ty=1,shape=[192,1,3,3])] DequantizeLinear [onnx::Conv_707_quantized:(ty=3,shape=[192,1,3,3]),/lr_branch/backbone/features.2/conv/conv.5/Clip_output_0_scale:(ty=1,shape=[]),onnx::Conv_707_zero_point:(ty=3,shape=[])]", "device": "NPU"}, {"output": ["/lr_branch/backbone/features.6/conv/conv.3/Conv_output_0"], "input": ["/lr_branch/backbone/features.6/conv/conv.2/Clip_output_0_DequantizeLinear_Output", "onnx::Conv_707_DequantizeLinear_Output", "onnx::Conv_708_DequantizeLinear_Output"], "opType": "Conv", "comment": "@235 [/lr_branch/backbone/features.6/conv/conv.3/Conv_output_0:(ty=1,shape=[1,192,64,64])] Conv [/lr_branch/backbone/features.6/conv/conv.2/Clip_output_0_DequantizeLinear_Output:(ty=1,shape=[1,192,64,64]),onnx::Conv_707_DequantizeLinear_Output:(ty=1,shape=[192,1,3,3]),onnx::Conv_708_DequantizeLinear_Output:(ty=1,shape=[192])]", "device": "NPU"}, {"output": ["/lr_branch/backbone/features.6/conv/conv.5/Clip_output_0"], "input": ["/lr_branch/backbone/features.6/conv/conv.3/Conv_output_0", "/lr_branch/backbone/features.0/features.0.2/Constant_output_0", "/lr_branch/backbone/features.0/features.0.2/Constant_1_output_0"], "opType": "Clip", "comment": "@236 [/lr_branch/backbone/features.6/conv/conv.5/Clip_output_0:(ty=1,shape=[1,192,64,64])] Clip [/lr_branch/backbone/features.6/conv/conv.3/Conv_output_0:(ty=1,shape=[1,192,64,64]),/lr_branch/backbone/features.0/features.0.2/Constant_output_0:(ty=1,shape=[]),/lr_branch/backbone/features.0/features.0.2/Constant_1_output_0:(ty=1,shape=[])]", "device": "NPU"}, {"output": ["/lr_branch/backbone/features.6/conv/conv.5/Clip_output_0_QuantizeLinear_Output"], "input": ["/lr_branch/backbone/features.6/conv/conv.5/Clip_output_0", "onnx::Conv_683_scale", "/lr_branch/backbone/features.6/conv/conv.5/Clip_output_0_zero_point"], "opType": "QuantizeLinear", "comment": "@237 [/lr_branch/backbone/features.6/conv/conv.5/Clip_output_0_QuantizeLinear_Output:(ty=2,shape=[1,192,64,64])] QuantizeLinear [/lr_branch/backbone/features.6/conv/conv.5/Clip_output_0:(ty=1,shape=[1,192,64,64]),onnx::Conv_683_scale:(ty=1,shape=[]),/lr_branch/backbone/features.6/conv/conv.5/Clip_output_0_zero_point:(ty=2,shape=[])]", "device": "NPU"}, {"output": ["/lr_branch/backbone/features.6/conv/conv.5/Clip_output_0_DequantizeLinear_Output"], "input": ["/lr_branch/backbone/features.6/conv/conv.5/Clip_output_0_QuantizeLinear_Output", "onnx::Conv_683_scale", "/lr_branch/backbone/features.6/conv/conv.5/Clip_output_0_zero_point"], "opType": "DequantizeLinear", "comment": "@238 [/lr_branch/backbone/features.6/conv/conv.5/Clip_output_0_DequantizeLinear_Output:(ty=1,shape=[1,192,64,64])] DequantizeLinear [/lr_branch/backbone/features.6/conv/conv.5/Clip_output_0_QuantizeLinear_Output:(ty=2,shape=[1,192,64,64]),onnx::Conv_683_scale:(ty=1,shape=[]),/lr_branch/backbone/features.6/conv/conv.5/Clip_output_0_zero_point:(ty=2,shape=[])]", "device": "NPU"}, {"output": ["onnx::Conv_711_DequantizeLinear_Output"], "input": ["onnx::Conv_711_quantized", "onnx::Conv_674_scale", "onnx::Conv_711_zero_point"], "opType": "DequantizeLinear", "comment": "@72 [onnx::Conv_711_DequantizeLinear_Output:(ty=1,shape=[32])] DequantizeLinear [onnx::Conv_711_quantized:(ty=3,shape=[32]),onnx::Conv_674_scale:(ty=1,shape=[]),onnx::Conv_711_zero_point:(ty=3,shape=[])]", "device": "NPU"}, {"output": ["onnx::Conv_710_DequantizeLinear_Output"], "input": ["onnx::Conv_710_quantized", "onnx::Conv_674_scale", "onnx::Conv_710_zero_point"], "opType": "DequantizeLinear", "comment": "@71 [onnx::Conv_710_DequantizeLinear_Output:(ty=1,shape=[32,192,1,1])] DequantizeLinear [onnx::Conv_710_quantized:(ty=3,shape=[32,192,1,1]),onnx::Conv_674_scale:(ty=1,shape=[]),onnx::Conv_710_zero_point:(ty=3,shape=[])]", "device": "NPU"}, {"output": ["/lr_branch/backbone/features.6/conv/conv.6/Conv_output_0"], "input": ["/lr_branch/backbone/features.6/conv/conv.5/Clip_output_0_DequantizeLinear_Output", "onnx::Conv_710_DequantizeLinear_Output", "onnx::Conv_711_DequantizeLinear_Output"], "opType": "Conv", "comment": "@239 [/lr_branch/backbone/features.6/conv/conv.6/Conv_output_0:(ty=1,shape=[1,32,64,64])] Conv [/lr_branch/backbone/features.6/conv/conv.5/Clip_output_0_DequantizeLinear_Output:(ty=1,shape=[1,192,64,64]),onnx::Conv_710_DequantizeLinear_Output:(ty=1,shape=[32,192,1,1]),onnx::Conv_711_DequantizeLinear_Output:(ty=1,shape=[32])]", "device": "NPU"}, {"output": ["/lr_branch/backbone/features.6/conv/conv.6/Conv_output_0_QuantizeLinear_Output"], "input": ["/lr_branch/backbone/features.6/conv/conv.6/Conv_output_0", "onnx::Conv_672_scale", "/lr_branch/backbone/features.6/conv/conv.6/Conv_output_0_zero_point"], "opType": "QuantizeLinear", "comment": "@240 [/lr_branch/backbone/features.6/conv/conv.6/Conv_output_0_QuantizeLinear_Output:(ty=2,shape=[1,32,64,64])] QuantizeLinear [/lr_branch/backbone/features.6/conv/conv.6/Conv_output_0:(ty=1,shape=[1,32,64,64]),onnx::Conv_672_scale:(ty=1,shape=[]),/lr_branch/backbone/features.6/conv/conv.6/Conv_output_0_zero_point:(ty=2,shape=[])]", "device": "NPU"}, {"output": ["/lr_branch/backbone/features.6/conv/conv.6/Conv_output_0_DequantizeLinear_Output"], "input": ["/lr_branch/backbone/features.6/conv/conv.6/Conv_output_0_QuantizeLinear_Output", "onnx::Conv_672_scale", "/lr_branch/backbone/features.6/conv/conv.6/Conv_output_0_zero_point"], "opType": "DequantizeLinear", "comment": "@241 [/lr_branch/backbone/features.6/conv/conv.6/Conv_output_0_DequantizeLinear_Output:(ty=1,shape=[1,32,64,64])] DequantizeLinear [/lr_branch/backbone/features.6/conv/conv.6/Conv_output_0_QuantizeLinear_Output:(ty=2,shape=[1,32,64,64]),onnx::Conv_672_scale:(ty=1,shape=[]),/lr_branch/backbone/features.6/conv/conv.6/Conv_output_0_zero_point:(ty=2,shape=[])]", "device": "NPU"}, {"output": ["/lr_branch/backbone/features.6/Add_output_0"], "input": ["/lr_branch/backbone/features.5/Add_output_0_DequantizeLinear_Output/duplicated", "/lr_branch/backbone/features.6/conv/conv.6/Conv_output_0_DequantizeLinear_Output"], "opType": "Add", "comment": "@242 [/lr_branch/backbone/features.6/Add_output_0:(ty=1,shape=[1,32,64,64])] Add [/lr_branch/backbone/features.5/Add_output_0_DequantizeLinear_Output/duplicated:(ty=1,shape=[1,32,64,64]),/lr_branch/backbone/features.6/conv/conv.6/Conv_output_0_DequantizeLinear_Output:(ty=1,shape=[1,32,64,64])]", "device": "NPU"}, {"output": ["/lr_branch/backbone/features.6/Add_output_0_QuantizeLinear_Output"], "input": ["/lr_branch/backbone/features.6/Add_output_0", "/lr_branch/backbone/features.2/conv/conv.5/Clip_output_0_scale", "/lr_branch/backbone/features.6/Add_output_0_zero_point"], "opType": "QuantizeLinear", "comment": "@243 [/lr_branch/backbone/features.6/Add_output_0_QuantizeLinear_Output:(ty=2,shape=[1,32,64,64])] QuantizeLinear [/lr_branch/backbone/features.6/Add_output_0:(ty=1,shape=[1,32,64,64]),/lr_branch/backbone/features.2/conv/conv.5/Clip_output_0_scale:(ty=1,shape=[]),/lr_branch/backbone/features.6/Add_output_0_zero_point:(ty=2,shape=[])]", "device": "NPU"}, {"output": ["/lr_branch/backbone/features.6/Add_output_0_DequantizeLinear_Output"], "input": ["/lr_branch/backbone/features.6/Add_output_0_QuantizeLinear_Output", "/lr_branch/backbone/features.2/conv/conv.5/Clip_output_0_scale", "/lr_branch/backbone/features.6/Add_output_0_zero_point"], "opType": "DequantizeLinear", "comment": "@244 [/lr_branch/backbone/features.6/Add_output_0_DequantizeLinear_Output:(ty=1,shape=[1,32,64,64])] DequantizeLinear [/lr_branch/backbone/features.6/Add_output_0_QuantizeLinear_Output:(ty=2,shape=[1,32,64,64]),/lr_branch/backbone/features.2/conv/conv.5/Clip_output_0_scale:(ty=1,shape=[]),/lr_branch/backbone/features.6/Add_output_0_zero_point:(ty=2,shape=[])]", "device": "NPU"}, {"output": ["onnx::Conv_714_DequantizeLinear_Output"], "input": ["onnx::Conv_714_quantized", "onnx::Conv_696_scale", "onnx::Conv_714_zero_point"], "opType": "DequantizeLinear", "comment": "@74 [onnx::Conv_714_DequantizeLinear_Output:(ty=1,shape=[192])] DequantizeLinear [onnx::Conv_714_quantized:(ty=3,shape=[192]),onnx::Conv_696_scale:(ty=1,shape=[]),onnx::Conv_714_zero_point:(ty=3,shape=[])]", "device": "NPU"}, {"output": ["onnx::Conv_713_DequantizeLinear_Output"], "input": ["onnx::Conv_713_quantized", "onnx::Conv_758_scale", "onnx::Conv_713_zero_point"], "opType": "DequantizeLinear", "comment": "@73 [onnx::Conv_713_DequantizeLinear_Output:(ty=1,shape=[192,32,1,1])] DequantizeLinear [onnx::Conv_713_quantized:(ty=3,shape=[192,32,1,1]),onnx::Conv_758_scale:(ty=1,shape=[]),onnx::Conv_713_zero_point:(ty=3,shape=[])]", "device": "NPU"}, {"output": ["/lr_branch/backbone/features.7/conv/conv.0/Conv_output_0"], "input": ["/lr_branch/backbone/features.6/Add_output_0_DequantizeLinear_Output", "onnx::Conv_713_DequantizeLinear_Output", "onnx::Conv_714_DequantizeLinear_Output"], "opType": "Conv", "comment": "@245 [/lr_branch/backbone/features.7/conv/conv.0/Conv_output_0:(ty=1,shape=[1,192,64,64])] Conv [/lr_branch/backbone/features.6/Add_output_0_DequantizeLinear_Output:(ty=1,shape=[1,32,64,64]),onnx::Conv_713_DequantizeLinear_Output:(ty=1,shape=[192,32,1,1]),onnx::Conv_714_DequantizeLinear_Output:(ty=1,shape=[192])]", "device": "NPU"}, {"output": ["/lr_branch/backbone/features.7/conv/conv.2/Clip_output_0"], "input": ["/lr_branch/backbone/features.7/conv/conv.0/Conv_output_0", "/lr_branch/backbone/features.0/features.0.2/Constant_output_0", "/lr_branch/backbone/features.0/features.0.2/Constant_1_output_0"], "opType": "Clip", "comment": "@246 [/lr_branch/backbone/features.7/conv/conv.2/Clip_output_0:(ty=1,shape=[1,192,64,64])] Clip [/lr_branch/backbone/features.7/conv/conv.0/Conv_output_0:(ty=1,shape=[1,192,64,64]),/lr_branch/backbone/features.0/features.0.2/Constant_output_0:(ty=1,shape=[]),/lr_branch/backbone/features.0/features.0.2/Constant_1_output_0:(ty=1,shape=[])]", "device": "NPU"}, {"output": ["/lr_branch/backbone/features.7/conv/conv.2/Clip_output_0_QuantizeLinear_Output"], "input": ["/lr_branch/backbone/features.7/conv/conv.2/Clip_output_0", "onnx::Conv_683_scale", "/lr_branch/backbone/features.7/conv/conv.2/Clip_output_0_zero_point"], "opType": "QuantizeLinear", "comment": "@247 [/lr_branch/backbone/features.7/conv/conv.2/Clip_output_0_QuantizeLinear_Output:(ty=2,shape=[1,192,64,64])] QuantizeLinear [/lr_branch/backbone/features.7/conv/conv.2/Clip_output_0:(ty=1,shape=[1,192,64,64]),onnx::Conv_683_scale:(ty=1,shape=[]),/lr_branch/backbone/features.7/conv/conv.2/Clip_output_0_zero_point:(ty=2,shape=[])]", "device": "NPU"}, {"output": ["/lr_branch/backbone/features.7/conv/conv.2/Clip_output_0_DequantizeLinear_Output"], "input": ["/lr_branch/backbone/features.7/conv/conv.2/Clip_output_0_QuantizeLinear_Output", "onnx::Conv_683_scale", "/lr_branch/backbone/features.7/conv/conv.2/Clip_output_0_zero_point"], "opType": "DequantizeLinear", "comment": "@248 [/lr_branch/backbone/features.7/conv/conv.2/Clip_output_0_DequantizeLinear_Output:(ty=1,shape=[1,192,64,64])] DequantizeLinear [/lr_branch/backbone/features.7/conv/conv.2/Clip_output_0_QuantizeLinear_Output:(ty=2,shape=[1,192,64,64]),onnx::Conv_683_scale:(ty=1,shape=[]),/lr_branch/backbone/features.7/conv/conv.2/Clip_output_0_zero_point:(ty=2,shape=[])]", "device": "NPU"}, {"output": ["onnx::Conv_717_DequantizeLinear_Output"], "input": ["onnx::Conv_717_quantized", "onnx::Conv_672_scale", "onnx::Conv_717_zero_point"], "opType": "DequantizeLinear", "comment": "@76 [onnx::Conv_717_DequantizeLinear_Output:(ty=1,shape=[192])] DequantizeLinear [onnx::Conv_717_quantized:(ty=3,shape=[192]),onnx::Conv_672_scale:(ty=1,shape=[]),onnx::Conv_717_zero_point:(ty=3,shape=[])]", "device": "NPU"}, {"output": ["onnx::Conv_716_DequantizeLinear_Output"], "input": ["onnx::Conv_716_quantized", "onnx::Conv_672_scale", "onnx::Conv_716_zero_point"], "opType": "DequantizeLinear", "comment": "@75 [onnx::Conv_716_DequantizeLinear_Output:(ty=1,shape=[192,1,3,3])] DequantizeLinear [onnx::Conv_716_quantized:(ty=3,shape=[192,1,3,3]),onnx::Conv_672_scale:(ty=1,shape=[]),onnx::Conv_716_zero_point:(ty=3,shape=[])]", "device": "NPU"}, {"output": ["/lr_branch/backbone/features.7/conv/conv.3/Conv_output_0"], "input": ["/lr_branch/backbone/features.7/conv/conv.2/Clip_output_0_DequantizeLinear_Output", "onnx::Conv_716_DequantizeLinear_Output", "onnx::Conv_717_DequantizeLinear_Output"], "opType": "Conv", "comment": "@249 [/lr_branch/backbone/features.7/conv/conv.3/Conv_output_0:(ty=1,shape=[1,192,32,32])] Conv [/lr_branch/backbone/features.7/conv/conv.2/Clip_output_0_DequantizeLinear_Output:(ty=1,shape=[1,192,64,64]),onnx::Conv_716_DequantizeLinear_Output:(ty=1,shape=[192,1,3,3]),onnx::Conv_717_DequantizeLinear_Output:(ty=1,shape=[192])]", "device": "NPU"}, {"output": ["/lr_branch/backbone/features.7/conv/conv.5/Clip_output_0"], "input": ["/lr_branch/backbone/features.7/conv/conv.3/Conv_output_0", "/lr_branch/backbone/features.0/features.0.2/Constant_output_0", "/lr_branch/backbone/features.0/features.0.2/Constant_1_output_0"], "opType": "Clip", "comment": "@250 [/lr_branch/backbone/features.7/conv/conv.5/Clip_output_0:(ty=1,shape=[1,192,32,32])] Clip [/lr_branch/backbone/features.7/conv/conv.3/Conv_output_0:(ty=1,shape=[1,192,32,32]),/lr_branch/backbone/features.0/features.0.2/Constant_output_0:(ty=1,shape=[]),/lr_branch/backbone/features.0/features.0.2/Constant_1_output_0:(ty=1,shape=[])]", "device": "NPU"}, {"output": ["/lr_branch/backbone/features.7/conv/conv.5/Clip_output_0_QuantizeLinear_Output"], "input": ["/lr_branch/backbone/features.7/conv/conv.5/Clip_output_0", "onnx::Conv_672_scale", "/lr_branch/backbone/features.7/conv/conv.5/Clip_output_0_zero_point"], "opType": "QuantizeLinear", "comment": "@251 [/lr_branch/backbone/features.7/conv/conv.5/Clip_output_0_QuantizeLinear_Output:(ty=2,shape=[1,192,32,32])] QuantizeLinear [/lr_branch/backbone/features.7/conv/conv.5/Clip_output_0:(ty=1,shape=[1,192,32,32]),onnx::Conv_672_scale:(ty=1,shape=[]),/lr_branch/backbone/features.7/conv/conv.5/Clip_output_0_zero_point:(ty=2,shape=[])]", "device": "NPU"}, {"output": ["/lr_branch/backbone/features.7/conv/conv.5/Clip_output_0_DequantizeLinear_Output"], "input": ["/lr_branch/backbone/features.7/conv/conv.5/Clip_output_0_QuantizeLinear_Output", "onnx::Conv_672_scale", "/lr_branch/backbone/features.7/conv/conv.5/Clip_output_0_zero_point"], "opType": "DequantizeLinear", "comment": "@252 [/lr_branch/backbone/features.7/conv/conv.5/Clip_output_0_DequantizeLinear_Output:(ty=1,shape=[1,192,32,32])] DequantizeLinear [/lr_branch/backbone/features.7/conv/conv.5/Clip_output_0_QuantizeLinear_Output:(ty=2,shape=[1,192,32,32]),onnx::Conv_672_scale:(ty=1,shape=[]),/lr_branch/backbone/features.7/conv/conv.5/Clip_output_0_zero_point:(ty=2,shape=[])]", "device": "NPU"}, {"output": ["onnx::Conv_720_DequantizeLinear_Output"], "input": ["onnx::Conv_720_quantized", "onnx::Conv_683_scale", "onnx::Conv_720_zero_point"], "opType": "DequantizeLinear", "comment": "@78 [onnx::Conv_720_DequantizeLinear_Output:(ty=1,shape=[64])] DequantizeLinear [onnx::Conv_720_quantized:(ty=3,shape=[64]),onnx::Conv_683_scale:(ty=1,shape=[]),onnx::Conv_720_zero_point:(ty=3,shape=[])]", "device": "NPU"}, {"output": ["onnx::Conv_719_DequantizeLinear_Output"], "input": ["onnx::Conv_719_quantized", "onnx::Conv_696_scale", "onnx::Conv_719_zero_point"], "opType": "DequantizeLinear", "comment": "@77 [onnx::Conv_719_DequantizeLinear_Output:(ty=1,shape=[64,192,1,1])] DequantizeLinear [onnx::Conv_719_quantized:(ty=3,shape=[64,192,1,1]),onnx::Conv_696_scale:(ty=1,shape=[]),onnx::Conv_719_zero_point:(ty=3,shape=[])]", "device": "NPU"}, {"output": ["/lr_branch/backbone/features.7/conv/conv.6/Conv_output_0"], "input": ["/lr_branch/backbone/features.7/conv/conv.5/Clip_output_0_DequantizeLinear_Output", "onnx::Conv_719_DequantizeLinear_Output", "onnx::Conv_720_DequantizeLinear_Output"], "opType": "Conv", "comment": "@253 [/lr_branch/backbone/features.7/conv/conv.6/Conv_output_0:(ty=1,shape=[1,64,32,32])] Conv [/lr_branch/backbone/features.7/conv/conv.5/Clip_output_0_DequantizeLinear_Output:(ty=1,shape=[1,192,32,32]),onnx::Conv_719_DequantizeLinear_Output:(ty=1,shape=[64,192,1,1]),onnx::Conv_720_DequantizeLinear_Output:(ty=1,shape=[64])]", "device": "NPU"}, {"output": ["/lr_branch/backbone/features.7/conv/conv.6/Conv_output_0_QuantizeLinear_Output"], "input": ["/lr_branch/backbone/features.7/conv/conv.6/Conv_output_0", "onnx::Conv_672_scale", "/lr_branch/backbone/features.7/conv/conv.6/Conv_output_0_zero_point"], "opType": "QuantizeLinear", "comment": "@254 [/lr_branch/backbone/features.7/conv/conv.6/Conv_output_0_QuantizeLinear_Output:(ty=2,shape=[1,64,32,32])] QuantizeLinear [/lr_branch/backbone/features.7/conv/conv.6/Conv_output_0:(ty=1,shape=[1,64,32,32]),onnx::Conv_672_scale:(ty=1,shape=[]),/lr_branch/backbone/features.7/conv/conv.6/Conv_output_0_zero_point:(ty=2,shape=[])]", "device": "NPU"}, {"output": ["/lr_branch/backbone/features.7/conv/conv.6/Conv_output_0_DequantizeLinear_Output/duplicated"], "input": ["/lr_branch/backbone/features.7/conv/conv.6/Conv_output_0_QuantizeLinear_Output", "onnx::Conv_672_scale", "/lr_branch/backbone/features.7/conv/conv.6/Conv_output_0_zero_point"], "opType": "DequantizeLinear", "comment": "@498 [/lr_branch/backbone/features.7/conv/conv.6/Conv_output_0_DequantizeLinear_Output/duplicated:(ty=1,shape=[1,64,32,32])] DequantizeLinear [/lr_branch/backbone/features.7/conv/conv.6/Conv_output_0_QuantizeLinear_Output:(ty=2,shape=[1,64,32,32]),onnx::Conv_672_scale:(ty=1,shape=[]),/lr_branch/backbone/features.7/conv/conv.6/Conv_output_0_zero_point:(ty=2,shape=[])]", "device": "NPU"}, {"output": ["/lr_branch/backbone/features.7/conv/conv.6/Conv_output_0_DequantizeLinear_Output"], "input": ["/lr_branch/backbone/features.7/conv/conv.6/Conv_output_0_QuantizeLinear_Output", "onnx::Conv_672_scale", "/lr_branch/backbone/features.7/conv/conv.6/Conv_output_0_zero_point"], "opType": "DequantizeLinear", "comment": "@255 [/lr_branch/backbone/features.7/conv/conv.6/Conv_output_0_DequantizeLinear_Output:(ty=1,shape=[1,64,32,32])] DequantizeLinear [/lr_branch/backbone/features.7/conv/conv.6/Conv_output_0_QuantizeLinear_Output:(ty=2,shape=[1,64,32,32]),onnx::Conv_672_scale:(ty=1,shape=[]),/lr_branch/backbone/features.7/conv/conv.6/Conv_output_0_zero_point:(ty=2,shape=[])]", "device": "NPU"}, {"output": ["onnx::Conv_723_DequantizeLinear_Output"], "input": ["onnx::Conv_723_quantized", "onnx::Conv_696_scale", "onnx::Conv_723_zero_point"], "opType": "DequantizeLinear", "comment": "@80 [onnx::Conv_723_DequantizeLinear_Output:(ty=1,shape=[384])] DequantizeLinear [onnx::Conv_723_quantized:(ty=3,shape=[384]),onnx::Conv_696_scale:(ty=1,shape=[]),onnx::Conv_723_zero_point:(ty=3,shape=[])]", "device": "NPU"}, {"output": ["onnx::Conv_722_DequantizeLinear_Output"], "input": ["onnx::Conv_722_quantized", "onnx::Conv_722_scale", "onnx::Conv_722_zero_point"], "opType": "DequantizeLinear", "comment": "@79 [onnx::Conv_722_DequantizeLinear_Output:(ty=1,shape=[384,64,1,1])] DequantizeLinear [onnx::Conv_722_quantized:(ty=3,shape=[384,64,1,1]),onnx::Conv_722_scale:(ty=1,shape=[]),onnx::Conv_722_zero_point:(ty=3,shape=[])]", "device": "NPU"}, {"output": ["/lr_branch/backbone/features.8/conv/conv.0/Conv_output_0"], "input": ["/lr_branch/backbone/features.7/conv/conv.6/Conv_output_0_DequantizeLinear_Output", "onnx::Conv_722_DequantizeLinear_Output", "onnx::Conv_723_DequantizeLinear_Output"], "opType": "Conv", "comment": "@256 [/lr_branch/backbone/features.8/conv/conv.0/Conv_output_0:(ty=1,shape=[1,384,32,32])] Conv [/lr_branch/backbone/features.7/conv/conv.6/Conv_output_0_DequantizeLinear_Output:(ty=1,shape=[1,64,32,32]),onnx::Conv_722_DequantizeLinear_Output:(ty=1,shape=[384,64,1,1]),onnx::Conv_723_DequantizeLinear_Output:(ty=1,shape=[384])]", "device": "NPU"}, {"output": ["/lr_branch/backbone/features.8/conv/conv.2/Clip_output_0"], "input": ["/lr_branch/backbone/features.8/conv/conv.0/Conv_output_0", "/lr_branch/backbone/features.0/features.0.2/Constant_output_0", "/lr_branch/backbone/features.0/features.0.2/Constant_1_output_0"], "opType": "Clip", "comment": "@257 [/lr_branch/backbone/features.8/conv/conv.2/Clip_output_0:(ty=1,shape=[1,384,32,32])] Clip [/lr_branch/backbone/features.8/conv/conv.0/Conv_output_0:(ty=1,shape=[1,384,32,32]),/lr_branch/backbone/features.0/features.0.2/Constant_output_0:(ty=1,shape=[]),/lr_branch/backbone/features.0/features.0.2/Constant_1_output_0:(ty=1,shape=[])]", "device": "NPU"}, {"output": ["/lr_branch/backbone/features.8/conv/conv.2/Clip_output_0_QuantizeLinear_Output"], "input": ["/lr_branch/backbone/features.8/conv/conv.2/Clip_output_0", "onnx::Conv_674_scale", "/lr_branch/backbone/features.8/conv/conv.2/Clip_output_0_zero_point"], "opType": "QuantizeLinear", "comment": "@258 [/lr_branch/backbone/features.8/conv/conv.2/Clip_output_0_QuantizeLinear_Output:(ty=2,shape=[1,384,32,32])] QuantizeLinear [/lr_branch/backbone/features.8/conv/conv.2/Clip_output_0:(ty=1,shape=[1,384,32,32]),onnx::Conv_674_scale:(ty=1,shape=[]),/lr_branch/backbone/features.8/conv/conv.2/Clip_output_0_zero_point:(ty=2,shape=[])]", "device": "NPU"}, {"output": ["/lr_branch/backbone/features.8/conv/conv.2/Clip_output_0_DequantizeLinear_Output"], "input": ["/lr_branch/backbone/features.8/conv/conv.2/Clip_output_0_QuantizeLinear_Output", "onnx::Conv_674_scale", "/lr_branch/backbone/features.8/conv/conv.2/Clip_output_0_zero_point"], "opType": "DequantizeLinear", "comment": "@259 [/lr_branch/backbone/features.8/conv/conv.2/Clip_output_0_DequantizeLinear_Output:(ty=1,shape=[1,384,32,32])] DequantizeLinear [/lr_branch/backbone/features.8/conv/conv.2/Clip_output_0_QuantizeLinear_Output:(ty=2,shape=[1,384,32,32]),onnx::Conv_674_scale:(ty=1,shape=[]),/lr_branch/backbone/features.8/conv/conv.2/Clip_output_0_zero_point:(ty=2,shape=[])]", "device": "NPU"}, {"output": ["onnx::Conv_726_DequantizeLinear_Output"], "input": ["onnx::Conv_726_quantized", "onnx::Conv_683_scale", "onnx::Conv_726_zero_point"], "opType": "DequantizeLinear", "comment": "@82 [onnx::Conv_726_DequantizeLinear_Output:(ty=1,shape=[384])] DequantizeLinear [onnx::Conv_726_quantized:(ty=3,shape=[384]),onnx::Conv_683_scale:(ty=1,shape=[]),onnx::Conv_726_zero_point:(ty=3,shape=[])]", "device": "NPU"}, {"output": ["onnx::Conv_725_DequantizeLinear_Output"], "input": ["onnx::Conv_725_quantized", "/lr_branch/backbone/features.2/conv/conv.5/Clip_output_0_scale", "onnx::Conv_725_zero_point"], "opType": "DequantizeLinear", "comment": "@81 [onnx::Conv_725_DequantizeLinear_Output:(ty=1,shape=[384,1,3,3])] DequantizeLinear [onnx::Conv_725_quantized:(ty=3,shape=[384,1,3,3]),/lr_branch/backbone/features.2/conv/conv.5/Clip_output_0_scale:(ty=1,shape=[]),onnx::Conv_725_zero_point:(ty=3,shape=[])]", "device": "NPU"}, {"output": ["/lr_branch/backbone/features.8/conv/conv.3/Conv_output_0"], "input": ["/lr_branch/backbone/features.8/conv/conv.2/Clip_output_0_DequantizeLinear_Output", "onnx::Conv_725_DequantizeLinear_Output", "onnx::Conv_726_DequantizeLinear_Output"], "opType": "Conv", "comment": "@260 [/lr_branch/backbone/features.8/conv/conv.3/Conv_output_0:(ty=1,shape=[1,384,32,32])] Conv [/lr_branch/backbone/features.8/conv/conv.2/Clip_output_0_DequantizeLinear_Output:(ty=1,shape=[1,384,32,32]),onnx::Conv_725_DequantizeLinear_Output:(ty=1,shape=[384,1,3,3]),onnx::Conv_726_DequantizeLinear_Output:(ty=1,shape=[384])]", "device": "NPU"}, {"output": ["/lr_branch/backbone/features.8/conv/conv.5/Clip_output_0"], "input": ["/lr_branch/backbone/features.8/conv/conv.3/Conv_output_0", "/lr_branch/backbone/features.0/features.0.2/Constant_output_0", "/lr_branch/backbone/features.0/features.0.2/Constant_1_output_0"], "opType": "Clip", "comment": "@261 [/lr_branch/backbone/features.8/conv/conv.5/Clip_output_0:(ty=1,shape=[1,384,32,32])] Clip [/lr_branch/backbone/features.8/conv/conv.3/Conv_output_0:(ty=1,shape=[1,384,32,32]),/lr_branch/backbone/features.0/features.0.2/Constant_output_0:(ty=1,shape=[]),/lr_branch/backbone/features.0/features.0.2/Constant_1_output_0:(ty=1,shape=[])]", "device": "NPU"}, {"output": ["/lr_branch/backbone/features.8/conv/conv.5/Clip_output_0_QuantizeLinear_Output"], "input": ["/lr_branch/backbone/features.8/conv/conv.5/Clip_output_0", "onnx::Conv_683_scale", "/lr_branch/backbone/features.8/conv/conv.5/Clip_output_0_zero_point"], "opType": "QuantizeLinear", "comment": "@262 [/lr_branch/backbone/features.8/conv/conv.5/Clip_output_0_QuantizeLinear_Output:(ty=2,shape=[1,384,32,32])] QuantizeLinear [/lr_branch/backbone/features.8/conv/conv.5/Clip_output_0:(ty=1,shape=[1,384,32,32]),onnx::Conv_683_scale:(ty=1,shape=[]),/lr_branch/backbone/features.8/conv/conv.5/Clip_output_0_zero_point:(ty=2,shape=[])]", "device": "NPU"}, {"output": ["/lr_branch/backbone/features.8/conv/conv.5/Clip_output_0_DequantizeLinear_Output"], "input": ["/lr_branch/backbone/features.8/conv/conv.5/Clip_output_0_QuantizeLinear_Output", "onnx::Conv_683_scale", "/lr_branch/backbone/features.8/conv/conv.5/Clip_output_0_zero_point"], "opType": "DequantizeLinear", "comment": "@263 [/lr_branch/backbone/features.8/conv/conv.5/Clip_output_0_DequantizeLinear_Output:(ty=1,shape=[1,384,32,32])] DequantizeLinear [/lr_branch/backbone/features.8/conv/conv.5/Clip_output_0_QuantizeLinear_Output:(ty=2,shape=[1,384,32,32]),onnx::Conv_683_scale:(ty=1,shape=[]),/lr_branch/backbone/features.8/conv/conv.5/Clip_output_0_zero_point:(ty=2,shape=[])]", "device": "NPU"}, {"output": ["onnx::Conv_729_DequantizeLinear_Output"], "input": ["onnx::Conv_729_quantized", "onnx::Conv_683_scale", "onnx::Conv_729_zero_point"], "opType": "DequantizeLinear", "comment": "@84 [onnx::Conv_729_DequantizeLinear_Output:(ty=1,shape=[64])] DequantizeLinear [onnx::Conv_729_quantized:(ty=3,shape=[64]),onnx::Conv_683_scale:(ty=1,shape=[]),onnx::Conv_729_zero_point:(ty=3,shape=[])]", "device": "NPU"}, {"output": ["onnx::Conv_728_DequantizeLinear_Output"], "input": ["onnx::Conv_728_quantized", "onnx::Conv_674_scale", "onnx::Conv_728_zero_point"], "opType": "DequantizeLinear", "comment": "@83 [onnx::Conv_728_DequantizeLinear_Output:(ty=1,shape=[64,384,1,1])] DequantizeLinear [onnx::Conv_728_quantized:(ty=3,shape=[64,384,1,1]),onnx::Conv_674_scale:(ty=1,shape=[]),onnx::Conv_728_zero_point:(ty=3,shape=[])]", "device": "NPU"}, {"output": ["/lr_branch/backbone/features.8/conv/conv.6/Conv_output_0"], "input": ["/lr_branch/backbone/features.8/conv/conv.5/Clip_output_0_DequantizeLinear_Output", "onnx::Conv_728_DequantizeLinear_Output", "onnx::Conv_729_DequantizeLinear_Output"], "opType": "Conv", "comment": "@264 [/lr_branch/backbone/features.8/conv/conv.6/Conv_output_0:(ty=1,shape=[1,64,32,32])] Conv [/lr_branch/backbone/features.8/conv/conv.5/Clip_output_0_DequantizeLinear_Output:(ty=1,shape=[1,384,32,32]),onnx::Conv_728_DequantizeLinear_Output:(ty=1,shape=[64,384,1,1]),onnx::Conv_729_DequantizeLinear_Output:(ty=1,shape=[64])]", "device": "NPU"}, {"output": ["/lr_branch/backbone/features.8/conv/conv.6/Conv_output_0_QuantizeLinear_Output"], "input": ["/lr_branch/backbone/features.8/conv/conv.6/Conv_output_0", "onnx::Conv_672_scale", "/lr_branch/backbone/features.8/conv/conv.6/Conv_output_0_zero_point"], "opType": "QuantizeLinear", "comment": "@265 [/lr_branch/backbone/features.8/conv/conv.6/Conv_output_0_QuantizeLinear_Output:(ty=2,shape=[1,64,32,32])] QuantizeLinear [/lr_branch/backbone/features.8/conv/conv.6/Conv_output_0:(ty=1,shape=[1,64,32,32]),onnx::Conv_672_scale:(ty=1,shape=[]),/lr_branch/backbone/features.8/conv/conv.6/Conv_output_0_zero_point:(ty=2,shape=[])]", "device": "NPU"}, {"output": ["/lr_branch/backbone/features.8/conv/conv.6/Conv_output_0_DequantizeLinear_Output"], "input": ["/lr_branch/backbone/features.8/conv/conv.6/Conv_output_0_QuantizeLinear_Output", "onnx::Conv_672_scale", "/lr_branch/backbone/features.8/conv/conv.6/Conv_output_0_zero_point"], "opType": "DequantizeLinear", "comment": "@266 [/lr_branch/backbone/features.8/conv/conv.6/Conv_output_0_DequantizeLinear_Output:(ty=1,shape=[1,64,32,32])] DequantizeLinear [/lr_branch/backbone/features.8/conv/conv.6/Conv_output_0_QuantizeLinear_Output:(ty=2,shape=[1,64,32,32]),onnx::Conv_672_scale:(ty=1,shape=[]),/lr_branch/backbone/features.8/conv/conv.6/Conv_output_0_zero_point:(ty=2,shape=[])]", "device": "NPU"}, {"output": ["/lr_branch/backbone/features.8/Add_output_0"], "input": ["/lr_branch/backbone/features.7/conv/conv.6/Conv_output_0_DequantizeLinear_Output/duplicated", "/lr_branch/backbone/features.8/conv/conv.6/Conv_output_0_DequantizeLinear_Output"], "opType": "Add", "comment": "@267 [/lr_branch/backbone/features.8/Add_output_0:(ty=1,shape=[1,64,32,32])] Add [/lr_branch/backbone/features.7/conv/conv.6/Conv_output_0_DequantizeLinear_Output/duplicated:(ty=1,shape=[1,64,32,32]),/lr_branch/backbone/features.8/conv/conv.6/Conv_output_0_DequantizeLinear_Output:(ty=1,shape=[1,64,32,32])]", "device": "NPU"}, {"output": ["/lr_branch/backbone/features.8/Add_output_0_QuantizeLinear_Output"], "input": ["/lr_branch/backbone/features.8/Add_output_0", "onnx::Conv_672_scale", "/lr_branch/backbone/features.8/Add_output_0_zero_point"], "opType": "QuantizeLinear", "comment": "@268 [/lr_branch/backbone/features.8/Add_output_0_QuantizeLinear_Output:(ty=2,shape=[1,64,32,32])] QuantizeLinear [/lr_branch/backbone/features.8/Add_output_0:(ty=1,shape=[1,64,32,32]),onnx::Conv_672_scale:(ty=1,shape=[]),/lr_branch/backbone/features.8/Add_output_0_zero_point:(ty=2,shape=[])]", "device": "NPU"}, {"output": ["/lr_branch/backbone/features.8/Add_output_0_DequantizeLinear_Output/duplicated"], "input": ["/lr_branch/backbone/features.8/Add_output_0_QuantizeLinear_Output", "onnx::Conv_672_scale", "/lr_branch/backbone/features.8/Add_output_0_zero_point"], "opType": "DequantizeLinear", "comment": "@499 [/lr_branch/backbone/features.8/Add_output_0_DequantizeLinear_Output/duplicated:(ty=1,shape=[1,64,32,32])] DequantizeLinear [/lr_branch/backbone/features.8/Add_output_0_QuantizeLinear_Output:(ty=2,shape=[1,64,32,32]),onnx::Conv_672_scale:(ty=1,shape=[]),/lr_branch/backbone/features.8/Add_output_0_zero_point:(ty=2,shape=[])]", "device": "NPU"}, {"output": ["/lr_branch/backbone/features.8/Add_output_0_DequantizeLinear_Output"], "input": ["/lr_branch/backbone/features.8/Add_output_0_QuantizeLinear_Output", "onnx::Conv_672_scale", "/lr_branch/backbone/features.8/Add_output_0_zero_point"], "opType": "DequantizeLinear", "comment": "@269 [/lr_branch/backbone/features.8/Add_output_0_DequantizeLinear_Output:(ty=1,shape=[1,64,32,32])] DequantizeLinear [/lr_branch/backbone/features.8/Add_output_0_QuantizeLinear_Output:(ty=2,shape=[1,64,32,32]),onnx::Conv_672_scale:(ty=1,shape=[]),/lr_branch/backbone/features.8/Add_output_0_zero_point:(ty=2,shape=[])]", "device": "NPU"}, {"output": ["onnx::Conv_732_DequantizeLinear_Output"], "input": ["onnx::Conv_732_quantized", "onnx::Conv_696_scale", "onnx::Conv_732_zero_point"], "opType": "DequantizeLinear", "comment": "@86 [onnx::Conv_732_DequantizeLinear_Output:(ty=1,shape=[384])] DequantizeLinear [onnx::Conv_732_quantized:(ty=3,shape=[384]),onnx::Conv_696_scale:(ty=1,shape=[]),onnx::Conv_732_zero_point:(ty=3,shape=[])]", "device": "NPU"}, {"output": ["onnx::Conv_731_DequantizeLinear_Output"], "input": ["onnx::Conv_731_quantized", "onnx::Conv_722_scale", "onnx::Conv_731_zero_point"], "opType": "DequantizeLinear", "comment": "@85 [onnx::Conv_731_DequantizeLinear_Output:(ty=1,shape=[384,64,1,1])] DequantizeLinear [onnx::Conv_731_quantized:(ty=3,shape=[384,64,1,1]),onnx::Conv_722_scale:(ty=1,shape=[]),onnx::Conv_731_zero_point:(ty=3,shape=[])]", "device": "NPU"}, {"output": ["/lr_branch/backbone/features.9/conv/conv.0/Conv_output_0"], "input": ["/lr_branch/backbone/features.8/Add_output_0_DequantizeLinear_Output", "onnx::Conv_731_DequantizeLinear_Output", "onnx::Conv_732_DequantizeLinear_Output"], "opType": "Conv", "comment": "@270 [/lr_branch/backbone/features.9/conv/conv.0/Conv_output_0:(ty=1,shape=[1,384,32,32])] Conv [/lr_branch/backbone/features.8/Add_output_0_DequantizeLinear_Output:(ty=1,shape=[1,64,32,32]),onnx::Conv_731_DequantizeLinear_Output:(ty=1,shape=[384,64,1,1]),onnx::Conv_732_DequantizeLinear_Output:(ty=1,shape=[384])]", "device": "NPU"}, {"output": ["/lr_branch/backbone/features.9/conv/conv.2/Clip_output_0"], "input": ["/lr_branch/backbone/features.9/conv/conv.0/Conv_output_0", "/lr_branch/backbone/features.0/features.0.2/Constant_output_0", "/lr_branch/backbone/features.0/features.0.2/Constant_1_output_0"], "opType": "Clip", "comment": "@271 [/lr_branch/backbone/features.9/conv/conv.2/Clip_output_0:(ty=1,shape=[1,384,32,32])] Clip [/lr_branch/backbone/features.9/conv/conv.0/Conv_output_0:(ty=1,shape=[1,384,32,32]),/lr_branch/backbone/features.0/features.0.2/Constant_output_0:(ty=1,shape=[]),/lr_branch/backbone/features.0/features.0.2/Constant_1_output_0:(ty=1,shape=[])]", "device": "NPU"}, {"output": ["/lr_branch/backbone/features.9/conv/conv.2/Clip_output_0_QuantizeLinear_Output"], "input": ["/lr_branch/backbone/features.9/conv/conv.2/Clip_output_0", "onnx::Conv_674_scale", "/lr_branch/backbone/features.9/conv/conv.2/Clip_output_0_zero_point"], "opType": "QuantizeLinear", "comment": "@272 [/lr_branch/backbone/features.9/conv/conv.2/Clip_output_0_QuantizeLinear_Output:(ty=2,shape=[1,384,32,32])] QuantizeLinear [/lr_branch/backbone/features.9/conv/conv.2/Clip_output_0:(ty=1,shape=[1,384,32,32]),onnx::Conv_674_scale:(ty=1,shape=[]),/lr_branch/backbone/features.9/conv/conv.2/Clip_output_0_zero_point:(ty=2,shape=[])]", "device": "NPU"}, {"output": ["/lr_branch/backbone/features.9/conv/conv.2/Clip_output_0_DequantizeLinear_Output"], "input": ["/lr_branch/backbone/features.9/conv/conv.2/Clip_output_0_QuantizeLinear_Output", "onnx::Conv_674_scale", "/lr_branch/backbone/features.9/conv/conv.2/Clip_output_0_zero_point"], "opType": "DequantizeLinear", "comment": "@273 [/lr_branch/backbone/features.9/conv/conv.2/Clip_output_0_DequantizeLinear_Output:(ty=1,shape=[1,384,32,32])] DequantizeLinear [/lr_branch/backbone/features.9/conv/conv.2/Clip_output_0_QuantizeLinear_Output:(ty=2,shape=[1,384,32,32]),onnx::Conv_674_scale:(ty=1,shape=[]),/lr_branch/backbone/features.9/conv/conv.2/Clip_output_0_zero_point:(ty=2,shape=[])]", "device": "NPU"}, {"output": ["onnx::Conv_735_DequantizeLinear_Output"], "input": ["onnx::Conv_735_quantized", "onnx::Conv_674_scale", "onnx::Conv_735_zero_point"], "opType": "DequantizeLinear", "comment": "@88 [onnx::Conv_735_DequantizeLinear_Output:(ty=1,shape=[384])] DequantizeLinear [onnx::Conv_735_quantized:(ty=3,shape=[384]),onnx::Conv_674_scale:(ty=1,shape=[]),onnx::Conv_735_zero_point:(ty=3,shape=[])]", "device": "NPU"}, {"output": ["onnx::Conv_734_DequantizeLinear_Output"], "input": ["onnx::Conv_734_quantized", "onnx::Conv_672_scale", "onnx::Conv_734_zero_point"], "opType": "DequantizeLinear", "comment": "@87 [onnx::Conv_734_DequantizeLinear_Output:(ty=1,shape=[384,1,3,3])] DequantizeLinear [onnx::Conv_734_quantized:(ty=3,shape=[384,1,3,3]),onnx::Conv_672_scale:(ty=1,shape=[]),onnx::Conv_734_zero_point:(ty=3,shape=[])]", "device": "NPU"}, {"output": ["/lr_branch/backbone/features.9/conv/conv.3/Conv_output_0"], "input": ["/lr_branch/backbone/features.9/conv/conv.2/Clip_output_0_DequantizeLinear_Output", "onnx::Conv_734_DequantizeLinear_Output", "onnx::Conv_735_DequantizeLinear_Output"], "opType": "Conv", "comment": "@274 [/lr_branch/backbone/features.9/conv/conv.3/Conv_output_0:(ty=1,shape=[1,384,32,32])] Conv [/lr_branch/backbone/features.9/conv/conv.2/Clip_output_0_DequantizeLinear_Output:(ty=1,shape=[1,384,32,32]),onnx::Conv_734_DequantizeLinear_Output:(ty=1,shape=[384,1,3,3]),onnx::Conv_735_DequantizeLinear_Output:(ty=1,shape=[384])]", "device": "NPU"}, {"output": ["/lr_branch/backbone/features.9/conv/conv.5/Clip_output_0"], "input": ["/lr_branch/backbone/features.9/conv/conv.3/Conv_output_0", "/lr_branch/backbone/features.0/features.0.2/Constant_output_0", "/lr_branch/backbone/features.0/features.0.2/Constant_1_output_0"], "opType": "Clip", "comment": "@275 [/lr_branch/backbone/features.9/conv/conv.5/Clip_output_0:(ty=1,shape=[1,384,32,32])] Clip [/lr_branch/backbone/features.9/conv/conv.3/Conv_output_0:(ty=1,shape=[1,384,32,32]),/lr_branch/backbone/features.0/features.0.2/Constant_output_0:(ty=1,shape=[]),/lr_branch/backbone/features.0/features.0.2/Constant_1_output_0:(ty=1,shape=[])]", "device": "NPU"}, {"output": ["/lr_branch/backbone/features.9/conv/conv.5/Clip_output_0_QuantizeLinear_Output"], "input": ["/lr_branch/backbone/features.9/conv/conv.5/Clip_output_0", "onnx::Conv_683_scale", "/lr_branch/backbone/features.9/conv/conv.5/Clip_output_0_zero_point"], "opType": "QuantizeLinear", "comment": "@276 [/lr_branch/backbone/features.9/conv/conv.5/Clip_output_0_QuantizeLinear_Output:(ty=2,shape=[1,384,32,32])] QuantizeLinear [/lr_branch/backbone/features.9/conv/conv.5/Clip_output_0:(ty=1,shape=[1,384,32,32]),onnx::Conv_683_scale:(ty=1,shape=[]),/lr_branch/backbone/features.9/conv/conv.5/Clip_output_0_zero_point:(ty=2,shape=[])]", "device": "NPU"}, {"output": ["/lr_branch/backbone/features.9/conv/conv.5/Clip_output_0_DequantizeLinear_Output"], "input": ["/lr_branch/backbone/features.9/conv/conv.5/Clip_output_0_QuantizeLinear_Output", "onnx::Conv_683_scale", "/lr_branch/backbone/features.9/conv/conv.5/Clip_output_0_zero_point"], "opType": "DequantizeLinear", "comment": "@277 [/lr_branch/backbone/features.9/conv/conv.5/Clip_output_0_DequantizeLinear_Output:(ty=1,shape=[1,384,32,32])] DequantizeLinear [/lr_branch/backbone/features.9/conv/conv.5/Clip_output_0_QuantizeLinear_Output:(ty=2,shape=[1,384,32,32]),onnx::Conv_683_scale:(ty=1,shape=[]),/lr_branch/backbone/features.9/conv/conv.5/Clip_output_0_zero_point:(ty=2,shape=[])]", "device": "NPU"}, {"output": ["onnx::Conv_738_DequantizeLinear_Output"], "input": ["onnx::Conv_738_quantized", "onnx::Conv_683_scale", "onnx::Conv_738_zero_point"], "opType": "DequantizeLinear", "comment": "@90 [onnx::Conv_738_DequantizeLinear_Output:(ty=1,shape=[64])] DequantizeLinear [onnx::Conv_738_quantized:(ty=3,shape=[64]),onnx::Conv_683_scale:(ty=1,shape=[]),onnx::Conv_738_zero_point:(ty=3,shape=[])]", "device": "NPU"}, {"output": ["onnx::Conv_737_DequantizeLinear_Output"], "input": ["onnx::Conv_737_quantized", "onnx::Conv_674_scale", "onnx::Conv_737_zero_point"], "opType": "DequantizeLinear", "comment": "@89 [onnx::Conv_737_DequantizeLinear_Output:(ty=1,shape=[64,384,1,1])] DequantizeLinear [onnx::Conv_737_quantized:(ty=3,shape=[64,384,1,1]),onnx::Conv_674_scale:(ty=1,shape=[]),onnx::Conv_737_zero_point:(ty=3,shape=[])]", "device": "NPU"}, {"output": ["/lr_branch/backbone/features.9/conv/conv.6/Conv_output_0"], "input": ["/lr_branch/backbone/features.9/conv/conv.5/Clip_output_0_DequantizeLinear_Output", "onnx::Conv_737_DequantizeLinear_Output", "onnx::Conv_738_DequantizeLinear_Output"], "opType": "Conv", "comment": "@278 [/lr_branch/backbone/features.9/conv/conv.6/Conv_output_0:(ty=1,shape=[1,64,32,32])] Conv [/lr_branch/backbone/features.9/conv/conv.5/Clip_output_0_DequantizeLinear_Output:(ty=1,shape=[1,384,32,32]),onnx::Conv_737_DequantizeLinear_Output:(ty=1,shape=[64,384,1,1]),onnx::Conv_738_DequantizeLinear_Output:(ty=1,shape=[64])]", "device": "NPU"}, {"output": ["/lr_branch/backbone/features.9/conv/conv.6/Conv_output_0_QuantizeLinear_Output"], "input": ["/lr_branch/backbone/features.9/conv/conv.6/Conv_output_0", "onnx::Conv_683_scale", "/lr_branch/backbone/features.9/conv/conv.6/Conv_output_0_zero_point"], "opType": "QuantizeLinear", "comment": "@279 [/lr_branch/backbone/features.9/conv/conv.6/Conv_output_0_QuantizeLinear_Output:(ty=2,shape=[1,64,32,32])] QuantizeLinear [/lr_branch/backbone/features.9/conv/conv.6/Conv_output_0:(ty=1,shape=[1,64,32,32]),onnx::Conv_683_scale:(ty=1,shape=[]),/lr_branch/backbone/features.9/conv/conv.6/Conv_output_0_zero_point:(ty=2,shape=[])]", "device": "NPU"}, {"output": ["/lr_branch/backbone/features.9/conv/conv.6/Conv_output_0_DequantizeLinear_Output"], "input": ["/lr_branch/backbone/features.9/conv/conv.6/Conv_output_0_QuantizeLinear_Output", "onnx::Conv_683_scale", "/lr_branch/backbone/features.9/conv/conv.6/Conv_output_0_zero_point"], "opType": "DequantizeLinear", "comment": "@280 [/lr_branch/backbone/features.9/conv/conv.6/Conv_output_0_DequantizeLinear_Output:(ty=1,shape=[1,64,32,32])] DequantizeLinear [/lr_branch/backbone/features.9/conv/conv.6/Conv_output_0_QuantizeLinear_Output:(ty=2,shape=[1,64,32,32]),onnx::Conv_683_scale:(ty=1,shape=[]),/lr_branch/backbone/features.9/conv/conv.6/Conv_output_0_zero_point:(ty=2,shape=[])]", "device": "NPU"}, {"output": ["/lr_branch/backbone/features.9/Add_output_0"], "input": ["/lr_branch/backbone/features.8/Add_output_0_DequantizeLinear_Output/duplicated", "/lr_branch/backbone/features.9/conv/conv.6/Conv_output_0_DequantizeLinear_Output"], "opType": "Add", "comment": "@281 [/lr_branch/backbone/features.9/Add_output_0:(ty=1,shape=[1,64,32,32])] Add [/lr_branch/backbone/features.8/Add_output_0_DequantizeLinear_Output/duplicated:(ty=1,shape=[1,64,32,32]),/lr_branch/backbone/features.9/conv/conv.6/Conv_output_0_DequantizeLinear_Output:(ty=1,shape=[1,64,32,32])]", "device": "NPU"}, {"output": ["/lr_branch/backbone/features.9/Add_output_0_QuantizeLinear_Output"], "input": ["/lr_branch/backbone/features.9/Add_output_0", "onnx::Conv_672_scale", "/lr_branch/backbone/features.9/Add_output_0_zero_point"], "opType": "QuantizeLinear", "comment": "@282 [/lr_branch/backbone/features.9/Add_output_0_QuantizeLinear_Output:(ty=2,shape=[1,64,32,32])] QuantizeLinear [/lr_branch/backbone/features.9/Add_output_0:(ty=1,shape=[1,64,32,32]),onnx::Conv_672_scale:(ty=1,shape=[]),/lr_branch/backbone/features.9/Add_output_0_zero_point:(ty=2,shape=[])]", "device": "NPU"}, {"output": ["/lr_branch/backbone/features.9/Add_output_0_DequantizeLinear_Output/duplicated"], "input": ["/lr_branch/backbone/features.9/Add_output_0_QuantizeLinear_Output", "onnx::Conv_672_scale", "/lr_branch/backbone/features.9/Add_output_0_zero_point"], "opType": "DequantizeLinear", "comment": "@500 [/lr_branch/backbone/features.9/Add_output_0_DequantizeLinear_Output/duplicated:(ty=1,shape=[1,64,32,32])] DequantizeLinear [/lr_branch/backbone/features.9/Add_output_0_QuantizeLinear_Output:(ty=2,shape=[1,64,32,32]),onnx::Conv_672_scale:(ty=1,shape=[]),/lr_branch/backbone/features.9/Add_output_0_zero_point:(ty=2,shape=[])]", "device": "NPU"}, {"output": ["/lr_branch/backbone/features.9/Add_output_0_DequantizeLinear_Output"], "input": ["/lr_branch/backbone/features.9/Add_output_0_QuantizeLinear_Output", "onnx::Conv_672_scale", "/lr_branch/backbone/features.9/Add_output_0_zero_point"], "opType": "DequantizeLinear", "comment": "@283 [/lr_branch/backbone/features.9/Add_output_0_DequantizeLinear_Output:(ty=1,shape=[1,64,32,32])] DequantizeLinear [/lr_branch/backbone/features.9/Add_output_0_QuantizeLinear_Output:(ty=2,shape=[1,64,32,32]),onnx::Conv_672_scale:(ty=1,shape=[]),/lr_branch/backbone/features.9/Add_output_0_zero_point:(ty=2,shape=[])]", "device": "NPU"}, {"output": ["onnx::Conv_741_DequantizeLinear_Output"], "input": ["onnx::Conv_741_quantized", "onnx::Conv_696_scale", "onnx::Conv_741_zero_point"], "opType": "DequantizeLinear", "comment": "@92 [onnx::Conv_741_DequantizeLinear_Output:(ty=1,shape=[384])] DequantizeLinear [onnx::Conv_741_quantized:(ty=3,shape=[384]),onnx::Conv_696_scale:(ty=1,shape=[]),onnx::Conv_741_zero_point:(ty=3,shape=[])]", "device": "NPU"}, {"output": ["onnx::Conv_740_DequantizeLinear_Output"], "input": ["onnx::Conv_740_quantized", "onnx::Conv_722_scale", "onnx::Conv_740_zero_point"], "opType": "DequantizeLinear", "comment": "@91 [onnx::Conv_740_DequantizeLinear_Output:(ty=1,shape=[384,64,1,1])] DequantizeLinear [onnx::Conv_740_quantized:(ty=3,shape=[384,64,1,1]),onnx::Conv_722_scale:(ty=1,shape=[]),onnx::Conv_740_zero_point:(ty=3,shape=[])]", "device": "NPU"}, {"output": ["/lr_branch/backbone/features.10/conv/conv.0/Conv_output_0"], "input": ["/lr_branch/backbone/features.9/Add_output_0_DequantizeLinear_Output", "onnx::Conv_740_DequantizeLinear_Output", "onnx::Conv_741_DequantizeLinear_Output"], "opType": "Conv", "comment": "@284 [/lr_branch/backbone/features.10/conv/conv.0/Conv_output_0:(ty=1,shape=[1,384,32,32])] Conv [/lr_branch/backbone/features.9/Add_output_0_DequantizeLinear_Output:(ty=1,shape=[1,64,32,32]),onnx::Conv_740_DequantizeLinear_Output:(ty=1,shape=[384,64,1,1]),onnx::Conv_741_DequantizeLinear_Output:(ty=1,shape=[384])]", "device": "NPU"}, {"output": ["/lr_branch/backbone/features.10/conv/conv.2/Clip_output_0"], "input": ["/lr_branch/backbone/features.10/conv/conv.0/Conv_output_0", "/lr_branch/backbone/features.0/features.0.2/Constant_output_0", "/lr_branch/backbone/features.0/features.0.2/Constant_1_output_0"], "opType": "Clip", "comment": "@285 [/lr_branch/backbone/features.10/conv/conv.2/Clip_output_0:(ty=1,shape=[1,384,32,32])] Clip [/lr_branch/backbone/features.10/conv/conv.0/Conv_output_0:(ty=1,shape=[1,384,32,32]),/lr_branch/backbone/features.0/features.0.2/Constant_output_0:(ty=1,shape=[]),/lr_branch/backbone/features.0/features.0.2/Constant_1_output_0:(ty=1,shape=[])]", "device": "NPU"}, {"output": ["/lr_branch/backbone/features.10/conv/conv.2/Clip_output_0_QuantizeLinear_Output"], "input": ["/lr_branch/backbone/features.10/conv/conv.2/Clip_output_0", "onnx::Conv_674_scale", "/lr_branch/backbone/features.10/conv/conv.2/Clip_output_0_zero_point"], "opType": "QuantizeLinear", "comment": "@286 [/lr_branch/backbone/features.10/conv/conv.2/Clip_output_0_QuantizeLinear_Output:(ty=2,shape=[1,384,32,32])] QuantizeLinear [/lr_branch/backbone/features.10/conv/conv.2/Clip_output_0:(ty=1,shape=[1,384,32,32]),onnx::Conv_674_scale:(ty=1,shape=[]),/lr_branch/backbone/features.10/conv/conv.2/Clip_output_0_zero_point:(ty=2,shape=[])]", "device": "NPU"}, {"output": ["/lr_branch/backbone/features.10/conv/conv.2/Clip_output_0_DequantizeLinear_Output"], "input": ["/lr_branch/backbone/features.10/conv/conv.2/Clip_output_0_QuantizeLinear_Output", "onnx::Conv_674_scale", "/lr_branch/backbone/features.10/conv/conv.2/Clip_output_0_zero_point"], "opType": "DequantizeLinear", "comment": "@287 [/lr_branch/backbone/features.10/conv/conv.2/Clip_output_0_DequantizeLinear_Output:(ty=1,shape=[1,384,32,32])] DequantizeLinear [/lr_branch/backbone/features.10/conv/conv.2/Clip_output_0_QuantizeLinear_Output:(ty=2,shape=[1,384,32,32]),onnx::Conv_674_scale:(ty=1,shape=[]),/lr_branch/backbone/features.10/conv/conv.2/Clip_output_0_zero_point:(ty=2,shape=[])]", "device": "NPU"}, {"output": ["onnx::Conv_744_DequantizeLinear_Output"], "input": ["onnx::Conv_744_quantized", "onnx::Conv_683_scale", "onnx::Conv_744_zero_point"], "opType": "DequantizeLinear", "comment": "@94 [onnx::Conv_744_DequantizeLinear_Output:(ty=1,shape=[384])] DequantizeLinear [onnx::Conv_744_quantized:(ty=3,shape=[384]),onnx::Conv_683_scale:(ty=1,shape=[]),onnx::Conv_744_zero_point:(ty=3,shape=[])]", "device": "NPU"}, {"output": ["onnx::Conv_743_DequantizeLinear_Output"], "input": ["onnx::Conv_743_quantized", "onnx::Conv_672_scale", "onnx::Conv_743_zero_point"], "opType": "DequantizeLinear", "comment": "@93 [onnx::Conv_743_DequantizeLinear_Output:(ty=1,shape=[384,1,3,3])] DequantizeLinear [onnx::Conv_743_quantized:(ty=3,shape=[384,1,3,3]),onnx::Conv_672_scale:(ty=1,shape=[]),onnx::Conv_743_zero_point:(ty=3,shape=[])]", "device": "NPU"}, {"output": ["/lr_branch/backbone/features.10/conv/conv.3/Conv_output_0"], "input": ["/lr_branch/backbone/features.10/conv/conv.2/Clip_output_0_DequantizeLinear_Output", "onnx::Conv_743_DequantizeLinear_Output", "onnx::Conv_744_DequantizeLinear_Output"], "opType": "Conv", "comment": "@288 [/lr_branch/backbone/features.10/conv/conv.3/Conv_output_0:(ty=1,shape=[1,384,32,32])] Conv [/lr_branch/backbone/features.10/conv/conv.2/Clip_output_0_DequantizeLinear_Output:(ty=1,shape=[1,384,32,32]),onnx::Conv_743_DequantizeLinear_Output:(ty=1,shape=[384,1,3,3]),onnx::Conv_744_DequantizeLinear_Output:(ty=1,shape=[384])]", "device": "NPU"}, {"output": ["/lr_branch/backbone/features.10/conv/conv.5/Clip_output_0"], "input": ["/lr_branch/backbone/features.10/conv/conv.3/Conv_output_0", "/lr_branch/backbone/features.0/features.0.2/Constant_output_0", "/lr_branch/backbone/features.0/features.0.2/Constant_1_output_0"], "opType": "Clip", "comment": "@289 [/lr_branch/backbone/features.10/conv/conv.5/Clip_output_0:(ty=1,shape=[1,384,32,32])] Clip [/lr_branch/backbone/features.10/conv/conv.3/Conv_output_0:(ty=1,shape=[1,384,32,32]),/lr_branch/backbone/features.0/features.0.2/Constant_output_0:(ty=1,shape=[]),/lr_branch/backbone/features.0/features.0.2/Constant_1_output_0:(ty=1,shape=[])]", "device": "NPU"}, {"output": ["/lr_branch/backbone/features.10/conv/conv.5/Clip_output_0_QuantizeLinear_Output"], "input": ["/lr_branch/backbone/features.10/conv/conv.5/Clip_output_0", "onnx::Conv_683_scale", "/lr_branch/backbone/features.10/conv/conv.5/Clip_output_0_zero_point"], "opType": "QuantizeLinear", "comment": "@290 [/lr_branch/backbone/features.10/conv/conv.5/Clip_output_0_QuantizeLinear_Output:(ty=2,shape=[1,384,32,32])] QuantizeLinear [/lr_branch/backbone/features.10/conv/conv.5/Clip_output_0:(ty=1,shape=[1,384,32,32]),onnx::Conv_683_scale:(ty=1,shape=[]),/lr_branch/backbone/features.10/conv/conv.5/Clip_output_0_zero_point:(ty=2,shape=[])]", "device": "NPU"}, {"output": ["/lr_branch/backbone/features.10/conv/conv.5/Clip_output_0_DequantizeLinear_Output"], "input": ["/lr_branch/backbone/features.10/conv/conv.5/Clip_output_0_QuantizeLinear_Output", "onnx::Conv_683_scale", "/lr_branch/backbone/features.10/conv/conv.5/Clip_output_0_zero_point"], "opType": "DequantizeLinear", "comment": "@291 [/lr_branch/backbone/features.10/conv/conv.5/Clip_output_0_DequantizeLinear_Output:(ty=1,shape=[1,384,32,32])] DequantizeLinear [/lr_branch/backbone/features.10/conv/conv.5/Clip_output_0_QuantizeLinear_Output:(ty=2,shape=[1,384,32,32]),onnx::Conv_683_scale:(ty=1,shape=[]),/lr_branch/backbone/features.10/conv/conv.5/Clip_output_0_zero_point:(ty=2,shape=[])]", "device": "NPU"}, {"output": ["onnx::Conv_747_DequantizeLinear_Output"], "input": ["onnx::Conv_747_quantized", "onnx::Conv_683_scale", "onnx::Conv_747_zero_point"], "opType": "DequantizeLinear", "comment": "@96 [onnx::Conv_747_DequantizeLinear_Output:(ty=1,shape=[64])] DequantizeLinear [onnx::Conv_747_quantized:(ty=3,shape=[64]),onnx::Conv_683_scale:(ty=1,shape=[]),onnx::Conv_747_zero_point:(ty=3,shape=[])]", "device": "NPU"}, {"output": ["onnx::Conv_746_DequantizeLinear_Output"], "input": ["onnx::Conv_746_quantized", "onnx::Conv_674_scale", "onnx::Conv_746_zero_point"], "opType": "DequantizeLinear", "comment": "@95 [onnx::Conv_746_DequantizeLinear_Output:(ty=1,shape=[64,384,1,1])] DequantizeLinear [onnx::Conv_746_quantized:(ty=3,shape=[64,384,1,1]),onnx::Conv_674_scale:(ty=1,shape=[]),onnx::Conv_746_zero_point:(ty=3,shape=[])]", "device": "NPU"}, {"output": ["/lr_branch/backbone/features.10/conv/conv.6/Conv_output_0"], "input": ["/lr_branch/backbone/features.10/conv/conv.5/Clip_output_0_DequantizeLinear_Output", "onnx::Conv_746_DequantizeLinear_Output", "onnx::Conv_747_DequantizeLinear_Output"], "opType": "Conv", "comment": "@292 [/lr_branch/backbone/features.10/conv/conv.6/Conv_output_0:(ty=1,shape=[1,64,32,32])] Conv [/lr_branch/backbone/features.10/conv/conv.5/Clip_output_0_DequantizeLinear_Output:(ty=1,shape=[1,384,32,32]),onnx::Conv_746_DequantizeLinear_Output:(ty=1,shape=[64,384,1,1]),onnx::Conv_747_DequantizeLinear_Output:(ty=1,shape=[64])]", "device": "NPU"}, {"output": ["/lr_branch/backbone/features.10/conv/conv.6/Conv_output_0_QuantizeLinear_Output"], "input": ["/lr_branch/backbone/features.10/conv/conv.6/Conv_output_0", "onnx::Conv_683_scale", "/lr_branch/backbone/features.10/conv/conv.6/Conv_output_0_zero_point"], "opType": "QuantizeLinear", "comment": "@293 [/lr_branch/backbone/features.10/conv/conv.6/Conv_output_0_QuantizeLinear_Output:(ty=2,shape=[1,64,32,32])] QuantizeLinear [/lr_branch/backbone/features.10/conv/conv.6/Conv_output_0:(ty=1,shape=[1,64,32,32]),onnx::Conv_683_scale:(ty=1,shape=[]),/lr_branch/backbone/features.10/conv/conv.6/Conv_output_0_zero_point:(ty=2,shape=[])]", "device": "NPU"}, {"output": ["/lr_branch/backbone/features.10/conv/conv.6/Conv_output_0_DequantizeLinear_Output"], "input": ["/lr_branch/backbone/features.10/conv/conv.6/Conv_output_0_QuantizeLinear_Output", "onnx::Conv_683_scale", "/lr_branch/backbone/features.10/conv/conv.6/Conv_output_0_zero_point"], "opType": "DequantizeLinear", "comment": "@294 [/lr_branch/backbone/features.10/conv/conv.6/Conv_output_0_DequantizeLinear_Output:(ty=1,shape=[1,64,32,32])] DequantizeLinear [/lr_branch/backbone/features.10/conv/conv.6/Conv_output_0_QuantizeLinear_Output:(ty=2,shape=[1,64,32,32]),onnx::Conv_683_scale:(ty=1,shape=[]),/lr_branch/backbone/features.10/conv/conv.6/Conv_output_0_zero_point:(ty=2,shape=[])]", "device": "NPU"}, {"output": ["/lr_branch/backbone/features.10/Add_output_0"], "input": ["/lr_branch/backbone/features.9/Add_output_0_DequantizeLinear_Output/duplicated", "/lr_branch/backbone/features.10/conv/conv.6/Conv_output_0_DequantizeLinear_Output"], "opType": "Add", "comment": "@295 [/lr_branch/backbone/features.10/Add_output_0:(ty=1,shape=[1,64,32,32])] Add [/lr_branch/backbone/features.9/Add_output_0_DequantizeLinear_Output/duplicated:(ty=1,shape=[1,64,32,32]),/lr_branch/backbone/features.10/conv/conv.6/Conv_output_0_DequantizeLinear_Output:(ty=1,shape=[1,64,32,32])]", "device": "NPU"}, {"output": ["/lr_branch/backbone/features.10/Add_output_0_QuantizeLinear_Output"], "input": ["/lr_branch/backbone/features.10/Add_output_0", "onnx::Conv_672_scale", "/lr_branch/backbone/features.10/Add_output_0_zero_point"], "opType": "QuantizeLinear", "comment": "@296 [/lr_branch/backbone/features.10/Add_output_0_QuantizeLinear_Output:(ty=2,shape=[1,64,32,32])] QuantizeLinear [/lr_branch/backbone/features.10/Add_output_0:(ty=1,shape=[1,64,32,32]),onnx::Conv_672_scale:(ty=1,shape=[]),/lr_branch/backbone/features.10/Add_output_0_zero_point:(ty=2,shape=[])]", "device": "NPU"}, {"output": ["/lr_branch/backbone/features.10/Add_output_0_DequantizeLinear_Output"], "input": ["/lr_branch/backbone/features.10/Add_output_0_QuantizeLinear_Output", "onnx::Conv_672_scale", "/lr_branch/backbone/features.10/Add_output_0_zero_point"], "opType": "DequantizeLinear", "comment": "@297 [/lr_branch/backbone/features.10/Add_output_0_DequantizeLinear_Output:(ty=1,shape=[1,64,32,32])] DequantizeLinear [/lr_branch/backbone/features.10/Add_output_0_QuantizeLinear_Output:(ty=2,shape=[1,64,32,32]),onnx::Conv_672_scale:(ty=1,shape=[]),/lr_branch/backbone/features.10/Add_output_0_zero_point:(ty=2,shape=[])]", "device": "NPU"}, {"output": ["onnx::Conv_750_DequantizeLinear_Output"], "input": ["onnx::Conv_750_quantized", "onnx::Conv_696_scale", "onnx::Conv_750_zero_point"], "opType": "DequantizeLinear", "comment": "@98 [onnx::Conv_750_DequantizeLinear_Output:(ty=1,shape=[384])] DequantizeLinear [onnx::Conv_750_quantized:(ty=3,shape=[384]),onnx::Conv_696_scale:(ty=1,shape=[]),onnx::Conv_750_zero_point:(ty=3,shape=[])]", "device": "NPU"}, {"output": ["onnx::Conv_749_DequantizeLinear_Output"], "input": ["onnx::Conv_749_quantized", "onnx::Conv_722_scale", "onnx::Conv_749_zero_point"], "opType": "DequantizeLinear", "comment": "@97 [onnx::Conv_749_DequantizeLinear_Output:(ty=1,shape=[384,64,1,1])] DequantizeLinear [onnx::Conv_749_quantized:(ty=3,shape=[384,64,1,1]),onnx::Conv_722_scale:(ty=1,shape=[]),onnx::Conv_749_zero_point:(ty=3,shape=[])]", "device": "NPU"}, {"output": ["/lr_branch/backbone/features.11/conv/conv.0/Conv_output_0"], "input": ["/lr_branch/backbone/features.10/Add_output_0_DequantizeLinear_Output", "onnx::Conv_749_DequantizeLinear_Output", "onnx::Conv_750_DequantizeLinear_Output"], "opType": "Conv", "comment": "@298 [/lr_branch/backbone/features.11/conv/conv.0/Conv_output_0:(ty=1,shape=[1,384,32,32])] Conv [/lr_branch/backbone/features.10/Add_output_0_DequantizeLinear_Output:(ty=1,shape=[1,64,32,32]),onnx::Conv_749_DequantizeLinear_Output:(ty=1,shape=[384,64,1,1]),onnx::Conv_750_DequantizeLinear_Output:(ty=1,shape=[384])]", "device": "NPU"}, {"output": ["/lr_branch/backbone/features.11/conv/conv.2/Clip_output_0"], "input": ["/lr_branch/backbone/features.11/conv/conv.0/Conv_output_0", "/lr_branch/backbone/features.0/features.0.2/Constant_output_0", "/lr_branch/backbone/features.0/features.0.2/Constant_1_output_0"], "opType": "Clip", "comment": "@299 [/lr_branch/backbone/features.11/conv/conv.2/Clip_output_0:(ty=1,shape=[1,384,32,32])] Clip [/lr_branch/backbone/features.11/conv/conv.0/Conv_output_0:(ty=1,shape=[1,384,32,32]),/lr_branch/backbone/features.0/features.0.2/Constant_output_0:(ty=1,shape=[]),/lr_branch/backbone/features.0/features.0.2/Constant_1_output_0:(ty=1,shape=[])]", "device": "NPU"}, {"output": ["/lr_branch/backbone/features.11/conv/conv.2/Clip_output_0_QuantizeLinear_Output"], "input": ["/lr_branch/backbone/features.11/conv/conv.2/Clip_output_0", "onnx::Conv_674_scale", "/lr_branch/backbone/features.11/conv/conv.2/Clip_output_0_zero_point"], "opType": "QuantizeLinear", "comment": "@300 [/lr_branch/backbone/features.11/conv/conv.2/Clip_output_0_QuantizeLinear_Output:(ty=2,shape=[1,384,32,32])] QuantizeLinear [/lr_branch/backbone/features.11/conv/conv.2/Clip_output_0:(ty=1,shape=[1,384,32,32]),onnx::Conv_674_scale:(ty=1,shape=[]),/lr_branch/backbone/features.11/conv/conv.2/Clip_output_0_zero_point:(ty=2,shape=[])]", "device": "NPU"}, {"output": ["/lr_branch/backbone/features.11/conv/conv.2/Clip_output_0_DequantizeLinear_Output"], "input": ["/lr_branch/backbone/features.11/conv/conv.2/Clip_output_0_QuantizeLinear_Output", "onnx::Conv_674_scale", "/lr_branch/backbone/features.11/conv/conv.2/Clip_output_0_zero_point"], "opType": "DequantizeLinear", "comment": "@301 [/lr_branch/backbone/features.11/conv/conv.2/Clip_output_0_DequantizeLinear_Output:(ty=1,shape=[1,384,32,32])] DequantizeLinear [/lr_branch/backbone/features.11/conv/conv.2/Clip_output_0_QuantizeLinear_Output:(ty=2,shape=[1,384,32,32]),onnx::Conv_674_scale:(ty=1,shape=[]),/lr_branch/backbone/features.11/conv/conv.2/Clip_output_0_zero_point:(ty=2,shape=[])]", "device": "NPU"}, {"output": ["onnx::Conv_753_DequantizeLinear_Output"], "input": ["onnx::Conv_753_quantized", "onnx::Conv_683_scale", "onnx::Conv_753_zero_point"], "opType": "DequantizeLinear", "comment": "@100 [onnx::Conv_753_DequantizeLinear_Output:(ty=1,shape=[384])] DequantizeLinear [onnx::Conv_753_quantized:(ty=3,shape=[384]),onnx::Conv_683_scale:(ty=1,shape=[]),onnx::Conv_753_zero_point:(ty=3,shape=[])]", "device": "NPU"}, {"output": ["onnx::Conv_752_DequantizeLinear_Output"], "input": ["onnx::Conv_752_quantized", "onnx::Conv_672_scale", "onnx::Conv_752_zero_point"], "opType": "DequantizeLinear", "comment": "@99 [onnx::Conv_752_DequantizeLinear_Output:(ty=1,shape=[384,1,3,3])] DequantizeLinear [onnx::Conv_752_quantized:(ty=3,shape=[384,1,3,3]),onnx::Conv_672_scale:(ty=1,shape=[]),onnx::Conv_752_zero_point:(ty=3,shape=[])]", "device": "NPU"}, {"output": ["/lr_branch/backbone/features.11/conv/conv.3/Conv_output_0"], "input": ["/lr_branch/backbone/features.11/conv/conv.2/Clip_output_0_DequantizeLinear_Output", "onnx::Conv_752_DequantizeLinear_Output", "onnx::Conv_753_DequantizeLinear_Output"], "opType": "Conv", "comment": "@302 [/lr_branch/backbone/features.11/conv/conv.3/Conv_output_0:(ty=1,shape=[1,384,32,32])] Conv [/lr_branch/backbone/features.11/conv/conv.2/Clip_output_0_DequantizeLinear_Output:(ty=1,shape=[1,384,32,32]),onnx::Conv_752_DequantizeLinear_Output:(ty=1,shape=[384,1,3,3]),onnx::Conv_753_DequantizeLinear_Output:(ty=1,shape=[384])]", "device": "NPU"}, {"output": ["/lr_branch/backbone/features.11/conv/conv.5/Clip_output_0"], "input": ["/lr_branch/backbone/features.11/conv/conv.3/Conv_output_0", "/lr_branch/backbone/features.0/features.0.2/Constant_output_0", "/lr_branch/backbone/features.0/features.0.2/Constant_1_output_0"], "opType": "Clip", "comment": "@303 [/lr_branch/backbone/features.11/conv/conv.5/Clip_output_0:(ty=1,shape=[1,384,32,32])] Clip [/lr_branch/backbone/features.11/conv/conv.3/Conv_output_0:(ty=1,shape=[1,384,32,32]),/lr_branch/backbone/features.0/features.0.2/Constant_output_0:(ty=1,shape=[]),/lr_branch/backbone/features.0/features.0.2/Constant_1_output_0:(ty=1,shape=[])]", "device": "NPU"}, {"output": ["/lr_branch/backbone/features.11/conv/conv.5/Clip_output_0_QuantizeLinear_Output"], "input": ["/lr_branch/backbone/features.11/conv/conv.5/Clip_output_0", "onnx::Conv_672_scale", "/lr_branch/backbone/features.11/conv/conv.5/Clip_output_0_zero_point"], "opType": "QuantizeLinear", "comment": "@304 [/lr_branch/backbone/features.11/conv/conv.5/Clip_output_0_QuantizeLinear_Output:(ty=2,shape=[1,384,32,32])] QuantizeLinear [/lr_branch/backbone/features.11/conv/conv.5/Clip_output_0:(ty=1,shape=[1,384,32,32]),onnx::Conv_672_scale:(ty=1,shape=[]),/lr_branch/backbone/features.11/conv/conv.5/Clip_output_0_zero_point:(ty=2,shape=[])]", "device": "NPU"}, {"output": ["/lr_branch/backbone/features.11/conv/conv.5/Clip_output_0_DequantizeLinear_Output"], "input": ["/lr_branch/backbone/features.11/conv/conv.5/Clip_output_0_QuantizeLinear_Output", "onnx::Conv_672_scale", "/lr_branch/backbone/features.11/conv/conv.5/Clip_output_0_zero_point"], "opType": "DequantizeLinear", "comment": "@305 [/lr_branch/backbone/features.11/conv/conv.5/Clip_output_0_DequantizeLinear_Output:(ty=1,shape=[1,384,32,32])] DequantizeLinear [/lr_branch/backbone/features.11/conv/conv.5/Clip_output_0_QuantizeLinear_Output:(ty=2,shape=[1,384,32,32]),onnx::Conv_672_scale:(ty=1,shape=[]),/lr_branch/backbone/features.11/conv/conv.5/Clip_output_0_zero_point:(ty=2,shape=[])]", "device": "NPU"}, {"output": ["onnx::Conv_756_DequantizeLinear_Output"], "input": ["onnx::Conv_756_quantized", "onnx::Conv_674_scale", "onnx::Conv_756_zero_point"], "opType": "DequantizeLinear", "comment": "@102 [onnx::Conv_756_DequantizeLinear_Output:(ty=1,shape=[96])] DequantizeLinear [onnx::Conv_756_quantized:(ty=3,shape=[96]),onnx::Conv_674_scale:(ty=1,shape=[]),onnx::Conv_756_zero_point:(ty=3,shape=[])]", "device": "NPU"}, {"output": ["onnx::Conv_755_DequantizeLinear_Output"], "input": ["onnx::Conv_755_quantized", "onnx::Conv_696_scale", "onnx::Conv_755_zero_point"], "opType": "DequantizeLinear", "comment": "@101 [onnx::Conv_755_DequantizeLinear_Output:(ty=1,shape=[96,384,1,1])] DequantizeLinear [onnx::Conv_755_quantized:(ty=3,shape=[96,384,1,1]),onnx::Conv_696_scale:(ty=1,shape=[]),onnx::Conv_755_zero_point:(ty=3,shape=[])]", "device": "NPU"}, {"output": ["/lr_branch/backbone/features.11/conv/conv.6/Conv_output_0"], "input": ["/lr_branch/backbone/features.11/conv/conv.5/Clip_output_0_DequantizeLinear_Output", "onnx::Conv_755_DequantizeLinear_Output", "onnx::Conv_756_DequantizeLinear_Output"], "opType": "Conv", "comment": "@306 [/lr_branch/backbone/features.11/conv/conv.6/Conv_output_0:(ty=1,shape=[1,96,32,32])] Conv [/lr_branch/backbone/features.11/conv/conv.5/Clip_output_0_DequantizeLinear_Output:(ty=1,shape=[1,384,32,32]),onnx::Conv_755_DequantizeLinear_Output:(ty=1,shape=[96,384,1,1]),onnx::Conv_756_DequantizeLinear_Output:(ty=1,shape=[96])]", "device": "NPU"}, {"output": ["/lr_branch/backbone/features.11/conv/conv.6/Conv_output_0_QuantizeLinear_Output"], "input": ["/lr_branch/backbone/features.11/conv/conv.6/Conv_output_0", "onnx::Conv_683_scale", "/lr_branch/backbone/features.11/conv/conv.6/Conv_output_0_zero_point"], "opType": "QuantizeLinear", "comment": "@307 [/lr_branch/backbone/features.11/conv/conv.6/Conv_output_0_QuantizeLinear_Output:(ty=2,shape=[1,96,32,32])] QuantizeLinear [/lr_branch/backbone/features.11/conv/conv.6/Conv_output_0:(ty=1,shape=[1,96,32,32]),onnx::Conv_683_scale:(ty=1,shape=[]),/lr_branch/backbone/features.11/conv/conv.6/Conv_output_0_zero_point:(ty=2,shape=[])]", "device": "NPU"}, {"output": ["/lr_branch/backbone/features.11/conv/conv.6/Conv_output_0_DequantizeLinear_Output/duplicated"], "input": ["/lr_branch/backbone/features.11/conv/conv.6/Conv_output_0_QuantizeLinear_Output", "onnx::Conv_683_scale", "/lr_branch/backbone/features.11/conv/conv.6/Conv_output_0_zero_point"], "opType": "DequantizeLinear", "comment": "@501 [/lr_branch/backbone/features.11/conv/conv.6/Conv_output_0_DequantizeLinear_Output/duplicated:(ty=1,shape=[1,96,32,32])] DequantizeLinear [/lr_branch/backbone/features.11/conv/conv.6/Conv_output_0_QuantizeLinear_Output:(ty=2,shape=[1,96,32,32]),onnx::Conv_683_scale:(ty=1,shape=[]),/lr_branch/backbone/features.11/conv/conv.6/Conv_output_0_zero_point:(ty=2,shape=[])]", "device": "NPU"}, {"output": ["/lr_branch/backbone/features.11/conv/conv.6/Conv_output_0_DequantizeLinear_Output"], "input": ["/lr_branch/backbone/features.11/conv/conv.6/Conv_output_0_QuantizeLinear_Output", "onnx::Conv_683_scale", "/lr_branch/backbone/features.11/conv/conv.6/Conv_output_0_zero_point"], "opType": "DequantizeLinear", "comment": "@308 [/lr_branch/backbone/features.11/conv/conv.6/Conv_output_0_DequantizeLinear_Output:(ty=1,shape=[1,96,32,32])] DequantizeLinear [/lr_branch/backbone/features.11/conv/conv.6/Conv_output_0_QuantizeLinear_Output:(ty=2,shape=[1,96,32,32]),onnx::Conv_683_scale:(ty=1,shape=[]),/lr_branch/backbone/features.11/conv/conv.6/Conv_output_0_zero_point:(ty=2,shape=[])]", "device": "NPU"}, {"output": ["onnx::Conv_759_DequantizeLinear_Output"], "input": ["onnx::Conv_759_quantized", "onnx::Conv_696_scale", "onnx::Conv_759_zero_point"], "opType": "DequantizeLinear", "comment": "@104 [onnx::Conv_759_DequantizeLinear_Output:(ty=1,shape=[576])] DequantizeLinear [onnx::Conv_759_quantized:(ty=3,shape=[576]),onnx::Conv_696_scale:(ty=1,shape=[]),onnx::Conv_759_zero_point:(ty=3,shape=[])]", "device": "NPU"}, {"output": ["onnx::Conv_758_DequantizeLinear_Output"], "input": ["onnx::Conv_758_quantized", "onnx::Conv_758_scale", "onnx::Conv_758_zero_point"], "opType": "DequantizeLinear", "comment": "@103 [onnx::Conv_758_DequantizeLinear_Output:(ty=1,shape=[576,96,1,1])] DequantizeLinear [onnx::Conv_758_quantized:(ty=3,shape=[576,96,1,1]),onnx::Conv_758_scale:(ty=1,shape=[]),onnx::Conv_758_zero_point:(ty=3,shape=[])]", "device": "NPU"}, {"output": ["/lr_branch/backbone/features.12/conv/conv.0/Conv_output_0"], "input": ["/lr_branch/backbone/features.11/conv/conv.6/Conv_output_0_DequantizeLinear_Output", "onnx::Conv_758_DequantizeLinear_Output", "onnx::Conv_759_DequantizeLinear_Output"], "opType": "Conv", "comment": "@309 [/lr_branch/backbone/features.12/conv/conv.0/Conv_output_0:(ty=1,shape=[1,576,32,32])] Conv [/lr_branch/backbone/features.11/conv/conv.6/Conv_output_0_DequantizeLinear_Output:(ty=1,shape=[1,96,32,32]),onnx::Conv_758_DequantizeLinear_Output:(ty=1,shape=[576,96,1,1]),onnx::Conv_759_DequantizeLinear_Output:(ty=1,shape=[576])]", "device": "NPU"}, {"output": ["/lr_branch/backbone/features.12/conv/conv.2/Clip_output_0"], "input": ["/lr_branch/backbone/features.12/conv/conv.0/Conv_output_0", "/lr_branch/backbone/features.0/features.0.2/Constant_output_0", "/lr_branch/backbone/features.0/features.0.2/Constant_1_output_0"], "opType": "Clip", "comment": "@310 [/lr_branch/backbone/features.12/conv/conv.2/Clip_output_0:(ty=1,shape=[1,576,32,32])] Clip [/lr_branch/backbone/features.12/conv/conv.0/Conv_output_0:(ty=1,shape=[1,576,32,32]),/lr_branch/backbone/features.0/features.0.2/Constant_output_0:(ty=1,shape=[]),/lr_branch/backbone/features.0/features.0.2/Constant_1_output_0:(ty=1,shape=[])]", "device": "NPU"}, {"output": ["/lr_branch/backbone/features.12/conv/conv.2/Clip_output_0_QuantizeLinear_Output"], "input": ["/lr_branch/backbone/features.12/conv/conv.2/Clip_output_0", "onnx::Conv_674_scale", "/lr_branch/backbone/features.12/conv/conv.2/Clip_output_0_zero_point"], "opType": "QuantizeLinear", "comment": "@311 [/lr_branch/backbone/features.12/conv/conv.2/Clip_output_0_QuantizeLinear_Output:(ty=2,shape=[1,576,32,32])] QuantizeLinear [/lr_branch/backbone/features.12/conv/conv.2/Clip_output_0:(ty=1,shape=[1,576,32,32]),onnx::Conv_674_scale:(ty=1,shape=[]),/lr_branch/backbone/features.12/conv/conv.2/Clip_output_0_zero_point:(ty=2,shape=[])]", "device": "NPU"}, {"output": ["/lr_branch/backbone/features.12/conv/conv.2/Clip_output_0_DequantizeLinear_Output"], "input": ["/lr_branch/backbone/features.12/conv/conv.2/Clip_output_0_QuantizeLinear_Output", "onnx::Conv_674_scale", "/lr_branch/backbone/features.12/conv/conv.2/Clip_output_0_zero_point"], "opType": "DequantizeLinear", "comment": "@312 [/lr_branch/backbone/features.12/conv/conv.2/Clip_output_0_DequantizeLinear_Output:(ty=1,shape=[1,576,32,32])] DequantizeLinear [/lr_branch/backbone/features.12/conv/conv.2/Clip_output_0_QuantizeLinear_Output:(ty=2,shape=[1,576,32,32]),onnx::Conv_674_scale:(ty=1,shape=[]),/lr_branch/backbone/features.12/conv/conv.2/Clip_output_0_zero_point:(ty=2,shape=[])]", "device": "NPU"}, {"output": ["onnx::Conv_762_DequantizeLinear_Output"], "input": ["onnx::Conv_762_quantized", "onnx::Conv_674_scale", "onnx::Conv_762_zero_point"], "opType": "DequantizeLinear", "comment": "@106 [onnx::Conv_762_DequantizeLinear_Output:(ty=1,shape=[576])] DequantizeLinear [onnx::Conv_762_quantized:(ty=3,shape=[576]),onnx::Conv_674_scale:(ty=1,shape=[]),onnx::Conv_762_zero_point:(ty=3,shape=[])]", "device": "NPU"}, {"output": ["onnx::Conv_761_DequantizeLinear_Output"], "input": ["onnx::Conv_761_quantized", "/lr_branch/backbone/features.2/conv/conv.5/Clip_output_0_scale", "onnx::Conv_761_zero_point"], "opType": "DequantizeLinear", "comment": "@105 [onnx::Conv_761_DequantizeLinear_Output:(ty=1,shape=[576,1,3,3])] DequantizeLinear [onnx::Conv_761_quantized:(ty=3,shape=[576,1,3,3]),/lr_branch/backbone/features.2/conv/conv.5/Clip_output_0_scale:(ty=1,shape=[]),onnx::Conv_761_zero_point:(ty=3,shape=[])]", "device": "NPU"}, {"output": ["/lr_branch/backbone/features.12/conv/conv.3/Conv_output_0"], "input": ["/lr_branch/backbone/features.12/conv/conv.2/Clip_output_0_DequantizeLinear_Output", "onnx::Conv_761_DequantizeLinear_Output", "onnx::Conv_762_DequantizeLinear_Output"], "opType": "Conv", "comment": "@313 [/lr_branch/backbone/features.12/conv/conv.3/Conv_output_0:(ty=1,shape=[1,576,32,32])] Conv [/lr_branch/backbone/features.12/conv/conv.2/Clip_output_0_DequantizeLinear_Output:(ty=1,shape=[1,576,32,32]),onnx::Conv_761_DequantizeLinear_Output:(ty=1,shape=[576,1,3,3]),onnx::Conv_762_DequantizeLinear_Output:(ty=1,shape=[576])]", "device": "NPU"}, {"output": ["/lr_branch/backbone/features.12/conv/conv.5/Clip_output_0"], "input": ["/lr_branch/backbone/features.12/conv/conv.3/Conv_output_0", "/lr_branch/backbone/features.0/features.0.2/Constant_output_0", "/lr_branch/backbone/features.0/features.0.2/Constant_1_output_0"], "opType": "Clip", "comment": "@314 [/lr_branch/backbone/features.12/conv/conv.5/Clip_output_0:(ty=1,shape=[1,576,32,32])] Clip [/lr_branch/backbone/features.12/conv/conv.3/Conv_output_0:(ty=1,shape=[1,576,32,32]),/lr_branch/backbone/features.0/features.0.2/Constant_output_0:(ty=1,shape=[]),/lr_branch/backbone/features.0/features.0.2/Constant_1_output_0:(ty=1,shape=[])]", "device": "NPU"}, {"output": ["/lr_branch/backbone/features.12/conv/conv.5/Clip_output_0_QuantizeLinear_Output"], "input": ["/lr_branch/backbone/features.12/conv/conv.5/Clip_output_0", "onnx::Conv_683_scale", "/lr_branch/backbone/features.12/conv/conv.5/Clip_output_0_zero_point"], "opType": "QuantizeLinear", "comment": "@315 [/lr_branch/backbone/features.12/conv/conv.5/Clip_output_0_QuantizeLinear_Output:(ty=2,shape=[1,576,32,32])] QuantizeLinear [/lr_branch/backbone/features.12/conv/conv.5/Clip_output_0:(ty=1,shape=[1,576,32,32]),onnx::Conv_683_scale:(ty=1,shape=[]),/lr_branch/backbone/features.12/conv/conv.5/Clip_output_0_zero_point:(ty=2,shape=[])]", "device": "NPU"}, {"output": ["/lr_branch/backbone/features.12/conv/conv.5/Clip_output_0_DequantizeLinear_Output"], "input": ["/lr_branch/backbone/features.12/conv/conv.5/Clip_output_0_QuantizeLinear_Output", "onnx::Conv_683_scale", "/lr_branch/backbone/features.12/conv/conv.5/Clip_output_0_zero_point"], "opType": "DequantizeLinear", "comment": "@316 [/lr_branch/backbone/features.12/conv/conv.5/Clip_output_0_DequantizeLinear_Output:(ty=1,shape=[1,576,32,32])] DequantizeLinear [/lr_branch/backbone/features.12/conv/conv.5/Clip_output_0_QuantizeLinear_Output:(ty=2,shape=[1,576,32,32]),onnx::Conv_683_scale:(ty=1,shape=[]),/lr_branch/backbone/features.12/conv/conv.5/Clip_output_0_zero_point:(ty=2,shape=[])]", "device": "NPU"}, {"output": ["onnx::Conv_765_DequantizeLinear_Output"], "input": ["onnx::Conv_765_quantized", "onnx::Conv_683_scale", "onnx::Conv_765_zero_point"], "opType": "DequantizeLinear", "comment": "@108 [onnx::Conv_765_DequantizeLinear_Output:(ty=1,shape=[96])] DequantizeLinear [onnx::Conv_765_quantized:(ty=3,shape=[96]),onnx::Conv_683_scale:(ty=1,shape=[]),onnx::Conv_765_zero_point:(ty=3,shape=[])]", "device": "NPU"}, {"output": ["onnx::Conv_764_DequantizeLinear_Output"], "input": ["onnx::Conv_764_quantized", "onnx::Conv_696_scale", "onnx::Conv_764_zero_point"], "opType": "DequantizeLinear", "comment": "@107 [onnx::Conv_764_DequantizeLinear_Output:(ty=1,shape=[96,576,1,1])] DequantizeLinear [onnx::Conv_764_quantized:(ty=3,shape=[96,576,1,1]),onnx::Conv_696_scale:(ty=1,shape=[]),onnx::Conv_764_zero_point:(ty=3,shape=[])]", "device": "NPU"}, {"output": ["/lr_branch/backbone/features.12/conv/conv.6/Conv_output_0"], "input": ["/lr_branch/backbone/features.12/conv/conv.5/Clip_output_0_DequantizeLinear_Output", "onnx::Conv_764_DequantizeLinear_Output", "onnx::Conv_765_DequantizeLinear_Output"], "opType": "Conv", "comment": "@317 [/lr_branch/backbone/features.12/conv/conv.6/Conv_output_0:(ty=1,shape=[1,96,32,32])] Conv [/lr_branch/backbone/features.12/conv/conv.5/Clip_output_0_DequantizeLinear_Output:(ty=1,shape=[1,576,32,32]),onnx::Conv_764_DequantizeLinear_Output:(ty=1,shape=[96,576,1,1]),onnx::Conv_765_DequantizeLinear_Output:(ty=1,shape=[96])]", "device": "NPU"}, {"output": ["/lr_branch/backbone/features.12/conv/conv.6/Conv_output_0_QuantizeLinear_Output"], "input": ["/lr_branch/backbone/features.12/conv/conv.6/Conv_output_0", "onnx::Conv_683_scale", "/lr_branch/backbone/features.12/conv/conv.6/Conv_output_0_zero_point"], "opType": "QuantizeLinear", "comment": "@318 [/lr_branch/backbone/features.12/conv/conv.6/Conv_output_0_QuantizeLinear_Output:(ty=2,shape=[1,96,32,32])] QuantizeLinear [/lr_branch/backbone/features.12/conv/conv.6/Conv_output_0:(ty=1,shape=[1,96,32,32]),onnx::Conv_683_scale:(ty=1,shape=[]),/lr_branch/backbone/features.12/conv/conv.6/Conv_output_0_zero_point:(ty=2,shape=[])]", "device": "NPU"}, {"output": ["/lr_branch/backbone/features.12/conv/conv.6/Conv_output_0_DequantizeLinear_Output"], "input": ["/lr_branch/backbone/features.12/conv/conv.6/Conv_output_0_QuantizeLinear_Output", "onnx::Conv_683_scale", "/lr_branch/backbone/features.12/conv/conv.6/Conv_output_0_zero_point"], "opType": "DequantizeLinear", "comment": "@319 [/lr_branch/backbone/features.12/conv/conv.6/Conv_output_0_DequantizeLinear_Output:(ty=1,shape=[1,96,32,32])] DequantizeLinear [/lr_branch/backbone/features.12/conv/conv.6/Conv_output_0_QuantizeLinear_Output:(ty=2,shape=[1,96,32,32]),onnx::Conv_683_scale:(ty=1,shape=[]),/lr_branch/backbone/features.12/conv/conv.6/Conv_output_0_zero_point:(ty=2,shape=[])]", "device": "NPU"}, {"output": ["/lr_branch/backbone/features.12/Add_output_0"], "input": ["/lr_branch/backbone/features.11/conv/conv.6/Conv_output_0_DequantizeLinear_Output/duplicated", "/lr_branch/backbone/features.12/conv/conv.6/Conv_output_0_DequantizeLinear_Output"], "opType": "Add", "comment": "@320 [/lr_branch/backbone/features.12/Add_output_0:(ty=1,shape=[1,96,32,32])] Add [/lr_branch/backbone/features.11/conv/conv.6/Conv_output_0_DequantizeLinear_Output/duplicated:(ty=1,shape=[1,96,32,32]),/lr_branch/backbone/features.12/conv/conv.6/Conv_output_0_DequantizeLinear_Output:(ty=1,shape=[1,96,32,32])]", "device": "NPU"}, {"output": ["/lr_branch/backbone/features.12/Add_output_0_QuantizeLinear_Output"], "input": ["/lr_branch/backbone/features.12/Add_output_0", "onnx::Conv_672_scale", "/lr_branch/backbone/features.12/Add_output_0_zero_point"], "opType": "QuantizeLinear", "comment": "@321 [/lr_branch/backbone/features.12/Add_output_0_QuantizeLinear_Output:(ty=2,shape=[1,96,32,32])] QuantizeLinear [/lr_branch/backbone/features.12/Add_output_0:(ty=1,shape=[1,96,32,32]),onnx::Conv_672_scale:(ty=1,shape=[]),/lr_branch/backbone/features.12/Add_output_0_zero_point:(ty=2,shape=[])]", "device": "NPU"}, {"output": ["/lr_branch/backbone/features.12/Add_output_0_DequantizeLinear_Output/duplicated"], "input": ["/lr_branch/backbone/features.12/Add_output_0_QuantizeLinear_Output", "onnx::Conv_672_scale", "/lr_branch/backbone/features.12/Add_output_0_zero_point"], "opType": "DequantizeLinear", "comment": "@502 [/lr_branch/backbone/features.12/Add_output_0_DequantizeLinear_Output/duplicated:(ty=1,shape=[1,96,32,32])] DequantizeLinear [/lr_branch/backbone/features.12/Add_output_0_QuantizeLinear_Output:(ty=2,shape=[1,96,32,32]),onnx::Conv_672_scale:(ty=1,shape=[]),/lr_branch/backbone/features.12/Add_output_0_zero_point:(ty=2,shape=[])]", "device": "NPU"}, {"output": ["/lr_branch/backbone/features.12/Add_output_0_DequantizeLinear_Output"], "input": ["/lr_branch/backbone/features.12/Add_output_0_QuantizeLinear_Output", "onnx::Conv_672_scale", "/lr_branch/backbone/features.12/Add_output_0_zero_point"], "opType": "DequantizeLinear", "comment": "@322 [/lr_branch/backbone/features.12/Add_output_0_DequantizeLinear_Output:(ty=1,shape=[1,96,32,32])] DequantizeLinear [/lr_branch/backbone/features.12/Add_output_0_QuantizeLinear_Output:(ty=2,shape=[1,96,32,32]),onnx::Conv_672_scale:(ty=1,shape=[]),/lr_branch/backbone/features.12/Add_output_0_zero_point:(ty=2,shape=[])]", "device": "NPU"}, {"output": ["onnx::Conv_768_DequantizeLinear_Output"], "input": ["onnx::Conv_768_quantized", "onnx::Conv_674_scale", "onnx::Conv_768_zero_point"], "opType": "DequantizeLinear", "comment": "@110 [onnx::Conv_768_DequantizeLinear_Output:(ty=1,shape=[576])] DequantizeLinear [onnx::Conv_768_quantized:(ty=3,shape=[576]),onnx::Conv_674_scale:(ty=1,shape=[]),onnx::Conv_768_zero_point:(ty=3,shape=[])]", "device": "NPU"}, {"output": ["onnx::Conv_767_DequantizeLinear_Output"], "input": ["onnx::Conv_767_quantized", "onnx::Conv_722_scale", "onnx::Conv_767_zero_point"], "opType": "DequantizeLinear", "comment": "@109 [onnx::Conv_767_DequantizeLinear_Output:(ty=1,shape=[576,96,1,1])] DequantizeLinear [onnx::Conv_767_quantized:(ty=3,shape=[576,96,1,1]),onnx::Conv_722_scale:(ty=1,shape=[]),onnx::Conv_767_zero_point:(ty=3,shape=[])]", "device": "NPU"}, {"output": ["/lr_branch/backbone/features.13/conv/conv.0/Conv_output_0"], "input": ["/lr_branch/backbone/features.12/Add_output_0_DequantizeLinear_Output", "onnx::Conv_767_DequantizeLinear_Output", "onnx::Conv_768_DequantizeLinear_Output"], "opType": "Conv", "comment": "@323 [/lr_branch/backbone/features.13/conv/conv.0/Conv_output_0:(ty=1,shape=[1,576,32,32])] Conv [/lr_branch/backbone/features.12/Add_output_0_DequantizeLinear_Output:(ty=1,shape=[1,96,32,32]),onnx::Conv_767_DequantizeLinear_Output:(ty=1,shape=[576,96,1,1]),onnx::Conv_768_DequantizeLinear_Output:(ty=1,shape=[576])]", "device": "NPU"}, {"output": ["/lr_branch/backbone/features.13/conv/conv.2/Clip_output_0"], "input": ["/lr_branch/backbone/features.13/conv/conv.0/Conv_output_0", "/lr_branch/backbone/features.0/features.0.2/Constant_output_0", "/lr_branch/backbone/features.0/features.0.2/Constant_1_output_0"], "opType": "Clip", "comment": "@324 [/lr_branch/backbone/features.13/conv/conv.2/Clip_output_0:(ty=1,shape=[1,576,32,32])] Clip [/lr_branch/backbone/features.13/conv/conv.0/Conv_output_0:(ty=1,shape=[1,576,32,32]),/lr_branch/backbone/features.0/features.0.2/Constant_output_0:(ty=1,shape=[]),/lr_branch/backbone/features.0/features.0.2/Constant_1_output_0:(ty=1,shape=[])]", "device": "NPU"}, {"output": ["/lr_branch/backbone/features.13/conv/conv.2/Clip_output_0_QuantizeLinear_Output"], "input": ["/lr_branch/backbone/features.13/conv/conv.2/Clip_output_0", "onnx::Conv_674_scale", "/lr_branch/backbone/features.13/conv/conv.2/Clip_output_0_zero_point"], "opType": "QuantizeLinear", "comment": "@325 [/lr_branch/backbone/features.13/conv/conv.2/Clip_output_0_QuantizeLinear_Output:(ty=2,shape=[1,576,32,32])] QuantizeLinear [/lr_branch/backbone/features.13/conv/conv.2/Clip_output_0:(ty=1,shape=[1,576,32,32]),onnx::Conv_674_scale:(ty=1,shape=[]),/lr_branch/backbone/features.13/conv/conv.2/Clip_output_0_zero_point:(ty=2,shape=[])]", "device": "NPU"}, {"output": ["/lr_branch/backbone/features.13/conv/conv.2/Clip_output_0_DequantizeLinear_Output"], "input": ["/lr_branch/backbone/features.13/conv/conv.2/Clip_output_0_QuantizeLinear_Output", "onnx::Conv_674_scale", "/lr_branch/backbone/features.13/conv/conv.2/Clip_output_0_zero_point"], "opType": "DequantizeLinear", "comment": "@326 [/lr_branch/backbone/features.13/conv/conv.2/Clip_output_0_DequantizeLinear_Output:(ty=1,shape=[1,576,32,32])] DequantizeLinear [/lr_branch/backbone/features.13/conv/conv.2/Clip_output_0_QuantizeLinear_Output:(ty=2,shape=[1,576,32,32]),onnx::Conv_674_scale:(ty=1,shape=[]),/lr_branch/backbone/features.13/conv/conv.2/Clip_output_0_zero_point:(ty=2,shape=[])]", "device": "NPU"}, {"output": ["onnx::Conv_771_DequantizeLinear_Output"], "input": ["onnx::Conv_771_quantized", "onnx::Conv_683_scale", "onnx::Conv_771_zero_point"], "opType": "DequantizeLinear", "comment": "@112 [onnx::Conv_771_DequantizeLinear_Output:(ty=1,shape=[576])] DequantizeLinear [onnx::Conv_771_quantized:(ty=3,shape=[576]),onnx::Conv_683_scale:(ty=1,shape=[]),onnx::Conv_771_zero_point:(ty=3,shape=[])]", "device": "NPU"}, {"output": ["onnx::Conv_770_DequantizeLinear_Output"], "input": ["onnx::Conv_770_quantized", "/lr_branch/backbone/features.2/conv/conv.5/Clip_output_0_scale", "onnx::Conv_770_zero_point"], "opType": "DequantizeLinear", "comment": "@111 [onnx::Conv_770_DequantizeLinear_Output:(ty=1,shape=[576,1,3,3])] DequantizeLinear [onnx::Conv_770_quantized:(ty=3,shape=[576,1,3,3]),/lr_branch/backbone/features.2/conv/conv.5/Clip_output_0_scale:(ty=1,shape=[]),onnx::Conv_770_zero_point:(ty=3,shape=[])]", "device": "NPU"}, {"output": ["/lr_branch/backbone/features.13/conv/conv.3/Conv_output_0"], "input": ["/lr_branch/backbone/features.13/conv/conv.2/Clip_output_0_DequantizeLinear_Output", "onnx::Conv_770_DequantizeLinear_Output", "onnx::Conv_771_DequantizeLinear_Output"], "opType": "Conv", "comment": "@327 [/lr_branch/backbone/features.13/conv/conv.3/Conv_output_0:(ty=1,shape=[1,576,32,32])] Conv [/lr_branch/backbone/features.13/conv/conv.2/Clip_output_0_DequantizeLinear_Output:(ty=1,shape=[1,576,32,32]),onnx::Conv_770_DequantizeLinear_Output:(ty=1,shape=[576,1,3,3]),onnx::Conv_771_DequantizeLinear_Output:(ty=1,shape=[576])]", "device": "NPU"}, {"output": ["/lr_branch/backbone/features.13/conv/conv.5/Clip_output_0"], "input": ["/lr_branch/backbone/features.13/conv/conv.3/Conv_output_0", "/lr_branch/backbone/features.0/features.0.2/Constant_output_0", "/lr_branch/backbone/features.0/features.0.2/Constant_1_output_0"], "opType": "Clip", "comment": "@328 [/lr_branch/backbone/features.13/conv/conv.5/Clip_output_0:(ty=1,shape=[1,576,32,32])] Clip [/lr_branch/backbone/features.13/conv/conv.3/Conv_output_0:(ty=1,shape=[1,576,32,32]),/lr_branch/backbone/features.0/features.0.2/Constant_output_0:(ty=1,shape=[]),/lr_branch/backbone/features.0/features.0.2/Constant_1_output_0:(ty=1,shape=[])]", "device": "NPU"}, {"output": ["/lr_branch/backbone/features.13/conv/conv.5/Clip_output_0_QuantizeLinear_Output"], "input": ["/lr_branch/backbone/features.13/conv/conv.5/Clip_output_0", "onnx::Conv_672_scale", "/lr_branch/backbone/features.13/conv/conv.5/Clip_output_0_zero_point"], "opType": "QuantizeLinear", "comment": "@329 [/lr_branch/backbone/features.13/conv/conv.5/Clip_output_0_QuantizeLinear_Output:(ty=2,shape=[1,576,32,32])] QuantizeLinear [/lr_branch/backbone/features.13/conv/conv.5/Clip_output_0:(ty=1,shape=[1,576,32,32]),onnx::Conv_672_scale:(ty=1,shape=[]),/lr_branch/backbone/features.13/conv/conv.5/Clip_output_0_zero_point:(ty=2,shape=[])]", "device": "NPU"}, {"output": ["/lr_branch/backbone/features.13/conv/conv.5/Clip_output_0_DequantizeLinear_Output"], "input": ["/lr_branch/backbone/features.13/conv/conv.5/Clip_output_0_QuantizeLinear_Output", "onnx::Conv_672_scale", "/lr_branch/backbone/features.13/conv/conv.5/Clip_output_0_zero_point"], "opType": "DequantizeLinear", "comment": "@330 [/lr_branch/backbone/features.13/conv/conv.5/Clip_output_0_DequantizeLinear_Output:(ty=1,shape=[1,576,32,32])] DequantizeLinear [/lr_branch/backbone/features.13/conv/conv.5/Clip_output_0_QuantizeLinear_Output:(ty=2,shape=[1,576,32,32]),onnx::Conv_672_scale:(ty=1,shape=[]),/lr_branch/backbone/features.13/conv/conv.5/Clip_output_0_zero_point:(ty=2,shape=[])]", "device": "NPU"}, {"output": ["onnx::Conv_774_DequantizeLinear_Output"], "input": ["onnx::Conv_774_quantized", "onnx::Conv_683_scale", "onnx::Conv_774_zero_point"], "opType": "DequantizeLinear", "comment": "@114 [onnx::Conv_774_DequantizeLinear_Output:(ty=1,shape=[96])] DequantizeLinear [onnx::Conv_774_quantized:(ty=3,shape=[96]),onnx::Conv_683_scale:(ty=1,shape=[]),onnx::Conv_774_zero_point:(ty=3,shape=[])]", "device": "NPU"}, {"output": ["onnx::Conv_773_DequantizeLinear_Output"], "input": ["onnx::Conv_773_quantized", "onnx::Conv_674_scale", "onnx::Conv_773_zero_point"], "opType": "DequantizeLinear", "comment": "@113 [onnx::Conv_773_DequantizeLinear_Output:(ty=1,shape=[96,576,1,1])] DequantizeLinear [onnx::Conv_773_quantized:(ty=3,shape=[96,576,1,1]),onnx::Conv_674_scale:(ty=1,shape=[]),onnx::Conv_773_zero_point:(ty=3,shape=[])]", "device": "NPU"}, {"output": ["/lr_branch/backbone/features.13/conv/conv.6/Conv_output_0"], "input": ["/lr_branch/backbone/features.13/conv/conv.5/Clip_output_0_DequantizeLinear_Output", "onnx::Conv_773_DequantizeLinear_Output", "onnx::Conv_774_DequantizeLinear_Output"], "opType": "Conv", "comment": "@331 [/lr_branch/backbone/features.13/conv/conv.6/Conv_output_0:(ty=1,shape=[1,96,32,32])] Conv [/lr_branch/backbone/features.13/conv/conv.5/Clip_output_0_DequantizeLinear_Output:(ty=1,shape=[1,576,32,32]),onnx::Conv_773_DequantizeLinear_Output:(ty=1,shape=[96,576,1,1]),onnx::Conv_774_DequantizeLinear_Output:(ty=1,shape=[96])]", "device": "NPU"}, {"output": ["/lr_branch/backbone/features.13/conv/conv.6/Conv_output_0_QuantizeLinear_Output"], "input": ["/lr_branch/backbone/features.13/conv/conv.6/Conv_output_0", "/lr_branch/backbone/features.2/conv/conv.5/Clip_output_0_scale", "/lr_branch/backbone/features.13/conv/conv.6/Conv_output_0_zero_point"], "opType": "QuantizeLinear", "comment": "@332 [/lr_branch/backbone/features.13/conv/conv.6/Conv_output_0_QuantizeLinear_Output:(ty=2,shape=[1,96,32,32])] QuantizeLinear [/lr_branch/backbone/features.13/conv/conv.6/Conv_output_0:(ty=1,shape=[1,96,32,32]),/lr_branch/backbone/features.2/conv/conv.5/Clip_output_0_scale:(ty=1,shape=[]),/lr_branch/backbone/features.13/conv/conv.6/Conv_output_0_zero_point:(ty=2,shape=[])]", "device": "NPU"}, {"output": ["/lr_branch/backbone/features.13/conv/conv.6/Conv_output_0_DequantizeLinear_Output"], "input": ["/lr_branch/backbone/features.13/conv/conv.6/Conv_output_0_QuantizeLinear_Output", "/lr_branch/backbone/features.2/conv/conv.5/Clip_output_0_scale", "/lr_branch/backbone/features.13/conv/conv.6/Conv_output_0_zero_point"], "opType": "DequantizeLinear", "comment": "@333 [/lr_branch/backbone/features.13/conv/conv.6/Conv_output_0_DequantizeLinear_Output:(ty=1,shape=[1,96,32,32])] DequantizeLinear [/lr_branch/backbone/features.13/conv/conv.6/Conv_output_0_QuantizeLinear_Output:(ty=2,shape=[1,96,32,32]),/lr_branch/backbone/features.2/conv/conv.5/Clip_output_0_scale:(ty=1,shape=[]),/lr_branch/backbone/features.13/conv/conv.6/Conv_output_0_zero_point:(ty=2,shape=[])]", "device": "NPU"}, {"output": ["/lr_branch/backbone/features.13/Add_output_0"], "input": ["/lr_branch/backbone/features.12/Add_output_0_DequantizeLinear_Output/duplicated", "/lr_branch/backbone/features.13/conv/conv.6/Conv_output_0_DequantizeLinear_Output"], "opType": "Add", "comment": "@334 [/lr_branch/backbone/features.13/Add_output_0:(ty=1,shape=[1,96,32,32])] Add [/lr_branch/backbone/features.12/Add_output_0_DequantizeLinear_Output/duplicated:(ty=1,shape=[1,96,32,32]),/lr_branch/backbone/features.13/conv/conv.6/Conv_output_0_DequantizeLinear_Output:(ty=1,shape=[1,96,32,32])]", "device": "NPU"}, {"output": ["/lr_branch/backbone/features.13/Add_output_0_QuantizeLinear_Output"], "input": ["/lr_branch/backbone/features.13/Add_output_0", "/lr_branch/backbone/features.2/conv/conv.5/Clip_output_0_scale", "/lr_branch/backbone/features.13/Add_output_0_zero_point"], "opType": "QuantizeLinear", "comment": "@335 [/lr_branch/backbone/features.13/Add_output_0_QuantizeLinear_Output:(ty=2,shape=[1,96,32,32])] QuantizeLinear [/lr_branch/backbone/features.13/Add_output_0:(ty=1,shape=[1,96,32,32]),/lr_branch/backbone/features.2/conv/conv.5/Clip_output_0_scale:(ty=1,shape=[]),/lr_branch/backbone/features.13/Add_output_0_zero_point:(ty=2,shape=[])]", "device": "NPU"}, {"output": ["/lr_branch/backbone/features.13/Add_output_0_DequantizeLinear_Output"], "input": ["/lr_branch/backbone/features.13/Add_output_0_QuantizeLinear_Output", "/lr_branch/backbone/features.2/conv/conv.5/Clip_output_0_scale", "/lr_branch/backbone/features.13/Add_output_0_zero_point"], "opType": "DequantizeLinear", "comment": "@336 [/lr_branch/backbone/features.13/Add_output_0_DequantizeLinear_Output:(ty=1,shape=[1,96,32,32])] DequantizeLinear [/lr_branch/backbone/features.13/Add_output_0_QuantizeLinear_Output:(ty=2,shape=[1,96,32,32]),/lr_branch/backbone/features.2/conv/conv.5/Clip_output_0_scale:(ty=1,shape=[]),/lr_branch/backbone/features.13/Add_output_0_zero_point:(ty=2,shape=[])]", "device": "NPU"}, {"output": ["onnx::Conv_777_DequantizeLinear_Output"], "input": ["onnx::Conv_777_quantized", "onnx::Conv_674_scale", "onnx::Conv_777_zero_point"], "opType": "DequantizeLinear", "comment": "@116 [onnx::Conv_777_DequantizeLinear_Output:(ty=1,shape=[576])] DequantizeLinear [onnx::Conv_777_quantized:(ty=3,shape=[576]),onnx::Conv_674_scale:(ty=1,shape=[]),onnx::Conv_777_zero_point:(ty=3,shape=[])]", "device": "NPU"}, {"output": ["onnx::Conv_776_DequantizeLinear_Output"], "input": ["onnx::Conv_776_quantized", "onnx::Conv_722_scale", "onnx::Conv_776_zero_point"], "opType": "DequantizeLinear", "comment": "@115 [onnx::Conv_776_DequantizeLinear_Output:(ty=1,shape=[576,96,1,1])] DequantizeLinear [onnx::Conv_776_quantized:(ty=3,shape=[576,96,1,1]),onnx::Conv_722_scale:(ty=1,shape=[]),onnx::Conv_776_zero_point:(ty=3,shape=[])]", "device": "NPU"}, {"output": ["/lr_branch/backbone/features.14/conv/conv.0/Conv_output_0"], "input": ["/lr_branch/backbone/features.13/Add_output_0_DequantizeLinear_Output", "onnx::Conv_776_DequantizeLinear_Output", "onnx::Conv_777_DequantizeLinear_Output"], "opType": "Conv", "comment": "@337 [/lr_branch/backbone/features.14/conv/conv.0/Conv_output_0:(ty=1,shape=[1,576,32,32])] Conv [/lr_branch/backbone/features.13/Add_output_0_DequantizeLinear_Output:(ty=1,shape=[1,96,32,32]),onnx::Conv_776_DequantizeLinear_Output:(ty=1,shape=[576,96,1,1]),onnx::Conv_777_DequantizeLinear_Output:(ty=1,shape=[576])]", "device": "NPU"}, {"output": ["/lr_branch/backbone/features.14/conv/conv.2/Clip_output_0"], "input": ["/lr_branch/backbone/features.14/conv/conv.0/Conv_output_0", "/lr_branch/backbone/features.0/features.0.2/Constant_output_0", "/lr_branch/backbone/features.0/features.0.2/Constant_1_output_0"], "opType": "Clip", "comment": "@338 [/lr_branch/backbone/features.14/conv/conv.2/Clip_output_0:(ty=1,shape=[1,576,32,32])] Clip [/lr_branch/backbone/features.14/conv/conv.0/Conv_output_0:(ty=1,shape=[1,576,32,32]),/lr_branch/backbone/features.0/features.0.2/Constant_output_0:(ty=1,shape=[]),/lr_branch/backbone/features.0/features.0.2/Constant_1_output_0:(ty=1,shape=[])]", "device": "NPU"}, {"output": ["/lr_branch/backbone/features.14/conv/conv.2/Clip_output_0_QuantizeLinear_Output"], "input": ["/lr_branch/backbone/features.14/conv/conv.2/Clip_output_0", "onnx::Conv_683_scale", "/lr_branch/backbone/features.14/conv/conv.2/Clip_output_0_zero_point"], "opType": "QuantizeLinear", "comment": "@339 [/lr_branch/backbone/features.14/conv/conv.2/Clip_output_0_QuantizeLinear_Output:(ty=2,shape=[1,576,32,32])] QuantizeLinear [/lr_branch/backbone/features.14/conv/conv.2/Clip_output_0:(ty=1,shape=[1,576,32,32]),onnx::Conv_683_scale:(ty=1,shape=[]),/lr_branch/backbone/features.14/conv/conv.2/Clip_output_0_zero_point:(ty=2,shape=[])]", "device": "NPU"}, {"output": ["/lr_branch/backbone/features.14/conv/conv.2/Clip_output_0_DequantizeLinear_Output"], "input": ["/lr_branch/backbone/features.14/conv/conv.2/Clip_output_0_QuantizeLinear_Output", "onnx::Conv_683_scale", "/lr_branch/backbone/features.14/conv/conv.2/Clip_output_0_zero_point"], "opType": "DequantizeLinear", "comment": "@340 [/lr_branch/backbone/features.14/conv/conv.2/Clip_output_0_DequantizeLinear_Output:(ty=1,shape=[1,576,32,32])] DequantizeLinear [/lr_branch/backbone/features.14/conv/conv.2/Clip_output_0_QuantizeLinear_Output:(ty=2,shape=[1,576,32,32]),onnx::Conv_683_scale:(ty=1,shape=[]),/lr_branch/backbone/features.14/conv/conv.2/Clip_output_0_zero_point:(ty=2,shape=[])]", "device": "NPU"}, {"output": ["onnx::Conv_780_DequantizeLinear_Output"], "input": ["onnx::Conv_780_quantized", "onnx::Conv_683_scale", "onnx::Conv_780_zero_point"], "opType": "DequantizeLinear", "comment": "@118 [onnx::Conv_780_DequantizeLinear_Output:(ty=1,shape=[576])] DequantizeLinear [onnx::Conv_780_quantized:(ty=3,shape=[576]),onnx::Conv_683_scale:(ty=1,shape=[]),onnx::Conv_780_zero_point:(ty=3,shape=[])]", "device": "NPU"}, {"output": ["onnx::Conv_779_DequantizeLinear_Output"], "input": ["onnx::Conv_779_quantized", "/lr_branch/backbone/features.2/conv/conv.5/Clip_output_0_scale", "onnx::Conv_779_zero_point"], "opType": "DequantizeLinear", "comment": "@117 [onnx::Conv_779_DequantizeLinear_Output:(ty=1,shape=[576,1,3,3])] DequantizeLinear [onnx::Conv_779_quantized:(ty=3,shape=[576,1,3,3]),/lr_branch/backbone/features.2/conv/conv.5/Clip_output_0_scale:(ty=1,shape=[]),onnx::Conv_779_zero_point:(ty=3,shape=[])]", "device": "NPU"}, {"output": ["/lr_branch/backbone/features.14/conv/conv.3/Conv_output_0"], "input": ["/lr_branch/backbone/features.14/conv/conv.2/Clip_output_0_DequantizeLinear_Output", "onnx::Conv_779_DequantizeLinear_Output", "onnx::Conv_780_DequantizeLinear_Output"], "opType": "Conv", "comment": "@341 [/lr_branch/backbone/features.14/conv/conv.3/Conv_output_0:(ty=1,shape=[1,576,16,16])] Conv [/lr_branch/backbone/features.14/conv/conv.2/Clip_output_0_DequantizeLinear_Output:(ty=1,shape=[1,576,32,32]),onnx::Conv_779_DequantizeLinear_Output:(ty=1,shape=[576,1,3,3]),onnx::Conv_780_DequantizeLinear_Output:(ty=1,shape=[576])]", "device": "NPU"}, {"output": ["/lr_branch/backbone/features.14/conv/conv.5/Clip_output_0"], "input": ["/lr_branch/backbone/features.14/conv/conv.3/Conv_output_0", "/lr_branch/backbone/features.0/features.0.2/Constant_output_0", "/lr_branch/backbone/features.0/features.0.2/Constant_1_output_0"], "opType": "Clip", "comment": "@342 [/lr_branch/backbone/features.14/conv/conv.5/Clip_output_0:(ty=1,shape=[1,576,16,16])] Clip [/lr_branch/backbone/features.14/conv/conv.3/Conv_output_0:(ty=1,shape=[1,576,16,16]),/lr_branch/backbone/features.0/features.0.2/Constant_output_0:(ty=1,shape=[]),/lr_branch/backbone/features.0/features.0.2/Constant_1_output_0:(ty=1,shape=[])]", "device": "NPU"}, {"output": ["/lr_branch/backbone/features.14/conv/conv.5/Clip_output_0_QuantizeLinear_Output"], "input": ["/lr_branch/backbone/features.14/conv/conv.5/Clip_output_0", "onnx::Conv_672_scale", "/lr_branch/backbone/features.14/conv/conv.5/Clip_output_0_zero_point"], "opType": "QuantizeLinear", "comment": "@343 [/lr_branch/backbone/features.14/conv/conv.5/Clip_output_0_QuantizeLinear_Output:(ty=2,shape=[1,576,16,16])] QuantizeLinear [/lr_branch/backbone/features.14/conv/conv.5/Clip_output_0:(ty=1,shape=[1,576,16,16]),onnx::Conv_672_scale:(ty=1,shape=[]),/lr_branch/backbone/features.14/conv/conv.5/Clip_output_0_zero_point:(ty=2,shape=[])]", "device": "NPU"}, {"output": ["/lr_branch/backbone/features.14/conv/conv.5/Clip_output_0_DequantizeLinear_Output"], "input": ["/lr_branch/backbone/features.14/conv/conv.5/Clip_output_0_QuantizeLinear_Output", "onnx::Conv_672_scale", "/lr_branch/backbone/features.14/conv/conv.5/Clip_output_0_zero_point"], "opType": "DequantizeLinear", "comment": "@344 [/lr_branch/backbone/features.14/conv/conv.5/Clip_output_0_DequantizeLinear_Output:(ty=1,shape=[1,576,16,16])] DequantizeLinear [/lr_branch/backbone/features.14/conv/conv.5/Clip_output_0_QuantizeLinear_Output:(ty=2,shape=[1,576,16,16]),onnx::Conv_672_scale:(ty=1,shape=[]),/lr_branch/backbone/features.14/conv/conv.5/Clip_output_0_zero_point:(ty=2,shape=[])]", "device": "NPU"}, {"output": ["onnx::Conv_783_DequantizeLinear_Output"], "input": ["onnx::Conv_783_quantized", "onnx::Conv_674_scale", "onnx::Conv_783_zero_point"], "opType": "DequantizeLinear", "comment": "@120 [onnx::Conv_783_DequantizeLinear_Output:(ty=1,shape=[160])] DequantizeLinear [onnx::Conv_783_quantized:(ty=3,shape=[160]),onnx::Conv_674_scale:(ty=1,shape=[]),onnx::Conv_783_zero_point:(ty=3,shape=[])]", "device": "NPU"}, {"output": ["onnx::Conv_782_DequantizeLinear_Output"], "input": ["onnx::Conv_782_quantized", "onnx::Conv_758_scale", "onnx::Conv_782_zero_point"], "opType": "DequantizeLinear", "comment": "@119 [onnx::Conv_782_DequantizeLinear_Output:(ty=1,shape=[160,576,1,1])] DequantizeLinear [onnx::Conv_782_quantized:(ty=3,shape=[160,576,1,1]),onnx::Conv_758_scale:(ty=1,shape=[]),onnx::Conv_782_zero_point:(ty=3,shape=[])]", "device": "NPU"}, {"output": ["/lr_branch/backbone/features.14/conv/conv.6/Conv_output_0"], "input": ["/lr_branch/backbone/features.14/conv/conv.5/Clip_output_0_DequantizeLinear_Output", "onnx::Conv_782_DequantizeLinear_Output", "onnx::Conv_783_DequantizeLinear_Output"], "opType": "Conv", "comment": "@345 [/lr_branch/backbone/features.14/conv/conv.6/Conv_output_0:(ty=1,shape=[1,160,16,16])] Conv [/lr_branch/backbone/features.14/conv/conv.5/Clip_output_0_DequantizeLinear_Output:(ty=1,shape=[1,576,16,16]),onnx::Conv_782_DequantizeLinear_Output:(ty=1,shape=[160,576,1,1]),onnx::Conv_783_DequantizeLinear_Output:(ty=1,shape=[160])]", "device": "NPU"}, {"output": ["/lr_branch/backbone/features.14/conv/conv.6/Conv_output_0_QuantizeLinear_Output"], "input": ["/lr_branch/backbone/features.14/conv/conv.6/Conv_output_0", "/lr_branch/backbone/features.2/conv/conv.5/Clip_output_0_scale", "/lr_branch/backbone/features.14/conv/conv.6/Conv_output_0_zero_point"], "opType": "QuantizeLinear", "comment": "@346 [/lr_branch/backbone/features.14/conv/conv.6/Conv_output_0_QuantizeLinear_Output:(ty=2,shape=[1,160,16,16])] QuantizeLinear [/lr_branch/backbone/features.14/conv/conv.6/Conv_output_0:(ty=1,shape=[1,160,16,16]),/lr_branch/backbone/features.2/conv/conv.5/Clip_output_0_scale:(ty=1,shape=[]),/lr_branch/backbone/features.14/conv/conv.6/Conv_output_0_zero_point:(ty=2,shape=[])]", "device": "NPU"}, {"output": ["/lr_branch/backbone/features.14/conv/conv.6/Conv_output_0_DequantizeLinear_Output/duplicated"], "input": ["/lr_branch/backbone/features.14/conv/conv.6/Conv_output_0_QuantizeLinear_Output", "/lr_branch/backbone/features.2/conv/conv.5/Clip_output_0_scale", "/lr_branch/backbone/features.14/conv/conv.6/Conv_output_0_zero_point"], "opType": "DequantizeLinear", "comment": "@503 [/lr_branch/backbone/features.14/conv/conv.6/Conv_output_0_DequantizeLinear_Output/duplicated:(ty=1,shape=[1,160,16,16])] DequantizeLinear [/lr_branch/backbone/features.14/conv/conv.6/Conv_output_0_QuantizeLinear_Output:(ty=2,shape=[1,160,16,16]),/lr_branch/backbone/features.2/conv/conv.5/Clip_output_0_scale:(ty=1,shape=[]),/lr_branch/backbone/features.14/conv/conv.6/Conv_output_0_zero_point:(ty=2,shape=[])]", "device": "NPU"}, {"output": ["/lr_branch/backbone/features.14/conv/conv.6/Conv_output_0_DequantizeLinear_Output"], "input": ["/lr_branch/backbone/features.14/conv/conv.6/Conv_output_0_QuantizeLinear_Output", "/lr_branch/backbone/features.2/conv/conv.5/Clip_output_0_scale", "/lr_branch/backbone/features.14/conv/conv.6/Conv_output_0_zero_point"], "opType": "DequantizeLinear", "comment": "@347 [/lr_branch/backbone/features.14/conv/conv.6/Conv_output_0_DequantizeLinear_Output:(ty=1,shape=[1,160,16,16])] DequantizeLinear [/lr_branch/backbone/features.14/conv/conv.6/Conv_output_0_QuantizeLinear_Output:(ty=2,shape=[1,160,16,16]),/lr_branch/backbone/features.2/conv/conv.5/Clip_output_0_scale:(ty=1,shape=[]),/lr_branch/backbone/features.14/conv/conv.6/Conv_output_0_zero_point:(ty=2,shape=[])]", "device": "NPU"}, {"output": ["onnx::Conv_786_DequantizeLinear_Output"], "input": ["onnx::Conv_786_quantized", "onnx::Conv_696_scale", "onnx::Conv_786_zero_point"], "opType": "DequantizeLinear", "comment": "@122 [onnx::Conv_786_DequantizeLinear_Output:(ty=1,shape=[960])] DequantizeLinear [onnx::Conv_786_quantized:(ty=3,shape=[960]),onnx::Conv_696_scale:(ty=1,shape=[]),onnx::Conv_786_zero_point:(ty=3,shape=[])]", "device": "NPU"}, {"output": ["onnx::Conv_785_DequantizeLinear_Output"], "input": ["onnx::Conv_785_quantized", "onnx::Conv_722_scale", "onnx::Conv_785_zero_point"], "opType": "DequantizeLinear", "comment": "@121 [onnx::Conv_785_DequantizeLinear_Output:(ty=1,shape=[960,160,1,1])] DequantizeLinear [onnx::Conv_785_quantized:(ty=3,shape=[960,160,1,1]),onnx::Conv_722_scale:(ty=1,shape=[]),onnx::Conv_785_zero_point:(ty=3,shape=[])]", "device": "NPU"}, {"output": ["/lr_branch/backbone/features.15/conv/conv.0/Conv_output_0"], "input": ["/lr_branch/backbone/features.14/conv/conv.6/Conv_output_0_DequantizeLinear_Output", "onnx::Conv_785_DequantizeLinear_Output", "onnx::Conv_786_DequantizeLinear_Output"], "opType": "Conv", "comment": "@348 [/lr_branch/backbone/features.15/conv/conv.0/Conv_output_0:(ty=1,shape=[1,960,16,16])] Conv [/lr_branch/backbone/features.14/conv/conv.6/Conv_output_0_DequantizeLinear_Output:(ty=1,shape=[1,160,16,16]),onnx::Conv_785_DequantizeLinear_Output:(ty=1,shape=[960,160,1,1]),onnx::Conv_786_DequantizeLinear_Output:(ty=1,shape=[960])]", "device": "NPU"}, {"output": ["/lr_branch/backbone/features.15/conv/conv.2/Clip_output_0"], "input": ["/lr_branch/backbone/features.15/conv/conv.0/Conv_output_0", "/lr_branch/backbone/features.0/features.0.2/Constant_output_0", "/lr_branch/backbone/features.0/features.0.2/Constant_1_output_0"], "opType": "Clip", "comment": "@349 [/lr_branch/backbone/features.15/conv/conv.2/Clip_output_0:(ty=1,shape=[1,960,16,16])] Clip [/lr_branch/backbone/features.15/conv/conv.0/Conv_output_0:(ty=1,shape=[1,960,16,16]),/lr_branch/backbone/features.0/features.0.2/Constant_output_0:(ty=1,shape=[]),/lr_branch/backbone/features.0/features.0.2/Constant_1_output_0:(ty=1,shape=[])]", "device": "NPU"}, {"output": ["/lr_branch/backbone/features.15/conv/conv.2/Clip_output_0_QuantizeLinear_Output"], "input": ["/lr_branch/backbone/features.15/conv/conv.2/Clip_output_0", "onnx::Conv_683_scale", "/lr_branch/backbone/features.15/conv/conv.2/Clip_output_0_zero_point"], "opType": "QuantizeLinear", "comment": "@350 [/lr_branch/backbone/features.15/conv/conv.2/Clip_output_0_QuantizeLinear_Output:(ty=2,shape=[1,960,16,16])] QuantizeLinear [/lr_branch/backbone/features.15/conv/conv.2/Clip_output_0:(ty=1,shape=[1,960,16,16]),onnx::Conv_683_scale:(ty=1,shape=[]),/lr_branch/backbone/features.15/conv/conv.2/Clip_output_0_zero_point:(ty=2,shape=[])]", "device": "NPU"}, {"output": ["/lr_branch/backbone/features.15/conv/conv.2/Clip_output_0_DequantizeLinear_Output"], "input": ["/lr_branch/backbone/features.15/conv/conv.2/Clip_output_0_QuantizeLinear_Output", "onnx::Conv_683_scale", "/lr_branch/backbone/features.15/conv/conv.2/Clip_output_0_zero_point"], "opType": "DequantizeLinear", "comment": "@351 [/lr_branch/backbone/features.15/conv/conv.2/Clip_output_0_DequantizeLinear_Output:(ty=1,shape=[1,960,16,16])] DequantizeLinear [/lr_branch/backbone/features.15/conv/conv.2/Clip_output_0_QuantizeLinear_Output:(ty=2,shape=[1,960,16,16]),onnx::Conv_683_scale:(ty=1,shape=[]),/lr_branch/backbone/features.15/conv/conv.2/Clip_output_0_zero_point:(ty=2,shape=[])]", "device": "NPU"}, {"output": ["onnx::Conv_789_DequantizeLinear_Output"], "input": ["onnx::Conv_789_quantized", "onnx::Conv_674_scale", "onnx::Conv_789_zero_point"], "opType": "DequantizeLinear", "comment": "@124 [onnx::Conv_789_DequantizeLinear_Output:(ty=1,shape=[960])] DequantizeLinear [onnx::Conv_789_quantized:(ty=3,shape=[960]),onnx::Conv_674_scale:(ty=1,shape=[]),onnx::Conv_789_zero_point:(ty=3,shape=[])]", "device": "NPU"}, {"output": ["onnx::Conv_788_DequantizeLinear_Output"], "input": ["onnx::Conv_788_quantized", "/lr_branch/backbone/features.2/conv/conv.5/Clip_output_0_scale", "onnx::Conv_788_zero_point"], "opType": "DequantizeLinear", "comment": "@123 [onnx::Conv_788_DequantizeLinear_Output:(ty=1,shape=[960,1,3,3])] DequantizeLinear [onnx::Conv_788_quantized:(ty=3,shape=[960,1,3,3]),/lr_branch/backbone/features.2/conv/conv.5/Clip_output_0_scale:(ty=1,shape=[]),onnx::Conv_788_zero_point:(ty=3,shape=[])]", "device": "NPU"}, {"output": ["/lr_branch/backbone/features.15/conv/conv.3/Conv_output_0"], "input": ["/lr_branch/backbone/features.15/conv/conv.2/Clip_output_0_DequantizeLinear_Output", "onnx::Conv_788_DequantizeLinear_Output", "onnx::Conv_789_DequantizeLinear_Output"], "opType": "Conv", "comment": "@352 [/lr_branch/backbone/features.15/conv/conv.3/Conv_output_0:(ty=1,shape=[1,960,16,16])] Conv [/lr_branch/backbone/features.15/conv/conv.2/Clip_output_0_DequantizeLinear_Output:(ty=1,shape=[1,960,16,16]),onnx::Conv_788_DequantizeLinear_Output:(ty=1,shape=[960,1,3,3]),onnx::Conv_789_DequantizeLinear_Output:(ty=1,shape=[960])]", "device": "NPU"}, {"output": ["/lr_branch/backbone/features.15/conv/conv.5/Clip_output_0"], "input": ["/lr_branch/backbone/features.15/conv/conv.3/Conv_output_0", "/lr_branch/backbone/features.0/features.0.2/Constant_output_0", "/lr_branch/backbone/features.0/features.0.2/Constant_1_output_0"], "opType": "Clip", "comment": "@353 [/lr_branch/backbone/features.15/conv/conv.5/Clip_output_0:(ty=1,shape=[1,960,16,16])] Clip [/lr_branch/backbone/features.15/conv/conv.3/Conv_output_0:(ty=1,shape=[1,960,16,16]),/lr_branch/backbone/features.0/features.0.2/Constant_output_0:(ty=1,shape=[]),/lr_branch/backbone/features.0/features.0.2/Constant_1_output_0:(ty=1,shape=[])]", "device": "NPU"}, {"output": ["/lr_branch/backbone/features.15/conv/conv.5/Clip_output_0_QuantizeLinear_Output"], "input": ["/lr_branch/backbone/features.15/conv/conv.5/Clip_output_0", "onnx::Conv_672_scale", "/lr_branch/backbone/features.15/conv/conv.5/Clip_output_0_zero_point"], "opType": "QuantizeLinear", "comment": "@354 [/lr_branch/backbone/features.15/conv/conv.5/Clip_output_0_QuantizeLinear_Output:(ty=2,shape=[1,960,16,16])] QuantizeLinear [/lr_branch/backbone/features.15/conv/conv.5/Clip_output_0:(ty=1,shape=[1,960,16,16]),onnx::Conv_672_scale:(ty=1,shape=[]),/lr_branch/backbone/features.15/conv/conv.5/Clip_output_0_zero_point:(ty=2,shape=[])]", "device": "NPU"}, {"output": ["/lr_branch/backbone/features.15/conv/conv.5/Clip_output_0_DequantizeLinear_Output"], "input": ["/lr_branch/backbone/features.15/conv/conv.5/Clip_output_0_QuantizeLinear_Output", "onnx::Conv_672_scale", "/lr_branch/backbone/features.15/conv/conv.5/Clip_output_0_zero_point"], "opType": "DequantizeLinear", "comment": "@355 [/lr_branch/backbone/features.15/conv/conv.5/Clip_output_0_DequantizeLinear_Output:(ty=1,shape=[1,960,16,16])] DequantizeLinear [/lr_branch/backbone/features.15/conv/conv.5/Clip_output_0_QuantizeLinear_Output:(ty=2,shape=[1,960,16,16]),onnx::Conv_672_scale:(ty=1,shape=[]),/lr_branch/backbone/features.15/conv/conv.5/Clip_output_0_zero_point:(ty=2,shape=[])]", "device": "NPU"}, {"output": ["onnx::Conv_792_DequantizeLinear_Output"], "input": ["onnx::Conv_792_quantized", "onnx::Conv_674_scale", "onnx::Conv_792_zero_point"], "opType": "DequantizeLinear", "comment": "@126 [onnx::Conv_792_DequantizeLinear_Output:(ty=1,shape=[160])] DequantizeLinear [onnx::Conv_792_quantized:(ty=3,shape=[160]),onnx::Conv_674_scale:(ty=1,shape=[]),onnx::Conv_792_zero_point:(ty=3,shape=[])]", "device": "NPU"}, {"output": ["onnx::Conv_791_DequantizeLinear_Output"], "input": ["onnx::Conv_791_quantized", "onnx::Conv_758_scale", "onnx::Conv_791_zero_point"], "opType": "DequantizeLinear", "comment": "@125 [onnx::Conv_791_DequantizeLinear_Output:(ty=1,shape=[160,960,1,1])] DequantizeLinear [onnx::Conv_791_quantized:(ty=3,shape=[160,960,1,1]),onnx::Conv_758_scale:(ty=1,shape=[]),onnx::Conv_791_zero_point:(ty=3,shape=[])]", "device": "NPU"}, {"output": ["/lr_branch/backbone/features.15/conv/conv.6/Conv_output_0"], "input": ["/lr_branch/backbone/features.15/conv/conv.5/Clip_output_0_DequantizeLinear_Output", "onnx::Conv_791_DequantizeLinear_Output", "onnx::Conv_792_DequantizeLinear_Output"], "opType": "Conv", "comment": "@356 [/lr_branch/backbone/features.15/conv/conv.6/Conv_output_0:(ty=1,shape=[1,160,16,16])] Conv [/lr_branch/backbone/features.15/conv/conv.5/Clip_output_0_DequantizeLinear_Output:(ty=1,shape=[1,960,16,16]),onnx::Conv_791_DequantizeLinear_Output:(ty=1,shape=[160,960,1,1]),onnx::Conv_792_DequantizeLinear_Output:(ty=1,shape=[160])]", "device": "NPU"}, {"output": ["/lr_branch/backbone/features.15/conv/conv.6/Conv_output_0_QuantizeLinear_Output"], "input": ["/lr_branch/backbone/features.15/conv/conv.6/Conv_output_0", "onnx::Conv_672_scale", "/lr_branch/backbone/features.15/conv/conv.6/Conv_output_0_zero_point"], "opType": "QuantizeLinear", "comment": "@357 [/lr_branch/backbone/features.15/conv/conv.6/Conv_output_0_QuantizeLinear_Output:(ty=2,shape=[1,160,16,16])] QuantizeLinear [/lr_branch/backbone/features.15/conv/conv.6/Conv_output_0:(ty=1,shape=[1,160,16,16]),onnx::Conv_672_scale:(ty=1,shape=[]),/lr_branch/backbone/features.15/conv/conv.6/Conv_output_0_zero_point:(ty=2,shape=[])]", "device": "NPU"}, {"output": ["/lr_branch/backbone/features.15/conv/conv.6/Conv_output_0_DequantizeLinear_Output"], "input": ["/lr_branch/backbone/features.15/conv/conv.6/Conv_output_0_QuantizeLinear_Output", "onnx::Conv_672_scale", "/lr_branch/backbone/features.15/conv/conv.6/Conv_output_0_zero_point"], "opType": "DequantizeLinear", "comment": "@358 [/lr_branch/backbone/features.15/conv/conv.6/Conv_output_0_DequantizeLinear_Output:(ty=1,shape=[1,160,16,16])] DequantizeLinear [/lr_branch/backbone/features.15/conv/conv.6/Conv_output_0_QuantizeLinear_Output:(ty=2,shape=[1,160,16,16]),onnx::Conv_672_scale:(ty=1,shape=[]),/lr_branch/backbone/features.15/conv/conv.6/Conv_output_0_zero_point:(ty=2,shape=[])]", "device": "NPU"}, {"output": ["/lr_branch/backbone/features.15/Add_output_0"], "input": ["/lr_branch/backbone/features.14/conv/conv.6/Conv_output_0_DequantizeLinear_Output/duplicated", "/lr_branch/backbone/features.15/conv/conv.6/Conv_output_0_DequantizeLinear_Output"], "opType": "Add", "comment": "@359 [/lr_branch/backbone/features.15/Add_output_0:(ty=1,shape=[1,160,16,16])] Add [/lr_branch/backbone/features.14/conv/conv.6/Conv_output_0_DequantizeLinear_Output/duplicated:(ty=1,shape=[1,160,16,16]),/lr_branch/backbone/features.15/conv/conv.6/Conv_output_0_DequantizeLinear_Output:(ty=1,shape=[1,160,16,16])]", "device": "NPU"}, {"output": ["/lr_branch/backbone/features.15/Add_output_0_QuantizeLinear_Output"], "input": ["/lr_branch/backbone/features.15/Add_output_0", "/lr_branch/backbone/features.2/conv/conv.5/Clip_output_0_scale", "/lr_branch/backbone/features.15/Add_output_0_zero_point"], "opType": "QuantizeLinear", "comment": "@360 [/lr_branch/backbone/features.15/Add_output_0_QuantizeLinear_Output:(ty=2,shape=[1,160,16,16])] QuantizeLinear [/lr_branch/backbone/features.15/Add_output_0:(ty=1,shape=[1,160,16,16]),/lr_branch/backbone/features.2/conv/conv.5/Clip_output_0_scale:(ty=1,shape=[]),/lr_branch/backbone/features.15/Add_output_0_zero_point:(ty=2,shape=[])]", "device": "NPU"}, {"output": ["/lr_branch/backbone/features.15/Add_output_0_DequantizeLinear_Output/duplicated"], "input": ["/lr_branch/backbone/features.15/Add_output_0_QuantizeLinear_Output", "/lr_branch/backbone/features.2/conv/conv.5/Clip_output_0_scale", "/lr_branch/backbone/features.15/Add_output_0_zero_point"], "opType": "DequantizeLinear", "comment": "@504 [/lr_branch/backbone/features.15/Add_output_0_DequantizeLinear_Output/duplicated:(ty=1,shape=[1,160,16,16])] DequantizeLinear [/lr_branch/backbone/features.15/Add_output_0_QuantizeLinear_Output:(ty=2,shape=[1,160,16,16]),/lr_branch/backbone/features.2/conv/conv.5/Clip_output_0_scale:(ty=1,shape=[]),/lr_branch/backbone/features.15/Add_output_0_zero_point:(ty=2,shape=[])]", "device": "NPU"}, {"output": ["/lr_branch/backbone/features.15/Add_output_0_DequantizeLinear_Output"], "input": ["/lr_branch/backbone/features.15/Add_output_0_QuantizeLinear_Output", "/lr_branch/backbone/features.2/conv/conv.5/Clip_output_0_scale", "/lr_branch/backbone/features.15/Add_output_0_zero_point"], "opType": "DequantizeLinear", "comment": "@361 [/lr_branch/backbone/features.15/Add_output_0_DequantizeLinear_Output:(ty=1,shape=[1,160,16,16])] DequantizeLinear [/lr_branch/backbone/features.15/Add_output_0_QuantizeLinear_Output:(ty=2,shape=[1,160,16,16]),/lr_branch/backbone/features.2/conv/conv.5/Clip_output_0_scale:(ty=1,shape=[]),/lr_branch/backbone/features.15/Add_output_0_zero_point:(ty=2,shape=[])]", "device": "NPU"}, {"output": ["onnx::Conv_795_DequantizeLinear_Output"], "input": ["onnx::Conv_795_quantized", "onnx::Conv_758_scale", "onnx::Conv_795_zero_point"], "opType": "DequantizeLinear", "comment": "@128 [onnx::Conv_795_DequantizeLinear_Output:(ty=1,shape=[960])] DequantizeLinear [onnx::Conv_795_quantized:(ty=3,shape=[960]),onnx::Conv_758_scale:(ty=1,shape=[]),onnx::Conv_795_zero_point:(ty=3,shape=[])]", "device": "NPU"}, {"output": ["onnx::Conv_794_DequantizeLinear_Output"], "input": ["onnx::Conv_794_quantized", "onnx::Conv_722_scale", "onnx::Conv_794_zero_point"], "opType": "DequantizeLinear", "comment": "@127 [onnx::Conv_794_DequantizeLinear_Output:(ty=1,shape=[960,160,1,1])] DequantizeLinear [onnx::Conv_794_quantized:(ty=3,shape=[960,160,1,1]),onnx::Conv_722_scale:(ty=1,shape=[]),onnx::Conv_794_zero_point:(ty=3,shape=[])]", "device": "NPU"}, {"output": ["/lr_branch/backbone/features.16/conv/conv.0/Conv_output_0"], "input": ["/lr_branch/backbone/features.15/Add_output_0_DequantizeLinear_Output", "onnx::Conv_794_DequantizeLinear_Output", "onnx::Conv_795_DequantizeLinear_Output"], "opType": "Conv", "comment": "@362 [/lr_branch/backbone/features.16/conv/conv.0/Conv_output_0:(ty=1,shape=[1,960,16,16])] Conv [/lr_branch/backbone/features.15/Add_output_0_DequantizeLinear_Output:(ty=1,shape=[1,160,16,16]),onnx::Conv_794_DequantizeLinear_Output:(ty=1,shape=[960,160,1,1]),onnx::Conv_795_DequantizeLinear_Output:(ty=1,shape=[960])]", "device": "NPU"}, {"output": ["/lr_branch/backbone/features.16/conv/conv.2/Clip_output_0"], "input": ["/lr_branch/backbone/features.16/conv/conv.0/Conv_output_0", "/lr_branch/backbone/features.0/features.0.2/Constant_output_0", "/lr_branch/backbone/features.0/features.0.2/Constant_1_output_0"], "opType": "Clip", "comment": "@363 [/lr_branch/backbone/features.16/conv/conv.2/Clip_output_0:(ty=1,shape=[1,960,16,16])] Clip [/lr_branch/backbone/features.16/conv/conv.0/Conv_output_0:(ty=1,shape=[1,960,16,16]),/lr_branch/backbone/features.0/features.0.2/Constant_output_0:(ty=1,shape=[]),/lr_branch/backbone/features.0/features.0.2/Constant_1_output_0:(ty=1,shape=[])]", "device": "NPU"}, {"output": ["/lr_branch/backbone/features.16/conv/conv.2/Clip_output_0_QuantizeLinear_Output"], "input": ["/lr_branch/backbone/features.16/conv/conv.2/Clip_output_0", "onnx::Conv_672_scale", "/lr_branch/backbone/features.16/conv/conv.2/Clip_output_0_zero_point"], "opType": "QuantizeLinear", "comment": "@364 [/lr_branch/backbone/features.16/conv/conv.2/Clip_output_0_QuantizeLinear_Output:(ty=2,shape=[1,960,16,16])] QuantizeLinear [/lr_branch/backbone/features.16/conv/conv.2/Clip_output_0:(ty=1,shape=[1,960,16,16]),onnx::Conv_672_scale:(ty=1,shape=[]),/lr_branch/backbone/features.16/conv/conv.2/Clip_output_0_zero_point:(ty=2,shape=[])]", "device": "NPU"}, {"output": ["/lr_branch/backbone/features.16/conv/conv.2/Clip_output_0_DequantizeLinear_Output"], "input": ["/lr_branch/backbone/features.16/conv/conv.2/Clip_output_0_QuantizeLinear_Output", "onnx::Conv_672_scale", "/lr_branch/backbone/features.16/conv/conv.2/Clip_output_0_zero_point"], "opType": "DequantizeLinear", "comment": "@365 [/lr_branch/backbone/features.16/conv/conv.2/Clip_output_0_DequantizeLinear_Output:(ty=1,shape=[1,960,16,16])] DequantizeLinear [/lr_branch/backbone/features.16/conv/conv.2/Clip_output_0_QuantizeLinear_Output:(ty=2,shape=[1,960,16,16]),onnx::Conv_672_scale:(ty=1,shape=[]),/lr_branch/backbone/features.16/conv/conv.2/Clip_output_0_zero_point:(ty=2,shape=[])]", "device": "NPU"}, {"output": ["onnx::Conv_798_DequantizeLinear_Output"], "input": ["onnx::Conv_798_quantized", "onnx::Conv_683_scale", "onnx::Conv_798_zero_point"], "opType": "DequantizeLinear", "comment": "@130 [onnx::Conv_798_DequantizeLinear_Output:(ty=1,shape=[960])] DequantizeLinear [onnx::Conv_798_quantized:(ty=3,shape=[960]),onnx::Conv_683_scale:(ty=1,shape=[]),onnx::Conv_798_zero_point:(ty=3,shape=[])]", "device": "NPU"}, {"output": ["onnx::Conv_797_DequantizeLinear_Output"], "input": ["onnx::Conv_797_quantized", "/lr_branch/backbone/features.2/conv/conv.5/Clip_output_0_scale", "onnx::Conv_797_zero_point"], "opType": "DequantizeLinear", "comment": "@129 [onnx::Conv_797_DequantizeLinear_Output:(ty=1,shape=[960,1,3,3])] DequantizeLinear [onnx::Conv_797_quantized:(ty=3,shape=[960,1,3,3]),/lr_branch/backbone/features.2/conv/conv.5/Clip_output_0_scale:(ty=1,shape=[]),onnx::Conv_797_zero_point:(ty=3,shape=[])]", "device": "NPU"}, {"output": ["/lr_branch/backbone/features.16/conv/conv.3/Conv_output_0"], "input": ["/lr_branch/backbone/features.16/conv/conv.2/Clip_output_0_DequantizeLinear_Output", "onnx::Conv_797_DequantizeLinear_Output", "onnx::Conv_798_DequantizeLinear_Output"], "opType": "Conv", "comment": "@366 [/lr_branch/backbone/features.16/conv/conv.3/Conv_output_0:(ty=1,shape=[1,960,16,16])] Conv [/lr_branch/backbone/features.16/conv/conv.2/Clip_output_0_DequantizeLinear_Output:(ty=1,shape=[1,960,16,16]),onnx::Conv_797_DequantizeLinear_Output:(ty=1,shape=[960,1,3,3]),onnx::Conv_798_DequantizeLinear_Output:(ty=1,shape=[960])]", "device": "NPU"}, {"output": ["/lr_branch/backbone/features.16/conv/conv.5/Clip_output_0"], "input": ["/lr_branch/backbone/features.16/conv/conv.3/Conv_output_0", "/lr_branch/backbone/features.0/features.0.2/Constant_output_0", "/lr_branch/backbone/features.0/features.0.2/Constant_1_output_0"], "opType": "Clip", "comment": "@367 [/lr_branch/backbone/features.16/conv/conv.5/Clip_output_0:(ty=1,shape=[1,960,16,16])] Clip [/lr_branch/backbone/features.16/conv/conv.3/Conv_output_0:(ty=1,shape=[1,960,16,16]),/lr_branch/backbone/features.0/features.0.2/Constant_output_0:(ty=1,shape=[]),/lr_branch/backbone/features.0/features.0.2/Constant_1_output_0:(ty=1,shape=[])]", "device": "NPU"}, {"output": ["/lr_branch/backbone/features.16/conv/conv.5/Clip_output_0_QuantizeLinear_Output"], "input": ["/lr_branch/backbone/features.16/conv/conv.5/Clip_output_0", "onnx::Conv_672_scale", "/lr_branch/backbone/features.16/conv/conv.5/Clip_output_0_zero_point"], "opType": "QuantizeLinear", "comment": "@368 [/lr_branch/backbone/features.16/conv/conv.5/Clip_output_0_QuantizeLinear_Output:(ty=2,shape=[1,960,16,16])] QuantizeLinear [/lr_branch/backbone/features.16/conv/conv.5/Clip_output_0:(ty=1,shape=[1,960,16,16]),onnx::Conv_672_scale:(ty=1,shape=[]),/lr_branch/backbone/features.16/conv/conv.5/Clip_output_0_zero_point:(ty=2,shape=[])]", "device": "NPU"}, {"output": ["/lr_branch/backbone/features.16/conv/conv.5/Clip_output_0_DequantizeLinear_Output"], "input": ["/lr_branch/backbone/features.16/conv/conv.5/Clip_output_0_QuantizeLinear_Output", "onnx::Conv_672_scale", "/lr_branch/backbone/features.16/conv/conv.5/Clip_output_0_zero_point"], "opType": "DequantizeLinear", "comment": "@369 [/lr_branch/backbone/features.16/conv/conv.5/Clip_output_0_DequantizeLinear_Output:(ty=1,shape=[1,960,16,16])] DequantizeLinear [/lr_branch/backbone/features.16/conv/conv.5/Clip_output_0_QuantizeLinear_Output:(ty=2,shape=[1,960,16,16]),onnx::Conv_672_scale:(ty=1,shape=[]),/lr_branch/backbone/features.16/conv/conv.5/Clip_output_0_zero_point:(ty=2,shape=[])]", "device": "NPU"}, {"output": ["onnx::Conv_801_DequantizeLinear_Output"], "input": ["onnx::Conv_801_quantized", "onnx::Conv_683_scale", "onnx::Conv_801_zero_point"], "opType": "DequantizeLinear", "comment": "@132 [onnx::Conv_801_DequantizeLinear_Output:(ty=1,shape=[160])] DequantizeLinear [onnx::Conv_801_quantized:(ty=3,shape=[160]),onnx::Conv_683_scale:(ty=1,shape=[]),onnx::Conv_801_zero_point:(ty=3,shape=[])]", "device": "NPU"}, {"output": ["onnx::Conv_800_DequantizeLinear_Output"], "input": ["onnx::Conv_800_quantized", "onnx::Conv_696_scale", "onnx::Conv_800_zero_point"], "opType": "DequantizeLinear", "comment": "@131 [onnx::Conv_800_DequantizeLinear_Output:(ty=1,shape=[160,960,1,1])] DequantizeLinear [onnx::Conv_800_quantized:(ty=3,shape=[160,960,1,1]),onnx::Conv_696_scale:(ty=1,shape=[]),onnx::Conv_800_zero_point:(ty=3,shape=[])]", "device": "NPU"}, {"output": ["/lr_branch/backbone/features.16/conv/conv.6/Conv_output_0"], "input": ["/lr_branch/backbone/features.16/conv/conv.5/Clip_output_0_DequantizeLinear_Output", "onnx::Conv_800_DequantizeLinear_Output", "onnx::Conv_801_DequantizeLinear_Output"], "opType": "Conv", "comment": "@370 [/lr_branch/backbone/features.16/conv/conv.6/Conv_output_0:(ty=1,shape=[1,160,16,16])] Conv [/lr_branch/backbone/features.16/conv/conv.5/Clip_output_0_DequantizeLinear_Output:(ty=1,shape=[1,960,16,16]),onnx::Conv_800_DequantizeLinear_Output:(ty=1,shape=[160,960,1,1]),onnx::Conv_801_DequantizeLinear_Output:(ty=1,shape=[160])]", "device": "NPU"}, {"output": ["/lr_branch/backbone/features.16/conv/conv.6/Conv_output_0_QuantizeLinear_Output"], "input": ["/lr_branch/backbone/features.16/conv/conv.6/Conv_output_0", "/hr_branch/conv_hr4x/conv_hr4x.1/Relu_output_0_scale", "/lr_branch/backbone/features.16/conv/conv.6/Conv_output_0_zero_point"], "opType": "QuantizeLinear", "comment": "@371 [/lr_branch/backbone/features.16/conv/conv.6/Conv_output_0_QuantizeLinear_Output:(ty=2,shape=[1,160,16,16])] QuantizeLinear [/lr_branch/backbone/features.16/conv/conv.6/Conv_output_0:(ty=1,shape=[1,160,16,16]),/hr_branch/conv_hr4x/conv_hr4x.1/Relu_output_0_scale:(ty=1,shape=[]),/lr_branch/backbone/features.16/conv/conv.6/Conv_output_0_zero_point:(ty=2,shape=[])]", "device": "NPU"}, {"output": ["/lr_branch/backbone/features.16/conv/conv.6/Conv_output_0_DequantizeLinear_Output"], "input": ["/lr_branch/backbone/features.16/conv/conv.6/Conv_output_0_QuantizeLinear_Output", "/hr_branch/conv_hr4x/conv_hr4x.1/Relu_output_0_scale", "/lr_branch/backbone/features.16/conv/conv.6/Conv_output_0_zero_point"], "opType": "DequantizeLinear", "comment": "@372 [/lr_branch/backbone/features.16/conv/conv.6/Conv_output_0_DequantizeLinear_Output:(ty=1,shape=[1,160,16,16])] DequantizeLinear [/lr_branch/backbone/features.16/conv/conv.6/Conv_output_0_QuantizeLinear_Output:(ty=2,shape=[1,160,16,16]),/hr_branch/conv_hr4x/conv_hr4x.1/Relu_output_0_scale:(ty=1,shape=[]),/lr_branch/backbone/features.16/conv/conv.6/Conv_output_0_zero_point:(ty=2,shape=[])]", "device": "NPU"}, {"output": ["/lr_branch/backbone/features.16/Add_output_0"], "input": ["/lr_branch/backbone/features.15/Add_output_0_DequantizeLinear_Output/duplicated", "/lr_branch/backbone/features.16/conv/conv.6/Conv_output_0_DequantizeLinear_Output"], "opType": "Add", "comment": "@373 [/lr_branch/backbone/features.16/Add_output_0:(ty=1,shape=[1,160,16,16])] Add [/lr_branch/backbone/features.15/Add_output_0_DequantizeLinear_Output/duplicated:(ty=1,shape=[1,160,16,16]),/lr_branch/backbone/features.16/conv/conv.6/Conv_output_0_DequantizeLinear_Output:(ty=1,shape=[1,160,16,16])]", "device": "NPU"}, {"output": ["/lr_branch/backbone/features.16/Add_output_0_QuantizeLinear_Output"], "input": ["/lr_branch/backbone/features.16/Add_output_0", "/hr_branch/conv_hr4x/conv_hr4x.1/Relu_output_0_scale", "/lr_branch/backbone/features.16/Add_output_0_zero_point"], "opType": "QuantizeLinear", "comment": "@374 [/lr_branch/backbone/features.16/Add_output_0_QuantizeLinear_Output:(ty=2,shape=[1,160,16,16])] QuantizeLinear [/lr_branch/backbone/features.16/Add_output_0:(ty=1,shape=[1,160,16,16]),/hr_branch/conv_hr4x/conv_hr4x.1/Relu_output_0_scale:(ty=1,shape=[]),/lr_branch/backbone/features.16/Add_output_0_zero_point:(ty=2,shape=[])]", "device": "NPU"}, {"output": ["/lr_branch/backbone/features.16/Add_output_0_DequantizeLinear_Output"], "input": ["/lr_branch/backbone/features.16/Add_output_0_QuantizeLinear_Output", "/hr_branch/conv_hr4x/conv_hr4x.1/Relu_output_0_scale", "/lr_branch/backbone/features.16/Add_output_0_zero_point"], "opType": "DequantizeLinear", "comment": "@375 [/lr_branch/backbone/features.16/Add_output_0_DequantizeLinear_Output:(ty=1,shape=[1,160,16,16])] DequantizeLinear [/lr_branch/backbone/features.16/Add_output_0_QuantizeLinear_Output:(ty=2,shape=[1,160,16,16]),/hr_branch/conv_hr4x/conv_hr4x.1/Relu_output_0_scale:(ty=1,shape=[]),/lr_branch/backbone/features.16/Add_output_0_zero_point:(ty=2,shape=[])]", "device": "NPU"}, {"output": ["onnx::Conv_804_DequantizeLinear_Output"], "input": ["onnx::Conv_804_quantized", "onnx::Conv_696_scale", "onnx::Conv_804_zero_point"], "opType": "DequantizeLinear", "comment": "@134 [onnx::Conv_804_DequantizeLinear_Output:(ty=1,shape=[960])] DequantizeLinear [onnx::Conv_804_quantized:(ty=3,shape=[960]),onnx::Conv_696_scale:(ty=1,shape=[]),onnx::Conv_804_zero_point:(ty=3,shape=[])]", "device": "NPU"}, {"output": ["onnx::Conv_803_DequantizeLinear_Output"], "input": ["onnx::Conv_803_quantized", "onnx::Conv_722_scale", "onnx::Conv_803_zero_point"], "opType": "DequantizeLinear", "comment": "@133 [onnx::Conv_803_DequantizeLinear_Output:(ty=1,shape=[960,160,1,1])] DequantizeLinear [onnx::Conv_803_quantized:(ty=3,shape=[960,160,1,1]),onnx::Conv_722_scale:(ty=1,shape=[]),onnx::Conv_803_zero_point:(ty=3,shape=[])]", "device": "NPU"}, {"output": ["/lr_branch/backbone/features.17/conv/conv.0/Conv_output_0"], "input": ["/lr_branch/backbone/features.16/Add_output_0_DequantizeLinear_Output", "onnx::Conv_803_DequantizeLinear_Output", "onnx::Conv_804_DequantizeLinear_Output"], "opType": "Conv", "comment": "@376 [/lr_branch/backbone/features.17/conv/conv.0/Conv_output_0:(ty=1,shape=[1,960,16,16])] Conv [/lr_branch/backbone/features.16/Add_output_0_DequantizeLinear_Output:(ty=1,shape=[1,160,16,16]),onnx::Conv_803_DequantizeLinear_Output:(ty=1,shape=[960,160,1,1]),onnx::Conv_804_DequantizeLinear_Output:(ty=1,shape=[960])]", "device": "NPU"}, {"output": ["/lr_branch/backbone/features.17/conv/conv.2/Clip_output_0"], "input": ["/lr_branch/backbone/features.17/conv/conv.0/Conv_output_0", "/lr_branch/backbone/features.0/features.0.2/Constant_output_0", "/lr_branch/backbone/features.0/features.0.2/Constant_1_output_0"], "opType": "Clip", "comment": "@377 [/lr_branch/backbone/features.17/conv/conv.2/Clip_output_0:(ty=1,shape=[1,960,16,16])] Clip [/lr_branch/backbone/features.17/conv/conv.0/Conv_output_0:(ty=1,shape=[1,960,16,16]),/lr_branch/backbone/features.0/features.0.2/Constant_output_0:(ty=1,shape=[]),/lr_branch/backbone/features.0/features.0.2/Constant_1_output_0:(ty=1,shape=[])]", "device": "NPU"}, {"output": ["/lr_branch/backbone/features.17/conv/conv.2/Clip_output_0_QuantizeLinear_Output"], "input": ["/lr_branch/backbone/features.17/conv/conv.2/Clip_output_0", "onnx::Conv_683_scale", "/lr_branch/backbone/features.17/conv/conv.2/Clip_output_0_zero_point"], "opType": "QuantizeLinear", "comment": "@378 [/lr_branch/backbone/features.17/conv/conv.2/Clip_output_0_QuantizeLinear_Output:(ty=2,shape=[1,960,16,16])] QuantizeLinear [/lr_branch/backbone/features.17/conv/conv.2/Clip_output_0:(ty=1,shape=[1,960,16,16]),onnx::Conv_683_scale:(ty=1,shape=[]),/lr_branch/backbone/features.17/conv/conv.2/Clip_output_0_zero_point:(ty=2,shape=[])]", "device": "NPU"}, {"output": ["/lr_branch/backbone/features.17/conv/conv.2/Clip_output_0_DequantizeLinear_Output"], "input": ["/lr_branch/backbone/features.17/conv/conv.2/Clip_output_0_QuantizeLinear_Output", "onnx::Conv_683_scale", "/lr_branch/backbone/features.17/conv/conv.2/Clip_output_0_zero_point"], "opType": "DequantizeLinear", "comment": "@379 [/lr_branch/backbone/features.17/conv/conv.2/Clip_output_0_DequantizeLinear_Output:(ty=1,shape=[1,960,16,16])] DequantizeLinear [/lr_branch/backbone/features.17/conv/conv.2/Clip_output_0_QuantizeLinear_Output:(ty=2,shape=[1,960,16,16]),onnx::Conv_683_scale:(ty=1,shape=[]),/lr_branch/backbone/features.17/conv/conv.2/Clip_output_0_zero_point:(ty=2,shape=[])]", "device": "NPU"}, {"output": ["onnx::Conv_807_DequantizeLinear_Output"], "input": ["onnx::Conv_807_quantized", "onnx::Conv_683_scale", "onnx::Conv_807_zero_point"], "opType": "DequantizeLinear", "comment": "@136 [onnx::Conv_807_DequantizeLinear_Output:(ty=1,shape=[960])] DequantizeLinear [onnx::Conv_807_quantized:(ty=3,shape=[960]),onnx::Conv_683_scale:(ty=1,shape=[]),onnx::Conv_807_zero_point:(ty=3,shape=[])]", "device": "NPU"}, {"output": ["onnx::Conv_806_DequantizeLinear_Output"], "input": ["onnx::Conv_806_quantized", "/hr_branch/conv_hr4x/conv_hr4x.1/Relu_output_0_scale", "onnx::Conv_806_zero_point"], "opType": "DequantizeLinear", "comment": "@135 [onnx::Conv_806_DequantizeLinear_Output:(ty=1,shape=[960,1,3,3])] DequantizeLinear [onnx::Conv_806_quantized:(ty=3,shape=[960,1,3,3]),/hr_branch/conv_hr4x/conv_hr4x.1/Relu_output_0_scale:(ty=1,shape=[]),onnx::Conv_806_zero_point:(ty=3,shape=[])]", "device": "NPU"}, {"output": ["/lr_branch/backbone/features.17/conv/conv.3/Conv_output_0"], "input": ["/lr_branch/backbone/features.17/conv/conv.2/Clip_output_0_DequantizeLinear_Output", "onnx::Conv_806_DequantizeLinear_Output", "onnx::Conv_807_DequantizeLinear_Output"], "opType": "Conv", "comment": "@380 [/lr_branch/backbone/features.17/conv/conv.3/Conv_output_0:(ty=1,shape=[1,960,16,16])] Conv [/lr_branch/backbone/features.17/conv/conv.2/Clip_output_0_DequantizeLinear_Output:(ty=1,shape=[1,960,16,16]),onnx::Conv_806_DequantizeLinear_Output:(ty=1,shape=[960,1,3,3]),onnx::Conv_807_DequantizeLinear_Output:(ty=1,shape=[960])]", "device": "NPU"}, {"output": ["/lr_branch/backbone/features.17/conv/conv.5/Clip_output_0"], "input": ["/lr_branch/backbone/features.17/conv/conv.3/Conv_output_0", "/lr_branch/backbone/features.0/features.0.2/Constant_output_0", "/lr_branch/backbone/features.0/features.0.2/Constant_1_output_0"], "opType": "Clip", "comment": "@381 [/lr_branch/backbone/features.17/conv/conv.5/Clip_output_0:(ty=1,shape=[1,960,16,16])] Clip [/lr_branch/backbone/features.17/conv/conv.3/Conv_output_0:(ty=1,shape=[1,960,16,16]),/lr_branch/backbone/features.0/features.0.2/Constant_output_0:(ty=1,shape=[]),/lr_branch/backbone/features.0/features.0.2/Constant_1_output_0:(ty=1,shape=[])]", "device": "NPU"}, {"output": ["/lr_branch/backbone/features.17/conv/conv.5/Clip_output_0_QuantizeLinear_Output"], "input": ["/lr_branch/backbone/features.17/conv/conv.5/Clip_output_0", "onnx::Conv_683_scale", "/lr_branch/backbone/features.17/conv/conv.5/Clip_output_0_zero_point"], "opType": "QuantizeLinear", "comment": "@382 [/lr_branch/backbone/features.17/conv/conv.5/Clip_output_0_QuantizeLinear_Output:(ty=2,shape=[1,960,16,16])] QuantizeLinear [/lr_branch/backbone/features.17/conv/conv.5/Clip_output_0:(ty=1,shape=[1,960,16,16]),onnx::Conv_683_scale:(ty=1,shape=[]),/lr_branch/backbone/features.17/conv/conv.5/Clip_output_0_zero_point:(ty=2,shape=[])]", "device": "NPU"}, {"output": ["/lr_branch/backbone/features.17/conv/conv.5/Clip_output_0_DequantizeLinear_Output"], "input": ["/lr_branch/backbone/features.17/conv/conv.5/Clip_output_0_QuantizeLinear_Output", "onnx::Conv_683_scale", "/lr_branch/backbone/features.17/conv/conv.5/Clip_output_0_zero_point"], "opType": "DequantizeLinear", "comment": "@383 [/lr_branch/backbone/features.17/conv/conv.5/Clip_output_0_DequantizeLinear_Output:(ty=1,shape=[1,960,16,16])] DequantizeLinear [/lr_branch/backbone/features.17/conv/conv.5/Clip_output_0_QuantizeLinear_Output:(ty=2,shape=[1,960,16,16]),onnx::Conv_683_scale:(ty=1,shape=[]),/lr_branch/backbone/features.17/conv/conv.5/Clip_output_0_zero_point:(ty=2,shape=[])]", "device": "NPU"}, {"output": ["onnx::Conv_810_DequantizeLinear_Output"], "input": ["onnx::Conv_810_quantized", "onnx::Conv_683_scale", "onnx::Conv_810_zero_point"], "opType": "DequantizeLinear", "comment": "@138 [onnx::Conv_810_DequantizeLinear_Output:(ty=1,shape=[320])] DequantizeLinear [onnx::Conv_810_quantized:(ty=3,shape=[320]),onnx::Conv_683_scale:(ty=1,shape=[]),onnx::Conv_810_zero_point:(ty=3,shape=[])]", "device": "NPU"}, {"output": ["onnx::Conv_809_DequantizeLinear_Output"], "input": ["onnx::Conv_809_quantized", "onnx::Conv_696_scale", "onnx::Conv_809_zero_point"], "opType": "DequantizeLinear", "comment": "@137 [onnx::Conv_809_DequantizeLinear_Output:(ty=1,shape=[320,960,1,1])] DequantizeLinear [onnx::Conv_809_quantized:(ty=3,shape=[320,960,1,1]),onnx::Conv_696_scale:(ty=1,shape=[]),onnx::Conv_809_zero_point:(ty=3,shape=[])]", "device": "NPU"}, {"output": ["/lr_branch/backbone/features.17/conv/conv.6/Conv_output_0"], "input": ["/lr_branch/backbone/features.17/conv/conv.5/Clip_output_0_DequantizeLinear_Output", "onnx::Conv_809_DequantizeLinear_Output", "onnx::Conv_810_DequantizeLinear_Output"], "opType": "Conv", "comment": "@384 [/lr_branch/backbone/features.17/conv/conv.6/Conv_output_0:(ty=1,shape=[1,320,16,16])] Conv [/lr_branch/backbone/features.17/conv/conv.5/Clip_output_0_DequantizeLinear_Output:(ty=1,shape=[1,960,16,16]),onnx::Conv_809_DequantizeLinear_Output:(ty=1,shape=[320,960,1,1]),onnx::Conv_810_DequantizeLinear_Output:(ty=1,shape=[320])]", "device": "NPU"}, {"output": ["/lr_branch/backbone/features.17/conv/conv.6/Conv_output_0_QuantizeLinear_Output"], "input": ["/lr_branch/backbone/features.17/conv/conv.6/Conv_output_0", "onnx::Conv_672_scale", "/lr_branch/backbone/features.17/conv/conv.6/Conv_output_0_zero_point"], "opType": "QuantizeLinear", "comment": "@385 [/lr_branch/backbone/features.17/conv/conv.6/Conv_output_0_QuantizeLinear_Output:(ty=2,shape=[1,320,16,16])] QuantizeLinear [/lr_branch/backbone/features.17/conv/conv.6/Conv_output_0:(ty=1,shape=[1,320,16,16]),onnx::Conv_672_scale:(ty=1,shape=[]),/lr_branch/backbone/features.17/conv/conv.6/Conv_output_0_zero_point:(ty=2,shape=[])]", "device": "NPU"}, {"output": ["/lr_branch/backbone/features.17/conv/conv.6/Conv_output_0_DequantizeLinear_Output"], "input": ["/lr_branch/backbone/features.17/conv/conv.6/Conv_output_0_QuantizeLinear_Output", "onnx::Conv_672_scale", "/lr_branch/backbone/features.17/conv/conv.6/Conv_output_0_zero_point"], "opType": "DequantizeLinear", "comment": "@386 [/lr_branch/backbone/features.17/conv/conv.6/Conv_output_0_DequantizeLinear_Output:(ty=1,shape=[1,320,16,16])] DequantizeLinear [/lr_branch/backbone/features.17/conv/conv.6/Conv_output_0_QuantizeLinear_Output:(ty=2,shape=[1,320,16,16]),onnx::Conv_672_scale:(ty=1,shape=[]),/lr_branch/backbone/features.17/conv/conv.6/Conv_output_0_zero_point:(ty=2,shape=[])]", "device": "NPU"}, {"output": ["onnx::Conv_813_DequantizeLinear_Output"], "input": ["onnx::Conv_813_quantized", "onnx::Conv_696_scale", "onnx::Conv_813_zero_point"], "opType": "DequantizeLinear", "comment": "@140 [onnx::Conv_813_DequantizeLinear_Output:(ty=1,shape=[1280])] DequantizeLinear [onnx::Conv_813_quantized:(ty=3,shape=[1280]),onnx::Conv_696_scale:(ty=1,shape=[]),onnx::Conv_813_zero_point:(ty=3,shape=[])]", "device": "NPU"}, {"output": ["onnx::Conv_812_DequantizeLinear_Output"], "input": ["onnx::Conv_812_quantized", "onnx::Conv_696_scale", "onnx::Conv_812_zero_point"], "opType": "DequantizeLinear", "comment": "@139 [onnx::Conv_812_DequantizeLinear_Output:(ty=1,shape=[1280,320,1,1])] DequantizeLinear [onnx::Conv_812_quantized:(ty=3,shape=[1280,320,1,1]),onnx::Conv_696_scale:(ty=1,shape=[]),onnx::Conv_812_zero_point:(ty=3,shape=[])]", "device": "NPU"}, {"output": ["/lr_branch/backbone/features.18/features.18.0/Conv_output_0"], "input": ["/lr_branch/backbone/features.17/conv/conv.6/Conv_output_0_DequantizeLinear_Output", "onnx::Conv_812_DequantizeLinear_Output", "onnx::Conv_813_DequantizeLinear_Output"], "opType": "Conv", "comment": "@387 [/lr_branch/backbone/features.18/features.18.0/Conv_output_0:(ty=1,shape=[1,1280,16,16])] Conv [/lr_branch/backbone/features.17/conv/conv.6/Conv_output_0_DequantizeLinear_Output:(ty=1,shape=[1,320,16,16]),onnx::Conv_812_DequantizeLinear_Output:(ty=1,shape=[1280,320,1,1]),onnx::Conv_813_DequantizeLinear_Output:(ty=1,shape=[1280])]", "device": "NPU"}, {"output": ["/lr_branch/backbone/features.18/features.18.2/Clip_output_0"], "input": ["/lr_branch/backbone/features.18/features.18.0/Conv_output_0", "/lr_branch/backbone/features.0/features.0.2/Constant_output_0", "/lr_branch/backbone/features.0/features.0.2/Constant_1_output_0"], "opType": "Clip", "comment": "@388 [/lr_branch/backbone/features.18/features.18.2/Clip_output_0:(ty=1,shape=[1,1280,16,16])] Clip [/lr_branch/backbone/features.18/features.18.0/Conv_output_0:(ty=1,shape=[1,1280,16,16]),/lr_branch/backbone/features.0/features.0.2/Constant_output_0:(ty=1,shape=[]),/lr_branch/backbone/features.0/features.0.2/Constant_1_output_0:(ty=1,shape=[])]", "device": "NPU"}, {"output": ["/lr_branch/backbone/features.18/features.18.2/Clip_output_0_QuantizeLinear_Output"], "input": ["/lr_branch/backbone/features.18/features.18.2/Clip_output_0", "/lr_branch/backbone/features.2/conv/conv.5/Clip_output_0_scale", "/lr_branch/backbone/features.18/features.18.2/Clip_output_0_zero_point"], "opType": "QuantizeLinear", "comment": "@389 [/lr_branch/backbone/features.18/features.18.2/Clip_output_0_QuantizeLinear_Output:(ty=2,shape=[1,1280,16,16])] QuantizeLinear [/lr_branch/backbone/features.18/features.18.2/Clip_output_0:(ty=1,shape=[1,1280,16,16]),/lr_branch/backbone/features.2/conv/conv.5/Clip_output_0_scale:(ty=1,shape=[]),/lr_branch/backbone/features.18/features.18.2/Clip_output_0_zero_point:(ty=2,shape=[])]", "device": "NPU"}, {"output": ["/lr_branch/backbone/features.18/features.18.2/Clip_output_0_DequantizeLinear_Output/duplicated"], "input": ["/lr_branch/backbone/features.18/features.18.2/Clip_output_0_QuantizeLinear_Output", "/lr_branch/backbone/features.2/conv/conv.5/Clip_output_0_scale", "/lr_branch/backbone/features.18/features.18.2/Clip_output_0_zero_point"], "opType": "DequantizeLinear", "comment": "@505 [/lr_branch/backbone/features.18/features.18.2/Clip_output_0_DequantizeLinear_Output/duplicated:(ty=1,shape=[1,1280,16,16])] DequantizeLinear [/lr_branch/backbone/features.18/features.18.2/Clip_output_0_QuantizeLinear_Output:(ty=2,shape=[1,1280,16,16]),/lr_branch/backbone/features.2/conv/conv.5/Clip_output_0_scale:(ty=1,shape=[]),/lr_branch/backbone/features.18/features.18.2/Clip_output_0_zero_point:(ty=2,shape=[])]", "device": "NPU"}, {"output": ["/lr_branch/backbone/features.18/features.18.2/Clip_output_0_DequantizeLinear_Output"], "input": ["/lr_branch/backbone/features.18/features.18.2/Clip_output_0_QuantizeLinear_Output", "/lr_branch/backbone/features.2/conv/conv.5/Clip_output_0_scale", "/lr_branch/backbone/features.18/features.18.2/Clip_output_0_zero_point"], "opType": "DequantizeLinear", "comment": "@390 [/lr_branch/backbone/features.18/features.18.2/Clip_output_0_DequantizeLinear_Output:(ty=1,shape=[1,1280,16,16])] DequantizeLinear [/lr_branch/backbone/features.18/features.18.2/Clip_output_0_QuantizeLinear_Output:(ty=2,shape=[1,1280,16,16]),/lr_branch/backbone/features.2/conv/conv.5/Clip_output_0_scale:(ty=1,shape=[]),/lr_branch/backbone/features.18/features.18.2/Clip_output_0_zero_point:(ty=2,shape=[])]", "device": "NPU"}, {"output": ["/lr_branch/se_block/pool/GlobalAveragePool_output_0_Mul"], "input": ["/lr_branch/backbone/features.18/features.18.2/Clip_output_0_DequantizeLinear_Output"], "opType": "GlobalAveragePool", "comment": "@391 [/lr_branch/se_block/pool/GlobalAveragePool_output_0_Mul:(ty=1,shape=[1,1280,1,1])] GlobalAveragePool [/lr_branch/backbone/features.18/features.18.2/Clip_output_0_DequantizeLinear_Output:(ty=1,shape=[1,1280,16,16])]", "device": "NPU"}, {"output": ["/lr_branch/se_block/pool/GlobalAveragePool_output_0_QuantizeLinear_Output"], "input": ["/lr_branch/se_block/pool/GlobalAveragePool_output_0_Mul", "/lr_branch/backbone/features.2/conv/conv.5/Clip_output_0_scale", "/lr_branch/se_block/pool/GlobalAveragePool_output_0_zero_point"], "opType": "QuantizeLinear", "comment": "@392 [/lr_branch/se_block/pool/GlobalAveragePool_output_0_QuantizeLinear_Output:(ty=2,shape=[1,1280,1,1])] QuantizeLinear [/lr_branch/se_block/pool/GlobalAveragePool_output_0_Mul:(ty=1,shape=[1,1280,1,1]),/lr_branch/backbone/features.2/conv/conv.5/Clip_output_0_scale:(ty=1,shape=[]),/lr_branch/se_block/pool/GlobalAveragePool_output_0_zero_point:(ty=2,shape=[])]", "device": "NPU"}, {"output": ["/lr_branch/se_block/pool/GlobalAveragePool_output_0_DequantizeLinear_Output"], "input": ["/lr_branch/se_block/pool/GlobalAveragePool_output_0_QuantizeLinear_Output", "/lr_branch/backbone/features.2/conv/conv.5/Clip_output_0_scale", "/lr_branch/se_block/pool/GlobalAveragePool_output_0_zero_point"], "opType": "DequantizeLinear", "comment": "@393 [/lr_branch/se_block/pool/GlobalAveragePool_output_0_DequantizeLinear_Output:(ty=1,shape=[1,1280,1,1])] DequantizeLinear [/lr_branch/se_block/pool/GlobalAveragePool_output_0_QuantizeLinear_Output:(ty=2,shape=[1,1280,1,1]),/lr_branch/backbone/features.2/conv/conv.5/Clip_output_0_scale:(ty=1,shape=[]),/lr_branch/se_block/pool/GlobalAveragePool_output_0_zero_point:(ty=2,shape=[])]", "device": "NPU"}, {"output": ["lr_branch.se_block.fc.0.weight_DequantizeLinear_Output"], "input": ["lr_branch.se_block.fc.0.weight_quantized", "lr_branch.se_block.fc.0.weight_scale", "lr_branch.se_block.fc.0.weight_zero_point"], "opType": "DequantizeLinear", "comment": "@35 [lr_branch.se_block.fc.0.weight_DequantizeLinear_Output:(ty=1,shape=[320,1280,1,1])] DequantizeLinear [lr_branch.se_block.fc.0.weight_quantized:(ty=3,shape=[320,1280,1,1]),lr_branch.se_block.fc.0.weight_scale:(ty=1,shape=[]),lr_branch.se_block.fc.0.weight_zero_point:(ty=3,shape=[])]", "device": "NPU"}, {"output": ["/lr_branch/se_block/fc/fc.0/Conv_output_0"], "input": ["/lr_branch/se_block/pool/GlobalAveragePool_output_0_DequantizeLinear_Output", "lr_branch.se_block.fc.0.weight_DequantizeLinear_Output"], "opType": "Conv", "comment": "@394 [/lr_branch/se_block/fc/fc.0/Conv_output_0:(ty=1,shape=[1,320,1,1])] Conv [/lr_branch/se_block/pool/GlobalAveragePool_output_0_DequantizeLinear_Output:(ty=1,shape=[1,1280,1,1]),lr_branch.se_block.fc.0.weight_DequantizeLinear_Output:(ty=1,shape=[320,1280,1,1])]", "device": "NPU"}, {"output": ["/lr_branch/se_block/fc/fc.1/Relu_output_0"], "input": ["/lr_branch/se_block/fc/fc.0/Conv_output_0"], "opType": "Relu", "comment": "@395 [/lr_branch/se_block/fc/fc.1/Relu_output_0:(ty=1,shape=[1,320,1,1])] Relu [/lr_branch/se_block/fc/fc.0/Conv_output_0:(ty=1,shape=[1,320,1,1])]", "device": "NPU"}, {"output": ["/lr_branch/se_block/fc/fc.1/Relu_output_0_QuantizeLinear_Output"], "input": ["/lr_branch/se_block/fc/fc.1/Relu_output_0", "onnx::Conv_672_scale", "/lr_branch/se_block/fc/fc.1/Relu_output_0_zero_point"], "opType": "QuantizeLinear", "comment": "@396 [/lr_branch/se_block/fc/fc.1/Relu_output_0_QuantizeLinear_Output:(ty=2,shape=[1,320,1,1])] QuantizeLinear [/lr_branch/se_block/fc/fc.1/Relu_output_0:(ty=1,shape=[1,320,1,1]),onnx::Conv_672_scale:(ty=1,shape=[]),/lr_branch/se_block/fc/fc.1/Relu_output_0_zero_point:(ty=2,shape=[])]", "device": "NPU"}, {"output": ["/lr_branch/se_block/fc/fc.1/Relu_output_0_DequantizeLinear_Output"], "input": ["/lr_branch/se_block/fc/fc.1/Relu_output_0_QuantizeLinear_Output", "onnx::Conv_672_scale", "/lr_branch/se_block/fc/fc.1/Relu_output_0_zero_point"], "opType": "DequantizeLinear", "comment": "@397 [/lr_branch/se_block/fc/fc.1/Relu_output_0_DequantizeLinear_Output:(ty=1,shape=[1,320,1,1])] DequantizeLinear [/lr_branch/se_block/fc/fc.1/Relu_output_0_QuantizeLinear_Output:(ty=2,shape=[1,320,1,1]),onnx::Conv_672_scale:(ty=1,shape=[]),/lr_branch/se_block/fc/fc.1/Relu_output_0_zero_point:(ty=2,shape=[])]", "device": "NPU"}, {"output": ["lr_branch.se_block.fc.2.weight_DequantizeLinear_Output"], "input": ["lr_branch.se_block.fc.2.weight_quantized", "onnx::Conv_722_scale", "lr_branch.se_block.fc.2.weight_zero_point"], "opType": "DequantizeLinear", "comment": "@36 [lr_branch.se_block.fc.2.weight_DequantizeLinear_Output:(ty=1,shape=[1280,320,1,1])] DequantizeLinear [lr_branch.se_block.fc.2.weight_quantized:(ty=3,shape=[1280,320,1,1]),onnx::Conv_722_scale:(ty=1,shape=[]),lr_branch.se_block.fc.2.weight_zero_point:(ty=3,shape=[])]", "device": "NPU"}, {"output": ["/lr_branch/se_block/fc/fc.2/Conv_output_0"], "input": ["/lr_branch/se_block/fc/fc.1/Relu_output_0_DequantizeLinear_Output", "lr_branch.se_block.fc.2.weight_DequantizeLinear_Output"], "opType": "Conv", "comment": "@398 [/lr_branch/se_block/fc/fc.2/Conv_output_0:(ty=1,shape=[1,1280,1,1])] Conv [/lr_branch/se_block/fc/fc.1/Relu_output_0_DequantizeLinear_Output:(ty=1,shape=[1,320,1,1]),lr_branch.se_block.fc.2.weight_DequantizeLinear_Output:(ty=1,shape=[1280,320,1,1])]", "device": "NPU"}, {"output": ["/lr_branch/se_block/fc/fc.2/Conv_output_0_QuantizeLinear_Output"], "input": ["/lr_branch/se_block/fc/fc.2/Conv_output_0", "onnx::Conv_672_scale", "/lr_branch/se_block/fc/fc.2/Conv_output_0_zero_point"], "opType": "QuantizeLinear", "comment": "@399 [/lr_branch/se_block/fc/fc.2/Conv_output_0_QuantizeLinear_Output:(ty=2,shape=[1,1280,1,1])] QuantizeLinear [/lr_branch/se_block/fc/fc.2/Conv_output_0:(ty=1,shape=[1,1280,1,1]),onnx::Conv_672_scale:(ty=1,shape=[]),/lr_branch/se_block/fc/fc.2/Conv_output_0_zero_point:(ty=2,shape=[])]", "device": "NPU"}, {"output": ["/lr_branch/se_block/fc/fc.2/Conv_output_0_DequantizeLinear_Output"], "input": ["/lr_branch/se_block/fc/fc.2/Conv_output_0_QuantizeLinear_Output", "onnx::Conv_672_scale", "/lr_branch/se_block/fc/fc.2/Conv_output_0_zero_point"], "opType": "DequantizeLinear", "comment": "@400 [/lr_branch/se_block/fc/fc.2/Conv_output_0_DequantizeLinear_Output:(ty=1,shape=[1,1280,1,1])] DequantizeLinear [/lr_branch/se_block/fc/fc.2/Conv_output_0_QuantizeLinear_Output:(ty=2,shape=[1,1280,1,1]),onnx::Conv_672_scale:(ty=1,shape=[]),/lr_branch/se_block/fc/fc.2/Conv_output_0_zero_point:(ty=2,shape=[])]", "device": "NPU"}, {"output": ["/lr_branch/se_block/fc/fc.3/Sigmoid_output_0_Mul"], "input": ["/lr_branch/se_block/fc/fc.2/Conv_output_0_DequantizeLinear_Output"], "opType": "HardSigmoid", "comment": "@487 [/lr_branch/se_block/fc/fc.3/Sigmoid_output_0_Mul:(ty=1,shape=[1,1280,1,1])] HardSigmoid [/lr_branch/se_block/fc/fc.2/Conv_output_0_DequantizeLinear_Output:(ty=1,shape=[1,1280,1,1])]", "device": "NPU"}, {"output": ["/lr_branch/se_block/fc/fc.3/Sigmoid_output_0"], "input": ["/lr_branch/se_block/fc/fc.3/Sigmoid_output_0_Mul", "/lr_branch/se_block/fc/fc.3/Sigmoid_output_0_Scale"], "opType": "Mul", "comment": "@488 [/lr_branch/se_block/fc/fc.3/Sigmoid_output_0:(ty=1,shape=[1,1280,1,1])] Mul [/lr_branch/se_block/fc/fc.3/Sigmoid_output_0_Mul:(ty=1,shape=[1,1280,1,1]),/lr_branch/se_block/fc/fc.3/Sigmoid_output_0_Scale:(ty=1,shape=[])]", "device": "NPU"}, {"output": ["/lr_branch/se_block/fc/fc.3/Sigmoid_output_0_QuantizeLinear_Output"], "input": ["/lr_branch/se_block/fc/fc.3/Sigmoid_output_0", "onnx::Conv_674_scale", "/lr_branch/se_block/fc/fc.3/Sigmoid_output_0_zero_point"], "opType": "QuantizeLinear", "comment": "@401 [/lr_branch/se_block/fc/fc.3/Sigmoid_output_0_QuantizeLinear_Output:(ty=2,shape=[1,1280,1,1])] QuantizeLinear [/lr_branch/se_block/fc/fc.3/Sigmoid_output_0:(ty=1,shape=[1,1280,1,1]),onnx::Conv_674_scale:(ty=1,shape=[]),/lr_branch/se_block/fc/fc.3/Sigmoid_output_0_zero_point:(ty=2,shape=[])]", "device": "NPU"}, {"output": ["/lr_branch/se_block/fc/fc.3/Sigmoid_output_0_DequantizeLinear_Output"], "input": ["/lr_branch/se_block/fc/fc.3/Sigmoid_output_0_QuantizeLinear_Output", "onnx::Conv_674_scale", "/lr_branch/se_block/fc/fc.3/Sigmoid_output_0_zero_point"], "opType": "DequantizeLinear", "comment": "@402 [/lr_branch/se_block/fc/fc.3/Sigmoid_output_0_DequantizeLinear_Output:(ty=1,shape=[1,1280,1,1])] DequantizeLinear [/lr_branch/se_block/fc/fc.3/Sigmoid_output_0_QuantizeLinear_Output:(ty=2,shape=[1,1280,1,1]),onnx::Conv_674_scale:(ty=1,shape=[]),/lr_branch/se_block/fc/fc.3/Sigmoid_output_0_zero_point:(ty=2,shape=[])]", "device": "NPU"}, {"output": ["/lr_branch/se_block/Mul_output_0"], "input": ["/lr_branch/backbone/features.18/features.18.2/Clip_output_0_DequantizeLinear_Output/duplicated", "/lr_branch/se_block/fc/fc.3/Sigmoid_output_0_DequantizeLinear_Output"], "opType": "Mul", "comment": "@403 [/lr_branch/se_block/Mul_output_0:(ty=1,shape=[1,1280,16,16])] Mul [/lr_branch/backbone/features.18/features.18.2/Clip_output_0_DequantizeLinear_Output/duplicated:(ty=1,shape=[1,1280,16,16]),/lr_branch/se_block/fc/fc.3/Sigmoid_output_0_DequantizeLinear_Output:(ty=1,shape=[1,1280,1,1])]", "device": "NPU"}, {"output": ["/lr_branch/se_block/Mul_output_0_QuantizeLinear_Output"], "input": ["/lr_branch/se_block/Mul_output_0", "onnx::Conv_672_scale", "/lr_branch/se_block/Mul_output_0_zero_point"], "opType": "QuantizeLinear", "comment": "@404 [/lr_branch/se_block/Mul_output_0_QuantizeLinear_Output:(ty=2,shape=[1,1280,16,16])] QuantizeLinear [/lr_branch/se_block/Mul_output_0:(ty=1,shape=[1,1280,16,16]),onnx::Conv_672_scale:(ty=1,shape=[]),/lr_branch/se_block/Mul_output_0_zero_point:(ty=2,shape=[])]", "device": "NPU"}, {"output": ["/lr_branch/se_block/Mul_output_0_DequantizeLinear_Output"], "input": ["/lr_branch/se_block/Mul_output_0_QuantizeLinear_Output", "onnx::Conv_672_scale", "/lr_branch/se_block/Mul_output_0_zero_point"], "opType": "DequantizeLinear", "comment": "@405 [/lr_branch/se_block/Mul_output_0_DequantizeLinear_Output:(ty=1,shape=[1,1280,16,16])] DequantizeLinear [/lr_branch/se_block/Mul_output_0_QuantizeLinear_Output:(ty=2,shape=[1,1280,16,16]),onnx::Conv_672_scale:(ty=1,shape=[]),/lr_branch/se_block/Mul_output_0_zero_point:(ty=2,shape=[])]", "device": "NPU"}, {"output": ["/lr_branch/Resize_output_0"], "input": ["/lr_branch/se_block/Mul_output_0_DequantizeLinear_Output", "VAIP_NOT_EXISTS", "/lr_branch/Constant_output_0"], "opType": "Resize", "comment": "@406 [/lr_branch/Resize_output_0:(ty=1,shape=[1,1280,32,32])] Resize [/lr_branch/se_block/Mul_output_0_DequantizeLinear_Output:(ty=1,shape=[1,1280,16,16]),N/A,/lr_branch/Constant_output_0:(ty=1,shape=[4])]", "device": "NPU"}, {"output": ["/lr_branch/Resize_output_0_QuantizeLinear_Output"], "input": ["/lr_branch/Resize_output_0", "onnx::Conv_672_scale", "/lr_branch/se_block/Mul_output_0_zero_point"], "opType": "QuantizeLinear", "comment": "@407 [/lr_branch/Resize_output_0_QuantizeLinear_Output:(ty=2,shape=[1,1280,32,32])] QuantizeLinear [/lr_branch/Resize_output_0:(ty=1,shape=[1,1280,32,32]),onnx::Conv_672_scale:(ty=1,shape=[]),/lr_branch/se_block/Mul_output_0_zero_point:(ty=2,shape=[])]", "device": "NPU"}, {"output": ["/lr_branch/Resize_output_0_DequantizeLinear_Output"], "input": ["/lr_branch/Resize_output_0_QuantizeLinear_Output", "onnx::Conv_672_scale", "/lr_branch/se_block/Mul_output_0_zero_point"], "opType": "DequantizeLinear", "comment": "@408 [/lr_branch/Resize_output_0_DequantizeLinear_Output:(ty=1,shape=[1,1280,32,32])] DequantizeLinear [/lr_branch/Resize_output_0_QuantizeLinear_Output:(ty=2,shape=[1,1280,32,32]),onnx::Conv_672_scale:(ty=1,shape=[]),/lr_branch/se_block/Mul_output_0_zero_point:(ty=2,shape=[])]", "device": "NPU"}, {"output": ["lr_branch.conv_lr16x.0.weight_DequantizeLinear_Output"], "input": ["lr_branch.conv_lr16x.0.weight_quantized", "lr_branch.conv_lr16x.0.weight_scale", "lr_branch.conv_lr16x.0.weight_zero_point"], "opType": "DequantizeLinear", "comment": "@32 [lr_branch.conv_lr16x.0.weight_DequantizeLinear_Output:(ty=1,shape=[96,1280,5,5])] DequantizeLinear [lr_branch.conv_lr16x.0.weight_quantized:(ty=3,shape=[96,1280,5,5]),lr_branch.conv_lr16x.0.weight_scale:(ty=1,shape=[]),lr_branch.conv_lr16x.0.weight_zero_point:(ty=3,shape=[])]", "device": "NPU"}, {"output": ["lr_branch.conv_lr16x.0.bias_DequantizeLinear_Output"], "input": ["lr_branch.conv_lr16x.0.bias_quantized", "onnx::Conv_683_scale", "lr_branch.conv_lr16x.0.bias_zero_point"], "opType": "DequantizeLinear", "comment": "@31 [lr_branch.conv_lr16x.0.bias_DequantizeLinear_Output:(ty=1,shape=[96])] DequantizeLinear [lr_branch.conv_lr16x.0.bias_quantized:(ty=3,shape=[96]),onnx::Conv_683_scale:(ty=1,shape=[]),lr_branch.conv_lr16x.0.bias_zero_point:(ty=3,shape=[])]", "device": "NPU"}, {"output": ["/lr_branch/conv_lr16x/conv_lr16x.0/Conv_output_0"], "input": ["/lr_branch/Resize_output_0_DequantizeLinear_Output", "lr_branch.conv_lr16x.0.weight_DequantizeLinear_Output", "lr_branch.conv_lr16x.0.bias_DequantizeLinear_Output"], "opType": "Conv", "comment": "@409 [/lr_branch/conv_lr16x/conv_lr16x.0/Conv_output_0:(ty=1,shape=[1,96,32,32])] Conv [/lr_branch/Resize_output_0_DequantizeLinear_Output:(ty=1,shape=[1,1280,32,32]),lr_branch.conv_lr16x.0.weight_DequantizeLinear_Output:(ty=1,shape=[96,1280,5,5]),lr_branch.conv_lr16x.0.bias_DequantizeLinear_Output:(ty=1,shape=[96])]", "device": "NPU"}, {"output": ["/lr_branch/conv_lr16x/conv_lr16x.1/Relu_output_0"], "input": ["/lr_branch/conv_lr16x/conv_lr16x.0/Conv_output_0"], "opType": "Relu", "comment": "@410 [/lr_branch/conv_lr16x/conv_lr16x.1/Relu_output_0:(ty=1,shape=[1,96,32,32])] Relu [/lr_branch/conv_lr16x/conv_lr16x.0/Conv_output_0:(ty=1,shape=[1,96,32,32])]", "device": "NPU"}, {"output": ["/lr_branch/conv_lr16x/conv_lr16x.1/Relu_output_0_QuantizeLinear_Output"], "input": ["/lr_branch/conv_lr16x/conv_lr16x.1/Relu_output_0", "/lr_branch/backbone/features.2/conv/conv.5/Clip_output_0_scale", "/lr_branch/conv_lr16x/conv_lr16x.1/Relu_output_0_zero_point"], "opType": "QuantizeLinear", "comment": "@411 [/lr_branch/conv_lr16x/conv_lr16x.1/Relu_output_0_QuantizeLinear_Output:(ty=2,shape=[1,96,32,32])] QuantizeLinear [/lr_branch/conv_lr16x/conv_lr16x.1/Relu_output_0:(ty=1,shape=[1,96,32,32]),/lr_branch/backbone/features.2/conv/conv.5/Clip_output_0_scale:(ty=1,shape=[]),/lr_branch/conv_lr16x/conv_lr16x.1/Relu_output_0_zero_point:(ty=2,shape=[])]", "device": "NPU"}, {"output": ["/lr_branch/conv_lr16x/conv_lr16x.1/Relu_output_0_DequantizeLinear_Output"], "input": ["/lr_branch/conv_lr16x/conv_lr16x.1/Relu_output_0_QuantizeLinear_Output", "/lr_branch/backbone/features.2/conv/conv.5/Clip_output_0_scale", "/lr_branch/conv_lr16x/conv_lr16x.1/Relu_output_0_zero_point"], "opType": "DequantizeLinear", "comment": "@412 [/lr_branch/conv_lr16x/conv_lr16x.1/Relu_output_0_DequantizeLinear_Output:(ty=1,shape=[1,96,32,32])] DequantizeLinear [/lr_branch/conv_lr16x/conv_lr16x.1/Relu_output_0_QuantizeLinear_Output:(ty=2,shape=[1,96,32,32]),/lr_branch/backbone/features.2/conv/conv.5/Clip_output_0_scale:(ty=1,shape=[]),/lr_branch/conv_lr16x/conv_lr16x.1/Relu_output_0_zero_point:(ty=2,shape=[])]", "device": "NPU"}, {"output": ["/lr_branch/Resize_1_output_0"], "input": ["/lr_branch/conv_lr16x/conv_lr16x.1/Relu_output_0_DequantizeLinear_Output", "VAIP_NOT_EXISTS", "/lr_branch/Constant_output_0"], "opType": "Resize", "comment": "@413 [/lr_branch/Resize_1_output_0:(ty=1,shape=[1,96,64,64])] Resize [/lr_branch/conv_lr16x/conv_lr16x.1/Relu_output_0_DequantizeLinear_Output:(ty=1,shape=[1,96,32,32]),N/A,/lr_branch/Constant_output_0:(ty=1,shape=[4])]", "device": "NPU"}, {"output": ["/lr_branch/Resize_1_output_0_QuantizeLinear_Output"], "input": ["/lr_branch/Resize_1_output_0", "/lr_branch/backbone/features.2/conv/conv.5/Clip_output_0_scale", "/lr_branch/conv_lr16x/conv_lr16x.1/Relu_output_0_zero_point"], "opType": "QuantizeLinear", "comment": "@414 [/lr_branch/Resize_1_output_0_QuantizeLinear_Output:(ty=2,shape=[1,96,64,64])] QuantizeLinear [/lr_branch/Resize_1_output_0:(ty=1,shape=[1,96,64,64]),/lr_branch/backbone/features.2/conv/conv.5/Clip_output_0_scale:(ty=1,shape=[]),/lr_branch/conv_lr16x/conv_lr16x.1/Relu_output_0_zero_point:(ty=2,shape=[])]", "device": "NPU"}, {"output": ["/lr_branch/Resize_1_output_0_DequantizeLinear_Output"], "input": ["/lr_branch/Resize_1_output_0_QuantizeLinear_Output", "/lr_branch/backbone/features.2/conv/conv.5/Clip_output_0_scale", "/lr_branch/conv_lr16x/conv_lr16x.1/Relu_output_0_zero_point"], "opType": "DequantizeLinear", "comment": "@415 [/lr_branch/Resize_1_output_0_DequantizeLinear_Output:(ty=1,shape=[1,96,64,64])] DequantizeLinear [/lr_branch/Resize_1_output_0_QuantizeLinear_Output:(ty=2,shape=[1,96,64,64]),/lr_branch/backbone/features.2/conv/conv.5/Clip_output_0_scale:(ty=1,shape=[]),/lr_branch/conv_lr16x/conv_lr16x.1/Relu_output_0_zero_point:(ty=2,shape=[])]", "device": "NPU"}, {"output": ["lr_branch.conv_lr8x.0.weight_DequantizeLinear_Output"], "input": ["lr_branch.conv_lr8x.0.weight_quantized", "onnx::Conv_722_scale", "lr_branch.conv_lr8x.0.weight_zero_point"], "opType": "DequantizeLinear", "comment": "@34 [lr_branch.conv_lr8x.0.weight_DequantizeLinear_Output:(ty=1,shape=[32,96,5,5])] DequantizeLinear [lr_branch.conv_lr8x.0.weight_quantized:(ty=3,shape=[32,96,5,5]),onnx::Conv_722_scale:(ty=1,shape=[]),lr_branch.conv_lr8x.0.weight_zero_point:(ty=3,shape=[])]", "device": "NPU"}, {"output": ["lr_branch.conv_lr8x.0.bias_DequantizeLinear_Output"], "input": ["lr_branch.conv_lr8x.0.bias_quantized", "onnx::Conv_683_scale", "lr_branch.conv_lr8x.0.bias_zero_point"], "opType": "DequantizeLinear", "comment": "@33 [lr_branch.conv_lr8x.0.bias_DequantizeLinear_Output:(ty=1,shape=[32])] DequantizeLinear [lr_branch.conv_lr8x.0.bias_quantized:(ty=3,shape=[32]),onnx::Conv_683_scale:(ty=1,shape=[]),lr_branch.conv_lr8x.0.bias_zero_point:(ty=3,shape=[])]", "device": "NPU"}, {"output": ["/lr_branch/conv_lr8x/conv_lr8x.0/Conv_output_0"], "input": ["/lr_branch/Resize_1_output_0_DequantizeLinear_Output", "lr_branch.conv_lr8x.0.weight_DequantizeLinear_Output", "lr_branch.conv_lr8x.0.bias_DequantizeLinear_Output"], "opType": "Conv", "comment": "@416 [/lr_branch/conv_lr8x/conv_lr8x.0/Conv_output_0:(ty=1,shape=[1,32,64,64])] Conv [/lr_branch/Resize_1_output_0_DequantizeLinear_Output:(ty=1,shape=[1,96,64,64]),lr_branch.conv_lr8x.0.weight_DequantizeLinear_Output:(ty=1,shape=[32,96,5,5]),lr_branch.conv_lr8x.0.bias_DequantizeLinear_Output:(ty=1,shape=[32])]", "device": "NPU"}, {"output": ["/lr_branch/conv_lr8x/conv_lr8x.1/Relu_output_0"], "input": ["/lr_branch/conv_lr8x/conv_lr8x.0/Conv_output_0"], "opType": "Relu", "comment": "@417 [/lr_branch/conv_lr8x/conv_lr8x.1/Relu_output_0:(ty=1,shape=[1,32,64,64])] Relu [/lr_branch/conv_lr8x/conv_lr8x.0/Conv_output_0:(ty=1,shape=[1,32,64,64])]", "device": "NPU"}, {"output": ["/lr_branch/conv_lr8x/conv_lr8x.1/Relu_output_0_QuantizeLinear_Output"], "input": ["/lr_branch/conv_lr8x/conv_lr8x.1/Relu_output_0", "/lr_branch/backbone/features.2/conv/conv.5/Clip_output_0_scale", "/lr_branch/conv_lr8x/conv_lr8x.1/Relu_output_0_zero_point"], "opType": "QuantizeLinear", "comment": "@418 [/lr_branch/conv_lr8x/conv_lr8x.1/Relu_output_0_QuantizeLinear_Output:(ty=2,shape=[1,32,64,64])] QuantizeLinear [/lr_branch/conv_lr8x/conv_lr8x.1/Relu_output_0:(ty=1,shape=[1,32,64,64]),/lr_branch/backbone/features.2/conv/conv.5/Clip_output_0_scale:(ty=1,shape=[]),/lr_branch/conv_lr8x/conv_lr8x.1/Relu_output_0_zero_point:(ty=2,shape=[])]", "device": "NPU"}, {"output": ["/lr_branch/conv_lr8x/conv_lr8x.1/Relu_output_0_DequantizeLinear_Output"], "input": ["/lr_branch/conv_lr8x/conv_lr8x.1/Relu_output_0_QuantizeLinear_Output", "/lr_branch/backbone/features.2/conv/conv.5/Clip_output_0_scale", "/lr_branch/conv_lr8x/conv_lr8x.1/Relu_output_0_zero_point"], "opType": "DequantizeLinear", "comment": "@419 [/lr_branch/conv_lr8x/conv_lr8x.1/Relu_output_0_DequantizeLinear_Output:(ty=1,shape=[1,32,64,64])] DequantizeLinear [/lr_branch/conv_lr8x/conv_lr8x.1/Relu_output_0_QuantizeLinear_Output:(ty=2,shape=[1,32,64,64]),/lr_branch/backbone/features.2/conv/conv.5/Clip_output_0_scale:(ty=1,shape=[]),/lr_branch/conv_lr8x/conv_lr8x.1/Relu_output_0_zero_point:(ty=2,shape=[])]", "device": "NPU"}, {"output": ["/hr_branch/Resize_2_output_0"], "input": ["/lr_branch/conv_lr8x/conv_lr8x.1/Relu_output_0_DequantizeLinear_Output", "VAIP_NOT_EXISTS", "/lr_branch/Constant_output_0"], "opType": "Resize", "comment": "@420 [/hr_branch/Resize_2_output_0:(ty=1,shape=[1,32,128,128])] Resize [/lr_branch/conv_lr8x/conv_lr8x.1/Relu_output_0_DequantizeLinear_Output:(ty=1,shape=[1,32,64,64]),N/A,/lr_branch/Constant_output_0:(ty=1,shape=[4])]", "device": "NPU"}, {"output": ["/hr_branch/Resize_2_output_0_QuantizeLinear_Output"], "input": ["/hr_branch/Resize_2_output_0", "/lr_branch/backbone/features.2/conv/conv.5/Clip_output_0_scale", "/lr_branch/conv_lr8x/conv_lr8x.1/Relu_output_0_zero_point"], "opType": "QuantizeLinear", "comment": "@421 [/hr_branch/Resize_2_output_0_QuantizeLinear_Output:(ty=2,shape=[1,32,128,128])] QuantizeLinear [/hr_branch/Resize_2_output_0:(ty=1,shape=[1,32,128,128]),/lr_branch/backbone/features.2/conv/conv.5/Clip_output_0_scale:(ty=1,shape=[]),/lr_branch/conv_lr8x/conv_lr8x.1/Relu_output_0_zero_point:(ty=2,shape=[])]", "device": "NPU"}, {"output": ["/hr_branch/Resize_2_output_0_DequantizeLinear_Output"], "input": ["/hr_branch/Resize_2_output_0_QuantizeLinear_Output", "/lr_branch/backbone/features.2/conv/conv.5/Clip_output_0_scale", "/lr_branch/conv_lr8x/conv_lr8x.1/Relu_output_0_zero_point"], "opType": "DequantizeLinear", "comment": "@422 [/hr_branch/Resize_2_output_0_DequantizeLinear_Output:(ty=1,shape=[1,32,128,128])] DequantizeLinear [/hr_branch/Resize_2_output_0_QuantizeLinear_Output:(ty=2,shape=[1,32,128,128]),/lr_branch/backbone/features.2/conv/conv.5/Clip_output_0_scale:(ty=1,shape=[]),/lr_branch/conv_lr8x/conv_lr8x.1/Relu_output_0_zero_point:(ty=2,shape=[])]", "device": "NPU"}, {"output": ["/lr_branch/backbone/features.3/Add_output_0_DequantizeLinear_Output/duplicated"], "input": ["/lr_branch/backbone/features.3/Add_output_0_QuantizeLinear_Output", "/lr_branch/backbone/features.2/conv/conv.5/Clip_output_0_scale", "/lr_branch/backbone/features.3/Add_output_0_zero_point"], "opType": "DequantizeLinear", "comment": "@495 [/lr_branch/backbone/features.3/Add_output_0_DequantizeLinear_Output/duplicated:(ty=1,shape=[1,24,128,128])] DequantizeLinear [/lr_branch/backbone/features.3/Add_output_0_QuantizeLinear_Output:(ty=2,shape=[1,24,128,128]),/lr_branch/backbone/features.2/conv/conv.5/Clip_output_0_scale:(ty=1,shape=[]),/lr_branch/backbone/features.3/Add_output_0_zero_point:(ty=2,shape=[])]", "device": "NPU"}, {"output": ["hr_branch.tohr_enc4x.0.weight_DequantizeLinear_Output"], "input": ["hr_branch.tohr_enc4x.0.weight_quantized", "onnx::Conv_674_scale", "hr_branch.tohr_enc4x.0.weight_zero_point"], "opType": "DequantizeLinear", "comment": "@29 [hr_branch.tohr_enc4x.0.weight_DequantizeLinear_Output:(ty=1,shape=[32,24,1,1])] DequantizeLinear [hr_branch.tohr_enc4x.0.weight_quantized:(ty=3,shape=[32,24,1,1]),onnx::Conv_674_scale:(ty=1,shape=[]),hr_branch.tohr_enc4x.0.weight_zero_point:(ty=3,shape=[])]", "device": "NPU"}, {"output": ["hr_branch.tohr_enc4x.0.bias_DequantizeLinear_Output"], "input": ["hr_branch.tohr_enc4x.0.bias_quantized", "onnx::Conv_683_scale", "hr_branch.tohr_enc4x.0.bias_zero_point"], "opType": "DequantizeLinear", "comment": "@28 [hr_branch.tohr_enc4x.0.bias_DequantizeLinear_Output:(ty=1,shape=[32])] DequantizeLinear [hr_branch.tohr_enc4x.0.bias_quantized:(ty=3,shape=[32]),onnx::Conv_683_scale:(ty=1,shape=[]),hr_branch.tohr_enc4x.0.bias_zero_point:(ty=3,shape=[])]", "device": "NPU"}, {"output": ["/hr_branch/tohr_enc4x/tohr_enc4x.0/Conv_output_0"], "input": ["/lr_branch/backbone/features.3/Add_output_0_DequantizeLinear_Output/duplicated", "hr_branch.tohr_enc4x.0.weight_DequantizeLinear_Output", "hr_branch.tohr_enc4x.0.bias_DequantizeLinear_Output"], "opType": "Conv", "comment": "@196 [/hr_branch/tohr_enc4x/tohr_enc4x.0/Conv_output_0:(ty=1,shape=[1,32,128,128])] Conv [/lr_branch/backbone/features.3/Add_output_0_DequantizeLinear_Output/duplicated:(ty=1,shape=[1,24,128,128]),hr_branch.tohr_enc4x.0.weight_DequantizeLinear_Output:(ty=1,shape=[32,24,1,1]),hr_branch.tohr_enc4x.0.bias_DequantizeLinear_Output:(ty=1,shape=[32])]", "device": "NPU"}, {"output": ["/hr_branch/tohr_enc4x/tohr_enc4x.1/Relu_output_0"], "input": ["/hr_branch/tohr_enc4x/tohr_enc4x.0/Conv_output_0"], "opType": "Relu", "comment": "@198 [/hr_branch/tohr_enc4x/tohr_enc4x.1/Relu_output_0:(ty=1,shape=[1,32,128,128])] Relu [/hr_branch/tohr_enc4x/tohr_enc4x.0/Conv_output_0:(ty=1,shape=[1,32,128,128])]", "device": "NPU"}, {"output": ["/hr_branch/tohr_enc4x/tohr_enc4x.1/Relu_output_0_QuantizeLinear_Output"], "input": ["/hr_branch/tohr_enc4x/tohr_enc4x.1/Relu_output_0", "/lr_branch/backbone/features.2/conv/conv.5/Clip_output_0_scale", "/hr_branch/tohr_enc4x/tohr_enc4x.1/Relu_output_0_zero_point"], "opType": "QuantizeLinear", "comment": "@200 [/hr_branch/tohr_enc4x/tohr_enc4x.1/Relu_output_0_QuantizeLinear_Output:(ty=2,shape=[1,32,128,128])] QuantizeLinear [/hr_branch/tohr_enc4x/tohr_enc4x.1/Relu_output_0:(ty=1,shape=[1,32,128,128]),/lr_branch/backbone/features.2/conv/conv.5/Clip_output_0_scale:(ty=1,shape=[]),/hr_branch/tohr_enc4x/tohr_enc4x.1/Relu_output_0_zero_point:(ty=2,shape=[])]", "device": "NPU"}, {"output": ["/hr_branch/tohr_enc4x/tohr_enc4x.1/Relu_output_0_DequantizeLinear_Output"], "input": ["/hr_branch/tohr_enc4x/tohr_enc4x.1/Relu_output_0_QuantizeLinear_Output", "/lr_branch/backbone/features.2/conv/conv.5/Clip_output_0_scale", "/hr_branch/tohr_enc4x/tohr_enc4x.1/Relu_output_0_zero_point"], "opType": "DequantizeLinear", "comment": "@202 [/hr_branch/tohr_enc4x/tohr_enc4x.1/Relu_output_0_DequantizeLinear_Output:(ty=1,shape=[1,32,128,128])] DequantizeLinear [/hr_branch/tohr_enc4x/tohr_enc4x.1/Relu_output_0_QuantizeLinear_Output:(ty=2,shape=[1,32,128,128]),/lr_branch/backbone/features.2/conv/conv.5/Clip_output_0_scale:(ty=1,shape=[]),/hr_branch/tohr_enc4x/tohr_enc4x.1/Relu_output_0_zero_point:(ty=2,shape=[])]", "device": "NPU"}, {"output": ["/hr_branch/tohr_enc2x/tohr_enc2x.1/Relu_output_0_DequantizeLinear_Output"], "input": ["/hr_branch/tohr_enc2x/tohr_enc2x.1/Relu_output_0_QuantizeLinear_Output", "input_scale", "/hr_branch/tohr_enc2x/tohr_enc2x.1/Relu_output_0_zero_point"], "opType": "DequantizeLinear", "comment": "@166 [/hr_branch/tohr_enc2x/tohr_enc2x.1/Relu_output_0_DequantizeLinear_Output:(ty=1,shape=[1,32,256,256])] DequantizeLinear [/hr_branch/tohr_enc2x/tohr_enc2x.1/Relu_output_0_QuantizeLinear_Output:(ty=2,shape=[1,32,256,256]),input_scale:(ty=1,shape=[]),/hr_branch/tohr_enc2x/tohr_enc2x.1/Relu_output_0_zero_point:(ty=2,shape=[])]", "device": "NPU"}, {"output": ["input_DequantizeLinear_Output"], "input": ["input_QuantizeLinear_Output", "input_scale", "input_zero_point"], "opType": "DequantizeLinear", "comment": "@141 [input_DequantizeLinear_Output:(ty=1,shape=[1,3,512,512])] DequantizeLinear [input_QuantizeLinear_Output:(ty=2,shape=[1,3,512,512]),input_scale:(ty=1,shape=[]),input_zero_point:(ty=2,shape=[])]", "device": "NPU"}, {"output": ["/hr_branch/Resize_output_0"], "input": ["input_DequantizeLinear_Output", "VAIP_NOT_EXISTS", "/hr_branch/Constant_output_0"], "opType": "Resize", "comment": "@142 [/hr_branch/Resize_output_0:(ty=1,shape=[1,3,256,256])] Resize [input_DequantizeLinear_Output:(ty=1,shape=[1,3,512,512]),N/A,/hr_branch/Constant_output_0:(ty=1,shape=[4])]", "device": "NPU"}, {"output": ["/hr_branch/Resize_output_0_QuantizeLinear_Output"], "input": ["/hr_branch/Resize_output_0", "input_scale", "/hr_branch/Resize_output_0_zero_point"], "opType": "QuantizeLinear", "comment": "@145 [/hr_branch/Resize_output_0_QuantizeLinear_Output:(ty=2,shape=[1,3,256,256])] QuantizeLinear [/hr_branch/Resize_output_0:(ty=1,shape=[1,3,256,256]),input_scale:(ty=1,shape=[]),/hr_branch/Resize_output_0_zero_point:(ty=2,shape=[])]", "device": "NPU"}, {"output": ["/hr_branch/Resize_output_0_DequantizeLinear_Output"], "input": ["/hr_branch/Resize_output_0_QuantizeLinear_Output", "input_scale", "/hr_branch/Resize_output_0_zero_point"], "opType": "DequantizeLinear", "comment": "@148 [/hr_branch/Resize_output_0_DequantizeLinear_Output:(ty=1,shape=[1,3,256,256])] DequantizeLinear [/hr_branch/Resize_output_0_QuantizeLinear_Output:(ty=2,shape=[1,3,256,256]),input_scale:(ty=1,shape=[]),/hr_branch/Resize_output_0_zero_point:(ty=2,shape=[])]", "device": "NPU"}, {"output": ["/hr_branch/Concat_output_0"], "input": ["/hr_branch/Resize_output_0_DequantizeLinear_Output", "/hr_branch/tohr_enc2x/tohr_enc2x.1/Relu_output_0_DequantizeLinear_Output"], "opType": "Concat", "comment": "@168 [/hr_branch/Concat_output_0:(ty=1,shape=[1,35,256,256])] Concat [/hr_branch/Resize_output_0_DequantizeLinear_Output:(ty=1,shape=[1,3,256,256]),/hr_branch/tohr_enc2x/tohr_enc2x.1/Relu_output_0_DequantizeLinear_Output:(ty=1,shape=[1,32,256,256])]", "device": "NPU"}, {"output": ["/hr_branch/Concat_output_0_QuantizeLinear_Output"], "input": ["/hr_branch/Concat_output_0", "input_scale", "/hr_branch/Concat_output_0_zero_point"], "opType": "QuantizeLinear", "comment": "@170 [/hr_branch/Concat_output_0_QuantizeLinear_Output:(ty=2,shape=[1,35,256,256])] QuantizeLinear [/hr_branch/Concat_output_0:(ty=1,shape=[1,35,256,256]),input_scale:(ty=1,shape=[]),/hr_branch/Concat_output_0_zero_point:(ty=2,shape=[])]", "device": "NPU"}, {"output": ["/hr_branch/Concat_output_0_DequantizeLinear_Output"], "input": ["/hr_branch/Concat_output_0_QuantizeLinear_Output", "input_scale", "/hr_branch/Concat_output_0_zero_point"], "opType": "DequantizeLinear", "comment": "@172 [/hr_branch/Concat_output_0_DequantizeLinear_Output:(ty=1,shape=[1,35,256,256])] DequantizeLinear [/hr_branch/Concat_output_0_QuantizeLinear_Output:(ty=2,shape=[1,35,256,256]),input_scale:(ty=1,shape=[]),/hr_branch/Concat_output_0_zero_point:(ty=2,shape=[])]", "device": "NPU"}, {"output": ["hr_branch.conv_enc2x.0.weight_DequantizeLinear_Output"], "input": ["hr_branch.conv_enc2x.0.weight_quantized", "onnx::Conv_758_scale", "hr_branch.conv_enc2x.0.weight_zero_point"], "opType": "DequantizeLinear", "comment": "@9 [hr_branch.conv_enc2x.0.weight_DequantizeLinear_Output:(ty=1,shape=[32,35,3,3])] DequantizeLinear [hr_branch.conv_enc2x.0.weight_quantized:(ty=3,shape=[32,35,3,3]),onnx::Conv_758_scale:(ty=1,shape=[]),hr_branch.conv_enc2x.0.weight_zero_point:(ty=3,shape=[])]", "device": "NPU"}, {"output": ["hr_branch.conv_enc2x.0.bias_DequantizeLinear_Output"], "input": ["hr_branch.conv_enc2x.0.bias_quantized", "onnx::Conv_683_scale", "hr_branch.conv_enc2x.0.bias_zero_point"], "opType": "DequantizeLinear", "comment": "@8 [hr_branch.conv_enc2x.0.bias_DequantizeLinear_Output:(ty=1,shape=[32])] DequantizeLinear [hr_branch.conv_enc2x.0.bias_quantized:(ty=3,shape=[32]),onnx::Conv_683_scale:(ty=1,shape=[]),hr_branch.conv_enc2x.0.bias_zero_point:(ty=3,shape=[])]", "device": "NPU"}, {"output": ["/hr_branch/conv_enc2x/conv_enc2x.0/Conv_output_0"], "input": ["/hr_branch/Concat_output_0_DequantizeLinear_Output", "hr_branch.conv_enc2x.0.weight_DequantizeLinear_Output", "hr_branch.conv_enc2x.0.bias_DequantizeLinear_Output"], "opType": "Conv", "comment": "@174 [/hr_branch/conv_enc2x/conv_enc2x.0/Conv_output_0:(ty=1,shape=[1,32,128,128])] Conv [/hr_branch/Concat_output_0_DequantizeLinear_Output:(ty=1,shape=[1,35,256,256]),hr_branch.conv_enc2x.0.weight_DequantizeLinear_Output:(ty=1,shape=[32,35,3,3]),hr_branch.conv_enc2x.0.bias_DequantizeLinear_Output:(ty=1,shape=[32])]", "device": "NPU"}, {"output": ["/hr_branch/conv_enc2x/conv_enc2x.1/Relu_output_0"], "input": ["/hr_branch/conv_enc2x/conv_enc2x.0/Conv_output_0"], "opType": "Relu", "comment": "@176 [/hr_branch/conv_enc2x/conv_enc2x.1/Relu_output_0:(ty=1,shape=[1,32,128,128])] Relu [/hr_branch/conv_enc2x/conv_enc2x.0/Conv_output_0:(ty=1,shape=[1,32,128,128])]", "device": "NPU"}, {"output": ["/hr_branch/conv_enc2x/conv_enc2x.1/Relu_output_0_QuantizeLinear_Output"], "input": ["/hr_branch/conv_enc2x/conv_enc2x.1/Relu_output_0", "/lr_branch/backbone/features.2/conv/conv.5/Clip_output_0_scale", "/hr_branch/conv_enc2x/conv_enc2x.1/Relu_output_0_zero_point"], "opType": "QuantizeLinear", "comment": "@178 [/hr_branch/conv_enc2x/conv_enc2x.1/Relu_output_0_QuantizeLinear_Output:(ty=2,shape=[1,32,128,128])] QuantizeLinear [/hr_branch/conv_enc2x/conv_enc2x.1/Relu_output_0:(ty=1,shape=[1,32,128,128]),/lr_branch/backbone/features.2/conv/conv.5/Clip_output_0_scale:(ty=1,shape=[]),/hr_branch/conv_enc2x/conv_enc2x.1/Relu_output_0_zero_point:(ty=2,shape=[])]", "device": "NPU"}, {"output": ["/hr_branch/conv_enc2x/conv_enc2x.1/Relu_output_0_DequantizeLinear_Output"], "input": ["/hr_branch/conv_enc2x/conv_enc2x.1/Relu_output_0_QuantizeLinear_Output", "/lr_branch/backbone/features.2/conv/conv.5/Clip_output_0_scale", "/hr_branch/conv_enc2x/conv_enc2x.1/Relu_output_0_zero_point"], "opType": "DequantizeLinear", "comment": "@180 [/hr_branch/conv_enc2x/conv_enc2x.1/Relu_output_0_DequantizeLinear_Output:(ty=1,shape=[1,32,128,128])] DequantizeLinear [/hr_branch/conv_enc2x/conv_enc2x.1/Relu_output_0_QuantizeLinear_Output:(ty=2,shape=[1,32,128,128]),/lr_branch/backbone/features.2/conv/conv.5/Clip_output_0_scale:(ty=1,shape=[]),/hr_branch/conv_enc2x/conv_enc2x.1/Relu_output_0_zero_point:(ty=2,shape=[])]", "device": "NPU"}, {"output": ["/hr_branch/Concat_1_output_0"], "input": ["/hr_branch/conv_enc2x/conv_enc2x.1/Relu_output_0_DequantizeLinear_Output", "/hr_branch/tohr_enc4x/tohr_enc4x.1/Relu_output_0_DequantizeLinear_Output"], "opType": "Concat", "comment": "@204 [/hr_branch/Concat_1_output_0:(ty=1,shape=[1,64,128,128])] Concat [/hr_branch/conv_enc2x/conv_enc2x.1/Relu_output_0_DequantizeLinear_Output:(ty=1,shape=[1,32,128,128]),/hr_branch/tohr_enc4x/tohr_enc4x.1/Relu_output_0_DequantizeLinear_Output:(ty=1,shape=[1,32,128,128])]", "device": "NPU"}, {"output": ["/hr_branch/Concat_1_output_0_QuantizeLinear_Output"], "input": ["/hr_branch/Concat_1_output_0", "/lr_branch/backbone/features.2/conv/conv.5/Clip_output_0_scale", "/hr_branch/Concat_1_output_0_zero_point"], "opType": "QuantizeLinear", "comment": "@206 [/hr_branch/Concat_1_output_0_QuantizeLinear_Output:(ty=2,shape=[1,64,128,128])] QuantizeLinear [/hr_branch/Concat_1_output_0:(ty=1,shape=[1,64,128,128]),/lr_branch/backbone/features.2/conv/conv.5/Clip_output_0_scale:(ty=1,shape=[]),/hr_branch/Concat_1_output_0_zero_point:(ty=2,shape=[])]", "device": "NPU"}, {"output": ["/hr_branch/Concat_1_output_0_DequantizeLinear_Output"], "input": ["/hr_branch/Concat_1_output_0_QuantizeLinear_Output", "/lr_branch/backbone/features.2/conv/conv.5/Clip_output_0_scale", "/hr_branch/Concat_1_output_0_zero_point"], "opType": "DequantizeLinear", "comment": "@208 [/hr_branch/Concat_1_output_0_DequantizeLinear_Output:(ty=1,shape=[1,64,128,128])] DequantizeLinear [/hr_branch/Concat_1_output_0_QuantizeLinear_Output:(ty=2,shape=[1,64,128,128]),/lr_branch/backbone/features.2/conv/conv.5/Clip_output_0_scale:(ty=1,shape=[]),/hr_branch/Concat_1_output_0_zero_point:(ty=2,shape=[])]", "device": "NPU"}, {"output": ["hr_branch.conv_enc4x.0.weight_DequantizeLinear_Output"], "input": ["hr_branch.conv_enc4x.0.weight_quantized", "onnx::Conv_758_scale", "hr_branch.conv_enc4x.0.weight_zero_point"], "opType": "DequantizeLinear", "comment": "@11 [hr_branch.conv_enc4x.0.weight_DequantizeLinear_Output:(ty=1,shape=[64,64,3,3])] DequantizeLinear [hr_branch.conv_enc4x.0.weight_quantized:(ty=3,shape=[64,64,3,3]),onnx::Conv_758_scale:(ty=1,shape=[]),hr_branch.conv_enc4x.0.weight_zero_point:(ty=3,shape=[])]", "device": "NPU"}, {"output": ["hr_branch.conv_enc4x.0.bias_DequantizeLinear_Output"], "input": ["hr_branch.conv_enc4x.0.bias_quantized", "onnx::Conv_683_scale", "hr_branch.conv_enc4x.0.bias_zero_point"], "opType": "DequantizeLinear", "comment": "@10 [hr_branch.conv_enc4x.0.bias_DequantizeLinear_Output:(ty=1,shape=[64])] DequantizeLinear [hr_branch.conv_enc4x.0.bias_quantized:(ty=3,shape=[64]),onnx::Conv_683_scale:(ty=1,shape=[]),hr_branch.conv_enc4x.0.bias_zero_point:(ty=3,shape=[])]", "device": "NPU"}, {"output": ["/hr_branch/conv_enc4x/conv_enc4x.0/Conv_output_0"], "input": ["/hr_branch/Concat_1_output_0_DequantizeLinear_Output", "hr_branch.conv_enc4x.0.weight_DequantizeLinear_Output", "hr_branch.conv_enc4x.0.bias_DequantizeLinear_Output"], "opType": "Conv", "comment": "@210 [/hr_branch/conv_enc4x/conv_enc4x.0/Conv_output_0:(ty=1,shape=[1,64,128,128])] Conv [/hr_branch/Concat_1_output_0_DequantizeLinear_Output:(ty=1,shape=[1,64,128,128]),hr_branch.conv_enc4x.0.weight_DequantizeLinear_Output:(ty=1,shape=[64,64,3,3]),hr_branch.conv_enc4x.0.bias_DequantizeLinear_Output:(ty=1,shape=[64])]", "device": "NPU"}, {"output": ["/hr_branch/conv_enc4x/conv_enc4x.1/Relu_output_0"], "input": ["/hr_branch/conv_enc4x/conv_enc4x.0/Conv_output_0"], "opType": "Relu", "comment": "@212 [/hr_branch/conv_enc4x/conv_enc4x.1/Relu_output_0:(ty=1,shape=[1,64,128,128])] Relu [/hr_branch/conv_enc4x/conv_enc4x.0/Conv_output_0:(ty=1,shape=[1,64,128,128])]", "device": "NPU"}, {"output": ["/hr_branch/conv_enc4x/conv_enc4x.1/Relu_output_0_QuantizeLinear_Output"], "input": ["/hr_branch/conv_enc4x/conv_enc4x.1/Relu_output_0", "/lr_branch/backbone/features.2/conv/conv.5/Clip_output_0_scale", "/hr_branch/conv_enc4x/conv_enc4x.1/Relu_output_0_zero_point"], "opType": "QuantizeLinear", "comment": "@214 [/hr_branch/conv_enc4x/conv_enc4x.1/Relu_output_0_QuantizeLinear_Output:(ty=2,shape=[1,64,128,128])] QuantizeLinear [/hr_branch/conv_enc4x/conv_enc4x.1/Relu_output_0:(ty=1,shape=[1,64,128,128]),/lr_branch/backbone/features.2/conv/conv.5/Clip_output_0_scale:(ty=1,shape=[]),/hr_branch/conv_enc4x/conv_enc4x.1/Relu_output_0_zero_point:(ty=2,shape=[])]", "device": "NPU"}, {"output": ["/hr_branch/conv_enc4x/conv_enc4x.1/Relu_output_0_DequantizeLinear_Output"], "input": ["/hr_branch/conv_enc4x/conv_enc4x.1/Relu_output_0_QuantizeLinear_Output", "/lr_branch/backbone/features.2/conv/conv.5/Clip_output_0_scale", "/hr_branch/conv_enc4x/conv_enc4x.1/Relu_output_0_zero_point"], "opType": "DequantizeLinear", "comment": "@216 [/hr_branch/conv_enc4x/conv_enc4x.1/Relu_output_0_DequantizeLinear_Output:(ty=1,shape=[1,64,128,128])] DequantizeLinear [/hr_branch/conv_enc4x/conv_enc4x.1/Relu_output_0_QuantizeLinear_Output:(ty=2,shape=[1,64,128,128]),/lr_branch/backbone/features.2/conv/conv.5/Clip_output_0_scale:(ty=1,shape=[]),/hr_branch/conv_enc4x/conv_enc4x.1/Relu_output_0_zero_point:(ty=2,shape=[])]", "device": "NPU"}, {"output": ["input_DequantizeLinear_Output/duplicated"], "input": ["input_QuantizeLinear_Output", "input_scale", "input_zero_point"], "opType": "DequantizeLinear", "comment": "@490 [input_DequantizeLinear_Output/duplicated:(ty=1,shape=[1,3,512,512])] DequantizeLinear [input_QuantizeLinear_Output:(ty=2,shape=[1,3,512,512]),input_scale:(ty=1,shape=[]),input_zero_point:(ty=2,shape=[])]", "device": "CPU"}, {"output": ["/hr_branch/Resize_1_output_0"], "input": ["input_DequantizeLinear_Output/duplicated", "VAIP_NOT_EXISTS", "/hr_branch/Constant_1_output_0"], "opType": "Resize", "comment": "@143 [/hr_branch/Resize_1_output_0:(ty=1,shape=[1,3,128,128])] Resize [input_DequantizeLinear_Output/duplicated:(ty=1,shape=[1,3,512,512]),N/A,/hr_branch/Constant_1_output_0:(ty=1,shape=[4])]", "device": "CPU"}, {"output": ["/hr_branch/Resize_1_output_0_QuantizeLinear_Output"], "input": ["/hr_branch/Resize_1_output_0", "/lr_branch/backbone/features.2/conv/conv.5/Clip_output_0_scale", "/hr_branch/Resize_1_output_0_zero_point"], "opType": "QuantizeLinear", "comment": "@146 [/hr_branch/Resize_1_output_0_QuantizeLinear_Output:(ty=2,shape=[1,3,128,128])] QuantizeLinear [/hr_branch/Resize_1_output_0:(ty=1,shape=[1,3,128,128]),/lr_branch/backbone/features.2/conv/conv.5/Clip_output_0_scale:(ty=1,shape=[]),/hr_branch/Resize_1_output_0_zero_point:(ty=2,shape=[])]", "device": "CPU"}, {"output": ["/hr_branch/Resize_1_output_0_DequantizeLinear_Output"], "input": ["/hr_branch/Resize_1_output_0_QuantizeLinear_Output", "/lr_branch/backbone/features.2/conv/conv.5/Clip_output_0_scale", "/hr_branch/Resize_1_output_0_zero_point"], "opType": "DequantizeLinear", "comment": "@149 [/hr_branch/Resize_1_output_0_DequantizeLinear_Output:(ty=1,shape=[1,3,128,128])] DequantizeLinear [/hr_branch/Resize_1_output_0_QuantizeLinear_Output:(ty=2,shape=[1,3,128,128]),/lr_branch/backbone/features.2/conv/conv.5/Clip_output_0_scale:(ty=1,shape=[]),/hr_branch/Resize_1_output_0_zero_point:(ty=2,shape=[])]", "device": "NPU"}, {"output": ["/hr_branch/Concat_2_output_0"], "input": ["/hr_branch/conv_enc4x/conv_enc4x.1/Relu_output_0_DequantizeLinear_Output", "/hr_branch/Resize_2_output_0_DequantizeLinear_Output", "/hr_branch/Resize_1_output_0_DequantizeLinear_Output"], "opType": "Concat", "comment": "@423 [/hr_branch/Concat_2_output_0:(ty=1,shape=[1,99,128,128])] Concat [/hr_branch/conv_enc4x/conv_enc4x.1/Relu_output_0_DequantizeLinear_Output:(ty=1,shape=[1,64,128,128]),/hr_branch/Resize_2_output_0_DequantizeLinear_Output:(ty=1,shape=[1,32,128,128]),/hr_branch/Resize_1_output_0_DequantizeLinear_Output:(ty=1,shape=[1,3,128,128])]", "device": "NPU"}, {"output": ["/hr_branch/Concat_2_output_0_QuantizeLinear_Output"], "input": ["/hr_branch/Concat_2_output_0", "/lr_branch/backbone/features.2/conv/conv.5/Clip_output_0_scale", "/hr_branch/Concat_2_output_0_zero_point"], "opType": "QuantizeLinear", "comment": "@425 [/hr_branch/Concat_2_output_0_QuantizeLinear_Output:(ty=2,shape=[1,99,128,128])] QuantizeLinear [/hr_branch/Concat_2_output_0:(ty=1,shape=[1,99,128,128]),/lr_branch/backbone/features.2/conv/conv.5/Clip_output_0_scale:(ty=1,shape=[]),/hr_branch/Concat_2_output_0_zero_point:(ty=2,shape=[])]", "device": "NPU"}, {"output": ["/hr_branch/Concat_2_output_0_DequantizeLinear_Output"], "input": ["/hr_branch/Concat_2_output_0_QuantizeLinear_Output", "/lr_branch/backbone/features.2/conv/conv.5/Clip_output_0_scale", "/hr_branch/Concat_2_output_0_zero_point"], "opType": "DequantizeLinear", "comment": "@427 [/hr_branch/Concat_2_output_0_DequantizeLinear_Output:(ty=1,shape=[1,99,128,128])] DequantizeLinear [/hr_branch/Concat_2_output_0_QuantizeLinear_Output:(ty=2,shape=[1,99,128,128]),/lr_branch/backbone/features.2/conv/conv.5/Clip_output_0_scale:(ty=1,shape=[]),/hr_branch/Concat_2_output_0_zero_point:(ty=2,shape=[])]", "device": "NPU"}, {"output": ["hr_branch.conv_hr4x.0.weight_DequantizeLinear_Output"], "input": ["hr_branch.conv_hr4x.0.weight_quantized", "onnx::Conv_758_scale", "hr_branch.conv_hr4x.0.weight_zero_point"], "opType": "DequantizeLinear", "comment": "@21 [hr_branch.conv_hr4x.0.weight_DequantizeLinear_Output:(ty=1,shape=[64,99,3,3])] DequantizeLinear [hr_branch.conv_hr4x.0.weight_quantized:(ty=3,shape=[64,99,3,3]),onnx::Conv_758_scale:(ty=1,shape=[]),hr_branch.conv_hr4x.0.weight_zero_point:(ty=3,shape=[])]", "device": "NPU"}, {"output": ["hr_branch.conv_hr4x.0.bias_DequantizeLinear_Output"], "input": ["hr_branch.conv_hr4x.0.bias_quantized", "onnx::Conv_674_scale", "hr_branch.conv_hr4x.0.bias_zero_point"], "opType": "DequantizeLinear", "comment": "@20 [hr_branch.conv_hr4x.0.bias_DequantizeLinear_Output:(ty=1,shape=[64])] DequantizeLinear [hr_branch.conv_hr4x.0.bias_quantized:(ty=3,shape=[64]),onnx::Conv_674_scale:(ty=1,shape=[]),hr_branch.conv_hr4x.0.bias_zero_point:(ty=3,shape=[])]", "device": "NPU"}, {"output": ["/hr_branch/conv_hr4x/conv_hr4x.0/Conv_output_0"], "input": ["/hr_branch/Concat_2_output_0_DequantizeLinear_Output", "hr_branch.conv_hr4x.0.weight_DequantizeLinear_Output", "hr_branch.conv_hr4x.0.bias_DequantizeLinear_Output"], "opType": "Conv", "comment": "@429 [/hr_branch/conv_hr4x/conv_hr4x.0/Conv_output_0:(ty=1,shape=[1,64,128,128])] Conv [/hr_branch/Concat_2_output_0_DequantizeLinear_Output:(ty=1,shape=[1,99,128,128]),hr_branch.conv_hr4x.0.weight_DequantizeLinear_Output:(ty=1,shape=[64,99,3,3]),hr_branch.conv_hr4x.0.bias_DequantizeLinear_Output:(ty=1,shape=[64])]", "device": "NPU"}, {"output": ["/hr_branch/conv_hr4x/conv_hr4x.1/Relu_output_0"], "input": ["/hr_branch/conv_hr4x/conv_hr4x.0/Conv_output_0"], "opType": "Relu", "comment": "@431 [/hr_branch/conv_hr4x/conv_hr4x.1/Relu_output_0:(ty=1,shape=[1,64,128,128])] Relu [/hr_branch/conv_hr4x/conv_hr4x.0/Conv_output_0:(ty=1,shape=[1,64,128,128])]", "device": "NPU"}, {"output": ["/hr_branch/conv_hr4x/conv_hr4x.1/Relu_output_0_QuantizeLinear_Output"], "input": ["/hr_branch/conv_hr4x/conv_hr4x.1/Relu_output_0", "/hr_branch/conv_hr4x/conv_hr4x.1/Relu_output_0_scale", "/hr_branch/conv_hr4x/conv_hr4x.1/Relu_output_0_zero_point"], "opType": "QuantizeLinear", "comment": "@433 [/hr_branch/conv_hr4x/conv_hr4x.1/Relu_output_0_QuantizeLinear_Output:(ty=2,shape=[1,64,128,128])] QuantizeLinear [/hr_branch/conv_hr4x/conv_hr4x.1/Relu_output_0:(ty=1,shape=[1,64,128,128]),/hr_branch/conv_hr4x/conv_hr4x.1/Relu_output_0_scale:(ty=1,shape=[]),/hr_branch/conv_hr4x/conv_hr4x.1/Relu_output_0_zero_point:(ty=2,shape=[])]", "device": "NPU"}, {"output": ["/hr_branch/conv_hr4x/conv_hr4x.1/Relu_output_0_DequantizeLinear_Output"], "input": ["/hr_branch/conv_hr4x/conv_hr4x.1/Relu_output_0_QuantizeLinear_Output", "/hr_branch/conv_hr4x/conv_hr4x.1/Relu_output_0_scale", "/hr_branch/conv_hr4x/conv_hr4x.1/Relu_output_0_zero_point"], "opType": "DequantizeLinear", "comment": "@435 [/hr_branch/conv_hr4x/conv_hr4x.1/Relu_output_0_DequantizeLinear_Output:(ty=1,shape=[1,64,128,128])] DequantizeLinear [/hr_branch/conv_hr4x/conv_hr4x.1/Relu_output_0_QuantizeLinear_Output:(ty=2,shape=[1,64,128,128]),/hr_branch/conv_hr4x/conv_hr4x.1/Relu_output_0_scale:(ty=1,shape=[]),/hr_branch/conv_hr4x/conv_hr4x.1/Relu_output_0_zero_point:(ty=2,shape=[])]", "device": "NPU"}, {"output": ["hr_branch.conv_hr4x.2.weight_DequantizeLinear_Output"], "input": ["hr_branch.conv_hr4x.2.weight_quantized", "onnx::Conv_696_scale", "hr_branch.conv_hr4x.2.weight_zero_point"], "opType": "DequantizeLinear", "comment": "@23 [hr_branch.conv_hr4x.2.weight_DequantizeLinear_Output:(ty=1,shape=[64,64,3,3])] DequantizeLinear [hr_branch.conv_hr4x.2.weight_quantized:(ty=3,shape=[64,64,3,3]),onnx::Conv_696_scale:(ty=1,shape=[]),hr_branch.conv_hr4x.2.weight_zero_point:(ty=3,shape=[])]", "device": "NPU"}, {"output": ["hr_branch.conv_hr4x.2.bias_DequantizeLinear_Output"], "input": ["hr_branch.conv_hr4x.2.bias_quantized", "onnx::Conv_674_scale", "hr_branch.conv_hr4x.2.bias_zero_point"], "opType": "DequantizeLinear", "comment": "@22 [hr_branch.conv_hr4x.2.bias_DequantizeLinear_Output:(ty=1,shape=[64])] DequantizeLinear [hr_branch.conv_hr4x.2.bias_quantized:(ty=3,shape=[64]),onnx::Conv_674_scale:(ty=1,shape=[]),hr_branch.conv_hr4x.2.bias_zero_point:(ty=3,shape=[])]", "device": "NPU"}, {"output": ["/hr_branch/conv_hr4x/conv_hr4x.2/Conv_output_0"], "input": ["/hr_branch/conv_hr4x/conv_hr4x.1/Relu_output_0_DequantizeLinear_Output", "hr_branch.conv_hr4x.2.weight_DequantizeLinear_Output", "hr_branch.conv_hr4x.2.bias_DequantizeLinear_Output"], "opType": "Conv", "comment": "@437 [/hr_branch/conv_hr4x/conv_hr4x.2/Conv_output_0:(ty=1,shape=[1,64,128,128])] Conv [/hr_branch/conv_hr4x/conv_hr4x.1/Relu_output_0_DequantizeLinear_Output:(ty=1,shape=[1,64,128,128]),hr_branch.conv_hr4x.2.weight_DequantizeLinear_Output:(ty=1,shape=[64,64,3,3]),hr_branch.conv_hr4x.2.bias_DequantizeLinear_Output:(ty=1,shape=[64])]", "device": "NPU"}, {"output": ["/hr_branch/conv_hr4x/conv_hr4x.3/Relu_output_0"], "input": ["/hr_branch/conv_hr4x/conv_hr4x.2/Conv_output_0"], "opType": "Relu", "comment": "@438 [/hr_branch/conv_hr4x/conv_hr4x.3/Relu_output_0:(ty=1,shape=[1,64,128,128])] Relu [/hr_branch/conv_hr4x/conv_hr4x.2/Conv_output_0:(ty=1,shape=[1,64,128,128])]", "device": "NPU"}, {"output": ["/hr_branch/conv_hr4x/conv_hr4x.3/Relu_output_0_QuantizeLinear_Output"], "input": ["/hr_branch/conv_hr4x/conv_hr4x.3/Relu_output_0", "/hr_branch/conv_hr4x/conv_hr4x.1/Relu_output_0_scale", "/hr_branch/conv_hr4x/conv_hr4x.3/Relu_output_0_zero_point"], "opType": "QuantizeLinear", "comment": "@439 [/hr_branch/conv_hr4x/conv_hr4x.3/Relu_output_0_QuantizeLinear_Output:(ty=2,shape=[1,64,128,128])] QuantizeLinear [/hr_branch/conv_hr4x/conv_hr4x.3/Relu_output_0:(ty=1,shape=[1,64,128,128]),/hr_branch/conv_hr4x/conv_hr4x.1/Relu_output_0_scale:(ty=1,shape=[]),/hr_branch/conv_hr4x/conv_hr4x.3/Relu_output_0_zero_point:(ty=2,shape=[])]", "device": "NPU"}, {"output": ["/hr_branch/conv_hr4x/conv_hr4x.3/Relu_output_0_DequantizeLinear_Output"], "input": ["/hr_branch/conv_hr4x/conv_hr4x.3/Relu_output_0_QuantizeLinear_Output", "/hr_branch/conv_hr4x/conv_hr4x.1/Relu_output_0_scale", "/hr_branch/conv_hr4x/conv_hr4x.3/Relu_output_0_zero_point"], "opType": "DequantizeLinear", "comment": "@440 [/hr_branch/conv_hr4x/conv_hr4x.3/Relu_output_0_DequantizeLinear_Output:(ty=1,shape=[1,64,128,128])] DequantizeLinear [/hr_branch/conv_hr4x/conv_hr4x.3/Relu_output_0_QuantizeLinear_Output:(ty=2,shape=[1,64,128,128]),/hr_branch/conv_hr4x/conv_hr4x.1/Relu_output_0_scale:(ty=1,shape=[]),/hr_branch/conv_hr4x/conv_hr4x.3/Relu_output_0_zero_point:(ty=2,shape=[])]", "device": "NPU"}, {"output": ["hr_branch.conv_hr4x.4.weight_DequantizeLinear_Output"], "input": ["hr_branch.conv_hr4x.4.weight_quantized", "onnx::Conv_696_scale", "hr_branch.conv_hr4x.4.weight_zero_point"], "opType": "DequantizeLinear", "comment": "@25 [hr_branch.conv_hr4x.4.weight_DequantizeLinear_Output:(ty=1,shape=[32,64,3,3])] DequantizeLinear [hr_branch.conv_hr4x.4.weight_quantized:(ty=3,shape=[32,64,3,3]),onnx::Conv_696_scale:(ty=1,shape=[]),hr_branch.conv_hr4x.4.weight_zero_point:(ty=3,shape=[])]", "device": "NPU"}, {"output": ["hr_branch.conv_hr4x.4.bias_DequantizeLinear_Output"], "input": ["hr_branch.conv_hr4x.4.bias_quantized", "onnx::Conv_683_scale", "hr_branch.conv_hr4x.4.bias_zero_point"], "opType": "DequantizeLinear", "comment": "@24 [hr_branch.conv_hr4x.4.bias_DequantizeLinear_Output:(ty=1,shape=[32])] DequantizeLinear [hr_branch.conv_hr4x.4.bias_quantized:(ty=3,shape=[32]),onnx::Conv_683_scale:(ty=1,shape=[]),hr_branch.conv_hr4x.4.bias_zero_point:(ty=3,shape=[])]", "device": "NPU"}, {"output": ["/hr_branch/conv_hr4x/conv_hr4x.4/Conv_output_0"], "input": ["/hr_branch/conv_hr4x/conv_hr4x.3/Relu_output_0_DequantizeLinear_Output", "hr_branch.conv_hr4x.4.weight_DequantizeLinear_Output", "hr_branch.conv_hr4x.4.bias_DequantizeLinear_Output"], "opType": "Conv", "comment": "@441 [/hr_branch/conv_hr4x/conv_hr4x.4/Conv_output_0:(ty=1,shape=[1,32,128,128])] Conv [/hr_branch/conv_hr4x/conv_hr4x.3/Relu_output_0_DequantizeLinear_Output:(ty=1,shape=[1,64,128,128]),hr_branch.conv_hr4x.4.weight_DequantizeLinear_Output:(ty=1,shape=[32,64,3,3]),hr_branch.conv_hr4x.4.bias_DequantizeLinear_Output:(ty=1,shape=[32])]", "device": "NPU"}, {"output": ["/hr_branch/conv_hr4x/conv_hr4x.5/Relu_output_0"], "input": ["/hr_branch/conv_hr4x/conv_hr4x.4/Conv_output_0"], "opType": "Relu", "comment": "@442 [/hr_branch/conv_hr4x/conv_hr4x.5/Relu_output_0:(ty=1,shape=[1,32,128,128])] Relu [/hr_branch/conv_hr4x/conv_hr4x.4/Conv_output_0:(ty=1,shape=[1,32,128,128])]", "device": "NPU"}, {"output": ["/hr_branch/conv_hr4x/conv_hr4x.5/Relu_output_0_QuantizeLinear_Output"], "input": ["/hr_branch/conv_hr4x/conv_hr4x.5/Relu_output_0", "input_scale", "/hr_branch/conv_hr4x/conv_hr4x.5/Relu_output_0_zero_point"], "opType": "QuantizeLinear", "comment": "@443 [/hr_branch/conv_hr4x/conv_hr4x.5/Relu_output_0_QuantizeLinear_Output:(ty=2,shape=[1,32,128,128])] QuantizeLinear [/hr_branch/conv_hr4x/conv_hr4x.5/Relu_output_0:(ty=1,shape=[1,32,128,128]),input_scale:(ty=1,shape=[]),/hr_branch/conv_hr4x/conv_hr4x.5/Relu_output_0_zero_point:(ty=2,shape=[])]", "device": "NPU"}, {"output": ["/hr_branch/conv_hr4x/conv_hr4x.5/Relu_output_0_DequantizeLinear_Output"], "input": ["/hr_branch/conv_hr4x/conv_hr4x.5/Relu_output_0_QuantizeLinear_Output", "input_scale", "/hr_branch/conv_hr4x/conv_hr4x.5/Relu_output_0_zero_point"], "opType": "DequantizeLinear", "comment": "@444 [/hr_branch/conv_hr4x/conv_hr4x.5/Relu_output_0_DequantizeLinear_Output:(ty=1,shape=[1,32,128,128])] DequantizeLinear [/hr_branch/conv_hr4x/conv_hr4x.5/Relu_output_0_QuantizeLinear_Output:(ty=2,shape=[1,32,128,128]),input_scale:(ty=1,shape=[]),/hr_branch/conv_hr4x/conv_hr4x.5/Relu_output_0_zero_point:(ty=2,shape=[])]", "device": "NPU"}, {"output": ["/hr_branch/Resize_3_output_0"], "input": ["/hr_branch/conv_hr4x/conv_hr4x.5/Relu_output_0_DequantizeLinear_Output", "VAIP_NOT_EXISTS", "/lr_branch/Constant_output_0"], "opType": "Resize", "comment": "@445 [/hr_branch/Resize_3_output_0:(ty=1,shape=[1,32,256,256])] Resize [/hr_branch/conv_hr4x/conv_hr4x.5/Relu_output_0_DequantizeLinear_Output:(ty=1,shape=[1,32,128,128]),N/A,/lr_branch/Constant_output_0:(ty=1,shape=[4])]", "device": "NPU"}, {"output": ["/hr_branch/Resize_3_output_0_QuantizeLinear_Output"], "input": ["/hr_branch/Resize_3_output_0", "input_scale", "/hr_branch/conv_hr4x/conv_hr4x.5/Relu_output_0_zero_point"], "opType": "QuantizeLinear", "comment": "@446 [/hr_branch/Resize_3_output_0_QuantizeLinear_Output:(ty=2,shape=[1,32,256,256])] QuantizeLinear [/hr_branch/Resize_3_output_0:(ty=1,shape=[1,32,256,256]),input_scale:(ty=1,shape=[]),/hr_branch/conv_hr4x/conv_hr4x.5/Relu_output_0_zero_point:(ty=2,shape=[])]", "device": "NPU"}, {"output": ["/hr_branch/Resize_3_output_0_DequantizeLinear_Output"], "input": ["/hr_branch/Resize_3_output_0_QuantizeLinear_Output", "input_scale", "/hr_branch/conv_hr4x/conv_hr4x.5/Relu_output_0_zero_point"], "opType": "DequantizeLinear", "comment": "@447 [/hr_branch/Resize_3_output_0_DequantizeLinear_Output:(ty=1,shape=[1,32,256,256])] DequantizeLinear [/hr_branch/Resize_3_output_0_QuantizeLinear_Output:(ty=2,shape=[1,32,256,256]),input_scale:(ty=1,shape=[]),/hr_branch/conv_hr4x/conv_hr4x.5/Relu_output_0_zero_point:(ty=2,shape=[])]", "device": "NPU"}, {"output": ["/hr_branch/Concat_3_output_0"], "input": ["/hr_branch/Resize_3_output_0_DequantizeLinear_Output", "/hr_branch/tohr_enc2x/tohr_enc2x.1/Relu_output_0_DequantizeLinear_Output/duplicated"], "opType": "Concat", "comment": "@448 [/hr_branch/Concat_3_output_0:(ty=1,shape=[1,64,256,256])] Concat [/hr_branch/Resize_3_output_0_DequantizeLinear_Output:(ty=1,shape=[1,32,256,256]),/hr_branch/tohr_enc2x/tohr_enc2x.1/Relu_output_0_DequantizeLinear_Output/duplicated:(ty=1,shape=[1,32,256,256])]", "device": "NPU"}, {"output": ["/hr_branch/Concat_3_output_0_QuantizeLinear_Output"], "input": ["/hr_branch/Concat_3_output_0", "input_scale", "/hr_branch/Concat_3_output_0_zero_point"], "opType": "QuantizeLinear", "comment": "@449 [/hr_branch/Concat_3_output_0_QuantizeLinear_Output:(ty=2,shape=[1,64,256,256])] QuantizeLinear [/hr_branch/Concat_3_output_0:(ty=1,shape=[1,64,256,256]),input_scale:(ty=1,shape=[]),/hr_branch/Concat_3_output_0_zero_point:(ty=2,shape=[])]", "device": "NPU"}, {"output": ["/hr_branch/Concat_3_output_0_DequantizeLinear_Output"], "input": ["/hr_branch/Concat_3_output_0_QuantizeLinear_Output", "input_scale", "/hr_branch/Concat_3_output_0_zero_point"], "opType": "DequantizeLinear", "comment": "@450 [/hr_branch/Concat_3_output_0_DequantizeLinear_Output:(ty=1,shape=[1,64,256,256])] DequantizeLinear [/hr_branch/Concat_3_output_0_QuantizeLinear_Output:(ty=2,shape=[1,64,256,256]),input_scale:(ty=1,shape=[]),/hr_branch/Concat_3_output_0_zero_point:(ty=2,shape=[])]", "device": "NPU"}, {"output": ["hr_branch.conv_hr2x.0.weight_DequantizeLinear_Output"], "input": ["hr_branch.conv_hr2x.0.weight_quantized", "onnx::Conv_696_scale", "hr_branch.conv_hr2x.0.weight_zero_point"], "opType": "DequantizeLinear", "comment": "@13 [hr_branch.conv_hr2x.0.weight_DequantizeLinear_Output:(ty=1,shape=[64,64,3,3])] DequantizeLinear [hr_branch.conv_hr2x.0.weight_quantized:(ty=3,shape=[64,64,3,3]),onnx::Conv_696_scale:(ty=1,shape=[]),hr_branch.conv_hr2x.0.weight_zero_point:(ty=3,shape=[])]", "device": "NPU"}, {"output": ["hr_branch.conv_hr2x.0.bias_DequantizeLinear_Output"], "input": ["hr_branch.conv_hr2x.0.bias_quantized", "onnx::Conv_674_scale", "hr_branch.conv_hr2x.0.bias_zero_point"], "opType": "DequantizeLinear", "comment": "@12 [hr_branch.conv_hr2x.0.bias_DequantizeLinear_Output:(ty=1,shape=[64])] DequantizeLinear [hr_branch.conv_hr2x.0.bias_quantized:(ty=3,shape=[64]),onnx::Conv_674_scale:(ty=1,shape=[]),hr_branch.conv_hr2x.0.bias_zero_point:(ty=3,shape=[])]", "device": "NPU"}, {"output": ["/hr_branch/conv_hr2x/conv_hr2x.0/Conv_output_0"], "input": ["/hr_branch/Concat_3_output_0_DequantizeLinear_Output", "hr_branch.conv_hr2x.0.weight_DequantizeLinear_Output", "hr_branch.conv_hr2x.0.bias_DequantizeLinear_Output"], "opType": "Conv", "comment": "@451 [/hr_branch/conv_hr2x/conv_hr2x.0/Conv_output_0:(ty=1,shape=[1,64,256,256])] Conv [/hr_branch/Concat_3_output_0_DequantizeLinear_Output:(ty=1,shape=[1,64,256,256]),hr_branch.conv_hr2x.0.weight_DequantizeLinear_Output:(ty=1,shape=[64,64,3,3]),hr_branch.conv_hr2x.0.bias_DequantizeLinear_Output:(ty=1,shape=[64])]", "device": "NPU"}, {"output": ["/hr_branch/conv_hr2x/conv_hr2x.1/Relu_output_0"], "input": ["/hr_branch/conv_hr2x/conv_hr2x.0/Conv_output_0"], "opType": "Relu", "comment": "@452 [/hr_branch/conv_hr2x/conv_hr2x.1/Relu_output_0:(ty=1,shape=[1,64,256,256])] Relu [/hr_branch/conv_hr2x/conv_hr2x.0/Conv_output_0:(ty=1,shape=[1,64,256,256])]", "device": "NPU"}, {"output": ["/hr_branch/conv_hr2x/conv_hr2x.1/Relu_output_0_QuantizeLinear_Output"], "input": ["/hr_branch/conv_hr2x/conv_hr2x.1/Relu_output_0", "input_scale", "/hr_branch/conv_hr2x/conv_hr2x.1/Relu_output_0_zero_point"], "opType": "QuantizeLinear", "comment": "@453 [/hr_branch/conv_hr2x/conv_hr2x.1/Relu_output_0_QuantizeLinear_Output:(ty=2,shape=[1,64,256,256])] QuantizeLinear [/hr_branch/conv_hr2x/conv_hr2x.1/Relu_output_0:(ty=1,shape=[1,64,256,256]),input_scale:(ty=1,shape=[]),/hr_branch/conv_hr2x/conv_hr2x.1/Relu_output_0_zero_point:(ty=2,shape=[])]", "device": "NPU"}, {"output": ["/hr_branch/conv_hr2x/conv_hr2x.1/Relu_output_0_DequantizeLinear_Output"], "input": ["/hr_branch/conv_hr2x/conv_hr2x.1/Relu_output_0_QuantizeLinear_Output", "input_scale", "/hr_branch/conv_hr2x/conv_hr2x.1/Relu_output_0_zero_point"], "opType": "DequantizeLinear", "comment": "@454 [/hr_branch/conv_hr2x/conv_hr2x.1/Relu_output_0_DequantizeLinear_Output:(ty=1,shape=[1,64,256,256])] DequantizeLinear [/hr_branch/conv_hr2x/conv_hr2x.1/Relu_output_0_QuantizeLinear_Output:(ty=2,shape=[1,64,256,256]),input_scale:(ty=1,shape=[]),/hr_branch/conv_hr2x/conv_hr2x.1/Relu_output_0_zero_point:(ty=2,shape=[])]", "device": "NPU"}, {"output": ["hr_branch.conv_hr2x.2.weight_DequantizeLinear_Output"], "input": ["hr_branch.conv_hr2x.2.weight_quantized", "onnx::Conv_696_scale", "hr_branch.conv_hr2x.2.weight_zero_point"], "opType": "DequantizeLinear", "comment": "@15 [hr_branch.conv_hr2x.2.weight_DequantizeLinear_Output:(ty=1,shape=[32,64,3,3])] DequantizeLinear [hr_branch.conv_hr2x.2.weight_quantized:(ty=3,shape=[32,64,3,3]),onnx::Conv_696_scale:(ty=1,shape=[]),hr_branch.conv_hr2x.2.weight_zero_point:(ty=3,shape=[])]", "device": "NPU"}, {"output": ["hr_branch.conv_hr2x.2.bias_DequantizeLinear_Output"], "input": ["hr_branch.conv_hr2x.2.bias_quantized", "onnx::Conv_674_scale", "hr_branch.conv_hr2x.2.bias_zero_point"], "opType": "DequantizeLinear", "comment": "@14 [hr_branch.conv_hr2x.2.bias_DequantizeLinear_Output:(ty=1,shape=[32])] DequantizeLinear [hr_branch.conv_hr2x.2.bias_quantized:(ty=3,shape=[32]),onnx::Conv_674_scale:(ty=1,shape=[]),hr_branch.conv_hr2x.2.bias_zero_point:(ty=3,shape=[])]", "device": "NPU"}, {"output": ["/hr_branch/conv_hr2x/conv_hr2x.2/Conv_output_0"], "input": ["/hr_branch/conv_hr2x/conv_hr2x.1/Relu_output_0_DequantizeLinear_Output", "hr_branch.conv_hr2x.2.weight_DequantizeLinear_Output", "hr_branch.conv_hr2x.2.bias_DequantizeLinear_Output"], "opType": "Conv", "comment": "@455 [/hr_branch/conv_hr2x/conv_hr2x.2/Conv_output_0:(ty=1,shape=[1,32,256,256])] Conv [/hr_branch/conv_hr2x/conv_hr2x.1/Relu_output_0_DequantizeLinear_Output:(ty=1,shape=[1,64,256,256]),hr_branch.conv_hr2x.2.weight_DequantizeLinear_Output:(ty=1,shape=[32,64,3,3]),hr_branch.conv_hr2x.2.bias_DequantizeLinear_Output:(ty=1,shape=[32])]", "device": "NPU"}, {"output": ["/hr_branch/conv_hr2x/conv_hr2x.3/Relu_output_0"], "input": ["/hr_branch/conv_hr2x/conv_hr2x.2/Conv_output_0"], "opType": "Relu", "comment": "@456 [/hr_branch/conv_hr2x/conv_hr2x.3/Relu_output_0:(ty=1,shape=[1,32,256,256])] Relu [/hr_branch/conv_hr2x/conv_hr2x.2/Conv_output_0:(ty=1,shape=[1,32,256,256])]", "device": "NPU"}, {"output": ["/hr_branch/conv_hr2x/conv_hr2x.3/Relu_output_0_QuantizeLinear_Output"], "input": ["/hr_branch/conv_hr2x/conv_hr2x.3/Relu_output_0", "input_scale", "/hr_branch/conv_hr2x/conv_hr2x.3/Relu_output_0_zero_point"], "opType": "QuantizeLinear", "comment": "@457 [/hr_branch/conv_hr2x/conv_hr2x.3/Relu_output_0_QuantizeLinear_Output:(ty=2,shape=[1,32,256,256])] QuantizeLinear [/hr_branch/conv_hr2x/conv_hr2x.3/Relu_output_0:(ty=1,shape=[1,32,256,256]),input_scale:(ty=1,shape=[]),/hr_branch/conv_hr2x/conv_hr2x.3/Relu_output_0_zero_point:(ty=2,shape=[])]", "device": "NPU"}, {"output": ["/hr_branch/conv_hr2x/conv_hr2x.3/Relu_output_0_DequantizeLinear_Output"], "input": ["/hr_branch/conv_hr2x/conv_hr2x.3/Relu_output_0_QuantizeLinear_Output", "input_scale", "/hr_branch/conv_hr2x/conv_hr2x.3/Relu_output_0_zero_point"], "opType": "DequantizeLinear", "comment": "@458 [/hr_branch/conv_hr2x/conv_hr2x.3/Relu_output_0_DequantizeLinear_Output:(ty=1,shape=[1,32,256,256])] DequantizeLinear [/hr_branch/conv_hr2x/conv_hr2x.3/Relu_output_0_QuantizeLinear_Output:(ty=2,shape=[1,32,256,256]),input_scale:(ty=1,shape=[]),/hr_branch/conv_hr2x/conv_hr2x.3/Relu_output_0_zero_point:(ty=2,shape=[])]", "device": "NPU"}, {"output": ["hr_branch.conv_hr2x.4.weight_DequantizeLinear_Output"], "input": ["hr_branch.conv_hr2x.4.weight_quantized", "onnx::Conv_696_scale", "hr_branch.conv_hr2x.4.weight_zero_point"], "opType": "DequantizeLinear", "comment": "@17 [hr_branch.conv_hr2x.4.weight_DequantizeLinear_Output:(ty=1,shape=[32,32,3,3])] DequantizeLinear [hr_branch.conv_hr2x.4.weight_quantized:(ty=3,shape=[32,32,3,3]),onnx::Conv_696_scale:(ty=1,shape=[]),hr_branch.conv_hr2x.4.weight_zero_point:(ty=3,shape=[])]", "device": "NPU"}, {"output": ["hr_branch.conv_hr2x.4.bias_DequantizeLinear_Output"], "input": ["hr_branch.conv_hr2x.4.bias_quantized", "onnx::Conv_674_scale", "hr_branch.conv_hr2x.4.bias_zero_point"], "opType": "DequantizeLinear", "comment": "@16 [hr_branch.conv_hr2x.4.bias_DequantizeLinear_Output:(ty=1,shape=[32])] DequantizeLinear [hr_branch.conv_hr2x.4.bias_quantized:(ty=3,shape=[32]),onnx::Conv_674_scale:(ty=1,shape=[]),hr_branch.conv_hr2x.4.bias_zero_point:(ty=3,shape=[])]", "device": "NPU"}, {"output": ["/hr_branch/conv_hr2x/conv_hr2x.4/Conv_output_0"], "input": ["/hr_branch/conv_hr2x/conv_hr2x.3/Relu_output_0_DequantizeLinear_Output", "hr_branch.conv_hr2x.4.weight_DequantizeLinear_Output", "hr_branch.conv_hr2x.4.bias_DequantizeLinear_Output"], "opType": "Conv", "comment": "@459 [/hr_branch/conv_hr2x/conv_hr2x.4/Conv_output_0:(ty=1,shape=[1,32,256,256])] Conv [/hr_branch/conv_hr2x/conv_hr2x.3/Relu_output_0_DequantizeLinear_Output:(ty=1,shape=[1,32,256,256]),hr_branch.conv_hr2x.4.weight_DequantizeLinear_Output:(ty=1,shape=[32,32,3,3]),hr_branch.conv_hr2x.4.bias_DequantizeLinear_Output:(ty=1,shape=[32])]", "device": "NPU"}, {"output": ["/hr_branch/conv_hr2x/conv_hr2x.5/Relu_output_0"], "input": ["/hr_branch/conv_hr2x/conv_hr2x.4/Conv_output_0"], "opType": "Relu", "comment": "@460 [/hr_branch/conv_hr2x/conv_hr2x.5/Relu_output_0:(ty=1,shape=[1,32,256,256])] Relu [/hr_branch/conv_hr2x/conv_hr2x.4/Conv_output_0:(ty=1,shape=[1,32,256,256])]", "device": "NPU"}, {"output": ["/hr_branch/conv_hr2x/conv_hr2x.5/Relu_output_0_QuantizeLinear_Output"], "input": ["/hr_branch/conv_hr2x/conv_hr2x.5/Relu_output_0", "input_scale", "/hr_branch/conv_hr2x/conv_hr2x.5/Relu_output_0_zero_point"], "opType": "QuantizeLinear", "comment": "@461 [/hr_branch/conv_hr2x/conv_hr2x.5/Relu_output_0_QuantizeLinear_Output:(ty=2,shape=[1,32,256,256])] QuantizeLinear [/hr_branch/conv_hr2x/conv_hr2x.5/Relu_output_0:(ty=1,shape=[1,32,256,256]),input_scale:(ty=1,shape=[]),/hr_branch/conv_hr2x/conv_hr2x.5/Relu_output_0_zero_point:(ty=2,shape=[])]", "device": "NPU"}, {"output": ["/hr_branch/conv_hr2x/conv_hr2x.5/Relu_output_0_DequantizeLinear_Output"], "input": ["/hr_branch/conv_hr2x/conv_hr2x.5/Relu_output_0_QuantizeLinear_Output", "input_scale", "/hr_branch/conv_hr2x/conv_hr2x.5/Relu_output_0_zero_point"], "opType": "DequantizeLinear", "comment": "@462 [/hr_branch/conv_hr2x/conv_hr2x.5/Relu_output_0_DequantizeLinear_Output:(ty=1,shape=[1,32,256,256])] DequantizeLinear [/hr_branch/conv_hr2x/conv_hr2x.5/Relu_output_0_QuantizeLinear_Output:(ty=2,shape=[1,32,256,256]),input_scale:(ty=1,shape=[]),/hr_branch/conv_hr2x/conv_hr2x.5/Relu_output_0_zero_point:(ty=2,shape=[])]", "device": "NPU"}, {"output": ["hr_branch.conv_hr2x.6.weight_DequantizeLinear_Output"], "input": ["hr_branch.conv_hr2x.6.weight_quantized", "onnx::Conv_696_scale", "hr_branch.conv_hr2x.6.weight_zero_point"], "opType": "DequantizeLinear", "comment": "@19 [hr_branch.conv_hr2x.6.weight_DequantizeLinear_Output:(ty=1,shape=[32,32,3,3])] DequantizeLinear [hr_branch.conv_hr2x.6.weight_quantized:(ty=3,shape=[32,32,3,3]),onnx::Conv_696_scale:(ty=1,shape=[]),hr_branch.conv_hr2x.6.weight_zero_point:(ty=3,shape=[])]", "device": "NPU"}, {"output": ["hr_branch.conv_hr2x.6.bias_DequantizeLinear_Output"], "input": ["hr_branch.conv_hr2x.6.bias_quantized", "onnx::Conv_674_scale", "hr_branch.conv_hr2x.6.bias_zero_point"], "opType": "DequantizeLinear", "comment": "@18 [hr_branch.conv_hr2x.6.bias_DequantizeLinear_Output:(ty=1,shape=[32])] DequantizeLinear [hr_branch.conv_hr2x.6.bias_quantized:(ty=3,shape=[32]),onnx::Conv_674_scale:(ty=1,shape=[]),hr_branch.conv_hr2x.6.bias_zero_point:(ty=3,shape=[])]", "device": "NPU"}, {"output": ["/hr_branch/conv_hr2x/conv_hr2x.6/Conv_output_0"], "input": ["/hr_branch/conv_hr2x/conv_hr2x.5/Relu_output_0_DequantizeLinear_Output", "hr_branch.conv_hr2x.6.weight_DequantizeLinear_Output", "hr_branch.conv_hr2x.6.bias_DequantizeLinear_Output"], "opType": "Conv", "comment": "@463 [/hr_branch/conv_hr2x/conv_hr2x.6/Conv_output_0:(ty=1,shape=[1,32,256,256])] Conv [/hr_branch/conv_hr2x/conv_hr2x.5/Relu_output_0_DequantizeLinear_Output:(ty=1,shape=[1,32,256,256]),hr_branch.conv_hr2x.6.weight_DequantizeLinear_Output:(ty=1,shape=[32,32,3,3]),hr_branch.conv_hr2x.6.bias_DequantizeLinear_Output:(ty=1,shape=[32])]", "device": "NPU"}, {"output": ["/hr_branch/conv_hr2x/conv_hr2x.7/Relu_output_0"], "input": ["/hr_branch/conv_hr2x/conv_hr2x.6/Conv_output_0"], "opType": "Relu", "comment": "@464 [/hr_branch/conv_hr2x/conv_hr2x.7/Relu_output_0:(ty=1,shape=[1,32,256,256])] Relu [/hr_branch/conv_hr2x/conv_hr2x.6/Conv_output_0:(ty=1,shape=[1,32,256,256])]", "device": "NPU"}, {"output": ["/hr_branch/conv_hr2x/conv_hr2x.7/Relu_output_0_QuantizeLinear_Output"], "input": ["/hr_branch/conv_hr2x/conv_hr2x.7/Relu_output_0", "/hr_branch/conv_hr2x/conv_hr2x.7/Relu_output_0_scale", "/hr_branch/conv_hr2x/conv_hr2x.7/Relu_output_0_zero_point"], "opType": "QuantizeLinear", "comment": "@465 [/hr_branch/conv_hr2x/conv_hr2x.7/Relu_output_0_QuantizeLinear_Output:(ty=2,shape=[1,32,256,256])] QuantizeLinear [/hr_branch/conv_hr2x/conv_hr2x.7/Relu_output_0:(ty=1,shape=[1,32,256,256]),/hr_branch/conv_hr2x/conv_hr2x.7/Relu_output_0_scale:(ty=1,shape=[]),/hr_branch/conv_hr2x/conv_hr2x.7/Relu_output_0_zero_point:(ty=2,shape=[])]", "device": "NPU"}, {"output": ["/hr_branch/conv_hr2x/conv_hr2x.7/Relu_output_0_DequantizeLinear_Output"], "input": ["/hr_branch/conv_hr2x/conv_hr2x.7/Relu_output_0_QuantizeLinear_Output", "/hr_branch/conv_hr2x/conv_hr2x.7/Relu_output_0_scale", "/hr_branch/conv_hr2x/conv_hr2x.7/Relu_output_0_zero_point"], "opType": "DequantizeLinear", "comment": "@466 [/hr_branch/conv_hr2x/conv_hr2x.7/Relu_output_0_DequantizeLinear_Output:(ty=1,shape=[1,32,256,256])] DequantizeLinear [/hr_branch/conv_hr2x/conv_hr2x.7/Relu_output_0_QuantizeLinear_Output:(ty=2,shape=[1,32,256,256]),/hr_branch/conv_hr2x/conv_hr2x.7/Relu_output_0_scale:(ty=1,shape=[]),/hr_branch/conv_hr2x/conv_hr2x.7/Relu_output_0_zero_point:(ty=2,shape=[])]", "device": "NPU"}, {"output": ["/hr_branch/Resize_2_output_0_DequantizeLinear_Output/duplicated"], "input": ["/hr_branch/Resize_2_output_0_QuantizeLinear_Output", "/lr_branch/backbone/features.2/conv/conv.5/Clip_output_0_scale", "/lr_branch/conv_lr8x/conv_lr8x.1/Relu_output_0_zero_point"], "opType": "DequantizeLinear", "comment": "@506 [/hr_branch/Resize_2_output_0_DequantizeLinear_Output/duplicated:(ty=1,shape=[1,32,128,128])] DequantizeLinear [/hr_branch/Resize_2_output_0_QuantizeLinear_Output:(ty=2,shape=[1,32,128,128]),/lr_branch/backbone/features.2/conv/conv.5/Clip_output_0_scale:(ty=1,shape=[]),/lr_branch/conv_lr8x/conv_lr8x.1/Relu_output_0_zero_point:(ty=2,shape=[])]", "device": "NPU"}, {"output": ["f_branch.conv_lr4x.0.weight_DequantizeLinear_Output"], "input": ["f_branch.conv_lr4x.0.weight_quantized", "onnx::Conv_722_scale", "f_branch.conv_lr4x.0.weight_zero_point"], "opType": "DequantizeLinear", "comment": "@7 [f_branch.conv_lr4x.0.weight_DequantizeLinear_Output:(ty=1,shape=[32,32,5,5])] DequantizeLinear [f_branch.conv_lr4x.0.weight_quantized:(ty=3,shape=[32,32,5,5]),onnx::Conv_722_scale:(ty=1,shape=[]),f_branch.conv_lr4x.0.weight_zero_point:(ty=3,shape=[])]", "device": "NPU"}, {"output": ["f_branch.conv_lr4x.0.bias_DequantizeLinear_Output"], "input": ["f_branch.conv_lr4x.0.bias_quantized", "onnx::Conv_683_scale", "f_branch.conv_lr4x.0.bias_zero_point"], "opType": "DequantizeLinear", "comment": "@6 [f_branch.conv_lr4x.0.bias_DequantizeLinear_Output:(ty=1,shape=[32])] DequantizeLinear [f_branch.conv_lr4x.0.bias_quantized:(ty=3,shape=[32]),onnx::Conv_683_scale:(ty=1,shape=[]),f_branch.conv_lr4x.0.bias_zero_point:(ty=3,shape=[])]", "device": "NPU"}, {"output": ["/f_branch/conv_lr4x/conv_lr4x.0/Conv_output_0"], "input": ["/hr_branch/Resize_2_output_0_DequantizeLinear_Output/duplicated", "f_branch.conv_lr4x.0.weight_DequantizeLinear_Output", "f_branch.conv_lr4x.0.bias_DequantizeLinear_Output"], "opType": "Conv", "comment": "@424 [/f_branch/conv_lr4x/conv_lr4x.0/Conv_output_0:(ty=1,shape=[1,32,128,128])] Conv [/hr_branch/Resize_2_output_0_DequantizeLinear_Output/duplicated:(ty=1,shape=[1,32,128,128]),f_branch.conv_lr4x.0.weight_DequantizeLinear_Output:(ty=1,shape=[32,32,5,5]),f_branch.conv_lr4x.0.bias_DequantizeLinear_Output:(ty=1,shape=[32])]", "device": "NPU"}, {"output": ["/f_branch/conv_lr4x/conv_lr4x.1/Relu_output_0"], "input": ["/f_branch/conv_lr4x/conv_lr4x.0/Conv_output_0"], "opType": "Relu", "comment": "@426 [/f_branch/conv_lr4x/conv_lr4x.1/Relu_output_0:(ty=1,shape=[1,32,128,128])] Relu [/f_branch/conv_lr4x/conv_lr4x.0/Conv_output_0:(ty=1,shape=[1,32,128,128])]", "device": "NPU"}, {"output": ["/f_branch/conv_lr4x/conv_lr4x.1/Relu_output_0_QuantizeLinear_Output"], "input": ["/f_branch/conv_lr4x/conv_lr4x.1/Relu_output_0", "/hr_branch/conv_hr2x/conv_hr2x.7/Relu_output_0_scale", "/f_branch/conv_lr4x/conv_lr4x.1/Relu_output_0_zero_point"], "opType": "QuantizeLinear", "comment": "@428 [/f_branch/conv_lr4x/conv_lr4x.1/Relu_output_0_QuantizeLinear_Output:(ty=2,shape=[1,32,128,128])] QuantizeLinear [/f_branch/conv_lr4x/conv_lr4x.1/Relu_output_0:(ty=1,shape=[1,32,128,128]),/hr_branch/conv_hr2x/conv_hr2x.7/Relu_output_0_scale:(ty=1,shape=[]),/f_branch/conv_lr4x/conv_lr4x.1/Relu_output_0_zero_point:(ty=2,shape=[])]", "device": "NPU"}, {"output": ["/f_branch/conv_lr4x/conv_lr4x.1/Relu_output_0_DequantizeLinear_Output"], "input": ["/f_branch/conv_lr4x/conv_lr4x.1/Relu_output_0_QuantizeLinear_Output", "/hr_branch/conv_hr2x/conv_hr2x.7/Relu_output_0_scale", "/f_branch/conv_lr4x/conv_lr4x.1/Relu_output_0_zero_point"], "opType": "DequantizeLinear", "comment": "@430 [/f_branch/conv_lr4x/conv_lr4x.1/Relu_output_0_DequantizeLinear_Output:(ty=1,shape=[1,32,128,128])] DequantizeLinear [/f_branch/conv_lr4x/conv_lr4x.1/Relu_output_0_QuantizeLinear_Output:(ty=2,shape=[1,32,128,128]),/hr_branch/conv_hr2x/conv_hr2x.7/Relu_output_0_scale:(ty=1,shape=[]),/f_branch/conv_lr4x/conv_lr4x.1/Relu_output_0_zero_point:(ty=2,shape=[])]", "device": "NPU"}, {"output": ["/f_branch/Resize_1_output_0"], "input": ["/f_branch/conv_lr4x/conv_lr4x.1/Relu_output_0_DequantizeLinear_Output", "VAIP_NOT_EXISTS", "/lr_branch/Constant_output_0"], "opType": "Resize", "comment": "@432 [/f_branch/Resize_1_output_0:(ty=1,shape=[1,32,256,256])] Resize [/f_branch/conv_lr4x/conv_lr4x.1/Relu_output_0_DequantizeLinear_Output:(ty=1,shape=[1,32,128,128]),N/A,/lr_branch/Constant_output_0:(ty=1,shape=[4])]", "device": "NPU"}, {"output": ["/f_branch/Resize_1_output_0_QuantizeLinear_Output"], "input": ["/f_branch/Resize_1_output_0", "/hr_branch/conv_hr2x/conv_hr2x.7/Relu_output_0_scale", "/f_branch/conv_lr4x/conv_lr4x.1/Relu_output_0_zero_point"], "opType": "QuantizeLinear", "comment": "@434 [/f_branch/Resize_1_output_0_QuantizeLinear_Output:(ty=2,shape=[1,32,256,256])] QuantizeLinear [/f_branch/Resize_1_output_0:(ty=1,shape=[1,32,256,256]),/hr_branch/conv_hr2x/conv_hr2x.7/Relu_output_0_scale:(ty=1,shape=[]),/f_branch/conv_lr4x/conv_lr4x.1/Relu_output_0_zero_point:(ty=2,shape=[])]", "device": "NPU"}, {"output": ["/f_branch/Resize_1_output_0_DequantizeLinear_Output"], "input": ["/f_branch/Resize_1_output_0_QuantizeLinear_Output", "/hr_branch/conv_hr2x/conv_hr2x.7/Relu_output_0_scale", "/f_branch/conv_lr4x/conv_lr4x.1/Relu_output_0_zero_point"], "opType": "DequantizeLinear", "comment": "@436 [/f_branch/Resize_1_output_0_DequantizeLinear_Output:(ty=1,shape=[1,32,256,256])] DequantizeLinear [/f_branch/Resize_1_output_0_QuantizeLinear_Output:(ty=2,shape=[1,32,256,256]),/hr_branch/conv_hr2x/conv_hr2x.7/Relu_output_0_scale:(ty=1,shape=[]),/f_branch/conv_lr4x/conv_lr4x.1/Relu_output_0_zero_point:(ty=2,shape=[])]", "device": "NPU"}, {"output": ["/f_branch/Concat_output_0"], "input": ["/f_branch/Resize_1_output_0_DequantizeLinear_Output", "/hr_branch/conv_hr2x/conv_hr2x.7/Relu_output_0_DequantizeLinear_Output"], "opType": "Concat", "comment": "@467 [/f_branch/Concat_output_0:(ty=1,shape=[1,64,256,256])] Concat [/f_branch/Resize_1_output_0_DequantizeLinear_Output:(ty=1,shape=[1,32,256,256]),/hr_branch/conv_hr2x/conv_hr2x.7/Relu_output_0_DequantizeLinear_Output:(ty=1,shape=[1,32,256,256])]", "device": "NPU"}, {"output": ["/f_branch/Concat_output_0_QuantizeLinear_Output"], "input": ["/f_branch/Concat_output_0", "/hr_branch/conv_hr2x/conv_hr2x.7/Relu_output_0_scale", "/f_branch/Concat_output_0_zero_point"], "opType": "QuantizeLinear", "comment": "@468 [/f_branch/Concat_output_0_QuantizeLinear_Output:(ty=2,shape=[1,64,256,256])] QuantizeLinear [/f_branch/Concat_output_0:(ty=1,shape=[1,64,256,256]),/hr_branch/conv_hr2x/conv_hr2x.7/Relu_output_0_scale:(ty=1,shape=[]),/f_branch/Concat_output_0_zero_point:(ty=2,shape=[])]", "device": "NPU"}, {"output": ["/f_branch/Concat_output_0_DequantizeLinear_Output"], "input": ["/f_branch/Concat_output_0_QuantizeLinear_Output", "/hr_branch/conv_hr2x/conv_hr2x.7/Relu_output_0_scale", "/f_branch/Concat_output_0_zero_point"], "opType": "DequantizeLinear", "comment": "@469 [/f_branch/Concat_output_0_DequantizeLinear_Output:(ty=1,shape=[1,64,256,256])] DequantizeLinear [/f_branch/Concat_output_0_QuantizeLinear_Output:(ty=2,shape=[1,64,256,256]),/hr_branch/conv_hr2x/conv_hr2x.7/Relu_output_0_scale:(ty=1,shape=[]),/f_branch/Concat_output_0_zero_point:(ty=2,shape=[])]", "device": "NPU"}, {"output": ["f_branch.conv_f2x.0.weight_DequantizeLinear_Output"], "input": ["f_branch.conv_f2x.0.weight_quantized", "onnx::Conv_758_scale", "f_branch.conv_f2x.0.weight_zero_point"], "opType": "DequantizeLinear", "comment": "@5 [f_branch.conv_f2x.0.weight_DequantizeLinear_Output:(ty=1,shape=[32,64,3,3])] DequantizeLinear [f_branch.conv_f2x.0.weight_quantized:(ty=3,shape=[32,64,3,3]),onnx::Conv_758_scale:(ty=1,shape=[]),f_branch.conv_f2x.0.weight_zero_point:(ty=3,shape=[])]", "device": "NPU"}, {"output": ["f_branch.conv_f2x.0.bias_DequantizeLinear_Output"], "input": ["f_branch.conv_f2x.0.bias_quantized", "onnx::Conv_674_scale", "f_branch.conv_f2x.0.bias_zero_point"], "opType": "DequantizeLinear", "comment": "@4 [f_branch.conv_f2x.0.bias_DequantizeLinear_Output:(ty=1,shape=[32])] DequantizeLinear [f_branch.conv_f2x.0.bias_quantized:(ty=3,shape=[32]),onnx::Conv_674_scale:(ty=1,shape=[]),f_branch.conv_f2x.0.bias_zero_point:(ty=3,shape=[])]", "device": "NPU"}, {"output": ["/f_branch/conv_f2x/conv_f2x.0/Conv_output_0"], "input": ["/f_branch/Concat_output_0_DequantizeLinear_Output", "f_branch.conv_f2x.0.weight_DequantizeLinear_Output", "f_branch.conv_f2x.0.bias_DequantizeLinear_Output"], "opType": "Conv", "comment": "@470 [/f_branch/conv_f2x/conv_f2x.0/Conv_output_0:(ty=1,shape=[1,32,256,256])] Conv [/f_branch/Concat_output_0_DequantizeLinear_Output:(ty=1,shape=[1,64,256,256]),f_branch.conv_f2x.0.weight_DequantizeLinear_Output:(ty=1,shape=[32,64,3,3]),f_branch.conv_f2x.0.bias_DequantizeLinear_Output:(ty=1,shape=[32])]", "device": "NPU"}, {"output": ["/f_branch/conv_f2x/conv_f2x.1/Relu_output_0"], "input": ["/f_branch/conv_f2x/conv_f2x.0/Conv_output_0"], "opType": "Relu", "comment": "@471 [/f_branch/conv_f2x/conv_f2x.1/Relu_output_0:(ty=1,shape=[1,32,256,256])] Relu [/f_branch/conv_f2x/conv_f2x.0/Conv_output_0:(ty=1,shape=[1,32,256,256])]", "device": "NPU"}, {"output": ["/f_branch/conv_f2x/conv_f2x.1/Relu_output_0_QuantizeLinear_Output"], "input": ["/f_branch/conv_f2x/conv_f2x.1/Relu_output_0", "input_scale", "/f_branch/conv_f2x/conv_f2x.1/Relu_output_0_zero_point"], "opType": "QuantizeLinear", "comment": "@472 [/f_branch/conv_f2x/conv_f2x.1/Relu_output_0_QuantizeLinear_Output:(ty=2,shape=[1,32,256,256])] QuantizeLinear [/f_branch/conv_f2x/conv_f2x.1/Relu_output_0:(ty=1,shape=[1,32,256,256]),input_scale:(ty=1,shape=[]),/f_branch/conv_f2x/conv_f2x.1/Relu_output_0_zero_point:(ty=2,shape=[])]", "device": "NPU"}, {"output": ["/f_branch/conv_f2x/conv_f2x.1/Relu_output_0_DequantizeLinear_Output"], "input": ["/f_branch/conv_f2x/conv_f2x.1/Relu_output_0_QuantizeLinear_Output", "input_scale", "/f_branch/conv_f2x/conv_f2x.1/Relu_output_0_zero_point"], "opType": "DequantizeLinear", "comment": "@473 [/f_branch/conv_f2x/conv_f2x.1/Relu_output_0_DequantizeLinear_Output:(ty=1,shape=[1,32,256,256])] DequantizeLinear [/f_branch/conv_f2x/conv_f2x.1/Relu_output_0_QuantizeLinear_Output:(ty=2,shape=[1,32,256,256]),input_scale:(ty=1,shape=[]),/f_branch/conv_f2x/conv_f2x.1/Relu_output_0_zero_point:(ty=2,shape=[])]", "device": "NPU"}, {"output": ["/f_branch/Resize_2_output_0"], "input": ["/f_branch/conv_f2x/conv_f2x.1/Relu_output_0_DequantizeLinear_Output", "VAIP_NOT_EXISTS", "/lr_branch/Constant_output_0"], "opType": "Resize", "comment": "@474 [/f_branch/Resize_2_output_0:(ty=1,shape=[1,32,512,512])] Resize [/f_branch/conv_f2x/conv_f2x.1/Relu_output_0_DequantizeLinear_Output:(ty=1,shape=[1,32,256,256]),N/A,/lr_branch/Constant_output_0:(ty=1,shape=[4])]", "device": "NPU"}, {"output": ["/f_branch/Resize_2_output_0_QuantizeLinear_Output"], "input": ["/f_branch/Resize_2_output_0", "input_scale", "/f_branch/conv_f2x/conv_f2x.1/Relu_output_0_zero_point"], "opType": "QuantizeLinear", "comment": "@475 [/f_branch/Resize_2_output_0_QuantizeLinear_Output:(ty=2,shape=[1,32,512,512])] QuantizeLinear [/f_branch/Resize_2_output_0:(ty=1,shape=[1,32,512,512]),input_scale:(ty=1,shape=[]),/f_branch/conv_f2x/conv_f2x.1/Relu_output_0_zero_point:(ty=2,shape=[])]", "device": "NPU"}, {"output": ["/f_branch/Resize_2_output_0_DequantizeLinear_Output"], "input": ["/f_branch/Resize_2_output_0_QuantizeLinear_Output", "input_scale", "/f_branch/conv_f2x/conv_f2x.1/Relu_output_0_zero_point"], "opType": "DequantizeLinear", "comment": "@476 [/f_branch/Resize_2_output_0_DequantizeLinear_Output:(ty=1,shape=[1,32,512,512])] DequantizeLinear [/f_branch/Resize_2_output_0_QuantizeLinear_Output:(ty=2,shape=[1,32,512,512]),input_scale:(ty=1,shape=[]),/f_branch/conv_f2x/conv_f2x.1/Relu_output_0_zero_point:(ty=2,shape=[])]", "device": "NPU"}, {"output": ["/f_branch/Concat_1_output_0"], "input": ["/f_branch/Resize_2_output_0_DequantizeLinear_Output", "input_DequantizeLinear_Output/duplicated_token_2"], "opType": "Concat", "comment": "@477 [/f_branch/Concat_1_output_0:(ty=1,shape=[1,35,512,512])] Concat [/f_branch/Resize_2_output_0_DequantizeLinear_Output:(ty=1,shape=[1,32,512,512]),input_DequantizeLinear_Output/duplicated_token_2:(ty=1,shape=[1,3,512,512])]", "device": "NPU"}, {"output": ["/f_branch/Concat_1_output_0_QuantizeLinear_Output"], "input": ["/f_branch/Concat_1_output_0", "input_scale", "/f_branch/Concat_1_output_0_zero_point"], "opType": "QuantizeLinear", "comment": "@478 [/f_branch/Concat_1_output_0_QuantizeLinear_Output:(ty=2,shape=[1,35,512,512])] QuantizeLinear [/f_branch/Concat_1_output_0:(ty=1,shape=[1,35,512,512]),input_scale:(ty=1,shape=[]),/f_branch/Concat_1_output_0_zero_point:(ty=2,shape=[])]", "device": "NPU"}, {"output": ["/f_branch/Concat_1_output_0_DequantizeLinear_Output"], "input": ["/f_branch/Concat_1_output_0_QuantizeLinear_Output", "input_scale", "/f_branch/Concat_1_output_0_zero_point"], "opType": "DequantizeLinear", "comment": "@479 [/f_branch/Concat_1_output_0_DequantizeLinear_Output:(ty=1,shape=[1,35,512,512])] DequantizeLinear [/f_branch/Concat_1_output_0_QuantizeLinear_Output:(ty=2,shape=[1,35,512,512]),input_scale:(ty=1,shape=[]),/f_branch/Concat_1_output_0_zero_point:(ty=2,shape=[])]", "device": "NPU"}, {"output": ["f_branch.conv_f.0.weight_DequantizeLinear_Output"], "input": ["f_branch.conv_f.0.weight_quantized", "onnx::Conv_674_scale", "f_branch.conv_f.0.weight_zero_point"], "opType": "DequantizeLinear", "comment": "@1 [f_branch.conv_f.0.weight_DequantizeLinear_Output:(ty=1,shape=[16,35,3,3])] DequantizeLinear [f_branch.conv_f.0.weight_quantized:(ty=3,shape=[16,35,3,3]),onnx::Conv_674_scale:(ty=1,shape=[]),f_branch.conv_f.0.weight_zero_point:(ty=3,shape=[])]", "device": "NPU"}, {"output": ["f_branch.conv_f.0.bias_DequantizeLinear_Output"], "input": ["f_branch.conv_f.0.bias_quantized", "onnx::Conv_683_scale", "f_branch.conv_f.0.bias_zero_point"], "opType": "DequantizeLinear", "comment": "@0 [f_branch.conv_f.0.bias_DequantizeLinear_Output:(ty=1,shape=[16])] DequantizeLinear [f_branch.conv_f.0.bias_quantized:(ty=3,shape=[16]),onnx::Conv_683_scale:(ty=1,shape=[]),f_branch.conv_f.0.bias_zero_point:(ty=3,shape=[])]", "device": "NPU"}, {"output": ["/f_branch/conv_f/conv_f.0/Conv_output_0"], "input": ["/f_branch/Concat_1_output_0_DequantizeLinear_Output", "f_branch.conv_f.0.weight_DequantizeLinear_Output", "f_branch.conv_f.0.bias_DequantizeLinear_Output"], "opType": "Conv", "comment": "@480 [/f_branch/conv_f/conv_f.0/Conv_output_0:(ty=1,shape=[1,16,512,512])] Conv [/f_branch/Concat_1_output_0_DequantizeLinear_Output:(ty=1,shape=[1,35,512,512]),f_branch.conv_f.0.weight_DequantizeLinear_Output:(ty=1,shape=[16,35,3,3]),f_branch.conv_f.0.bias_DequantizeLinear_Output:(ty=1,shape=[16])]", "device": "NPU"}, {"output": ["/f_branch/conv_f/conv_f.1/Relu_output_0"], "input": ["/f_branch/conv_f/conv_f.0/Conv_output_0"], "opType": "Relu", "comment": "@481 [/f_branch/conv_f/conv_f.1/Relu_output_0:(ty=1,shape=[1,16,512,512])] Relu [/f_branch/conv_f/conv_f.0/Conv_output_0:(ty=1,shape=[1,16,512,512])]", "device": "NPU"}, {"output": ["/f_branch/conv_f/conv_f.1/Relu_output_0_QuantizeLinear_Output"], "input": ["/f_branch/conv_f/conv_f.1/Relu_output_0", "onnx::Conv_662_scale", "/f_branch/conv_f/conv_f.1/Relu_output_0_zero_point"], "opType": "QuantizeLinear", "comment": "@482 [/f_branch/conv_f/conv_f.1/Relu_output_0_QuantizeLinear_Output:(ty=2,shape=[1,16,512,512])] QuantizeLinear [/f_branch/conv_f/conv_f.1/Relu_output_0:(ty=1,shape=[1,16,512,512]),onnx::Conv_662_scale:(ty=1,shape=[]),/f_branch/conv_f/conv_f.1/Relu_output_0_zero_point:(ty=2,shape=[])]", "device": "NPU"}, {"output": ["/f_branch/conv_f/conv_f.1/Relu_output_0_DequantizeLinear_Output"], "input": ["/f_branch/conv_f/conv_f.1/Relu_output_0_QuantizeLinear_Output", "onnx::Conv_662_scale", "/f_branch/conv_f/conv_f.1/Relu_output_0_zero_point"], "opType": "DequantizeLinear", "comment": "@483 [/f_branch/conv_f/conv_f.1/Relu_output_0_DequantizeLinear_Output:(ty=1,shape=[1,16,512,512])] DequantizeLinear [/f_branch/conv_f/conv_f.1/Relu_output_0_QuantizeLinear_Output:(ty=2,shape=[1,16,512,512]),onnx::Conv_662_scale:(ty=1,shape=[]),/f_branch/conv_f/conv_f.1/Relu_output_0_zero_point:(ty=2,shape=[])]", "device": "NPU"}, {"output": ["f_branch.conv_f.2.weight_DequantizeLinear_Output"], "input": ["f_branch.conv_f.2.weight_quantized", "onnx::Conv_683_scale", "f_branch.conv_f.2.weight_zero_point"], "opType": "DequantizeLinear", "comment": "@3 [f_branch.conv_f.2.weight_DequantizeLinear_Output:(ty=1,shape=[1,16,1,1])] DequantizeLinear [f_branch.conv_f.2.weight_quantized:(ty=3,shape=[1,16,1,1]),onnx::Conv_683_scale:(ty=1,shape=[]),f_branch.conv_f.2.weight_zero_point:(ty=3,shape=[])]", "device": "NPU"}, {"output": ["f_branch.conv_f.2.bias_DequantizeLinear_Output"], "input": ["f_branch.conv_f.2.bias_quantized", "onnx::Conv_722_scale", "f_branch.conv_f.2.bias_zero_point"], "opType": "DequantizeLinear", "comment": "@2 [f_branch.conv_f.2.bias_DequantizeLinear_Output:(ty=1,shape=[1])] DequantizeLinear [f_branch.conv_f.2.bias_quantized:(ty=3,shape=[1]),onnx::Conv_722_scale:(ty=1,shape=[]),f_branch.conv_f.2.bias_zero_point:(ty=3,shape=[])]", "device": "NPU"}, {"output": ["logits_QuantizeLinear_Input"], "input": ["/f_branch/conv_f/conv_f.1/Relu_output_0_DequantizeLinear_Output", "f_branch.conv_f.2.weight_DequantizeLinear_Output", "f_branch.conv_f.2.bias_DequantizeLinear_Output"], "opType": "Conv", "comment": "@484 [logits_QuantizeLinear_Input:(ty=1,shape=[1,1,512,512])] Conv [/f_branch/conv_f/conv_f.1/Relu_output_0_DequantizeLinear_Output:(ty=1,shape=[1,16,512,512]),f_branch.conv_f.2.weight_DequantizeLinear_Output:(ty=1,shape=[1,16,1,1]),f_branch.conv_f.2.bias_DequantizeLinear_Output:(ty=1,shape=[1])]", "device": "NPU"}, {"output": ["logits_QuantizeLinear_Output"], "input": ["logits_QuantizeLinear_Input", "logits_scale", "logits_zero_point"], "opType": "QuantizeLinear", "comment": "@485 [logits_QuantizeLinear_Output:(ty=2,shape=[1,1,512,512])] QuantizeLinear [logits_QuantizeLinear_Input:(ty=1,shape=[1,1,512,512]),logits_scale:(ty=1,shape=[]),logits_zero_point:(ty=2,shape=[])]", "device": "NPU"}, {"output": ["logits"], "input": ["logits_QuantizeLinear_Output", "logits_scale", "logits_zero_point"], "opType": "DequantizeLinear", "comment": "@486 [logits:(ty=1,shape=[1,1,512,512])] DequantizeLinear [logits_QuantizeLinear_Output:(ty=2,shape=[1,1,512,512]),logits_scale:(ty=1,shape=[]),logits_zero_point:(ty=2,shape=[])]", "device": "CPU"}], "shapeInfo": [{"name": "input_QuantizeLinear_Output", "shape": ["1", "3", "512", "512"]}, {"name": "input_DequantizeLinear_Output/duplicated_token_2", "shape": ["1", "3", "512", "512"]}, {"name": "input_DequantizeLinear_Output/duplicated_token_0", "shape": ["1", "3", "512", "512"]}, {"name": "onnx::Conv_660_DequantizeLinear_Output", "shape": ["32"]}, {"name": "onnx::Conv_659_DequantizeLinear_Output", "shape": ["32", "3", "3", "3"]}, {"name": "/lr_branch/backbone/features.0/features.0.0/Conv_output_0", "shape": ["1", "32", "256", "256"]}, {"name": "/lr_branch/backbone/features.0/features.0.2/Clip_output_0", "shape": ["1", "32", "256", "256"]}, {"name": "/lr_branch/backbone/features.0/features.0.2/Clip_output_0_QuantizeLinear_Output", "shape": ["1", "32", "256", "256"]}, {"name": "/lr_branch/backbone/features.0/features.0.2/Clip_output_0_DequantizeLinear_Output", "shape": ["1", "32", "256", "256"]}, {"name": "onnx::Conv_663_DequantizeLinear_Output", "shape": ["32"]}, {"name": "onnx::Conv_662_DequantizeLinear_Output", "shape": ["32", "1", "3", "3"]}, {"name": "/lr_branch/backbone/features.1/conv/conv.0/Conv_output_0", "shape": ["1", "32", "256", "256"]}, {"name": "/lr_branch/backbone/features.1/conv/conv.2/Clip_output_0", "shape": ["1", "32", "256", "256"]}, {"name": "/lr_branch/backbone/features.1/conv/conv.2/Clip_output_0_QuantizeLinear_Output", "shape": ["1", "32", "256", "256"]}, {"name": "/lr_branch/backbone/features.1/conv/conv.2/Clip_output_0_DequantizeLinear_Output", "shape": ["1", "32", "256", "256"]}, {"name": "onnx::Conv_666_DequantizeLinear_Output", "shape": ["16"]}, {"name": "onnx::Conv_665_DequantizeLinear_Output", "shape": ["16", "32", "1", "1"]}, {"name": "/lr_branch/backbone/features.1/conv/conv.3/Conv_output_0", "shape": ["1", "16", "256", "256"]}, {"name": "/lr_branch/backbone/features.1/conv/conv.3/Conv_output_0_QuantizeLinear_Output", "shape": ["1", "16", "256", "256"]}, {"name": "/lr_branch/backbone/features.1/conv/conv.3/Conv_output_0_DequantizeLinear_Output/duplicated", "shape": ["1", "16", "256", "256"]}, {"name": "hr_branch.tohr_enc2x.0.weight_DequantizeLinear_Output", "shape": ["32", "16", "1", "1"]}, {"name": "hr_branch.tohr_enc2x.0.bias_DequantizeLinear_Output", "shape": ["32"]}, {"name": "/hr_branch/tohr_enc2x/tohr_enc2x.0/Conv_output_0", "shape": ["1", "32", "256", "256"]}, {"name": "/hr_branch/tohr_enc2x/tohr_enc2x.1/Relu_output_0", "shape": ["1", "32", "256", "256"]}, {"name": "/hr_branch/tohr_enc2x/tohr_enc2x.1/Relu_output_0_QuantizeLinear_Output", "shape": ["1", "32", "256", "256"]}, {"name": "/hr_branch/tohr_enc2x/tohr_enc2x.1/Relu_output_0_DequantizeLinear_Output/duplicated", "shape": ["1", "32", "256", "256"]}, {"name": "/lr_branch/backbone/features.1/conv/conv.3/Conv_output_0_DequantizeLinear_Output", "shape": ["1", "16", "256", "256"]}, {"name": "onnx::Conv_669_DequantizeLinear_Output", "shape": ["96"]}, {"name": "onnx::Conv_668_DequantizeLinear_Output", "shape": ["96", "16", "1", "1"]}, {"name": "/lr_branch/backbone/features.2/conv/conv.0/Conv_output_0", "shape": ["1", "96", "256", "256"]}, {"name": "/lr_branch/backbone/features.2/conv/conv.2/Clip_output_0", "shape": ["1", "96", "256", "256"]}, {"name": "/lr_branch/backbone/features.2/conv/conv.2/Clip_output_0_QuantizeLinear_Output", "shape": ["1", "96", "256", "256"]}, {"name": "/lr_branch/backbone/features.2/conv/conv.2/Clip_output_0_DequantizeLinear_Output", "shape": ["1", "96", "256", "256"]}, {"name": "onnx::Conv_672_DequantizeLinear_Output", "shape": ["96"]}, {"name": "onnx::Conv_671_DequantizeLinear_Output", "shape": ["96", "1", "3", "3"]}, {"name": "/lr_branch/backbone/features.2/conv/conv.3/Conv_output_0", "shape": ["1", "96", "128", "128"]}, {"name": "/lr_branch/backbone/features.2/conv/conv.5/Clip_output_0", "shape": ["1", "96", "128", "128"]}, {"name": "/lr_branch/backbone/features.2/conv/conv.5/Clip_output_0_QuantizeLinear_Output", "shape": ["1", "96", "128", "128"]}, {"name": "/lr_branch/backbone/features.2/conv/conv.5/Clip_output_0_DequantizeLinear_Output", "shape": ["1", "96", "128", "128"]}, {"name": "onnx::Conv_675_DequantizeLinear_Output", "shape": ["24"]}, {"name": "onnx::Conv_674_DequantizeLinear_Output", "shape": ["24", "96", "1", "1"]}, {"name": "/lr_branch/backbone/features.2/conv/conv.6/Conv_output_0", "shape": ["1", "24", "128", "128"]}, {"name": "/lr_branch/backbone/features.2/conv/conv.6/Conv_output_0_QuantizeLinear_Output", "shape": ["1", "24", "128", "128"]}, {"name": "/lr_branch/backbone/features.2/conv/conv.6/Conv_output_0_DequantizeLinear_Output/duplicated", "shape": ["1", "24", "128", "128"]}, {"name": "/lr_branch/backbone/features.2/conv/conv.6/Conv_output_0_DequantizeLinear_Output", "shape": ["1", "24", "128", "128"]}, {"name": "onnx::Conv_678_DequantizeLinear_Output", "shape": ["144"]}, {"name": "onnx::Conv_677_DequantizeLinear_Output", "shape": ["144", "24", "1", "1"]}, {"name": "/lr_branch/backbone/features.3/conv/conv.0/Conv_output_0", "shape": ["1", "144", "128", "128"]}, {"name": "/lr_branch/backbone/features.3/conv/conv.2/Clip_output_0", "shape": ["1", "144", "128", "128"]}, {"name": "/lr_branch/backbone/features.3/conv/conv.2/Clip_output_0_QuantizeLinear_Output", "shape": ["1", "144", "128", "128"]}, {"name": "/lr_branch/backbone/features.3/conv/conv.2/Clip_output_0_DequantizeLinear_Output", "shape": ["1", "144", "128", "128"]}, {"name": "onnx::Conv_681_DequantizeLinear_Output", "shape": ["144"]}, {"name": "onnx::Conv_680_DequantizeLinear_Output", "shape": ["144", "1", "3", "3"]}, {"name": "/lr_branch/backbone/features.3/conv/conv.3/Conv_output_0", "shape": ["1", "144", "128", "128"]}, {"name": "/lr_branch/backbone/features.3/conv/conv.5/Clip_output_0", "shape": ["1", "144", "128", "128"]}, {"name": "/lr_branch/backbone/features.3/conv/conv.5/Clip_output_0_QuantizeLinear_Output", "shape": ["1", "144", "128", "128"]}, {"name": "/lr_branch/backbone/features.3/conv/conv.5/Clip_output_0_DequantizeLinear_Output", "shape": ["1", "144", "128", "128"]}, {"name": "onnx::Conv_684_DequantizeLinear_Output", "shape": ["24"]}, {"name": "onnx::Conv_683_DequantizeLinear_Output", "shape": ["24", "144", "1", "1"]}, {"name": "/lr_branch/backbone/features.3/conv/conv.6/Conv_output_0", "shape": ["1", "24", "128", "128"]}, {"name": "/lr_branch/backbone/features.3/conv/conv.6/Conv_output_0_QuantizeLinear_Output", "shape": ["1", "24", "128", "128"]}, {"name": "/lr_branch/backbone/features.3/conv/conv.6/Conv_output_0_DequantizeLinear_Output", "shape": ["1", "24", "128", "128"]}, {"name": "/lr_branch/backbone/features.3/Add_output_0", "shape": ["1", "24", "128", "128"]}, {"name": "/lr_branch/backbone/features.3/Add_output_0_QuantizeLinear_Output", "shape": ["1", "24", "128", "128"]}, {"name": "/lr_branch/backbone/features.3/Add_output_0_DequantizeLinear_Output", "shape": ["1", "24", "128", "128"]}, {"name": "onnx::Conv_687_DequantizeLinear_Output", "shape": ["144"]}, {"name": "onnx::Conv_686_DequantizeLinear_Output", "shape": ["144", "24", "1", "1"]}, {"name": "/lr_branch/backbone/features.4/conv/conv.0/Conv_output_0", "shape": ["1", "144", "128", "128"]}, {"name": "/lr_branch/backbone/features.4/conv/conv.2/Clip_output_0", "shape": ["1", "144", "128", "128"]}, {"name": "/lr_branch/backbone/features.4/conv/conv.2/Clip_output_0_QuantizeLinear_Output", "shape": ["1", "144", "128", "128"]}, {"name": "/lr_branch/backbone/features.4/conv/conv.2/Clip_output_0_DequantizeLinear_Output", "shape": ["1", "144", "128", "128"]}, {"name": "onnx::Conv_690_DequantizeLinear_Output", "shape": ["144"]}, {"name": "onnx::Conv_689_DequantizeLinear_Output", "shape": ["144", "1", "3", "3"]}, {"name": "/lr_branch/backbone/features.4/conv/conv.3/Conv_output_0", "shape": ["1", "144", "64", "64"]}, {"name": "/lr_branch/backbone/features.4/conv/conv.5/Clip_output_0", "shape": ["1", "144", "64", "64"]}, {"name": "/lr_branch/backbone/features.4/conv/conv.5/Clip_output_0_QuantizeLinear_Output", "shape": ["1", "144", "64", "64"]}, {"name": "/lr_branch/backbone/features.4/conv/conv.5/Clip_output_0_DequantizeLinear_Output", "shape": ["1", "144", "64", "64"]}, {"name": "onnx::Conv_693_DequantizeLinear_Output", "shape": ["32"]}, {"name": "onnx::Conv_692_DequantizeLinear_Output", "shape": ["32", "144", "1", "1"]}, {"name": "/lr_branch/backbone/features.4/conv/conv.6/Conv_output_0", "shape": ["1", "32", "64", "64"]}, {"name": "/lr_branch/backbone/features.4/conv/conv.6/Conv_output_0_QuantizeLinear_Output", "shape": ["1", "32", "64", "64"]}, {"name": "/lr_branch/backbone/features.4/conv/conv.6/Conv_output_0_DequantizeLinear_Output/duplicated", "shape": ["1", "32", "64", "64"]}, {"name": "/lr_branch/backbone/features.4/conv/conv.6/Conv_output_0_DequantizeLinear_Output", "shape": ["1", "32", "64", "64"]}, {"name": "onnx::Conv_696_DequantizeLinear_Output", "shape": ["192"]}, {"name": "onnx::Conv_695_DequantizeLinear_Output", "shape": ["192", "32", "1", "1"]}, {"name": "/lr_branch/backbone/features.5/conv/conv.0/Conv_output_0", "shape": ["1", "192", "64", "64"]}, {"name": "/lr_branch/backbone/features.5/conv/conv.2/Clip_output_0", "shape": ["1", "192", "64", "64"]}, {"name": "/lr_branch/backbone/features.5/conv/conv.2/Clip_output_0_QuantizeLinear_Output", "shape": ["1", "192", "64", "64"]}, {"name": "/lr_branch/backbone/features.5/conv/conv.2/Clip_output_0_DequantizeLinear_Output", "shape": ["1", "192", "64", "64"]}, {"name": "onnx::Conv_699_DequantizeLinear_Output", "shape": ["192"]}, {"name": "onnx::Conv_698_DequantizeLinear_Output", "shape": ["192", "1", "3", "3"]}, {"name": "/lr_branch/backbone/features.5/conv/conv.3/Conv_output_0", "shape": ["1", "192", "64", "64"]}, {"name": "/lr_branch/backbone/features.5/conv/conv.5/Clip_output_0", "shape": ["1", "192", "64", "64"]}, {"name": "/lr_branch/backbone/features.5/conv/conv.5/Clip_output_0_QuantizeLinear_Output", "shape": ["1", "192", "64", "64"]}, {"name": "/lr_branch/backbone/features.5/conv/conv.5/Clip_output_0_DequantizeLinear_Output", "shape": ["1", "192", "64", "64"]}, {"name": "onnx::Conv_702_DequantizeLinear_Output", "shape": ["32"]}, {"name": "onnx::Conv_701_DequantizeLinear_Output", "shape": ["32", "192", "1", "1"]}, {"name": "/lr_branch/backbone/features.5/conv/conv.6/Conv_output_0", "shape": ["1", "32", "64", "64"]}, {"name": "/lr_branch/backbone/features.5/conv/conv.6/Conv_output_0_QuantizeLinear_Output", "shape": ["1", "32", "64", "64"]}, {"name": "/lr_branch/backbone/features.5/conv/conv.6/Conv_output_0_DequantizeLinear_Output", "shape": ["1", "32", "64", "64"]}, {"name": "/lr_branch/backbone/features.5/Add_output_0", "shape": ["1", "32", "64", "64"]}, {"name": "/lr_branch/backbone/features.5/Add_output_0_QuantizeLinear_Output", "shape": ["1", "32", "64", "64"]}, {"name": "/lr_branch/backbone/features.5/Add_output_0_DequantizeLinear_Output/duplicated", "shape": ["1", "32", "64", "64"]}, {"name": "/lr_branch/backbone/features.5/Add_output_0_DequantizeLinear_Output", "shape": ["1", "32", "64", "64"]}, {"name": "onnx::Conv_705_DequantizeLinear_Output", "shape": ["192"]}, {"name": "onnx::Conv_704_DequantizeLinear_Output", "shape": ["192", "32", "1", "1"]}, {"name": "/lr_branch/backbone/features.6/conv/conv.0/Conv_output_0", "shape": ["1", "192", "64", "64"]}, {"name": "/lr_branch/backbone/features.6/conv/conv.2/Clip_output_0", "shape": ["1", "192", "64", "64"]}, {"name": "/lr_branch/backbone/features.6/conv/conv.2/Clip_output_0_QuantizeLinear_Output", "shape": ["1", "192", "64", "64"]}, {"name": "/lr_branch/backbone/features.6/conv/conv.2/Clip_output_0_DequantizeLinear_Output", "shape": ["1", "192", "64", "64"]}, {"name": "onnx::Conv_708_DequantizeLinear_Output", "shape": ["192"]}, {"name": "onnx::Conv_707_DequantizeLinear_Output", "shape": ["192", "1", "3", "3"]}, {"name": "/lr_branch/backbone/features.6/conv/conv.3/Conv_output_0", "shape": ["1", "192", "64", "64"]}, {"name": "/lr_branch/backbone/features.6/conv/conv.5/Clip_output_0", "shape": ["1", "192", "64", "64"]}, {"name": "/lr_branch/backbone/features.6/conv/conv.5/Clip_output_0_QuantizeLinear_Output", "shape": ["1", "192", "64", "64"]}, {"name": "/lr_branch/backbone/features.6/conv/conv.5/Clip_output_0_DequantizeLinear_Output", "shape": ["1", "192", "64", "64"]}, {"name": "onnx::Conv_711_DequantizeLinear_Output", "shape": ["32"]}, {"name": "onnx::Conv_710_DequantizeLinear_Output", "shape": ["32", "192", "1", "1"]}, {"name": "/lr_branch/backbone/features.6/conv/conv.6/Conv_output_0", "shape": ["1", "32", "64", "64"]}, {"name": "/lr_branch/backbone/features.6/conv/conv.6/Conv_output_0_QuantizeLinear_Output", "shape": ["1", "32", "64", "64"]}, {"name": "/lr_branch/backbone/features.6/conv/conv.6/Conv_output_0_DequantizeLinear_Output", "shape": ["1", "32", "64", "64"]}, {"name": "/lr_branch/backbone/features.6/Add_output_0", "shape": ["1", "32", "64", "64"]}, {"name": "/lr_branch/backbone/features.6/Add_output_0_QuantizeLinear_Output", "shape": ["1", "32", "64", "64"]}, {"name": "/lr_branch/backbone/features.6/Add_output_0_DequantizeLinear_Output", "shape": ["1", "32", "64", "64"]}, {"name": "onnx::Conv_714_DequantizeLinear_Output", "shape": ["192"]}, {"name": "onnx::Conv_713_DequantizeLinear_Output", "shape": ["192", "32", "1", "1"]}, {"name": "/lr_branch/backbone/features.7/conv/conv.0/Conv_output_0", "shape": ["1", "192", "64", "64"]}, {"name": "/lr_branch/backbone/features.7/conv/conv.2/Clip_output_0", "shape": ["1", "192", "64", "64"]}, {"name": "/lr_branch/backbone/features.7/conv/conv.2/Clip_output_0_QuantizeLinear_Output", "shape": ["1", "192", "64", "64"]}, {"name": "/lr_branch/backbone/features.7/conv/conv.2/Clip_output_0_DequantizeLinear_Output", "shape": ["1", "192", "64", "64"]}, {"name": "onnx::Conv_717_DequantizeLinear_Output", "shape": ["192"]}, {"name": "onnx::Conv_716_DequantizeLinear_Output", "shape": ["192", "1", "3", "3"]}, {"name": "/lr_branch/backbone/features.7/conv/conv.3/Conv_output_0", "shape": ["1", "192", "32", "32"]}, {"name": "/lr_branch/backbone/features.7/conv/conv.5/Clip_output_0", "shape": ["1", "192", "32", "32"]}, {"name": "/lr_branch/backbone/features.7/conv/conv.5/Clip_output_0_QuantizeLinear_Output", "shape": ["1", "192", "32", "32"]}, {"name": "/lr_branch/backbone/features.7/conv/conv.5/Clip_output_0_DequantizeLinear_Output", "shape": ["1", "192", "32", "32"]}, {"name": "onnx::Conv_720_DequantizeLinear_Output", "shape": ["64"]}, {"name": "onnx::Conv_719_DequantizeLinear_Output", "shape": ["64", "192", "1", "1"]}, {"name": "/lr_branch/backbone/features.7/conv/conv.6/Conv_output_0", "shape": ["1", "64", "32", "32"]}, {"name": "/lr_branch/backbone/features.7/conv/conv.6/Conv_output_0_QuantizeLinear_Output", "shape": ["1", "64", "32", "32"]}, {"name": "/lr_branch/backbone/features.7/conv/conv.6/Conv_output_0_DequantizeLinear_Output/duplicated", "shape": ["1", "64", "32", "32"]}, {"name": "/lr_branch/backbone/features.7/conv/conv.6/Conv_output_0_DequantizeLinear_Output", "shape": ["1", "64", "32", "32"]}, {"name": "onnx::Conv_723_DequantizeLinear_Output", "shape": ["384"]}, {"name": "onnx::Conv_722_DequantizeLinear_Output", "shape": ["384", "64", "1", "1"]}, {"name": "/lr_branch/backbone/features.8/conv/conv.0/Conv_output_0", "shape": ["1", "384", "32", "32"]}, {"name": "/lr_branch/backbone/features.8/conv/conv.2/Clip_output_0", "shape": ["1", "384", "32", "32"]}, {"name": "/lr_branch/backbone/features.8/conv/conv.2/Clip_output_0_QuantizeLinear_Output", "shape": ["1", "384", "32", "32"]}, {"name": "/lr_branch/backbone/features.8/conv/conv.2/Clip_output_0_DequantizeLinear_Output", "shape": ["1", "384", "32", "32"]}, {"name": "onnx::Conv_726_DequantizeLinear_Output", "shape": ["384"]}, {"name": "onnx::Conv_725_DequantizeLinear_Output", "shape": ["384", "1", "3", "3"]}, {"name": "/lr_branch/backbone/features.8/conv/conv.3/Conv_output_0", "shape": ["1", "384", "32", "32"]}, {"name": "/lr_branch/backbone/features.8/conv/conv.5/Clip_output_0", "shape": ["1", "384", "32", "32"]}, {"name": "/lr_branch/backbone/features.8/conv/conv.5/Clip_output_0_QuantizeLinear_Output", "shape": ["1", "384", "32", "32"]}, {"name": "/lr_branch/backbone/features.8/conv/conv.5/Clip_output_0_DequantizeLinear_Output", "shape": ["1", "384", "32", "32"]}, {"name": "onnx::Conv_729_DequantizeLinear_Output", "shape": ["64"]}, {"name": "onnx::Conv_728_DequantizeLinear_Output", "shape": ["64", "384", "1", "1"]}, {"name": "/lr_branch/backbone/features.8/conv/conv.6/Conv_output_0", "shape": ["1", "64", "32", "32"]}, {"name": "/lr_branch/backbone/features.8/conv/conv.6/Conv_output_0_QuantizeLinear_Output", "shape": ["1", "64", "32", "32"]}, {"name": "/lr_branch/backbone/features.8/conv/conv.6/Conv_output_0_DequantizeLinear_Output", "shape": ["1", "64", "32", "32"]}, {"name": "/lr_branch/backbone/features.8/Add_output_0", "shape": ["1", "64", "32", "32"]}, {"name": "/lr_branch/backbone/features.8/Add_output_0_QuantizeLinear_Output", "shape": ["1", "64", "32", "32"]}, {"name": "/lr_branch/backbone/features.8/Add_output_0_DequantizeLinear_Output/duplicated", "shape": ["1", "64", "32", "32"]}, {"name": "/lr_branch/backbone/features.8/Add_output_0_DequantizeLinear_Output", "shape": ["1", "64", "32", "32"]}, {"name": "onnx::Conv_732_DequantizeLinear_Output", "shape": ["384"]}, {"name": "onnx::Conv_731_DequantizeLinear_Output", "shape": ["384", "64", "1", "1"]}, {"name": "/lr_branch/backbone/features.9/conv/conv.0/Conv_output_0", "shape": ["1", "384", "32", "32"]}, {"name": "/lr_branch/backbone/features.9/conv/conv.2/Clip_output_0", "shape": ["1", "384", "32", "32"]}, {"name": "/lr_branch/backbone/features.9/conv/conv.2/Clip_output_0_QuantizeLinear_Output", "shape": ["1", "384", "32", "32"]}, {"name": "/lr_branch/backbone/features.9/conv/conv.2/Clip_output_0_DequantizeLinear_Output", "shape": ["1", "384", "32", "32"]}, {"name": "onnx::Conv_735_DequantizeLinear_Output", "shape": ["384"]}, {"name": "onnx::Conv_734_DequantizeLinear_Output", "shape": ["384", "1", "3", "3"]}, {"name": "/lr_branch/backbone/features.9/conv/conv.3/Conv_output_0", "shape": ["1", "384", "32", "32"]}, {"name": "/lr_branch/backbone/features.9/conv/conv.5/Clip_output_0", "shape": ["1", "384", "32", "32"]}, {"name": "/lr_branch/backbone/features.9/conv/conv.5/Clip_output_0_QuantizeLinear_Output", "shape": ["1", "384", "32", "32"]}, {"name": "/lr_branch/backbone/features.9/conv/conv.5/Clip_output_0_DequantizeLinear_Output", "shape": ["1", "384", "32", "32"]}, {"name": "onnx::Conv_738_DequantizeLinear_Output", "shape": ["64"]}, {"name": "onnx::Conv_737_DequantizeLinear_Output", "shape": ["64", "384", "1", "1"]}, {"name": "/lr_branch/backbone/features.9/conv/conv.6/Conv_output_0", "shape": ["1", "64", "32", "32"]}, {"name": "/lr_branch/backbone/features.9/conv/conv.6/Conv_output_0_QuantizeLinear_Output", "shape": ["1", "64", "32", "32"]}, {"name": "/lr_branch/backbone/features.9/conv/conv.6/Conv_output_0_DequantizeLinear_Output", "shape": ["1", "64", "32", "32"]}, {"name": "/lr_branch/backbone/features.9/Add_output_0", "shape": ["1", "64", "32", "32"]}, {"name": "/lr_branch/backbone/features.9/Add_output_0_QuantizeLinear_Output", "shape": ["1", "64", "32", "32"]}, {"name": "/lr_branch/backbone/features.9/Add_output_0_DequantizeLinear_Output/duplicated", "shape": ["1", "64", "32", "32"]}, {"name": "/lr_branch/backbone/features.9/Add_output_0_DequantizeLinear_Output", "shape": ["1", "64", "32", "32"]}, {"name": "onnx::Conv_741_DequantizeLinear_Output", "shape": ["384"]}, {"name": "onnx::Conv_740_DequantizeLinear_Output", "shape": ["384", "64", "1", "1"]}, {"name": "/lr_branch/backbone/features.10/conv/conv.0/Conv_output_0", "shape": ["1", "384", "32", "32"]}, {"name": "/lr_branch/backbone/features.10/conv/conv.2/Clip_output_0", "shape": ["1", "384", "32", "32"]}, {"name": "/lr_branch/backbone/features.10/conv/conv.2/Clip_output_0_QuantizeLinear_Output", "shape": ["1", "384", "32", "32"]}, {"name": "/lr_branch/backbone/features.10/conv/conv.2/Clip_output_0_DequantizeLinear_Output", "shape": ["1", "384", "32", "32"]}, {"name": "onnx::Conv_744_DequantizeLinear_Output", "shape": ["384"]}, {"name": "onnx::Conv_743_DequantizeLinear_Output", "shape": ["384", "1", "3", "3"]}, {"name": "/lr_branch/backbone/features.10/conv/conv.3/Conv_output_0", "shape": ["1", "384", "32", "32"]}, {"name": "/lr_branch/backbone/features.10/conv/conv.5/Clip_output_0", "shape": ["1", "384", "32", "32"]}, {"name": "/lr_branch/backbone/features.10/conv/conv.5/Clip_output_0_QuantizeLinear_Output", "shape": ["1", "384", "32", "32"]}, {"name": "/lr_branch/backbone/features.10/conv/conv.5/Clip_output_0_DequantizeLinear_Output", "shape": ["1", "384", "32", "32"]}, {"name": "onnx::Conv_747_DequantizeLinear_Output", "shape": ["64"]}, {"name": "onnx::Conv_746_DequantizeLinear_Output", "shape": ["64", "384", "1", "1"]}, {"name": "/lr_branch/backbone/features.10/conv/conv.6/Conv_output_0", "shape": ["1", "64", "32", "32"]}, {"name": "/lr_branch/backbone/features.10/conv/conv.6/Conv_output_0_QuantizeLinear_Output", "shape": ["1", "64", "32", "32"]}, {"name": "/lr_branch/backbone/features.10/conv/conv.6/Conv_output_0_DequantizeLinear_Output", "shape": ["1", "64", "32", "32"]}, {"name": "/lr_branch/backbone/features.10/Add_output_0", "shape": ["1", "64", "32", "32"]}, {"name": "/lr_branch/backbone/features.10/Add_output_0_QuantizeLinear_Output", "shape": ["1", "64", "32", "32"]}, {"name": "/lr_branch/backbone/features.10/Add_output_0_DequantizeLinear_Output", "shape": ["1", "64", "32", "32"]}, {"name": "onnx::Conv_750_DequantizeLinear_Output", "shape": ["384"]}, {"name": "onnx::Conv_749_DequantizeLinear_Output", "shape": ["384", "64", "1", "1"]}, {"name": "/lr_branch/backbone/features.11/conv/conv.0/Conv_output_0", "shape": ["1", "384", "32", "32"]}, {"name": "/lr_branch/backbone/features.11/conv/conv.2/Clip_output_0", "shape": ["1", "384", "32", "32"]}, {"name": "/lr_branch/backbone/features.11/conv/conv.2/Clip_output_0_QuantizeLinear_Output", "shape": ["1", "384", "32", "32"]}, {"name": "/lr_branch/backbone/features.11/conv/conv.2/Clip_output_0_DequantizeLinear_Output", "shape": ["1", "384", "32", "32"]}, {"name": "onnx::Conv_753_DequantizeLinear_Output", "shape": ["384"]}, {"name": "onnx::Conv_752_DequantizeLinear_Output", "shape": ["384", "1", "3", "3"]}, {"name": "/lr_branch/backbone/features.11/conv/conv.3/Conv_output_0", "shape": ["1", "384", "32", "32"]}, {"name": "/lr_branch/backbone/features.11/conv/conv.5/Clip_output_0", "shape": ["1", "384", "32", "32"]}, {"name": "/lr_branch/backbone/features.11/conv/conv.5/Clip_output_0_QuantizeLinear_Output", "shape": ["1", "384", "32", "32"]}, {"name": "/lr_branch/backbone/features.11/conv/conv.5/Clip_output_0_DequantizeLinear_Output", "shape": ["1", "384", "32", "32"]}, {"name": "onnx::Conv_756_DequantizeLinear_Output", "shape": ["96"]}, {"name": "onnx::Conv_755_DequantizeLinear_Output", "shape": ["96", "384", "1", "1"]}, {"name": "/lr_branch/backbone/features.11/conv/conv.6/Conv_output_0", "shape": ["1", "96", "32", "32"]}, {"name": "/lr_branch/backbone/features.11/conv/conv.6/Conv_output_0_QuantizeLinear_Output", "shape": ["1", "96", "32", "32"]}, {"name": "/lr_branch/backbone/features.11/conv/conv.6/Conv_output_0_DequantizeLinear_Output/duplicated", "shape": ["1", "96", "32", "32"]}, {"name": "/lr_branch/backbone/features.11/conv/conv.6/Conv_output_0_DequantizeLinear_Output", "shape": ["1", "96", "32", "32"]}, {"name": "onnx::Conv_759_DequantizeLinear_Output", "shape": ["576"]}, {"name": "onnx::Conv_758_DequantizeLinear_Output", "shape": ["576", "96", "1", "1"]}, {"name": "/lr_branch/backbone/features.12/conv/conv.0/Conv_output_0", "shape": ["1", "576", "32", "32"]}, {"name": "/lr_branch/backbone/features.12/conv/conv.2/Clip_output_0", "shape": ["1", "576", "32", "32"]}, {"name": "/lr_branch/backbone/features.12/conv/conv.2/Clip_output_0_QuantizeLinear_Output", "shape": ["1", "576", "32", "32"]}, {"name": "/lr_branch/backbone/features.12/conv/conv.2/Clip_output_0_DequantizeLinear_Output", "shape": ["1", "576", "32", "32"]}, {"name": "onnx::Conv_762_DequantizeLinear_Output", "shape": ["576"]}, {"name": "onnx::Conv_761_DequantizeLinear_Output", "shape": ["576", "1", "3", "3"]}, {"name": "/lr_branch/backbone/features.12/conv/conv.3/Conv_output_0", "shape": ["1", "576", "32", "32"]}, {"name": "/lr_branch/backbone/features.12/conv/conv.5/Clip_output_0", "shape": ["1", "576", "32", "32"]}, {"name": "/lr_branch/backbone/features.12/conv/conv.5/Clip_output_0_QuantizeLinear_Output", "shape": ["1", "576", "32", "32"]}, {"name": "/lr_branch/backbone/features.12/conv/conv.5/Clip_output_0_DequantizeLinear_Output", "shape": ["1", "576", "32", "32"]}, {"name": "onnx::Conv_765_DequantizeLinear_Output", "shape": ["96"]}, {"name": "onnx::Conv_764_DequantizeLinear_Output", "shape": ["96", "576", "1", "1"]}, {"name": "/lr_branch/backbone/features.12/conv/conv.6/Conv_output_0", "shape": ["1", "96", "32", "32"]}, {"name": "/lr_branch/backbone/features.12/conv/conv.6/Conv_output_0_QuantizeLinear_Output", "shape": ["1", "96", "32", "32"]}, {"name": "/lr_branch/backbone/features.12/conv/conv.6/Conv_output_0_DequantizeLinear_Output", "shape": ["1", "96", "32", "32"]}, {"name": "/lr_branch/backbone/features.12/Add_output_0", "shape": ["1", "96", "32", "32"]}, {"name": "/lr_branch/backbone/features.12/Add_output_0_QuantizeLinear_Output", "shape": ["1", "96", "32", "32"]}, {"name": "/lr_branch/backbone/features.12/Add_output_0_DequantizeLinear_Output/duplicated", "shape": ["1", "96", "32", "32"]}, {"name": "/lr_branch/backbone/features.12/Add_output_0_DequantizeLinear_Output", "shape": ["1", "96", "32", "32"]}, {"name": "onnx::Conv_768_DequantizeLinear_Output", "shape": ["576"]}, {"name": "onnx::Conv_767_DequantizeLinear_Output", "shape": ["576", "96", "1", "1"]}, {"name": "/lr_branch/backbone/features.13/conv/conv.0/Conv_output_0", "shape": ["1", "576", "32", "32"]}, {"name": "/lr_branch/backbone/features.13/conv/conv.2/Clip_output_0", "shape": ["1", "576", "32", "32"]}, {"name": "/lr_branch/backbone/features.13/conv/conv.2/Clip_output_0_QuantizeLinear_Output", "shape": ["1", "576", "32", "32"]}, {"name": "/lr_branch/backbone/features.13/conv/conv.2/Clip_output_0_DequantizeLinear_Output", "shape": ["1", "576", "32", "32"]}, {"name": "onnx::Conv_771_DequantizeLinear_Output", "shape": ["576"]}, {"name": "onnx::Conv_770_DequantizeLinear_Output", "shape": ["576", "1", "3", "3"]}, {"name": "/lr_branch/backbone/features.13/conv/conv.3/Conv_output_0", "shape": ["1", "576", "32", "32"]}, {"name": "/lr_branch/backbone/features.13/conv/conv.5/Clip_output_0", "shape": ["1", "576", "32", "32"]}, {"name": "/lr_branch/backbone/features.13/conv/conv.5/Clip_output_0_QuantizeLinear_Output", "shape": ["1", "576", "32", "32"]}, {"name": "/lr_branch/backbone/features.13/conv/conv.5/Clip_output_0_DequantizeLinear_Output", "shape": ["1", "576", "32", "32"]}, {"name": "onnx::Conv_774_DequantizeLinear_Output", "shape": ["96"]}, {"name": "onnx::Conv_773_DequantizeLinear_Output", "shape": ["96", "576", "1", "1"]}, {"name": "/lr_branch/backbone/features.13/conv/conv.6/Conv_output_0", "shape": ["1", "96", "32", "32"]}, {"name": "/lr_branch/backbone/features.13/conv/conv.6/Conv_output_0_QuantizeLinear_Output", "shape": ["1", "96", "32", "32"]}, {"name": "/lr_branch/backbone/features.13/conv/conv.6/Conv_output_0_DequantizeLinear_Output", "shape": ["1", "96", "32", "32"]}, {"name": "/lr_branch/backbone/features.13/Add_output_0", "shape": ["1", "96", "32", "32"]}, {"name": "/lr_branch/backbone/features.13/Add_output_0_QuantizeLinear_Output", "shape": ["1", "96", "32", "32"]}, {"name": "/lr_branch/backbone/features.13/Add_output_0_DequantizeLinear_Output", "shape": ["1", "96", "32", "32"]}, {"name": "onnx::Conv_777_DequantizeLinear_Output", "shape": ["576"]}, {"name": "onnx::Conv_776_DequantizeLinear_Output", "shape": ["576", "96", "1", "1"]}, {"name": "/lr_branch/backbone/features.14/conv/conv.0/Conv_output_0", "shape": ["1", "576", "32", "32"]}, {"name": "/lr_branch/backbone/features.14/conv/conv.2/Clip_output_0", "shape": ["1", "576", "32", "32"]}, {"name": "/lr_branch/backbone/features.14/conv/conv.2/Clip_output_0_QuantizeLinear_Output", "shape": ["1", "576", "32", "32"]}, {"name": "/lr_branch/backbone/features.14/conv/conv.2/Clip_output_0_DequantizeLinear_Output", "shape": ["1", "576", "32", "32"]}, {"name": "onnx::Conv_780_DequantizeLinear_Output", "shape": ["576"]}, {"name": "onnx::Conv_779_DequantizeLinear_Output", "shape": ["576", "1", "3", "3"]}, {"name": "/lr_branch/backbone/features.14/conv/conv.3/Conv_output_0", "shape": ["1", "576", "16", "16"]}, {"name": "/lr_branch/backbone/features.14/conv/conv.5/Clip_output_0", "shape": ["1", "576", "16", "16"]}, {"name": "/lr_branch/backbone/features.14/conv/conv.5/Clip_output_0_QuantizeLinear_Output", "shape": ["1", "576", "16", "16"]}, {"name": "/lr_branch/backbone/features.14/conv/conv.5/Clip_output_0_DequantizeLinear_Output", "shape": ["1", "576", "16", "16"]}, {"name": "onnx::Conv_783_DequantizeLinear_Output", "shape": ["160"]}, {"name": "onnx::Conv_782_DequantizeLinear_Output", "shape": ["160", "576", "1", "1"]}, {"name": "/lr_branch/backbone/features.14/conv/conv.6/Conv_output_0", "shape": ["1", "160", "16", "16"]}, {"name": "/lr_branch/backbone/features.14/conv/conv.6/Conv_output_0_QuantizeLinear_Output", "shape": ["1", "160", "16", "16"]}, {"name": "/lr_branch/backbone/features.14/conv/conv.6/Conv_output_0_DequantizeLinear_Output/duplicated", "shape": ["1", "160", "16", "16"]}, {"name": "/lr_branch/backbone/features.14/conv/conv.6/Conv_output_0_DequantizeLinear_Output", "shape": ["1", "160", "16", "16"]}, {"name": "onnx::Conv_786_DequantizeLinear_Output", "shape": ["960"]}, {"name": "onnx::Conv_785_DequantizeLinear_Output", "shape": ["960", "160", "1", "1"]}, {"name": "/lr_branch/backbone/features.15/conv/conv.0/Conv_output_0", "shape": ["1", "960", "16", "16"]}, {"name": "/lr_branch/backbone/features.15/conv/conv.2/Clip_output_0", "shape": ["1", "960", "16", "16"]}, {"name": "/lr_branch/backbone/features.15/conv/conv.2/Clip_output_0_QuantizeLinear_Output", "shape": ["1", "960", "16", "16"]}, {"name": "/lr_branch/backbone/features.15/conv/conv.2/Clip_output_0_DequantizeLinear_Output", "shape": ["1", "960", "16", "16"]}, {"name": "onnx::Conv_789_DequantizeLinear_Output", "shape": ["960"]}, {"name": "onnx::Conv_788_DequantizeLinear_Output", "shape": ["960", "1", "3", "3"]}, {"name": "/lr_branch/backbone/features.15/conv/conv.3/Conv_output_0", "shape": ["1", "960", "16", "16"]}, {"name": "/lr_branch/backbone/features.15/conv/conv.5/Clip_output_0", "shape": ["1", "960", "16", "16"]}, {"name": "/lr_branch/backbone/features.15/conv/conv.5/Clip_output_0_QuantizeLinear_Output", "shape": ["1", "960", "16", "16"]}, {"name": "/lr_branch/backbone/features.15/conv/conv.5/Clip_output_0_DequantizeLinear_Output", "shape": ["1", "960", "16", "16"]}, {"name": "onnx::Conv_792_DequantizeLinear_Output", "shape": ["160"]}, {"name": "onnx::Conv_791_DequantizeLinear_Output", "shape": ["160", "960", "1", "1"]}, {"name": "/lr_branch/backbone/features.15/conv/conv.6/Conv_output_0", "shape": ["1", "160", "16", "16"]}, {"name": "/lr_branch/backbone/features.15/conv/conv.6/Conv_output_0_QuantizeLinear_Output", "shape": ["1", "160", "16", "16"]}, {"name": "/lr_branch/backbone/features.15/conv/conv.6/Conv_output_0_DequantizeLinear_Output", "shape": ["1", "160", "16", "16"]}, {"name": "/lr_branch/backbone/features.15/Add_output_0", "shape": ["1", "160", "16", "16"]}, {"name": "/lr_branch/backbone/features.15/Add_output_0_QuantizeLinear_Output", "shape": ["1", "160", "16", "16"]}, {"name": "/lr_branch/backbone/features.15/Add_output_0_DequantizeLinear_Output/duplicated", "shape": ["1", "160", "16", "16"]}, {"name": "/lr_branch/backbone/features.15/Add_output_0_DequantizeLinear_Output", "shape": ["1", "160", "16", "16"]}, {"name": "onnx::Conv_795_DequantizeLinear_Output", "shape": ["960"]}, {"name": "onnx::Conv_794_DequantizeLinear_Output", "shape": ["960", "160", "1", "1"]}, {"name": "/lr_branch/backbone/features.16/conv/conv.0/Conv_output_0", "shape": ["1", "960", "16", "16"]}, {"name": "/lr_branch/backbone/features.16/conv/conv.2/Clip_output_0", "shape": ["1", "960", "16", "16"]}, {"name": "/lr_branch/backbone/features.16/conv/conv.2/Clip_output_0_QuantizeLinear_Output", "shape": ["1", "960", "16", "16"]}, {"name": "/lr_branch/backbone/features.16/conv/conv.2/Clip_output_0_DequantizeLinear_Output", "shape": ["1", "960", "16", "16"]}, {"name": "onnx::Conv_798_DequantizeLinear_Output", "shape": ["960"]}, {"name": "onnx::Conv_797_DequantizeLinear_Output", "shape": ["960", "1", "3", "3"]}, {"name": "/lr_branch/backbone/features.16/conv/conv.3/Conv_output_0", "shape": ["1", "960", "16", "16"]}, {"name": "/lr_branch/backbone/features.16/conv/conv.5/Clip_output_0", "shape": ["1", "960", "16", "16"]}, {"name": "/lr_branch/backbone/features.16/conv/conv.5/Clip_output_0_QuantizeLinear_Output", "shape": ["1", "960", "16", "16"]}, {"name": "/lr_branch/backbone/features.16/conv/conv.5/Clip_output_0_DequantizeLinear_Output", "shape": ["1", "960", "16", "16"]}, {"name": "onnx::Conv_801_DequantizeLinear_Output", "shape": ["160"]}, {"name": "onnx::Conv_800_DequantizeLinear_Output", "shape": ["160", "960", "1", "1"]}, {"name": "/lr_branch/backbone/features.16/conv/conv.6/Conv_output_0", "shape": ["1", "160", "16", "16"]}, {"name": "/lr_branch/backbone/features.16/conv/conv.6/Conv_output_0_QuantizeLinear_Output", "shape": ["1", "160", "16", "16"]}, {"name": "/lr_branch/backbone/features.16/conv/conv.6/Conv_output_0_DequantizeLinear_Output", "shape": ["1", "160", "16", "16"]}, {"name": "/lr_branch/backbone/features.16/Add_output_0", "shape": ["1", "160", "16", "16"]}, {"name": "/lr_branch/backbone/features.16/Add_output_0_QuantizeLinear_Output", "shape": ["1", "160", "16", "16"]}, {"name": "/lr_branch/backbone/features.16/Add_output_0_DequantizeLinear_Output", "shape": ["1", "160", "16", "16"]}, {"name": "onnx::Conv_804_DequantizeLinear_Output", "shape": ["960"]}, {"name": "onnx::Conv_803_DequantizeLinear_Output", "shape": ["960", "160", "1", "1"]}, {"name": "/lr_branch/backbone/features.17/conv/conv.0/Conv_output_0", "shape": ["1", "960", "16", "16"]}, {"name": "/lr_branch/backbone/features.17/conv/conv.2/Clip_output_0", "shape": ["1", "960", "16", "16"]}, {"name": "/lr_branch/backbone/features.17/conv/conv.2/Clip_output_0_QuantizeLinear_Output", "shape": ["1", "960", "16", "16"]}, {"name": "/lr_branch/backbone/features.17/conv/conv.2/Clip_output_0_DequantizeLinear_Output", "shape": ["1", "960", "16", "16"]}, {"name": "onnx::Conv_807_DequantizeLinear_Output", "shape": ["960"]}, {"name": "onnx::Conv_806_DequantizeLinear_Output", "shape": ["960", "1", "3", "3"]}, {"name": "/lr_branch/backbone/features.17/conv/conv.3/Conv_output_0", "shape": ["1", "960", "16", "16"]}, {"name": "/lr_branch/backbone/features.17/conv/conv.5/Clip_output_0", "shape": ["1", "960", "16", "16"]}, {"name": "/lr_branch/backbone/features.17/conv/conv.5/Clip_output_0_QuantizeLinear_Output", "shape": ["1", "960", "16", "16"]}, {"name": "/lr_branch/backbone/features.17/conv/conv.5/Clip_output_0_DequantizeLinear_Output", "shape": ["1", "960", "16", "16"]}, {"name": "onnx::Conv_810_DequantizeLinear_Output", "shape": ["320"]}, {"name": "onnx::Conv_809_DequantizeLinear_Output", "shape": ["320", "960", "1", "1"]}, {"name": "/lr_branch/backbone/features.17/conv/conv.6/Conv_output_0", "shape": ["1", "320", "16", "16"]}, {"name": "/lr_branch/backbone/features.17/conv/conv.6/Conv_output_0_QuantizeLinear_Output", "shape": ["1", "320", "16", "16"]}, {"name": "/lr_branch/backbone/features.17/conv/conv.6/Conv_output_0_DequantizeLinear_Output", "shape": ["1", "320", "16", "16"]}, {"name": "onnx::Conv_813_DequantizeLinear_Output", "shape": ["1280"]}, {"name": "onnx::Conv_812_DequantizeLinear_Output", "shape": ["1280", "320", "1", "1"]}, {"name": "/lr_branch/backbone/features.18/features.18.0/Conv_output_0", "shape": ["1", "1280", "16", "16"]}, {"name": "/lr_branch/backbone/features.18/features.18.2/Clip_output_0", "shape": ["1", "1280", "16", "16"]}, {"name": "/lr_branch/backbone/features.18/features.18.2/Clip_output_0_QuantizeLinear_Output", "shape": ["1", "1280", "16", "16"]}, {"name": "/lr_branch/backbone/features.18/features.18.2/Clip_output_0_DequantizeLinear_Output/duplicated", "shape": ["1", "1280", "16", "16"]}, {"name": "/lr_branch/backbone/features.18/features.18.2/Clip_output_0_DequantizeLinear_Output", "shape": ["1", "1280", "16", "16"]}, {"name": "/lr_branch/se_block/pool/GlobalAveragePool_output_0_Mul", "shape": ["1", "1280", "1", "1"]}, {"name": "/lr_branch/se_block/pool/GlobalAveragePool_output_0_QuantizeLinear_Output", "shape": ["1", "1280", "1", "1"]}, {"name": "/lr_branch/se_block/pool/GlobalAveragePool_output_0_DequantizeLinear_Output", "shape": ["1", "1280", "1", "1"]}, {"name": "lr_branch.se_block.fc.0.weight_DequantizeLinear_Output", "shape": ["320", "1280", "1", "1"]}, {"name": "/lr_branch/se_block/fc/fc.0/Conv_output_0", "shape": ["1", "320", "1", "1"]}, {"name": "/lr_branch/se_block/fc/fc.1/Relu_output_0", "shape": ["1", "320", "1", "1"]}, {"name": "/lr_branch/se_block/fc/fc.1/Relu_output_0_QuantizeLinear_Output", "shape": ["1", "320", "1", "1"]}, {"name": "/lr_branch/se_block/fc/fc.1/Relu_output_0_DequantizeLinear_Output", "shape": ["1", "320", "1", "1"]}, {"name": "lr_branch.se_block.fc.2.weight_DequantizeLinear_Output", "shape": ["1280", "320", "1", "1"]}, {"name": "/lr_branch/se_block/fc/fc.2/Conv_output_0", "shape": ["1", "1280", "1", "1"]}, {"name": "/lr_branch/se_block/fc/fc.2/Conv_output_0_QuantizeLinear_Output", "shape": ["1", "1280", "1", "1"]}, {"name": "/lr_branch/se_block/fc/fc.2/Conv_output_0_DequantizeLinear_Output", "shape": ["1", "1280", "1", "1"]}, {"name": "/lr_branch/se_block/fc/fc.3/Sigmoid_output_0_Mul", "shape": ["1", "1280", "1", "1"]}, {"name": "/lr_branch/se_block/fc/fc.3/Sigmoid_output_0", "shape": ["1", "1280", "1", "1"]}, {"name": "/lr_branch/se_block/fc/fc.3/Sigmoid_output_0_QuantizeLinear_Output", "shape": ["1", "1280", "1", "1"]}, {"name": "/lr_branch/se_block/fc/fc.3/Sigmoid_output_0_DequantizeLinear_Output", "shape": ["1", "1280", "1", "1"]}, {"name": "/lr_branch/se_block/Mul_output_0", "shape": ["1", "1280", "16", "16"]}, {"name": "/lr_branch/se_block/Mul_output_0_QuantizeLinear_Output", "shape": ["1", "1280", "16", "16"]}, {"name": "/lr_branch/se_block/Mul_output_0_DequantizeLinear_Output", "shape": ["1", "1280", "16", "16"]}, {"name": "/lr_branch/Resize_output_0", "shape": ["1", "1280", "32", "32"]}, {"name": "/lr_branch/Resize_output_0_QuantizeLinear_Output", "shape": ["1", "1280", "32", "32"]}, {"name": "/lr_branch/Resize_output_0_DequantizeLinear_Output", "shape": ["1", "1280", "32", "32"]}, {"name": "lr_branch.conv_lr16x.0.weight_DequantizeLinear_Output", "shape": ["96", "1280", "5", "5"]}, {"name": "lr_branch.conv_lr16x.0.bias_DequantizeLinear_Output", "shape": ["96"]}, {"name": "/lr_branch/conv_lr16x/conv_lr16x.0/Conv_output_0", "shape": ["1", "96", "32", "32"]}, {"name": "/lr_branch/conv_lr16x/conv_lr16x.1/Relu_output_0", "shape": ["1", "96", "32", "32"]}, {"name": "/lr_branch/conv_lr16x/conv_lr16x.1/Relu_output_0_QuantizeLinear_Output", "shape": ["1", "96", "32", "32"]}, {"name": "/lr_branch/conv_lr16x/conv_lr16x.1/Relu_output_0_DequantizeLinear_Output", "shape": ["1", "96", "32", "32"]}, {"name": "/lr_branch/Resize_1_output_0", "shape": ["1", "96", "64", "64"]}, {"name": "/lr_branch/Resize_1_output_0_QuantizeLinear_Output", "shape": ["1", "96", "64", "64"]}, {"name": "/lr_branch/Resize_1_output_0_DequantizeLinear_Output", "shape": ["1", "96", "64", "64"]}, {"name": "lr_branch.conv_lr8x.0.weight_DequantizeLinear_Output", "shape": ["32", "96", "5", "5"]}, {"name": "lr_branch.conv_lr8x.0.bias_DequantizeLinear_Output", "shape": ["32"]}, {"name": "/lr_branch/conv_lr8x/conv_lr8x.0/Conv_output_0", "shape": ["1", "32", "64", "64"]}, {"name": "/lr_branch/conv_lr8x/conv_lr8x.1/Relu_output_0", "shape": ["1", "32", "64", "64"]}, {"name": "/lr_branch/conv_lr8x/conv_lr8x.1/Relu_output_0_QuantizeLinear_Output", "shape": ["1", "32", "64", "64"]}, {"name": "/lr_branch/conv_lr8x/conv_lr8x.1/Relu_output_0_DequantizeLinear_Output", "shape": ["1", "32", "64", "64"]}, {"name": "/hr_branch/Resize_2_output_0", "shape": ["1", "32", "128", "128"]}, {"name": "/hr_branch/Resize_2_output_0_QuantizeLinear_Output", "shape": ["1", "32", "128", "128"]}, {"name": "/hr_branch/Resize_2_output_0_DequantizeLinear_Output", "shape": ["1", "32", "128", "128"]}, {"name": "/lr_branch/backbone/features.3/Add_output_0_DequantizeLinear_Output/duplicated", "shape": ["1", "24", "128", "128"]}, {"name": "hr_branch.tohr_enc4x.0.weight_DequantizeLinear_Output", "shape": ["32", "24", "1", "1"]}, {"name": "hr_branch.tohr_enc4x.0.bias_DequantizeLinear_Output", "shape": ["32"]}, {"name": "/hr_branch/tohr_enc4x/tohr_enc4x.0/Conv_output_0", "shape": ["1", "32", "128", "128"]}, {"name": "/hr_branch/tohr_enc4x/tohr_enc4x.1/Relu_output_0", "shape": ["1", "32", "128", "128"]}, {"name": "/hr_branch/tohr_enc4x/tohr_enc4x.1/Relu_output_0_QuantizeLinear_Output", "shape": ["1", "32", "128", "128"]}, {"name": "/hr_branch/tohr_enc4x/tohr_enc4x.1/Relu_output_0_DequantizeLinear_Output", "shape": ["1", "32", "128", "128"]}, {"name": "/hr_branch/tohr_enc2x/tohr_enc2x.1/Relu_output_0_DequantizeLinear_Output", "shape": ["1", "32", "256", "256"]}, {"name": "input_DequantizeLinear_Output", "shape": ["1", "3", "512", "512"]}, {"name": "/hr_branch/Resize_output_0", "shape": ["1", "3", "256", "256"]}, {"name": "/hr_branch/Resize_output_0_QuantizeLinear_Output", "shape": ["1", "3", "256", "256"]}, {"name": "/hr_branch/Resize_output_0_DequantizeLinear_Output", "shape": ["1", "3", "256", "256"]}, {"name": "/hr_branch/Concat_output_0", "shape": ["1", "35", "256", "256"]}, {"name": "/hr_branch/Concat_output_0_QuantizeLinear_Output", "shape": ["1", "35", "256", "256"]}, {"name": "/hr_branch/Concat_output_0_DequantizeLinear_Output", "shape": ["1", "35", "256", "256"]}, {"name": "hr_branch.conv_enc2x.0.weight_DequantizeLinear_Output", "shape": ["32", "35", "3", "3"]}, {"name": "hr_branch.conv_enc2x.0.bias_DequantizeLinear_Output", "shape": ["32"]}, {"name": "/hr_branch/conv_enc2x/conv_enc2x.0/Conv_output_0", "shape": ["1", "32", "128", "128"]}, {"name": "/hr_branch/conv_enc2x/conv_enc2x.1/Relu_output_0", "shape": ["1", "32", "128", "128"]}, {"name": "/hr_branch/conv_enc2x/conv_enc2x.1/Relu_output_0_QuantizeLinear_Output", "shape": ["1", "32", "128", "128"]}, {"name": "/hr_branch/conv_enc2x/conv_enc2x.1/Relu_output_0_DequantizeLinear_Output", "shape": ["1", "32", "128", "128"]}, {"name": "/hr_branch/Concat_1_output_0", "shape": ["1", "64", "128", "128"]}, {"name": "/hr_branch/Concat_1_output_0_QuantizeLinear_Output", "shape": ["1", "64", "128", "128"]}, {"name": "/hr_branch/Concat_1_output_0_DequantizeLinear_Output", "shape": ["1", "64", "128", "128"]}, {"name": "hr_branch.conv_enc4x.0.weight_DequantizeLinear_Output", "shape": ["64", "64", "3", "3"]}, {"name": "hr_branch.conv_enc4x.0.bias_DequantizeLinear_Output", "shape": ["64"]}, {"name": "/hr_branch/conv_enc4x/conv_enc4x.0/Conv_output_0", "shape": ["1", "64", "128", "128"]}, {"name": "/hr_branch/conv_enc4x/conv_enc4x.1/Relu_output_0", "shape": ["1", "64", "128", "128"]}, {"name": "/hr_branch/conv_enc4x/conv_enc4x.1/Relu_output_0_QuantizeLinear_Output", "shape": ["1", "64", "128", "128"]}, {"name": "/hr_branch/conv_enc4x/conv_enc4x.1/Relu_output_0_DequantizeLinear_Output", "shape": ["1", "64", "128", "128"]}, {"name": "input_DequantizeLinear_Output/duplicated", "shape": ["1", "3", "512", "512"]}, {"name": "/hr_branch/Resize_1_output_0", "shape": ["1", "3", "128", "128"]}, {"name": "/hr_branch/Resize_1_output_0_QuantizeLinear_Output", "shape": ["1", "3", "128", "128"]}, {"name": "/hr_branch/Resize_1_output_0_DequantizeLinear_Output", "shape": ["1", "3", "128", "128"]}, {"name": "/hr_branch/Concat_2_output_0", "shape": ["1", "99", "128", "128"]}, {"name": "/hr_branch/Concat_2_output_0_QuantizeLinear_Output", "shape": ["1", "99", "128", "128"]}, {"name": "/hr_branch/Concat_2_output_0_DequantizeLinear_Output", "shape": ["1", "99", "128", "128"]}, {"name": "hr_branch.conv_hr4x.0.weight_DequantizeLinear_Output", "shape": ["64", "99", "3", "3"]}, {"name": "hr_branch.conv_hr4x.0.bias_DequantizeLinear_Output", "shape": ["64"]}, {"name": "/hr_branch/conv_hr4x/conv_hr4x.0/Conv_output_0", "shape": ["1", "64", "128", "128"]}, {"name": "/hr_branch/conv_hr4x/conv_hr4x.1/Relu_output_0", "shape": ["1", "64", "128", "128"]}, {"name": "/hr_branch/conv_hr4x/conv_hr4x.1/Relu_output_0_QuantizeLinear_Output", "shape": ["1", "64", "128", "128"]}, {"name": "/hr_branch/conv_hr4x/conv_hr4x.1/Relu_output_0_DequantizeLinear_Output", "shape": ["1", "64", "128", "128"]}, {"name": "hr_branch.conv_hr4x.2.weight_DequantizeLinear_Output", "shape": ["64", "64", "3", "3"]}, {"name": "hr_branch.conv_hr4x.2.bias_DequantizeLinear_Output", "shape": ["64"]}, {"name": "/hr_branch/conv_hr4x/conv_hr4x.2/Conv_output_0", "shape": ["1", "64", "128", "128"]}, {"name": "/hr_branch/conv_hr4x/conv_hr4x.3/Relu_output_0", "shape": ["1", "64", "128", "128"]}, {"name": "/hr_branch/conv_hr4x/conv_hr4x.3/Relu_output_0_QuantizeLinear_Output", "shape": ["1", "64", "128", "128"]}, {"name": "/hr_branch/conv_hr4x/conv_hr4x.3/Relu_output_0_DequantizeLinear_Output", "shape": ["1", "64", "128", "128"]}, {"name": "hr_branch.conv_hr4x.4.weight_DequantizeLinear_Output", "shape": ["32", "64", "3", "3"]}, {"name": "hr_branch.conv_hr4x.4.bias_DequantizeLinear_Output", "shape": ["32"]}, {"name": "/hr_branch/conv_hr4x/conv_hr4x.4/Conv_output_0", "shape": ["1", "32", "128", "128"]}, {"name": "/hr_branch/conv_hr4x/conv_hr4x.5/Relu_output_0", "shape": ["1", "32", "128", "128"]}, {"name": "/hr_branch/conv_hr4x/conv_hr4x.5/Relu_output_0_QuantizeLinear_Output", "shape": ["1", "32", "128", "128"]}, {"name": "/hr_branch/conv_hr4x/conv_hr4x.5/Relu_output_0_DequantizeLinear_Output", "shape": ["1", "32", "128", "128"]}, {"name": "/hr_branch/Resize_3_output_0", "shape": ["1", "32", "256", "256"]}, {"name": "/hr_branch/Resize_3_output_0_QuantizeLinear_Output", "shape": ["1", "32", "256", "256"]}, {"name": "/hr_branch/Resize_3_output_0_DequantizeLinear_Output", "shape": ["1", "32", "256", "256"]}, {"name": "/hr_branch/Concat_3_output_0", "shape": ["1", "64", "256", "256"]}, {"name": "/hr_branch/Concat_3_output_0_QuantizeLinear_Output", "shape": ["1", "64", "256", "256"]}, {"name": "/hr_branch/Concat_3_output_0_DequantizeLinear_Output", "shape": ["1", "64", "256", "256"]}, {"name": "hr_branch.conv_hr2x.0.weight_DequantizeLinear_Output", "shape": ["64", "64", "3", "3"]}, {"name": "hr_branch.conv_hr2x.0.bias_DequantizeLinear_Output", "shape": ["64"]}, {"name": "/hr_branch/conv_hr2x/conv_hr2x.0/Conv_output_0", "shape": ["1", "64", "256", "256"]}, {"name": "/hr_branch/conv_hr2x/conv_hr2x.1/Relu_output_0", "shape": ["1", "64", "256", "256"]}, {"name": "/hr_branch/conv_hr2x/conv_hr2x.1/Relu_output_0_QuantizeLinear_Output", "shape": ["1", "64", "256", "256"]}, {"name": "/hr_branch/conv_hr2x/conv_hr2x.1/Relu_output_0_DequantizeLinear_Output", "shape": ["1", "64", "256", "256"]}, {"name": "hr_branch.conv_hr2x.2.weight_DequantizeLinear_Output", "shape": ["32", "64", "3", "3"]}, {"name": "hr_branch.conv_hr2x.2.bias_DequantizeLinear_Output", "shape": ["32"]}, {"name": "/hr_branch/conv_hr2x/conv_hr2x.2/Conv_output_0", "shape": ["1", "32", "256", "256"]}, {"name": "/hr_branch/conv_hr2x/conv_hr2x.3/Relu_output_0", "shape": ["1", "32", "256", "256"]}, {"name": "/hr_branch/conv_hr2x/conv_hr2x.3/Relu_output_0_QuantizeLinear_Output", "shape": ["1", "32", "256", "256"]}, {"name": "/hr_branch/conv_hr2x/conv_hr2x.3/Relu_output_0_DequantizeLinear_Output", "shape": ["1", "32", "256", "256"]}, {"name": "hr_branch.conv_hr2x.4.weight_DequantizeLinear_Output", "shape": ["32", "32", "3", "3"]}, {"name": "hr_branch.conv_hr2x.4.bias_DequantizeLinear_Output", "shape": ["32"]}, {"name": "/hr_branch/conv_hr2x/conv_hr2x.4/Conv_output_0", "shape": ["1", "32", "256", "256"]}, {"name": "/hr_branch/conv_hr2x/conv_hr2x.5/Relu_output_0", "shape": ["1", "32", "256", "256"]}, {"name": "/hr_branch/conv_hr2x/conv_hr2x.5/Relu_output_0_QuantizeLinear_Output", "shape": ["1", "32", "256", "256"]}, {"name": "/hr_branch/conv_hr2x/conv_hr2x.5/Relu_output_0_DequantizeLinear_Output", "shape": ["1", "32", "256", "256"]}, {"name": "hr_branch.conv_hr2x.6.weight_DequantizeLinear_Output", "shape": ["32", "32", "3", "3"]}, {"name": "hr_branch.conv_hr2x.6.bias_DequantizeLinear_Output", "shape": ["32"]}, {"name": "/hr_branch/conv_hr2x/conv_hr2x.6/Conv_output_0", "shape": ["1", "32", "256", "256"]}, {"name": "/hr_branch/conv_hr2x/conv_hr2x.7/Relu_output_0", "shape": ["1", "32", "256", "256"]}, {"name": "/hr_branch/conv_hr2x/conv_hr2x.7/Relu_output_0_QuantizeLinear_Output", "shape": ["1", "32", "256", "256"]}, {"name": "/hr_branch/conv_hr2x/conv_hr2x.7/Relu_output_0_DequantizeLinear_Output", "shape": ["1", "32", "256", "256"]}, {"name": "/hr_branch/Resize_2_output_0_DequantizeLinear_Output/duplicated", "shape": ["1", "32", "128", "128"]}, {"name": "f_branch.conv_lr4x.0.weight_DequantizeLinear_Output", "shape": ["32", "32", "5", "5"]}, {"name": "f_branch.conv_lr4x.0.bias_DequantizeLinear_Output", "shape": ["32"]}, {"name": "/f_branch/conv_lr4x/conv_lr4x.0/Conv_output_0", "shape": ["1", "32", "128", "128"]}, {"name": "/f_branch/conv_lr4x/conv_lr4x.1/Relu_output_0", "shape": ["1", "32", "128", "128"]}, {"name": "/f_branch/conv_lr4x/conv_lr4x.1/Relu_output_0_QuantizeLinear_Output", "shape": ["1", "32", "128", "128"]}, {"name": "/f_branch/conv_lr4x/conv_lr4x.1/Relu_output_0_DequantizeLinear_Output", "shape": ["1", "32", "128", "128"]}, {"name": "/f_branch/Resize_1_output_0", "shape": ["1", "32", "256", "256"]}, {"name": "/f_branch/Resize_1_output_0_QuantizeLinear_Output", "shape": ["1", "32", "256", "256"]}, {"name": "/f_branch/Resize_1_output_0_DequantizeLinear_Output", "shape": ["1", "32", "256", "256"]}, {"name": "/f_branch/Concat_output_0", "shape": ["1", "64", "256", "256"]}, {"name": "/f_branch/Concat_output_0_QuantizeLinear_Output", "shape": ["1", "64", "256", "256"]}, {"name": "/f_branch/Concat_output_0_DequantizeLinear_Output", "shape": ["1", "64", "256", "256"]}, {"name": "f_branch.conv_f2x.0.weight_DequantizeLinear_Output", "shape": ["32", "64", "3", "3"]}, {"name": "f_branch.conv_f2x.0.bias_DequantizeLinear_Output", "shape": ["32"]}, {"name": "/f_branch/conv_f2x/conv_f2x.0/Conv_output_0", "shape": ["1", "32", "256", "256"]}, {"name": "/f_branch/conv_f2x/conv_f2x.1/Relu_output_0", "shape": ["1", "32", "256", "256"]}, {"name": "/f_branch/conv_f2x/conv_f2x.1/Relu_output_0_QuantizeLinear_Output", "shape": ["1", "32", "256", "256"]}, {"name": "/f_branch/conv_f2x/conv_f2x.1/Relu_output_0_DequantizeLinear_Output", "shape": ["1", "32", "256", "256"]}, {"name": "/f_branch/Resize_2_output_0", "shape": ["1", "32", "512", "512"]}, {"name": "/f_branch/Resize_2_output_0_QuantizeLinear_Output", "shape": ["1", "32", "512", "512"]}, {"name": "/f_branch/Resize_2_output_0_DequantizeLinear_Output", "shape": ["1", "32", "512", "512"]}, {"name": "/f_branch/Concat_1_output_0", "shape": ["1", "35", "512", "512"]}, {"name": "/f_branch/Concat_1_output_0_QuantizeLinear_Output", "shape": ["1", "35", "512", "512"]}, {"name": "/f_branch/Concat_1_output_0_DequantizeLinear_Output", "shape": ["1", "35", "512", "512"]}, {"name": "f_branch.conv_f.0.weight_DequantizeLinear_Output", "shape": ["16", "35", "3", "3"]}, {"name": "f_branch.conv_f.0.bias_DequantizeLinear_Output", "shape": ["16"]}, {"name": "/f_branch/conv_f/conv_f.0/Conv_output_0", "shape": ["1", "16", "512", "512"]}, {"name": "/f_branch/conv_f/conv_f.1/Relu_output_0", "shape": ["1", "16", "512", "512"]}, {"name": "/f_branch/conv_f/conv_f.1/Relu_output_0_QuantizeLinear_Output", "shape": ["1", "16", "512", "512"]}, {"name": "/f_branch/conv_f/conv_f.1/Relu_output_0_DequantizeLinear_Output", "shape": ["1", "16", "512", "512"]}, {"name": "f_branch.conv_f.2.weight_DequantizeLinear_Output", "shape": ["1", "16", "1", "1"]}, {"name": "f_branch.conv_f.2.bias_DequantizeLinear_Output", "shape": ["1"]}, {"name": "logits_QuantizeLinear_Input", "shape": ["1", "1", "512", "512"]}, {"name": "logits_QuantizeLinear_Output", "shape": ["1", "1", "512", "512"]}, {"name": "logits", "shape": ["1", "1", "512", "512"]}], "subgraphStat": [{"device": "DPU", "count": 2}]}}
NPU_TIMELINE "\n-----------------------------\n[003d:00:01.1] : NPU Phoenix\n-----------------------------\nAIE Partitions\n  Total Memory Usage: 179 MB\n  Partition Index   : 0\n    Columns: [1, 2, 3, 4]\n    HW Contexts:\n      |PID                 |Ctx ID     |Submissions |Migrations  |Err  |Priority |\n      |Process Name        |Status     |Completions |Suspensions |     |GOPS     |\n      |Memory Usage        |Instr BO   |            |            |     |FPS      |\n      |                    |           |            |            |     |Latency  |\n      |====================|===========|============|============|=====|=========|\n      |51984               |196        |53          |0           |0    |Normal   |\n      |python.exe          |Active     |52          |0           |     |32       |\n      |179 MB              |4256 KB    |            |            |     |N/A      |\n      |                    |           |            |            |     |N/A      |\n      |--------------------|-----------|------------|------------|-----|---------|\n"
NPU_OWNERSHIP {"context_pids": [51984], "owned_pids": [51984, 55496], "foreign_pids": []}
HOST_TIMELINE {"elapsed_seconds": 3.766, "tree_rss_bytes": 421277696, "foreign_peers": []}
NPU_TIMELINE "\n-----------------------------\n[003d:00:01.1] : NPU Phoenix\n-----------------------------\nAIE Partitions\n  Total Memory Usage: 179 MB\n  Partition Index   : 0\n    Columns: [1, 2, 3, 4]\n    HW Contexts:\n      |PID                 |Ctx ID     |Submissions |Migrations  |Err  |Priority |\n      |Process Name        |Status     |Completions |Suspensions |     |GOPS     |\n      |Memory Usage        |Instr BO   |            |            |     |FPS      |\n      |                    |           |            |            |     |Latency  |\n      |====================|===========|============|============|=====|=========|\n      |51984               |196        |532         |0           |0    |Normal   |\n      |python.exe          |Active     |531         |0           |     |32       |\n      |179 MB              |4256 KB    |            |            |     |N/A      |\n      |                    |           |            |            |     |N/A      |\n      |--------------------|-----------|------------|------------|-----|---------|\n"
NPU_OWNERSHIP {"context_pids": [51984], "owned_pids": [51984, 55496], "foreign_pids": []}
HOST_TIMELINE {"elapsed_seconds": 7.531, "tree_rss_bytes": 421306368, "foreign_peers": []}
HOST_TIMELINE {"elapsed_seconds": 11.344, "tree_rss_bytes": 421318656, "foreign_peers": []}
NPU_TIMELINE "\n-----------------------------\n[003d:00:01.1] : NPU Phoenix\n-----------------------------\nAIE Partitions\n  Total Memory Usage: 179 MB\n  Partition Index   : 0\n    Columns: [1, 2, 3, 4]\n    HW Contexts:\n      |PID                 |Ctx ID     |Submissions |Migrations  |Err  |Priority |\n      |Process Name        |Status     |Completions |Suspensions |     |GOPS     |\n      |Memory Usage        |Instr BO   |            |            |     |FPS      |\n      |                    |           |            |            |     |Latency  |\n      |====================|===========|============|============|=====|=========|\n      |51984               |196        |1148        |0           |0    |Normal   |\n      |python.exe          |Active     |1147        |0           |     |32       |\n      |179 MB              |4256 KB    |            |            |     |N/A      |\n      |                    |           |            |            |     |N/A      |\n      |--------------------|-----------|------------|------------|-----|---------|\n"
NPU_OWNERSHIP {"context_pids": [51984], "owned_pids": [51984, 55496], "foreign_pids": []}
HOST_TIMELINE {"elapsed_seconds": 15.109, "tree_rss_bytes": 421318656, "foreign_peers": []}
NPU_TIMELINE "\n-----------------------------\n[003d:00:01.1] : NPU Phoenix\n-----------------------------\nAIE Partitions\n  Total Memory Usage: 179 MB\n  Partition Index   : 0\n    Columns: [1, 2, 3, 4]\n    HW Contexts:\n      |PID                 |Ctx ID     |Submissions |Migrations  |Err  |Priority |\n      |Process Name        |Status     |Completions |Suspensions |     |GOPS     |\n      |Memory Usage        |Instr BO   |            |            |     |FPS      |\n      |                    |           |            |            |     |Latency  |\n      |====================|===========|============|============|=====|=========|\n      |51984               |196        |1629        |0           |0    |Normal   |\n      |python.exe          |Active     |1628        |0           |     |32       |\n      |179 MB              |4256 KB    |            |            |     |N/A      |\n      |                    |           |            |            |     |N/A      |\n      |--------------------|-----------|------------|------------|-----|---------|\n"
NPU_OWNERSHIP {"context_pids": [51984], "owned_pids": [51984, 55496], "foreign_pids": []}
BENCHMARK {"backend": "amd", "warmup": 50, "frames": 500, "image": "data/modnet_val/000000001000.jpg", "mean_ms": 31.47851299867034, "p95_ms": 32.47579501476139, "stages": {"pre_ms": 2.6202210020273924, "network_ms": 26.729224198497832, "post_ms": 2.1290677981451154}, "samples_ms": [31.503799953497946, 31.163499923422933, 31.117900041863322, 31.91540006082505, 32.36599999945611, 31.413799966685474, 31.148299924097955, 31.40420001000166, 30.929000000469387, 31.31660004146397, 32.1253000292927, 31.233099987730384, 30.71790002286434, 30.822400003671646, 31.162200029939413, 31.047600088641047, 31.286200042814016, 31.501399935223162, 33.523599966429174, 31.3359999563545, 31.190500012598932, 31.284599914215505, 31.395800062455237, 30.453299987129867, 30.63799999654293, 30.902799917384982, 31.696900026872754, 30.786900082603097, 31.362200039438903, 30.67650005687028, 31.149599933996797, 31.395699945278466, 31.35820000898093, 31.366100069135427, 31.699199927970767, 31.548199942335486, 32.115899957716465, 32.96750003937632, 31.556300004012883, 31.603200011886656, 32.34589996282011, 31.54330002143979, 31.27969999331981, 31.456600059755147, 31.086000031791627, 31.567399972118437, 31.176300020888448, 31.735399970784783, 32.13429998140782, 32.50470000784844, 31.147099914960563, 31.44689998589456, 31.740900012664497, 32.11239993106574, 31.419600010849535, 31.982599990442395, 32.39220008254051, 31.24140005093068, 31.782699981704354, 31.249699997715652, 32.13549999054521, 31.530700041912496, 31.731000053696334, 31.142499996349216, 31.38380008749664, 31.862300005741417, 31.390400021336973, 32.08250005263835, 31.74319991376251, 31.470600049942732, 31.58210008405149, 31.28120000474155, 32.054000068455935, 31.44130005966872, 31.585799995809793, 31.339599983766675, 31.647800002247095, 31.96849999949336, 31.043900060467422, 31.44949988927692, 32.108600018545985, 31.51659993454814, 32.512899953871965, 31.467000022530556, 31.0825000051409, 31.157699995674193, 30.571799958124757, 30.981399933807552, 31.18900000117719, 31.045899959281087, 31.775299925357103, 32.049600034952164, 31.631899997591972, 31.408799928613007, 30.75070003978908, 31.917500076815486, 31.527399900369346, 31.745300046168268, 30.816700076684356, 31.046300078742206, 31.442100065760314, 30.706000048667192, 31.514599919319153, 31.886599957942963, 31.495300005190074, 31.559100025333464, 31.930600060150027, 31.024100026115775, 30.727899982593954, 31.65579994674772, 30.562200001440942, 30.70510004181415, 30.84130003117025, 32.59269997943193, 30.458500026725233, 31.16409992799163, 30.950100044719875, 30.321700032800436, 30.47669993247837, 31.779899960383773, 31.210599932819605, 31.27189993392676, 31.503799953497946, 30.556999961845577, 31.387399998493493, 32.5660000089556, 31.07660007663071, 31.57750004902482, 31.733799958601594, 30.4362999740988, 30.896899988874793, 31.10350004862994, 32.44649991393089, 31.01899998728186, 31.31660004146397, 31.483700033277273, 30.84999998100102, 30.511700082570314, 31.154300086200237, 31.526300008408725, 31.397699960507452, 30.712899984791875, 30.55369993671775, 30.770999961532652, 32.21039997879416, 32.10289997514337, 31.417699996381998, 32.146000070497394, 32.566300011239946, 31.315499916672707, 30.52580007351935, 31.974200042895973, 31.12379997037351, 31.48099989630282, 31.48730006068945, 31.384500092826784, 31.40990005340427, 31.013099942356348, 31.66939993388951, 31.639400054700673, 31.829699990339577, 31.954100006259978, 31.68110002297908, 31.446299981325865, 32.49640006106347, 31.324000097811222, 31.978200073353946, 31.340699992142618, 33.85730006266385, 31.882100040093064, 31.90629999153316, 31.25150001142174, 32.47510001529008, 31.7907000426203, 31.391700031235814, 31.855700071901083, 31.668700044974685, 31.82149992790073, 32.03959995880723, 31.251900014467537, 31.45409992430359, 31.11079998780042, 31.80410002823919, 31.377900042571127, 31.41599998343736, 32.274400000460446, 32.07099996507168, 31.78650001063943, 32.41320000961423, 30.80000006593764, 31.6781000001356, 31.4799000043422, 31.426599947735667, 31.455099931918085, 31.326399999670684, 31.54459991492331, 31.70070005580783, 31.591300037689507, 31.447399989701807, 31.46909992210567, 31.635800027288496, 31.758900033310056, 31.68710006866604, 31.455300049856305, 31.27029992174357, 31.73310006968677, 31.19680006057024, 32.32409991323948, 31.31089999806136, 31.64119995199144, 30.953300069086254, 30.480299959890544, 31.153099960647523, 31.80559992324561, 30.42610001284629, 31.793999951332808, 31.398599967360497, 31.475399970076978, 31.38189995661378, 30.649599968455732, 31.48539992980659, 31.22340003028512, 30.636500101536512, 30.69010004401207, 31.183999963104725, 31.20259998831898, 32.48900000471622, 31.215499970130622, 32.07940002903342, 31.46470000501722, 31.253500026650727, 30.65910004079342, 31.812199973501265, 31.63089998997748, 31.32710000500083, 31.70930000487715, 30.91680002398789, 30.94009996857494, 31.46189998369664, 31.234499998390675, 30.912899994291365, 31.34660003706813, 31.602000002749264, 31.462099985219538, 31.153200077824295, 31.430300092324615, 31.373300007544458, 31.174800009466708, 30.630100052803755, 32.39629999734461, 31.936499988660216, 31.554599991068244, 31.176800024695694, 31.363499932922423, 30.74499999638647, 31.361999921500683, 31.582099967636168, 30.610800022259355, 31.025199918076396, 31.25280002132058, 30.793100013397634, 30.915500014089048, 30.598700046539307, 32.613699906505644, 31.562200048938394, 30.95799998845905, 31.371099990792572, 30.862099956721067, 31.14320000167936, 30.683299992233515, 31.791200046427548, 31.66039998177439, 31.089500058442354, 32.182800001464784, 31.684599933214486, 32.04289998393506, 31.49999992456287, 31.587400007992983, 32.19649998936802, 31.80969995446503, 31.52269998099655, 32.33930002897978, 32.43140003178269, 32.12260000873357, 31.910899910144508, 31.58650000113994, 31.616799999028444, 31.685400055721402, 32.28719998151064, 31.475499970838428, 32.03679993748665, 31.160700018517673, 31.77470003720373, 31.741100014187396, 31.221400015056133, 31.820900039747357, 32.092300010845065, 31.92099998705089, 31.9429999217391, 31.523199984803796, 33.39280001819134, 32.569199916906655, 31.447799992747605, 32.25319995544851, 33.131100004538894, 33.093699952587485, 32.51390007790178, 31.57880005892366, 31.752999988384545, 31.33889997843653, 31.166299944743514, 32.00529993046075, 31.64850000757724, 31.757600023411214, 31.565899960696697, 31.742900027893484, 30.99400002975017, 32.12620003614575, 31.666499911807477, 31.65140002965927, 32.45029994286597, 31.521599972620606, 31.98929992504418, 30.954299960285425, 31.418200000189245, 32.02879999298602, 31.42340003978461, 30.99639993160963, 32.190099940635264, 31.476299976930022, 31.37290000449866, 30.9194999281317, 30.651799985207617, 30.965699930675328, 30.345799983479083, 30.766499927267432, 31.66189999319613, 30.953099951148033, 30.78009991440922, 33.366500050760806, 31.385400099679828, 31.2811000039801, 30.98319994751364, 30.955699970945716, 30.539199942722917, 31.14480001386255, 30.535399913787842, 30.621399986557662, 31.295299995690584, 31.50520008057356, 30.8485000859946, 31.24400007072836, 31.24430007301271, 30.86629998870194, 31.478699995204806, 30.888799927197397, 30.723399948328733, 31.663700006902218, 32.62339998036623, 31.019899994134903, 31.380000058561563, 31.580799957737327, 30.68659990094602, 32.29060000739992, 30.733799911104143, 30.39840003475547, 31.008000019937754, 30.825200024992228, 30.349600012414157, 30.788599979132414, 31.24869999010116, 31.10469994135201, 31.008900026790798, 30.98489996045828, 31.40870004426688, 31.86360001564026, 30.388400075025856, 31.319099944084883, 31.938300002366304, 31.276500085368752, 31.163300038315356, 31.055700033903122, 31.95059997960925, 30.84979997947812, 31.66609990876168, 30.79230000730604, 30.524599947966635, 31.662599998526275, 31.26019996125251, 31.461199978366494, 31.454899930395186, 31.150999944657087, 31.045099953189492, 32.08420006558299, 31.44549997523427, 31.951099983416498, 32.18360000755638, 31.551700085401535, 32.08150004502386, 31.631399993784726, 31.908500008285046, 31.927399919368327, 31.967699993401766, 31.526600010693073, 31.767399981617928, 31.435500015504658, 32.14829997159541, 31.751699978485703, 31.721899984404445, 31.48590005002916, 31.63049998693168, 32.046500011347234, 31.756300013512373, 32.94229996390641, 32.52899996004999, 31.442899955436587, 31.365899951197207, 31.574200023896992, 31.8575999699533, 31.483800034038723, 31.32440010085702, 32.08579996135086, 31.481600017286837, 31.342200003564358, 31.458600074984133, 31.238900031894445, 31.480300007387996, 32.05749997869134, 31.46620001643896, 31.031500082463026, 31.725000008009374, 31.62939997855574, 31.955299898982048, 31.980999978259206, 31.34790004696697, 30.98030004184693, 31.54769993852824, 32.77799999341369, 32.240199972875416, 31.548700062558055, 32.22499997355044, 32.283500069752336, 32.237800071015954, 33.02770003210753, 31.73139994032681, 31.590000027790666, 31.253700028173625, 31.607899931259453, 31.438800040632486, 30.898299999535084, 31.285100034438074, 32.3047999991104, 31.717600068077445, 30.859399936161935, 31.56109992414713, 31.1062999535352, 30.880399979650974, 31.021200004033744, 31.334300059825182, 31.509899999946356, 31.209700042381883, 30.848699971102178, 30.80269997008145, 31.6512999124825, 32.49789995606989, 31.43990004900843, 30.960800009779632, 31.33719996549189, 30.987299978733063, 31.417999998666346, 31.20540000963956, 32.54659997764975, 31.82490007020533, 30.556300072930753, 31.182400067336857, 30.831199954263866, 31.33129992056638, 31.222800025716424, 30.972900101915002, 31.225700047798455, 32.44839992839843, 31.227299943566322, 31.89330000896007, 31.970599899068475, 30.93730006366968, 30.612400034442544, 32.35420002602041, 30.793300014920533, 30.499999993480742, 31.41609998419881, 33.104300033301115, 32.21870004199445, 31.087499926798046, 31.04819997679442, 31.222300021909177, 30.605799984186888, 31.48140001576394, 30.784100061282516, 31.43199998885393, 30.805200105533004]}
POST_NPU_CONTEXT_WITNESS "\n-----------------------------\n[003d:00:01.1] : NPU Phoenix\n-----------------------------\nAIE Partitions\n  No hardware contexts running on device\n\n"
RESEARCH_PROCESS_RESULT {"exit_code": 0, "stop": null, "peak_tree_rss_bytes": 427601920, "rss_measurement": "maximum observed across sampled descendant working sets; zero observations reported as null", "elapsed_seconds": 18.718999999924563, "foreign_contention_observed": false, "timing_eligible": true}
