RESEARCH_PLATFORM {"machine": "Desktop 2", "cpu": "AMD Ryzen 7 8700G w/ Radeon 780M Graphics", "os": "Windows-11-10.0.26200-SP0", "ram_bytes": 33381138432, "source_sha256": {"tools/research_process.py": "9964df088a6a1cdd21c15195d2810606ef708ccabfd802232217cd12400da896", "tools/quant_calib_alphabet.py": "2dc0b2878c564853f340880209a425dfcf63b8536b2b8e9fd32344daade58d37", "tools/xint8_arithmetic_probe.py": "6aa3df08b9870c3c2264b868459d7ffbac3070dddc1349d7c6f3f480075f7041", "scripts/research-lowlevel.sh": "3455ad7933697936487712665505c216891865c6deada647302785f6e37020bd", "scripts/research-iron.sh": "4c863a262646ddab39b5005006ba8e03809895e6386c6310e2fd9d0a9e9609ee", "kernels/memory_placement/probe.py": "e8d990169ad6091fa1b53852e9f61eff495b5def72d35165a5c5cf1759e38898", "kernels/memory_placement/memory_kernels.cc": "182e7af7071a1e851afb4a7ca266069c489aea1fbaaa85eca129708daeba5ba6", "scripts/research-matrix.sh": "739254171629deae822b0ad7dabc875aee19ace56dde77d3e8aab61663f97516", "kernels/memory_placement/gemm.py": "17c905ad66110d3346bbf0db898dfc6b780df59fae1dfb0c1747057ce1e5844e", "kernels/memory_placement/gemm_placement.cc": "f21acf7250b12914ea30cc1f77613239dfa18421a85a1b9a5199017dd916278a", "tools/research_summary.py": "0c00dcceef07053d06731b41a1f1ed58d3ba4ea09f82497de354ce9cef17da20", "tools/research_toolchain.py": "f0a126a24ae213acfaa43460cfd9def0c86d9cb70cfee0228aa271688467b314"}, "commit": "5b80d57643c20cf9db15a17238d3456990811f03", "command": ["python", "benchmarks/dense_compare.py", "bench", "--family", "bisenetv2", "--pins", "results/dense/bisenetv2_pins_20260921.json", "--artifacts", "build/dense_validation/20260921", "--backend", "amd", "--container", "build/bisenetv2_dense_20260921.ignite"], "seconds_limit": 1200.0, "rss_gib_limit": 10.0, "checks_only": false, "free_ram_bytes": 18716180480}
HOST_LOAD busy_cores=0.19 logical_cores=16 free_ram_gb=17.3 sample_sec=1
HOST_LOAD_TOP 0.11 Taskmgr:57220 ws_mb=158
HOST_LOAD_TOP 0.06 powershell:64376 ws_mb=81
HOST_LOAD_TOP 0.02 <tool>:21712 ws_mb=705
HOST_LOAD_VERDICT CLEAR

PRE_NPU_CONTEXT_WITNESS "\n-----------------------------\n[003d:00:01.1] : NPU Phoenix\n-----------------------------\nAIE Partitions\n  No hardware contexts running on device\n\n"
IDENTITY {"family": "bisenetv2", "pins_sha256": "d0c2f170ea2d27926afe43db9c3fcd91d1aca9df9ad08ba3f4c5f83f27eef656", "model_sha256": "5206b31103fb80f812b837c9402b4dbaf8f098f0df2c06bc96b18398644aab8e", "numpy": "1.26.4", "ort": "1.23.3.dev20260320", "images": 50, "full_set": true, "source_sha256": {"benchmarks/dense_compare.py": "8809c34a64f36664c8b0cb69e020a3f312c49fe81b97f3b1230dba2ab9e5b05c", "src/ignite_xdna/compiler/dense_regions.py": "cfeeeeb64bfbc0fcd4953f05d947ffe828d17b7498dcff02b043d8aa2a14deb6", "src/ignite_xdna/compiler/graph_ir.py": "f530ce85a52ba17af3eb6f6d2cdcd6803efcbfb09abdb44c8fc48141119a1607", "src/ignite_xdna/compiler/engine_schedule.py": "ec4e6bb916585efec2f231d3c1ce86ca1374ef8a8913980950244d2aee0f5e2c", "src/ignite_xdna/compiler/engine_compile.py": "c0f95e3aad1c6501b730a4abf7361ac0f64ca740430dff64abe4cf26943ab651", "src/ignite_xdna/compiler/graph_reference.py": "412ef65bf6a0410afea226c05660fcb226d1709edbdf48daa37362e9e1de5756", "src/ignite_xdna/runtime/session.py": "5701c15dd93709c5e79ff63c24e49821a15f7ee988882c916ef287810d5c8cf5", "src/ignite_xdna/runtime/graph_session.py": "8456bb841abe59e16583e3cc87d9ae66e0e66e47586f9ab8921be20a890a8dea", "src/ignite_xdna/runtime/dense_session.py": "6feeb34692e57a74de1bbf30e135a2d9019640322cf83d4347754110a1d8f901", "Ignition/src/ignition/pipelines/dense.py": "4f53a3361916f88de2ef441734ee1a1040ade377c4d048034d67bbb082890653", "Ignition/src/ignition/pipelines/vision.py": "aca151c3cf450c13c9b191becb75fa133a1615c1396f540ce3876f5d7ee8fca7", "Ignition/src/ignition/live.py": "09caa2fea062b2ac8b6d978d257c3379ae21ff39be1c8df9bff042f428e6a12f"}}
RYZEN_AI_INSTALLATION_PATH = C:\Program Files\RyzenAI\1.7.1
xclbin: C:\Program Files\RyzenAI\1.7.1\voe-4.0-win_amd64\xclbins\phoenix\4x4.xclbin
onnxruntime 1.23.3.dev20260320  providers: ['VitisAIExecutionProvider', 'DmlExecutionProvider', 'CPUExecutionProvider']
cache:  C:\Users\<user>\PycharmProjects\ignite-xdna\bisenetv2cachekey
First run compiles the model. It takes a while and looks frozen. It isn't.
2026-09-21 12:49:40.0755437 [I:onnxruntime:, inference_session.cc:606 onnxruntime::InferenceSession::TraceSessionOptions] Session Options {  execution_mode:0 execution_order:DEFAULT enable_profiling:0 optimized_model_filepath: enable_mem_pattern:1 enable_mem_reuse:1 enable_cpu_mem_arena:1 profile_file_prefix:onnxruntime_profile_ session_logid: session_log_severity_level:1 session_log_verbosity_level:0 max_num_graph_transformation_steps:10 graph_optimization_level:4 intra_op_param:OrtThreadPoolParams { thread_pool_size: 0 auto_set_affinity: 0 allow_spinning: 1 dynamic_block_base_: 0 stack_size: 0 affinity_str:  set_denormal_as_zero: 0 } inter_op_param:OrtThreadPoolParams { thread_pool_size: 0 auto_set_affinity: 0 allow_spinning: 1 dynamic_block_base_: 0 stack_size: 0 affinity_str:  set_denormal_as_zero: 0 } use_per_session_threads:1 thread_pool_allow_spinning:1 use_deterministic_compute:0 ep_selection_policy:0 config_options: {  } }
2026-09-21 12:49:40.0761209 [I:onnxruntime:, inference_session.cc:422 onnxruntime::InferenceSession::ConstructorCommon] Creating and using per session threadpools since use_per_session_threads_ is true
2026-09-21 12:49:40.0762307 [I:onnxruntime:, inference_session.cc:446 onnxruntime::InferenceSession::ConstructorCommon] Dynamic block base set to 0
2026-09-21 12:49:40.1762712 [I:onnxruntime:, inference_session.cc:2042 onnxruntime::InferenceSession::Initialize] Initializing session.
2026-09-21 12:49:40.1763826 [I:onnxruntime:, inference_session.cc:2080 onnxruntime::InferenceSession::Initialize] Adding default CPU execution provider.
2026-09-21 12:49:40.1766003 [I:onnxruntime:, graph_partitioner.cc:1209 onnxruntime::GraphPartitioner::InlineFunctionsAOT] This model does not have any local functions defined. AOT Inlining is not performed
2026-09-21 12:49:40.1770709 [I:onnxruntime:, graph_transformer.cc:15 onnxruntime::GraphTransformer::Apply] GraphTransformer EnsureUniqueDQForNodeUnit modified: 1 with status: OK
2026-09-21 12:49:40.1801854 [I:onnxruntime:, graph_transformer.cc:15 onnxruntime::GraphTransformer::Apply] GraphTransformer Level1_RuleBasedTransformer modified: 1 with status: OK
2026-09-21 12:49:40.1824090 [I:onnxruntime:, graph.cc:4888 onnxruntime::Graph::CleanUnusedInitializersAndNodeArgs] Removing initializer '/segment/S5_5/ReduceMean_output_0_Scale'. It is no longer used by any node.
2026-09-21 12:49:40.1827881 [I:onnxruntime:, graph_transformer.cc:15 onnxruntime::GraphTransformer::Apply] GraphTransformer DoubleQDQPairsRemover modified: 0 with status: OK
2026-09-21 12:49:40.1836851 [I:onnxruntime:, constant_sharing.cc:248 onnxruntime::ConstantSharing::ApplyImpl] Total shared scalar initializer count: 175
2026-09-21 12:49:40.1838315 [I:onnxruntime:, graph_transformer.cc:15 onnxruntime::GraphTransformer::Apply] GraphTransformer ConstantSharing modified: 1 with status: OK
2026-09-21 12:49:40.1861651 [I:onnxruntime:, graph_transformer.cc:15 onnxruntime::GraphTransformer::Apply] GraphTransformer CommonSubexpressionElimination modified: 0 with status: OK
2026-09-21 12:49:40.1864484 [I:onnxruntime:, graph_transformer.cc:15 onnxruntime::GraphTransformer::Apply] GraphTransformer ConstantFolding modified: 0 with status: OK
2026-09-21 12:49:40.1866107 [I:onnxruntime:, graph_transformer.cc:15 onnxruntime::GraphTransformer::Apply] GraphTransformer MatMulAddFusion modified: 0 with status: OK
2026-09-21 12:49:40.1867659 [I:onnxruntime:, graph_transformer.cc:15 onnxruntime::GraphTransformer::Apply] GraphTransformer ReshapeFusion modified: 0 with status: OK
2026-09-21 12:49:40.1868613 [I:onnxruntime:, graph_transformer.cc:15 onnxruntime::GraphTransformer::Apply] GraphTransformer FreeDimensionOverrideTransformer modified: 0 with status: OK
2026-09-21 12:49:40.1869678 [I:onnxruntime:, graph_transformer.cc:15 onnxruntime::GraphTransformer::Apply] GraphTransformer GeluFusionL1 modified: 0 with status: OK
2026-09-21 12:49:40.1871253 [I:onnxruntime:, graph_transformer.cc:15 onnxruntime::GraphTransformer::Apply] GraphTransformer LayerNormFusionL1 modified: 0 with status: OK
2026-09-21 12:49:40.1874786 [I:onnxruntime:, graph_transformer.cc:15 onnxruntime::GraphTransformer::Apply] GraphTransformer QDQPropagationTransformer modified: 0 with status: OK
2026-09-21 12:49:40.1876702 [I:onnxruntime:, graph_transformer.cc:15 onnxruntime::GraphTransformer::Apply] GraphTransformer WeightBiasQuantization modified: 0 with status: OK
2026-09-21 12:49:40.1878602 [I:onnxruntime:, graph_transformer.cc:15 onnxruntime::GraphTransformer::Apply] GraphTransformer EnsureUniqueDQForNodeUnit modified: 0 with status: OK
2026-09-21 12:49:40.1880224 [I:onnxruntime:, graph_transformer.cc:15 onnxruntime::GraphTransformer::Apply] GraphTransformer RocmBlasAltImpl modified: 0 with status: OK
2026-09-21 12:49:40.1886279 [I:onnxruntime:, graph_transformer.cc:15 onnxruntime::GraphTransformer::Apply] GraphTransformer TransposeOptimizer modified: 0 with status: OK
2026-09-21 12:49:40.1888127 [I:onnxruntime:, graph_transformer.cc:15 onnxruntime::GraphTransformer::Apply] GraphTransformer Level1_RuleBasedTransformer modified: 0 with status: OK
2026-09-21 12:49:40.1891116 [I:onnxruntime:, graph_transformer.cc:15 onnxruntime::GraphTransformer::Apply] GraphTransformer DoubleQDQPairsRemover modified: 0 with status: OK
2026-09-21 12:49:40.1895389 [I:onnxruntime:, graph_transformer.cc:15 onnxruntime::GraphTransformer::Apply] GraphTransformer CommonSubexpressionElimination modified: 0 with status: OK
2026-09-21 12:49:40.1935847 [I:onnxruntime:, graph_transformer.cc:15 onnxruntime::GraphTransformer::Apply] GraphTransformer ConstantFolding modified: 0 with status: OK
2026-09-21 12:49:40.1938415 [I:onnxruntime:, graph_transformer.cc:15 onnxruntime::GraphTransformer::Apply] GraphTransformer MatMulAddFusion modified: 0 with status: OK
2026-09-21 12:49:40.1940359 [I:onnxruntime:, graph_transformer.cc:15 onnxruntime::GraphTransformer::Apply] GraphTransformer ReshapeFusion modified: 0 with status: OK
2026-09-21 12:49:40.1941293 [I:onnxruntime:, graph_transformer.cc:15 onnxruntime::GraphTransformer::Apply] GraphTransformer FreeDimensionOverrideTransformer modified: 0 with status: OK
2026-09-21 12:49:40.1942294 [I:onnxruntime:, graph_transformer.cc:15 onnxruntime::GraphTransformer::Apply] GraphTransformer GeluFusionL1 modified: 0 with status: OK
2026-09-21 12:49:40.1943824 [I:onnxruntime:, graph_transformer.cc:15 onnxruntime::GraphTransformer::Apply] GraphTransformer LayerNormFusionL1 modified: 0 with status: OK
2026-09-21 12:49:40.1946932 [I:onnxruntime:, graph_transformer.cc:15 onnxruntime::GraphTransformer::Apply] GraphTransformer QDQPropagationTransformer modified: 0 with status: OK
2026-09-21 12:49:40.1948873 [I:onnxruntime:, graph_transformer.cc:15 onnxruntime::GraphTransformer::Apply] GraphTransformer WeightBiasQuantization modified: 0 with status: OK
2026-09-21 12:49:40.1952077 [I:onnxruntime:, graph_transformer.cc:15 onnxruntime::GraphTransformer::Apply] GraphTransformer EnsureUniqueDQForNodeUnit modified: 0 with status: OK
2026-09-21 12:49:40.1954838 [I:onnxruntime:, graph_transformer.cc:15 onnxruntime::GraphTransformer::Apply] GraphTransformer RocmBlasAltImpl modified: 0 with status: OK
2026-09-21 12:49:40.2554413 [I:onnxruntime:, graph.cc:4888 onnxruntime::Graph::CleanUnusedInitializersAndNodeArgs] Removing initializer 'onnx::Conv_645_scale'. It is no longer used by any node.
2026-09-21 12:49:40.2555746 [I:onnxruntime:, graph.cc:4888 onnxruntime::Graph::CleanUnusedInitializersAndNodeArgs] Removing initializer 'onnx::Conv_512_zero_point'. It is no longer used by any node.
2026-09-21 12:49:40.2556891 [I:onnxruntime:, graph.cc:4888 onnxruntime::Graph::CleanUnusedInitializersAndNodeArgs] Removing initializer 'onnx::Conv_666_quantized'. It is no longer used by any node.
2026-09-21 12:49:40.2557955 [I:onnxruntime:, graph.cc:4888 onnxruntime::Graph::CleanUnusedInitializersAndNodeArgs] Removing initializer '/detail/S2/S2.0/relu/Relu_output_0_scale'. It is no longer used by any node.
2026-09-21 12:49:40.2559399 [I:onnxruntime:, graph.cc:4888 onnxruntime::Graph::CleanUnusedInitializersAndNodeArgs] Removing initializer '/bga/Sigmoid_output_0_Scale'. It is no longer used by any node.
2026-09-21 12:49:40.2560383 [I:onnxruntime:, graph.cc:4888 onnxruntime::Graph::CleanUnusedInitializersAndNodeArgs] Removing initializer '/bga/up1/Constant_output_0'. It is no longer used by any node.
2026-09-21 12:49:40.2561581 [I:onnxruntime:, graph.cc:4888 onnxruntime::Graph::CleanUnusedInitializersAndNodeArgs] Removing initializer 'onnx::Conv_518_quantized'. It is no longer used by any node.
2026-09-21 12:49:40.2562706 [I:onnxruntime:, graph.cc:4888 onnxruntime::Graph::CleanUnusedInitializersAndNodeArgs] Removing initializer '/head/up/Constant_output_0'. It is no longer used by any node.
2026-09-21 12:49:40.2564178 [I:onnxruntime:, graph.cc:4888 onnxruntime::Graph::CleanUnusedInitializersAndNodeArgs] Removing initializer 'onnx::Conv_542_quantized'. It is no longer used by any node.
2026-09-21 12:49:40.2565189 [I:onnxruntime:, graph.cc:4888 onnxruntime::Graph::CleanUnusedInitializersAndNodeArgs] Removing initializer 'onnx::Conv_522_zero_point'. It is no longer used by any node.
2026-09-21 12:49:40.2566210 [I:onnxruntime:, graph.cc:4888 onnxruntime::Graph::CleanUnusedInitializersAndNodeArgs] Removing initializer 'bga.left1.2.weight_quantized'. It is no longer used by any node.
2026-09-21 12:49:40.2567249 [I:onnxruntime:, graph.cc:4888 onnxruntime::Graph::CleanUnusedInitializersAndNodeArgs] Removing initializer 'onnx::Conv_554_zero_point'. It is no longer used by any node.
2026-09-21 12:49:40.2568271 [I:onnxruntime:, graph.cc:4888 onnxruntime::Graph::CleanUnusedInitializersAndNodeArgs] Removing initializer '/segment/S1S2/left/left.0/relu/Relu_output_0_scale'. It is no longer used by any node.
2026-09-21 12:49:40.2569384 [I:onnxruntime:, graph.cc:4888 onnxruntime::Graph::CleanUnusedInitializersAndNodeArgs] Removing initializer 'onnx::Conv_512_quantized'. It is no longer used by any node.
2026-09-21 12:49:40.2570379 [I:onnxruntime:, graph.cc:4888 onnxruntime::Graph::CleanUnusedInitializersAndNodeArgs] Removing initializer 'onnx::Conv_513_zero_point'. It is no longer used by any node.
2026-09-21 12:49:40.2571411 [I:onnxruntime:, graph.cc:4888 onnxruntime::Graph::CleanUnusedInitializersAndNodeArgs] Removing initializer 'onnx::Conv_581_scale'. It is no longer used by any node.
2026-09-21 12:49:40.2572902 [I:onnxruntime:, graph.cc:4888 onnxruntime::Graph::CleanUnusedInitializersAndNodeArgs] Removing initializer 'onnx::Conv_513_quantized'. It is no longer used by any node.
2026-09-21 12:49:40.2573923 [I:onnxruntime:, graph.cc:4888 onnxruntime::Graph::CleanUnusedInitializersAndNodeArgs] Removing initializer 'onnx::Conv_515_zero_point'. It is no longer used by any node.
2026-09-21 12:49:40.2574982 [I:onnxruntime:, graph.cc:4888 onnxruntime::Graph::CleanUnusedInitializersAndNodeArgs] Removing initializer '/segment/S3/S3.0/shortcut/shortcut.0/Conv_output_0_scale'. It is no longer used by any node.
2026-09-21 12:49:40.2576142 [I:onnxruntime:, graph.cc:4888 onnxruntime::Graph::CleanUnusedInitializersAndNodeArgs] Removing initializer '/bga/Mul_output_0_scale'. It is no longer used by any node.
2026-09-21 12:49:40.2577200 [I:onnxruntime:, graph.cc:4888 onnxruntime::Graph::CleanUnusedInitializersAndNodeArgs] Removing initializer '/segment/S3/S3.0/shortcut/shortcut.0/Conv_output_0_zero_point'. It is no longer used by any node.
2026-09-21 12:49:40.2695484 [I:onnxruntime:, graph.cc:4888 onnxruntime::Graph::CleanUnusedInitializersAndNodeArgs] Removing initializer 'onnx::Conv_536_zero_point'. It is no longer used by any node.
2026-09-21 12:49:40.2697313 [I:onnxruntime:, graph.cc:4888 onnxruntime::Graph::CleanUnusedInitializersAndNodeArgs] Removing initializer 'onnx::Conv_536_quantized'. It is no longer used by any node.
2026-09-21 12:49:40.2699057 [I:onnxruntime:, graph.cc:4888 onnxruntime::Graph::CleanUnusedInitializersAndNodeArgs] Removing initializer 'bga.right2.2.weight_scale'. It is no longer used by any node.
2026-09-21 12:49:40.2700872 [I:onnxruntime:, graph.cc:4888 onnxruntime::Graph::CleanUnusedInitializersAndNodeArgs] Removing initializer '/segment/S4/S4.0/relu/Relu_output_0_zero_point'. It is no longer used by any node.
2026-09-21 12:49:40.2702750 [I:onnxruntime:, graph.cc:4888 onnxruntime::Graph::CleanUnusedInitializersAndNodeArgs] Removing initializer 'onnx::Conv_537_zero_point'. It is no longer used by any node.
2026-09-21 12:49:40.2704464 [I:onnxruntime:, graph.cc:4888 onnxruntime::Graph::CleanUnusedInitializersAndNodeArgs] Removing initializer 'onnx::Conv_515_quantized'. It is no longer used by any node.
2026-09-21 12:49:40.2706332 [I:onnxruntime:, graph.cc:4888 onnxruntime::Graph::CleanUnusedInitializersAndNodeArgs] Removing initializer 'onnx::Conv_537_quantized'. It is no longer used by any node.
2026-09-21 12:49:40.2707346 [I:onnxruntime:, graph.cc:4888 onnxruntime::Graph::CleanUnusedInitializersAndNodeArgs] Removing initializer 'onnx::Conv_665_zero_point'. It is no longer used by any node.
2026-09-21 12:49:40.2708407 [I:onnxruntime:, graph.cc:4888 onnxruntime::Graph::CleanUnusedInitializersAndNodeArgs] Removing initializer '/detail/S1/S1.0/relu/Relu_output_0_zero_point'. It is no longer used by any node.
2026-09-21 12:49:40.2709569 [I:onnxruntime:, graph.cc:4888 onnxruntime::Graph::CleanUnusedInitializersAndNodeArgs] Removing initializer 'onnx::Conv_518_zero_point'. It is no longer used by any node.
2026-09-21 12:49:40.2710748 [I:onnxruntime:, graph.cc:4888 onnxruntime::Graph::CleanUnusedInitializersAndNodeArgs] Removing initializer 'onnx::Conv_558_zero_point'. It is no longer used by any node.
2026-09-21 12:49:40.2711944 [I:onnxruntime:, graph.cc:4888 onnxruntime::Graph::CleanUnusedInitializersAndNodeArgs] Removing initializer '/segment/S1S2/conv/relu/Relu_output_0_zero_point'. It is no longer used by any node.
2026-09-21 12:49:40.2713151 [I:onnxruntime:, graph.cc:4888 onnxruntime::Graph::CleanUnusedInitializersAndNodeArgs] Removing initializer 'onnx::Conv_578_zero_point'. It is no longer used by any node.
2026-09-21 12:49:40.2714188 [I:onnxruntime:, graph.cc:4888 onnxruntime::Graph::CleanUnusedInitializersAndNodeArgs] Removing initializer 'onnx::Conv_653_quantized'. It is no longer used by any node.
2026-09-21 12:49:40.2715124 [I:onnxruntime:, graph.cc:4888 onnxruntime::Graph::CleanUnusedInitializersAndNodeArgs] Removing initializer 'onnx::Conv_621_zero_point'. It is no longer used by any node.
2026-09-21 12:49:40.2716372 [I:onnxruntime:, graph.cc:4888 onnxruntime::Graph::CleanUnusedInitializersAndNodeArgs] Removing initializer 'onnx::Conv_566_quantized'. It is no longer used by any node.
2026-09-21 12:49:40.2717323 [I:onnxruntime:, graph.cc:4888 onnxruntime::Graph::CleanUnusedInitializersAndNodeArgs] Removing initializer 'onnx::Conv_539_zero_point'. It is no longer used by any node.
2026-09-21 12:49:40.2718326 [I:onnxruntime:, graph.cc:4888 onnxruntime::Graph::CleanUnusedInitializersAndNodeArgs] Removing initializer '/detail/S2/S2.1/relu/Relu_output_0_zero_point'. It is no longer used by any node.
2026-09-21 12:49:40.2719824 [I:onnxruntime:, graph.cc:4888 onnxruntime::Graph::CleanUnusedInitializersAndNodeArgs] Removing initializer 'onnx::Conv_543_quantized'. It is no longer used by any node.
2026-09-21 12:49:40.2721177 [I:onnxruntime:, graph.cc:4888 onnxruntime::Graph::CleanUnusedInitializersAndNodeArgs] Removing initializer 'onnx::Conv_567_zero_point'. It is no longer used by any node.
2026-09-21 12:49:40.2901798 [I:onnxruntime:, graph.cc:4888 onnxruntime::Graph::CleanUnusedInitializersAndNodeArgs] Removing initializer 'onnx::Conv_516_zero_point'. It is no longer used by any node.
2026-09-21 12:49:40.2903675 [I:onnxruntime:, graph.cc:4888 onnxruntime::Graph::CleanUnusedInitializersAndNodeArgs] Removing initializer '/segment/S5_4/S5_4.3/relu/Relu_output_0_zero_point'. It is no longer used by any node.
2026-09-21 12:49:40.2905801 [I:onnxruntime:, graph.cc:4888 onnxruntime::Graph::CleanUnusedInitializersAndNodeArgs] Removing initializer '/segment/S1S2/Concat_output_0_zero_point'. It is no longer used by any node.
2026-09-21 12:49:40.2907661 [I:onnxruntime:, graph.cc:4888 onnxruntime::Graph::CleanUnusedInitializersAndNodeArgs] Removing initializer 'onnx::Conv_543_zero_point'. It is no longer used by any node.
2026-09-21 12:49:40.2909416 [I:onnxruntime:, graph.cc:4888 onnxruntime::Graph::CleanUnusedInitializersAndNodeArgs] Removing initializer 'onnx::Conv_617_zero_point'. It is no longer used by any node.
2026-09-21 12:49:40.2910619 [I:onnxruntime:, graph.cc:4888 onnxruntime::Graph::CleanUnusedInitializersAndNodeArgs] Removing initializer 'onnx::Conv_516_quantized'. It is no longer used by any node.
2026-09-21 12:49:40.2911996 [I:onnxruntime:, graph.cc:4888 onnxruntime::Graph::CleanUnusedInitializersAndNodeArgs] Removing initializer 'onnx::Conv_540_zero_point'. It is no longer used by any node.
2026-09-21 12:49:40.2913051 [I:onnxruntime:, graph.cc:4888 onnxruntime::Graph::CleanUnusedInitializersAndNodeArgs] Removing initializer 'onnx::Conv_602_scale'. It is no longer used by any node.
2026-09-21 12:49:40.2914073 [I:onnxruntime:, graph.cc:4888 onnxruntime::Graph::CleanUnusedInitializersAndNodeArgs] Removing initializer 'onnx::Conv_539_quantized'. It is no longer used by any node.
2026-09-21 12:49:40.2915539 [I:onnxruntime:, graph.cc:4888 onnxruntime::Graph::CleanUnusedInitializersAndNodeArgs] Removing initializer '/segment/S1S2/left/left.0/relu/Relu_output_0_zero_point'. It is no longer used by any node.
2026-09-21 12:49:40.2916786 [I:onnxruntime:, graph.cc:4888 onnxruntime::Graph::CleanUnusedInitializersAndNodeArgs] Removing initializer 'onnx::Conv_540_quantized'. It is no longer used by any node.
2026-09-21 12:49:40.2918052 [I:onnxruntime:, graph.cc:4888 onnxruntime::Graph::CleanUnusedInitializersAndNodeArgs] Removing initializer '/segment/S5_5/conv_last/relu/Relu_output_0_zero_point'. It is no longer used by any node.
2026-09-21 12:49:40.2919306 [I:onnxruntime:, graph.cc:4888 onnxruntime::Graph::CleanUnusedInitializersAndNodeArgs] Removing initializer '/detail/S1/S1.1/relu/Relu_output_0_zero_point'. It is no longer used by any node.
2026-09-21 12:49:40.2920497 [I:onnxruntime:, graph.cc:4888 onnxruntime::Graph::CleanUnusedInitializersAndNodeArgs] Removing initializer '/segment/S4/S4.1/conv2/conv2.0/Conv_output_0_zero_point'. It is no longer used by any node.
2026-09-21 12:49:40.2921640 [I:onnxruntime:, graph.cc:4888 onnxruntime::Graph::CleanUnusedInitializersAndNodeArgs] Removing initializer 'onnx::Conv_519_zero_point'. It is no longer used by any node.
2026-09-21 12:49:40.2923548 [I:onnxruntime:, graph.cc:4888 onnxruntime::Graph::CleanUnusedInitializersAndNodeArgs] Removing initializer 'onnx::Conv_519_quantized'. It is no longer used by any node.
2026-09-21 12:49:40.2925625 [I:onnxruntime:, graph.cc:4888 onnxruntime::Graph::CleanUnusedInitializersAndNodeArgs] Removing initializer '/detail/S2/S2.0/relu/Relu_output_0_zero_point'. It is no longer used by any node.
2026-09-21 12:49:40.2927491 [I:onnxruntime:, graph.cc:4888 onnxruntime::Graph::CleanUnusedInitializersAndNodeArgs] Removing initializer 'onnx::Conv_573_quantized'. It is no longer used by any node.
2026-09-21 12:49:40.2929572 [I:onnxruntime:, graph.cc:4888 onnxruntime::Graph::CleanUnusedInitializersAndNodeArgs] Removing initializer 'onnx::Conv_542_zero_point'. It is no longer used by any node.
2026-09-21 12:49:40.3004438 [I:onnxruntime:, graph.cc:4888 onnxruntime::Graph::CleanUnusedInitializersAndNodeArgs] Removing initializer '/segment/S1S2/left/left.1/relu/Relu_output_0_zero_point'. It is no longer used by any node.
2026-09-21 12:49:40.3006286 [I:onnxruntime:, graph.cc:4888 onnxruntime::Graph::CleanUnusedInitializersAndNodeArgs] Removing initializer 'onnx::Conv_551_zero_point'. It is no longer used by any node.
2026-09-21 12:49:40.3007327 [I:onnxruntime:, graph.cc:4888 onnxruntime::Graph::CleanUnusedInitializersAndNodeArgs] Removing initializer 'onnx::Conv_615_quantized'. It is no longer used by any node.
2026-09-21 12:49:40.3008300 [I:onnxruntime:, graph.cc:4888 onnxruntime::Graph::CleanUnusedInitializersAndNodeArgs] Removing initializer 'onnx::Conv_521_zero_point'. It is no longer used by any node.
2026-09-21 12:49:40.3009765 [I:onnxruntime:, graph.cc:4888 onnxruntime::Graph::CleanUnusedInitializersAndNodeArgs] Removing initializer 'onnx::Conv_521_quantized'. It is no longer used by any node.
2026-09-21 12:49:40.3010769 [I:onnxruntime:, graph.cc:4888 onnxruntime::Graph::CleanUnusedInitializersAndNodeArgs] Removing initializer 'onnx::Conv_522_quantized'. It is no longer used by any node.
2026-09-21 12:49:40.3012126 [I:onnxruntime:, graph.cc:4888 onnxruntime::Graph::CleanUnusedInitializersAndNodeArgs] Removing initializer 'onnx::Conv_545_zero_point'. It is no longer used by any node.
2026-09-21 12:49:40.3013127 [I:onnxruntime:, graph.cc:4888 onnxruntime::Graph::CleanUnusedInitializersAndNodeArgs] Removing initializer 'head.conv_out.weight_scale'. It is no longer used by any node.
2026-09-21 12:49:40.3014388 [I:onnxruntime:, graph.cc:4888 onnxruntime::Graph::CleanUnusedInitializersAndNodeArgs] Removing initializer 'onnx::Conv_545_quantized'. It is no longer used by any node.
2026-09-21 12:49:40.3015359 [I:onnxruntime:, graph.cc:4888 onnxruntime::Graph::CleanUnusedInitializersAndNodeArgs] Removing initializer 'onnx::Conv_561_quantized'. It is no longer used by any node.
2026-09-21 12:49:40.3016330 [I:onnxruntime:, graph.cc:4888 onnxruntime::Graph::CleanUnusedInitializersAndNodeArgs] Removing initializer 'onnx::Conv_546_zero_point'. It is no longer used by any node.
2026-09-21 12:49:40.3017381 [I:onnxruntime:, graph.cc:4888 onnxruntime::Graph::CleanUnusedInitializersAndNodeArgs] Removing initializer 'onnx::Conv_546_quantized'. It is no longer used by any node.
2026-09-21 12:49:40.3018578 [I:onnxruntime:, graph.cc:4888 onnxruntime::Graph::CleanUnusedInitializersAndNodeArgs] Removing initializer 'onnx::Conv_524_zero_point'. It is no longer used by any node.
2026-09-21 12:49:40.3019550 [I:onnxruntime:, graph.cc:4888 onnxruntime::Graph::CleanUnusedInitializersAndNodeArgs] Removing initializer 'onnx::Conv_524_quantized'. It is no longer used by any node.
2026-09-21 12:49:40.3020518 [I:onnxruntime:, graph.cc:4888 onnxruntime::Graph::CleanUnusedInitializersAndNodeArgs] Removing initializer 'onnx::Conv_525_zero_point'. It is no longer used by any node.
2026-09-21 12:49:40.3021729 [I:onnxruntime:, graph.cc:4888 onnxruntime::Graph::CleanUnusedInitializersAndNodeArgs] Removing initializer 'onnx::Conv_525_quantized'. It is no longer used by any node.
2026-09-21 12:49:40.3022701 [I:onnxruntime:, graph.cc:4888 onnxruntime::Graph::CleanUnusedInitializersAndNodeArgs] Removing initializer '/segment/S1S2/fuse/relu/Relu_output_0_zero_point'. It is no longer used by any node.
2026-09-21 12:49:40.3023992 [I:onnxruntime:, graph.cc:4888 onnxruntime::Graph::CleanUnusedInitializersAndNodeArgs] Removing initializer '/detail/S2/S2.2/relu/Relu_output_0_zero_point'. It is no longer used by any node.
2026-09-21 12:49:40.3025049 [I:onnxruntime:, graph.cc:4888 onnxruntime::Graph::CleanUnusedInitializersAndNodeArgs] Removing initializer 'onnx::Conv_665_quantized'. It is no longer used by any node.
2026-09-21 12:49:40.3026015 [I:onnxruntime:, graph.cc:4888 onnxruntime::Graph::CleanUnusedInitializersAndNodeArgs] Removing initializer 'onnx::Conv_548_zero_point'. It is no longer used by any node.
2026-09-21 12:49:40.3215873 [I:onnxruntime:, graph.cc:4888 onnxruntime::Graph::CleanUnusedInitializersAndNodeArgs] Removing initializer '/bga/conv/conv.2/Relu_output_0_zero_point'. It is no longer used by any node.
2026-09-21 12:49:40.3218192 [I:onnxruntime:, graph.cc:4888 onnxruntime::Graph::CleanUnusedInitializersAndNodeArgs] Removing initializer 'onnx::Conv_548_quantized'. It is no longer used by any node.
2026-09-21 12:49:40.3219892 [I:onnxruntime:, graph.cc:4888 onnxruntime::Graph::CleanUnusedInitializersAndNodeArgs] Removing initializer 'onnx::Conv_549_zero_point'. It is no longer used by any node.
2026-09-21 12:49:40.3221593 [I:onnxruntime:, graph.cc:4888 onnxruntime::Graph::CleanUnusedInitializersAndNodeArgs] Removing initializer 'onnx::Conv_587_zero_point'. It is no longer used by any node.
2026-09-21 12:49:40.3222834 [I:onnxruntime:, graph.cc:4888 onnxruntime::Graph::CleanUnusedInitializersAndNodeArgs] Removing initializer 'onnx::Conv_549_quantized'. It is no longer used by any node.
2026-09-21 12:49:40.3224020 [I:onnxruntime:, graph.cc:4888 onnxruntime::Graph::CleanUnusedInitializersAndNodeArgs] Removing initializer 'onnx::Conv_555_quantized'. It is no longer used by any node.
2026-09-21 12:49:40.3224973 [I:onnxruntime:, graph.cc:4888 onnxruntime::Graph::CleanUnusedInitializersAndNodeArgs] Removing initializer '/segment/S3/S3.0/conv1/relu/Relu_output_0_zero_point'. It is no longer used by any node.
2026-09-21 12:49:40.3226300 [I:onnxruntime:, graph.cc:4888 onnxruntime::Graph::CleanUnusedInitializersAndNodeArgs] Removing initializer 'onnx::Conv_560_zero_point'. It is no longer used by any node.
2026-09-21 12:49:40.3227344 [I:onnxruntime:, graph.cc:4888 onnxruntime::Graph::CleanUnusedInitializersAndNodeArgs] Removing initializer 'onnx::Conv_560_quantized'. It is no longer used by any node.
2026-09-21 12:49:40.3228316 [I:onnxruntime:, graph.cc:4888 onnxruntime::Graph::CleanUnusedInitializersAndNodeArgs] Removing initializer 'onnx::Conv_561_zero_point'. It is no longer used by any node.
2026-09-21 12:49:40.3229486 [I:onnxruntime:, graph.cc:4888 onnxruntime::Graph::CleanUnusedInitializersAndNodeArgs] Removing initializer 'onnx::Conv_527_zero_point'. It is no longer used by any node.
2026-09-21 12:49:40.3230628 [I:onnxruntime:, graph.cc:4888 onnxruntime::Graph::CleanUnusedInitializersAndNodeArgs] Removing initializer 'onnx::Conv_569_zero_point'. It is no longer used by any node.
2026-09-21 12:49:40.3231595 [I:onnxruntime:, graph.cc:4888 onnxruntime::Graph::CleanUnusedInitializersAndNodeArgs] Removing initializer 'onnx::Conv_527_quantized'. It is no longer used by any node.
2026-09-21 12:49:40.3232735 [I:onnxruntime:, graph.cc:4888 onnxruntime::Graph::CleanUnusedInitializersAndNodeArgs] Removing initializer 'onnx::Conv_528_zero_point'. It is no longer used by any node.
2026-09-21 12:49:40.3234218 [I:onnxruntime:, graph.cc:4888 onnxruntime::Graph::CleanUnusedInitializersAndNodeArgs] Removing initializer 'onnx::Conv_528_quantized'. It is no longer used by any node.
2026-09-21 12:49:40.3236129 [I:onnxruntime:, graph.cc:4888 onnxruntime::Graph::CleanUnusedInitializersAndNodeArgs] Removing initializer '/segment/S3/S3.0/shortcut/shortcut.2/Conv_output_0_zero_point'. It is no longer used by any node.
2026-09-21 12:49:40.3238401 [I:onnxruntime:, graph.cc:4888 onnxruntime::Graph::CleanUnusedInitializersAndNodeArgs] Removing initializer '/segment/S3/S3.0/shortcut/shortcut.2/Conv_output_0_scale'. It is no longer used by any node.
2026-09-21 12:49:40.3240420 [I:onnxruntime:, graph.cc:4888 onnxruntime::Graph::CleanUnusedInitializersAndNodeArgs] Removing initializer 'onnx::Conv_557_quantized'. It is no longer used by any node.
2026-09-21 12:49:40.3242292 [I:onnxruntime:, graph.cc:4888 onnxruntime::Graph::CleanUnusedInitializersAndNodeArgs] Removing initializer 'onnx::Conv_563_zero_point'. It is no longer used by any node.
2026-09-21 12:49:40.3244115 [I:onnxruntime:, graph.cc:4888 onnxruntime::Graph::CleanUnusedInitializersAndNodeArgs] Removing initializer 'onnx::Conv_563_quantized'. It is no longer used by any node.
2026-09-21 12:49:40.3330347 [I:onnxruntime:, graph.cc:4888 onnxruntime::Graph::CleanUnusedInitializersAndNodeArgs] Removing initializer 'onnx::Conv_663_quantized'. It is no longer used by any node.
2026-09-21 12:49:40.3332240 [I:onnxruntime:, graph.cc:4888 onnxruntime::Graph::CleanUnusedInitializersAndNodeArgs] Removing initializer 'onnx::Conv_564_zero_point'. It is no longer used by any node.
2026-09-21 12:49:40.3333999 [I:onnxruntime:, graph.cc:4888 onnxruntime::Graph::CleanUnusedInitializersAndNodeArgs] Removing initializer 'onnx::Conv_564_quantized'. It is no longer used by any node.
2026-09-21 12:49:40.3335745 [I:onnxruntime:, graph.cc:4888 onnxruntime::Graph::CleanUnusedInitializersAndNodeArgs] Removing initializer '/detail/S3/S3.0/relu/Relu_output_0_zero_point'. It is no longer used by any node.
2026-09-21 12:49:40.3337743 [I:onnxruntime:, graph.cc:4888 onnxruntime::Graph::CleanUnusedInitializersAndNodeArgs] Removing initializer 'onnx::Conv_620_quantized'. It is no longer used by any node.
2026-09-21 12:49:40.3339748 [I:onnxruntime:, graph.cc:4888 onnxruntime::Graph::CleanUnusedInitializersAndNodeArgs] Removing initializer '/segment/S3/S3.0/dwconv1/dwconv1.0/Conv_output_0_zero_point'. It is no longer used by any node.
2026-09-21 12:49:40.3341963 [I:onnxruntime:, graph.cc:4888 onnxruntime::Graph::CleanUnusedInitializersAndNodeArgs] Removing initializer 'onnx::Conv_551_quantized'. It is no longer used by any node.
2026-09-21 12:49:40.3343026 [I:onnxruntime:, graph.cc:4888 onnxruntime::Graph::CleanUnusedInitializersAndNodeArgs] Removing initializer 'onnx::Conv_552_zero_point'. It is no longer used by any node.
2026-09-21 12:49:40.3343990 [I:onnxruntime:, graph.cc:4888 onnxruntime::Graph::CleanUnusedInitializersAndNodeArgs] Removing initializer 'onnx::Conv_552_quantized'. It is no longer used by any node.
2026-09-21 12:49:40.3344963 [I:onnxruntime:, graph.cc:4888 onnxruntime::Graph::CleanUnusedInitializersAndNodeArgs] Removing initializer 'onnx::Conv_530_zero_point'. It is no longer used by any node.
2026-09-21 12:49:40.3345930 [I:onnxruntime:, graph.cc:4888 onnxruntime::Graph::CleanUnusedInitializersAndNodeArgs] Removing initializer 'onnx::Conv_644_zero_point'. It is no longer used by any node.
2026-09-21 12:49:40.3347137 [I:onnxruntime:, graph.cc:4888 onnxruntime::Graph::CleanUnusedInitializersAndNodeArgs] Removing initializer 'onnx::Conv_530_quantized'. It is no longer used by any node.
2026-09-21 12:49:40.3348608 [I:onnxruntime:, graph.cc:4888 onnxruntime::Graph::CleanUnusedInitializersAndNodeArgs] Removing initializer 'onnx::Conv_531_zero_point'. It is no longer used by any node.
2026-09-21 12:49:40.3349738 [I:onnxruntime:, graph.cc:4888 onnxruntime::Graph::CleanUnusedInitializersAndNodeArgs] Removing initializer 'onnx::Conv_531_quantized'. It is no longer used by any node.
2026-09-21 12:49:40.3350822 [I:onnxruntime:, graph.cc:4888 onnxruntime::Graph::CleanUnusedInitializersAndNodeArgs] Removing initializer 'onnx::Conv_623_quantized'. It is no longer used by any node.
2026-09-21 12:49:40.3351953 [I:onnxruntime:, graph.cc:4888 onnxruntime::Graph::CleanUnusedInitializersAndNodeArgs] Removing initializer 'onnx::Conv_599_quantized'. It is no longer used by any node.
2026-09-21 12:49:40.3352982 [I:onnxruntime:, graph.cc:4888 onnxruntime::Graph::CleanUnusedInitializersAndNodeArgs] Removing initializer 'onnx::Conv_554_quantized'. It is no longer used by any node.
2026-09-21 12:49:40.3354003 [I:onnxruntime:, graph.cc:4888 onnxruntime::Graph::CleanUnusedInitializersAndNodeArgs] Removing initializer '/bga/left1/left1.2/Conv_output_0_zero_point'. It is no longer used by any node.
2026-09-21 12:49:40.3355178 [I:onnxruntime:, graph.cc:4888 onnxruntime::Graph::CleanUnusedInitializersAndNodeArgs] Removing initializer 'onnx::Conv_555_zero_point'. It is no longer used by any node.
2026-09-21 12:49:40.3356550 [I:onnxruntime:, graph.cc:4888 onnxruntime::Graph::CleanUnusedInitializersAndNodeArgs] Removing initializer '/segment/S4/S4.0/dwconv1/dwconv1.0/Conv_output_0_zero_point'. It is no longer used by any node.
2026-09-21 12:49:40.3555446 [I:onnxruntime:, graph.cc:4888 onnxruntime::Graph::CleanUnusedInitializersAndNodeArgs] Removing initializer '/detail/S3/S3.1/relu/Relu_output_0_zero_point'. It is no longer used by any node.
2026-09-21 12:49:40.3557544 [I:onnxruntime:, graph.cc:4888 onnxruntime::Graph::CleanUnusedInitializersAndNodeArgs] Removing initializer 'onnx::Conv_662_zero_point'. It is no longer used by any node.
2026-09-21 12:49:40.3559319 [I:onnxruntime:, graph.cc:4888 onnxruntime::Graph::CleanUnusedInitializersAndNodeArgs] Removing initializer '/segment/S3/S3.0/dwconv2/dwconv2.2/Relu_output_0_zero_point'. It is no longer used by any node.
2026-09-21 12:49:40.3561380 [I:onnxruntime:, graph.cc:4888 onnxruntime::Graph::CleanUnusedInitializersAndNodeArgs] Removing initializer 'onnx::Conv_576_quantized'. It is no longer used by any node.
2026-09-21 12:49:40.3563131 [I:onnxruntime:, graph.cc:4888 onnxruntime::Graph::CleanUnusedInitializersAndNodeArgs] Removing initializer '/segment/S5_4/S5_4.1/conv2/conv2.0/Conv_output_0_zero_point'. It is no longer used by any node.
2026-09-21 12:49:40.3565207 [I:onnxruntime:, graph.cc:4888 onnxruntime::Graph::CleanUnusedInitializersAndNodeArgs] Removing initializer 'onnx::Conv_609_quantized'. It is no longer used by any node.
2026-09-21 12:49:40.3566946 [I:onnxruntime:, graph.cc:4888 onnxruntime::Graph::CleanUnusedInitializersAndNodeArgs] Removing initializer 'onnx::Conv_533_zero_point'. It is no longer used by any node.
2026-09-21 12:49:40.3569015 [I:onnxruntime:, graph.cc:4888 onnxruntime::Graph::CleanUnusedInitializersAndNodeArgs] Removing initializer 'onnx::Conv_533_quantized'. It is no longer used by any node.
2026-09-21 12:49:40.3570536 [I:onnxruntime:, graph.cc:4888 onnxruntime::Graph::CleanUnusedInitializersAndNodeArgs] Removing initializer 'onnx::Conv_534_zero_point'. It is no longer used by any node.
2026-09-21 12:49:40.3571579 [I:onnxruntime:, graph.cc:4888 onnxruntime::Graph::CleanUnusedInitializersAndNodeArgs] Removing initializer 'onnx::Conv_534_quantized'. It is no longer used by any node.
2026-09-21 12:49:40.3573639 [I:onnxruntime:, graph.cc:4888 onnxruntime::Graph::CleanUnusedInitializersAndNodeArgs] Removing initializer 'bga.right2.2.weight_quantized'. It is no longer used by any node.
2026-09-21 12:49:40.3575569 [I:onnxruntime:, graph.cc:4888 onnxruntime::Graph::CleanUnusedInitializersAndNodeArgs] Removing initializer 'onnx::Conv_659_zero_point'. It is no longer used by any node.
2026-09-21 12:49:40.3577368 [I:onnxruntime:, graph.cc:4888 onnxruntime::Graph::CleanUnusedInitializersAndNodeArgs] Removing initializer '/segment/S3/S3.0/conv2/conv2.0/Conv_output_0_zero_point'. It is no longer used by any node.
2026-09-21 12:49:40.3579386 [I:onnxruntime:, graph.cc:4888 onnxruntime::Graph::CleanUnusedInitializersAndNodeArgs] Removing initializer 'onnx::Conv_557_zero_point'. It is no longer used by any node.
2026-09-21 12:49:40.3581171 [I:onnxruntime:, graph.cc:4888 onnxruntime::Graph::CleanUnusedInitializersAndNodeArgs] Removing initializer 'onnx::Conv_615_zero_point'. It is no longer used by any node.
2026-09-21 12:49:40.3582610 [I:onnxruntime:, graph.cc:4888 onnxruntime::Graph::CleanUnusedInitializersAndNodeArgs] Removing initializer 'onnx::Conv_558_quantized'. It is no longer used by any node.
2026-09-21 12:49:40.3584121 [I:onnxruntime:, graph.cc:4888 onnxruntime::Graph::CleanUnusedInitializersAndNodeArgs] Removing initializer '/detail/S3/S3.2/relu/Relu_output_0_zero_point'. It is no longer used by any node.
2026-09-21 12:49:40.3585290 [I:onnxruntime:, graph.cc:4888 onnxruntime::Graph::CleanUnusedInitializersAndNodeArgs] Removing initializer '/segment/S5_4/S5_4.2/conv2/conv2.0/Conv_output_0_zero_point'. It is no longer used by any node.
2026-09-21 12:49:40.3586561 [I:onnxruntime:, graph.cc:4888 onnxruntime::Graph::CleanUnusedInitializersAndNodeArgs] Removing initializer '/bga/left1/left1.0/Conv_output_0_zero_point'. It is no longer used by any node.
2026-09-21 12:49:40.3587714 [I:onnxruntime:, graph.cc:4888 onnxruntime::Graph::CleanUnusedInitializersAndNodeArgs] Removing initializer 'onnx::Conv_653_zero_point'. It is no longer used by any node.
2026-09-21 12:49:40.3682874 [I:onnxruntime:, graph.cc:4888 onnxruntime::Graph::CleanUnusedInitializersAndNodeArgs] Removing initializer 'onnx::Conv_654_zero_point'. It is no longer used by any node.
2026-09-21 12:49:40.3684776 [I:onnxruntime:, graph.cc:4888 onnxruntime::Graph::CleanUnusedInitializersAndNodeArgs] Removing initializer 'onnx::Conv_654_quantized'. It is no longer used by any node.
2026-09-21 12:49:40.3686579 [I:onnxruntime:, graph.cc:4888 onnxruntime::Graph::CleanUnusedInitializersAndNodeArgs] Removing initializer '/bga/left2/left2.0/Conv_output_0_zero_point'. It is no longer used by any node.
2026-09-21 12:49:40.3688491 [I:onnxruntime:, graph.cc:4888 onnxruntime::Graph::CleanUnusedInitializersAndNodeArgs] Removing initializer '/segment/S5_5/ReduceMean_output_0_zero_point'. It is no longer used by any node.
2026-09-21 12:49:40.3690536 [I:onnxruntime:, graph.cc:4888 onnxruntime::Graph::CleanUnusedInitializersAndNodeArgs] Removing initializer 'onnx::Conv_600_quantized'. It is no longer used by any node.
2026-09-21 12:49:40.3691660 [I:onnxruntime:, graph.cc:4888 onnxruntime::Graph::CleanUnusedInitializersAndNodeArgs] Removing initializer 'onnx::Conv_656_zero_point'. It is no longer used by any node.
2026-09-21 12:49:40.3692705 [I:onnxruntime:, graph.cc:4888 onnxruntime::Graph::CleanUnusedInitializersAndNodeArgs] Removing initializer 'onnx::Conv_656_quantized'. It is no longer used by any node.
2026-09-21 12:49:40.3693747 [I:onnxruntime:, graph.cc:4888 onnxruntime::Graph::CleanUnusedInitializersAndNodeArgs] Removing initializer '/segment/S4/S4.1/conv1/relu/Relu_output_0_zero_point'. It is no longer used by any node.
2026-09-21 12:49:40.3695333 [I:onnxruntime:, graph.cc:4888 onnxruntime::Graph::CleanUnusedInitializersAndNodeArgs] Removing initializer 'onnx::Conv_657_zero_point'. It is no longer used by any node.
2026-09-21 12:49:40.3696389 [I:onnxruntime:, graph.cc:4888 onnxruntime::Graph::CleanUnusedInitializersAndNodeArgs] Removing initializer 'onnx::Conv_657_quantized'. It is no longer used by any node.
2026-09-21 12:49:40.3697401 [I:onnxruntime:, graph.cc:4888 onnxruntime::Graph::CleanUnusedInitializersAndNodeArgs] Removing initializer 'onnx::Conv_588_zero_point'. It is no longer used by any node.
2026-09-21 12:49:40.3698466 [I:onnxruntime:, graph.cc:4888 onnxruntime::Graph::CleanUnusedInitializersAndNodeArgs] Removing initializer '/segment/S3/S3.0/relu/Relu_output_0_zero_point'. It is no longer used by any node.
2026-09-21 12:49:40.3699905 [I:onnxruntime:, graph.cc:4888 onnxruntime::Graph::CleanUnusedInitializersAndNodeArgs] Removing initializer 'bga.left1.2.weight_zero_point'. It is no longer used by any node.
2026-09-21 12:49:40.3701195 [I:onnxruntime:, graph.cc:4888 onnxruntime::Graph::CleanUnusedInitializersAndNodeArgs] Removing initializer '/bga/left2/left2.2/AveragePool_output_0_zero_point'. It is no longer used by any node.
2026-09-21 12:49:40.3702934 [I:onnxruntime:, graph.cc:4888 onnxruntime::Graph::CleanUnusedInitializersAndNodeArgs] Removing initializer '/bga/Sigmoid_output_0_zero_point'. It is no longer used by any node.
2026-09-21 12:49:40.3704863 [I:onnxruntime:, graph.cc:4888 onnxruntime::Graph::CleanUnusedInitializersAndNodeArgs] Removing initializer 'onnx::Conv_609_zero_point'. It is no longer used by any node.
2026-09-21 12:49:40.3706641 [I:onnxruntime:, graph.cc:4888 onnxruntime::Graph::CleanUnusedInitializersAndNodeArgs] Removing initializer 'onnx::Conv_566_zero_point'. It is no longer used by any node.
2026-09-21 12:49:40.3708411 [I:onnxruntime:, graph.cc:4888 onnxruntime::Graph::CleanUnusedInitializersAndNodeArgs] Removing initializer '/segment/S5_4/S5_4.1/dwconv/dwconv.2/Relu_output_0_zero_point'. It is no longer used by any node.
2026-09-21 12:49:40.3710979 [I:onnxruntime:, graph.cc:4888 onnxruntime::Graph::CleanUnusedInitializersAndNodeArgs] Removing initializer 'onnx::Conv_575_zero_point'. It is no longer used by any node.
2026-09-21 12:49:40.3712972 [I:onnxruntime:, graph.cc:4888 onnxruntime::Graph::CleanUnusedInitializersAndNodeArgs] Removing initializer 'onnx::Conv_567_quantized'. It is no longer used by any node.
2026-09-21 12:49:40.3792199 [I:onnxruntime:, graph.cc:4888 onnxruntime::Graph::CleanUnusedInitializersAndNodeArgs] Removing initializer '/segment/S3/S3.1/conv1/relu/Relu_output_0_zero_point'. It is no longer used by any node.
2026-09-21 12:49:40.3794307 [I:onnxruntime:, graph.cc:4888 onnxruntime::Graph::CleanUnusedInitializersAndNodeArgs] Removing initializer 'onnx::Conv_569_quantized'. It is no longer used by any node.
2026-09-21 12:49:40.3796309 [I:onnxruntime:, graph.cc:4888 onnxruntime::Graph::CleanUnusedInitializersAndNodeArgs] Removing initializer 'onnx::Conv_570_zero_point'. It is no longer used by any node.
2026-09-21 12:49:40.3798024 [I:onnxruntime:, graph.cc:4888 onnxruntime::Graph::CleanUnusedInitializersAndNodeArgs] Removing initializer 'onnx::Conv_648_zero_point'. It is no longer used by any node.
2026-09-21 12:49:40.3799457 [I:onnxruntime:, graph.cc:4888 onnxruntime::Graph::CleanUnusedInitializersAndNodeArgs] Removing initializer 'onnx::Conv_570_quantized'. It is no longer used by any node.
2026-09-21 12:49:40.3800533 [I:onnxruntime:, graph.cc:4888 onnxruntime::Graph::CleanUnusedInitializersAndNodeArgs] Removing initializer '/segment/S3/S3.1/dwconv/dwconv.2/Relu_output_0_zero_point'. It is no longer used by any node.
2026-09-21 12:49:40.3802003 [I:onnxruntime:, graph.cc:4888 onnxruntime::Graph::CleanUnusedInitializersAndNodeArgs] Removing initializer '/segment/S3/S3.1/conv2/conv2.0/Conv_output_0_zero_point'. It is no longer used by any node.
2026-09-21 12:49:40.3803320 [I:onnxruntime:, graph.cc:4888 onnxruntime::Graph::CleanUnusedInitializersAndNodeArgs] Removing initializer 'onnx::Conv_572_zero_point'. It is no longer used by any node.
2026-09-21 12:49:40.3804397 [I:onnxruntime:, graph.cc:4888 onnxruntime::Graph::CleanUnusedInitializersAndNodeArgs] Removing initializer 'onnx::Conv_572_quantized'. It is no longer used by any node.
2026-09-21 12:49:40.3805504 [I:onnxruntime:, graph.cc:4888 onnxruntime::Graph::CleanUnusedInitializersAndNodeArgs] Removing initializer 'onnx::Conv_573_zero_point'. It is no longer used by any node.
2026-09-21 12:49:40.3806531 [I:onnxruntime:, graph.cc:4888 onnxruntime::Graph::CleanUnusedInitializersAndNodeArgs] Removing initializer '/segment/S3/S3.1/relu/Relu_output_0_zero_point'. It is no longer used by any node.
2026-09-21 12:49:40.3807824 [I:onnxruntime:, graph.cc:4888 onnxruntime::Graph::CleanUnusedInitializersAndNodeArgs] Removing initializer 'onnx::Conv_575_quantized'. It is no longer used by any node.
2026-09-21 12:49:40.3808867 [I:onnxruntime:, graph.cc:4888 onnxruntime::Graph::CleanUnusedInitializersAndNodeArgs] Removing initializer '/segment/S5_4/S5_4.1/conv1/relu/Relu_output_0_zero_point'. It is no longer used by any node.
2026-09-21 12:49:40.3810502 [I:onnxruntime:, graph.cc:4888 onnxruntime::Graph::CleanUnusedInitializersAndNodeArgs] Removing initializer 'onnx::Conv_576_zero_point'. It is no longer used by any node.
2026-09-21 12:49:40.3811518 [I:onnxruntime:, graph.cc:4888 onnxruntime::Graph::CleanUnusedInitializersAndNodeArgs] Removing initializer '/segment/S4/S4.0/shortcut/shortcut.0/Conv_output_0_zero_point'. It is no longer used by any node.
2026-09-21 12:49:40.3812720 [I:onnxruntime:, graph.cc:4888 onnxruntime::Graph::CleanUnusedInitializersAndNodeArgs] Removing initializer 'onnx::Conv_621_quantized'. It is no longer used by any node.
2026-09-21 12:49:40.3813801 [I:onnxruntime:, graph.cc:4888 onnxruntime::Graph::CleanUnusedInitializersAndNodeArgs] Removing initializer 'onnx::Conv_627_zero_point'. It is no longer used by any node.
2026-09-21 12:49:40.3814859 [I:onnxruntime:, graph.cc:4888 onnxruntime::Graph::CleanUnusedInitializersAndNodeArgs] Removing initializer 'onnx::Conv_587_quantized'. It is no longer used by any node.
2026-09-21 12:49:40.3815917 [I:onnxruntime:, graph.cc:4888 onnxruntime::Graph::CleanUnusedInitializersAndNodeArgs] Removing initializer 'onnx::Conv_588_quantized'. It is no longer used by any node.
2026-09-21 12:49:40.4002676 [I:onnxruntime:, graph.cc:4888 onnxruntime::Graph::CleanUnusedInitializersAndNodeArgs] Removing initializer '/segment/S4/S4.0/conv1/relu/Relu_output_0_zero_point'. It is no longer used by any node.
2026-09-21 12:49:40.4004810 [I:onnxruntime:, graph.cc:4888 onnxruntime::Graph::CleanUnusedInitializersAndNodeArgs] Removing initializer '/segment/S4/S4.0/shortcut/shortcut.2/Conv_output_0_zero_point'. It is no longer used by any node.
2026-09-21 12:49:40.4007067 [I:onnxruntime:, graph.cc:4888 onnxruntime::Graph::CleanUnusedInitializersAndNodeArgs] Removing initializer '/bga/right2/right2.0/Conv_output_0_zero_point'. It is no longer used by any node.
2026-09-21 12:49:40.4008953 [I:onnxruntime:, graph.cc:4888 onnxruntime::Graph::CleanUnusedInitializersAndNodeArgs] Removing initializer 'onnx::Conv_590_zero_point'. It is no longer used by any node.
2026-09-21 12:49:40.4010695 [I:onnxruntime:, graph.cc:4888 onnxruntime::Graph::CleanUnusedInitializersAndNodeArgs] Removing initializer 'onnx::Conv_590_quantized'. It is no longer used by any node.
2026-09-21 12:49:40.4012578 [I:onnxruntime:, graph.cc:4888 onnxruntime::Graph::CleanUnusedInitializersAndNodeArgs] Removing initializer 'onnx::Conv_611_zero_point'. It is no longer used by any node.
2026-09-21 12:49:40.4014261 [I:onnxruntime:, graph.cc:4888 onnxruntime::Graph::CleanUnusedInitializersAndNodeArgs] Removing initializer 'onnx::Conv_591_zero_point'. It is no longer used by any node.
2026-09-21 12:49:40.4015553 [I:onnxruntime:, graph.cc:4888 onnxruntime::Graph::CleanUnusedInitializersAndNodeArgs] Removing initializer 'onnx::Conv_591_quantized'. It is no longer used by any node.
2026-09-21 12:49:40.4016506 [I:onnxruntime:, graph.cc:4888 onnxruntime::Graph::CleanUnusedInitializersAndNodeArgs] Removing initializer '/bga/right1/right1.0/Conv_output_0_zero_point'. It is no longer used by any node.
2026-09-21 12:49:40.4017562 [I:onnxruntime:, graph.cc:4888 onnxruntime::Graph::CleanUnusedInitializersAndNodeArgs] Removing initializer 'onnx::Conv_578_quantized'. It is no longer used by any node.
2026-09-21 12:49:40.4018716 [I:onnxruntime:, graph.cc:4888 onnxruntime::Graph::CleanUnusedInitializersAndNodeArgs] Removing initializer 'onnx::Conv_579_zero_point'. It is no longer used by any node.
2026-09-21 12:49:40.4019894 [I:onnxruntime:, graph.cc:4888 onnxruntime::Graph::CleanUnusedInitializersAndNodeArgs] Removing initializer 'onnx::Conv_579_quantized'. It is no longer used by any node.
2026-09-21 12:49:40.4021111 [I:onnxruntime:, graph.cc:4888 onnxruntime::Graph::CleanUnusedInitializersAndNodeArgs] Removing initializer '/segment/S5_5/Add_output_0_zero_point'. It is no longer used by any node.
2026-09-21 12:49:40.4022182 [I:onnxruntime:, graph.cc:4888 onnxruntime::Graph::CleanUnusedInitializersAndNodeArgs] Removing initializer 'onnx::Conv_581_zero_point'. It is no longer used by any node.
2026-09-21 12:49:40.4023123 [I:onnxruntime:, graph.cc:4888 onnxruntime::Graph::CleanUnusedInitializersAndNodeArgs] Removing initializer 'onnx::Conv_581_quantized'. It is no longer used by any node.
2026-09-21 12:49:40.4024054 [I:onnxruntime:, graph.cc:4888 onnxruntime::Graph::CleanUnusedInitializersAndNodeArgs] Removing initializer 'onnx::Conv_582_zero_point'. It is no longer used by any node.
2026-09-21 12:49:40.4025002 [I:onnxruntime:, graph.cc:4888 onnxruntime::Graph::CleanUnusedInitializersAndNodeArgs] Removing initializer '/bga/left2/left2.2/AveragePool_output_0_Scale'. It is no longer used by any node.
2026-09-21 12:49:40.4026117 [I:onnxruntime:, graph.cc:4888 onnxruntime::Graph::CleanUnusedInitializersAndNodeArgs] Removing initializer 'onnx::Conv_582_quantized'. It is no longer used by any node.
2026-09-21 12:49:40.4027224 [I:onnxruntime:, graph.cc:4888 onnxruntime::Graph::CleanUnusedInitializersAndNodeArgs] Removing initializer '/segment/S4/S4.0/dwconv2/dwconv2.2/Relu_output_0_zero_point'. It is no longer used by any node.
2026-09-21 12:49:40.4028796 [I:onnxruntime:, graph.cc:4888 onnxruntime::Graph::CleanUnusedInitializersAndNodeArgs] Removing initializer 'onnx::Conv_636_quantized'. It is no longer used by any node.
2026-09-21 12:49:40.4106174 [I:onnxruntime:, graph.cc:4888 onnxruntime::Graph::CleanUnusedInitializersAndNodeArgs] Removing initializer 'head.conv_out.bias_zero_point'. It is no longer used by any node.
2026-09-21 12:49:40.4108031 [I:onnxruntime:, graph.cc:4888 onnxruntime::Graph::CleanUnusedInitializersAndNodeArgs] Removing initializer '/segment/S4/S4.0/conv2/conv2.0/Conv_output_0_zero_point'. It is no longer used by any node.
2026-09-21 12:49:40.4110100 [I:onnxruntime:, graph.cc:4888 onnxruntime::Graph::CleanUnusedInitializersAndNodeArgs] Removing initializer 'head.conv_out.bias_scale'. It is no longer used by any node.
2026-09-21 12:49:40.4111769 [I:onnxruntime:, graph.cc:4888 onnxruntime::Graph::CleanUnusedInitializersAndNodeArgs] Removing initializer 'onnx::Conv_605_zero_point'. It is no longer used by any node.
2026-09-21 12:49:40.4113473 [I:onnxruntime:, graph.cc:4888 onnxruntime::Graph::CleanUnusedInitializersAndNodeArgs] Removing initializer 'onnx::Conv_596_quantized'. It is no longer used by any node.
2026-09-21 12:49:40.4115115 [I:onnxruntime:, graph.cc:4888 onnxruntime::Graph::CleanUnusedInitializersAndNodeArgs] Removing initializer 'onnx::Conv_632_zero_point'. It is no longer used by any node.
2026-09-21 12:49:40.4117266 [I:onnxruntime:, graph.cc:4888 onnxruntime::Graph::CleanUnusedInitializersAndNodeArgs] Removing initializer 'onnx::Conv_584_zero_point'. It is no longer used by any node.
2026-09-21 12:49:40.4118960 [I:onnxruntime:, graph.cc:4888 onnxruntime::Graph::CleanUnusedInitializersAndNodeArgs] Removing initializer 'onnx::Conv_632_quantized'. It is no longer used by any node.
2026-09-21 12:49:40.4120642 [I:onnxruntime:, graph.cc:4888 onnxruntime::Graph::CleanUnusedInitializersAndNodeArgs] Removing initializer 'onnx::Conv_584_quantized'. It is no longer used by any node.
2026-09-21 12:49:40.4122582 [I:onnxruntime:, graph.cc:4888 onnxruntime::Graph::CleanUnusedInitializersAndNodeArgs] Removing initializer 'head.conv_out.bias_quantized'. It is no longer used by any node.
2026-09-21 12:49:40.4123588 [I:onnxruntime:, graph.cc:4888 onnxruntime::Graph::CleanUnusedInitializersAndNodeArgs] Removing initializer 'onnx::Conv_633_zero_point'. It is no longer used by any node.
2026-09-21 12:49:40.4124643 [I:onnxruntime:, graph.cc:4888 onnxruntime::Graph::CleanUnusedInitializersAndNodeArgs] Removing initializer 'onnx::Conv_585_zero_point'. It is no longer used by any node.
2026-09-21 12:49:40.4125625 [I:onnxruntime:, graph.cc:4888 onnxruntime::Graph::CleanUnusedInitializersAndNodeArgs] Removing initializer 'onnx::Conv_633_quantized'. It is no longer used by any node.
2026-09-21 12:49:40.4126908 [I:onnxruntime:, graph.cc:4888 onnxruntime::Graph::CleanUnusedInitializersAndNodeArgs] Removing initializer 'onnx::Conv_585_quantized'. It is no longer used by any node.
2026-09-21 12:49:40.4127932 [I:onnxruntime:, graph.cc:4888 onnxruntime::Graph::CleanUnusedInitializersAndNodeArgs] Removing initializer 'onnx::Conv_629_zero_point'. It is no longer used by any node.
2026-09-21 12:49:40.4128902 [I:onnxruntime:, graph.cc:4888 onnxruntime::Graph::CleanUnusedInitializersAndNodeArgs] Removing initializer 'onnx::Conv_614_quantized'. It is no longer used by any node.
2026-09-21 12:49:40.4130261 [I:onnxruntime:, graph.cc:4888 onnxruntime::Graph::CleanUnusedInitializersAndNodeArgs] Removing initializer 'onnx::Conv_593_zero_point'. It is no longer used by any node.
2026-09-21 12:49:40.4131395 [I:onnxruntime:, graph.cc:4888 onnxruntime::Graph::CleanUnusedInitializersAndNodeArgs] Removing initializer 'onnx::Conv_629_quantized'. It is no longer used by any node.
2026-09-21 12:49:40.4132351 [I:onnxruntime:, graph.cc:4888 onnxruntime::Graph::CleanUnusedInitializersAndNodeArgs] Removing initializer '/segment/S5_4/S5_4.0/conv1/relu/Relu_output_0_zero_point'. It is no longer used by any node.
2026-09-21 12:49:40.4133474 [I:onnxruntime:, graph.cc:4888 onnxruntime::Graph::CleanUnusedInitializersAndNodeArgs] Removing initializer 'onnx::Conv_593_quantized'. It is no longer used by any node.
2026-09-21 12:49:40.4313717 [I:onnxruntime:, graph.cc:4888 onnxruntime::Graph::CleanUnusedInitializersAndNodeArgs] Removing initializer 'onnx::Conv_594_zero_point'. It is no longer used by any node.
2026-09-21 12:49:40.4315618 [I:onnxruntime:, graph.cc:4888 onnxruntime::Graph::CleanUnusedInitializersAndNodeArgs] Removing initializer 'onnx::Conv_594_quantized'. It is no longer used by any node.
2026-09-21 12:49:40.4317496 [I:onnxruntime:, graph.cc:4888 onnxruntime::Graph::CleanUnusedInitializersAndNodeArgs] Removing initializer 'onnx::Conv_596_zero_point'. It is no longer used by any node.
2026-09-21 12:49:40.4319205 [I:onnxruntime:, graph.cc:4888 onnxruntime::Graph::CleanUnusedInitializersAndNodeArgs] Removing initializer 'onnx::Conv_597_zero_point'. It is no longer used by any node.
2026-09-21 12:49:40.4320998 [I:onnxruntime:, graph.cc:4888 onnxruntime::Graph::CleanUnusedInitializersAndNodeArgs] Removing initializer 'onnx::Conv_636_zero_point'. It is no longer used by any node.
2026-09-21 12:49:40.4322694 [I:onnxruntime:, graph.cc:4888 onnxruntime::Graph::CleanUnusedInitializersAndNodeArgs] Removing initializer 'onnx::Conv_597_quantized'. It is no longer used by any node.
2026-09-21 12:49:40.4324722 [I:onnxruntime:, graph.cc:4888 onnxruntime::Graph::CleanUnusedInitializersAndNodeArgs] Removing initializer '/segment/S4/S4.1/dwconv/dwconv.2/Relu_output_0_zero_point'. It is no longer used by any node.
2026-09-21 12:49:40.4326618 [I:onnxruntime:, graph.cc:4888 onnxruntime::Graph::CleanUnusedInitializersAndNodeArgs] Removing initializer 'onnx::Conv_623_zero_point'. It is no longer used by any node.
2026-09-21 12:49:40.4327593 [I:onnxruntime:, graph.cc:4888 onnxruntime::Graph::CleanUnusedInitializersAndNodeArgs] Removing initializer 'onnx::Conv_599_zero_point'. It is no longer used by any node.
2026-09-21 12:49:40.4328568 [I:onnxruntime:, graph.cc:4888 onnxruntime::Graph::CleanUnusedInitializersAndNodeArgs] Removing initializer 'onnx::Conv_600_zero_point'. It is no longer used by any node.
2026-09-21 12:49:40.4329540 [I:onnxruntime:, graph.cc:4888 onnxruntime::Graph::CleanUnusedInitializersAndNodeArgs] Removing initializer 'onnx::Conv_635_quantized'. It is no longer used by any node.
2026-09-21 12:49:40.4330974 [I:onnxruntime:, graph.cc:4888 onnxruntime::Graph::CleanUnusedInitializersAndNodeArgs] Removing initializer '/segment/S5_4/S5_4.0/dwconv2/dwconv2.2/Relu_output_0_zero_point'. It is no longer used by any node.
2026-09-21 12:49:40.4332311 [I:onnxruntime:, graph.cc:4888 onnxruntime::Graph::CleanUnusedInitializersAndNodeArgs] Removing initializer '/segment/S4/S4.1/relu/Relu_output_0_zero_point'. It is no longer used by any node.
2026-09-21 12:49:40.4333653 [I:onnxruntime:, graph.cc:4888 onnxruntime::Graph::CleanUnusedInitializersAndNodeArgs] Removing initializer 'onnx::Conv_602_zero_point'. It is no longer used by any node.
2026-09-21 12:49:40.4334896 [I:onnxruntime:, graph.cc:4888 onnxruntime::Graph::CleanUnusedInitializersAndNodeArgs] Removing initializer 'onnx::Conv_602_quantized'. It is no longer used by any node.
2026-09-21 12:49:40.4336224 [I:onnxruntime:, graph.cc:4888 onnxruntime::Graph::CleanUnusedInitializersAndNodeArgs] Removing initializer 'onnx::Conv_603_zero_point'. It is no longer used by any node.
2026-09-21 12:49:40.4337193 [I:onnxruntime:, graph.cc:4888 onnxruntime::Graph::CleanUnusedInitializersAndNodeArgs] Removing initializer 'onnx::Conv_603_quantized'. It is no longer used by any node.
2026-09-21 12:49:40.4338268 [I:onnxruntime:, graph.cc:4888 onnxruntime::Graph::CleanUnusedInitializersAndNodeArgs] Removing initializer '/segment/S5_4/S5_4.0/shortcut/shortcut.0/Conv_output_0_zero_point'. It is no longer used by any node.
2026-09-21 12:49:40.4339491 [I:onnxruntime:, graph.cc:4888 onnxruntime::Graph::CleanUnusedInitializersAndNodeArgs] Removing initializer '/segment/S5_4/S5_4.0/conv2/conv2.0/Conv_output_0_zero_point'. It is no longer used by any node.
2026-09-21 12:49:40.4340673 [I:onnxruntime:, graph.cc:4888 onnxruntime::Graph::CleanUnusedInitializersAndNodeArgs] Removing initializer 'onnx::Conv_606_quantized'. It is no longer used by any node.
2026-09-21 12:49:40.4429983 [I:onnxruntime:, graph.cc:4888 onnxruntime::Graph::CleanUnusedInitializersAndNodeArgs] Removing initializer 'onnx::Conv_614_zero_point'. It is no longer used by any node.
2026-09-21 12:49:40.4431875 [I:onnxruntime:, graph.cc:4888 onnxruntime::Graph::CleanUnusedInitializersAndNodeArgs] Removing initializer 'bga.right2.2.weight_zero_point'. It is no longer used by any node.
2026-09-21 12:49:40.4434119 [I:onnxruntime:, graph.cc:4888 onnxruntime::Graph::CleanUnusedInitializersAndNodeArgs] Removing initializer '/segment/S5_4/S5_4.0/shortcut/shortcut.2/Conv_output_0_zero_point'. It is no longer used by any node.
2026-09-21 12:49:40.4436138 [I:onnxruntime:, graph.cc:4888 onnxruntime::Graph::CleanUnusedInitializersAndNodeArgs] Removing initializer 'onnx::Conv_605_quantized'. It is no longer used by any node.
2026-09-21 12:49:40.4437827 [I:onnxruntime:, graph.cc:4888 onnxruntime::Graph::CleanUnusedInitializersAndNodeArgs] Removing initializer 'onnx::Conv_617_quantized'. It is no longer used by any node.
2026-09-21 12:49:40.4439509 [I:onnxruntime:, graph.cc:4888 onnxruntime::Graph::CleanUnusedInitializersAndNodeArgs] Removing initializer 'head.conv_out.weight_zero_point'. It is no longer used by any node.
2026-09-21 12:49:40.4441821 [I:onnxruntime:, graph.cc:4888 onnxruntime::Graph::CleanUnusedInitializersAndNodeArgs] Removing initializer 'onnx::Conv_618_zero_point'. It is no longer used by any node.
2026-09-21 12:49:40.4443514 [I:onnxruntime:, graph.cc:4888 onnxruntime::Graph::CleanUnusedInitializersAndNodeArgs] Removing initializer 'head.conv_out.weight_quantized'. It is no longer used by any node.
2026-09-21 12:49:40.4445246 [I:onnxruntime:, graph.cc:4888 onnxruntime::Graph::CleanUnusedInitializersAndNodeArgs] Removing initializer 'onnx::Conv_618_quantized'. It is no longer used by any node.
2026-09-21 12:49:40.4447263 [I:onnxruntime:, graph.cc:4888 onnxruntime::Graph::CleanUnusedInitializersAndNodeArgs] Removing initializer '/segment/S5_4/S5_4.0/dwconv1/dwconv1.0/Conv_output_0_zero_point'. It is no longer used by any node.
2026-09-21 12:49:40.4449726 [I:onnxruntime:, graph.cc:4888 onnxruntime::Graph::CleanUnusedInitializersAndNodeArgs] Removing initializer 'onnx::Conv_606_zero_point'. It is no longer used by any node.
2026-09-21 12:49:40.4451464 [I:onnxruntime:, graph.cc:4888 onnxruntime::Graph::CleanUnusedInitializersAndNodeArgs] Removing initializer 'onnx::Conv_608_zero_point'. It is no longer used by any node.
2026-09-21 12:49:40.4453213 [I:onnxruntime:, graph.cc:4888 onnxruntime::Graph::CleanUnusedInitializersAndNodeArgs] Removing initializer 'onnx::Conv_608_quantized'. It is no longer used by any node.
2026-09-21 12:49:40.4454856 [I:onnxruntime:, graph.cc:4888 onnxruntime::Graph::CleanUnusedInitializersAndNodeArgs] Removing initializer 'onnx::Conv_611_quantized'. It is no longer used by any node.
2026-09-21 12:49:40.4456500 [I:onnxruntime:, graph.cc:4888 onnxruntime::Graph::CleanUnusedInitializersAndNodeArgs] Removing initializer 'onnx::Conv_612_zero_point'. It is no longer used by any node.
2026-09-21 12:49:40.4458377 [I:onnxruntime:, graph.cc:4888 onnxruntime::Graph::CleanUnusedInitializersAndNodeArgs] Removing initializer 'onnx::Conv_612_quantized'. It is no longer used by any node.
2026-09-21 12:49:40.4459427 [I:onnxruntime:, graph.cc:4888 onnxruntime::Graph::CleanUnusedInitializersAndNodeArgs] Removing initializer 'onnx::Conv_663_zero_point'. It is no longer used by any node.
2026-09-21 12:49:40.4460461 [I:onnxruntime:, graph.cc:4888 onnxruntime::Graph::CleanUnusedInitializersAndNodeArgs] Removing initializer '/segment/S5_4/S5_4.0/relu/Relu_output_0_zero_point'. It is no longer used by any node.
2026-09-21 12:49:40.4462137 [I:onnxruntime:, graph.cc:4888 onnxruntime::Graph::CleanUnusedInitializersAndNodeArgs] Removing initializer '/segment/S5_4/S5_4.1/relu/Relu_output_0_zero_point'. It is no longer used by any node.
2026-09-21 12:49:40.4463294 [I:onnxruntime:, graph.cc:4888 onnxruntime::Graph::CleanUnusedInitializersAndNodeArgs] Removing initializer 'onnx::Conv_620_zero_point'. It is no longer used by any node.
2026-09-21 12:49:40.4655566 [I:onnxruntime:, graph.cc:4888 onnxruntime::Graph::CleanUnusedInitializersAndNodeArgs] Removing initializer 'onnx::Conv_624_zero_point'. It is no longer used by any node.
2026-09-21 12:49:40.4657446 [I:onnxruntime:, graph.cc:4888 onnxruntime::Graph::CleanUnusedInitializersAndNodeArgs] Removing initializer 'onnx::Conv_624_quantized'. It is no longer used by any node.
2026-09-21 12:49:40.4659254 [I:onnxruntime:, graph.cc:4888 onnxruntime::Graph::CleanUnusedInitializersAndNodeArgs] Removing initializer 'onnx::Conv_626_zero_point'. It is no longer used by any node.
2026-09-21 12:49:40.4661273 [I:onnxruntime:, graph.cc:4888 onnxruntime::Graph::CleanUnusedInitializersAndNodeArgs] Removing initializer 'onnx::Conv_626_quantized'. It is no longer used by any node.
2026-09-21 12:49:40.4662560 [I:onnxruntime:, graph.cc:4888 onnxruntime::Graph::CleanUnusedInitializersAndNodeArgs] Removing initializer '/segment/S5_4/S5_4.3/conv1/relu/Relu_output_0_zero_point'. It is no longer used by any node.
2026-09-21 12:49:40.4663999 [I:onnxruntime:, graph.cc:4888 onnxruntime::Graph::CleanUnusedInitializersAndNodeArgs] Removing initializer 'onnx::Conv_627_quantized'. It is no longer used by any node.
2026-09-21 12:49:40.4665292 [I:onnxruntime:, graph.cc:4888 onnxruntime::Graph::CleanUnusedInitializersAndNodeArgs] Removing initializer 'onnx::Conv_630_zero_point'. It is no longer used by any node.
2026-09-21 12:49:40.4666274 [I:onnxruntime:, graph.cc:4888 onnxruntime::Graph::CleanUnusedInitializersAndNodeArgs] Removing initializer 'onnx::Conv_630_quantized'. It is no longer used by any node.
2026-09-21 12:49:40.4667247 [I:onnxruntime:, graph.cc:4888 onnxruntime::Graph::CleanUnusedInitializersAndNodeArgs] Removing initializer '/segment/S5_4/S5_4.2/conv1/relu/Relu_output_0_zero_point'. It is no longer used by any node.
2026-09-21 12:49:40.4668603 [I:onnxruntime:, graph.cc:4888 onnxruntime::Graph::CleanUnusedInitializersAndNodeArgs] Removing initializer '/segment/S5_4/S5_4.2/dwconv/dwconv.2/Relu_output_0_zero_point'. It is no longer used by any node.
2026-09-21 12:49:40.4670064 [I:onnxruntime:, graph.cc:4888 onnxruntime::Graph::CleanUnusedInitializersAndNodeArgs] Removing initializer 'onnx::Conv_635_zero_point'. It is no longer used by any node.
2026-09-21 12:49:40.4671040 [I:onnxruntime:, graph.cc:4888 onnxruntime::Graph::CleanUnusedInitializersAndNodeArgs] Removing initializer '/segment/S5_4/S5_4.2/relu/Relu_output_0_zero_point'. It is no longer used by any node.
2026-09-21 12:49:40.4672549 [I:onnxruntime:, graph.cc:4888 onnxruntime::Graph::CleanUnusedInitializersAndNodeArgs] Removing initializer 'onnx::Conv_638_zero_point'. It is no longer used by any node.
2026-09-21 12:49:40.4673798 [I:onnxruntime:, graph.cc:4888 onnxruntime::Graph::CleanUnusedInitializersAndNodeArgs] Removing initializer 'onnx::Conv_638_quantized'. It is no longer used by any node.
2026-09-21 12:49:40.4675854 [I:onnxruntime:, graph.cc:4888 onnxruntime::Graph::CleanUnusedInitializersAndNodeArgs] Removing initializer 'onnx::Conv_639_zero_point'. It is no longer used by any node.
2026-09-21 12:49:40.4677706 [I:onnxruntime:, graph.cc:4888 onnxruntime::Graph::CleanUnusedInitializersAndNodeArgs] Removing initializer 'onnx::Conv_639_quantized'. It is no longer used by any node.
2026-09-21 12:49:40.4680092 [I:onnxruntime:, graph.cc:4888 onnxruntime::Graph::CleanUnusedInitializersAndNodeArgs] Removing initializer 'onnx::Conv_641_zero_point'. It is no longer used by any node.
2026-09-21 12:49:40.4681954 [I:onnxruntime:, graph.cc:4888 onnxruntime::Graph::CleanUnusedInitializersAndNodeArgs] Removing initializer 'onnx::Conv_641_quantized'. It is no longer used by any node.
2026-09-21 12:49:40.4683789 [I:onnxruntime:, graph.cc:4888 onnxruntime::Graph::CleanUnusedInitializersAndNodeArgs] Removing initializer 'onnx::Conv_642_zero_point'. It is no longer used by any node.
2026-09-21 12:49:40.4685655 [I:onnxruntime:, graph.cc:4888 onnxruntime::Graph::CleanUnusedInitializersAndNodeArgs] Removing initializer 'onnx::Conv_642_quantized'. It is no longer used by any node.
2026-09-21 12:49:40.4769475 [I:onnxruntime:, graph.cc:4888 onnxruntime::Graph::CleanUnusedInitializersAndNodeArgs] Removing initializer '/segment/S5_4/S5_4.3/dwconv/dwconv.2/Relu_output_0_zero_point'. It is no longer used by any node.
2026-09-21 12:49:40.4771672 [I:onnxruntime:, graph.cc:4888 onnxruntime::Graph::CleanUnusedInitializersAndNodeArgs] Removing initializer '/segment/S5_4/S5_4.3/conv2/conv2.0/Conv_output_0_zero_point'. It is no longer used by any node.
2026-09-21 12:49:40.4773835 [I:onnxruntime:, graph.cc:4888 onnxruntime::Graph::CleanUnusedInitializersAndNodeArgs] Removing initializer 'onnx::Conv_644_quantized'. It is no longer used by any node.
2026-09-21 12:49:40.4775542 [I:onnxruntime:, graph.cc:4888 onnxruntime::Graph::CleanUnusedInitializersAndNodeArgs] Removing initializer 'onnx::Conv_645_zero_point'. It is no longer used by any node.
2026-09-21 12:49:40.4777360 [I:onnxruntime:, graph.cc:4888 onnxruntime::Graph::CleanUnusedInitializersAndNodeArgs] Removing initializer 'onnx::Conv_645_quantized'. It is no longer used by any node.
2026-09-21 12:49:40.4779067 [I:onnxruntime:, graph.cc:4888 onnxruntime::Graph::CleanUnusedInitializersAndNodeArgs] Removing initializer '/segment/S5_5/bn/BatchNormalization_output_0_zero_point'. It is no longer used by any node.
2026-09-21 12:49:40.4781536 [I:onnxruntime:, graph.cc:4888 onnxruntime::Graph::CleanUnusedInitializersAndNodeArgs] Removing initializer '/segment/S5_5/bn/BatchNormalization_output_0weights_zero_point'. It is no longer used by any node.
2026-09-21 12:49:40.4782883 [I:onnxruntime:, graph.cc:4888 onnxruntime::Graph::CleanUnusedInitializersAndNodeArgs] Removing initializer '/segment/S5_5/bn/BatchNormalization_output_0weights_quantized'. It is no longer used by any node.
2026-09-21 12:49:40.4784017 [I:onnxruntime:, graph.cc:4888 onnxruntime::Graph::CleanUnusedInitializersAndNodeArgs] Removing initializer 'onnx::Conv_662_quantized'. It is no longer used by any node.
2026-09-21 12:49:40.4784985 [I:onnxruntime:, graph.cc:4888 onnxruntime::Graph::CleanUnusedInitializersAndNodeArgs] Removing initializer 'onnx::Conv_651_zero_point'. It is no longer used by any node.
2026-09-21 12:49:40.4786452 [I:onnxruntime:, graph.cc:4888 onnxruntime::Graph::CleanUnusedInitializersAndNodeArgs] Removing initializer '/segment/S5_5/bn/BatchNormalization_output_0bias_zero_point'. It is no longer used by any node.
2026-09-21 12:49:40.4787695 [I:onnxruntime:, graph.cc:4888 onnxruntime::Graph::CleanUnusedInitializersAndNodeArgs] Removing initializer 'onnx::Conv_651_quantized'. It is no longer used by any node.
2026-09-21 12:49:40.4788706 [I:onnxruntime:, graph.cc:4888 onnxruntime::Graph::CleanUnusedInitializersAndNodeArgs] Removing initializer '/segment/S5_5/bn/BatchNormalization_output_0bias_quantized'. It is no longer used by any node.
2026-09-21 12:49:40.4790316 [I:onnxruntime:, graph.cc:4888 onnxruntime::Graph::CleanUnusedInitializersAndNodeArgs] Removing initializer 'onnx::Conv_650_quantized'. It is no longer used by any node.
2026-09-21 12:49:40.4791256 [I:onnxruntime:, graph.cc:4888 onnxruntime::Graph::CleanUnusedInitializersAndNodeArgs] Removing initializer 'onnx::Conv_647_zero_point'. It is no longer used by any node.
2026-09-21 12:49:40.4792209 [I:onnxruntime:, graph.cc:4888 onnxruntime::Graph::CleanUnusedInitializersAndNodeArgs] Removing initializer 'onnx::Conv_647_quantized'. It is no longer used by any node.
2026-09-21 12:49:40.4793330 [I:onnxruntime:, graph.cc:4888 onnxruntime::Graph::CleanUnusedInitializersAndNodeArgs] Removing initializer 'onnx::Conv_648_quantized'. It is no longer used by any node.
2026-09-21 12:49:40.4794786 [I:onnxruntime:, graph.cc:4888 onnxruntime::Graph::CleanUnusedInitializersAndNodeArgs] Removing initializer '/segment/S5_5/conv_gap/relu/Relu_output_0_zero_point'. It is no longer used by any node.
2026-09-21 12:49:40.4795882 [I:onnxruntime:, graph.cc:4888 onnxruntime::Graph::CleanUnusedInitializersAndNodeArgs] Removing initializer 'onnx::Conv_650_zero_point'. It is no longer used by any node.
2026-09-21 12:49:40.4992337 [I:onnxruntime:, graph.cc:4888 onnxruntime::Graph::CleanUnusedInitializersAndNodeArgs] Removing initializer 'onnx::Conv_659_quantized'. It is no longer used by any node.
2026-09-21 12:49:40.4994181 [I:onnxruntime:, graph.cc:4888 onnxruntime::Graph::CleanUnusedInitializersAndNodeArgs] Removing initializer 'onnx::Conv_660_zero_point'. It is no longer used by any node.
2026-09-21 12:49:40.4996020 [I:onnxruntime:, graph.cc:4888 onnxruntime::Graph::CleanUnusedInitializersAndNodeArgs] Removing initializer 'onnx::Conv_660_quantized'. It is no longer used by any node.
2026-09-21 12:49:40.4997668 [I:onnxruntime:, graph.cc:4888 onnxruntime::Graph::CleanUnusedInitializersAndNodeArgs] Removing initializer '/bga/right2/right2.2/Conv_output_0_zero_point'. It is no longer used by any node.
2026-09-21 12:49:40.4998900 [I:onnxruntime:, graph.cc:4888 onnxruntime::Graph::CleanUnusedInitializersAndNodeArgs] Removing initializer '/bga/Sigmoid_1_output_0_zero_point'. It is no longer used by any node.
2026-09-21 12:49:40.5000148 [I:onnxruntime:, graph.cc:4888 onnxruntime::Graph::CleanUnusedInitializersAndNodeArgs] Removing initializer 'onnx::Conv_669_zero_point'. It is no longer used by any node.
2026-09-21 12:49:40.5001371 [I:onnxruntime:, graph.cc:4888 onnxruntime::Graph::CleanUnusedInitializersAndNodeArgs] Removing initializer '/bga/Mul_output_0_zero_point'. It is no longer used by any node.
2026-09-21 12:49:40.5002396 [I:onnxruntime:, graph.cc:4888 onnxruntime::Graph::CleanUnusedInitializersAndNodeArgs] Removing initializer '/bga/Mul_1_output_0_zero_point'. It is no longer used by any node.
2026-09-21 12:49:40.5003415 [I:onnxruntime:, graph.cc:4888 onnxruntime::Graph::CleanUnusedInitializersAndNodeArgs] Removing initializer 'onnx::Conv_668_quantized'. It is no longer used by any node.
2026-09-21 12:49:40.5004848 [I:onnxruntime:, graph.cc:4888 onnxruntime::Graph::CleanUnusedInitializersAndNodeArgs] Removing initializer '/bga/Add_output_0_zero_point'. It is no longer used by any node.
2026-09-21 12:49:40.5005841 [I:onnxruntime:, graph.cc:4888 onnxruntime::Graph::CleanUnusedInitializersAndNodeArgs] Removing initializer 'onnx::Conv_666_zero_point'. It is no longer used by any node.
2026-09-21 12:49:40.5006817 [I:onnxruntime:, graph.cc:4888 onnxruntime::Graph::CleanUnusedInitializersAndNodeArgs] Removing initializer 'onnx::Conv_668_zero_point'. It is no longer used by any node.
2026-09-21 12:49:40.5007806 [I:onnxruntime:, graph.cc:4888 onnxruntime::Graph::CleanUnusedInitializersAndNodeArgs] Removing initializer 'onnx::Conv_669_quantized'. It is no longer used by any node.
2026-09-21 12:49:40.5009632 [I:onnxruntime:, graph.cc:4888 onnxruntime::Graph::CleanUnusedInitializersAndNodeArgs] Removing initializer '/head/conv/relu/Relu_output_0_zero_point'. It is no longer used by any node.
2026-09-21 12:49:40.5016552 [I:onnxruntime:, inference_session.cc:1465 onnxruntime::InferenceSession::TransformGraph] Running graph optimizations in loop 1 time/s (Graph Optimizations Loop Level : 1)
2026-09-21 12:49:40.5018396 [I:onnxruntime:, graph_transformer.cc:15 onnxruntime::GraphTransformer::Apply] GraphTransformer Level2_RuleBasedTransformer modified: 0 with status: OK
2026-09-21 12:49:40.5020184 [I:onnxruntime:, graph_transformer.cc:15 onnxruntime::GraphTransformer::Apply] GraphTransformer TransposeOptimizer_CPUExecutionProvider modified: 0 with status: OK
2026-09-21 12:49:40.5021886 [I:onnxruntime:, graph_transformer.cc:15 onnxruntime::GraphTransformer::Apply] GraphTransformer QDQS8ToU8Transformer modified: 0 with status: OK
2026-09-21 12:49:40.5022835 [I:onnxruntime:, graph_transformer.cc:15 onnxruntime::GraphTransformer::Apply] GraphTransformer QDQSelectorActionTransformer modified: 0 with status: OK
2026-09-21 12:49:40.5023817 [I:onnxruntime:, graph_transformer.cc:15 onnxruntime::GraphTransformer::Apply] GraphTransformer GemmActivationFusion modified: 0 with status: OK
2026-09-21 12:49:40.5221438 [I:onnxruntime:, graph_transformer.cc:15 onnxruntime::GraphTransformer::Apply] GraphTransformer MatMulIntegerToFloatFusion modified: 0 with status: OK
2026-09-21 12:49:40.5223226 [I:onnxruntime:, graph_transformer.cc:15 onnxruntime::GraphTransformer::Apply] GraphTransformer DynamicQuantizeMatMulFusion modified: 0 with status: OK
2026-09-21 12:49:40.5224885 [I:onnxruntime:, graph_transformer.cc:15 onnxruntime::GraphTransformer::Apply] GraphTransformer ConvActivationFusion modified: 0 with status: OK
2026-09-21 12:49:40.5226581 [I:onnxruntime:, graph_transformer.cc:15 onnxruntime::GraphTransformer::Apply] GraphTransformer GeluFusionL2 modified: 0 with status: OK
2026-09-21 12:49:40.5228029 [I:onnxruntime:, graph_transformer.cc:15 onnxruntime::GraphTransformer::Apply] GraphTransformer LayerNormFusionL2 modified: 0 with status: OK
2026-09-21 12:49:40.5229904 [I:onnxruntime:, graph_transformer.cc:15 onnxruntime::GraphTransformer::Apply] GraphTransformer SimplifiedLayerNormFusion modified: 0 with status: OK
2026-09-21 12:49:40.5231452 [I:onnxruntime:, graph_transformer.cc:15 onnxruntime::GraphTransformer::Apply] GraphTransformer AttentionFusion modified: 0 with status: OK
2026-09-21 12:49:40.5232934 [I:onnxruntime:, graph_transformer.cc:15 onnxruntime::GraphTransformer::Apply] GraphTransformer EmbedLayerNormFusion modified: 0 with status: OK
2026-09-21 12:49:40.5234646 [I:onnxruntime:, graph_transformer.cc:15 onnxruntime::GraphTransformer::Apply] GraphTransformer GatherSliceToSplitFusion modified: 0 with status: OK
2026-09-21 12:49:40.5236165 [I:onnxruntime:, graph_transformer.cc:15 onnxruntime::GraphTransformer::Apply] GraphTransformer GatherToSliceFusion modified: 0 with status: OK
2026-09-21 12:49:40.5237650 [I:onnxruntime:, graph_transformer.cc:15 onnxruntime::GraphTransformer::Apply] GraphTransformer MatmulTransposeFusion modified: 0 with status: OK
2026-09-21 12:49:40.5239540 [I:onnxruntime:, graph_transformer.cc:15 onnxruntime::GraphTransformer::Apply] GraphTransformer BiasGeluFusion modified: 0 with status: OK
2026-09-21 12:49:40.5241088 [I:onnxruntime:, graph_transformer.cc:15 onnxruntime::GraphTransformer::Apply] GraphTransformer GroupQueryAttentionFusion modified: 0 with status: OK
2026-09-21 12:49:40.5242670 [I:onnxruntime:, graph_transformer.cc:15 onnxruntime::GraphTransformer::Apply] GraphTransformer MatMulAddFusion modified: 0 with status: OK
2026-09-21 12:49:40.5244176 [I:onnxruntime:, graph_transformer.cc:15 onnxruntime::GraphTransformer::Apply] GraphTransformer SkipLayerNormFusion modified: 0 with status: OK
2026-09-21 12:49:40.5245641 [I:onnxruntime:, graph_transformer.cc:15 onnxruntime::GraphTransformer::Apply] GraphTransformer FastGeluFusion modified: 0 with status: OK
2026-09-21 12:49:40.5247064 [I:onnxruntime:, graph_transformer.cc:15 onnxruntime::GraphTransformer::Apply] GraphTransformer QuickGeluFusion modified: 0 with status: OK
2026-09-21 12:49:40.5248475 [I:onnxruntime:, graph_transformer.cc:15 onnxruntime::GraphTransformer::Apply] GraphTransformer BiasSoftmaxFusion modified: 0 with status: OK
2026-09-21 12:49:40.5250219 [I:onnxruntime:, graph_transformer.cc:15 onnxruntime::GraphTransformer::Apply] GraphTransformer BiasDropoutFusion modified: 0 with status: OK
2026-09-21 12:49:40.5251054 [I:onnxruntime:, graph_transformer.cc:15 onnxruntime::GraphTransformer::Apply] GraphTransformer MatMulScaleFusion modified: 0 with status: OK
2026-09-21 12:49:40.5252338 [I:onnxruntime:, graph_transformer.cc:15 onnxruntime::GraphTransformer::Apply] GraphTransformer MatMulActivationFusion modified: 0 with status: OK
2026-09-21 12:49:40.5253210 [I:onnxruntime:, graph_transformer.cc:15 onnxruntime::GraphTransformer::Apply] GraphTransformer MatMulNBitsFusion modified: 0 with status: OK
2026-09-21 12:49:40.5254073 [I:onnxruntime:, graph_transformer.cc:15 onnxruntime::GraphTransformer::Apply] GraphTransformer QDQFinalCleanupTransformer modified: 0 with status: OK
2026-09-21 12:49:40.5254993 [I:onnxruntime:, graph_transformer.cc:15 onnxruntime::GraphTransformer::Apply] GraphTransformer NchwcTransformer modified: 0 with status: OK
2026-09-21 12:49:40.5451816 [I:onnxruntime:, graph_transformer.cc:15 onnxruntime::GraphTransformer::Apply] GraphTransformer NhwcTransformer modified: 0 with status: OK
2026-09-21 12:49:40.5453574 [I:onnxruntime:, graph_transformer.cc:15 onnxruntime::GraphTransformer::Apply] GraphTransformer ConvAddActivationFusion modified: 0 with status: OK
2026-09-21 12:49:40.5455097 [I:onnxruntime:, graph_transformer.cc:15 onnxruntime::GraphTransformer::Apply] GraphTransformer RemoveDuplicateCastTransformer modified: 0 with status: OK
2026-09-21 12:49:40.5456077 [I:onnxruntime:, graph_transformer.cc:15 onnxruntime::GraphTransformer::Apply] GraphTransformer CastFloat16Transformer modified: 0 with status: OK
2026-09-21 12:49:40.5457230 [I:onnxruntime:, graph_transformer.cc:15 onnxruntime::GraphTransformer::Apply] GraphTransformer FuseFp16InitializerToFp32NodeTransformer modified: 0 with status: OK
2026-09-21 12:49:40.5458211 [I:onnxruntime:, graph_transformer.cc:15 onnxruntime::GraphTransformer::Apply] GraphTransformer MemcpyTransformer modified: 0 with status: OK
2026-09-21 12:49:40.5459902 [I:onnxruntime:, allocation_planner.cc:2659 onnxruntime::IGraphPartitioner::CreateGraphPartitioner] Use DeviceBasedPartition as default
2026-09-21 12:49:40.5461036 [I:onnxruntime:, session_state_utils.cc:243 onnxruntime::session_state_utils::SaveInitializedTensors] Saving initialized tensors.
2026-09-21 12:49:40.5462473 [I:onnxruntime:, session_state_utils.cc:438 onnxruntime::session_state_utils::SaveInitializedTensors] Done saving initialized tensors
2026-09-21 12:49:40.7186907 [I:onnxruntime:, inference_session.cc:2532 onnxruntime::InferenceSession::Initialize] Session successfully initialized.
AMD_REPORT {"path": "bisenetv2cachekey/vitisai_ep_report.json", "sha256": "d579c499436698cc3770ccba6671f3ba663bf50c8c245245838f4ea628aa0e0a", "report": {"deviceStat": [{"name": "all", "nodeNum": 404, "supportedOpType": ["::Add", "::AveragePool", "::Concat", "::Conv", "::DequantizeLinear", "::GlobalAveragePool", "::HardSigmoid", "::MaxPool", "::Mul", "::QuantizeLinear", "::Relu", "::Resize"]}, {"name": "NPU", "nodeNum": 402, "supportedOpType": ["::Add", "::AveragePool", "::Concat", "::Conv", "::DequantizeLinear", "::GlobalAveragePool", "::HardSigmoid", "::MaxPool", "::Mul", "::QuantizeLinear", "::Relu", "::Resize"]}, {"name": "VITIS_EP_CPU", "nodeNum": 2, "supportedOpType": ["::DequantizeLinear", "::QuantizeLinear"]}], "nodeStat": [{"output": ["image_QuantizeLinear_Output"], "input": ["image", "image_scale", "image_zero_point"], "opType": "QuantizeLinear", "comment": "@6 [image_QuantizeLinear_Output:(ty=2,shape=[1,3,512,512])] QuantizeLinear [image:(ty=1,shape=[1,3,512,512]),image_scale:(ty=1,shape=[]),image_zero_point:(ty=2,shape=[])]", "device": "CPU"}, {"output": ["image_DequantizeLinear_Output/duplicated"], "input": ["image_QuantizeLinear_Output", "image_scale", "image_zero_point"], "opType": "DequantizeLinear", "comment": "@392 [image_DequantizeLinear_Output/duplicated:(ty=1,shape=[1,3,512,512])] DequantizeLinear [image_QuantizeLinear_Output:(ty=2,shape=[1,3,512,512]),image_scale:(ty=1,shape=[]),image_zero_point:(ty=2,shape=[])]", "device": "NPU"}, {"output": ["onnx::Conv_537_DequantizeLinear_Output"], "input": ["onnx::Conv_537_quantized", "/bga/Mul_output_0_scale", "onnx::Conv_537_zero_point"], "opType": "DequantizeLinear", "comment": "@24 [onnx::Conv_537_DequantizeLinear_Output:(ty=1,shape=[16])] DequantizeLinear [onnx::Conv_537_quantized:(ty=3,shape=[16]),/bga/Mul_output_0_scale:(ty=1,shape=[]),onnx::Conv_537_zero_point:(ty=3,shape=[])]", "device": "NPU"}, {"output": ["onnx::Conv_536_DequantizeLinear_Output"], "input": ["onnx::Conv_536_quantized", "onnx::Conv_645_scale", "onnx::Conv_536_zero_point"], "opType": "DequantizeLinear", "comment": "@23 [onnx::Conv_536_DequantizeLinear_Output:(ty=1,shape=[16,3,3,3])] DequantizeLinear [onnx::Conv_536_quantized:(ty=3,shape=[16,3,3,3]),onnx::Conv_645_scale:(ty=1,shape=[]),onnx::Conv_536_zero_point:(ty=3,shape=[])]", "device": "NPU"}, {"output": ["/segment/S1S2/conv/conv/Conv_output_0"], "input": ["image_DequantizeLinear_Output/duplicated", "onnx::Conv_536_DequantizeLinear_Output", "onnx::Conv_537_DequantizeLinear_Output"], "opType": "Conv", "comment": "@115 [/segment/S1S2/conv/conv/Conv_output_0:(ty=1,shape=[1,16,256,256])] Conv [image_DequantizeLinear_Output/duplicated:(ty=1,shape=[1,3,512,512]),onnx::Conv_536_DequantizeLinear_Output:(ty=1,shape=[16,3,3,3]),onnx::Conv_537_DequantizeLinear_Output:(ty=1,shape=[16])]", "device": "NPU"}, {"output": ["/segment/S1S2/conv/relu/Relu_output_0"], "input": ["/segment/S1S2/conv/conv/Conv_output_0"], "opType": "Relu", "comment": "@117 [/segment/S1S2/conv/relu/Relu_output_0:(ty=1,shape=[1,16,256,256])] Relu [/segment/S1S2/conv/conv/Conv_output_0:(ty=1,shape=[1,16,256,256])]", "device": "NPU"}, {"output": ["/segment/S1S2/conv/relu/Relu_output_0_QuantizeLinear_Output"], "input": ["/segment/S1S2/conv/relu/Relu_output_0", "/segment/S3/S3.0/shortcut/shortcut.0/Conv_output_0_scale", "/segment/S1S2/conv/relu/Relu_output_0_zero_point"], "opType": "QuantizeLinear", "comment": "@119 [/segment/S1S2/conv/relu/Relu_output_0_QuantizeLinear_Output:(ty=2,shape=[1,16,256,256])] QuantizeLinear [/segment/S1S2/conv/relu/Relu_output_0:(ty=1,shape=[1,16,256,256]),/segment/S3/S3.0/shortcut/shortcut.0/Conv_output_0_scale:(ty=1,shape=[]),/segment/S1S2/conv/relu/Relu_output_0_zero_point:(ty=2,shape=[])]", "device": "NPU"}, {"output": ["/segment/S1S2/conv/relu/Relu_output_0_DequantizeLinear_Output"], "input": ["/segment/S1S2/conv/relu/Relu_output_0_QuantizeLinear_Output", "/segment/S3/S3.0/shortcut/shortcut.0/Conv_output_0_scale", "/segment/S1S2/conv/relu/Relu_output_0_zero_point"], "opType": "DequantizeLinear", "comment": "@121 [/segment/S1S2/conv/relu/Relu_output_0_DequantizeLinear_Output:(ty=1,shape=[1,16,256,256])] DequantizeLinear [/segment/S1S2/conv/relu/Relu_output_0_QuantizeLinear_Output:(ty=2,shape=[1,16,256,256]),/segment/S3/S3.0/shortcut/shortcut.0/Conv_output_0_scale:(ty=1,shape=[]),/segment/S1S2/conv/relu/Relu_output_0_zero_point:(ty=2,shape=[])]", "device": "NPU"}, {"output": ["onnx::Conv_540_DequantizeLinear_Output"], "input": ["onnx::Conv_540_quantized", "/bga/Mul_output_0_scale", "onnx::Conv_540_zero_point"], "opType": "DequantizeLinear", "comment": "@26 [onnx::Conv_540_DequantizeLinear_Output:(ty=1,shape=[8])] DequantizeLinear [onnx::Conv_540_quantized:(ty=3,shape=[8]),/bga/Mul_output_0_scale:(ty=1,shape=[]),onnx::Conv_540_zero_point:(ty=3,shape=[])]", "device": "NPU"}, {"output": ["onnx::Conv_539_DequantizeLinear_Output"], "input": ["onnx::Conv_539_quantized", "onnx::Conv_581_scale", "onnx::Conv_539_zero_point"], "opType": "DequantizeLinear", "comment": "@25 [onnx::Conv_539_DequantizeLinear_Output:(ty=1,shape=[8,16,1,1])] DequantizeLinear [onnx::Conv_539_quantized:(ty=3,shape=[8,16,1,1]),onnx::Conv_581_scale:(ty=1,shape=[]),onnx::Conv_539_zero_point:(ty=3,shape=[])]", "device": "NPU"}, {"output": ["/segment/S1S2/left/left.0/conv/Conv_output_0"], "input": ["/segment/S1S2/conv/relu/Relu_output_0_DequantizeLinear_Output", "onnx::Conv_539_DequantizeLinear_Output", "onnx::Conv_540_DequantizeLinear_Output"], "opType": "Conv", "comment": "@123 [/segment/S1S2/left/left.0/conv/Conv_output_0:(ty=1,shape=[1,8,256,256])] Conv [/segment/S1S2/conv/relu/Relu_output_0_DequantizeLinear_Output:(ty=1,shape=[1,16,256,256]),onnx::Conv_539_DequantizeLinear_Output:(ty=1,shape=[8,16,1,1]),onnx::Conv_540_DequantizeLinear_Output:(ty=1,shape=[8])]", "device": "NPU"}, {"output": ["/segment/S1S2/left/left.0/relu/Relu_output_0"], "input": ["/segment/S1S2/left/left.0/conv/Conv_output_0"], "opType": "Relu", "comment": "@126 [/segment/S1S2/left/left.0/relu/Relu_output_0:(ty=1,shape=[1,8,256,256])] Relu [/segment/S1S2/left/left.0/conv/Conv_output_0:(ty=1,shape=[1,8,256,256])]", "device": "NPU"}, {"output": ["/segment/S1S2/left/left.0/relu/Relu_output_0_QuantizeLinear_Output"], "input": ["/segment/S1S2/left/left.0/relu/Relu_output_0", "/segment/S1S2/left/left.0/relu/Relu_output_0_scale", "/segment/S1S2/left/left.0/relu/Relu_output_0_zero_point"], "opType": "QuantizeLinear", "comment": "@129 [/segment/S1S2/left/left.0/relu/Relu_output_0_QuantizeLinear_Output:(ty=2,shape=[1,8,256,256])] QuantizeLinear [/segment/S1S2/left/left.0/relu/Relu_output_0:(ty=1,shape=[1,8,256,256]),/segment/S1S2/left/left.0/relu/Relu_output_0_scale:(ty=1,shape=[]),/segment/S1S2/left/left.0/relu/Relu_output_0_zero_point:(ty=2,shape=[])]", "device": "NPU"}, {"output": ["/segment/S1S2/left/left.0/relu/Relu_output_0_DequantizeLinear_Output"], "input": ["/segment/S1S2/left/left.0/relu/Relu_output_0_QuantizeLinear_Output", "/segment/S1S2/left/left.0/relu/Relu_output_0_scale", "/segment/S1S2/left/left.0/relu/Relu_output_0_zero_point"], "opType": "DequantizeLinear", "comment": "@132 [/segment/S1S2/left/left.0/relu/Relu_output_0_DequantizeLinear_Output:(ty=1,shape=[1,8,256,256])] DequantizeLinear [/segment/S1S2/left/left.0/relu/Relu_output_0_QuantizeLinear_Output:(ty=2,shape=[1,8,256,256]),/segment/S1S2/left/left.0/relu/Relu_output_0_scale:(ty=1,shape=[]),/segment/S1S2/left/left.0/relu/Relu_output_0_zero_point:(ty=2,shape=[])]", "device": "NPU"}, {"output": ["onnx::Conv_543_DequantizeLinear_Output"], "input": ["onnx::Conv_543_quantized", "onnx::Conv_645_scale", "onnx::Conv_543_zero_point"], "opType": "DequantizeLinear", "comment": "@28 [onnx::Conv_543_DequantizeLinear_Output:(ty=1,shape=[16])] DequantizeLinear [onnx::Conv_543_quantized:(ty=3,shape=[16]),onnx::Conv_645_scale:(ty=1,shape=[]),onnx::Conv_543_zero_point:(ty=3,shape=[])]", "device": "NPU"}, {"output": ["onnx::Conv_542_DequantizeLinear_Output"], "input": ["onnx::Conv_542_quantized", "image_scale", "onnx::Conv_542_zero_point"], "opType": "DequantizeLinear", "comment": "@27 [onnx::Conv_542_DequantizeLinear_Output:(ty=1,shape=[16,8,3,3])] DequantizeLinear [onnx::Conv_542_quantized:(ty=3,shape=[16,8,3,3]),image_scale:(ty=1,shape=[]),onnx::Conv_542_zero_point:(ty=3,shape=[])]", "device": "NPU"}, {"output": ["/segment/S1S2/left/left.1/conv/Conv_output_0"], "input": ["/segment/S1S2/left/left.0/relu/Relu_output_0_DequantizeLinear_Output", "onnx::Conv_542_DequantizeLinear_Output", "onnx::Conv_543_DequantizeLinear_Output"], "opType": "Conv", "comment": "@134 [/segment/S1S2/left/left.1/conv/Conv_output_0:(ty=1,shape=[1,16,128,128])] Conv [/segment/S1S2/left/left.0/relu/Relu_output_0_DequantizeLinear_Output:(ty=1,shape=[1,8,256,256]),onnx::Conv_542_DequantizeLinear_Output:(ty=1,shape=[16,8,3,3]),onnx::Conv_543_DequantizeLinear_Output:(ty=1,shape=[16])]", "device": "NPU"}, {"output": ["/segment/S1S2/left/left.1/relu/Relu_output_0"], "input": ["/segment/S1S2/left/left.1/conv/Conv_output_0"], "opType": "Relu", "comment": "@136 [/segment/S1S2/left/left.1/relu/Relu_output_0:(ty=1,shape=[1,16,128,128])] Relu [/segment/S1S2/left/left.1/conv/Conv_output_0:(ty=1,shape=[1,16,128,128])]", "device": "NPU"}, {"output": ["/segment/S1S2/left/left.1/relu/Relu_output_0_QuantizeLinear_Output"], "input": ["/segment/S1S2/left/left.1/relu/Relu_output_0", "/segment/S3/S3.0/shortcut/shortcut.0/Conv_output_0_scale", "/segment/S1S2/left/left.1/relu/Relu_output_0_zero_point"], "opType": "QuantizeLinear", "comment": "@138 [/segment/S1S2/left/left.1/relu/Relu_output_0_QuantizeLinear_Output:(ty=2,shape=[1,16,128,128])] QuantizeLinear [/segment/S1S2/left/left.1/relu/Relu_output_0:(ty=1,shape=[1,16,128,128]),/segment/S3/S3.0/shortcut/shortcut.0/Conv_output_0_scale:(ty=1,shape=[]),/segment/S1S2/left/left.1/relu/Relu_output_0_zero_point:(ty=2,shape=[])]", "device": "NPU"}, {"output": ["/segment/S1S2/left/left.1/relu/Relu_output_0_DequantizeLinear_Output"], "input": ["/segment/S1S2/left/left.1/relu/Relu_output_0_QuantizeLinear_Output", "/segment/S3/S3.0/shortcut/shortcut.0/Conv_output_0_scale", "/segment/S1S2/left/left.1/relu/Relu_output_0_zero_point"], "opType": "DequantizeLinear", "comment": "@140 [/segment/S1S2/left/left.1/relu/Relu_output_0_DequantizeLinear_Output:(ty=1,shape=[1,16,128,128])] DequantizeLinear [/segment/S1S2/left/left.1/relu/Relu_output_0_QuantizeLinear_Output:(ty=2,shape=[1,16,128,128]),/segment/S3/S3.0/shortcut/shortcut.0/Conv_output_0_scale:(ty=1,shape=[]),/segment/S1S2/left/left.1/relu/Relu_output_0_zero_point:(ty=2,shape=[])]", "device": "NPU"}, {"output": ["/segment/S1S2/conv/relu/Relu_output_0_DequantizeLinear_Output/duplicated"], "input": ["/segment/S1S2/conv/relu/Relu_output_0_QuantizeLinear_Output", "/segment/S3/S3.0/shortcut/shortcut.0/Conv_output_0_scale", "/segment/S1S2/conv/relu/Relu_output_0_zero_point"], "opType": "DequantizeLinear", "comment": "@393 [/segment/S1S2/conv/relu/Relu_output_0_DequantizeLinear_Output/duplicated:(ty=1,shape=[1,16,256,256])] DequantizeLinear [/segment/S1S2/conv/relu/Relu_output_0_QuantizeLinear_Output:(ty=2,shape=[1,16,256,256]),/segment/S3/S3.0/shortcut/shortcut.0/Conv_output_0_scale:(ty=1,shape=[]),/segment/S1S2/conv/relu/Relu_output_0_zero_point:(ty=2,shape=[])]", "device": "NPU"}, {"output": ["/segment/S1S2/right/MaxPool_output_0"], "input": ["/segment/S1S2/conv/relu/Relu_output_0_DequantizeLinear_Output/duplicated"], "opType": "MaxPool", "comment": "@124 [/segment/S1S2/right/MaxPool_output_0:(ty=1,shape=[1,16,128,128])] MaxPool [/segment/S1S2/conv/relu/Relu_output_0_DequantizeLinear_Output/duplicated:(ty=1,shape=[1,16,256,256])]", "device": "NPU"}, {"output": ["/segment/S1S2/right/MaxPool_output_0_QuantizeLinear_Output"], "input": ["/segment/S1S2/right/MaxPool_output_0", "/segment/S3/S3.0/shortcut/shortcut.0/Conv_output_0_scale", "/segment/S1S2/conv/relu/Relu_output_0_zero_point"], "opType": "QuantizeLinear", "comment": "@127 [/segment/S1S2/right/MaxPool_output_0_QuantizeLinear_Output:(ty=2,shape=[1,16,128,128])] QuantizeLinear [/segment/S1S2/right/MaxPool_output_0:(ty=1,shape=[1,16,128,128]),/segment/S3/S3.0/shortcut/shortcut.0/Conv_output_0_scale:(ty=1,shape=[]),/segment/S1S2/conv/relu/Relu_output_0_zero_point:(ty=2,shape=[])]", "device": "NPU"}, {"output": ["/segment/S1S2/right/MaxPool_output_0_DequantizeLinear_Output"], "input": ["/segment/S1S2/right/MaxPool_output_0_QuantizeLinear_Output", "/segment/S3/S3.0/shortcut/shortcut.0/Conv_output_0_scale", "/segment/S1S2/conv/relu/Relu_output_0_zero_point"], "opType": "DequantizeLinear", "comment": "@130 [/segment/S1S2/right/MaxPool_output_0_DequantizeLinear_Output:(ty=1,shape=[1,16,128,128])] DequantizeLinear [/segment/S1S2/right/MaxPool_output_0_QuantizeLinear_Output:(ty=2,shape=[1,16,128,128]),/segment/S3/S3.0/shortcut/shortcut.0/Conv_output_0_scale:(ty=1,shape=[]),/segment/S1S2/conv/relu/Relu_output_0_zero_point:(ty=2,shape=[])]", "device": "NPU"}, {"output": ["/segment/S1S2/Concat_output_0"], "input": ["/segment/S1S2/left/left.1/relu/Relu_output_0_DequantizeLinear_Output", "/segment/S1S2/right/MaxPool_output_0_DequantizeLinear_Output"], "opType": "Concat", "comment": "@142 [/segment/S1S2/Concat_output_0:(ty=1,shape=[1,32,128,128])] Concat [/segment/S1S2/left/left.1/relu/Relu_output_0_DequantizeLinear_Output:(ty=1,shape=[1,16,128,128]),/segment/S1S2/right/MaxPool_output_0_DequantizeLinear_Output:(ty=1,shape=[1,16,128,128])]", "device": "NPU"}, {"output": ["/segment/S1S2/Concat_output_0_QuantizeLinear_Output"], "input": ["/segment/S1S2/Concat_output_0", "/segment/S3/S3.0/shortcut/shortcut.0/Conv_output_0_scale", "/segment/S1S2/Concat_output_0_zero_point"], "opType": "QuantizeLinear", "comment": "@144 [/segment/S1S2/Concat_output_0_QuantizeLinear_Output:(ty=2,shape=[1,32,128,128])] QuantizeLinear [/segment/S1S2/Concat_output_0:(ty=1,shape=[1,32,128,128]),/segment/S3/S3.0/shortcut/shortcut.0/Conv_output_0_scale:(ty=1,shape=[]),/segment/S1S2/Concat_output_0_zero_point:(ty=2,shape=[])]", "device": "NPU"}, {"output": ["/segment/S1S2/Concat_output_0_DequantizeLinear_Output"], "input": ["/segment/S1S2/Concat_output_0_QuantizeLinear_Output", "/segment/S3/S3.0/shortcut/shortcut.0/Conv_output_0_scale", "/segment/S1S2/Concat_output_0_zero_point"], "opType": "DequantizeLinear", "comment": "@146 [/segment/S1S2/Concat_output_0_DequantizeLinear_Output:(ty=1,shape=[1,32,128,128])] DequantizeLinear [/segment/S1S2/Concat_output_0_QuantizeLinear_Output:(ty=2,shape=[1,32,128,128]),/segment/S3/S3.0/shortcut/shortcut.0/Conv_output_0_scale:(ty=1,shape=[]),/segment/S1S2/Concat_output_0_zero_point:(ty=2,shape=[])]", "device": "NPU"}, {"output": ["onnx::Conv_546_DequantizeLinear_Output"], "input": ["onnx::Conv_546_quantized", "/segment/S1S2/left/left.0/relu/Relu_output_0_scale", "onnx::Conv_546_zero_point"], "opType": "DequantizeLinear", "comment": "@30 [onnx::Conv_546_DequantizeLinear_Output:(ty=1,shape=[16])] DequantizeLinear [onnx::Conv_546_quantized:(ty=3,shape=[16]),/segment/S1S2/left/left.0/relu/Relu_output_0_scale:(ty=1,shape=[]),onnx::Conv_546_zero_point:(ty=3,shape=[])]", "device": "NPU"}, {"output": ["onnx::Conv_545_DequantizeLinear_Output"], "input": ["onnx::Conv_545_quantized", "bga.right2.2.weight_scale", "onnx::Conv_545_zero_point"], "opType": "DequantizeLinear", "comment": "@29 [onnx::Conv_545_DequantizeLinear_Output:(ty=1,shape=[16,32,3,3])] DequantizeLinear [onnx::Conv_545_quantized:(ty=3,shape=[16,32,3,3]),bga.right2.2.weight_scale:(ty=1,shape=[]),onnx::Conv_545_zero_point:(ty=3,shape=[])]", "device": "NPU"}, {"output": ["/segment/S1S2/fuse/conv/Conv_output_0"], "input": ["/segment/S1S2/Concat_output_0_DequantizeLinear_Output", "onnx::Conv_545_DequantizeLinear_Output", "onnx::Conv_546_DequantizeLinear_Output"], "opType": "Conv", "comment": "@148 [/segment/S1S2/fuse/conv/Conv_output_0:(ty=1,shape=[1,16,128,128])] Conv [/segment/S1S2/Concat_output_0_DequantizeLinear_Output:(ty=1,shape=[1,32,128,128]),onnx::Conv_545_DequantizeLinear_Output:(ty=1,shape=[16,32,3,3]),onnx::Conv_546_DequantizeLinear_Output:(ty=1,shape=[16])]", "device": "NPU"}, {"output": ["/segment/S1S2/fuse/relu/Relu_output_0"], "input": ["/segment/S1S2/fuse/conv/Conv_output_0"], "opType": "Relu", "comment": "@150 [/segment/S1S2/fuse/relu/Relu_output_0:(ty=1,shape=[1,16,128,128])] Relu [/segment/S1S2/fuse/conv/Conv_output_0:(ty=1,shape=[1,16,128,128])]", "device": "NPU"}, {"output": ["/segment/S1S2/fuse/relu/Relu_output_0_QuantizeLinear_Output"], "input": ["/segment/S1S2/fuse/relu/Relu_output_0", "/detail/S2/S2.0/relu/Relu_output_0_scale", "/segment/S1S2/fuse/relu/Relu_output_0_zero_point"], "opType": "QuantizeLinear", "comment": "@152 [/segment/S1S2/fuse/relu/Relu_output_0_QuantizeLinear_Output:(ty=2,shape=[1,16,128,128])] QuantizeLinear [/segment/S1S2/fuse/relu/Relu_output_0:(ty=1,shape=[1,16,128,128]),/detail/S2/S2.0/relu/Relu_output_0_scale:(ty=1,shape=[]),/segment/S1S2/fuse/relu/Relu_output_0_zero_point:(ty=2,shape=[])]", "device": "NPU"}, {"output": ["/segment/S1S2/fuse/relu/Relu_output_0_DequantizeLinear_Output"], "input": ["/segment/S1S2/fuse/relu/Relu_output_0_QuantizeLinear_Output", "/detail/S2/S2.0/relu/Relu_output_0_scale", "/segment/S1S2/fuse/relu/Relu_output_0_zero_point"], "opType": "DequantizeLinear", "comment": "@154 [/segment/S1S2/fuse/relu/Relu_output_0_DequantizeLinear_Output:(ty=1,shape=[1,16,128,128])] DequantizeLinear [/segment/S1S2/fuse/relu/Relu_output_0_QuantizeLinear_Output:(ty=2,shape=[1,16,128,128]),/detail/S2/S2.0/relu/Relu_output_0_scale:(ty=1,shape=[]),/segment/S1S2/fuse/relu/Relu_output_0_zero_point:(ty=2,shape=[])]", "device": "NPU"}, {"output": ["onnx::Conv_549_DequantizeLinear_Output"], "input": ["onnx::Conv_549_quantized", "/bga/Mul_output_0_scale", "onnx::Conv_549_zero_point"], "opType": "DequantizeLinear", "comment": "@32 [onnx::Conv_549_DequantizeLinear_Output:(ty=1,shape=[16])] DequantizeLinear [onnx::Conv_549_quantized:(ty=3,shape=[16]),/bga/Mul_output_0_scale:(ty=1,shape=[]),onnx::Conv_549_zero_point:(ty=3,shape=[])]", "device": "NPU"}, {"output": ["onnx::Conv_548_DequantizeLinear_Output"], "input": ["onnx::Conv_548_quantized", "bga.right2.2.weight_scale", "onnx::Conv_548_zero_point"], "opType": "DequantizeLinear", "comment": "@31 [onnx::Conv_548_DequantizeLinear_Output:(ty=1,shape=[16,16,3,3])] DequantizeLinear [onnx::Conv_548_quantized:(ty=3,shape=[16,16,3,3]),bga.right2.2.weight_scale:(ty=1,shape=[]),onnx::Conv_548_zero_point:(ty=3,shape=[])]", "device": "NPU"}, {"output": ["/segment/S3/S3.0/conv1/conv/Conv_output_0"], "input": ["/segment/S1S2/fuse/relu/Relu_output_0_DequantizeLinear_Output", "onnx::Conv_548_DequantizeLinear_Output", "onnx::Conv_549_DequantizeLinear_Output"], "opType": "Conv", "comment": "@156 [/segment/S3/S3.0/conv1/conv/Conv_output_0:(ty=1,shape=[1,16,128,128])] Conv [/segment/S1S2/fuse/relu/Relu_output_0_DequantizeLinear_Output:(ty=1,shape=[1,16,128,128]),onnx::Conv_548_DequantizeLinear_Output:(ty=1,shape=[16,16,3,3]),onnx::Conv_549_DequantizeLinear_Output:(ty=1,shape=[16])]", "device": "NPU"}, {"output": ["/segment/S3/S3.0/conv1/relu/Relu_output_0"], "input": ["/segment/S3/S3.0/conv1/conv/Conv_output_0"], "opType": "Relu", "comment": "@159 [/segment/S3/S3.0/conv1/relu/Relu_output_0:(ty=1,shape=[1,16,128,128])] Relu [/segment/S3/S3.0/conv1/conv/Conv_output_0:(ty=1,shape=[1,16,128,128])]", "device": "NPU"}, {"output": ["/segment/S3/S3.0/conv1/relu/Relu_output_0_QuantizeLinear_Output"], "input": ["/segment/S3/S3.0/conv1/relu/Relu_output_0", "/segment/S1S2/left/left.0/relu/Relu_output_0_scale", "/segment/S3/S3.0/conv1/relu/Relu_output_0_zero_point"], "opType": "QuantizeLinear", "comment": "@162 [/segment/S3/S3.0/conv1/relu/Relu_output_0_QuantizeLinear_Output:(ty=2,shape=[1,16,128,128])] QuantizeLinear [/segment/S3/S3.0/conv1/relu/Relu_output_0:(ty=1,shape=[1,16,128,128]),/segment/S1S2/left/left.0/relu/Relu_output_0_scale:(ty=1,shape=[]),/segment/S3/S3.0/conv1/relu/Relu_output_0_zero_point:(ty=2,shape=[])]", "device": "NPU"}, {"output": ["/segment/S3/S3.0/conv1/relu/Relu_output_0_DequantizeLinear_Output"], "input": ["/segment/S3/S3.0/conv1/relu/Relu_output_0_QuantizeLinear_Output", "/segment/S1S2/left/left.0/relu/Relu_output_0_scale", "/segment/S3/S3.0/conv1/relu/Relu_output_0_zero_point"], "opType": "DequantizeLinear", "comment": "@165 [/segment/S3/S3.0/conv1/relu/Relu_output_0_DequantizeLinear_Output:(ty=1,shape=[1,16,128,128])] DequantizeLinear [/segment/S3/S3.0/conv1/relu/Relu_output_0_QuantizeLinear_Output:(ty=2,shape=[1,16,128,128]),/segment/S1S2/left/left.0/relu/Relu_output_0_scale:(ty=1,shape=[]),/segment/S3/S3.0/conv1/relu/Relu_output_0_zero_point:(ty=2,shape=[])]", "device": "NPU"}, {"output": ["onnx::Conv_552_DequantizeLinear_Output"], "input": ["onnx::Conv_552_quantized", "/bga/Mul_output_0_scale", "onnx::Conv_552_zero_point"], "opType": "DequantizeLinear", "comment": "@34 [onnx::Conv_552_DequantizeLinear_Output:(ty=1,shape=[96])] DequantizeLinear [onnx::Conv_552_quantized:(ty=3,shape=[96]),/bga/Mul_output_0_scale:(ty=1,shape=[]),onnx::Conv_552_zero_point:(ty=3,shape=[])]", "device": "NPU"}, {"output": ["onnx::Conv_551_DequantizeLinear_Output"], "input": ["onnx::Conv_551_quantized", "onnx::Conv_581_scale", "onnx::Conv_551_zero_point"], "opType": "DequantizeLinear", "comment": "@33 [onnx::Conv_551_DequantizeLinear_Output:(ty=1,shape=[96,1,3,3])] DequantizeLinear [onnx::Conv_551_quantized:(ty=3,shape=[96,1,3,3]),onnx::Conv_581_scale:(ty=1,shape=[]),onnx::Conv_551_zero_point:(ty=3,shape=[])]", "device": "NPU"}, {"output": ["/segment/S3/S3.0/dwconv1/dwconv1.0/Conv_output_0"], "input": ["/segment/S3/S3.0/conv1/relu/Relu_output_0_DequantizeLinear_Output", "onnx::Conv_551_DequantizeLinear_Output", "onnx::Conv_552_DequantizeLinear_Output"], "opType": "Conv", "comment": "@168 [/segment/S3/S3.0/dwconv1/dwconv1.0/Conv_output_0:(ty=1,shape=[1,96,64,64])] Conv [/segment/S3/S3.0/conv1/relu/Relu_output_0_DequantizeLinear_Output:(ty=1,shape=[1,16,128,128]),onnx::Conv_551_DequantizeLinear_Output:(ty=1,shape=[96,1,3,3]),onnx::Conv_552_DequantizeLinear_Output:(ty=1,shape=[96])]", "device": "NPU"}, {"output": ["/segment/S3/S3.0/dwconv1/dwconv1.0/Conv_output_0_QuantizeLinear_Output"], "input": ["/segment/S3/S3.0/dwconv1/dwconv1.0/Conv_output_0", "onnx::Conv_645_scale", "/segment/S3/S3.0/dwconv1/dwconv1.0/Conv_output_0_zero_point"], "opType": "QuantizeLinear", "comment": "@171 [/segment/S3/S3.0/dwconv1/dwconv1.0/Conv_output_0_QuantizeLinear_Output:(ty=2,shape=[1,96,64,64])] QuantizeLinear [/segment/S3/S3.0/dwconv1/dwconv1.0/Conv_output_0:(ty=1,shape=[1,96,64,64]),onnx::Conv_645_scale:(ty=1,shape=[]),/segment/S3/S3.0/dwconv1/dwconv1.0/Conv_output_0_zero_point:(ty=2,shape=[])]", "device": "NPU"}, {"output": ["/segment/S3/S3.0/dwconv1/dwconv1.0/Conv_output_0_DequantizeLinear_Output"], "input": ["/segment/S3/S3.0/dwconv1/dwconv1.0/Conv_output_0_QuantizeLinear_Output", "onnx::Conv_645_scale", "/segment/S3/S3.0/dwconv1/dwconv1.0/Conv_output_0_zero_point"], "opType": "DequantizeLinear", "comment": "@174 [/segment/S3/S3.0/dwconv1/dwconv1.0/Conv_output_0_DequantizeLinear_Output:(ty=1,shape=[1,96,64,64])] DequantizeLinear [/segment/S3/S3.0/dwconv1/dwconv1.0/Conv_output_0_QuantizeLinear_Output:(ty=2,shape=[1,96,64,64]),onnx::Conv_645_scale:(ty=1,shape=[]),/segment/S3/S3.0/dwconv1/dwconv1.0/Conv_output_0_zero_point:(ty=2,shape=[])]", "device": "NPU"}, {"output": ["onnx::Conv_555_DequantizeLinear_Output"], "input": ["onnx::Conv_555_quantized", "/bga/Mul_output_0_scale", "onnx::Conv_555_zero_point"], "opType": "DequantizeLinear", "comment": "@36 [onnx::Conv_555_DequantizeLinear_Output:(ty=1,shape=[96])] DequantizeLinear [onnx::Conv_555_quantized:(ty=3,shape=[96]),/bga/Mul_output_0_scale:(ty=1,shape=[]),onnx::Conv_555_zero_point:(ty=3,shape=[])]", "device": "NPU"}, {"output": ["onnx::Conv_554_DequantizeLinear_Output"], "input": ["onnx::Conv_554_quantized", "onnx::Conv_581_scale", "onnx::Conv_554_zero_point"], "opType": "DequantizeLinear", "comment": "@35 [onnx::Conv_554_DequantizeLinear_Output:(ty=1,shape=[96,1,3,3])] DequantizeLinear [onnx::Conv_554_quantized:(ty=3,shape=[96,1,3,3]),onnx::Conv_581_scale:(ty=1,shape=[]),onnx::Conv_554_zero_point:(ty=3,shape=[])]", "device": "NPU"}, {"output": ["/segment/S3/S3.0/dwconv2/dwconv2.0/Conv_output_0"], "input": ["/segment/S3/S3.0/dwconv1/dwconv1.0/Conv_output_0_DequantizeLinear_Output", "onnx::Conv_554_DequantizeLinear_Output", "onnx::Conv_555_DequantizeLinear_Output"], "opType": "Conv", "comment": "@176 [/segment/S3/S3.0/dwconv2/dwconv2.0/Conv_output_0:(ty=1,shape=[1,96,64,64])] Conv [/segment/S3/S3.0/dwconv1/dwconv1.0/Conv_output_0_DequantizeLinear_Output:(ty=1,shape=[1,96,64,64]),onnx::Conv_554_DequantizeLinear_Output:(ty=1,shape=[96,1,3,3]),onnx::Conv_555_DequantizeLinear_Output:(ty=1,shape=[96])]", "device": "NPU"}, {"output": ["/segment/S3/S3.0/dwconv2/dwconv2.2/Relu_output_0"], "input": ["/segment/S3/S3.0/dwconv2/dwconv2.0/Conv_output_0"], "opType": "Relu", "comment": "@178 [/segment/S3/S3.0/dwconv2/dwconv2.2/Relu_output_0:(ty=1,shape=[1,96,64,64])] Relu [/segment/S3/S3.0/dwconv2/dwconv2.0/Conv_output_0:(ty=1,shape=[1,96,64,64])]", "device": "NPU"}, {"output": ["/segment/S3/S3.0/dwconv2/dwconv2.2/Relu_output_0_QuantizeLinear_Output"], "input": ["/segment/S3/S3.0/dwconv2/dwconv2.2/Relu_output_0", "/segment/S1S2/left/left.0/relu/Relu_output_0_scale", "/segment/S3/S3.0/dwconv2/dwconv2.2/Relu_output_0_zero_point"], "opType": "QuantizeLinear", "comment": "@180 [/segment/S3/S3.0/dwconv2/dwconv2.2/Relu_output_0_QuantizeLinear_Output:(ty=2,shape=[1,96,64,64])] QuantizeLinear [/segment/S3/S3.0/dwconv2/dwconv2.2/Relu_output_0:(ty=1,shape=[1,96,64,64]),/segment/S1S2/left/left.0/relu/Relu_output_0_scale:(ty=1,shape=[]),/segment/S3/S3.0/dwconv2/dwconv2.2/Relu_output_0_zero_point:(ty=2,shape=[])]", "device": "NPU"}, {"output": ["/segment/S3/S3.0/dwconv2/dwconv2.2/Relu_output_0_DequantizeLinear_Output"], "input": ["/segment/S3/S3.0/dwconv2/dwconv2.2/Relu_output_0_QuantizeLinear_Output", "/segment/S1S2/left/left.0/relu/Relu_output_0_scale", "/segment/S3/S3.0/dwconv2/dwconv2.2/Relu_output_0_zero_point"], "opType": "DequantizeLinear", "comment": "@182 [/segment/S3/S3.0/dwconv2/dwconv2.2/Relu_output_0_DequantizeLinear_Output:(ty=1,shape=[1,96,64,64])] DequantizeLinear [/segment/S3/S3.0/dwconv2/dwconv2.2/Relu_output_0_QuantizeLinear_Output:(ty=2,shape=[1,96,64,64]),/segment/S1S2/left/left.0/relu/Relu_output_0_scale:(ty=1,shape=[]),/segment/S3/S3.0/dwconv2/dwconv2.2/Relu_output_0_zero_point:(ty=2,shape=[])]", "device": "NPU"}, {"output": ["onnx::Conv_558_DequantizeLinear_Output"], "input": ["onnx::Conv_558_quantized", "onnx::Conv_645_scale", "onnx::Conv_558_zero_point"], "opType": "DequantizeLinear", "comment": "@38 [onnx::Conv_558_DequantizeLinear_Output:(ty=1,shape=[32])] DequantizeLinear [onnx::Conv_558_quantized:(ty=3,shape=[32]),onnx::Conv_645_scale:(ty=1,shape=[]),onnx::Conv_558_zero_point:(ty=3,shape=[])]", "device": "NPU"}, {"output": ["onnx::Conv_557_DequantizeLinear_Output"], "input": ["onnx::Conv_557_quantized", "onnx::Conv_581_scale", "onnx::Conv_557_zero_point"], "opType": "DequantizeLinear", "comment": "@37 [onnx::Conv_557_DequantizeLinear_Output:(ty=1,shape=[32,96,1,1])] DequantizeLinear [onnx::Conv_557_quantized:(ty=3,shape=[32,96,1,1]),onnx::Conv_581_scale:(ty=1,shape=[]),onnx::Conv_557_zero_point:(ty=3,shape=[])]", "device": "NPU"}, {"output": ["/segment/S3/S3.0/conv2/conv2.0/Conv_output_0"], "input": ["/segment/S3/S3.0/dwconv2/dwconv2.2/Relu_output_0_DequantizeLinear_Output", "onnx::Conv_557_DequantizeLinear_Output", "onnx::Conv_558_DequantizeLinear_Output"], "opType": "Conv", "comment": "@184 [/segment/S3/S3.0/conv2/conv2.0/Conv_output_0:(ty=1,shape=[1,32,64,64])] Conv [/segment/S3/S3.0/dwconv2/dwconv2.2/Relu_output_0_DequantizeLinear_Output:(ty=1,shape=[1,96,64,64]),onnx::Conv_557_DequantizeLinear_Output:(ty=1,shape=[32,96,1,1]),onnx::Conv_558_DequantizeLinear_Output:(ty=1,shape=[32])]", "device": "NPU"}, {"output": ["/segment/S3/S3.0/conv2/conv2.0/Conv_output_0_QuantizeLinear_Output"], "input": ["/segment/S3/S3.0/conv2/conv2.0/Conv_output_0", "/detail/S2/S2.0/relu/Relu_output_0_scale", "/segment/S3/S3.0/conv2/conv2.0/Conv_output_0_zero_point"], "opType": "QuantizeLinear", "comment": "@186 [/segment/S3/S3.0/conv2/conv2.0/Conv_output_0_QuantizeLinear_Output:(ty=2,shape=[1,32,64,64])] QuantizeLinear [/segment/S3/S3.0/conv2/conv2.0/Conv_output_0:(ty=1,shape=[1,32,64,64]),/detail/S2/S2.0/relu/Relu_output_0_scale:(ty=1,shape=[]),/segment/S3/S3.0/conv2/conv2.0/Conv_output_0_zero_point:(ty=2,shape=[])]", "device": "NPU"}, {"output": ["/segment/S3/S3.0/conv2/conv2.0/Conv_output_0_DequantizeLinear_Output"], "input": ["/segment/S3/S3.0/conv2/conv2.0/Conv_output_0_QuantizeLinear_Output", "/detail/S2/S2.0/relu/Relu_output_0_scale", "/segment/S3/S3.0/conv2/conv2.0/Conv_output_0_zero_point"], "opType": "DequantizeLinear", "comment": "@189 [/segment/S3/S3.0/conv2/conv2.0/Conv_output_0_DequantizeLinear_Output:(ty=1,shape=[1,32,64,64])] DequantizeLinear [/segment/S3/S3.0/conv2/conv2.0/Conv_output_0_QuantizeLinear_Output:(ty=2,shape=[1,32,64,64]),/detail/S2/S2.0/relu/Relu_output_0_scale:(ty=1,shape=[]),/segment/S3/S3.0/conv2/conv2.0/Conv_output_0_zero_point:(ty=2,shape=[])]", "device": "NPU"}, {"output": ["/segment/S1S2/fuse/relu/Relu_output_0_DequantizeLinear_Output/duplicated"], "input": ["/segment/S1S2/fuse/relu/Relu_output_0_QuantizeLinear_Output", "/detail/S2/S2.0/relu/Relu_output_0_scale", "/segment/S1S2/fuse/relu/Relu_output_0_zero_point"], "opType": "DequantizeLinear", "comment": "@394 [/segment/S1S2/fuse/relu/Relu_output_0_DequantizeLinear_Output/duplicated:(ty=1,shape=[1,16,128,128])] DequantizeLinear [/segment/S1S2/fuse/relu/Relu_output_0_QuantizeLinear_Output:(ty=2,shape=[1,16,128,128]),/detail/S2/S2.0/relu/Relu_output_0_scale:(ty=1,shape=[]),/segment/S1S2/fuse/relu/Relu_output_0_zero_point:(ty=2,shape=[])]", "device": "NPU"}, {"output": ["onnx::Conv_561_DequantizeLinear_Output"], "input": ["onnx::Conv_561_quantized", "onnx::Conv_645_scale", "onnx::Conv_561_zero_point"], "opType": "DequantizeLinear", "comment": "@40 [onnx::Conv_561_DequantizeLinear_Output:(ty=1,shape=[16])] DequantizeLinear [onnx::Conv_561_quantized:(ty=3,shape=[16]),onnx::Conv_645_scale:(ty=1,shape=[]),onnx::Conv_561_zero_point:(ty=3,shape=[])]", "device": "NPU"}, {"output": ["onnx::Conv_560_DequantizeLinear_Output"], "input": ["onnx::Conv_560_quantized", "onnx::Conv_581_scale", "onnx::Conv_560_zero_point"], "opType": "DequantizeLinear", "comment": "@39 [onnx::Conv_560_DequantizeLinear_Output:(ty=1,shape=[16,1,3,3])] DequantizeLinear [onnx::Conv_560_quantized:(ty=3,shape=[16,1,3,3]),onnx::Conv_581_scale:(ty=1,shape=[]),onnx::Conv_560_zero_point:(ty=3,shape=[])]", "device": "NPU"}, {"output": ["/segment/S3/S3.0/shortcut/shortcut.0/Conv_output_0"], "input": ["/segment/S1S2/fuse/relu/Relu_output_0_DequantizeLinear_Output/duplicated", "onnx::Conv_560_DequantizeLinear_Output", "onnx::Conv_561_DequantizeLinear_Output"], "opType": "Conv", "comment": "@157 [/segment/S3/S3.0/shortcut/shortcut.0/Conv_output_0:(ty=1,shape=[1,16,64,64])] Conv [/segment/S1S2/fuse/relu/Relu_output_0_DequantizeLinear_Output/duplicated:(ty=1,shape=[1,16,128,128]),onnx::Conv_560_DequantizeLinear_Output:(ty=1,shape=[16,1,3,3]),onnx::Conv_561_DequantizeLinear_Output:(ty=1,shape=[16])]", "device": "NPU"}, {"output": ["/segment/S3/S3.0/shortcut/shortcut.0/Conv_output_0_QuantizeLinear_Output"], "input": ["/segment/S3/S3.0/shortcut/shortcut.0/Conv_output_0", "/segment/S3/S3.0/shortcut/shortcut.0/Conv_output_0_scale", "/segment/S3/S3.0/shortcut/shortcut.0/Conv_output_0_zero_point"], "opType": "QuantizeLinear", "comment": "@160 [/segment/S3/S3.0/shortcut/shortcut.0/Conv_output_0_QuantizeLinear_Output:(ty=2,shape=[1,16,64,64])] QuantizeLinear [/segment/S3/S3.0/shortcut/shortcut.0/Conv_output_0:(ty=1,shape=[1,16,64,64]),/segment/S3/S3.0/shortcut/shortcut.0/Conv_output_0_scale:(ty=1,shape=[]),/segment/S3/S3.0/shortcut/shortcut.0/Conv_output_0_zero_point:(ty=2,shape=[])]", "device": "NPU"}, {"output": ["/segment/S3/S3.0/shortcut/shortcut.0/Conv_output_0_DequantizeLinear_Output"], "input": ["/segment/S3/S3.0/shortcut/shortcut.0/Conv_output_0_QuantizeLinear_Output", "/segment/S3/S3.0/shortcut/shortcut.0/Conv_output_0_scale", "/segment/S3/S3.0/shortcut/shortcut.0/Conv_output_0_zero_point"], "opType": "DequantizeLinear", "comment": "@163 [/segment/S3/S3.0/shortcut/shortcut.0/Conv_output_0_DequantizeLinear_Output:(ty=1,shape=[1,16,64,64])] DequantizeLinear [/segment/S3/S3.0/shortcut/shortcut.0/Conv_output_0_QuantizeLinear_Output:(ty=2,shape=[1,16,64,64]),/segment/S3/S3.0/shortcut/shortcut.0/Conv_output_0_scale:(ty=1,shape=[]),/segment/S3/S3.0/shortcut/shortcut.0/Conv_output_0_zero_point:(ty=2,shape=[])]", "device": "NPU"}, {"output": ["onnx::Conv_564_DequantizeLinear_Output"], "input": ["onnx::Conv_564_quantized", "/bga/Mul_output_0_scale", "onnx::Conv_564_zero_point"], "opType": "DequantizeLinear", "comment": "@42 [onnx::Conv_564_DequantizeLinear_Output:(ty=1,shape=[32])] DequantizeLinear [onnx::Conv_564_quantized:(ty=3,shape=[32]),/bga/Mul_output_0_scale:(ty=1,shape=[]),onnx::Conv_564_zero_point:(ty=3,shape=[])]", "device": "NPU"}, {"output": ["onnx::Conv_563_DequantizeLinear_Output"], "input": ["onnx::Conv_563_quantized", "onnx::Conv_581_scale", "onnx::Conv_563_zero_point"], "opType": "DequantizeLinear", "comment": "@41 [onnx::Conv_563_DequantizeLinear_Output:(ty=1,shape=[32,16,1,1])] DequantizeLinear [onnx::Conv_563_quantized:(ty=3,shape=[32,16,1,1]),onnx::Conv_581_scale:(ty=1,shape=[]),onnx::Conv_563_zero_point:(ty=3,shape=[])]", "device": "NPU"}, {"output": ["/segment/S3/S3.0/shortcut/shortcut.2/Conv_output_0"], "input": ["/segment/S3/S3.0/shortcut/shortcut.0/Conv_output_0_DequantizeLinear_Output", "onnx::Conv_563_DequantizeLinear_Output", "onnx::Conv_564_DequantizeLinear_Output"], "opType": "Conv", "comment": "@166 [/segment/S3/S3.0/shortcut/shortcut.2/Conv_output_0:(ty=1,shape=[1,32,64,64])] Conv [/segment/S3/S3.0/shortcut/shortcut.0/Conv_output_0_DequantizeLinear_Output:(ty=1,shape=[1,16,64,64]),onnx::Conv_563_DequantizeLinear_Output:(ty=1,shape=[32,16,1,1]),onnx::Conv_564_DequantizeLinear_Output:(ty=1,shape=[32])]", "device": "NPU"}, {"output": ["/segment/S3/S3.0/shortcut/shortcut.2/Conv_output_0_QuantizeLinear_Output"], "input": ["/segment/S3/S3.0/shortcut/shortcut.2/Conv_output_0", "/segment/S3/S3.0/shortcut/shortcut.2/Conv_output_0_scale", "/segment/S3/S3.0/shortcut/shortcut.2/Conv_output_0_zero_point"], "opType": "QuantizeLinear", "comment": "@169 [/segment/S3/S3.0/shortcut/shortcut.2/Conv_output_0_QuantizeLinear_Output:(ty=2,shape=[1,32,64,64])] QuantizeLinear [/segment/S3/S3.0/shortcut/shortcut.2/Conv_output_0:(ty=1,shape=[1,32,64,64]),/segment/S3/S3.0/shortcut/shortcut.2/Conv_output_0_scale:(ty=1,shape=[]),/segment/S3/S3.0/shortcut/shortcut.2/Conv_output_0_zero_point:(ty=2,shape=[])]", "device": "NPU"}, {"output": ["/segment/S3/S3.0/shortcut/shortcut.2/Conv_output_0_DequantizeLinear_Output"], "input": ["/segment/S3/S3.0/shortcut/shortcut.2/Conv_output_0_QuantizeLinear_Output", "/segment/S3/S3.0/shortcut/shortcut.2/Conv_output_0_scale", "/segment/S3/S3.0/shortcut/shortcut.2/Conv_output_0_zero_point"], "opType": "DequantizeLinear", "comment": "@172 [/segment/S3/S3.0/shortcut/shortcut.2/Conv_output_0_DequantizeLinear_Output:(ty=1,shape=[1,32,64,64])] DequantizeLinear [/segment/S3/S3.0/shortcut/shortcut.2/Conv_output_0_QuantizeLinear_Output:(ty=2,shape=[1,32,64,64]),/segment/S3/S3.0/shortcut/shortcut.2/Conv_output_0_scale:(ty=1,shape=[]),/segment/S3/S3.0/shortcut/shortcut.2/Conv_output_0_zero_point:(ty=2,shape=[])]", "device": "NPU"}, {"output": ["/segment/S3/S3.0/Add_output_0"], "input": ["/segment/S3/S3.0/conv2/conv2.0/Conv_output_0_DequantizeLinear_Output", "/segment/S3/S3.0/shortcut/shortcut.2/Conv_output_0_DequantizeLinear_Output"], "opType": "Add", "comment": "@192 [/segment/S3/S3.0/Add_output_0:(ty=1,shape=[1,32,64,64])] Add [/segment/S3/S3.0/conv2/conv2.0/Conv_output_0_DequantizeLinear_Output:(ty=1,shape=[1,32,64,64]),/segment/S3/S3.0/shortcut/shortcut.2/Conv_output_0_DequantizeLinear_Output:(ty=1,shape=[1,32,64,64])]", "device": "NPU"}, {"output": ["/segment/S3/S3.0/relu/Relu_output_0"], "input": ["/segment/S3/S3.0/Add_output_0"], "opType": "Relu", "comment": "@195 [/segment/S3/S3.0/relu/Relu_output_0:(ty=1,shape=[1,32,64,64])] Relu [/segment/S3/S3.0/Add_output_0:(ty=1,shape=[1,32,64,64])]", "device": "NPU"}, {"output": ["/segment/S3/S3.0/relu/Relu_output_0_QuantizeLinear_Output"], "input": ["/segment/S3/S3.0/relu/Relu_output_0", "/detail/S2/S2.0/relu/Relu_output_0_scale", "/segment/S3/S3.0/relu/Relu_output_0_zero_point"], "opType": "QuantizeLinear", "comment": "@198 [/segment/S3/S3.0/relu/Relu_output_0_QuantizeLinear_Output:(ty=2,shape=[1,32,64,64])] QuantizeLinear [/segment/S3/S3.0/relu/Relu_output_0:(ty=1,shape=[1,32,64,64]),/detail/S2/S2.0/relu/Relu_output_0_scale:(ty=1,shape=[]),/segment/S3/S3.0/relu/Relu_output_0_zero_point:(ty=2,shape=[])]", "device": "NPU"}, {"output": ["/segment/S3/S3.0/relu/Relu_output_0_DequantizeLinear_Output/duplicated"], "input": ["/segment/S3/S3.0/relu/Relu_output_0_QuantizeLinear_Output", "/detail/S2/S2.0/relu/Relu_output_0_scale", "/segment/S3/S3.0/relu/Relu_output_0_zero_point"], "opType": "DequantizeLinear", "comment": "@395 [/segment/S3/S3.0/relu/Relu_output_0_DequantizeLinear_Output/duplicated:(ty=1,shape=[1,32,64,64])] DequantizeLinear [/segment/S3/S3.0/relu/Relu_output_0_QuantizeLinear_Output:(ty=2,shape=[1,32,64,64]),/detail/S2/S2.0/relu/Relu_output_0_scale:(ty=1,shape=[]),/segment/S3/S3.0/relu/Relu_output_0_zero_point:(ty=2,shape=[])]", "device": "NPU"}, {"output": ["/segment/S3/S3.0/relu/Relu_output_0_DequantizeLinear_Output"], "input": ["/segment/S3/S3.0/relu/Relu_output_0_QuantizeLinear_Output", "/detail/S2/S2.0/relu/Relu_output_0_scale", "/segment/S3/S3.0/relu/Relu_output_0_zero_point"], "opType": "DequantizeLinear", "comment": "@201 [/segment/S3/S3.0/relu/Relu_output_0_DequantizeLinear_Output:(ty=1,shape=[1,32,64,64])] DequantizeLinear [/segment/S3/S3.0/relu/Relu_output_0_QuantizeLinear_Output:(ty=2,shape=[1,32,64,64]),/detail/S2/S2.0/relu/Relu_output_0_scale:(ty=1,shape=[]),/segment/S3/S3.0/relu/Relu_output_0_zero_point:(ty=2,shape=[])]", "device": "NPU"}, {"output": ["onnx::Conv_567_DequantizeLinear_Output"], "input": ["onnx::Conv_567_quantized", "/bga/Mul_output_0_scale", "onnx::Conv_567_zero_point"], "opType": "DequantizeLinear", "comment": "@44 [onnx::Conv_567_DequantizeLinear_Output:(ty=1,shape=[32])] DequantizeLinear [onnx::Conv_567_quantized:(ty=3,shape=[32]),/bga/Mul_output_0_scale:(ty=1,shape=[]),onnx::Conv_567_zero_point:(ty=3,shape=[])]", "device": "NPU"}, {"output": ["onnx::Conv_566_DequantizeLinear_Output"], "input": ["onnx::Conv_566_quantized", "bga.right2.2.weight_scale", "onnx::Conv_566_zero_point"], "opType": "DequantizeLinear", "comment": "@43 [onnx::Conv_566_DequantizeLinear_Output:(ty=1,shape=[32,32,3,3])] DequantizeLinear [onnx::Conv_566_quantized:(ty=3,shape=[32,32,3,3]),bga.right2.2.weight_scale:(ty=1,shape=[]),onnx::Conv_566_zero_point:(ty=3,shape=[])]", "device": "NPU"}, {"output": ["/segment/S3/S3.1/conv1/conv/Conv_output_0"], "input": ["/segment/S3/S3.0/relu/Relu_output_0_DequantizeLinear_Output", "onnx::Conv_566_DequantizeLinear_Output", "onnx::Conv_567_DequantizeLinear_Output"], "opType": "Conv", "comment": "@204 [/segment/S3/S3.1/conv1/conv/Conv_output_0:(ty=1,shape=[1,32,64,64])] Conv [/segment/S3/S3.0/relu/Relu_output_0_DequantizeLinear_Output:(ty=1,shape=[1,32,64,64]),onnx::Conv_566_DequantizeLinear_Output:(ty=1,shape=[32,32,3,3]),onnx::Conv_567_DequantizeLinear_Output:(ty=1,shape=[32])]", "device": "NPU"}, {"output": ["/segment/S3/S3.1/conv1/relu/Relu_output_0"], "input": ["/segment/S3/S3.1/conv1/conv/Conv_output_0"], "opType": "Relu", "comment": "@205 [/segment/S3/S3.1/conv1/relu/Relu_output_0:(ty=1,shape=[1,32,64,64])] Relu [/segment/S3/S3.1/conv1/conv/Conv_output_0:(ty=1,shape=[1,32,64,64])]", "device": "NPU"}, {"output": ["/segment/S3/S3.1/conv1/relu/Relu_output_0_QuantizeLinear_Output"], "input": ["/segment/S3/S3.1/conv1/relu/Relu_output_0", "/segment/S1S2/left/left.0/relu/Relu_output_0_scale", "/segment/S3/S3.1/conv1/relu/Relu_output_0_zero_point"], "opType": "QuantizeLinear", "comment": "@206 [/segment/S3/S3.1/conv1/relu/Relu_output_0_QuantizeLinear_Output:(ty=2,shape=[1,32,64,64])] QuantizeLinear [/segment/S3/S3.1/conv1/relu/Relu_output_0:(ty=1,shape=[1,32,64,64]),/segment/S1S2/left/left.0/relu/Relu_output_0_scale:(ty=1,shape=[]),/segment/S3/S3.1/conv1/relu/Relu_output_0_zero_point:(ty=2,shape=[])]", "device": "NPU"}, {"output": ["/segment/S3/S3.1/conv1/relu/Relu_output_0_DequantizeLinear_Output"], "input": ["/segment/S3/S3.1/conv1/relu/Relu_output_0_QuantizeLinear_Output", "/segment/S1S2/left/left.0/relu/Relu_output_0_scale", "/segment/S3/S3.1/conv1/relu/Relu_output_0_zero_point"], "opType": "DequantizeLinear", "comment": "@207 [/segment/S3/S3.1/conv1/relu/Relu_output_0_DequantizeLinear_Output:(ty=1,shape=[1,32,64,64])] DequantizeLinear [/segment/S3/S3.1/conv1/relu/Relu_output_0_QuantizeLinear_Output:(ty=2,shape=[1,32,64,64]),/segment/S1S2/left/left.0/relu/Relu_output_0_scale:(ty=1,shape=[]),/segment/S3/S3.1/conv1/relu/Relu_output_0_zero_point:(ty=2,shape=[])]", "device": "NPU"}, {"output": ["onnx::Conv_570_DequantizeLinear_Output"], "input": ["onnx::Conv_570_quantized", "onnx::Conv_645_scale", "onnx::Conv_570_zero_point"], "opType": "DequantizeLinear", "comment": "@46 [onnx::Conv_570_DequantizeLinear_Output:(ty=1,shape=[192])] DequantizeLinear [onnx::Conv_570_quantized:(ty=3,shape=[192]),onnx::Conv_645_scale:(ty=1,shape=[]),onnx::Conv_570_zero_point:(ty=3,shape=[])]", "device": "NPU"}, {"output": ["onnx::Conv_569_DequantizeLinear_Output"], "input": ["onnx::Conv_569_quantized", "/bga/Mul_output_0_scale", "onnx::Conv_569_zero_point"], "opType": "DequantizeLinear", "comment": "@45 [onnx::Conv_569_DequantizeLinear_Output:(ty=1,shape=[192,1,3,3])] DequantizeLinear [onnx::Conv_569_quantized:(ty=3,shape=[192,1,3,3]),/bga/Mul_output_0_scale:(ty=1,shape=[]),onnx::Conv_569_zero_point:(ty=3,shape=[])]", "device": "NPU"}, {"output": ["/segment/S3/S3.1/dwconv/dwconv.0/Conv_output_0"], "input": ["/segment/S3/S3.1/conv1/relu/Relu_output_0_DequantizeLinear_Output", "onnx::Conv_569_DequantizeLinear_Output", "onnx::Conv_570_DequantizeLinear_Output"], "opType": "Conv", "comment": "@208 [/segment/S3/S3.1/dwconv/dwconv.0/Conv_output_0:(ty=1,shape=[1,192,64,64])] Conv [/segment/S3/S3.1/conv1/relu/Relu_output_0_DequantizeLinear_Output:(ty=1,shape=[1,32,64,64]),onnx::Conv_569_DequantizeLinear_Output:(ty=1,shape=[192,1,3,3]),onnx::Conv_570_DequantizeLinear_Output:(ty=1,shape=[192])]", "device": "NPU"}, {"output": ["/segment/S3/S3.1/dwconv/dwconv.2/Relu_output_0"], "input": ["/segment/S3/S3.1/dwconv/dwconv.0/Conv_output_0"], "opType": "Relu", "comment": "@209 [/segment/S3/S3.1/dwconv/dwconv.2/Relu_output_0:(ty=1,shape=[1,192,64,64])] Relu [/segment/S3/S3.1/dwconv/dwconv.0/Conv_output_0:(ty=1,shape=[1,192,64,64])]", "device": "NPU"}, {"output": ["/segment/S3/S3.1/dwconv/dwconv.2/Relu_output_0_QuantizeLinear_Output"], "input": ["/segment/S3/S3.1/dwconv/dwconv.2/Relu_output_0", "/segment/S1S2/left/left.0/relu/Relu_output_0_scale", "/segment/S3/S3.1/dwconv/dwconv.2/Relu_output_0_zero_point"], "opType": "QuantizeLinear", "comment": "@210 [/segment/S3/S3.1/dwconv/dwconv.2/Relu_output_0_QuantizeLinear_Output:(ty=2,shape=[1,192,64,64])] QuantizeLinear [/segment/S3/S3.1/dwconv/dwconv.2/Relu_output_0:(ty=1,shape=[1,192,64,64]),/segment/S1S2/left/left.0/relu/Relu_output_0_scale:(ty=1,shape=[]),/segment/S3/S3.1/dwconv/dwconv.2/Relu_output_0_zero_point:(ty=2,shape=[])]", "device": "NPU"}, {"output": ["/segment/S3/S3.1/dwconv/dwconv.2/Relu_output_0_DequantizeLinear_Output"], "input": ["/segment/S3/S3.1/dwconv/dwconv.2/Relu_output_0_QuantizeLinear_Output", "/segment/S1S2/left/left.0/relu/Relu_output_0_scale", "/segment/S3/S3.1/dwconv/dwconv.2/Relu_output_0_zero_point"], "opType": "DequantizeLinear", "comment": "@211 [/segment/S3/S3.1/dwconv/dwconv.2/Relu_output_0_DequantizeLinear_Output:(ty=1,shape=[1,192,64,64])] DequantizeLinear [/segment/S3/S3.1/dwconv/dwconv.2/Relu_output_0_QuantizeLinear_Output:(ty=2,shape=[1,192,64,64]),/segment/S1S2/left/left.0/relu/Relu_output_0_scale:(ty=1,shape=[]),/segment/S3/S3.1/dwconv/dwconv.2/Relu_output_0_zero_point:(ty=2,shape=[])]", "device": "NPU"}, {"output": ["onnx::Conv_573_DequantizeLinear_Output"], "input": ["onnx::Conv_573_quantized", "/bga/Mul_output_0_scale", "onnx::Conv_573_zero_point"], "opType": "DequantizeLinear", "comment": "@48 [onnx::Conv_573_DequantizeLinear_Output:(ty=1,shape=[32])] DequantizeLinear [onnx::Conv_573_quantized:(ty=3,shape=[32]),/bga/Mul_output_0_scale:(ty=1,shape=[]),onnx::Conv_573_zero_point:(ty=3,shape=[])]", "device": "NPU"}, {"output": ["onnx::Conv_572_DequantizeLinear_Output"], "input": ["onnx::Conv_572_quantized", "onnx::Conv_581_scale", "onnx::Conv_572_zero_point"], "opType": "DequantizeLinear", "comment": "@47 [onnx::Conv_572_DequantizeLinear_Output:(ty=1,shape=[32,192,1,1])] DequantizeLinear [onnx::Conv_572_quantized:(ty=3,shape=[32,192,1,1]),onnx::Conv_581_scale:(ty=1,shape=[]),onnx::Conv_572_zero_point:(ty=3,shape=[])]", "device": "NPU"}, {"output": ["/segment/S3/S3.1/conv2/conv2.0/Conv_output_0"], "input": ["/segment/S3/S3.1/dwconv/dwconv.2/Relu_output_0_DequantizeLinear_Output", "onnx::Conv_572_DequantizeLinear_Output", "onnx::Conv_573_DequantizeLinear_Output"], "opType": "Conv", "comment": "@212 [/segment/S3/S3.1/conv2/conv2.0/Conv_output_0:(ty=1,shape=[1,32,64,64])] Conv [/segment/S3/S3.1/dwconv/dwconv.2/Relu_output_0_DequantizeLinear_Output:(ty=1,shape=[1,192,64,64]),onnx::Conv_572_DequantizeLinear_Output:(ty=1,shape=[32,192,1,1]),onnx::Conv_573_DequantizeLinear_Output:(ty=1,shape=[32])]", "device": "NPU"}, {"output": ["/segment/S3/S3.1/conv2/conv2.0/Conv_output_0_QuantizeLinear_Output"], "input": ["/segment/S3/S3.1/conv2/conv2.0/Conv_output_0", "/segment/S1S2/left/left.0/relu/Relu_output_0_scale", "/segment/S3/S3.1/conv2/conv2.0/Conv_output_0_zero_point"], "opType": "QuantizeLinear", "comment": "@213 [/segment/S3/S3.1/conv2/conv2.0/Conv_output_0_QuantizeLinear_Output:(ty=2,shape=[1,32,64,64])] QuantizeLinear [/segment/S3/S3.1/conv2/conv2.0/Conv_output_0:(ty=1,shape=[1,32,64,64]),/segment/S1S2/left/left.0/relu/Relu_output_0_scale:(ty=1,shape=[]),/segment/S3/S3.1/conv2/conv2.0/Conv_output_0_zero_point:(ty=2,shape=[])]", "device": "NPU"}, {"output": ["/segment/S3/S3.1/conv2/conv2.0/Conv_output_0_DequantizeLinear_Output"], "input": ["/segment/S3/S3.1/conv2/conv2.0/Conv_output_0_QuantizeLinear_Output", "/segment/S1S2/left/left.0/relu/Relu_output_0_scale", "/segment/S3/S3.1/conv2/conv2.0/Conv_output_0_zero_point"], "opType": "DequantizeLinear", "comment": "@214 [/segment/S3/S3.1/conv2/conv2.0/Conv_output_0_DequantizeLinear_Output:(ty=1,shape=[1,32,64,64])] DequantizeLinear [/segment/S3/S3.1/conv2/conv2.0/Conv_output_0_QuantizeLinear_Output:(ty=2,shape=[1,32,64,64]),/segment/S1S2/left/left.0/relu/Relu_output_0_scale:(ty=1,shape=[]),/segment/S3/S3.1/conv2/conv2.0/Conv_output_0_zero_point:(ty=2,shape=[])]", "device": "NPU"}, {"output": ["/segment/S3/S3.1/Add_output_0"], "input": ["/segment/S3/S3.1/conv2/conv2.0/Conv_output_0_DequantizeLinear_Output", "/segment/S3/S3.0/relu/Relu_output_0_DequantizeLinear_Output/duplicated"], "opType": "Add", "comment": "@215 [/segment/S3/S3.1/Add_output_0:(ty=1,shape=[1,32,64,64])] Add [/segment/S3/S3.1/conv2/conv2.0/Conv_output_0_DequantizeLinear_Output:(ty=1,shape=[1,32,64,64]),/segment/S3/S3.0/relu/Relu_output_0_DequantizeLinear_Output/duplicated:(ty=1,shape=[1,32,64,64])]", "device": "NPU"}, {"output": ["/segment/S3/S3.1/relu/Relu_output_0"], "input": ["/segment/S3/S3.1/Add_output_0"], "opType": "Relu", "comment": "@216 [/segment/S3/S3.1/relu/Relu_output_0:(ty=1,shape=[1,32,64,64])] Relu [/segment/S3/S3.1/Add_output_0:(ty=1,shape=[1,32,64,64])]", "device": "NPU"}, {"output": ["/segment/S3/S3.1/relu/Relu_output_0_QuantizeLinear_Output"], "input": ["/segment/S3/S3.1/relu/Relu_output_0", "/detail/S2/S2.0/relu/Relu_output_0_scale", "/segment/S3/S3.1/relu/Relu_output_0_zero_point"], "opType": "QuantizeLinear", "comment": "@217 [/segment/S3/S3.1/relu/Relu_output_0_QuantizeLinear_Output:(ty=2,shape=[1,32,64,64])] QuantizeLinear [/segment/S3/S3.1/relu/Relu_output_0:(ty=1,shape=[1,32,64,64]),/detail/S2/S2.0/relu/Relu_output_0_scale:(ty=1,shape=[]),/segment/S3/S3.1/relu/Relu_output_0_zero_point:(ty=2,shape=[])]", "device": "NPU"}, {"output": ["/segment/S3/S3.1/relu/Relu_output_0_DequantizeLinear_Output"], "input": ["/segment/S3/S3.1/relu/Relu_output_0_QuantizeLinear_Output", "/detail/S2/S2.0/relu/Relu_output_0_scale", "/segment/S3/S3.1/relu/Relu_output_0_zero_point"], "opType": "DequantizeLinear", "comment": "@218 [/segment/S3/S3.1/relu/Relu_output_0_DequantizeLinear_Output:(ty=1,shape=[1,32,64,64])] DequantizeLinear [/segment/S3/S3.1/relu/Relu_output_0_QuantizeLinear_Output:(ty=2,shape=[1,32,64,64]),/detail/S2/S2.0/relu/Relu_output_0_scale:(ty=1,shape=[]),/segment/S3/S3.1/relu/Relu_output_0_zero_point:(ty=2,shape=[])]", "device": "NPU"}, {"output": ["onnx::Conv_576_DequantizeLinear_Output"], "input": ["onnx::Conv_576_quantized", "onnx::Conv_645_scale", "onnx::Conv_576_zero_point"], "opType": "DequantizeLinear", "comment": "@50 [onnx::Conv_576_DequantizeLinear_Output:(ty=1,shape=[32])] DequantizeLinear [onnx::Conv_576_quantized:(ty=3,shape=[32]),onnx::Conv_645_scale:(ty=1,shape=[]),onnx::Conv_576_zero_point:(ty=3,shape=[])]", "device": "NPU"}, {"output": ["onnx::Conv_575_DequantizeLinear_Output"], "input": ["onnx::Conv_575_quantized", "onnx::Conv_602_scale", "onnx::Conv_575_zero_point"], "opType": "DequantizeLinear", "comment": "@49 [onnx::Conv_575_DequantizeLinear_Output:(ty=1,shape=[32,32,3,3])] DequantizeLinear [onnx::Conv_575_quantized:(ty=3,shape=[32,32,3,3]),onnx::Conv_602_scale:(ty=1,shape=[]),onnx::Conv_575_zero_point:(ty=3,shape=[])]", "device": "NPU"}, {"output": ["/segment/S4/S4.0/conv1/conv/Conv_output_0"], "input": ["/segment/S3/S3.1/relu/Relu_output_0_DequantizeLinear_Output", "onnx::Conv_575_DequantizeLinear_Output", "onnx::Conv_576_DequantizeLinear_Output"], "opType": "Conv", "comment": "@219 [/segment/S4/S4.0/conv1/conv/Conv_output_0:(ty=1,shape=[1,32,64,64])] Conv [/segment/S3/S3.1/relu/Relu_output_0_DequantizeLinear_Output:(ty=1,shape=[1,32,64,64]),onnx::Conv_575_DequantizeLinear_Output:(ty=1,shape=[32,32,3,3]),onnx::Conv_576_DequantizeLinear_Output:(ty=1,shape=[32])]", "device": "NPU"}, {"output": ["/segment/S4/S4.0/conv1/relu/Relu_output_0"], "input": ["/segment/S4/S4.0/conv1/conv/Conv_output_0"], "opType": "Relu", "comment": "@221 [/segment/S4/S4.0/conv1/relu/Relu_output_0:(ty=1,shape=[1,32,64,64])] Relu [/segment/S4/S4.0/conv1/conv/Conv_output_0:(ty=1,shape=[1,32,64,64])]", "device": "NPU"}, {"output": ["/segment/S4/S4.0/conv1/relu/Relu_output_0_QuantizeLinear_Output"], "input": ["/segment/S4/S4.0/conv1/relu/Relu_output_0", "/detail/S2/S2.0/relu/Relu_output_0_scale", "/segment/S4/S4.0/conv1/relu/Relu_output_0_zero_point"], "opType": "QuantizeLinear", "comment": "@223 [/segment/S4/S4.0/conv1/relu/Relu_output_0_QuantizeLinear_Output:(ty=2,shape=[1,32,64,64])] QuantizeLinear [/segment/S4/S4.0/conv1/relu/Relu_output_0:(ty=1,shape=[1,32,64,64]),/detail/S2/S2.0/relu/Relu_output_0_scale:(ty=1,shape=[]),/segment/S4/S4.0/conv1/relu/Relu_output_0_zero_point:(ty=2,shape=[])]", "device": "NPU"}, {"output": ["/segment/S4/S4.0/conv1/relu/Relu_output_0_DequantizeLinear_Output"], "input": ["/segment/S4/S4.0/conv1/relu/Relu_output_0_QuantizeLinear_Output", "/detail/S2/S2.0/relu/Relu_output_0_scale", "/segment/S4/S4.0/conv1/relu/Relu_output_0_zero_point"], "opType": "DequantizeLinear", "comment": "@225 [/segment/S4/S4.0/conv1/relu/Relu_output_0_DequantizeLinear_Output:(ty=1,shape=[1,32,64,64])] DequantizeLinear [/segment/S4/S4.0/conv1/relu/Relu_output_0_QuantizeLinear_Output:(ty=2,shape=[1,32,64,64]),/detail/S2/S2.0/relu/Relu_output_0_scale:(ty=1,shape=[]),/segment/S4/S4.0/conv1/relu/Relu_output_0_zero_point:(ty=2,shape=[])]", "device": "NPU"}, {"output": ["onnx::Conv_579_DequantizeLinear_Output"], "input": ["onnx::Conv_579_quantized", "/bga/Mul_output_0_scale", "onnx::Conv_579_zero_point"], "opType": "DequantizeLinear", "comment": "@52 [onnx::Conv_579_DequantizeLinear_Output:(ty=1,shape=[192])] DequantizeLinear [onnx::Conv_579_quantized:(ty=3,shape=[192]),/bga/Mul_output_0_scale:(ty=1,shape=[]),onnx::Conv_579_zero_point:(ty=3,shape=[])]", "device": "NPU"}, {"output": ["onnx::Conv_578_DequantizeLinear_Output"], "input": ["onnx::Conv_578_quantized", "onnx::Conv_581_scale", "onnx::Conv_578_zero_point"], "opType": "DequantizeLinear", "comment": "@51 [onnx::Conv_578_DequantizeLinear_Output:(ty=1,shape=[192,1,3,3])] DequantizeLinear [onnx::Conv_578_quantized:(ty=3,shape=[192,1,3,3]),onnx::Conv_581_scale:(ty=1,shape=[]),onnx::Conv_578_zero_point:(ty=3,shape=[])]", "device": "NPU"}, {"output": ["/segment/S4/S4.0/dwconv1/dwconv1.0/Conv_output_0"], "input": ["/segment/S4/S4.0/conv1/relu/Relu_output_0_DequantizeLinear_Output", "onnx::Conv_578_DequantizeLinear_Output", "onnx::Conv_579_DequantizeLinear_Output"], "opType": "Conv", "comment": "@227 [/segment/S4/S4.0/dwconv1/dwconv1.0/Conv_output_0:(ty=1,shape=[1,192,32,32])] Conv [/segment/S4/S4.0/conv1/relu/Relu_output_0_DequantizeLinear_Output:(ty=1,shape=[1,32,64,64]),onnx::Conv_578_DequantizeLinear_Output:(ty=1,shape=[192,1,3,3]),onnx::Conv_579_DequantizeLinear_Output:(ty=1,shape=[192])]", "device": "NPU"}, {"output": ["/segment/S4/S4.0/dwconv1/dwconv1.0/Conv_output_0_QuantizeLinear_Output"], "input": ["/segment/S4/S4.0/dwconv1/dwconv1.0/Conv_output_0", "/segment/S1S2/left/left.0/relu/Relu_output_0_scale", "/segment/S4/S4.0/dwconv1/dwconv1.0/Conv_output_0_zero_point"], "opType": "QuantizeLinear", "comment": "@229 [/segment/S4/S4.0/dwconv1/dwconv1.0/Conv_output_0_QuantizeLinear_Output:(ty=2,shape=[1,192,32,32])] QuantizeLinear [/segment/S4/S4.0/dwconv1/dwconv1.0/Conv_output_0:(ty=1,shape=[1,192,32,32]),/segment/S1S2/left/left.0/relu/Relu_output_0_scale:(ty=1,shape=[]),/segment/S4/S4.0/dwconv1/dwconv1.0/Conv_output_0_zero_point:(ty=2,shape=[])]", "device": "NPU"}, {"output": ["/segment/S4/S4.0/dwconv1/dwconv1.0/Conv_output_0_DequantizeLinear_Output"], "input": ["/segment/S4/S4.0/dwconv1/dwconv1.0/Conv_output_0_QuantizeLinear_Output", "/segment/S1S2/left/left.0/relu/Relu_output_0_scale", "/segment/S4/S4.0/dwconv1/dwconv1.0/Conv_output_0_zero_point"], "opType": "DequantizeLinear", "comment": "@231 [/segment/S4/S4.0/dwconv1/dwconv1.0/Conv_output_0_DequantizeLinear_Output:(ty=1,shape=[1,192,32,32])] DequantizeLinear [/segment/S4/S4.0/dwconv1/dwconv1.0/Conv_output_0_QuantizeLinear_Output:(ty=2,shape=[1,192,32,32]),/segment/S1S2/left/left.0/relu/Relu_output_0_scale:(ty=1,shape=[]),/segment/S4/S4.0/dwconv1/dwconv1.0/Conv_output_0_zero_point:(ty=2,shape=[])]", "device": "NPU"}, {"output": ["onnx::Conv_582_DequantizeLinear_Output"], "input": ["onnx::Conv_582_quantized", "/bga/Mul_output_0_scale", "onnx::Conv_582_zero_point"], "opType": "DequantizeLinear", "comment": "@54 [onnx::Conv_582_DequantizeLinear_Output:(ty=1,shape=[192])] DequantizeLinear [onnx::Conv_582_quantized:(ty=3,shape=[192]),/bga/Mul_output_0_scale:(ty=1,shape=[]),onnx::Conv_582_zero_point:(ty=3,shape=[])]", "device": "NPU"}, {"output": ["onnx::Conv_581_DequantizeLinear_Output"], "input": ["onnx::Conv_581_quantized", "onnx::Conv_581_scale", "onnx::Conv_581_zero_point"], "opType": "DequantizeLinear", "comment": "@53 [onnx::Conv_581_DequantizeLinear_Output:(ty=1,shape=[192,1,3,3])] DequantizeLinear [onnx::Conv_581_quantized:(ty=3,shape=[192,1,3,3]),onnx::Conv_581_scale:(ty=1,shape=[]),onnx::Conv_581_zero_point:(ty=3,shape=[])]", "device": "NPU"}, {"output": ["/segment/S4/S4.0/dwconv2/dwconv2.0/Conv_output_0"], "input": ["/segment/S4/S4.0/dwconv1/dwconv1.0/Conv_output_0_DequantizeLinear_Output", "onnx::Conv_581_DequantizeLinear_Output", "onnx::Conv_582_DequantizeLinear_Output"], "opType": "Conv", "comment": "@232 [/segment/S4/S4.0/dwconv2/dwconv2.0/Conv_output_0:(ty=1,shape=[1,192,32,32])] Conv [/segment/S4/S4.0/dwconv1/dwconv1.0/Conv_output_0_DequantizeLinear_Output:(ty=1,shape=[1,192,32,32]),onnx::Conv_581_DequantizeLinear_Output:(ty=1,shape=[192,1,3,3]),onnx::Conv_582_DequantizeLinear_Output:(ty=1,shape=[192])]", "device": "NPU"}, {"output": ["/segment/S4/S4.0/dwconv2/dwconv2.2/Relu_output_0"], "input": ["/segment/S4/S4.0/dwconv2/dwconv2.0/Conv_output_0"], "opType": "Relu", "comment": "@233 [/segment/S4/S4.0/dwconv2/dwconv2.2/Relu_output_0:(ty=1,shape=[1,192,32,32])] Relu [/segment/S4/S4.0/dwconv2/dwconv2.0/Conv_output_0:(ty=1,shape=[1,192,32,32])]", "device": "NPU"}, {"output": ["/segment/S4/S4.0/dwconv2/dwconv2.2/Relu_output_0_QuantizeLinear_Output"], "input": ["/segment/S4/S4.0/dwconv2/dwconv2.2/Relu_output_0", "/segment/S1S2/left/left.0/relu/Relu_output_0_scale", "/segment/S4/S4.0/dwconv2/dwconv2.2/Relu_output_0_zero_point"], "opType": "QuantizeLinear", "comment": "@234 [/segment/S4/S4.0/dwconv2/dwconv2.2/Relu_output_0_QuantizeLinear_Output:(ty=2,shape=[1,192,32,32])] QuantizeLinear [/segment/S4/S4.0/dwconv2/dwconv2.2/Relu_output_0:(ty=1,shape=[1,192,32,32]),/segment/S1S2/left/left.0/relu/Relu_output_0_scale:(ty=1,shape=[]),/segment/S4/S4.0/dwconv2/dwconv2.2/Relu_output_0_zero_point:(ty=2,shape=[])]", "device": "NPU"}, {"output": ["/segment/S4/S4.0/dwconv2/dwconv2.2/Relu_output_0_DequantizeLinear_Output"], "input": ["/segment/S4/S4.0/dwconv2/dwconv2.2/Relu_output_0_QuantizeLinear_Output", "/segment/S1S2/left/left.0/relu/Relu_output_0_scale", "/segment/S4/S4.0/dwconv2/dwconv2.2/Relu_output_0_zero_point"], "opType": "DequantizeLinear", "comment": "@235 [/segment/S4/S4.0/dwconv2/dwconv2.2/Relu_output_0_DequantizeLinear_Output:(ty=1,shape=[1,192,32,32])] DequantizeLinear [/segment/S4/S4.0/dwconv2/dwconv2.2/Relu_output_0_QuantizeLinear_Output:(ty=2,shape=[1,192,32,32]),/segment/S1S2/left/left.0/relu/Relu_output_0_scale:(ty=1,shape=[]),/segment/S4/S4.0/dwconv2/dwconv2.2/Relu_output_0_zero_point:(ty=2,shape=[])]", "device": "NPU"}, {"output": ["onnx::Conv_585_DequantizeLinear_Output"], "input": ["onnx::Conv_585_quantized", "onnx::Conv_645_scale", "onnx::Conv_585_zero_point"], "opType": "DequantizeLinear", "comment": "@56 [onnx::Conv_585_DequantizeLinear_Output:(ty=1,shape=[64])] DequantizeLinear [onnx::Conv_585_quantized:(ty=3,shape=[64]),onnx::Conv_645_scale:(ty=1,shape=[]),onnx::Conv_585_zero_point:(ty=3,shape=[])]", "device": "NPU"}, {"output": ["onnx::Conv_584_DequantizeLinear_Output"], "input": ["onnx::Conv_584_quantized", "onnx::Conv_581_scale", "onnx::Conv_584_zero_point"], "opType": "DequantizeLinear", "comment": "@55 [onnx::Conv_584_DequantizeLinear_Output:(ty=1,shape=[64,192,1,1])] DequantizeLinear [onnx::Conv_584_quantized:(ty=3,shape=[64,192,1,1]),onnx::Conv_581_scale:(ty=1,shape=[]),onnx::Conv_584_zero_point:(ty=3,shape=[])]", "device": "NPU"}, {"output": ["/segment/S4/S4.0/conv2/conv2.0/Conv_output_0"], "input": ["/segment/S4/S4.0/dwconv2/dwconv2.2/Relu_output_0_DequantizeLinear_Output", "onnx::Conv_584_DequantizeLinear_Output", "onnx::Conv_585_DequantizeLinear_Output"], "opType": "Conv", "comment": "@236 [/segment/S4/S4.0/conv2/conv2.0/Conv_output_0:(ty=1,shape=[1,64,32,32])] Conv [/segment/S4/S4.0/dwconv2/dwconv2.2/Relu_output_0_DequantizeLinear_Output:(ty=1,shape=[1,192,32,32]),onnx::Conv_584_DequantizeLinear_Output:(ty=1,shape=[64,192,1,1]),onnx::Conv_585_DequantizeLinear_Output:(ty=1,shape=[64])]", "device": "NPU"}, {"output": ["/segment/S4/S4.0/conv2/conv2.0/Conv_output_0_QuantizeLinear_Output"], "input": ["/segment/S4/S4.0/conv2/conv2.0/Conv_output_0", "/segment/S3/S3.0/shortcut/shortcut.0/Conv_output_0_scale", "/segment/S4/S4.0/conv2/conv2.0/Conv_output_0_zero_point"], "opType": "QuantizeLinear", "comment": "@237 [/segment/S4/S4.0/conv2/conv2.0/Conv_output_0_QuantizeLinear_Output:(ty=2,shape=[1,64,32,32])] QuantizeLinear [/segment/S4/S4.0/conv2/conv2.0/Conv_output_0:(ty=1,shape=[1,64,32,32]),/segment/S3/S3.0/shortcut/shortcut.0/Conv_output_0_scale:(ty=1,shape=[]),/segment/S4/S4.0/conv2/conv2.0/Conv_output_0_zero_point:(ty=2,shape=[])]", "device": "NPU"}, {"output": ["/segment/S4/S4.0/conv2/conv2.0/Conv_output_0_DequantizeLinear_Output"], "input": ["/segment/S4/S4.0/conv2/conv2.0/Conv_output_0_QuantizeLinear_Output", "/segment/S3/S3.0/shortcut/shortcut.0/Conv_output_0_scale", "/segment/S4/S4.0/conv2/conv2.0/Conv_output_0_zero_point"], "opType": "DequantizeLinear", "comment": "@238 [/segment/S4/S4.0/conv2/conv2.0/Conv_output_0_DequantizeLinear_Output:(ty=1,shape=[1,64,32,32])] DequantizeLinear [/segment/S4/S4.0/conv2/conv2.0/Conv_output_0_QuantizeLinear_Output:(ty=2,shape=[1,64,32,32]),/segment/S3/S3.0/shortcut/shortcut.0/Conv_output_0_scale:(ty=1,shape=[]),/segment/S4/S4.0/conv2/conv2.0/Conv_output_0_zero_point:(ty=2,shape=[])]", "device": "NPU"}, {"output": ["/segment/S3/S3.1/relu/Relu_output_0_DequantizeLinear_Output/duplicated"], "input": ["/segment/S3/S3.1/relu/Relu_output_0_QuantizeLinear_Output", "/detail/S2/S2.0/relu/Relu_output_0_scale", "/segment/S3/S3.1/relu/Relu_output_0_zero_point"], "opType": "DequantizeLinear", "comment": "@396 [/segment/S3/S3.1/relu/Relu_output_0_DequantizeLinear_Output/duplicated:(ty=1,shape=[1,32,64,64])] DequantizeLinear [/segment/S3/S3.1/relu/Relu_output_0_QuantizeLinear_Output:(ty=2,shape=[1,32,64,64]),/detail/S2/S2.0/relu/Relu_output_0_scale:(ty=1,shape=[]),/segment/S3/S3.1/relu/Relu_output_0_zero_point:(ty=2,shape=[])]", "device": "NPU"}, {"output": ["onnx::Conv_588_DequantizeLinear_Output"], "input": ["onnx::Conv_588_quantized", "onnx::Conv_645_scale", "onnx::Conv_588_zero_point"], "opType": "DequantizeLinear", "comment": "@58 [onnx::Conv_588_DequantizeLinear_Output:(ty=1,shape=[32])] DequantizeLinear [onnx::Conv_588_quantized:(ty=3,shape=[32]),onnx::Conv_645_scale:(ty=1,shape=[]),onnx::Conv_588_zero_point:(ty=3,shape=[])]", "device": "NPU"}, {"output": ["onnx::Conv_587_DequantizeLinear_Output"], "input": ["onnx::Conv_587_quantized", "onnx::Conv_518_scale", "onnx::Conv_587_zero_point"], "opType": "DequantizeLinear", "comment": "@57 [onnx::Conv_587_DequantizeLinear_Output:(ty=1,shape=[32,1,3,3])] DequantizeLinear [onnx::Conv_587_quantized:(ty=3,shape=[32,1,3,3]),onnx::Conv_518_scale:(ty=1,shape=[]),onnx::Conv_587_zero_point:(ty=3,shape=[])]", "device": "NPU"}, {"output": ["/segment/S4/S4.0/shortcut/shortcut.0/Conv_output_0"], "input": ["/segment/S3/S3.1/relu/Relu_output_0_DequantizeLinear_Output/duplicated", "onnx::Conv_587_DequantizeLinear_Output", "onnx::Conv_588_DequantizeLinear_Output"], "opType": "Conv", "comment": "@220 [/segment/S4/S4.0/shortcut/shortcut.0/Conv_output_0:(ty=1,shape=[1,32,32,32])] Conv [/segment/S3/S3.1/relu/Relu_output_0_DequantizeLinear_Output/duplicated:(ty=1,shape=[1,32,64,64]),onnx::Conv_587_DequantizeLinear_Output:(ty=1,shape=[32,1,3,3]),onnx::Conv_588_DequantizeLinear_Output:(ty=1,shape=[32])]", "device": "NPU"}, {"output": ["/segment/S4/S4.0/shortcut/shortcut.0/Conv_output_0_QuantizeLinear_Output"], "input": ["/segment/S4/S4.0/shortcut/shortcut.0/Conv_output_0", "/detail/S2/S2.0/relu/Relu_output_0_scale", "/segment/S4/S4.0/shortcut/shortcut.0/Conv_output_0_zero_point"], "opType": "QuantizeLinear", "comment": "@222 [/segment/S4/S4.0/shortcut/shortcut.0/Conv_output_0_QuantizeLinear_Output:(ty=2,shape=[1,32,32,32])] QuantizeLinear [/segment/S4/S4.0/shortcut/shortcut.0/Conv_output_0:(ty=1,shape=[1,32,32,32]),/detail/S2/S2.0/relu/Relu_output_0_scale:(ty=1,shape=[]),/segment/S4/S4.0/shortcut/shortcut.0/Conv_output_0_zero_point:(ty=2,shape=[])]", "device": "NPU"}, {"output": ["/segment/S4/S4.0/shortcut/shortcut.0/Conv_output_0_DequantizeLinear_Output"], "input": ["/segment/S4/S4.0/shortcut/shortcut.0/Conv_output_0_QuantizeLinear_Output", "/detail/S2/S2.0/relu/Relu_output_0_scale", "/segment/S4/S4.0/shortcut/shortcut.0/Conv_output_0_zero_point"], "opType": "DequantizeLinear", "comment": "@224 [/segment/S4/S4.0/shortcut/shortcut.0/Conv_output_0_DequantizeLinear_Output:(ty=1,shape=[1,32,32,32])] DequantizeLinear [/segment/S4/S4.0/shortcut/shortcut.0/Conv_output_0_QuantizeLinear_Output:(ty=2,shape=[1,32,32,32]),/detail/S2/S2.0/relu/Relu_output_0_scale:(ty=1,shape=[]),/segment/S4/S4.0/shortcut/shortcut.0/Conv_output_0_zero_point:(ty=2,shape=[])]", "device": "NPU"}, {"output": ["onnx::Conv_591_DequantizeLinear_Output"], "input": ["onnx::Conv_591_quantized", "/bga/Mul_output_0_scale", "onnx::Conv_591_zero_point"], "opType": "DequantizeLinear", "comment": "@60 [onnx::Conv_591_DequantizeLinear_Output:(ty=1,shape=[64])] DequantizeLinear [onnx::Conv_591_quantized:(ty=3,shape=[64]),/bga/Mul_output_0_scale:(ty=1,shape=[]),onnx::Conv_591_zero_point:(ty=3,shape=[])]", "device": "NPU"}, {"output": ["onnx::Conv_590_DequantizeLinear_Output"], "input": ["onnx::Conv_590_quantized", "onnx::Conv_518_scale", "onnx::Conv_590_zero_point"], "opType": "DequantizeLinear", "comment": "@59 [onnx::Conv_590_DequantizeLinear_Output:(ty=1,shape=[64,32,1,1])] DequantizeLinear [onnx::Conv_590_quantized:(ty=3,shape=[64,32,1,1]),onnx::Conv_518_scale:(ty=1,shape=[]),onnx::Conv_590_zero_point:(ty=3,shape=[])]", "device": "NPU"}, {"output": ["/segment/S4/S4.0/shortcut/shortcut.2/Conv_output_0"], "input": ["/segment/S4/S4.0/shortcut/shortcut.0/Conv_output_0_DequantizeLinear_Output", "onnx::Conv_590_DequantizeLinear_Output", "onnx::Conv_591_DequantizeLinear_Output"], "opType": "Conv", "comment": "@226 [/segment/S4/S4.0/shortcut/shortcut.2/Conv_output_0:(ty=1,shape=[1,64,32,32])] Conv [/segment/S4/S4.0/shortcut/shortcut.0/Conv_output_0_DequantizeLinear_Output:(ty=1,shape=[1,32,32,32]),onnx::Conv_590_DequantizeLinear_Output:(ty=1,shape=[64,32,1,1]),onnx::Conv_591_DequantizeLinear_Output:(ty=1,shape=[64])]", "device": "NPU"}, {"output": ["/segment/S4/S4.0/shortcut/shortcut.2/Conv_output_0_QuantizeLinear_Output"], "input": ["/segment/S4/S4.0/shortcut/shortcut.2/Conv_output_0", "/detail/S2/S2.0/relu/Relu_output_0_scale", "/segment/S4/S4.0/shortcut/shortcut.2/Conv_output_0_zero_point"], "opType": "QuantizeLinear", "comment": "@228 [/segment/S4/S4.0/shortcut/shortcut.2/Conv_output_0_QuantizeLinear_Output:(ty=2,shape=[1,64,32,32])] QuantizeLinear [/segment/S4/S4.0/shortcut/shortcut.2/Conv_output_0:(ty=1,shape=[1,64,32,32]),/detail/S2/S2.0/relu/Relu_output_0_scale:(ty=1,shape=[]),/segment/S4/S4.0/shortcut/shortcut.2/Conv_output_0_zero_point:(ty=2,shape=[])]", "device": "NPU"}, {"output": ["/segment/S4/S4.0/shortcut/shortcut.2/Conv_output_0_DequantizeLinear_Output"], "input": ["/segment/S4/S4.0/shortcut/shortcut.2/Conv_output_0_QuantizeLinear_Output", "/detail/S2/S2.0/relu/Relu_output_0_scale", "/segment/S4/S4.0/shortcut/shortcut.2/Conv_output_0_zero_point"], "opType": "DequantizeLinear", "comment": "@230 [/segment/S4/S4.0/shortcut/shortcut.2/Conv_output_0_DequantizeLinear_Output:(ty=1,shape=[1,64,32,32])] DequantizeLinear [/segment/S4/S4.0/shortcut/shortcut.2/Conv_output_0_QuantizeLinear_Output:(ty=2,shape=[1,64,32,32]),/detail/S2/S2.0/relu/Relu_output_0_scale:(ty=1,shape=[]),/segment/S4/S4.0/shortcut/shortcut.2/Conv_output_0_zero_point:(ty=2,shape=[])]", "device": "NPU"}, {"output": ["/segment/S4/S4.0/Add_output_0"], "input": ["/segment/S4/S4.0/conv2/conv2.0/Conv_output_0_DequantizeLinear_Output", "/segment/S4/S4.0/shortcut/shortcut.2/Conv_output_0_DequantizeLinear_Output"], "opType": "Add", "comment": "@239 [/segment/S4/S4.0/Add_output_0:(ty=1,shape=[1,64,32,32])] Add [/segment/S4/S4.0/conv2/conv2.0/Conv_output_0_DequantizeLinear_Output:(ty=1,shape=[1,64,32,32]),/segment/S4/S4.0/shortcut/shortcut.2/Conv_output_0_DequantizeLinear_Output:(ty=1,shape=[1,64,32,32])]", "device": "NPU"}, {"output": ["/segment/S4/S4.0/relu/Relu_output_0"], "input": ["/segment/S4/S4.0/Add_output_0"], "opType": "Relu", "comment": "@240 [/segment/S4/S4.0/relu/Relu_output_0:(ty=1,shape=[1,64,32,32])] Relu [/segment/S4/S4.0/Add_output_0:(ty=1,shape=[1,64,32,32])]", "device": "NPU"}, {"output": ["/segment/S4/S4.0/relu/Relu_output_0_QuantizeLinear_Output"], "input": ["/segment/S4/S4.0/relu/Relu_output_0", "/segment/S1S2/left/left.0/relu/Relu_output_0_scale", "/segment/S4/S4.0/relu/Relu_output_0_zero_point"], "opType": "QuantizeLinear", "comment": "@241 [/segment/S4/S4.0/relu/Relu_output_0_QuantizeLinear_Output:(ty=2,shape=[1,64,32,32])] QuantizeLinear [/segment/S4/S4.0/relu/Relu_output_0:(ty=1,shape=[1,64,32,32]),/segment/S1S2/left/left.0/relu/Relu_output_0_scale:(ty=1,shape=[]),/segment/S4/S4.0/relu/Relu_output_0_zero_point:(ty=2,shape=[])]", "device": "NPU"}, {"output": ["/segment/S4/S4.0/relu/Relu_output_0_DequantizeLinear_Output/duplicated"], "input": ["/segment/S4/S4.0/relu/Relu_output_0_QuantizeLinear_Output", "/segment/S1S2/left/left.0/relu/Relu_output_0_scale", "/segment/S4/S4.0/relu/Relu_output_0_zero_point"], "opType": "DequantizeLinear", "comment": "@397 [/segment/S4/S4.0/relu/Relu_output_0_DequantizeLinear_Output/duplicated:(ty=1,shape=[1,64,32,32])] DequantizeLinear [/segment/S4/S4.0/relu/Relu_output_0_QuantizeLinear_Output:(ty=2,shape=[1,64,32,32]),/segment/S1S2/left/left.0/relu/Relu_output_0_scale:(ty=1,shape=[]),/segment/S4/S4.0/relu/Relu_output_0_zero_point:(ty=2,shape=[])]", "device": "NPU"}, {"output": ["/segment/S4/S4.0/relu/Relu_output_0_DequantizeLinear_Output"], "input": ["/segment/S4/S4.0/relu/Relu_output_0_QuantizeLinear_Output", "/segment/S1S2/left/left.0/relu/Relu_output_0_scale", "/segment/S4/S4.0/relu/Relu_output_0_zero_point"], "opType": "DequantizeLinear", "comment": "@242 [/segment/S4/S4.0/relu/Relu_output_0_DequantizeLinear_Output:(ty=1,shape=[1,64,32,32])] DequantizeLinear [/segment/S4/S4.0/relu/Relu_output_0_QuantizeLinear_Output:(ty=2,shape=[1,64,32,32]),/segment/S1S2/left/left.0/relu/Relu_output_0_scale:(ty=1,shape=[]),/segment/S4/S4.0/relu/Relu_output_0_zero_point:(ty=2,shape=[])]", "device": "NPU"}, {"output": ["onnx::Conv_594_DequantizeLinear_Output"], "input": ["onnx::Conv_594_quantized", "/bga/Mul_output_0_scale", "onnx::Conv_594_zero_point"], "opType": "DequantizeLinear", "comment": "@62 [onnx::Conv_594_DequantizeLinear_Output:(ty=1,shape=[64])] DequantizeLinear [onnx::Conv_594_quantized:(ty=3,shape=[64]),/bga/Mul_output_0_scale:(ty=1,shape=[]),onnx::Conv_594_zero_point:(ty=3,shape=[])]", "device": "NPU"}, {"output": ["onnx::Conv_593_DequantizeLinear_Output"], "input": ["onnx::Conv_593_quantized", "head.conv_out.weight_scale", "onnx::Conv_593_zero_point"], "opType": "DequantizeLinear", "comment": "@61 [onnx::Conv_593_DequantizeLinear_Output:(ty=1,shape=[64,64,3,3])] DequantizeLinear [onnx::Conv_593_quantized:(ty=3,shape=[64,64,3,3]),head.conv_out.weight_scale:(ty=1,shape=[]),onnx::Conv_593_zero_point:(ty=3,shape=[])]", "device": "NPU"}, {"output": ["/segment/S4/S4.1/conv1/conv/Conv_output_0"], "input": ["/segment/S4/S4.0/relu/Relu_output_0_DequantizeLinear_Output", "onnx::Conv_593_DequantizeLinear_Output", "onnx::Conv_594_DequantizeLinear_Output"], "opType": "Conv", "comment": "@243 [/segment/S4/S4.1/conv1/conv/Conv_output_0:(ty=1,shape=[1,64,32,32])] Conv [/segment/S4/S4.0/relu/Relu_output_0_DequantizeLinear_Output:(ty=1,shape=[1,64,32,32]),onnx::Conv_593_DequantizeLinear_Output:(ty=1,shape=[64,64,3,3]),onnx::Conv_594_DequantizeLinear_Output:(ty=1,shape=[64])]", "device": "NPU"}, {"output": ["/segment/S4/S4.1/conv1/relu/Relu_output_0"], "input": ["/segment/S4/S4.1/conv1/conv/Conv_output_0"], "opType": "Relu", "comment": "@244 [/segment/S4/S4.1/conv1/relu/Relu_output_0:(ty=1,shape=[1,64,32,32])] Relu [/segment/S4/S4.1/conv1/conv/Conv_output_0:(ty=1,shape=[1,64,32,32])]", "device": "NPU"}, {"output": ["/segment/S4/S4.1/conv1/relu/Relu_output_0_QuantizeLinear_Output"], "input": ["/segment/S4/S4.1/conv1/relu/Relu_output_0", "onnx::Conv_645_scale", "/segment/S4/S4.1/conv1/relu/Relu_output_0_zero_point"], "opType": "QuantizeLinear", "comment": "@245 [/segment/S4/S4.1/conv1/relu/Relu_output_0_QuantizeLinear_Output:(ty=2,shape=[1,64,32,32])] QuantizeLinear [/segment/S4/S4.1/conv1/relu/Relu_output_0:(ty=1,shape=[1,64,32,32]),onnx::Conv_645_scale:(ty=1,shape=[]),/segment/S4/S4.1/conv1/relu/Relu_output_0_zero_point:(ty=2,shape=[])]", "device": "NPU"}, {"output": ["/segment/S4/S4.1/conv1/relu/Relu_output_0_DequantizeLinear_Output"], "input": ["/segment/S4/S4.1/conv1/relu/Relu_output_0_QuantizeLinear_Output", "onnx::Conv_645_scale", "/segment/S4/S4.1/conv1/relu/Relu_output_0_zero_point"], "opType": "DequantizeLinear", "comment": "@246 [/segment/S4/S4.1/conv1/relu/Relu_output_0_DequantizeLinear_Output:(ty=1,shape=[1,64,32,32])] DequantizeLinear [/segment/S4/S4.1/conv1/relu/Relu_output_0_QuantizeLinear_Output:(ty=2,shape=[1,64,32,32]),onnx::Conv_645_scale:(ty=1,shape=[]),/segment/S4/S4.1/conv1/relu/Relu_output_0_zero_point:(ty=2,shape=[])]", "device": "NPU"}, {"output": ["onnx::Conv_597_DequantizeLinear_Output"], "input": ["onnx::Conv_597_quantized", "onnx::Conv_645_scale", "onnx::Conv_597_zero_point"], "opType": "DequantizeLinear", "comment": "@64 [onnx::Conv_597_DequantizeLinear_Output:(ty=1,shape=[384])] DequantizeLinear [onnx::Conv_597_quantized:(ty=3,shape=[384]),onnx::Conv_645_scale:(ty=1,shape=[]),onnx::Conv_597_zero_point:(ty=3,shape=[])]", "device": "NPU"}, {"output": ["onnx::Conv_596_DequantizeLinear_Output"], "input": ["onnx::Conv_596_quantized", "/segment/S1S2/left/left.0/relu/Relu_output_0_scale", "onnx::Conv_596_zero_point"], "opType": "DequantizeLinear", "comment": "@63 [onnx::Conv_596_DequantizeLinear_Output:(ty=1,shape=[384,1,3,3])] DequantizeLinear [onnx::Conv_596_quantized:(ty=3,shape=[384,1,3,3]),/segment/S1S2/left/left.0/relu/Relu_output_0_scale:(ty=1,shape=[]),onnx::Conv_596_zero_point:(ty=3,shape=[])]", "device": "NPU"}, {"output": ["/segment/S4/S4.1/dwconv/dwconv.0/Conv_output_0"], "input": ["/segment/S4/S4.1/conv1/relu/Relu_output_0_DequantizeLinear_Output", "onnx::Conv_596_DequantizeLinear_Output", "onnx::Conv_597_DequantizeLinear_Output"], "opType": "Conv", "comment": "@247 [/segment/S4/S4.1/dwconv/dwconv.0/Conv_output_0:(ty=1,shape=[1,384,32,32])] Conv [/segment/S4/S4.1/conv1/relu/Relu_output_0_DequantizeLinear_Output:(ty=1,shape=[1,64,32,32]),onnx::Conv_596_DequantizeLinear_Output:(ty=1,shape=[384,1,3,3]),onnx::Conv_597_DequantizeLinear_Output:(ty=1,shape=[384])]", "device": "NPU"}, {"output": ["/segment/S4/S4.1/dwconv/dwconv.2/Relu_output_0"], "input": ["/segment/S4/S4.1/dwconv/dwconv.0/Conv_output_0"], "opType": "Relu", "comment": "@248 [/segment/S4/S4.1/dwconv/dwconv.2/Relu_output_0:(ty=1,shape=[1,384,32,32])] Relu [/segment/S4/S4.1/dwconv/dwconv.0/Conv_output_0:(ty=1,shape=[1,384,32,32])]", "device": "NPU"}, {"output": ["/segment/S4/S4.1/dwconv/dwconv.2/Relu_output_0_QuantizeLinear_Output"], "input": ["/segment/S4/S4.1/dwconv/dwconv.2/Relu_output_0", "onnx::Conv_645_scale", "/segment/S4/S4.1/dwconv/dwconv.2/Relu_output_0_zero_point"], "opType": "QuantizeLinear", "comment": "@249 [/segment/S4/S4.1/dwconv/dwconv.2/Relu_output_0_QuantizeLinear_Output:(ty=2,shape=[1,384,32,32])] QuantizeLinear [/segment/S4/S4.1/dwconv/dwconv.2/Relu_output_0:(ty=1,shape=[1,384,32,32]),onnx::Conv_645_scale:(ty=1,shape=[]),/segment/S4/S4.1/dwconv/dwconv.2/Relu_output_0_zero_point:(ty=2,shape=[])]", "device": "NPU"}, {"output": ["/segment/S4/S4.1/dwconv/dwconv.2/Relu_output_0_DequantizeLinear_Output"], "input": ["/segment/S4/S4.1/dwconv/dwconv.2/Relu_output_0_QuantizeLinear_Output", "onnx::Conv_645_scale", "/segment/S4/S4.1/dwconv/dwconv.2/Relu_output_0_zero_point"], "opType": "DequantizeLinear", "comment": "@250 [/segment/S4/S4.1/dwconv/dwconv.2/Relu_output_0_DequantizeLinear_Output:(ty=1,shape=[1,384,32,32])] DequantizeLinear [/segment/S4/S4.1/dwconv/dwconv.2/Relu_output_0_QuantizeLinear_Output:(ty=2,shape=[1,384,32,32]),onnx::Conv_645_scale:(ty=1,shape=[]),/segment/S4/S4.1/dwconv/dwconv.2/Relu_output_0_zero_point:(ty=2,shape=[])]", "device": "NPU"}, {"output": ["onnx::Conv_600_DequantizeLinear_Output"], "input": ["onnx::Conv_600_quantized", "onnx::Conv_645_scale", "onnx::Conv_600_zero_point"], "opType": "DequantizeLinear", "comment": "@66 [onnx::Conv_600_DequantizeLinear_Output:(ty=1,shape=[64])] DequantizeLinear [onnx::Conv_600_quantized:(ty=3,shape=[64]),onnx::Conv_645_scale:(ty=1,shape=[]),onnx::Conv_600_zero_point:(ty=3,shape=[])]", "device": "NPU"}, {"output": ["onnx::Conv_599_DequantizeLinear_Output"], "input": ["onnx::Conv_599_quantized", "image_scale", "onnx::Conv_599_zero_point"], "opType": "DequantizeLinear", "comment": "@65 [onnx::Conv_599_DequantizeLinear_Output:(ty=1,shape=[64,384,1,1])] DequantizeLinear [onnx::Conv_599_quantized:(ty=3,shape=[64,384,1,1]),image_scale:(ty=1,shape=[]),onnx::Conv_599_zero_point:(ty=3,shape=[])]", "device": "NPU"}, {"output": ["/segment/S4/S4.1/conv2/conv2.0/Conv_output_0"], "input": ["/segment/S4/S4.1/dwconv/dwconv.2/Relu_output_0_DequantizeLinear_Output", "onnx::Conv_599_DequantizeLinear_Output", "onnx::Conv_600_DequantizeLinear_Output"], "opType": "Conv", "comment": "@251 [/segment/S4/S4.1/conv2/conv2.0/Conv_output_0:(ty=1,shape=[1,64,32,32])] Conv [/segment/S4/S4.1/dwconv/dwconv.2/Relu_output_0_DequantizeLinear_Output:(ty=1,shape=[1,384,32,32]),onnx::Conv_599_DequantizeLinear_Output:(ty=1,shape=[64,384,1,1]),onnx::Conv_600_DequantizeLinear_Output:(ty=1,shape=[64])]", "device": "NPU"}, {"output": ["/segment/S4/S4.1/conv2/conv2.0/Conv_output_0_QuantizeLinear_Output"], "input": ["/segment/S4/S4.1/conv2/conv2.0/Conv_output_0", "/segment/S1S2/left/left.0/relu/Relu_output_0_scale", "/segment/S4/S4.1/conv2/conv2.0/Conv_output_0_zero_point"], "opType": "QuantizeLinear", "comment": "@252 [/segment/S4/S4.1/conv2/conv2.0/Conv_output_0_QuantizeLinear_Output:(ty=2,shape=[1,64,32,32])] QuantizeLinear [/segment/S4/S4.1/conv2/conv2.0/Conv_output_0:(ty=1,shape=[1,64,32,32]),/segment/S1S2/left/left.0/relu/Relu_output_0_scale:(ty=1,shape=[]),/segment/S4/S4.1/conv2/conv2.0/Conv_output_0_zero_point:(ty=2,shape=[])]", "device": "NPU"}, {"output": ["/segment/S4/S4.1/conv2/conv2.0/Conv_output_0_DequantizeLinear_Output"], "input": ["/segment/S4/S4.1/conv2/conv2.0/Conv_output_0_QuantizeLinear_Output", "/segment/S1S2/left/left.0/relu/Relu_output_0_scale", "/segment/S4/S4.1/conv2/conv2.0/Conv_output_0_zero_point"], "opType": "DequantizeLinear", "comment": "@253 [/segment/S4/S4.1/conv2/conv2.0/Conv_output_0_DequantizeLinear_Output:(ty=1,shape=[1,64,32,32])] DequantizeLinear [/segment/S4/S4.1/conv2/conv2.0/Conv_output_0_QuantizeLinear_Output:(ty=2,shape=[1,64,32,32]),/segment/S1S2/left/left.0/relu/Relu_output_0_scale:(ty=1,shape=[]),/segment/S4/S4.1/conv2/conv2.0/Conv_output_0_zero_point:(ty=2,shape=[])]", "device": "NPU"}, {"output": ["/segment/S4/S4.1/Add_output_0"], "input": ["/segment/S4/S4.1/conv2/conv2.0/Conv_output_0_DequantizeLinear_Output", "/segment/S4/S4.0/relu/Relu_output_0_DequantizeLinear_Output/duplicated"], "opType": "Add", "comment": "@254 [/segment/S4/S4.1/Add_output_0:(ty=1,shape=[1,64,32,32])] Add [/segment/S4/S4.1/conv2/conv2.0/Conv_output_0_DequantizeLinear_Output:(ty=1,shape=[1,64,32,32]),/segment/S4/S4.0/relu/Relu_output_0_DequantizeLinear_Output/duplicated:(ty=1,shape=[1,64,32,32])]", "device": "NPU"}, {"output": ["/segment/S4/S4.1/relu/Relu_output_0"], "input": ["/segment/S4/S4.1/Add_output_0"], "opType": "Relu", "comment": "@255 [/segment/S4/S4.1/relu/Relu_output_0:(ty=1,shape=[1,64,32,32])] Relu [/segment/S4/S4.1/Add_output_0:(ty=1,shape=[1,64,32,32])]", "device": "NPU"}, {"output": ["/segment/S4/S4.1/relu/Relu_output_0_QuantizeLinear_Output"], "input": ["/segment/S4/S4.1/relu/Relu_output_0", "/segment/S1S2/left/left.0/relu/Relu_output_0_scale", "/segment/S4/S4.1/relu/Relu_output_0_zero_point"], "opType": "QuantizeLinear", "comment": "@256 [/segment/S4/S4.1/relu/Relu_output_0_QuantizeLinear_Output:(ty=2,shape=[1,64,32,32])] QuantizeLinear [/segment/S4/S4.1/relu/Relu_output_0:(ty=1,shape=[1,64,32,32]),/segment/S1S2/left/left.0/relu/Relu_output_0_scale:(ty=1,shape=[]),/segment/S4/S4.1/relu/Relu_output_0_zero_point:(ty=2,shape=[])]", "device": "NPU"}, {"output": ["/segment/S4/S4.1/relu/Relu_output_0_DequantizeLinear_Output"], "input": ["/segment/S4/S4.1/relu/Relu_output_0_QuantizeLinear_Output", "/segment/S1S2/left/left.0/relu/Relu_output_0_scale", "/segment/S4/S4.1/relu/Relu_output_0_zero_point"], "opType": "DequantizeLinear", "comment": "@257 [/segment/S4/S4.1/relu/Relu_output_0_DequantizeLinear_Output:(ty=1,shape=[1,64,32,32])] DequantizeLinear [/segment/S4/S4.1/relu/Relu_output_0_QuantizeLinear_Output:(ty=2,shape=[1,64,32,32]),/segment/S1S2/left/left.0/relu/Relu_output_0_scale:(ty=1,shape=[]),/segment/S4/S4.1/relu/Relu_output_0_zero_point:(ty=2,shape=[])]", "device": "NPU"}, {"output": ["onnx::Conv_603_DequantizeLinear_Output"], "input": ["onnx::Conv_603_quantized", "/bga/Mul_output_0_scale", "onnx::Conv_603_zero_point"], "opType": "DequantizeLinear", "comment": "@68 [onnx::Conv_603_DequantizeLinear_Output:(ty=1,shape=[64])] DequantizeLinear [onnx::Conv_603_quantized:(ty=3,shape=[64]),/bga/Mul_output_0_scale:(ty=1,shape=[]),onnx::Conv_603_zero_point:(ty=3,shape=[])]", "device": "NPU"}, {"output": ["onnx::Conv_602_DequantizeLinear_Output"], "input": ["onnx::Conv_602_quantized", "onnx::Conv_602_scale", "onnx::Conv_602_zero_point"], "opType": "DequantizeLinear", "comment": "@67 [onnx::Conv_602_DequantizeLinear_Output:(ty=1,shape=[64,64,3,3])] DequantizeLinear [onnx::Conv_602_quantized:(ty=3,shape=[64,64,3,3]),onnx::Conv_602_scale:(ty=1,shape=[]),onnx::Conv_602_zero_point:(ty=3,shape=[])]", "device": "NPU"}, {"output": ["/segment/S5_4/S5_4.0/conv1/conv/Conv_output_0"], "input": ["/segment/S4/S4.1/relu/Relu_output_0_DequantizeLinear_Output", "onnx::Conv_602_DequantizeLinear_Output", "onnx::Conv_603_DequantizeLinear_Output"], "opType": "Conv", "comment": "@258 [/segment/S5_4/S5_4.0/conv1/conv/Conv_output_0:(ty=1,shape=[1,64,32,32])] Conv [/segment/S4/S4.1/relu/Relu_output_0_DequantizeLinear_Output:(ty=1,shape=[1,64,32,32]),onnx::Conv_602_DequantizeLinear_Output:(ty=1,shape=[64,64,3,3]),onnx::Conv_603_DequantizeLinear_Output:(ty=1,shape=[64])]", "device": "NPU"}, {"output": ["/segment/S5_4/S5_4.0/conv1/relu/Relu_output_0"], "input": ["/segment/S5_4/S5_4.0/conv1/conv/Conv_output_0"], "opType": "Relu", "comment": "@260 [/segment/S5_4/S5_4.0/conv1/relu/Relu_output_0:(ty=1,shape=[1,64,32,32])] Relu [/segment/S5_4/S5_4.0/conv1/conv/Conv_output_0:(ty=1,shape=[1,64,32,32])]", "device": "NPU"}, {"output": ["/segment/S5_4/S5_4.0/conv1/relu/Relu_output_0_QuantizeLinear_Output"], "input": ["/segment/S5_4/S5_4.0/conv1/relu/Relu_output_0", "onnx::Conv_645_scale", "/segment/S5_4/S5_4.0/conv1/relu/Relu_output_0_zero_point"], "opType": "QuantizeLinear", "comment": "@262 [/segment/S5_4/S5_4.0/conv1/relu/Relu_output_0_QuantizeLinear_Output:(ty=2,shape=[1,64,32,32])] QuantizeLinear [/segment/S5_4/S5_4.0/conv1/relu/Relu_output_0:(ty=1,shape=[1,64,32,32]),onnx::Conv_645_scale:(ty=1,shape=[]),/segment/S5_4/S5_4.0/conv1/relu/Relu_output_0_zero_point:(ty=2,shape=[])]", "device": "NPU"}, {"output": ["/segment/S5_4/S5_4.0/conv1/relu/Relu_output_0_DequantizeLinear_Output"], "input": ["/segment/S5_4/S5_4.0/conv1/relu/Relu_output_0_QuantizeLinear_Output", "onnx::Conv_645_scale", "/segment/S5_4/S5_4.0/conv1/relu/Relu_output_0_zero_point"], "opType": "DequantizeLinear", "comment": "@264 [/segment/S5_4/S5_4.0/conv1/relu/Relu_output_0_DequantizeLinear_Output:(ty=1,shape=[1,64,32,32])] DequantizeLinear [/segment/S5_4/S5_4.0/conv1/relu/Relu_output_0_QuantizeLinear_Output:(ty=2,shape=[1,64,32,32]),onnx::Conv_645_scale:(ty=1,shape=[]),/segment/S5_4/S5_4.0/conv1/relu/Relu_output_0_zero_point:(ty=2,shape=[])]", "device": "NPU"}, {"output": ["onnx::Conv_606_DequantizeLinear_Output"], "input": ["onnx::Conv_606_quantized", "/bga/Mul_output_0_scale", "onnx::Conv_606_zero_point"], "opType": "DequantizeLinear", "comment": "@70 [onnx::Conv_606_DequantizeLinear_Output:(ty=1,shape=[384])] DequantizeLinear [onnx::Conv_606_quantized:(ty=3,shape=[384]),/bga/Mul_output_0_scale:(ty=1,shape=[]),onnx::Conv_606_zero_point:(ty=3,shape=[])]", "device": "NPU"}, {"output": ["onnx::Conv_605_DequantizeLinear_Output"], "input": ["onnx::Conv_605_quantized", "onnx::Conv_581_scale", "onnx::Conv_605_zero_point"], "opType": "DequantizeLinear", "comment": "@69 [onnx::Conv_605_DequantizeLinear_Output:(ty=1,shape=[384,1,3,3])] DequantizeLinear [onnx::Conv_605_quantized:(ty=3,shape=[384,1,3,3]),onnx::Conv_581_scale:(ty=1,shape=[]),onnx::Conv_605_zero_point:(ty=3,shape=[])]", "device": "NPU"}, {"output": ["/segment/S5_4/S5_4.0/dwconv1/dwconv1.0/Conv_output_0"], "input": ["/segment/S5_4/S5_4.0/conv1/relu/Relu_output_0_DequantizeLinear_Output", "onnx::Conv_605_DequantizeLinear_Output", "onnx::Conv_606_DequantizeLinear_Output"], "opType": "Conv", "comment": "@266 [/segment/S5_4/S5_4.0/dwconv1/dwconv1.0/Conv_output_0:(ty=1,shape=[1,384,16,16])] Conv [/segment/S5_4/S5_4.0/conv1/relu/Relu_output_0_DequantizeLinear_Output:(ty=1,shape=[1,64,32,32]),onnx::Conv_605_DequantizeLinear_Output:(ty=1,shape=[384,1,3,3]),onnx::Conv_606_DequantizeLinear_Output:(ty=1,shape=[384])]", "device": "NPU"}, {"output": ["/segment/S5_4/S5_4.0/dwconv1/dwconv1.0/Conv_output_0_QuantizeLinear_Output"], "input": ["/segment/S5_4/S5_4.0/dwconv1/dwconv1.0/Conv_output_0", "onnx::Conv_645_scale", "/segment/S5_4/S5_4.0/dwconv1/dwconv1.0/Conv_output_0_zero_point"], "opType": "QuantizeLinear", "comment": "@268 [/segment/S5_4/S5_4.0/dwconv1/dwconv1.0/Conv_output_0_QuantizeLinear_Output:(ty=2,shape=[1,384,16,16])] QuantizeLinear [/segment/S5_4/S5_4.0/dwconv1/dwconv1.0/Conv_output_0:(ty=1,shape=[1,384,16,16]),onnx::Conv_645_scale:(ty=1,shape=[]),/segment/S5_4/S5_4.0/dwconv1/dwconv1.0/Conv_output_0_zero_point:(ty=2,shape=[])]", "device": "NPU"}, {"output": ["/segment/S5_4/S5_4.0/dwconv1/dwconv1.0/Conv_output_0_DequantizeLinear_Output"], "input": ["/segment/S5_4/S5_4.0/dwconv1/dwconv1.0/Conv_output_0_QuantizeLinear_Output", "onnx::Conv_645_scale", "/segment/S5_4/S5_4.0/dwconv1/dwconv1.0/Conv_output_0_zero_point"], "opType": "DequantizeLinear", "comment": "@270 [/segment/S5_4/S5_4.0/dwconv1/dwconv1.0/Conv_output_0_DequantizeLinear_Output:(ty=1,shape=[1,384,16,16])] DequantizeLinear [/segment/S5_4/S5_4.0/dwconv1/dwconv1.0/Conv_output_0_QuantizeLinear_Output:(ty=2,shape=[1,384,16,16]),onnx::Conv_645_scale:(ty=1,shape=[]),/segment/S5_4/S5_4.0/dwconv1/dwconv1.0/Conv_output_0_zero_point:(ty=2,shape=[])]", "device": "NPU"}, {"output": ["onnx::Conv_609_DequantizeLinear_Output"], "input": ["onnx::Conv_609_quantized", "image_scale", "onnx::Conv_609_zero_point"], "opType": "DequantizeLinear", "comment": "@72 [onnx::Conv_609_DequantizeLinear_Output:(ty=1,shape=[384])] DequantizeLinear [onnx::Conv_609_quantized:(ty=3,shape=[384]),image_scale:(ty=1,shape=[]),onnx::Conv_609_zero_point:(ty=3,shape=[])]", "device": "NPU"}, {"output": ["onnx::Conv_608_DequantizeLinear_Output"], "input": ["onnx::Conv_608_quantized", "onnx::Conv_581_scale", "onnx::Conv_608_zero_point"], "opType": "DequantizeLinear", "comment": "@71 [onnx::Conv_608_DequantizeLinear_Output:(ty=1,shape=[384,1,3,3])] DequantizeLinear [onnx::Conv_608_quantized:(ty=3,shape=[384,1,3,3]),onnx::Conv_581_scale:(ty=1,shape=[]),onnx::Conv_608_zero_point:(ty=3,shape=[])]", "device": "NPU"}, {"output": ["/segment/S5_4/S5_4.0/dwconv2/dwconv2.0/Conv_output_0"], "input": ["/segment/S5_4/S5_4.0/dwconv1/dwconv1.0/Conv_output_0_DequantizeLinear_Output", "onnx::Conv_608_DequantizeLinear_Output", "onnx::Conv_609_DequantizeLinear_Output"], "opType": "Conv", "comment": "@271 [/segment/S5_4/S5_4.0/dwconv2/dwconv2.0/Conv_output_0:(ty=1,shape=[1,384,16,16])] Conv [/segment/S5_4/S5_4.0/dwconv1/dwconv1.0/Conv_output_0_DequantizeLinear_Output:(ty=1,shape=[1,384,16,16]),onnx::Conv_608_DequantizeLinear_Output:(ty=1,shape=[384,1,3,3]),onnx::Conv_609_DequantizeLinear_Output:(ty=1,shape=[384])]", "device": "NPU"}, {"output": ["/segment/S5_4/S5_4.0/dwconv2/dwconv2.2/Relu_output_0"], "input": ["/segment/S5_4/S5_4.0/dwconv2/dwconv2.0/Conv_output_0"], "opType": "Relu", "comment": "@272 [/segment/S5_4/S5_4.0/dwconv2/dwconv2.2/Relu_output_0:(ty=1,shape=[1,384,16,16])] Relu [/segment/S5_4/S5_4.0/dwconv2/dwconv2.0/Conv_output_0:(ty=1,shape=[1,384,16,16])]", "device": "NPU"}, {"output": ["/segment/S5_4/S5_4.0/dwconv2/dwconv2.2/Relu_output_0_QuantizeLinear_Output"], "input": ["/segment/S5_4/S5_4.0/dwconv2/dwconv2.2/Relu_output_0", "onnx::Conv_645_scale", "/segment/S5_4/S5_4.0/dwconv2/dwconv2.2/Relu_output_0_zero_point"], "opType": "QuantizeLinear", "comment": "@273 [/segment/S5_4/S5_4.0/dwconv2/dwconv2.2/Relu_output_0_QuantizeLinear_Output:(ty=2,shape=[1,384,16,16])] QuantizeLinear [/segment/S5_4/S5_4.0/dwconv2/dwconv2.2/Relu_output_0:(ty=1,shape=[1,384,16,16]),onnx::Conv_645_scale:(ty=1,shape=[]),/segment/S5_4/S5_4.0/dwconv2/dwconv2.2/Relu_output_0_zero_point:(ty=2,shape=[])]", "device": "NPU"}, {"output": ["/segment/S5_4/S5_4.0/dwconv2/dwconv2.2/Relu_output_0_DequantizeLinear_Output"], "input": ["/segment/S5_4/S5_4.0/dwconv2/dwconv2.2/Relu_output_0_QuantizeLinear_Output", "onnx::Conv_645_scale", "/segment/S5_4/S5_4.0/dwconv2/dwconv2.2/Relu_output_0_zero_point"], "opType": "DequantizeLinear", "comment": "@274 [/segment/S5_4/S5_4.0/dwconv2/dwconv2.2/Relu_output_0_DequantizeLinear_Output:(ty=1,shape=[1,384,16,16])] DequantizeLinear [/segment/S5_4/S5_4.0/dwconv2/dwconv2.2/Relu_output_0_QuantizeLinear_Output:(ty=2,shape=[1,384,16,16]),onnx::Conv_645_scale:(ty=1,shape=[]),/segment/S5_4/S5_4.0/dwconv2/dwconv2.2/Relu_output_0_zero_point:(ty=2,shape=[])]", "device": "NPU"}, {"output": ["onnx::Conv_612_DequantizeLinear_Output"], "input": ["onnx::Conv_612_quantized", "onnx::Conv_645_scale", "onnx::Conv_612_zero_point"], "opType": "DequantizeLinear", "comment": "@74 [onnx::Conv_612_DequantizeLinear_Output:(ty=1,shape=[128])] DequantizeLinear [onnx::Conv_612_quantized:(ty=3,shape=[128]),onnx::Conv_645_scale:(ty=1,shape=[]),onnx::Conv_612_zero_point:(ty=3,shape=[])]", "device": "NPU"}, {"output": ["onnx::Conv_611_DequantizeLinear_Output"], "input": ["onnx::Conv_611_quantized", "onnx::Conv_581_scale", "onnx::Conv_611_zero_point"], "opType": "DequantizeLinear", "comment": "@73 [onnx::Conv_611_DequantizeLinear_Output:(ty=1,shape=[128,384,1,1])] DequantizeLinear [onnx::Conv_611_quantized:(ty=3,shape=[128,384,1,1]),onnx::Conv_581_scale:(ty=1,shape=[]),onnx::Conv_611_zero_point:(ty=3,shape=[])]", "device": "NPU"}, {"output": ["/segment/S5_4/S5_4.0/conv2/conv2.0/Conv_output_0"], "input": ["/segment/S5_4/S5_4.0/dwconv2/dwconv2.2/Relu_output_0_DequantizeLinear_Output", "onnx::Conv_611_DequantizeLinear_Output", "onnx::Conv_612_DequantizeLinear_Output"], "opType": "Conv", "comment": "@275 [/segment/S5_4/S5_4.0/conv2/conv2.0/Conv_output_0:(ty=1,shape=[1,128,16,16])] Conv [/segment/S5_4/S5_4.0/dwconv2/dwconv2.2/Relu_output_0_DequantizeLinear_Output:(ty=1,shape=[1,384,16,16]),onnx::Conv_611_DequantizeLinear_Output:(ty=1,shape=[128,384,1,1]),onnx::Conv_612_DequantizeLinear_Output:(ty=1,shape=[128])]", "device": "NPU"}, {"output": ["/segment/S5_4/S5_4.0/conv2/conv2.0/Conv_output_0_QuantizeLinear_Output"], "input": ["/segment/S5_4/S5_4.0/conv2/conv2.0/Conv_output_0", "/segment/S1S2/left/left.0/relu/Relu_output_0_scale", "/segment/S5_4/S5_4.0/conv2/conv2.0/Conv_output_0_zero_point"], "opType": "QuantizeLinear", "comment": "@276 [/segment/S5_4/S5_4.0/conv2/conv2.0/Conv_output_0_QuantizeLinear_Output:(ty=2,shape=[1,128,16,16])] QuantizeLinear [/segment/S5_4/S5_4.0/conv2/conv2.0/Conv_output_0:(ty=1,shape=[1,128,16,16]),/segment/S1S2/left/left.0/relu/Relu_output_0_scale:(ty=1,shape=[]),/segment/S5_4/S5_4.0/conv2/conv2.0/Conv_output_0_zero_point:(ty=2,shape=[])]", "device": "NPU"}, {"output": ["/segment/S5_4/S5_4.0/conv2/conv2.0/Conv_output_0_DequantizeLinear_Output"], "input": ["/segment/S5_4/S5_4.0/conv2/conv2.0/Conv_output_0_QuantizeLinear_Output", "/segment/S1S2/left/left.0/relu/Relu_output_0_scale", "/segment/S5_4/S5_4.0/conv2/conv2.0/Conv_output_0_zero_point"], "opType": "DequantizeLinear", "comment": "@277 [/segment/S5_4/S5_4.0/conv2/conv2.0/Conv_output_0_DequantizeLinear_Output:(ty=1,shape=[1,128,16,16])] DequantizeLinear [/segment/S5_4/S5_4.0/conv2/conv2.0/Conv_output_0_QuantizeLinear_Output:(ty=2,shape=[1,128,16,16]),/segment/S1S2/left/left.0/relu/Relu_output_0_scale:(ty=1,shape=[]),/segment/S5_4/S5_4.0/conv2/conv2.0/Conv_output_0_zero_point:(ty=2,shape=[])]", "device": "NPU"}, {"output": ["/segment/S4/S4.1/relu/Relu_output_0_DequantizeLinear_Output/duplicated"], "input": ["/segment/S4/S4.1/relu/Relu_output_0_QuantizeLinear_Output", "/segment/S1S2/left/left.0/relu/Relu_output_0_scale", "/segment/S4/S4.1/relu/Relu_output_0_zero_point"], "opType": "DequantizeLinear", "comment": "@398 [/segment/S4/S4.1/relu/Relu_output_0_DequantizeLinear_Output/duplicated:(ty=1,shape=[1,64,32,32])] DequantizeLinear [/segment/S4/S4.1/relu/Relu_output_0_QuantizeLinear_Output:(ty=2,shape=[1,64,32,32]),/segment/S1S2/left/left.0/relu/Relu_output_0_scale:(ty=1,shape=[]),/segment/S4/S4.1/relu/Relu_output_0_zero_point:(ty=2,shape=[])]", "device": "NPU"}, {"output": ["onnx::Conv_615_DequantizeLinear_Output"], "input": ["onnx::Conv_615_quantized", "image_scale", "onnx::Conv_615_zero_point"], "opType": "DequantizeLinear", "comment": "@76 [onnx::Conv_615_DequantizeLinear_Output:(ty=1,shape=[64])] DequantizeLinear [onnx::Conv_615_quantized:(ty=3,shape=[64]),image_scale:(ty=1,shape=[]),onnx::Conv_615_zero_point:(ty=3,shape=[])]", "device": "NPU"}, {"output": ["onnx::Conv_614_DequantizeLinear_Output"], "input": ["onnx::Conv_614_quantized", "bga.right2.2.weight_scale", "onnx::Conv_614_zero_point"], "opType": "DequantizeLinear", "comment": "@75 [onnx::Conv_614_DequantizeLinear_Output:(ty=1,shape=[64,1,3,3])] DequantizeLinear [onnx::Conv_614_quantized:(ty=3,shape=[64,1,3,3]),bga.right2.2.weight_scale:(ty=1,shape=[]),onnx::Conv_614_zero_point:(ty=3,shape=[])]", "device": "NPU"}, {"output": ["/segment/S5_4/S5_4.0/shortcut/shortcut.0/Conv_output_0"], "input": ["/segment/S4/S4.1/relu/Relu_output_0_DequantizeLinear_Output/duplicated", "onnx::Conv_614_DequantizeLinear_Output", "onnx::Conv_615_DequantizeLinear_Output"], "opType": "Conv", "comment": "@259 [/segment/S5_4/S5_4.0/shortcut/shortcut.0/Conv_output_0:(ty=1,shape=[1,64,16,16])] Conv [/segment/S4/S4.1/relu/Relu_output_0_DequantizeLinear_Output/duplicated:(ty=1,shape=[1,64,32,32]),onnx::Conv_614_DequantizeLinear_Output:(ty=1,shape=[64,1,3,3]),onnx::Conv_615_DequantizeLinear_Output:(ty=1,shape=[64])]", "device": "NPU"}, {"output": ["/segment/S5_4/S5_4.0/shortcut/shortcut.0/Conv_output_0_QuantizeLinear_Output"], "input": ["/segment/S5_4/S5_4.0/shortcut/shortcut.0/Conv_output_0", "/segment/S1S2/left/left.0/relu/Relu_output_0_scale", "/segment/S5_4/S5_4.0/shortcut/shortcut.0/Conv_output_0_zero_point"], "opType": "QuantizeLinear", "comment": "@261 [/segment/S5_4/S5_4.0/shortcut/shortcut.0/Conv_output_0_QuantizeLinear_Output:(ty=2,shape=[1,64,16,16])] QuantizeLinear [/segment/S5_4/S5_4.0/shortcut/shortcut.0/Conv_output_0:(ty=1,shape=[1,64,16,16]),/segment/S1S2/left/left.0/relu/Relu_output_0_scale:(ty=1,shape=[]),/segment/S5_4/S5_4.0/shortcut/shortcut.0/Conv_output_0_zero_point:(ty=2,shape=[])]", "device": "NPU"}, {"output": ["/segment/S5_4/S5_4.0/shortcut/shortcut.0/Conv_output_0_DequantizeLinear_Output"], "input": ["/segment/S5_4/S5_4.0/shortcut/shortcut.0/Conv_output_0_QuantizeLinear_Output", "/segment/S1S2/left/left.0/relu/Relu_output_0_scale", "/segment/S5_4/S5_4.0/shortcut/shortcut.0/Conv_output_0_zero_point"], "opType": "DequantizeLinear", "comment": "@263 [/segment/S5_4/S5_4.0/shortcut/shortcut.0/Conv_output_0_DequantizeLinear_Output:(ty=1,shape=[1,64,16,16])] DequantizeLinear [/segment/S5_4/S5_4.0/shortcut/shortcut.0/Conv_output_0_QuantizeLinear_Output:(ty=2,shape=[1,64,16,16]),/segment/S1S2/left/left.0/relu/Relu_output_0_scale:(ty=1,shape=[]),/segment/S5_4/S5_4.0/shortcut/shortcut.0/Conv_output_0_zero_point:(ty=2,shape=[])]", "device": "NPU"}, {"output": ["onnx::Conv_618_DequantizeLinear_Output"], "input": ["onnx::Conv_618_quantized", "/bga/Mul_output_0_scale", "onnx::Conv_618_zero_point"], "opType": "DequantizeLinear", "comment": "@78 [onnx::Conv_618_DequantizeLinear_Output:(ty=1,shape=[128])] DequantizeLinear [onnx::Conv_618_quantized:(ty=3,shape=[128]),/bga/Mul_output_0_scale:(ty=1,shape=[]),onnx::Conv_618_zero_point:(ty=3,shape=[])]", "device": "NPU"}, {"output": ["onnx::Conv_617_DequantizeLinear_Output"], "input": ["onnx::Conv_617_quantized", "onnx::Conv_518_scale", "onnx::Conv_617_zero_point"], "opType": "DequantizeLinear", "comment": "@77 [onnx::Conv_617_DequantizeLinear_Output:(ty=1,shape=[128,64,1,1])] DequantizeLinear [onnx::Conv_617_quantized:(ty=3,shape=[128,64,1,1]),onnx::Conv_518_scale:(ty=1,shape=[]),onnx::Conv_617_zero_point:(ty=3,shape=[])]", "device": "NPU"}, {"output": ["/segment/S5_4/S5_4.0/shortcut/shortcut.2/Conv_output_0"], "input": ["/segment/S5_4/S5_4.0/shortcut/shortcut.0/Conv_output_0_DequantizeLinear_Output", "onnx::Conv_617_DequantizeLinear_Output", "onnx::Conv_618_DequantizeLinear_Output"], "opType": "Conv", "comment": "@265 [/segment/S5_4/S5_4.0/shortcut/shortcut.2/Conv_output_0:(ty=1,shape=[1,128,16,16])] Conv [/segment/S5_4/S5_4.0/shortcut/shortcut.0/Conv_output_0_DequantizeLinear_Output:(ty=1,shape=[1,64,16,16]),onnx::Conv_617_DequantizeLinear_Output:(ty=1,shape=[128,64,1,1]),onnx::Conv_618_DequantizeLinear_Output:(ty=1,shape=[128])]", "device": "NPU"}, {"output": ["/segment/S5_4/S5_4.0/shortcut/shortcut.2/Conv_output_0_QuantizeLinear_Output"], "input": ["/segment/S5_4/S5_4.0/shortcut/shortcut.2/Conv_output_0", "/segment/S1S2/left/left.0/relu/Relu_output_0_scale", "/segment/S5_4/S5_4.0/shortcut/shortcut.2/Conv_output_0_zero_point"], "opType": "QuantizeLinear", "comment": "@267 [/segment/S5_4/S5_4.0/shortcut/shortcut.2/Conv_output_0_QuantizeLinear_Output:(ty=2,shape=[1,128,16,16])] QuantizeLinear [/segment/S5_4/S5_4.0/shortcut/shortcut.2/Conv_output_0:(ty=1,shape=[1,128,16,16]),/segment/S1S2/left/left.0/relu/Relu_output_0_scale:(ty=1,shape=[]),/segment/S5_4/S5_4.0/shortcut/shortcut.2/Conv_output_0_zero_point:(ty=2,shape=[])]", "device": "NPU"}, {"output": ["/segment/S5_4/S5_4.0/shortcut/shortcut.2/Conv_output_0_DequantizeLinear_Output"], "input": ["/segment/S5_4/S5_4.0/shortcut/shortcut.2/Conv_output_0_QuantizeLinear_Output", "/segment/S1S2/left/left.0/relu/Relu_output_0_scale", "/segment/S5_4/S5_4.0/shortcut/shortcut.2/Conv_output_0_zero_point"], "opType": "DequantizeLinear", "comment": "@269 [/segment/S5_4/S5_4.0/shortcut/shortcut.2/Conv_output_0_DequantizeLinear_Output:(ty=1,shape=[1,128,16,16])] DequantizeLinear [/segment/S5_4/S5_4.0/shortcut/shortcut.2/Conv_output_0_QuantizeLinear_Output:(ty=2,shape=[1,128,16,16]),/segment/S1S2/left/left.0/relu/Relu_output_0_scale:(ty=1,shape=[]),/segment/S5_4/S5_4.0/shortcut/shortcut.2/Conv_output_0_zero_point:(ty=2,shape=[])]", "device": "NPU"}, {"output": ["/segment/S5_4/S5_4.0/Add_output_0"], "input": ["/segment/S5_4/S5_4.0/conv2/conv2.0/Conv_output_0_DequantizeLinear_Output", "/segment/S5_4/S5_4.0/shortcut/shortcut.2/Conv_output_0_DequantizeLinear_Output"], "opType": "Add", "comment": "@278 [/segment/S5_4/S5_4.0/Add_output_0:(ty=1,shape=[1,128,16,16])] Add [/segment/S5_4/S5_4.0/conv2/conv2.0/Conv_output_0_DequantizeLinear_Output:(ty=1,shape=[1,128,16,16]),/segment/S5_4/S5_4.0/shortcut/shortcut.2/Conv_output_0_DequantizeLinear_Output:(ty=1,shape=[1,128,16,16])]", "device": "NPU"}, {"output": ["/segment/S5_4/S5_4.0/relu/Relu_output_0"], "input": ["/segment/S5_4/S5_4.0/Add_output_0"], "opType": "Relu", "comment": "@279 [/segment/S5_4/S5_4.0/relu/Relu_output_0:(ty=1,shape=[1,128,16,16])] Relu [/segment/S5_4/S5_4.0/Add_output_0:(ty=1,shape=[1,128,16,16])]", "device": "NPU"}, {"output": ["/segment/S5_4/S5_4.0/relu/Relu_output_0_QuantizeLinear_Output"], "input": ["/segment/S5_4/S5_4.0/relu/Relu_output_0", "/segment/S1S2/left/left.0/relu/Relu_output_0_scale", "/segment/S5_4/S5_4.0/relu/Relu_output_0_zero_point"], "opType": "QuantizeLinear", "comment": "@280 [/segment/S5_4/S5_4.0/relu/Relu_output_0_QuantizeLinear_Output:(ty=2,shape=[1,128,16,16])] QuantizeLinear [/segment/S5_4/S5_4.0/relu/Relu_output_0:(ty=1,shape=[1,128,16,16]),/segment/S1S2/left/left.0/relu/Relu_output_0_scale:(ty=1,shape=[]),/segment/S5_4/S5_4.0/relu/Relu_output_0_zero_point:(ty=2,shape=[])]", "device": "NPU"}, {"output": ["/segment/S5_4/S5_4.0/relu/Relu_output_0_DequantizeLinear_Output/duplicated"], "input": ["/segment/S5_4/S5_4.0/relu/Relu_output_0_QuantizeLinear_Output", "/segment/S1S2/left/left.0/relu/Relu_output_0_scale", "/segment/S5_4/S5_4.0/relu/Relu_output_0_zero_point"], "opType": "DequantizeLinear", "comment": "@399 [/segment/S5_4/S5_4.0/relu/Relu_output_0_DequantizeLinear_Output/duplicated:(ty=1,shape=[1,128,16,16])] DequantizeLinear [/segment/S5_4/S5_4.0/relu/Relu_output_0_QuantizeLinear_Output:(ty=2,shape=[1,128,16,16]),/segment/S1S2/left/left.0/relu/Relu_output_0_scale:(ty=1,shape=[]),/segment/S5_4/S5_4.0/relu/Relu_output_0_zero_point:(ty=2,shape=[])]", "device": "NPU"}, {"output": ["/segment/S5_4/S5_4.0/relu/Relu_output_0_DequantizeLinear_Output"], "input": ["/segment/S5_4/S5_4.0/relu/Relu_output_0_QuantizeLinear_Output", "/segment/S1S2/left/left.0/relu/Relu_output_0_scale", "/segment/S5_4/S5_4.0/relu/Relu_output_0_zero_point"], "opType": "DequantizeLinear", "comment": "@281 [/segment/S5_4/S5_4.0/relu/Relu_output_0_DequantizeLinear_Output:(ty=1,shape=[1,128,16,16])] DequantizeLinear [/segment/S5_4/S5_4.0/relu/Relu_output_0_QuantizeLinear_Output:(ty=2,shape=[1,128,16,16]),/segment/S1S2/left/left.0/relu/Relu_output_0_scale:(ty=1,shape=[]),/segment/S5_4/S5_4.0/relu/Relu_output_0_zero_point:(ty=2,shape=[])]", "device": "NPU"}, {"output": ["onnx::Conv_621_DequantizeLinear_Output"], "input": ["onnx::Conv_621_quantized", "/bga/Mul_output_0_scale", "onnx::Conv_621_zero_point"], "opType": "DequantizeLinear", "comment": "@80 [onnx::Conv_621_DequantizeLinear_Output:(ty=1,shape=[128])] DequantizeLinear [onnx::Conv_621_quantized:(ty=3,shape=[128]),/bga/Mul_output_0_scale:(ty=1,shape=[]),onnx::Conv_621_zero_point:(ty=3,shape=[])]", "device": "NPU"}, {"output": ["onnx::Conv_620_DequantizeLinear_Output"], "input": ["onnx::Conv_620_quantized", "head.conv_out.weight_scale", "onnx::Conv_620_zero_point"], "opType": "DequantizeLinear", "comment": "@79 [onnx::Conv_620_DequantizeLinear_Output:(ty=1,shape=[128,128,3,3])] DequantizeLinear [onnx::Conv_620_quantized:(ty=3,shape=[128,128,3,3]),head.conv_out.weight_scale:(ty=1,shape=[]),onnx::Conv_620_zero_point:(ty=3,shape=[])]", "device": "NPU"}, {"output": ["/segment/S5_4/S5_4.1/conv1/conv/Conv_output_0"], "input": ["/segment/S5_4/S5_4.0/relu/Relu_output_0_DequantizeLinear_Output", "onnx::Conv_620_DequantizeLinear_Output", "onnx::Conv_621_DequantizeLinear_Output"], "opType": "Conv", "comment": "@282 [/segment/S5_4/S5_4.1/conv1/conv/Conv_output_0:(ty=1,shape=[1,128,16,16])] Conv [/segment/S5_4/S5_4.0/relu/Relu_output_0_DequantizeLinear_Output:(ty=1,shape=[1,128,16,16]),onnx::Conv_620_DequantizeLinear_Output:(ty=1,shape=[128,128,3,3]),onnx::Conv_621_DequantizeLinear_Output:(ty=1,shape=[128])]", "device": "NPU"}, {"output": ["/segment/S5_4/S5_4.1/conv1/relu/Relu_output_0"], "input": ["/segment/S5_4/S5_4.1/conv1/conv/Conv_output_0"], "opType": "Relu", "comment": "@283 [/segment/S5_4/S5_4.1/conv1/relu/Relu_output_0:(ty=1,shape=[1,128,16,16])] Relu [/segment/S5_4/S5_4.1/conv1/conv/Conv_output_0:(ty=1,shape=[1,128,16,16])]", "device": "NPU"}, {"output": ["/segment/S5_4/S5_4.1/conv1/relu/Relu_output_0_QuantizeLinear_Output"], "input": ["/segment/S5_4/S5_4.1/conv1/relu/Relu_output_0", "onnx::Conv_645_scale", "/segment/S5_4/S5_4.1/conv1/relu/Relu_output_0_zero_point"], "opType": "QuantizeLinear", "comment": "@284 [/segment/S5_4/S5_4.1/conv1/relu/Relu_output_0_QuantizeLinear_Output:(ty=2,shape=[1,128,16,16])] QuantizeLinear [/segment/S5_4/S5_4.1/conv1/relu/Relu_output_0:(ty=1,shape=[1,128,16,16]),onnx::Conv_645_scale:(ty=1,shape=[]),/segment/S5_4/S5_4.1/conv1/relu/Relu_output_0_zero_point:(ty=2,shape=[])]", "device": "NPU"}, {"output": ["/segment/S5_4/S5_4.1/conv1/relu/Relu_output_0_DequantizeLinear_Output"], "input": ["/segment/S5_4/S5_4.1/conv1/relu/Relu_output_0_QuantizeLinear_Output", "onnx::Conv_645_scale", "/segment/S5_4/S5_4.1/conv1/relu/Relu_output_0_zero_point"], "opType": "DequantizeLinear", "comment": "@285 [/segment/S5_4/S5_4.1/conv1/relu/Relu_output_0_DequantizeLinear_Output:(ty=1,shape=[1,128,16,16])] DequantizeLinear [/segment/S5_4/S5_4.1/conv1/relu/Relu_output_0_QuantizeLinear_Output:(ty=2,shape=[1,128,16,16]),onnx::Conv_645_scale:(ty=1,shape=[]),/segment/S5_4/S5_4.1/conv1/relu/Relu_output_0_zero_point:(ty=2,shape=[])]", "device": "NPU"}, {"output": ["onnx::Conv_624_DequantizeLinear_Output"], "input": ["onnx::Conv_624_quantized", "/bga/Mul_output_0_scale", "onnx::Conv_624_zero_point"], "opType": "DequantizeLinear", "comment": "@82 [onnx::Conv_624_DequantizeLinear_Output:(ty=1,shape=[768])] DequantizeLinear [onnx::Conv_624_quantized:(ty=3,shape=[768]),/bga/Mul_output_0_scale:(ty=1,shape=[]),onnx::Conv_624_zero_point:(ty=3,shape=[])]", "device": "NPU"}, {"output": ["onnx::Conv_623_DequantizeLinear_Output"], "input": ["onnx::Conv_623_quantized", "/bga/Mul_output_0_scale", "onnx::Conv_623_zero_point"], "opType": "DequantizeLinear", "comment": "@81 [onnx::Conv_623_DequantizeLinear_Output:(ty=1,shape=[768,1,3,3])] DequantizeLinear [onnx::Conv_623_quantized:(ty=3,shape=[768,1,3,3]),/bga/Mul_output_0_scale:(ty=1,shape=[]),onnx::Conv_623_zero_point:(ty=3,shape=[])]", "device": "NPU"}, {"output": ["/segment/S5_4/S5_4.1/dwconv/dwconv.0/Conv_output_0"], "input": ["/segment/S5_4/S5_4.1/conv1/relu/Relu_output_0_DequantizeLinear_Output", "onnx::Conv_623_DequantizeLinear_Output", "onnx::Conv_624_DequantizeLinear_Output"], "opType": "Conv", "comment": "@286 [/segment/S5_4/S5_4.1/dwconv/dwconv.0/Conv_output_0:(ty=1,shape=[1,768,16,16])] Conv [/segment/S5_4/S5_4.1/conv1/relu/Relu_output_0_DequantizeLinear_Output:(ty=1,shape=[1,128,16,16]),onnx::Conv_623_DequantizeLinear_Output:(ty=1,shape=[768,1,3,3]),onnx::Conv_624_DequantizeLinear_Output:(ty=1,shape=[768])]", "device": "NPU"}, {"output": ["/segment/S5_4/S5_4.1/dwconv/dwconv.2/Relu_output_0"], "input": ["/segment/S5_4/S5_4.1/dwconv/dwconv.0/Conv_output_0"], "opType": "Relu", "comment": "@287 [/segment/S5_4/S5_4.1/dwconv/dwconv.2/Relu_output_0:(ty=1,shape=[1,768,16,16])] Relu [/segment/S5_4/S5_4.1/dwconv/dwconv.0/Conv_output_0:(ty=1,shape=[1,768,16,16])]", "device": "NPU"}, {"output": ["/segment/S5_4/S5_4.1/dwconv/dwconv.2/Relu_output_0_QuantizeLinear_Output"], "input": ["/segment/S5_4/S5_4.1/dwconv/dwconv.2/Relu_output_0", "onnx::Conv_645_scale", "/segment/S5_4/S5_4.1/dwconv/dwconv.2/Relu_output_0_zero_point"], "opType": "QuantizeLinear", "comment": "@288 [/segment/S5_4/S5_4.1/dwconv/dwconv.2/Relu_output_0_QuantizeLinear_Output:(ty=2,shape=[1,768,16,16])] QuantizeLinear [/segment/S5_4/S5_4.1/dwconv/dwconv.2/Relu_output_0:(ty=1,shape=[1,768,16,16]),onnx::Conv_645_scale:(ty=1,shape=[]),/segment/S5_4/S5_4.1/dwconv/dwconv.2/Relu_output_0_zero_point:(ty=2,shape=[])]", "device": "NPU"}, {"output": ["/segment/S5_4/S5_4.1/dwconv/dwconv.2/Relu_output_0_DequantizeLinear_Output"], "input": ["/segment/S5_4/S5_4.1/dwconv/dwconv.2/Relu_output_0_QuantizeLinear_Output", "onnx::Conv_645_scale", "/segment/S5_4/S5_4.1/dwconv/dwconv.2/Relu_output_0_zero_point"], "opType": "DequantizeLinear", "comment": "@289 [/segment/S5_4/S5_4.1/dwconv/dwconv.2/Relu_output_0_DequantizeLinear_Output:(ty=1,shape=[1,768,16,16])] DequantizeLinear [/segment/S5_4/S5_4.1/dwconv/dwconv.2/Relu_output_0_QuantizeLinear_Output:(ty=2,shape=[1,768,16,16]),onnx::Conv_645_scale:(ty=1,shape=[]),/segment/S5_4/S5_4.1/dwconv/dwconv.2/Relu_output_0_zero_point:(ty=2,shape=[])]", "device": "NPU"}, {"output": ["onnx::Conv_627_DequantizeLinear_Output"], "input": ["onnx::Conv_627_quantized", "/bga/Mul_output_0_scale", "onnx::Conv_627_zero_point"], "opType": "DequantizeLinear", "comment": "@84 [onnx::Conv_627_DequantizeLinear_Output:(ty=1,shape=[128])] DequantizeLinear [onnx::Conv_627_quantized:(ty=3,shape=[128]),/bga/Mul_output_0_scale:(ty=1,shape=[]),onnx::Conv_627_zero_point:(ty=3,shape=[])]", "device": "NPU"}, {"output": ["onnx::Conv_626_DequantizeLinear_Output"], "input": ["onnx::Conv_626_quantized", "onnx::Conv_518_scale", "onnx::Conv_626_zero_point"], "opType": "DequantizeLinear", "comment": "@83 [onnx::Conv_626_DequantizeLinear_Output:(ty=1,shape=[128,768,1,1])] DequantizeLinear [onnx::Conv_626_quantized:(ty=3,shape=[128,768,1,1]),onnx::Conv_518_scale:(ty=1,shape=[]),onnx::Conv_626_zero_point:(ty=3,shape=[])]", "device": "NPU"}, {"output": ["/segment/S5_4/S5_4.1/conv2/conv2.0/Conv_output_0"], "input": ["/segment/S5_4/S5_4.1/dwconv/dwconv.2/Relu_output_0_DequantizeLinear_Output", "onnx::Conv_626_DequantizeLinear_Output", "onnx::Conv_627_DequantizeLinear_Output"], "opType": "Conv", "comment": "@290 [/segment/S5_4/S5_4.1/conv2/conv2.0/Conv_output_0:(ty=1,shape=[1,128,16,16])] Conv [/segment/S5_4/S5_4.1/dwconv/dwconv.2/Relu_output_0_DequantizeLinear_Output:(ty=1,shape=[1,768,16,16]),onnx::Conv_626_DequantizeLinear_Output:(ty=1,shape=[128,768,1,1]),onnx::Conv_627_DequantizeLinear_Output:(ty=1,shape=[128])]", "device": "NPU"}, {"output": ["/segment/S5_4/S5_4.1/conv2/conv2.0/Conv_output_0_QuantizeLinear_Output"], "input": ["/segment/S5_4/S5_4.1/conv2/conv2.0/Conv_output_0", "/segment/S1S2/left/left.0/relu/Relu_output_0_scale", "/segment/S5_4/S5_4.1/conv2/conv2.0/Conv_output_0_zero_point"], "opType": "QuantizeLinear", "comment": "@291 [/segment/S5_4/S5_4.1/conv2/conv2.0/Conv_output_0_QuantizeLinear_Output:(ty=2,shape=[1,128,16,16])] QuantizeLinear [/segment/S5_4/S5_4.1/conv2/conv2.0/Conv_output_0:(ty=1,shape=[1,128,16,16]),/segment/S1S2/left/left.0/relu/Relu_output_0_scale:(ty=1,shape=[]),/segment/S5_4/S5_4.1/conv2/conv2.0/Conv_output_0_zero_point:(ty=2,shape=[])]", "device": "NPU"}, {"output": ["/segment/S5_4/S5_4.1/conv2/conv2.0/Conv_output_0_DequantizeLinear_Output"], "input": ["/segment/S5_4/S5_4.1/conv2/conv2.0/Conv_output_0_QuantizeLinear_Output", "/segment/S1S2/left/left.0/relu/Relu_output_0_scale", "/segment/S5_4/S5_4.1/conv2/conv2.0/Conv_output_0_zero_point"], "opType": "DequantizeLinear", "comment": "@292 [/segment/S5_4/S5_4.1/conv2/conv2.0/Conv_output_0_DequantizeLinear_Output:(ty=1,shape=[1,128,16,16])] DequantizeLinear [/segment/S5_4/S5_4.1/conv2/conv2.0/Conv_output_0_QuantizeLinear_Output:(ty=2,shape=[1,128,16,16]),/segment/S1S2/left/left.0/relu/Relu_output_0_scale:(ty=1,shape=[]),/segment/S5_4/S5_4.1/conv2/conv2.0/Conv_output_0_zero_point:(ty=2,shape=[])]", "device": "NPU"}, {"output": ["/segment/S5_4/S5_4.1/Add_output_0"], "input": ["/segment/S5_4/S5_4.1/conv2/conv2.0/Conv_output_0_DequantizeLinear_Output", "/segment/S5_4/S5_4.0/relu/Relu_output_0_DequantizeLinear_Output/duplicated"], "opType": "Add", "comment": "@293 [/segment/S5_4/S5_4.1/Add_output_0:(ty=1,shape=[1,128,16,16])] Add [/segment/S5_4/S5_4.1/conv2/conv2.0/Conv_output_0_DequantizeLinear_Output:(ty=1,shape=[1,128,16,16]),/segment/S5_4/S5_4.0/relu/Relu_output_0_DequantizeLinear_Output/duplicated:(ty=1,shape=[1,128,16,16])]", "device": "NPU"}, {"output": ["/segment/S5_4/S5_4.1/relu/Relu_output_0"], "input": ["/segment/S5_4/S5_4.1/Add_output_0"], "opType": "Relu", "comment": "@294 [/segment/S5_4/S5_4.1/relu/Relu_output_0:(ty=1,shape=[1,128,16,16])] Relu [/segment/S5_4/S5_4.1/Add_output_0:(ty=1,shape=[1,128,16,16])]", "device": "NPU"}, {"output": ["/segment/S5_4/S5_4.1/relu/Relu_output_0_QuantizeLinear_Output"], "input": ["/segment/S5_4/S5_4.1/relu/Relu_output_0", "/segment/S1S2/left/left.0/relu/Relu_output_0_scale", "/segment/S5_4/S5_4.1/relu/Relu_output_0_zero_point"], "opType": "QuantizeLinear", "comment": "@295 [/segment/S5_4/S5_4.1/relu/Relu_output_0_QuantizeLinear_Output:(ty=2,shape=[1,128,16,16])] QuantizeLinear [/segment/S5_4/S5_4.1/relu/Relu_output_0:(ty=1,shape=[1,128,16,16]),/segment/S1S2/left/left.0/relu/Relu_output_0_scale:(ty=1,shape=[]),/segment/S5_4/S5_4.1/relu/Relu_output_0_zero_point:(ty=2,shape=[])]", "device": "NPU"}, {"output": ["/segment/S5_4/S5_4.1/relu/Relu_output_0_DequantizeLinear_Output/duplicated"], "input": ["/segment/S5_4/S5_4.1/relu/Relu_output_0_QuantizeLinear_Output", "/segment/S1S2/left/left.0/relu/Relu_output_0_scale", "/segment/S5_4/S5_4.1/relu/Relu_output_0_zero_point"], "opType": "DequantizeLinear", "comment": "@400 [/segment/S5_4/S5_4.1/relu/Relu_output_0_DequantizeLinear_Output/duplicated:(ty=1,shape=[1,128,16,16])] DequantizeLinear [/segment/S5_4/S5_4.1/relu/Relu_output_0_QuantizeLinear_Output:(ty=2,shape=[1,128,16,16]),/segment/S1S2/left/left.0/relu/Relu_output_0_scale:(ty=1,shape=[]),/segment/S5_4/S5_4.1/relu/Relu_output_0_zero_point:(ty=2,shape=[])]", "device": "NPU"}, {"output": ["/segment/S5_4/S5_4.1/relu/Relu_output_0_DequantizeLinear_Output"], "input": ["/segment/S5_4/S5_4.1/relu/Relu_output_0_QuantizeLinear_Output", "/segment/S1S2/left/left.0/relu/Relu_output_0_scale", "/segment/S5_4/S5_4.1/relu/Relu_output_0_zero_point"], "opType": "DequantizeLinear", "comment": "@296 [/segment/S5_4/S5_4.1/relu/Relu_output_0_DequantizeLinear_Output:(ty=1,shape=[1,128,16,16])] DequantizeLinear [/segment/S5_4/S5_4.1/relu/Relu_output_0_QuantizeLinear_Output:(ty=2,shape=[1,128,16,16]),/segment/S1S2/left/left.0/relu/Relu_output_0_scale:(ty=1,shape=[]),/segment/S5_4/S5_4.1/relu/Relu_output_0_zero_point:(ty=2,shape=[])]", "device": "NPU"}, {"output": ["onnx::Conv_630_DequantizeLinear_Output"], "input": ["onnx::Conv_630_quantized", "image_scale", "onnx::Conv_630_zero_point"], "opType": "DequantizeLinear", "comment": "@86 [onnx::Conv_630_DequantizeLinear_Output:(ty=1,shape=[128])] DequantizeLinear [onnx::Conv_630_quantized:(ty=3,shape=[128]),image_scale:(ty=1,shape=[]),onnx::Conv_630_zero_point:(ty=3,shape=[])]", "device": "NPU"}, {"output": ["onnx::Conv_629_DequantizeLinear_Output"], "input": ["onnx::Conv_629_quantized", "head.conv_out.weight_scale", "onnx::Conv_629_zero_point"], "opType": "DequantizeLinear", "comment": "@85 [onnx::Conv_629_DequantizeLinear_Output:(ty=1,shape=[128,128,3,3])] DequantizeLinear [onnx::Conv_629_quantized:(ty=3,shape=[128,128,3,3]),head.conv_out.weight_scale:(ty=1,shape=[]),onnx::Conv_629_zero_point:(ty=3,shape=[])]", "device": "NPU"}, {"output": ["/segment/S5_4/S5_4.2/conv1/conv/Conv_output_0"], "input": ["/segment/S5_4/S5_4.1/relu/Relu_output_0_DequantizeLinear_Output", "onnx::Conv_629_DequantizeLinear_Output", "onnx::Conv_630_DequantizeLinear_Output"], "opType": "Conv", "comment": "@297 [/segment/S5_4/S5_4.2/conv1/conv/Conv_output_0:(ty=1,shape=[1,128,16,16])] Conv [/segment/S5_4/S5_4.1/relu/Relu_output_0_DequantizeLinear_Output:(ty=1,shape=[1,128,16,16]),onnx::Conv_629_DequantizeLinear_Output:(ty=1,shape=[128,128,3,3]),onnx::Conv_630_DequantizeLinear_Output:(ty=1,shape=[128])]", "device": "NPU"}, {"output": ["/segment/S5_4/S5_4.2/conv1/relu/Relu_output_0"], "input": ["/segment/S5_4/S5_4.2/conv1/conv/Conv_output_0"], "opType": "Relu", "comment": "@298 [/segment/S5_4/S5_4.2/conv1/relu/Relu_output_0:(ty=1,shape=[1,128,16,16])] Relu [/segment/S5_4/S5_4.2/conv1/conv/Conv_output_0:(ty=1,shape=[1,128,16,16])]", "device": "NPU"}, {"output": ["/segment/S5_4/S5_4.2/conv1/relu/Relu_output_0_QuantizeLinear_Output"], "input": ["/segment/S5_4/S5_4.2/conv1/relu/Relu_output_0", "/bga/Mul_output_0_scale", "/segment/S5_4/S5_4.2/conv1/relu/Relu_output_0_zero_point"], "opType": "QuantizeLinear", "comment": "@299 [/segment/S5_4/S5_4.2/conv1/relu/Relu_output_0_QuantizeLinear_Output:(ty=2,shape=[1,128,16,16])] QuantizeLinear [/segment/S5_4/S5_4.2/conv1/relu/Relu_output_0:(ty=1,shape=[1,128,16,16]),/bga/Mul_output_0_scale:(ty=1,shape=[]),/segment/S5_4/S5_4.2/conv1/relu/Relu_output_0_zero_point:(ty=2,shape=[])]", "device": "NPU"}, {"output": ["/segment/S5_4/S5_4.2/conv1/relu/Relu_output_0_DequantizeLinear_Output"], "input": ["/segment/S5_4/S5_4.2/conv1/relu/Relu_output_0_QuantizeLinear_Output", "/bga/Mul_output_0_scale", "/segment/S5_4/S5_4.2/conv1/relu/Relu_output_0_zero_point"], "opType": "DequantizeLinear", "comment": "@300 [/segment/S5_4/S5_4.2/conv1/relu/Relu_output_0_DequantizeLinear_Output:(ty=1,shape=[1,128,16,16])] DequantizeLinear [/segment/S5_4/S5_4.2/conv1/relu/Relu_output_0_QuantizeLinear_Output:(ty=2,shape=[1,128,16,16]),/bga/Mul_output_0_scale:(ty=1,shape=[]),/segment/S5_4/S5_4.2/conv1/relu/Relu_output_0_zero_point:(ty=2,shape=[])]", "device": "NPU"}, {"output": ["onnx::Conv_633_DequantizeLinear_Output"], "input": ["onnx::Conv_633_quantized", "/bga/Mul_output_0_scale", "onnx::Conv_633_zero_point"], "opType": "DequantizeLinear", "comment": "@88 [onnx::Conv_633_DequantizeLinear_Output:(ty=1,shape=[768])] DequantizeLinear [onnx::Conv_633_quantized:(ty=3,shape=[768]),/bga/Mul_output_0_scale:(ty=1,shape=[]),onnx::Conv_633_zero_point:(ty=3,shape=[])]", "device": "NPU"}, {"output": ["onnx::Conv_632_DequantizeLinear_Output"], "input": ["onnx::Conv_632_quantized", "/segment/S1S2/left/left.0/relu/Relu_output_0_scale", "onnx::Conv_632_zero_point"], "opType": "DequantizeLinear", "comment": "@87 [onnx::Conv_632_DequantizeLinear_Output:(ty=1,shape=[768,1,3,3])] DequantizeLinear [onnx::Conv_632_quantized:(ty=3,shape=[768,1,3,3]),/segment/S1S2/left/left.0/relu/Relu_output_0_scale:(ty=1,shape=[]),onnx::Conv_632_zero_point:(ty=3,shape=[])]", "device": "NPU"}, {"output": ["/segment/S5_4/S5_4.2/dwconv/dwconv.0/Conv_output_0"], "input": ["/segment/S5_4/S5_4.2/conv1/relu/Relu_output_0_DequantizeLinear_Output", "onnx::Conv_632_DequantizeLinear_Output", "onnx::Conv_633_DequantizeLinear_Output"], "opType": "Conv", "comment": "@301 [/segment/S5_4/S5_4.2/dwconv/dwconv.0/Conv_output_0:(ty=1,shape=[1,768,16,16])] Conv [/segment/S5_4/S5_4.2/conv1/relu/Relu_output_0_DequantizeLinear_Output:(ty=1,shape=[1,128,16,16]),onnx::Conv_632_DequantizeLinear_Output:(ty=1,shape=[768,1,3,3]),onnx::Conv_633_DequantizeLinear_Output:(ty=1,shape=[768])]", "device": "NPU"}, {"output": ["/segment/S5_4/S5_4.2/dwconv/dwconv.2/Relu_output_0"], "input": ["/segment/S5_4/S5_4.2/dwconv/dwconv.0/Conv_output_0"], "opType": "Relu", "comment": "@302 [/segment/S5_4/S5_4.2/dwconv/dwconv.2/Relu_output_0:(ty=1,shape=[1,768,16,16])] Relu [/segment/S5_4/S5_4.2/dwconv/dwconv.0/Conv_output_0:(ty=1,shape=[1,768,16,16])]", "device": "NPU"}, {"output": ["/segment/S5_4/S5_4.2/dwconv/dwconv.2/Relu_output_0_QuantizeLinear_Output"], "input": ["/segment/S5_4/S5_4.2/dwconv/dwconv.2/Relu_output_0", "onnx::Conv_645_scale", "/segment/S5_4/S5_4.2/dwconv/dwconv.2/Relu_output_0_zero_point"], "opType": "QuantizeLinear", "comment": "@303 [/segment/S5_4/S5_4.2/dwconv/dwconv.2/Relu_output_0_QuantizeLinear_Output:(ty=2,shape=[1,768,16,16])] QuantizeLinear [/segment/S5_4/S5_4.2/dwconv/dwconv.2/Relu_output_0:(ty=1,shape=[1,768,16,16]),onnx::Conv_645_scale:(ty=1,shape=[]),/segment/S5_4/S5_4.2/dwconv/dwconv.2/Relu_output_0_zero_point:(ty=2,shape=[])]", "device": "NPU"}, {"output": ["/segment/S5_4/S5_4.2/dwconv/dwconv.2/Relu_output_0_DequantizeLinear_Output"], "input": ["/segment/S5_4/S5_4.2/dwconv/dwconv.2/Relu_output_0_QuantizeLinear_Output", "onnx::Conv_645_scale", "/segment/S5_4/S5_4.2/dwconv/dwconv.2/Relu_output_0_zero_point"], "opType": "DequantizeLinear", "comment": "@304 [/segment/S5_4/S5_4.2/dwconv/dwconv.2/Relu_output_0_DequantizeLinear_Output:(ty=1,shape=[1,768,16,16])] DequantizeLinear [/segment/S5_4/S5_4.2/dwconv/dwconv.2/Relu_output_0_QuantizeLinear_Output:(ty=2,shape=[1,768,16,16]),onnx::Conv_645_scale:(ty=1,shape=[]),/segment/S5_4/S5_4.2/dwconv/dwconv.2/Relu_output_0_zero_point:(ty=2,shape=[])]", "device": "NPU"}, {"output": ["onnx::Conv_636_DequantizeLinear_Output"], "input": ["onnx::Conv_636_quantized", "/bga/Mul_output_0_scale", "onnx::Conv_636_zero_point"], "opType": "DequantizeLinear", "comment": "@90 [onnx::Conv_636_DequantizeLinear_Output:(ty=1,shape=[128])] DequantizeLinear [onnx::Conv_636_quantized:(ty=3,shape=[128]),/bga/Mul_output_0_scale:(ty=1,shape=[]),onnx::Conv_636_zero_point:(ty=3,shape=[])]", "device": "NPU"}, {"output": ["onnx::Conv_635_DequantizeLinear_Output"], "input": ["onnx::Conv_635_quantized", "onnx::Conv_518_scale", "onnx::Conv_635_zero_point"], "opType": "DequantizeLinear", "comment": "@89 [onnx::Conv_635_DequantizeLinear_Output:(ty=1,shape=[128,768,1,1])] DequantizeLinear [onnx::Conv_635_quantized:(ty=3,shape=[128,768,1,1]),onnx::Conv_518_scale:(ty=1,shape=[]),onnx::Conv_635_zero_point:(ty=3,shape=[])]", "device": "NPU"}, {"output": ["/segment/S5_4/S5_4.2/conv2/conv2.0/Conv_output_0"], "input": ["/segment/S5_4/S5_4.2/dwconv/dwconv.2/Relu_output_0_DequantizeLinear_Output", "onnx::Conv_635_DequantizeLinear_Output", "onnx::Conv_636_DequantizeLinear_Output"], "opType": "Conv", "comment": "@305 [/segment/S5_4/S5_4.2/conv2/conv2.0/Conv_output_0:(ty=1,shape=[1,128,16,16])] Conv [/segment/S5_4/S5_4.2/dwconv/dwconv.2/Relu_output_0_DequantizeLinear_Output:(ty=1,shape=[1,768,16,16]),onnx::Conv_635_DequantizeLinear_Output:(ty=1,shape=[128,768,1,1]),onnx::Conv_636_DequantizeLinear_Output:(ty=1,shape=[128])]", "device": "NPU"}, {"output": ["/segment/S5_4/S5_4.2/conv2/conv2.0/Conv_output_0_QuantizeLinear_Output"], "input": ["/segment/S5_4/S5_4.2/conv2/conv2.0/Conv_output_0", "onnx::Conv_645_scale", "/segment/S5_4/S5_4.2/conv2/conv2.0/Conv_output_0_zero_point"], "opType": "QuantizeLinear", "comment": "@306 [/segment/S5_4/S5_4.2/conv2/conv2.0/Conv_output_0_QuantizeLinear_Output:(ty=2,shape=[1,128,16,16])] QuantizeLinear [/segment/S5_4/S5_4.2/conv2/conv2.0/Conv_output_0:(ty=1,shape=[1,128,16,16]),onnx::Conv_645_scale:(ty=1,shape=[]),/segment/S5_4/S5_4.2/conv2/conv2.0/Conv_output_0_zero_point:(ty=2,shape=[])]", "device": "NPU"}, {"output": ["/segment/S5_4/S5_4.2/conv2/conv2.0/Conv_output_0_DequantizeLinear_Output"], "input": ["/segment/S5_4/S5_4.2/conv2/conv2.0/Conv_output_0_QuantizeLinear_Output", "onnx::Conv_645_scale", "/segment/S5_4/S5_4.2/conv2/conv2.0/Conv_output_0_zero_point"], "opType": "DequantizeLinear", "comment": "@307 [/segment/S5_4/S5_4.2/conv2/conv2.0/Conv_output_0_DequantizeLinear_Output:(ty=1,shape=[1,128,16,16])] DequantizeLinear [/segment/S5_4/S5_4.2/conv2/conv2.0/Conv_output_0_QuantizeLinear_Output:(ty=2,shape=[1,128,16,16]),onnx::Conv_645_scale:(ty=1,shape=[]),/segment/S5_4/S5_4.2/conv2/conv2.0/Conv_output_0_zero_point:(ty=2,shape=[])]", "device": "NPU"}, {"output": ["/segment/S5_4/S5_4.2/Add_output_0"], "input": ["/segment/S5_4/S5_4.2/conv2/conv2.0/Conv_output_0_DequantizeLinear_Output", "/segment/S5_4/S5_4.1/relu/Relu_output_0_DequantizeLinear_Output/duplicated"], "opType": "Add", "comment": "@308 [/segment/S5_4/S5_4.2/Add_output_0:(ty=1,shape=[1,128,16,16])] Add [/segment/S5_4/S5_4.2/conv2/conv2.0/Conv_output_0_DequantizeLinear_Output:(ty=1,shape=[1,128,16,16]),/segment/S5_4/S5_4.1/relu/Relu_output_0_DequantizeLinear_Output/duplicated:(ty=1,shape=[1,128,16,16])]", "device": "NPU"}, {"output": ["/segment/S5_4/S5_4.2/relu/Relu_output_0"], "input": ["/segment/S5_4/S5_4.2/Add_output_0"], "opType": "Relu", "comment": "@309 [/segment/S5_4/S5_4.2/relu/Relu_output_0:(ty=1,shape=[1,128,16,16])] Relu [/segment/S5_4/S5_4.2/Add_output_0:(ty=1,shape=[1,128,16,16])]", "device": "NPU"}, {"output": ["/segment/S5_4/S5_4.2/relu/Relu_output_0_QuantizeLinear_Output"], "input": ["/segment/S5_4/S5_4.2/relu/Relu_output_0", "/segment/S1S2/left/left.0/relu/Relu_output_0_scale", "/segment/S5_4/S5_4.2/relu/Relu_output_0_zero_point"], "opType": "QuantizeLinear", "comment": "@310 [/segment/S5_4/S5_4.2/relu/Relu_output_0_QuantizeLinear_Output:(ty=2,shape=[1,128,16,16])] QuantizeLinear [/segment/S5_4/S5_4.2/relu/Relu_output_0:(ty=1,shape=[1,128,16,16]),/segment/S1S2/left/left.0/relu/Relu_output_0_scale:(ty=1,shape=[]),/segment/S5_4/S5_4.2/relu/Relu_output_0_zero_point:(ty=2,shape=[])]", "device": "NPU"}, {"output": ["/segment/S5_4/S5_4.2/relu/Relu_output_0_DequantizeLinear_Output/duplicated"], "input": ["/segment/S5_4/S5_4.2/relu/Relu_output_0_QuantizeLinear_Output", "/segment/S1S2/left/left.0/relu/Relu_output_0_scale", "/segment/S5_4/S5_4.2/relu/Relu_output_0_zero_point"], "opType": "DequantizeLinear", "comment": "@401 [/segment/S5_4/S5_4.2/relu/Relu_output_0_DequantizeLinear_Output/duplicated:(ty=1,shape=[1,128,16,16])] DequantizeLinear [/segment/S5_4/S5_4.2/relu/Relu_output_0_QuantizeLinear_Output:(ty=2,shape=[1,128,16,16]),/segment/S1S2/left/left.0/relu/Relu_output_0_scale:(ty=1,shape=[]),/segment/S5_4/S5_4.2/relu/Relu_output_0_zero_point:(ty=2,shape=[])]", "device": "NPU"}, {"output": ["/segment/S5_4/S5_4.2/relu/Relu_output_0_DequantizeLinear_Output"], "input": ["/segment/S5_4/S5_4.2/relu/Relu_output_0_QuantizeLinear_Output", "/segment/S1S2/left/left.0/relu/Relu_output_0_scale", "/segment/S5_4/S5_4.2/relu/Relu_output_0_zero_point"], "opType": "DequantizeLinear", "comment": "@311 [/segment/S5_4/S5_4.2/relu/Relu_output_0_DequantizeLinear_Output:(ty=1,shape=[1,128,16,16])] DequantizeLinear [/segment/S5_4/S5_4.2/relu/Relu_output_0_QuantizeLinear_Output:(ty=2,shape=[1,128,16,16]),/segment/S1S2/left/left.0/relu/Relu_output_0_scale:(ty=1,shape=[]),/segment/S5_4/S5_4.2/relu/Relu_output_0_zero_point:(ty=2,shape=[])]", "device": "NPU"}, {"output": ["onnx::Conv_639_DequantizeLinear_Output"], "input": ["onnx::Conv_639_quantized", "image_scale", "onnx::Conv_639_zero_point"], "opType": "DequantizeLinear", "comment": "@92 [onnx::Conv_639_DequantizeLinear_Output:(ty=1,shape=[128])] DequantizeLinear [onnx::Conv_639_quantized:(ty=3,shape=[128]),image_scale:(ty=1,shape=[]),onnx::Conv_639_zero_point:(ty=3,shape=[])]", "device": "NPU"}, {"output": ["onnx::Conv_638_DequantizeLinear_Output"], "input": ["onnx::Conv_638_quantized", "head.conv_out.weight_scale", "onnx::Conv_638_zero_point"], "opType": "DequantizeLinear", "comment": "@91 [onnx::Conv_638_DequantizeLinear_Output:(ty=1,shape=[128,128,3,3])] DequantizeLinear [onnx::Conv_638_quantized:(ty=3,shape=[128,128,3,3]),head.conv_out.weight_scale:(ty=1,shape=[]),onnx::Conv_638_zero_point:(ty=3,shape=[])]", "device": "NPU"}, {"output": ["/segment/S5_4/S5_4.3/conv1/conv/Conv_output_0"], "input": ["/segment/S5_4/S5_4.2/relu/Relu_output_0_DequantizeLinear_Output", "onnx::Conv_638_DequantizeLinear_Output", "onnx::Conv_639_DequantizeLinear_Output"], "opType": "Conv", "comment": "@312 [/segment/S5_4/S5_4.3/conv1/conv/Conv_output_0:(ty=1,shape=[1,128,16,16])] Conv [/segment/S5_4/S5_4.2/relu/Relu_output_0_DequantizeLinear_Output:(ty=1,shape=[1,128,16,16]),onnx::Conv_638_DequantizeLinear_Output:(ty=1,shape=[128,128,3,3]),onnx::Conv_639_DequantizeLinear_Output:(ty=1,shape=[128])]", "device": "NPU"}, {"output": ["/segment/S5_4/S5_4.3/conv1/relu/Relu_output_0"], "input": ["/segment/S5_4/S5_4.3/conv1/conv/Conv_output_0"], "opType": "Relu", "comment": "@313 [/segment/S5_4/S5_4.3/conv1/relu/Relu_output_0:(ty=1,shape=[1,128,16,16])] Relu [/segment/S5_4/S5_4.3/conv1/conv/Conv_output_0:(ty=1,shape=[1,128,16,16])]", "device": "NPU"}, {"output": ["/segment/S5_4/S5_4.3/conv1/relu/Relu_output_0_QuantizeLinear_Output"], "input": ["/segment/S5_4/S5_4.3/conv1/relu/Relu_output_0", "onnx::Conv_645_scale", "/segment/S5_4/S5_4.3/conv1/relu/Relu_output_0_zero_point"], "opType": "QuantizeLinear", "comment": "@314 [/segment/S5_4/S5_4.3/conv1/relu/Relu_output_0_QuantizeLinear_Output:(ty=2,shape=[1,128,16,16])] QuantizeLinear [/segment/S5_4/S5_4.3/conv1/relu/Relu_output_0:(ty=1,shape=[1,128,16,16]),onnx::Conv_645_scale:(ty=1,shape=[]),/segment/S5_4/S5_4.3/conv1/relu/Relu_output_0_zero_point:(ty=2,shape=[])]", "device": "NPU"}, {"output": ["/segment/S5_4/S5_4.3/conv1/relu/Relu_output_0_DequantizeLinear_Output"], "input": ["/segment/S5_4/S5_4.3/conv1/relu/Relu_output_0_QuantizeLinear_Output", "onnx::Conv_645_scale", "/segment/S5_4/S5_4.3/conv1/relu/Relu_output_0_zero_point"], "opType": "DequantizeLinear", "comment": "@315 [/segment/S5_4/S5_4.3/conv1/relu/Relu_output_0_DequantizeLinear_Output:(ty=1,shape=[1,128,16,16])] DequantizeLinear [/segment/S5_4/S5_4.3/conv1/relu/Relu_output_0_QuantizeLinear_Output:(ty=2,shape=[1,128,16,16]),onnx::Conv_645_scale:(ty=1,shape=[]),/segment/S5_4/S5_4.3/conv1/relu/Relu_output_0_zero_point:(ty=2,shape=[])]", "device": "NPU"}, {"output": ["onnx::Conv_642_DequantizeLinear_Output"], "input": ["onnx::Conv_642_quantized", "/bga/Mul_output_0_scale", "onnx::Conv_642_zero_point"], "opType": "DequantizeLinear", "comment": "@94 [onnx::Conv_642_DequantizeLinear_Output:(ty=1,shape=[768])] DequantizeLinear [onnx::Conv_642_quantized:(ty=3,shape=[768]),/bga/Mul_output_0_scale:(ty=1,shape=[]),onnx::Conv_642_zero_point:(ty=3,shape=[])]", "device": "NPU"}, {"output": ["onnx::Conv_641_DequantizeLinear_Output"], "input": ["onnx::Conv_641_quantized", "/bga/Mul_output_0_scale", "onnx::Conv_641_zero_point"], "opType": "DequantizeLinear", "comment": "@93 [onnx::Conv_641_DequantizeLinear_Output:(ty=1,shape=[768,1,3,3])] DequantizeLinear [onnx::Conv_641_quantized:(ty=3,shape=[768,1,3,3]),/bga/Mul_output_0_scale:(ty=1,shape=[]),onnx::Conv_641_zero_point:(ty=3,shape=[])]", "device": "NPU"}, {"output": ["/segment/S5_4/S5_4.3/dwconv/dwconv.0/Conv_output_0"], "input": ["/segment/S5_4/S5_4.3/conv1/relu/Relu_output_0_DequantizeLinear_Output", "onnx::Conv_641_DequantizeLinear_Output", "onnx::Conv_642_DequantizeLinear_Output"], "opType": "Conv", "comment": "@316 [/segment/S5_4/S5_4.3/dwconv/dwconv.0/Conv_output_0:(ty=1,shape=[1,768,16,16])] Conv [/segment/S5_4/S5_4.3/conv1/relu/Relu_output_0_DequantizeLinear_Output:(ty=1,shape=[1,128,16,16]),onnx::Conv_641_DequantizeLinear_Output:(ty=1,shape=[768,1,3,3]),onnx::Conv_642_DequantizeLinear_Output:(ty=1,shape=[768])]", "device": "NPU"}, {"output": ["/segment/S5_4/S5_4.3/dwconv/dwconv.2/Relu_output_0"], "input": ["/segment/S5_4/S5_4.3/dwconv/dwconv.0/Conv_output_0"], "opType": "Relu", "comment": "@317 [/segment/S5_4/S5_4.3/dwconv/dwconv.2/Relu_output_0:(ty=1,shape=[1,768,16,16])] Relu [/segment/S5_4/S5_4.3/dwconv/dwconv.0/Conv_output_0:(ty=1,shape=[1,768,16,16])]", "device": "NPU"}, {"output": ["/segment/S5_4/S5_4.3/dwconv/dwconv.2/Relu_output_0_QuantizeLinear_Output"], "input": ["/segment/S5_4/S5_4.3/dwconv/dwconv.2/Relu_output_0", "/bga/Mul_output_0_scale", "/segment/S5_4/S5_4.3/dwconv/dwconv.2/Relu_output_0_zero_point"], "opType": "QuantizeLinear", "comment": "@318 [/segment/S5_4/S5_4.3/dwconv/dwconv.2/Relu_output_0_QuantizeLinear_Output:(ty=2,shape=[1,768,16,16])] QuantizeLinear [/segment/S5_4/S5_4.3/dwconv/dwconv.2/Relu_output_0:(ty=1,shape=[1,768,16,16]),/bga/Mul_output_0_scale:(ty=1,shape=[]),/segment/S5_4/S5_4.3/dwconv/dwconv.2/Relu_output_0_zero_point:(ty=2,shape=[])]", "device": "NPU"}, {"output": ["/segment/S5_4/S5_4.3/dwconv/dwconv.2/Relu_output_0_DequantizeLinear_Output"], "input": ["/segment/S5_4/S5_4.3/dwconv/dwconv.2/Relu_output_0_QuantizeLinear_Output", "/bga/Mul_output_0_scale", "/segment/S5_4/S5_4.3/dwconv/dwconv.2/Relu_output_0_zero_point"], "opType": "DequantizeLinear", "comment": "@319 [/segment/S5_4/S5_4.3/dwconv/dwconv.2/Relu_output_0_DequantizeLinear_Output:(ty=1,shape=[1,768,16,16])] DequantizeLinear [/segment/S5_4/S5_4.3/dwconv/dwconv.2/Relu_output_0_QuantizeLinear_Output:(ty=2,shape=[1,768,16,16]),/bga/Mul_output_0_scale:(ty=1,shape=[]),/segment/S5_4/S5_4.3/dwconv/dwconv.2/Relu_output_0_zero_point:(ty=2,shape=[])]", "device": "NPU"}, {"output": ["onnx::Conv_645_DequantizeLinear_Output"], "input": ["onnx::Conv_645_quantized", "onnx::Conv_645_scale", "onnx::Conv_645_zero_point"], "opType": "DequantizeLinear", "comment": "@96 [onnx::Conv_645_DequantizeLinear_Output:(ty=1,shape=[128])] DequantizeLinear [onnx::Conv_645_quantized:(ty=3,shape=[128]),onnx::Conv_645_scale:(ty=1,shape=[]),onnx::Conv_645_zero_point:(ty=3,shape=[])]", "device": "NPU"}, {"output": ["onnx::Conv_644_DequantizeLinear_Output"], "input": ["onnx::Conv_644_quantized", "onnx::Conv_581_scale", "onnx::Conv_644_zero_point"], "opType": "DequantizeLinear", "comment": "@95 [onnx::Conv_644_DequantizeLinear_Output:(ty=1,shape=[128,768,1,1])] DequantizeLinear [onnx::Conv_644_quantized:(ty=3,shape=[128,768,1,1]),onnx::Conv_581_scale:(ty=1,shape=[]),onnx::Conv_644_zero_point:(ty=3,shape=[])]", "device": "NPU"}, {"output": ["/segment/S5_4/S5_4.3/conv2/conv2.0/Conv_output_0"], "input": ["/segment/S5_4/S5_4.3/dwconv/dwconv.2/Relu_output_0_DequantizeLinear_Output", "onnx::Conv_644_DequantizeLinear_Output", "onnx::Conv_645_DequantizeLinear_Output"], "opType": "Conv", "comment": "@320 [/segment/S5_4/S5_4.3/conv2/conv2.0/Conv_output_0:(ty=1,shape=[1,128,16,16])] Conv [/segment/S5_4/S5_4.3/dwconv/dwconv.2/Relu_output_0_DequantizeLinear_Output:(ty=1,shape=[1,768,16,16]),onnx::Conv_644_DequantizeLinear_Output:(ty=1,shape=[128,768,1,1]),onnx::Conv_645_DequantizeLinear_Output:(ty=1,shape=[128])]", "device": "NPU"}, {"output": ["/segment/S5_4/S5_4.3/conv2/conv2.0/Conv_output_0_QuantizeLinear_Output"], "input": ["/segment/S5_4/S5_4.3/conv2/conv2.0/Conv_output_0", "/segment/S1S2/left/left.0/relu/Relu_output_0_scale", "/segment/S5_4/S5_4.3/conv2/conv2.0/Conv_output_0_zero_point"], "opType": "QuantizeLinear", "comment": "@321 [/segment/S5_4/S5_4.3/conv2/conv2.0/Conv_output_0_QuantizeLinear_Output:(ty=2,shape=[1,128,16,16])] QuantizeLinear [/segment/S5_4/S5_4.3/conv2/conv2.0/Conv_output_0:(ty=1,shape=[1,128,16,16]),/segment/S1S2/left/left.0/relu/Relu_output_0_scale:(ty=1,shape=[]),/segment/S5_4/S5_4.3/conv2/conv2.0/Conv_output_0_zero_point:(ty=2,shape=[])]", "device": "NPU"}, {"output": ["/segment/S5_4/S5_4.3/conv2/conv2.0/Conv_output_0_DequantizeLinear_Output"], "input": ["/segment/S5_4/S5_4.3/conv2/conv2.0/Conv_output_0_QuantizeLinear_Output", "/segment/S1S2/left/left.0/relu/Relu_output_0_scale", "/segment/S5_4/S5_4.3/conv2/conv2.0/Conv_output_0_zero_point"], "opType": "DequantizeLinear", "comment": "@322 [/segment/S5_4/S5_4.3/conv2/conv2.0/Conv_output_0_DequantizeLinear_Output:(ty=1,shape=[1,128,16,16])] DequantizeLinear [/segment/S5_4/S5_4.3/conv2/conv2.0/Conv_output_0_QuantizeLinear_Output:(ty=2,shape=[1,128,16,16]),/segment/S1S2/left/left.0/relu/Relu_output_0_scale:(ty=1,shape=[]),/segment/S5_4/S5_4.3/conv2/conv2.0/Conv_output_0_zero_point:(ty=2,shape=[])]", "device": "NPU"}, {"output": ["/segment/S5_4/S5_4.3/Add_output_0"], "input": ["/segment/S5_4/S5_4.3/conv2/conv2.0/Conv_output_0_DequantizeLinear_Output", "/segment/S5_4/S5_4.2/relu/Relu_output_0_DequantizeLinear_Output/duplicated"], "opType": "Add", "comment": "@323 [/segment/S5_4/S5_4.3/Add_output_0:(ty=1,shape=[1,128,16,16])] Add [/segment/S5_4/S5_4.3/conv2/conv2.0/Conv_output_0_DequantizeLinear_Output:(ty=1,shape=[1,128,16,16]),/segment/S5_4/S5_4.2/relu/Relu_output_0_DequantizeLinear_Output/duplicated:(ty=1,shape=[1,128,16,16])]", "device": "NPU"}, {"output": ["/segment/S5_4/S5_4.3/relu/Relu_output_0"], "input": ["/segment/S5_4/S5_4.3/Add_output_0"], "opType": "Relu", "comment": "@324 [/segment/S5_4/S5_4.3/relu/Relu_output_0:(ty=1,shape=[1,128,16,16])] Relu [/segment/S5_4/S5_4.3/Add_output_0:(ty=1,shape=[1,128,16,16])]", "device": "NPU"}, {"output": ["/segment/S5_4/S5_4.3/relu/Relu_output_0_QuantizeLinear_Output"], "input": ["/segment/S5_4/S5_4.3/relu/Relu_output_0", "/segment/S1S2/left/left.0/relu/Relu_output_0_scale", "/segment/S5_4/S5_4.3/relu/Relu_output_0_zero_point"], "opType": "QuantizeLinear", "comment": "@325 [/segment/S5_4/S5_4.3/relu/Relu_output_0_QuantizeLinear_Output:(ty=2,shape=[1,128,16,16])] QuantizeLinear [/segment/S5_4/S5_4.3/relu/Relu_output_0:(ty=1,shape=[1,128,16,16]),/segment/S1S2/left/left.0/relu/Relu_output_0_scale:(ty=1,shape=[]),/segment/S5_4/S5_4.3/relu/Relu_output_0_zero_point:(ty=2,shape=[])]", "device": "NPU"}, {"output": ["/segment/S5_4/S5_4.3/relu/Relu_output_0_DequantizeLinear_Output/duplicated"], "input": ["/segment/S5_4/S5_4.3/relu/Relu_output_0_QuantizeLinear_Output", "/segment/S1S2/left/left.0/relu/Relu_output_0_scale", "/segment/S5_4/S5_4.3/relu/Relu_output_0_zero_point"], "opType": "DequantizeLinear", "comment": "@402 [/segment/S5_4/S5_4.3/relu/Relu_output_0_DequantizeLinear_Output/duplicated:(ty=1,shape=[1,128,16,16])] DequantizeLinear [/segment/S5_4/S5_4.3/relu/Relu_output_0_QuantizeLinear_Output:(ty=2,shape=[1,128,16,16]),/segment/S1S2/left/left.0/relu/Relu_output_0_scale:(ty=1,shape=[]),/segment/S5_4/S5_4.3/relu/Relu_output_0_zero_point:(ty=2,shape=[])]", "device": "NPU"}, {"output": ["/segment/S5_4/S5_4.3/relu/Relu_output_0_DequantizeLinear_Output"], "input": ["/segment/S5_4/S5_4.3/relu/Relu_output_0_QuantizeLinear_Output", "/segment/S1S2/left/left.0/relu/Relu_output_0_scale", "/segment/S5_4/S5_4.3/relu/Relu_output_0_zero_point"], "opType": "DequantizeLinear", "comment": "@326 [/segment/S5_4/S5_4.3/relu/Relu_output_0_DequantizeLinear_Output:(ty=1,shape=[1,128,16,16])] DequantizeLinear [/segment/S5_4/S5_4.3/relu/Relu_output_0_QuantizeLinear_Output:(ty=2,shape=[1,128,16,16]),/segment/S1S2/left/left.0/relu/Relu_output_0_scale:(ty=1,shape=[]),/segment/S5_4/S5_4.3/relu/Relu_output_0_zero_point:(ty=2,shape=[])]", "device": "NPU"}, {"output": ["/segment/S5_5/ReduceMean_output_0_Mul"], "input": ["/segment/S5_4/S5_4.3/relu/Relu_output_0_DequantizeLinear_Output"], "opType": "GlobalAveragePool", "comment": "@327 [/segment/S5_5/ReduceMean_output_0_Mul:(ty=1,shape=[1,128,1,1])] GlobalAveragePool [/segment/S5_4/S5_4.3/relu/Relu_output_0_DequantizeLinear_Output:(ty=1,shape=[1,128,16,16])]", "device": "NPU"}, {"output": ["/segment/S5_5/ReduceMean_output_0_QuantizeLinear_Output"], "input": ["/segment/S5_5/ReduceMean_output_0_Mul", "/segment/S1S2/left/left.0/relu/Relu_output_0_scale", "/segment/S5_5/ReduceMean_output_0_zero_point"], "opType": "QuantizeLinear", "comment": "@328 [/segment/S5_5/ReduceMean_output_0_QuantizeLinear_Output:(ty=2,shape=[1,128,1,1])] QuantizeLinear [/segment/S5_5/ReduceMean_output_0_Mul:(ty=1,shape=[1,128,1,1]),/segment/S1S2/left/left.0/relu/Relu_output_0_scale:(ty=1,shape=[]),/segment/S5_5/ReduceMean_output_0_zero_point:(ty=2,shape=[])]", "device": "NPU"}, {"output": ["/segment/S5_5/ReduceMean_output_0_DequantizeLinear_Output"], "input": ["/segment/S5_5/ReduceMean_output_0_QuantizeLinear_Output", "/segment/S1S2/left/left.0/relu/Relu_output_0_scale", "/segment/S5_5/ReduceMean_output_0_zero_point"], "opType": "DequantizeLinear", "comment": "@329 [/segment/S5_5/ReduceMean_output_0_DequantizeLinear_Output:(ty=1,shape=[1,128,1,1])] DequantizeLinear [/segment/S5_5/ReduceMean_output_0_QuantizeLinear_Output:(ty=2,shape=[1,128,1,1]),/segment/S1S2/left/left.0/relu/Relu_output_0_scale:(ty=1,shape=[]),/segment/S5_5/ReduceMean_output_0_zero_point:(ty=2,shape=[])]", "device": "NPU"}, {"output": ["/segment/S5_5/bn/BatchNormalization_output_0weights_DequantizeLinear_Output"], "input": ["/segment/S5_5/bn/BatchNormalization_output_0weights_quantized", "/segment/S1S2/left/left.0/relu/Relu_output_0_scale", "/segment/S5_5/bn/BatchNormalization_output_0weights_zero_point"], "opType": "DequantizeLinear", "comment": "@1 [/segment/S5_5/bn/BatchNormalization_output_0weights_DequantizeLinear_Output:(ty=1,shape=[128,1,1,1])] DequantizeLinear [/segment/S5_5/bn/BatchNormalization_output_0weights_quantized:(ty=3,shape=[128,1,1,1]),/segment/S1S2/left/left.0/relu/Relu_output_0_scale:(ty=1,shape=[]),/segment/S5_5/bn/BatchNormalization_output_0weights_zero_point:(ty=3,shape=[])]", "device": "NPU"}, {"output": ["/segment/S5_5/bn/BatchNormalization_output_0bias_DequantizeLinear_Output"], "input": ["/segment/S5_5/bn/BatchNormalization_output_0bias_quantized", "/segment/S1S2/left/left.0/relu/Relu_output_0_scale", "/segment/S5_5/bn/BatchNormalization_output_0bias_zero_point"], "opType": "DequantizeLinear", "comment": "@0 [/segment/S5_5/bn/BatchNormalization_output_0bias_DequantizeLinear_Output:(ty=1,shape=[128])] DequantizeLinear [/segment/S5_5/bn/BatchNormalization_output_0bias_quantized:(ty=3,shape=[128]),/segment/S1S2/left/left.0/relu/Relu_output_0_scale:(ty=1,shape=[]),/segment/S5_5/bn/BatchNormalization_output_0bias_zero_point:(ty=3,shape=[])]", "device": "NPU"}, {"output": ["/segment/S5_5/bn/BatchNormalization_output_0"], "input": ["/segment/S5_5/ReduceMean_output_0_DequantizeLinear_Output", "/segment/S5_5/bn/BatchNormalization_output_0weights_DequantizeLinear_Output", "/segment/S5_5/bn/BatchNormalization_output_0bias_DequantizeLinear_Output"], "opType": "Conv", "comment": "@330 [/segment/S5_5/bn/BatchNormalization_output_0:(ty=1,shape=[1,128,1,1])] Conv [/segment/S5_5/ReduceMean_output_0_DequantizeLinear_Output:(ty=1,shape=[1,128,1,1]),/segment/S5_5/bn/BatchNormalization_output_0weights_DequantizeLinear_Output:(ty=1,shape=[128,1,1,1]),/segment/S5_5/bn/BatchNormalization_output_0bias_DequantizeLinear_Output:(ty=1,shape=[128])]", "device": "NPU"}, {"output": ["/segment/S5_5/bn/BatchNormalization_output_0_QuantizeLinear_Output"], "input": ["/segment/S5_5/bn/BatchNormalization_output_0", "/detail/S2/S2.0/relu/Relu_output_0_scale", "/segment/S5_5/bn/BatchNormalization_output_0_zero_point"], "opType": "QuantizeLinear", "comment": "@331 [/segment/S5_5/bn/BatchNormalization_output_0_QuantizeLinear_Output:(ty=2,shape=[1,128,1,1])] QuantizeLinear [/segment/S5_5/bn/BatchNormalization_output_0:(ty=1,shape=[1,128,1,1]),/detail/S2/S2.0/relu/Relu_output_0_scale:(ty=1,shape=[]),/segment/S5_5/bn/BatchNormalization_output_0_zero_point:(ty=2,shape=[])]", "device": "NPU"}, {"output": ["/segment/S5_5/bn/BatchNormalization_output_0_DequantizeLinear_Output"], "input": ["/segment/S5_5/bn/BatchNormalization_output_0_QuantizeLinear_Output", "/detail/S2/S2.0/relu/Relu_output_0_scale", "/segment/S5_5/bn/BatchNormalization_output_0_zero_point"], "opType": "DequantizeLinear", "comment": "@332 [/segment/S5_5/bn/BatchNormalization_output_0_DequantizeLinear_Output:(ty=1,shape=[1,128,1,1])] DequantizeLinear [/segment/S5_5/bn/BatchNormalization_output_0_QuantizeLinear_Output:(ty=2,shape=[1,128,1,1]),/detail/S2/S2.0/relu/Relu_output_0_scale:(ty=1,shape=[]),/segment/S5_5/bn/BatchNormalization_output_0_zero_point:(ty=2,shape=[])]", "device": "NPU"}, {"output": ["onnx::Conv_648_DequantizeLinear_Output"], "input": ["onnx::Conv_648_quantized", "onnx::Conv_645_scale", "onnx::Conv_648_zero_point"], "opType": "DequantizeLinear", "comment": "@98 [onnx::Conv_648_DequantizeLinear_Output:(ty=1,shape=[128])] DequantizeLinear [onnx::Conv_648_quantized:(ty=3,shape=[128]),onnx::Conv_645_scale:(ty=1,shape=[]),onnx::Conv_648_zero_point:(ty=3,shape=[])]", "device": "NPU"}, {"output": ["onnx::Conv_647_DequantizeLinear_Output"], "input": ["onnx::Conv_647_quantized", "bga.right2.2.weight_scale", "onnx::Conv_647_zero_point"], "opType": "DequantizeLinear", "comment": "@97 [onnx::Conv_647_DequantizeLinear_Output:(ty=1,shape=[128,128,1,1])] DequantizeLinear [onnx::Conv_647_quantized:(ty=3,shape=[128,128,1,1]),bga.right2.2.weight_scale:(ty=1,shape=[]),onnx::Conv_647_zero_point:(ty=3,shape=[])]", "device": "NPU"}, {"output": ["/segment/S5_5/conv_gap/conv/Conv_output_0"], "input": ["/segment/S5_5/bn/BatchNormalization_output_0_DequantizeLinear_Output", "onnx::Conv_647_DequantizeLinear_Output", "onnx::Conv_648_DequantizeLinear_Output"], "opType": "Conv", "comment": "@333 [/segment/S5_5/conv_gap/conv/Conv_output_0:(ty=1,shape=[1,128,1,1])] Conv [/segment/S5_5/bn/BatchNormalization_output_0_DequantizeLinear_Output:(ty=1,shape=[1,128,1,1]),onnx::Conv_647_DequantizeLinear_Output:(ty=1,shape=[128,128,1,1]),onnx::Conv_648_DequantizeLinear_Output:(ty=1,shape=[128])]", "device": "NPU"}, {"output": ["/segment/S5_5/conv_gap/relu/Relu_output_0"], "input": ["/segment/S5_5/conv_gap/conv/Conv_output_0"], "opType": "Relu", "comment": "@334 [/segment/S5_5/conv_gap/relu/Relu_output_0:(ty=1,shape=[1,128,1,1])] Relu [/segment/S5_5/conv_gap/conv/Conv_output_0:(ty=1,shape=[1,128,1,1])]", "device": "NPU"}, {"output": ["/segment/S5_5/conv_gap/relu/Relu_output_0_QuantizeLinear_Output"], "input": ["/segment/S5_5/conv_gap/relu/Relu_output_0", "/segment/S1S2/left/left.0/relu/Relu_output_0_scale", "/segment/S5_5/conv_gap/relu/Relu_output_0_zero_point"], "opType": "QuantizeLinear", "comment": "@335 [/segment/S5_5/conv_gap/relu/Relu_output_0_QuantizeLinear_Output:(ty=2,shape=[1,128,1,1])] QuantizeLinear [/segment/S5_5/conv_gap/relu/Relu_output_0:(ty=1,shape=[1,128,1,1]),/segment/S1S2/left/left.0/relu/Relu_output_0_scale:(ty=1,shape=[]),/segment/S5_5/conv_gap/relu/Relu_output_0_zero_point:(ty=2,shape=[])]", "device": "NPU"}, {"output": ["/segment/S5_5/conv_gap/relu/Relu_output_0_DequantizeLinear_Output"], "input": ["/segment/S5_5/conv_gap/relu/Relu_output_0_QuantizeLinear_Output", "/segment/S1S2/left/left.0/relu/Relu_output_0_scale", "/segment/S5_5/conv_gap/relu/Relu_output_0_zero_point"], "opType": "DequantizeLinear", "comment": "@336 [/segment/S5_5/conv_gap/relu/Relu_output_0_DequantizeLinear_Output:(ty=1,shape=[1,128,1,1])] DequantizeLinear [/segment/S5_5/conv_gap/relu/Relu_output_0_QuantizeLinear_Output:(ty=2,shape=[1,128,1,1]),/segment/S1S2/left/left.0/relu/Relu_output_0_scale:(ty=1,shape=[]),/segment/S5_5/conv_gap/relu/Relu_output_0_zero_point:(ty=2,shape=[])]", "device": "NPU"}, {"output": ["/segment/S5_5/Add_output_0"], "input": ["/segment/S5_5/conv_gap/relu/Relu_output_0_DequantizeLinear_Output", "/segment/S5_4/S5_4.3/relu/Relu_output_0_DequantizeLinear_Output/duplicated"], "opType": "Add", "comment": "@337 [/segment/S5_5/Add_output_0:(ty=1,shape=[1,128,16,16])] Add [/segment/S5_5/conv_gap/relu/Relu_output_0_DequantizeLinear_Output:(ty=1,shape=[1,128,1,1]),/segment/S5_4/S5_4.3/relu/Relu_output_0_DequantizeLinear_Output/duplicated:(ty=1,shape=[1,128,16,16])]", "device": "NPU"}, {"output": ["/segment/S5_5/Add_output_0_QuantizeLinear_Output"], "input": ["/segment/S5_5/Add_output_0", "/segment/S1S2/left/left.0/relu/Relu_output_0_scale", "/segment/S5_5/Add_output_0_zero_point"], "opType": "QuantizeLinear", "comment": "@338 [/segment/S5_5/Add_output_0_QuantizeLinear_Output:(ty=2,shape=[1,128,16,16])] QuantizeLinear [/segment/S5_5/Add_output_0:(ty=1,shape=[1,128,16,16]),/segment/S1S2/left/left.0/relu/Relu_output_0_scale:(ty=1,shape=[]),/segment/S5_5/Add_output_0_zero_point:(ty=2,shape=[])]", "device": "NPU"}, {"output": ["/segment/S5_5/Add_output_0_DequantizeLinear_Output"], "input": ["/segment/S5_5/Add_output_0_QuantizeLinear_Output", "/segment/S1S2/left/left.0/relu/Relu_output_0_scale", "/segment/S5_5/Add_output_0_zero_point"], "opType": "DequantizeLinear", "comment": "@339 [/segment/S5_5/Add_output_0_DequantizeLinear_Output:(ty=1,shape=[1,128,16,16])] DequantizeLinear [/segment/S5_5/Add_output_0_QuantizeLinear_Output:(ty=2,shape=[1,128,16,16]),/segment/S1S2/left/left.0/relu/Relu_output_0_scale:(ty=1,shape=[]),/segment/S5_5/Add_output_0_zero_point:(ty=2,shape=[])]", "device": "NPU"}, {"output": ["onnx::Conv_651_DequantizeLinear_Output"], "input": ["onnx::Conv_651_quantized", "onnx::Conv_645_scale", "onnx::Conv_651_zero_point"], "opType": "DequantizeLinear", "comment": "@100 [onnx::Conv_651_DequantizeLinear_Output:(ty=1,shape=[128])] DequantizeLinear [onnx::Conv_651_quantized:(ty=3,shape=[128]),onnx::Conv_645_scale:(ty=1,shape=[]),onnx::Conv_651_zero_point:(ty=3,shape=[])]", "device": "NPU"}, {"output": ["onnx::Conv_650_DequantizeLinear_Output"], "input": ["onnx::Conv_650_quantized", "onnx::Conv_602_scale", "onnx::Conv_650_zero_point"], "opType": "DequantizeLinear", "comment": "@99 [onnx::Conv_650_DequantizeLinear_Output:(ty=1,shape=[128,128,3,3])] DequantizeLinear [onnx::Conv_650_quantized:(ty=3,shape=[128,128,3,3]),onnx::Conv_602_scale:(ty=1,shape=[]),onnx::Conv_650_zero_point:(ty=3,shape=[])]", "device": "NPU"}, {"output": ["/segment/S5_5/conv_last/conv/Conv_output_0"], "input": ["/segment/S5_5/Add_output_0_DequantizeLinear_Output", "onnx::Conv_650_DequantizeLinear_Output", "onnx::Conv_651_DequantizeLinear_Output"], "opType": "Conv", "comment": "@340 [/segment/S5_5/conv_last/conv/Conv_output_0:(ty=1,shape=[1,128,16,16])] Conv [/segment/S5_5/Add_output_0_DequantizeLinear_Output:(ty=1,shape=[1,128,16,16]),onnx::Conv_650_DequantizeLinear_Output:(ty=1,shape=[128,128,3,3]),onnx::Conv_651_DequantizeLinear_Output:(ty=1,shape=[128])]", "device": "NPU"}, {"output": ["/segment/S5_5/conv_last/relu/Relu_output_0"], "input": ["/segment/S5_5/conv_last/conv/Conv_output_0"], "opType": "Relu", "comment": "@341 [/segment/S5_5/conv_last/relu/Relu_output_0:(ty=1,shape=[1,128,16,16])] Relu [/segment/S5_5/conv_last/conv/Conv_output_0:(ty=1,shape=[1,128,16,16])]", "device": "NPU"}, {"output": ["/segment/S5_5/conv_last/relu/Relu_output_0_QuantizeLinear_Output"], "input": ["/segment/S5_5/conv_last/relu/Relu_output_0", "onnx::Conv_645_scale", "/segment/S5_5/conv_last/relu/Relu_output_0_zero_point"], "opType": "QuantizeLinear", "comment": "@342 [/segment/S5_5/conv_last/relu/Relu_output_0_QuantizeLinear_Output:(ty=2,shape=[1,128,16,16])] QuantizeLinear [/segment/S5_5/conv_last/relu/Relu_output_0:(ty=1,shape=[1,128,16,16]),onnx::Conv_645_scale:(ty=1,shape=[]),/segment/S5_5/conv_last/relu/Relu_output_0_zero_point:(ty=2,shape=[])]", "device": "NPU"}, {"output": ["/segment/S5_5/conv_last/relu/Relu_output_0_DequantizeLinear_Output/duplicated"], "input": ["/segment/S5_5/conv_last/relu/Relu_output_0_QuantizeLinear_Output", "onnx::Conv_645_scale", "/segment/S5_5/conv_last/relu/Relu_output_0_zero_point"], "opType": "DequantizeLinear", "comment": "@403 [/segment/S5_5/conv_last/relu/Relu_output_0_DequantizeLinear_Output/duplicated:(ty=1,shape=[1,128,16,16])] DequantizeLinear [/segment/S5_5/conv_last/relu/Relu_output_0_QuantizeLinear_Output:(ty=2,shape=[1,128,16,16]),onnx::Conv_645_scale:(ty=1,shape=[]),/segment/S5_5/conv_last/relu/Relu_output_0_zero_point:(ty=2,shape=[])]", "device": "NPU"}, {"output": ["onnx::Conv_663_DequantizeLinear_Output"], "input": ["onnx::Conv_663_quantized", "onnx::Conv_518_scale", "onnx::Conv_663_zero_point"], "opType": "DequantizeLinear", "comment": "@108 [onnx::Conv_663_DequantizeLinear_Output:(ty=1,shape=[128])] DequantizeLinear [onnx::Conv_663_quantized:(ty=3,shape=[128]),onnx::Conv_518_scale:(ty=1,shape=[]),onnx::Conv_663_zero_point:(ty=3,shape=[])]", "device": "NPU"}, {"output": ["onnx::Conv_662_DequantizeLinear_Output"], "input": ["onnx::Conv_662_quantized", "bga.right2.2.weight_scale", "onnx::Conv_662_zero_point"], "opType": "DequantizeLinear", "comment": "@107 [onnx::Conv_662_DequantizeLinear_Output:(ty=1,shape=[128,1,3,3])] DequantizeLinear [onnx::Conv_662_quantized:(ty=3,shape=[128,1,3,3]),bga.right2.2.weight_scale:(ty=1,shape=[]),onnx::Conv_662_zero_point:(ty=3,shape=[])]", "device": "NPU"}, {"output": ["/bga/right2/right2.0/Conv_output_0"], "input": ["/segment/S5_5/conv_last/relu/Relu_output_0_DequantizeLinear_Output/duplicated", "onnx::Conv_662_DequantizeLinear_Output", "onnx::Conv_663_DequantizeLinear_Output"], "opType": "Conv", "comment": "@345 [/bga/right2/right2.0/Conv_output_0:(ty=1,shape=[1,128,16,16])] Conv [/segment/S5_5/conv_last/relu/Relu_output_0_DequantizeLinear_Output/duplicated:(ty=1,shape=[1,128,16,16]),onnx::Conv_662_DequantizeLinear_Output:(ty=1,shape=[128,1,3,3]),onnx::Conv_663_DequantizeLinear_Output:(ty=1,shape=[128])]", "device": "NPU"}, {"output": ["/bga/right2/right2.0/Conv_output_0_QuantizeLinear_Output"], "input": ["/bga/right2/right2.0/Conv_output_0", "/bga/Mul_output_0_scale", "/bga/right2/right2.0/Conv_output_0_zero_point"], "opType": "QuantizeLinear", "comment": "@347 [/bga/right2/right2.0/Conv_output_0_QuantizeLinear_Output:(ty=2,shape=[1,128,16,16])] QuantizeLinear [/bga/right2/right2.0/Conv_output_0:(ty=1,shape=[1,128,16,16]),/bga/Mul_output_0_scale:(ty=1,shape=[]),/bga/right2/right2.0/Conv_output_0_zero_point:(ty=2,shape=[])]", "device": "NPU"}, {"output": ["/bga/right2/right2.0/Conv_output_0_DequantizeLinear_Output"], "input": ["/bga/right2/right2.0/Conv_output_0_QuantizeLinear_Output", "/bga/Mul_output_0_scale", "/bga/right2/right2.0/Conv_output_0_zero_point"], "opType": "DequantizeLinear", "comment": "@349 [/bga/right2/right2.0/Conv_output_0_DequantizeLinear_Output:(ty=1,shape=[1,128,16,16])] DequantizeLinear [/bga/right2/right2.0/Conv_output_0_QuantizeLinear_Output:(ty=2,shape=[1,128,16,16]),/bga/Mul_output_0_scale:(ty=1,shape=[]),/bga/right2/right2.0/Conv_output_0_zero_point:(ty=2,shape=[])]", "device": "NPU"}, {"output": ["bga.right2.2.weight_DequantizeLinear_Output"], "input": ["bga.right2.2.weight_quantized", "bga.right2.2.weight_scale", "bga.right2.2.weight_zero_point"], "opType": "DequantizeLinear", "comment": "@3 [bga.right2.2.weight_DequantizeLinear_Output:(ty=1,shape=[128,128,1,1])] DequantizeLinear [bga.right2.2.weight_quantized:(ty=3,shape=[128,128,1,1]),bga.right2.2.weight_scale:(ty=1,shape=[]),bga.right2.2.weight_zero_point:(ty=3,shape=[])]", "device": "NPU"}, {"output": ["/bga/right2/right2.2/Conv_output_0"], "input": ["/bga/right2/right2.0/Conv_output_0_DequantizeLinear_Output", "bga.right2.2.weight_DequantizeLinear_Output"], "opType": "Conv", "comment": "@351 [/bga/right2/right2.2/Conv_output_0:(ty=1,shape=[1,128,16,16])] Conv [/bga/right2/right2.0/Conv_output_0_DequantizeLinear_Output:(ty=1,shape=[1,128,16,16]),bga.right2.2.weight_DequantizeLinear_Output:(ty=1,shape=[128,128,1,1])]", "device": "NPU"}, {"output": ["/bga/right2/right2.2/Conv_output_0_QuantizeLinear_Output"], "input": ["/bga/right2/right2.2/Conv_output_0", "image_scale", "/bga/right2/right2.2/Conv_output_0_zero_point"], "opType": "QuantizeLinear", "comment": "@353 [/bga/right2/right2.2/Conv_output_0_QuantizeLinear_Output:(ty=2,shape=[1,128,16,16])] QuantizeLinear [/bga/right2/right2.2/Conv_output_0:(ty=1,shape=[1,128,16,16]),image_scale:(ty=1,shape=[]),/bga/right2/right2.2/Conv_output_0_zero_point:(ty=2,shape=[])]", "device": "NPU"}, {"output": ["/bga/right2/right2.2/Conv_output_0_DequantizeLinear_Output"], "input": ["/bga/right2/right2.2/Conv_output_0_QuantizeLinear_Output", "image_scale", "/bga/right2/right2.2/Conv_output_0_zero_point"], "opType": "DequantizeLinear", "comment": "@355 [/bga/right2/right2.2/Conv_output_0_DequantizeLinear_Output:(ty=1,shape=[1,128,16,16])] DequantizeLinear [/bga/right2/right2.2/Conv_output_0_QuantizeLinear_Output:(ty=2,shape=[1,128,16,16]),image_scale:(ty=1,shape=[]),/bga/right2/right2.2/Conv_output_0_zero_point:(ty=2,shape=[])]", "device": "NPU"}, {"output": ["/bga/Sigmoid_1_output_0_Mul"], "input": ["/bga/right2/right2.2/Conv_output_0_DequantizeLinear_Output"], "opType": "HardSigmoid", "comment": "@387 [/bga/Sigmoid_1_output_0_Mul:(ty=1,shape=[1,128,16,16])] HardSigmoid [/bga/right2/right2.2/Conv_output_0_DequantizeLinear_Output:(ty=1,shape=[1,128,16,16])]", "device": "NPU"}, {"output": ["/bga/Sigmoid_1_output_0"], "input": ["/bga/Sigmoid_1_output_0_Mul", "/bga/Sigmoid_output_0_Scale"], "opType": "Mul", "comment": "@389 [/bga/Sigmoid_1_output_0:(ty=1,shape=[1,128,16,16])] Mul [/bga/Sigmoid_1_output_0_Mul:(ty=1,shape=[1,128,16,16]),/bga/Sigmoid_output_0_Scale:(ty=1,shape=[])]", "device": "NPU"}, {"output": ["/bga/Sigmoid_1_output_0_QuantizeLinear_Output"], "input": ["/bga/Sigmoid_1_output_0", "onnx::Conv_518_scale", "/bga/Sigmoid_1_output_0_zero_point"], "opType": "QuantizeLinear", "comment": "@357 [/bga/Sigmoid_1_output_0_QuantizeLinear_Output:(ty=2,shape=[1,128,16,16])] QuantizeLinear [/bga/Sigmoid_1_output_0:(ty=1,shape=[1,128,16,16]),onnx::Conv_518_scale:(ty=1,shape=[]),/bga/Sigmoid_1_output_0_zero_point:(ty=2,shape=[])]", "device": "NPU"}, {"output": ["/bga/Sigmoid_1_output_0_DequantizeLinear_Output"], "input": ["/bga/Sigmoid_1_output_0_QuantizeLinear_Output", "onnx::Conv_518_scale", "/bga/Sigmoid_1_output_0_zero_point"], "opType": "DequantizeLinear", "comment": "@359 [/bga/Sigmoid_1_output_0_DequantizeLinear_Output:(ty=1,shape=[1,128,16,16])] DequantizeLinear [/bga/Sigmoid_1_output_0_QuantizeLinear_Output:(ty=2,shape=[1,128,16,16]),onnx::Conv_518_scale:(ty=1,shape=[]),/bga/Sigmoid_1_output_0_zero_point:(ty=2,shape=[])]", "device": "NPU"}, {"output": ["image_DequantizeLinear_Output"], "input": ["image_QuantizeLinear_Output", "image_scale", "image_zero_point"], "opType": "DequantizeLinear", "comment": "@113 [image_DequantizeLinear_Output:(ty=1,shape=[1,3,512,512])] DequantizeLinear [image_QuantizeLinear_Output:(ty=2,shape=[1,3,512,512]),image_scale:(ty=1,shape=[]),image_zero_point:(ty=2,shape=[])]", "device": "NPU"}, {"output": ["onnx::Conv_513_DequantizeLinear_Output"], "input": ["onnx::Conv_513_quantized", "image_scale", "onnx::Conv_513_zero_point"], "opType": "DequantizeLinear", "comment": "@8 [onnx::Conv_513_DequantizeLinear_Output:(ty=1,shape=[64])] DequantizeLinear [onnx::Conv_513_quantized:(ty=3,shape=[64]),image_scale:(ty=1,shape=[]),onnx::Conv_513_zero_point:(ty=3,shape=[])]", "device": "NPU"}, {"output": ["onnx::Conv_512_DequantizeLinear_Output"], "input": ["onnx::Conv_512_quantized", "image_scale", "onnx::Conv_512_zero_point"], "opType": "DequantizeLinear", "comment": "@7 [onnx::Conv_512_DequantizeLinear_Output:(ty=1,shape=[64,3,3,3])] DequantizeLinear [onnx::Conv_512_quantized:(ty=3,shape=[64,3,3,3]),image_scale:(ty=1,shape=[]),onnx::Conv_512_zero_point:(ty=3,shape=[])]", "device": "NPU"}, {"output": ["/detail/S1/S1.0/conv/Conv_output_0"], "input": ["image_DequantizeLinear_Output", "onnx::Conv_512_DequantizeLinear_Output", "onnx::Conv_513_DequantizeLinear_Output"], "opType": "Conv", "comment": "@114 [/detail/S1/S1.0/conv/Conv_output_0:(ty=1,shape=[1,64,256,256])] Conv [image_DequantizeLinear_Output:(ty=1,shape=[1,3,512,512]),onnx::Conv_512_DequantizeLinear_Output:(ty=1,shape=[64,3,3,3]),onnx::Conv_513_DequantizeLinear_Output:(ty=1,shape=[64])]", "device": "NPU"}, {"output": ["/detail/S1/S1.0/relu/Relu_output_0"], "input": ["/detail/S1/S1.0/conv/Conv_output_0"], "opType": "Relu", "comment": "@116 [/detail/S1/S1.0/relu/Relu_output_0:(ty=1,shape=[1,64,256,256])] Relu [/detail/S1/S1.0/conv/Conv_output_0:(ty=1,shape=[1,64,256,256])]", "device": "NPU"}, {"output": ["/detail/S1/S1.0/relu/Relu_output_0_QuantizeLinear_Output"], "input": ["/detail/S1/S1.0/relu/Relu_output_0", "/segment/S1S2/left/left.0/relu/Relu_output_0_scale", "/detail/S1/S1.0/relu/Relu_output_0_zero_point"], "opType": "QuantizeLinear", "comment": "@118 [/detail/S1/S1.0/relu/Relu_output_0_QuantizeLinear_Output:(ty=2,shape=[1,64,256,256])] QuantizeLinear [/detail/S1/S1.0/relu/Relu_output_0:(ty=1,shape=[1,64,256,256]),/segment/S1S2/left/left.0/relu/Relu_output_0_scale:(ty=1,shape=[]),/detail/S1/S1.0/relu/Relu_output_0_zero_point:(ty=2,shape=[])]", "device": "NPU"}, {"output": ["/detail/S1/S1.0/relu/Relu_output_0_DequantizeLinear_Output"], "input": ["/detail/S1/S1.0/relu/Relu_output_0_QuantizeLinear_Output", "/segment/S1S2/left/left.0/relu/Relu_output_0_scale", "/detail/S1/S1.0/relu/Relu_output_0_zero_point"], "opType": "DequantizeLinear", "comment": "@120 [/detail/S1/S1.0/relu/Relu_output_0_DequantizeLinear_Output:(ty=1,shape=[1,64,256,256])] DequantizeLinear [/detail/S1/S1.0/relu/Relu_output_0_QuantizeLinear_Output:(ty=2,shape=[1,64,256,256]),/segment/S1S2/left/left.0/relu/Relu_output_0_scale:(ty=1,shape=[]),/detail/S1/S1.0/relu/Relu_output_0_zero_point:(ty=2,shape=[])]", "device": "NPU"}, {"output": ["onnx::Conv_516_DequantizeLinear_Output"], "input": ["onnx::Conv_516_quantized", "/bga/Mul_output_0_scale", "onnx::Conv_516_zero_point"], "opType": "DequantizeLinear", "comment": "@10 [onnx::Conv_516_DequantizeLinear_Output:(ty=1,shape=[64])] DequantizeLinear [onnx::Conv_516_quantized:(ty=3,shape=[64]),/bga/Mul_output_0_scale:(ty=1,shape=[]),onnx::Conv_516_zero_point:(ty=3,shape=[])]", "device": "NPU"}, {"output": ["onnx::Conv_515_DequantizeLinear_Output"], "input": ["onnx::Conv_515_quantized", "onnx::Conv_581_scale", "onnx::Conv_515_zero_point"], "opType": "DequantizeLinear", "comment": "@9 [onnx::Conv_515_DequantizeLinear_Output:(ty=1,shape=[64,64,3,3])] DequantizeLinear [onnx::Conv_515_quantized:(ty=3,shape=[64,64,3,3]),onnx::Conv_581_scale:(ty=1,shape=[]),onnx::Conv_515_zero_point:(ty=3,shape=[])]", "device": "NPU"}, {"output": ["/detail/S1/S1.1/conv/Conv_output_0"], "input": ["/detail/S1/S1.0/relu/Relu_output_0_DequantizeLinear_Output", "onnx::Conv_515_DequantizeLinear_Output", "onnx::Conv_516_DequantizeLinear_Output"], "opType": "Conv", "comment": "@122 [/detail/S1/S1.1/conv/Conv_output_0:(ty=1,shape=[1,64,256,256])] Conv [/detail/S1/S1.0/relu/Relu_output_0_DequantizeLinear_Output:(ty=1,shape=[1,64,256,256]),onnx::Conv_515_DequantizeLinear_Output:(ty=1,shape=[64,64,3,3]),onnx::Conv_516_DequantizeLinear_Output:(ty=1,shape=[64])]", "device": "NPU"}, {"output": ["/detail/S1/S1.1/relu/Relu_output_0"], "input": ["/detail/S1/S1.1/conv/Conv_output_0"], "opType": "Relu", "comment": "@125 [/detail/S1/S1.1/relu/Relu_output_0:(ty=1,shape=[1,64,256,256])] Relu [/detail/S1/S1.1/conv/Conv_output_0:(ty=1,shape=[1,64,256,256])]", "device": "NPU"}, {"output": ["/detail/S1/S1.1/relu/Relu_output_0_QuantizeLinear_Output"], "input": ["/detail/S1/S1.1/relu/Relu_output_0", "/detail/S2/S2.0/relu/Relu_output_0_scale", "/detail/S1/S1.1/relu/Relu_output_0_zero_point"], "opType": "QuantizeLinear", "comment": "@128 [/detail/S1/S1.1/relu/Relu_output_0_QuantizeLinear_Output:(ty=2,shape=[1,64,256,256])] QuantizeLinear [/detail/S1/S1.1/relu/Relu_output_0:(ty=1,shape=[1,64,256,256]),/detail/S2/S2.0/relu/Relu_output_0_scale:(ty=1,shape=[]),/detail/S1/S1.1/relu/Relu_output_0_zero_point:(ty=2,shape=[])]", "device": "NPU"}, {"output": ["/detail/S1/S1.1/relu/Relu_output_0_DequantizeLinear_Output"], "input": ["/detail/S1/S1.1/relu/Relu_output_0_QuantizeLinear_Output", "/detail/S2/S2.0/relu/Relu_output_0_scale", "/detail/S1/S1.1/relu/Relu_output_0_zero_point"], "opType": "DequantizeLinear", "comment": "@131 [/detail/S1/S1.1/relu/Relu_output_0_DequantizeLinear_Output:(ty=1,shape=[1,64,256,256])] DequantizeLinear [/detail/S1/S1.1/relu/Relu_output_0_QuantizeLinear_Output:(ty=2,shape=[1,64,256,256]),/detail/S2/S2.0/relu/Relu_output_0_scale:(ty=1,shape=[]),/detail/S1/S1.1/relu/Relu_output_0_zero_point:(ty=2,shape=[])]", "device": "NPU"}, {"output": ["onnx::Conv_519_DequantizeLinear_Output"], "input": ["onnx::Conv_519_quantized", "onnx::Conv_645_scale", "onnx::Conv_519_zero_point"], "opType": "DequantizeLinear", "comment": "@12 [onnx::Conv_519_DequantizeLinear_Output:(ty=1,shape=[64])] DequantizeLinear [onnx::Conv_519_quantized:(ty=3,shape=[64]),onnx::Conv_645_scale:(ty=1,shape=[]),onnx::Conv_519_zero_point:(ty=3,shape=[])]", "device": "NPU"}, {"output": ["onnx::Conv_518_DequantizeLinear_Output"], "input": ["onnx::Conv_518_quantized", "onnx::Conv_518_scale", "onnx::Conv_518_zero_point"], "opType": "DequantizeLinear", "comment": "@11 [onnx::Conv_518_DequantizeLinear_Output:(ty=1,shape=[64,64,3,3])] DequantizeLinear [onnx::Conv_518_quantized:(ty=3,shape=[64,64,3,3]),onnx::Conv_518_scale:(ty=1,shape=[]),onnx::Conv_518_zero_point:(ty=3,shape=[])]", "device": "NPU"}, {"output": ["/detail/S2/S2.0/conv/Conv_output_0"], "input": ["/detail/S1/S1.1/relu/Relu_output_0_DequantizeLinear_Output", "onnx::Conv_518_DequantizeLinear_Output", "onnx::Conv_519_DequantizeLinear_Output"], "opType": "Conv", "comment": "@133 [/detail/S2/S2.0/conv/Conv_output_0:(ty=1,shape=[1,64,128,128])] Conv [/detail/S1/S1.1/relu/Relu_output_0_DequantizeLinear_Output:(ty=1,shape=[1,64,256,256]),onnx::Conv_518_DequantizeLinear_Output:(ty=1,shape=[64,64,3,3]),onnx::Conv_519_DequantizeLinear_Output:(ty=1,shape=[64])]", "device": "NPU"}, {"output": ["/detail/S2/S2.0/relu/Relu_output_0"], "input": ["/detail/S2/S2.0/conv/Conv_output_0"], "opType": "Relu", "comment": "@135 [/detail/S2/S2.0/relu/Relu_output_0:(ty=1,shape=[1,64,128,128])] Relu [/detail/S2/S2.0/conv/Conv_output_0:(ty=1,shape=[1,64,128,128])]", "device": "NPU"}, {"output": ["/detail/S2/S2.0/relu/Relu_output_0_QuantizeLinear_Output"], "input": ["/detail/S2/S2.0/relu/Relu_output_0", "/detail/S2/S2.0/relu/Relu_output_0_scale", "/detail/S2/S2.0/relu/Relu_output_0_zero_point"], "opType": "QuantizeLinear", "comment": "@137 [/detail/S2/S2.0/relu/Relu_output_0_QuantizeLinear_Output:(ty=2,shape=[1,64,128,128])] QuantizeLinear [/detail/S2/S2.0/relu/Relu_output_0:(ty=1,shape=[1,64,128,128]),/detail/S2/S2.0/relu/Relu_output_0_scale:(ty=1,shape=[]),/detail/S2/S2.0/relu/Relu_output_0_zero_point:(ty=2,shape=[])]", "device": "NPU"}, {"output": ["/detail/S2/S2.0/relu/Relu_output_0_DequantizeLinear_Output"], "input": ["/detail/S2/S2.0/relu/Relu_output_0_QuantizeLinear_Output", "/detail/S2/S2.0/relu/Relu_output_0_scale", "/detail/S2/S2.0/relu/Relu_output_0_zero_point"], "opType": "DequantizeLinear", "comment": "@139 [/detail/S2/S2.0/relu/Relu_output_0_DequantizeLinear_Output:(ty=1,shape=[1,64,128,128])] DequantizeLinear [/detail/S2/S2.0/relu/Relu_output_0_QuantizeLinear_Output:(ty=2,shape=[1,64,128,128]),/detail/S2/S2.0/relu/Relu_output_0_scale:(ty=1,shape=[]),/detail/S2/S2.0/relu/Relu_output_0_zero_point:(ty=2,shape=[])]", "device": "NPU"}, {"output": ["onnx::Conv_522_DequantizeLinear_Output"], "input": ["onnx::Conv_522_quantized", "onnx::Conv_645_scale", "onnx::Conv_522_zero_point"], "opType": "DequantizeLinear", "comment": "@14 [onnx::Conv_522_DequantizeLinear_Output:(ty=1,shape=[64])] DequantizeLinear [onnx::Conv_522_quantized:(ty=3,shape=[64]),onnx::Conv_645_scale:(ty=1,shape=[]),onnx::Conv_522_zero_point:(ty=3,shape=[])]", "device": "NPU"}, {"output": ["onnx::Conv_521_DequantizeLinear_Output"], "input": ["onnx::Conv_521_quantized", "onnx::Conv_518_scale", "onnx::Conv_521_zero_point"], "opType": "DequantizeLinear", "comment": "@13 [onnx::Conv_521_DequantizeLinear_Output:(ty=1,shape=[64,64,3,3])] DequantizeLinear [onnx::Conv_521_quantized:(ty=3,shape=[64,64,3,3]),onnx::Conv_518_scale:(ty=1,shape=[]),onnx::Conv_521_zero_point:(ty=3,shape=[])]", "device": "NPU"}, {"output": ["/detail/S2/S2.1/conv/Conv_output_0"], "input": ["/detail/S2/S2.0/relu/Relu_output_0_DequantizeLinear_Output", "onnx::Conv_521_DequantizeLinear_Output", "onnx::Conv_522_DequantizeLinear_Output"], "opType": "Conv", "comment": "@141 [/detail/S2/S2.1/conv/Conv_output_0:(ty=1,shape=[1,64,128,128])] Conv [/detail/S2/S2.0/relu/Relu_output_0_DequantizeLinear_Output:(ty=1,shape=[1,64,128,128]),onnx::Conv_521_DequantizeLinear_Output:(ty=1,shape=[64,64,3,3]),onnx::Conv_522_DequantizeLinear_Output:(ty=1,shape=[64])]", "device": "NPU"}, {"output": ["/detail/S2/S2.1/relu/Relu_output_0"], "input": ["/detail/S2/S2.1/conv/Conv_output_0"], "opType": "Relu", "comment": "@143 [/detail/S2/S2.1/relu/Relu_output_0:(ty=1,shape=[1,64,128,128])] Relu [/detail/S2/S2.1/conv/Conv_output_0:(ty=1,shape=[1,64,128,128])]", "device": "NPU"}, {"output": ["/detail/S2/S2.1/relu/Relu_output_0_QuantizeLinear_Output"], "input": ["/detail/S2/S2.1/relu/Relu_output_0", "/detail/S2/S2.0/relu/Relu_output_0_scale", "/detail/S2/S2.1/relu/Relu_output_0_zero_point"], "opType": "QuantizeLinear", "comment": "@145 [/detail/S2/S2.1/relu/Relu_output_0_QuantizeLinear_Output:(ty=2,shape=[1,64,128,128])] QuantizeLinear [/detail/S2/S2.1/relu/Relu_output_0:(ty=1,shape=[1,64,128,128]),/detail/S2/S2.0/relu/Relu_output_0_scale:(ty=1,shape=[]),/detail/S2/S2.1/relu/Relu_output_0_zero_point:(ty=2,shape=[])]", "device": "NPU"}, {"output": ["/detail/S2/S2.1/relu/Relu_output_0_DequantizeLinear_Output"], "input": ["/detail/S2/S2.1/relu/Relu_output_0_QuantizeLinear_Output", "/detail/S2/S2.0/relu/Relu_output_0_scale", "/detail/S2/S2.1/relu/Relu_output_0_zero_point"], "opType": "DequantizeLinear", "comment": "@147 [/detail/S2/S2.1/relu/Relu_output_0_DequantizeLinear_Output:(ty=1,shape=[1,64,128,128])] DequantizeLinear [/detail/S2/S2.1/relu/Relu_output_0_QuantizeLinear_Output:(ty=2,shape=[1,64,128,128]),/detail/S2/S2.0/relu/Relu_output_0_scale:(ty=1,shape=[]),/detail/S2/S2.1/relu/Relu_output_0_zero_point:(ty=2,shape=[])]", "device": "NPU"}, {"output": ["onnx::Conv_525_DequantizeLinear_Output"], "input": ["onnx::Conv_525_quantized", "image_scale", "onnx::Conv_525_zero_point"], "opType": "DequantizeLinear", "comment": "@16 [onnx::Conv_525_DequantizeLinear_Output:(ty=1,shape=[64])] DequantizeLinear [onnx::Conv_525_quantized:(ty=3,shape=[64]),image_scale:(ty=1,shape=[]),onnx::Conv_525_zero_point:(ty=3,shape=[])]", "device": "NPU"}, {"output": ["onnx::Conv_524_DequantizeLinear_Output"], "input": ["onnx::Conv_524_quantized", "onnx::Conv_518_scale", "onnx::Conv_524_zero_point"], "opType": "DequantizeLinear", "comment": "@15 [onnx::Conv_524_DequantizeLinear_Output:(ty=1,shape=[64,64,3,3])] DequantizeLinear [onnx::Conv_524_quantized:(ty=3,shape=[64,64,3,3]),onnx::Conv_518_scale:(ty=1,shape=[]),onnx::Conv_524_zero_point:(ty=3,shape=[])]", "device": "NPU"}, {"output": ["/detail/S2/S2.2/conv/Conv_output_0"], "input": ["/detail/S2/S2.1/relu/Relu_output_0_DequantizeLinear_Output", "onnx::Conv_524_DequantizeLinear_Output", "onnx::Conv_525_DequantizeLinear_Output"], "opType": "Conv", "comment": "@149 [/detail/S2/S2.2/conv/Conv_output_0:(ty=1,shape=[1,64,128,128])] Conv [/detail/S2/S2.1/relu/Relu_output_0_DequantizeLinear_Output:(ty=1,shape=[1,64,128,128]),onnx::Conv_524_DequantizeLinear_Output:(ty=1,shape=[64,64,3,3]),onnx::Conv_525_DequantizeLinear_Output:(ty=1,shape=[64])]", "device": "NPU"}, {"output": ["/detail/S2/S2.2/relu/Relu_output_0"], "input": ["/detail/S2/S2.2/conv/Conv_output_0"], "opType": "Relu", "comment": "@151 [/detail/S2/S2.2/relu/Relu_output_0:(ty=1,shape=[1,64,128,128])] Relu [/detail/S2/S2.2/conv/Conv_output_0:(ty=1,shape=[1,64,128,128])]", "device": "NPU"}, {"output": ["/detail/S2/S2.2/relu/Relu_output_0_QuantizeLinear_Output"], "input": ["/detail/S2/S2.2/relu/Relu_output_0", "/detail/S2/S2.0/relu/Relu_output_0_scale", "/detail/S2/S2.2/relu/Relu_output_0_zero_point"], "opType": "QuantizeLinear", "comment": "@153 [/detail/S2/S2.2/relu/Relu_output_0_QuantizeLinear_Output:(ty=2,shape=[1,64,128,128])] QuantizeLinear [/detail/S2/S2.2/relu/Relu_output_0:(ty=1,shape=[1,64,128,128]),/detail/S2/S2.0/relu/Relu_output_0_scale:(ty=1,shape=[]),/detail/S2/S2.2/relu/Relu_output_0_zero_point:(ty=2,shape=[])]", "device": "NPU"}, {"output": ["/detail/S2/S2.2/relu/Relu_output_0_DequantizeLinear_Output"], "input": ["/detail/S2/S2.2/relu/Relu_output_0_QuantizeLinear_Output", "/detail/S2/S2.0/relu/Relu_output_0_scale", "/detail/S2/S2.2/relu/Relu_output_0_zero_point"], "opType": "DequantizeLinear", "comment": "@155 [/detail/S2/S2.2/relu/Relu_output_0_DequantizeLinear_Output:(ty=1,shape=[1,64,128,128])] DequantizeLinear [/detail/S2/S2.2/relu/Relu_output_0_QuantizeLinear_Output:(ty=2,shape=[1,64,128,128]),/detail/S2/S2.0/relu/Relu_output_0_scale:(ty=1,shape=[]),/detail/S2/S2.2/relu/Relu_output_0_zero_point:(ty=2,shape=[])]", "device": "NPU"}, {"output": ["onnx::Conv_528_DequantizeLinear_Output"], "input": ["onnx::Conv_528_quantized", "/bga/Mul_output_0_scale", "onnx::Conv_528_zero_point"], "opType": "DequantizeLinear", "comment": "@18 [onnx::Conv_528_DequantizeLinear_Output:(ty=1,shape=[128])] DequantizeLinear [onnx::Conv_528_quantized:(ty=3,shape=[128]),/bga/Mul_output_0_scale:(ty=1,shape=[]),onnx::Conv_528_zero_point:(ty=3,shape=[])]", "device": "NPU"}, {"output": ["onnx::Conv_527_DequantizeLinear_Output"], "input": ["onnx::Conv_527_quantized", "bga.right2.2.weight_scale", "onnx::Conv_527_zero_point"], "opType": "DequantizeLinear", "comment": "@17 [onnx::Conv_527_DequantizeLinear_Output:(ty=1,shape=[128,64,3,3])] DequantizeLinear [onnx::Conv_527_quantized:(ty=3,shape=[128,64,3,3]),bga.right2.2.weight_scale:(ty=1,shape=[]),onnx::Conv_527_zero_point:(ty=3,shape=[])]", "device": "NPU"}, {"output": ["/detail/S3/S3.0/conv/Conv_output_0"], "input": ["/detail/S2/S2.2/relu/Relu_output_0_DequantizeLinear_Output", "onnx::Conv_527_DequantizeLinear_Output", "onnx::Conv_528_DequantizeLinear_Output"], "opType": "Conv", "comment": "@158 [/detail/S3/S3.0/conv/Conv_output_0:(ty=1,shape=[1,128,64,64])] Conv [/detail/S2/S2.2/relu/Relu_output_0_DequantizeLinear_Output:(ty=1,shape=[1,64,128,128]),onnx::Conv_527_DequantizeLinear_Output:(ty=1,shape=[128,64,3,3]),onnx::Conv_528_DequantizeLinear_Output:(ty=1,shape=[128])]", "device": "NPU"}, {"output": ["/detail/S3/S3.0/relu/Relu_output_0"], "input": ["/detail/S3/S3.0/conv/Conv_output_0"], "opType": "Relu", "comment": "@161 [/detail/S3/S3.0/relu/Relu_output_0:(ty=1,shape=[1,128,64,64])] Relu [/detail/S3/S3.0/conv/Conv_output_0:(ty=1,shape=[1,128,64,64])]", "device": "NPU"}, {"output": ["/detail/S3/S3.0/relu/Relu_output_0_QuantizeLinear_Output"], "input": ["/detail/S3/S3.0/relu/Relu_output_0", "/segment/S1S2/left/left.0/relu/Relu_output_0_scale", "/detail/S3/S3.0/relu/Relu_output_0_zero_point"], "opType": "QuantizeLinear", "comment": "@164 [/detail/S3/S3.0/relu/Relu_output_0_QuantizeLinear_Output:(ty=2,shape=[1,128,64,64])] QuantizeLinear [/detail/S3/S3.0/relu/Relu_output_0:(ty=1,shape=[1,128,64,64]),/segment/S1S2/left/left.0/relu/Relu_output_0_scale:(ty=1,shape=[]),/detail/S3/S3.0/relu/Relu_output_0_zero_point:(ty=2,shape=[])]", "device": "NPU"}, {"output": ["/detail/S3/S3.0/relu/Relu_output_0_DequantizeLinear_Output"], "input": ["/detail/S3/S3.0/relu/Relu_output_0_QuantizeLinear_Output", "/segment/S1S2/left/left.0/relu/Relu_output_0_scale", "/detail/S3/S3.0/relu/Relu_output_0_zero_point"], "opType": "DequantizeLinear", "comment": "@167 [/detail/S3/S3.0/relu/Relu_output_0_DequantizeLinear_Output:(ty=1,shape=[1,128,64,64])] DequantizeLinear [/detail/S3/S3.0/relu/Relu_output_0_QuantizeLinear_Output:(ty=2,shape=[1,128,64,64]),/segment/S1S2/left/left.0/relu/Relu_output_0_scale:(ty=1,shape=[]),/detail/S3/S3.0/relu/Relu_output_0_zero_point:(ty=2,shape=[])]", "device": "NPU"}, {"output": ["onnx::Conv_531_DequantizeLinear_Output"], "input": ["onnx::Conv_531_quantized", "onnx::Conv_645_scale", "onnx::Conv_531_zero_point"], "opType": "DequantizeLinear", "comment": "@20 [onnx::Conv_531_DequantizeLinear_Output:(ty=1,shape=[128])] DequantizeLinear [onnx::Conv_531_quantized:(ty=3,shape=[128]),onnx::Conv_645_scale:(ty=1,shape=[]),onnx::Conv_531_zero_point:(ty=3,shape=[])]", "device": "NPU"}, {"output": ["onnx::Conv_530_DequantizeLinear_Output"], "input": ["onnx::Conv_530_quantized", "bga.right2.2.weight_scale", "onnx::Conv_530_zero_point"], "opType": "DequantizeLinear", "comment": "@19 [onnx::Conv_530_DequantizeLinear_Output:(ty=1,shape=[128,128,3,3])] DequantizeLinear [onnx::Conv_530_quantized:(ty=3,shape=[128,128,3,3]),bga.right2.2.weight_scale:(ty=1,shape=[]),onnx::Conv_530_zero_point:(ty=3,shape=[])]", "device": "NPU"}, {"output": ["/detail/S3/S3.1/conv/Conv_output_0"], "input": ["/detail/S3/S3.0/relu/Relu_output_0_DequantizeLinear_Output", "onnx::Conv_530_DequantizeLinear_Output", "onnx::Conv_531_DequantizeLinear_Output"], "opType": "Conv", "comment": "@170 [/detail/S3/S3.1/conv/Conv_output_0:(ty=1,shape=[1,128,64,64])] Conv [/detail/S3/S3.0/relu/Relu_output_0_DequantizeLinear_Output:(ty=1,shape=[1,128,64,64]),onnx::Conv_530_DequantizeLinear_Output:(ty=1,shape=[128,128,3,3]),onnx::Conv_531_DequantizeLinear_Output:(ty=1,shape=[128])]", "device": "NPU"}, {"output": ["/detail/S3/S3.1/relu/Relu_output_0"], "input": ["/detail/S3/S3.1/conv/Conv_output_0"], "opType": "Relu", "comment": "@173 [/detail/S3/S3.1/relu/Relu_output_0:(ty=1,shape=[1,128,64,64])] Relu [/detail/S3/S3.1/conv/Conv_output_0:(ty=1,shape=[1,128,64,64])]", "device": "NPU"}, {"output": ["/detail/S3/S3.1/relu/Relu_output_0_QuantizeLinear_Output"], "input": ["/detail/S3/S3.1/relu/Relu_output_0", "/segment/S1S2/left/left.0/relu/Relu_output_0_scale", "/detail/S3/S3.1/relu/Relu_output_0_zero_point"], "opType": "QuantizeLinear", "comment": "@175 [/detail/S3/S3.1/relu/Relu_output_0_QuantizeLinear_Output:(ty=2,shape=[1,128,64,64])] QuantizeLinear [/detail/S3/S3.1/relu/Relu_output_0:(ty=1,shape=[1,128,64,64]),/segment/S1S2/left/left.0/relu/Relu_output_0_scale:(ty=1,shape=[]),/detail/S3/S3.1/relu/Relu_output_0_zero_point:(ty=2,shape=[])]", "device": "NPU"}, {"output": ["/detail/S3/S3.1/relu/Relu_output_0_DequantizeLinear_Output"], "input": ["/detail/S3/S3.1/relu/Relu_output_0_QuantizeLinear_Output", "/segment/S1S2/left/left.0/relu/Relu_output_0_scale", "/detail/S3/S3.1/relu/Relu_output_0_zero_point"], "opType": "DequantizeLinear", "comment": "@177 [/detail/S3/S3.1/relu/Relu_output_0_DequantizeLinear_Output:(ty=1,shape=[1,128,64,64])] DequantizeLinear [/detail/S3/S3.1/relu/Relu_output_0_QuantizeLinear_Output:(ty=2,shape=[1,128,64,64]),/segment/S1S2/left/left.0/relu/Relu_output_0_scale:(ty=1,shape=[]),/detail/S3/S3.1/relu/Relu_output_0_zero_point:(ty=2,shape=[])]", "device": "NPU"}, {"output": ["onnx::Conv_534_DequantizeLinear_Output"], "input": ["onnx::Conv_534_quantized", "onnx::Conv_645_scale", "onnx::Conv_534_zero_point"], "opType": "DequantizeLinear", "comment": "@22 [onnx::Conv_534_DequantizeLinear_Output:(ty=1,shape=[128])] DequantizeLinear [onnx::Conv_534_quantized:(ty=3,shape=[128]),onnx::Conv_645_scale:(ty=1,shape=[]),onnx::Conv_534_zero_point:(ty=3,shape=[])]", "device": "NPU"}, {"output": ["onnx::Conv_533_DequantizeLinear_Output"], "input": ["onnx::Conv_533_quantized", "bga.right2.2.weight_scale", "onnx::Conv_533_zero_point"], "opType": "DequantizeLinear", "comment": "@21 [onnx::Conv_533_DequantizeLinear_Output:(ty=1,shape=[128,128,3,3])] DequantizeLinear [onnx::Conv_533_quantized:(ty=3,shape=[128,128,3,3]),bga.right2.2.weight_scale:(ty=1,shape=[]),onnx::Conv_533_zero_point:(ty=3,shape=[])]", "device": "NPU"}, {"output": ["/detail/S3/S3.2/conv/Conv_output_0"], "input": ["/detail/S3/S3.1/relu/Relu_output_0_DequantizeLinear_Output", "onnx::Conv_533_DequantizeLinear_Output", "onnx::Conv_534_DequantizeLinear_Output"], "opType": "Conv", "comment": "@179 [/detail/S3/S3.2/conv/Conv_output_0:(ty=1,shape=[1,128,64,64])] Conv [/detail/S3/S3.1/relu/Relu_output_0_DequantizeLinear_Output:(ty=1,shape=[1,128,64,64]),onnx::Conv_533_DequantizeLinear_Output:(ty=1,shape=[128,128,3,3]),onnx::Conv_534_DequantizeLinear_Output:(ty=1,shape=[128])]", "device": "NPU"}, {"output": ["/detail/S3/S3.2/relu/Relu_output_0"], "input": ["/detail/S3/S3.2/conv/Conv_output_0"], "opType": "Relu", "comment": "@181 [/detail/S3/S3.2/relu/Relu_output_0:(ty=1,shape=[1,128,64,64])] Relu [/detail/S3/S3.2/conv/Conv_output_0:(ty=1,shape=[1,128,64,64])]", "device": "NPU"}, {"output": ["/detail/S3/S3.2/relu/Relu_output_0_QuantizeLinear_Output"], "input": ["/detail/S3/S3.2/relu/Relu_output_0", "/segment/S1S2/left/left.0/relu/Relu_output_0_scale", "/detail/S3/S3.2/relu/Relu_output_0_zero_point"], "opType": "QuantizeLinear", "comment": "@183 [/detail/S3/S3.2/relu/Relu_output_0_QuantizeLinear_Output:(ty=2,shape=[1,128,64,64])] QuantizeLinear [/detail/S3/S3.2/relu/Relu_output_0:(ty=1,shape=[1,128,64,64]),/segment/S1S2/left/left.0/relu/Relu_output_0_scale:(ty=1,shape=[]),/detail/S3/S3.2/relu/Relu_output_0_zero_point:(ty=2,shape=[])]", "device": "NPU"}, {"output": ["/detail/S3/S3.2/relu/Relu_output_0_DequantizeLinear_Output/duplicated"], "input": ["/detail/S3/S3.2/relu/Relu_output_0_QuantizeLinear_Output", "/segment/S1S2/left/left.0/relu/Relu_output_0_scale", "/detail/S3/S3.2/relu/Relu_output_0_zero_point"], "opType": "DequantizeLinear", "comment": "@404 [/detail/S3/S3.2/relu/Relu_output_0_DequantizeLinear_Output/duplicated:(ty=1,shape=[1,128,64,64])] DequantizeLinear [/detail/S3/S3.2/relu/Relu_output_0_QuantizeLinear_Output:(ty=2,shape=[1,128,64,64]),/segment/S1S2/left/left.0/relu/Relu_output_0_scale:(ty=1,shape=[]),/detail/S3/S3.2/relu/Relu_output_0_zero_point:(ty=2,shape=[])]", "device": "NPU"}, {"output": ["onnx::Conv_657_DequantizeLinear_Output"], "input": ["onnx::Conv_657_quantized", "onnx::Conv_645_scale", "onnx::Conv_657_zero_point"], "opType": "DequantizeLinear", "comment": "@104 [onnx::Conv_657_DequantizeLinear_Output:(ty=1,shape=[128])] DequantizeLinear [onnx::Conv_657_quantized:(ty=3,shape=[128]),onnx::Conv_645_scale:(ty=1,shape=[]),onnx::Conv_657_zero_point:(ty=3,shape=[])]", "device": "NPU"}, {"output": ["onnx::Conv_656_DequantizeLinear_Output"], "input": ["onnx::Conv_656_quantized", "onnx::Conv_602_scale", "onnx::Conv_656_zero_point"], "opType": "DequantizeLinear", "comment": "@103 [onnx::Conv_656_DequantizeLinear_Output:(ty=1,shape=[128,128,3,3])] DequantizeLinear [onnx::Conv_656_quantized:(ty=3,shape=[128,128,3,3]),onnx::Conv_602_scale:(ty=1,shape=[]),onnx::Conv_656_zero_point:(ty=3,shape=[])]", "device": "NPU"}, {"output": ["/bga/left2/left2.0/Conv_output_0"], "input": ["/detail/S3/S3.2/relu/Relu_output_0_DequantizeLinear_Output/duplicated", "onnx::Conv_656_DequantizeLinear_Output", "onnx::Conv_657_DequantizeLinear_Output"], "opType": "Conv", "comment": "@188 [/bga/left2/left2.0/Conv_output_0:(ty=1,shape=[1,128,32,32])] Conv [/detail/S3/S3.2/relu/Relu_output_0_DequantizeLinear_Output/duplicated:(ty=1,shape=[1,128,64,64]),onnx::Conv_656_DequantizeLinear_Output:(ty=1,shape=[128,128,3,3]),onnx::Conv_657_DequantizeLinear_Output:(ty=1,shape=[128])]", "device": "NPU"}, {"output": ["/bga/left2/left2.0/Conv_output_0_QuantizeLinear_Output"], "input": ["/bga/left2/left2.0/Conv_output_0", "/detail/S2/S2.0/relu/Relu_output_0_scale", "/bga/left2/left2.0/Conv_output_0_zero_point"], "opType": "QuantizeLinear", "comment": "@191 [/bga/left2/left2.0/Conv_output_0_QuantizeLinear_Output:(ty=2,shape=[1,128,32,32])] QuantizeLinear [/bga/left2/left2.0/Conv_output_0:(ty=1,shape=[1,128,32,32]),/detail/S2/S2.0/relu/Relu_output_0_scale:(ty=1,shape=[]),/bga/left2/left2.0/Conv_output_0_zero_point:(ty=2,shape=[])]", "device": "NPU"}, {"output": ["/bga/left2/left2.0/Conv_output_0_DequantizeLinear_Output"], "input": ["/bga/left2/left2.0/Conv_output_0_QuantizeLinear_Output", "/detail/S2/S2.0/relu/Relu_output_0_scale", "/bga/left2/left2.0/Conv_output_0_zero_point"], "opType": "DequantizeLinear", "comment": "@194 [/bga/left2/left2.0/Conv_output_0_DequantizeLinear_Output:(ty=1,shape=[1,128,32,32])] DequantizeLinear [/bga/left2/left2.0/Conv_output_0_QuantizeLinear_Output:(ty=2,shape=[1,128,32,32]),/detail/S2/S2.0/relu/Relu_output_0_scale:(ty=1,shape=[]),/bga/left2/left2.0/Conv_output_0_zero_point:(ty=2,shape=[])]", "device": "NPU"}, {"output": ["/bga/left2/left2.2/AveragePool_output_0_Mul"], "input": ["/bga/left2/left2.0/Conv_output_0_DequantizeLinear_Output"], "opType": "AveragePool", "comment": "@197 [/bga/left2/left2.2/AveragePool_output_0_Mul:(ty=1,shape=[1,128,16,16])] AveragePool [/bga/left2/left2.0/Conv_output_0_DequantizeLinear_Output:(ty=1,shape=[1,128,32,32])]", "device": "NPU"}, {"output": ["/bga/left2/left2.2/AveragePool_output_0"], "input": ["/bga/left2/left2.2/AveragePool_output_0_Mul", "/bga/left2/left2.2/AveragePool_output_0_Scale"], "opType": "Mul", "comment": "@390 [/bga/left2/left2.2/AveragePool_output_0:(ty=1,shape=[1,128,16,16])] Mul [/bga/left2/left2.2/AveragePool_output_0_Mul:(ty=1,shape=[1,128,16,16]),/bga/left2/left2.2/AveragePool_output_0_Scale:(ty=1,shape=[])]", "device": "NPU"}, {"output": ["/bga/left2/left2.2/AveragePool_output_0_QuantizeLinear_Output"], "input": ["/bga/left2/left2.2/AveragePool_output_0", "/detail/S2/S2.0/relu/Relu_output_0_scale", "/bga/left2/left2.2/AveragePool_output_0_zero_point"], "opType": "QuantizeLinear", "comment": "@200 [/bga/left2/left2.2/AveragePool_output_0_QuantizeLinear_Output:(ty=2,shape=[1,128,16,16])] QuantizeLinear [/bga/left2/left2.2/AveragePool_output_0:(ty=1,shape=[1,128,16,16]),/detail/S2/S2.0/relu/Relu_output_0_scale:(ty=1,shape=[]),/bga/left2/left2.2/AveragePool_output_0_zero_point:(ty=2,shape=[])]", "device": "NPU"}, {"output": ["/bga/left2/left2.2/AveragePool_output_0_DequantizeLinear_Output"], "input": ["/bga/left2/left2.2/AveragePool_output_0_QuantizeLinear_Output", "/detail/S2/S2.0/relu/Relu_output_0_scale", "/bga/left2/left2.2/AveragePool_output_0_zero_point"], "opType": "DequantizeLinear", "comment": "@203 [/bga/left2/left2.2/AveragePool_output_0_DequantizeLinear_Output:(ty=1,shape=[1,128,16,16])] DequantizeLinear [/bga/left2/left2.2/AveragePool_output_0_QuantizeLinear_Output:(ty=2,shape=[1,128,16,16]),/detail/S2/S2.0/relu/Relu_output_0_scale:(ty=1,shape=[]),/bga/left2/left2.2/AveragePool_output_0_zero_point:(ty=2,shape=[])]", "device": "NPU"}, {"output": ["/bga/Mul_1_output_0"], "input": ["/bga/left2/left2.2/AveragePool_output_0_DequantizeLinear_Output", "/bga/Sigmoid_1_output_0_DequantizeLinear_Output"], "opType": "Mul", "comment": "@361 [/bga/Mul_1_output_0:(ty=1,shape=[1,128,16,16])] Mul [/bga/left2/left2.2/AveragePool_output_0_DequantizeLinear_Output:(ty=1,shape=[1,128,16,16]),/bga/Sigmoid_1_output_0_DequantizeLinear_Output:(ty=1,shape=[1,128,16,16])]", "device": "NPU"}, {"output": ["/bga/Mul_1_output_0_QuantizeLinear_Output"], "input": ["/bga/Mul_1_output_0", "/bga/Mul_output_0_scale", "/bga/Mul_1_output_0_zero_point"], "opType": "QuantizeLinear", "comment": "@363 [/bga/Mul_1_output_0_QuantizeLinear_Output:(ty=2,shape=[1,128,16,16])] QuantizeLinear [/bga/Mul_1_output_0:(ty=1,shape=[1,128,16,16]),/bga/Mul_output_0_scale:(ty=1,shape=[]),/bga/Mul_1_output_0_zero_point:(ty=2,shape=[])]", "device": "NPU"}, {"output": ["/bga/Mul_1_output_0_DequantizeLinear_Output"], "input": ["/bga/Mul_1_output_0_QuantizeLinear_Output", "/bga/Mul_output_0_scale", "/bga/Mul_1_output_0_zero_point"], "opType": "DequantizeLinear", "comment": "@365 [/bga/Mul_1_output_0_DequantizeLinear_Output:(ty=1,shape=[1,128,16,16])] DequantizeLinear [/bga/Mul_1_output_0_QuantizeLinear_Output:(ty=2,shape=[1,128,16,16]),/bga/Mul_output_0_scale:(ty=1,shape=[]),/bga/Mul_1_output_0_zero_point:(ty=2,shape=[])]", "device": "NPU"}, {"output": ["/bga/up2/Resize_output_0"], "input": ["/bga/Mul_1_output_0_DequantizeLinear_Output", "VAIP_NOT_EXISTS", "/bga/up1/Constant_output_0"], "opType": "Resize", "comment": "@366 [/bga/up2/Resize_output_0:(ty=1,shape=[1,128,64,64])] Resize [/bga/Mul_1_output_0_DequantizeLinear_Output:(ty=1,shape=[1,128,16,16]),N/A,/bga/up1/Constant_output_0:(ty=1,shape=[4])]", "device": "NPU"}, {"output": ["/bga/up2/Resize_output_0_QuantizeLinear_Output"], "input": ["/bga/up2/Resize_output_0", "/bga/Mul_output_0_scale", "/bga/Mul_1_output_0_zero_point"], "opType": "QuantizeLinear", "comment": "@367 [/bga/up2/Resize_output_0_QuantizeLinear_Output:(ty=2,shape=[1,128,64,64])] QuantizeLinear [/bga/up2/Resize_output_0:(ty=1,shape=[1,128,64,64]),/bga/Mul_output_0_scale:(ty=1,shape=[]),/bga/Mul_1_output_0_zero_point:(ty=2,shape=[])]", "device": "NPU"}, {"output": ["/bga/up2/Resize_output_0_DequantizeLinear_Output"], "input": ["/bga/up2/Resize_output_0_QuantizeLinear_Output", "/bga/Mul_output_0_scale", "/bga/Mul_1_output_0_zero_point"], "opType": "DequantizeLinear", "comment": "@368 [/bga/up2/Resize_output_0_DequantizeLinear_Output:(ty=1,shape=[1,128,64,64])] DequantizeLinear [/bga/up2/Resize_output_0_QuantizeLinear_Output:(ty=2,shape=[1,128,64,64]),/bga/Mul_output_0_scale:(ty=1,shape=[]),/bga/Mul_1_output_0_zero_point:(ty=2,shape=[])]", "device": "NPU"}, {"output": ["/segment/S5_5/conv_last/relu/Relu_output_0_DequantizeLinear_Output"], "input": ["/segment/S5_5/conv_last/relu/Relu_output_0_QuantizeLinear_Output", "onnx::Conv_645_scale", "/segment/S5_5/conv_last/relu/Relu_output_0_zero_point"], "opType": "DequantizeLinear", "comment": "@343 [/segment/S5_5/conv_last/relu/Relu_output_0_DequantizeLinear_Output:(ty=1,shape=[1,128,16,16])] DequantizeLinear [/segment/S5_5/conv_last/relu/Relu_output_0_QuantizeLinear_Output:(ty=2,shape=[1,128,16,16]),onnx::Conv_645_scale:(ty=1,shape=[]),/segment/S5_5/conv_last/relu/Relu_output_0_zero_point:(ty=2,shape=[])]", "device": "NPU"}, {"output": ["onnx::Conv_660_DequantizeLinear_Output"], "input": ["onnx::Conv_660_quantized", "image_scale", "onnx::Conv_660_zero_point"], "opType": "DequantizeLinear", "comment": "@106 [onnx::Conv_660_DequantizeLinear_Output:(ty=1,shape=[128])] DequantizeLinear [onnx::Conv_660_quantized:(ty=3,shape=[128]),image_scale:(ty=1,shape=[]),onnx::Conv_660_zero_point:(ty=3,shape=[])]", "device": "NPU"}, {"output": ["onnx::Conv_659_DequantizeLinear_Output"], "input": ["onnx::Conv_659_quantized", "head.conv_out.weight_scale", "onnx::Conv_659_zero_point"], "opType": "DequantizeLinear", "comment": "@105 [onnx::Conv_659_DequantizeLinear_Output:(ty=1,shape=[128,128,3,3])] DequantizeLinear [onnx::Conv_659_quantized:(ty=3,shape=[128,128,3,3]),head.conv_out.weight_scale:(ty=1,shape=[]),onnx::Conv_659_zero_point:(ty=3,shape=[])]", "device": "NPU"}, {"output": ["/bga/right1/right1.0/Conv_output_0"], "input": ["/segment/S5_5/conv_last/relu/Relu_output_0_DequantizeLinear_Output", "onnx::Conv_659_DequantizeLinear_Output", "onnx::Conv_660_DequantizeLinear_Output"], "opType": "Conv", "comment": "@344 [/bga/right1/right1.0/Conv_output_0:(ty=1,shape=[1,128,16,16])] Conv [/segment/S5_5/conv_last/relu/Relu_output_0_DequantizeLinear_Output:(ty=1,shape=[1,128,16,16]),onnx::Conv_659_DequantizeLinear_Output:(ty=1,shape=[128,128,3,3]),onnx::Conv_660_DequantizeLinear_Output:(ty=1,shape=[128])]", "device": "NPU"}, {"output": ["/bga/right1/right1.0/Conv_output_0_QuantizeLinear_Output"], "input": ["/bga/right1/right1.0/Conv_output_0", "onnx::Conv_645_scale", "/bga/right1/right1.0/Conv_output_0_zero_point"], "opType": "QuantizeLinear", "comment": "@346 [/bga/right1/right1.0/Conv_output_0_QuantizeLinear_Output:(ty=2,shape=[1,128,16,16])] QuantizeLinear [/bga/right1/right1.0/Conv_output_0:(ty=1,shape=[1,128,16,16]),onnx::Conv_645_scale:(ty=1,shape=[]),/bga/right1/right1.0/Conv_output_0_zero_point:(ty=2,shape=[])]", "device": "NPU"}, {"output": ["/bga/right1/right1.0/Conv_output_0_DequantizeLinear_Output"], "input": ["/bga/right1/right1.0/Conv_output_0_QuantizeLinear_Output", "onnx::Conv_645_scale", "/bga/right1/right1.0/Conv_output_0_zero_point"], "opType": "DequantizeLinear", "comment": "@348 [/bga/right1/right1.0/Conv_output_0_DequantizeLinear_Output:(ty=1,shape=[1,128,16,16])] DequantizeLinear [/bga/right1/right1.0/Conv_output_0_QuantizeLinear_Output:(ty=2,shape=[1,128,16,16]),onnx::Conv_645_scale:(ty=1,shape=[]),/bga/right1/right1.0/Conv_output_0_zero_point:(ty=2,shape=[])]", "device": "NPU"}, {"output": ["/bga/up1/Resize_output_0"], "input": ["/bga/right1/right1.0/Conv_output_0_DequantizeLinear_Output", "VAIP_NOT_EXISTS", "/bga/up1/Constant_output_0"], "opType": "Resize", "comment": "@350 [/bga/up1/Resize_output_0:(ty=1,shape=[1,128,64,64])] Resize [/bga/right1/right1.0/Conv_output_0_DequantizeLinear_Output:(ty=1,shape=[1,128,16,16]),N/A,/bga/up1/Constant_output_0:(ty=1,shape=[4])]", "device": "NPU"}, {"output": ["/bga/up1/Resize_output_0_QuantizeLinear_Output"], "input": ["/bga/up1/Resize_output_0", "onnx::Conv_645_scale", "/bga/right1/right1.0/Conv_output_0_zero_point"], "opType": "QuantizeLinear", "comment": "@352 [/bga/up1/Resize_output_0_QuantizeLinear_Output:(ty=2,shape=[1,128,64,64])] QuantizeLinear [/bga/up1/Resize_output_0:(ty=1,shape=[1,128,64,64]),onnx::Conv_645_scale:(ty=1,shape=[]),/bga/right1/right1.0/Conv_output_0_zero_point:(ty=2,shape=[])]", "device": "NPU"}, {"output": ["/bga/up1/Resize_output_0_DequantizeLinear_Output"], "input": ["/bga/up1/Resize_output_0_QuantizeLinear_Output", "onnx::Conv_645_scale", "/bga/right1/right1.0/Conv_output_0_zero_point"], "opType": "DequantizeLinear", "comment": "@354 [/bga/up1/Resize_output_0_DequantizeLinear_Output:(ty=1,shape=[1,128,64,64])] DequantizeLinear [/bga/up1/Resize_output_0_QuantizeLinear_Output:(ty=2,shape=[1,128,64,64]),onnx::Conv_645_scale:(ty=1,shape=[]),/bga/right1/right1.0/Conv_output_0_zero_point:(ty=2,shape=[])]", "device": "NPU"}, {"output": ["/bga/Sigmoid_output_0_Mul"], "input": ["/bga/up1/Resize_output_0_DequantizeLinear_Output"], "opType": "HardSigmoid", "comment": "@386 [/bga/Sigmoid_output_0_Mul:(ty=1,shape=[1,128,64,64])] HardSigmoid [/bga/up1/Resize_output_0_DequantizeLinear_Output:(ty=1,shape=[1,128,64,64])]", "device": "NPU"}, {"output": ["/bga/Sigmoid_output_0"], "input": ["/bga/Sigmoid_output_0_Mul", "/bga/Sigmoid_output_0_Scale"], "opType": "Mul", "comment": "@388 [/bga/Sigmoid_output_0:(ty=1,shape=[1,128,64,64])] Mul [/bga/Sigmoid_output_0_Mul:(ty=1,shape=[1,128,64,64]),/bga/Sigmoid_output_0_Scale:(ty=1,shape=[])]", "device": "NPU"}, {"output": ["/bga/Sigmoid_output_0_QuantizeLinear_Output"], "input": ["/bga/Sigmoid_output_0", "onnx::Conv_518_scale", "/bga/Sigmoid_output_0_zero_point"], "opType": "QuantizeLinear", "comment": "@356 [/bga/Sigmoid_output_0_QuantizeLinear_Output:(ty=2,shape=[1,128,64,64])] QuantizeLinear [/bga/Sigmoid_output_0:(ty=1,shape=[1,128,64,64]),onnx::Conv_518_scale:(ty=1,shape=[]),/bga/Sigmoid_output_0_zero_point:(ty=2,shape=[])]", "device": "NPU"}, {"output": ["/bga/Sigmoid_output_0_DequantizeLinear_Output"], "input": ["/bga/Sigmoid_output_0_QuantizeLinear_Output", "onnx::Conv_518_scale", "/bga/Sigmoid_output_0_zero_point"], "opType": "DequantizeLinear", "comment": "@358 [/bga/Sigmoid_output_0_DequantizeLinear_Output:(ty=1,shape=[1,128,64,64])] DequantizeLinear [/bga/Sigmoid_output_0_QuantizeLinear_Output:(ty=2,shape=[1,128,64,64]),onnx::Conv_518_scale:(ty=1,shape=[]),/bga/Sigmoid_output_0_zero_point:(ty=2,shape=[])]", "device": "NPU"}, {"output": ["/detail/S3/S3.2/relu/Relu_output_0_DequantizeLinear_Output"], "input": ["/detail/S3/S3.2/relu/Relu_output_0_QuantizeLinear_Output", "/segment/S1S2/left/left.0/relu/Relu_output_0_scale", "/detail/S3/S3.2/relu/Relu_output_0_zero_point"], "opType": "DequantizeLinear", "comment": "@185 [/detail/S3/S3.2/relu/Relu_output_0_DequantizeLinear_Output:(ty=1,shape=[1,128,64,64])] DequantizeLinear [/detail/S3/S3.2/relu/Relu_output_0_QuantizeLinear_Output:(ty=2,shape=[1,128,64,64]),/segment/S1S2/left/left.0/relu/Relu_output_0_scale:(ty=1,shape=[]),/detail/S3/S3.2/relu/Relu_output_0_zero_point:(ty=2,shape=[])]", "device": "NPU"}, {"output": ["onnx::Conv_654_DequantizeLinear_Output"], "input": ["onnx::Conv_654_quantized", "onnx::Conv_581_scale", "onnx::Conv_654_zero_point"], "opType": "DequantizeLinear", "comment": "@102 [onnx::Conv_654_DequantizeLinear_Output:(ty=1,shape=[128])] DequantizeLinear [onnx::Conv_654_quantized:(ty=3,shape=[128]),onnx::Conv_581_scale:(ty=1,shape=[]),onnx::Conv_654_zero_point:(ty=3,shape=[])]", "device": "NPU"}, {"output": ["onnx::Conv_653_DequantizeLinear_Output"], "input": ["onnx::Conv_653_quantized", "onnx::Conv_581_scale", "onnx::Conv_653_zero_point"], "opType": "DequantizeLinear", "comment": "@101 [onnx::Conv_653_DequantizeLinear_Output:(ty=1,shape=[128,1,3,3])] DequantizeLinear [onnx::Conv_653_quantized:(ty=3,shape=[128,1,3,3]),onnx::Conv_581_scale:(ty=1,shape=[]),onnx::Conv_653_zero_point:(ty=3,shape=[])]", "device": "NPU"}, {"output": ["/bga/left1/left1.0/Conv_output_0"], "input": ["/detail/S3/S3.2/relu/Relu_output_0_DequantizeLinear_Output", "onnx::Conv_653_DequantizeLinear_Output", "onnx::Conv_654_DequantizeLinear_Output"], "opType": "Conv", "comment": "@187 [/bga/left1/left1.0/Conv_output_0:(ty=1,shape=[1,128,64,64])] Conv [/detail/S3/S3.2/relu/Relu_output_0_DequantizeLinear_Output:(ty=1,shape=[1,128,64,64]),onnx::Conv_653_DequantizeLinear_Output:(ty=1,shape=[128,1,3,3]),onnx::Conv_654_DequantizeLinear_Output:(ty=1,shape=[128])]", "device": "NPU"}, {"output": ["/bga/left1/left1.0/Conv_output_0_QuantizeLinear_Output"], "input": ["/bga/left1/left1.0/Conv_output_0", "onnx::Conv_645_scale", "/bga/left1/left1.0/Conv_output_0_zero_point"], "opType": "QuantizeLinear", "comment": "@190 [/bga/left1/left1.0/Conv_output_0_QuantizeLinear_Output:(ty=2,shape=[1,128,64,64])] QuantizeLinear [/bga/left1/left1.0/Conv_output_0:(ty=1,shape=[1,128,64,64]),onnx::Conv_645_scale:(ty=1,shape=[]),/bga/left1/left1.0/Conv_output_0_zero_point:(ty=2,shape=[])]", "device": "NPU"}, {"output": ["/bga/left1/left1.0/Conv_output_0_DequantizeLinear_Output"], "input": ["/bga/left1/left1.0/Conv_output_0_QuantizeLinear_Output", "onnx::Conv_645_scale", "/bga/left1/left1.0/Conv_output_0_zero_point"], "opType": "DequantizeLinear", "comment": "@193 [/bga/left1/left1.0/Conv_output_0_DequantizeLinear_Output:(ty=1,shape=[1,128,64,64])] DequantizeLinear [/bga/left1/left1.0/Conv_output_0_QuantizeLinear_Output:(ty=2,shape=[1,128,64,64]),onnx::Conv_645_scale:(ty=1,shape=[]),/bga/left1/left1.0/Conv_output_0_zero_point:(ty=2,shape=[])]", "device": "NPU"}, {"output": ["bga.left1.2.weight_DequantizeLinear_Output"], "input": ["bga.left1.2.weight_quantized", "onnx::Conv_581_scale", "bga.left1.2.weight_zero_point"], "opType": "DequantizeLinear", "comment": "@2 [bga.left1.2.weight_DequantizeLinear_Output:(ty=1,shape=[128,128,1,1])] DequantizeLinear [bga.left1.2.weight_quantized:(ty=3,shape=[128,128,1,1]),onnx::Conv_581_scale:(ty=1,shape=[]),bga.left1.2.weight_zero_point:(ty=3,shape=[])]", "device": "NPU"}, {"output": ["/bga/left1/left1.2/Conv_output_0"], "input": ["/bga/left1/left1.0/Conv_output_0_DequantizeLinear_Output", "bga.left1.2.weight_DequantizeLinear_Output"], "opType": "Conv", "comment": "@196 [/bga/left1/left1.2/Conv_output_0:(ty=1,shape=[1,128,64,64])] Conv [/bga/left1/left1.0/Conv_output_0_DequantizeLinear_Output:(ty=1,shape=[1,128,64,64]),bga.left1.2.weight_DequantizeLinear_Output:(ty=1,shape=[128,128,1,1])]", "device": "NPU"}, {"output": ["/bga/left1/left1.2/Conv_output_0_QuantizeLinear_Output"], "input": ["/bga/left1/left1.2/Conv_output_0", "onnx::Conv_645_scale", "/bga/left1/left1.2/Conv_output_0_zero_point"], "opType": "QuantizeLinear", "comment": "@199 [/bga/left1/left1.2/Conv_output_0_QuantizeLinear_Output:(ty=2,shape=[1,128,64,64])] QuantizeLinear [/bga/left1/left1.2/Conv_output_0:(ty=1,shape=[1,128,64,64]),onnx::Conv_645_scale:(ty=1,shape=[]),/bga/left1/left1.2/Conv_output_0_zero_point:(ty=2,shape=[])]", "device": "NPU"}, {"output": ["/bga/left1/left1.2/Conv_output_0_DequantizeLinear_Output"], "input": ["/bga/left1/left1.2/Conv_output_0_QuantizeLinear_Output", "onnx::Conv_645_scale", "/bga/left1/left1.2/Conv_output_0_zero_point"], "opType": "DequantizeLinear", "comment": "@202 [/bga/left1/left1.2/Conv_output_0_DequantizeLinear_Output:(ty=1,shape=[1,128,64,64])] DequantizeLinear [/bga/left1/left1.2/Conv_output_0_QuantizeLinear_Output:(ty=2,shape=[1,128,64,64]),onnx::Conv_645_scale:(ty=1,shape=[]),/bga/left1/left1.2/Conv_output_0_zero_point:(ty=2,shape=[])]", "device": "NPU"}, {"output": ["/bga/Mul_output_0"], "input": ["/bga/left1/left1.2/Conv_output_0_DequantizeLinear_Output", "/bga/Sigmoid_output_0_DequantizeLinear_Output"], "opType": "Mul", "comment": "@360 [/bga/Mul_output_0:(ty=1,shape=[1,128,64,64])] Mul [/bga/left1/left1.2/Conv_output_0_DequantizeLinear_Output:(ty=1,shape=[1,128,64,64]),/bga/Sigmoid_output_0_DequantizeLinear_Output:(ty=1,shape=[1,128,64,64])]", "device": "NPU"}, {"output": ["/bga/Mul_output_0_QuantizeLinear_Output"], "input": ["/bga/Mul_output_0", "/bga/Mul_output_0_scale", "/bga/Mul_output_0_zero_point"], "opType": "QuantizeLinear", "comment": "@362 [/bga/Mul_output_0_QuantizeLinear_Output:(ty=2,shape=[1,128,64,64])] QuantizeLinear [/bga/Mul_output_0:(ty=1,shape=[1,128,64,64]),/bga/Mul_output_0_scale:(ty=1,shape=[]),/bga/Mul_output_0_zero_point:(ty=2,shape=[])]", "device": "NPU"}, {"output": ["/bga/Mul_output_0_DequantizeLinear_Output"], "input": ["/bga/Mul_output_0_QuantizeLinear_Output", "/bga/Mul_output_0_scale", "/bga/Mul_output_0_zero_point"], "opType": "DequantizeLinear", "comment": "@364 [/bga/Mul_output_0_DequantizeLinear_Output:(ty=1,shape=[1,128,64,64])] DequantizeLinear [/bga/Mul_output_0_QuantizeLinear_Output:(ty=2,shape=[1,128,64,64]),/bga/Mul_output_0_scale:(ty=1,shape=[]),/bga/Mul_output_0_zero_point:(ty=2,shape=[])]", "device": "NPU"}, {"output": ["/bga/Add_output_0"], "input": ["/bga/Mul_output_0_DequantizeLinear_Output", "/bga/up2/Resize_output_0_DequantizeLinear_Output"], "opType": "Add", "comment": "@369 [/bga/Add_output_0:(ty=1,shape=[1,128,64,64])] Add [/bga/Mul_output_0_DequantizeLinear_Output:(ty=1,shape=[1,128,64,64]),/bga/up2/Resize_output_0_DequantizeLinear_Output:(ty=1,shape=[1,128,64,64])]", "device": "NPU"}, {"output": ["/bga/Add_output_0_QuantizeLinear_Output"], "input": ["/bga/Add_output_0", "/bga/Mul_output_0_scale", "/bga/Add_output_0_zero_point"], "opType": "QuantizeLinear", "comment": "@370 [/bga/Add_output_0_QuantizeLinear_Output:(ty=2,shape=[1,128,64,64])] QuantizeLinear [/bga/Add_output_0:(ty=1,shape=[1,128,64,64]),/bga/Mul_output_0_scale:(ty=1,shape=[]),/bga/Add_output_0_zero_point:(ty=2,shape=[])]", "device": "NPU"}, {"output": ["/bga/Add_output_0_DequantizeLinear_Output"], "input": ["/bga/Add_output_0_QuantizeLinear_Output", "/bga/Mul_output_0_scale", "/bga/Add_output_0_zero_point"], "opType": "DequantizeLinear", "comment": "@371 [/bga/Add_output_0_DequantizeLinear_Output:(ty=1,shape=[1,128,64,64])] DequantizeLinear [/bga/Add_output_0_QuantizeLinear_Output:(ty=2,shape=[1,128,64,64]),/bga/Mul_output_0_scale:(ty=1,shape=[]),/bga/Add_output_0_zero_point:(ty=2,shape=[])]", "device": "NPU"}, {"output": ["onnx::Conv_666_DequantizeLinear_Output"], "input": ["onnx::Conv_666_quantized", "onnx::Conv_645_scale", "onnx::Conv_666_zero_point"], "opType": "DequantizeLinear", "comment": "@110 [onnx::Conv_666_DequantizeLinear_Output:(ty=1,shape=[128])] DequantizeLinear [onnx::Conv_666_quantized:(ty=3,shape=[128]),onnx::Conv_645_scale:(ty=1,shape=[]),onnx::Conv_666_zero_point:(ty=3,shape=[])]", "device": "NPU"}, {"output": ["onnx::Conv_665_DequantizeLinear_Output"], "input": ["onnx::Conv_665_quantized", "bga.right2.2.weight_scale", "onnx::Conv_665_zero_point"], "opType": "DequantizeLinear", "comment": "@109 [onnx::Conv_665_DequantizeLinear_Output:(ty=1,shape=[128,128,3,3])] DequantizeLinear [onnx::Conv_665_quantized:(ty=3,shape=[128,128,3,3]),bga.right2.2.weight_scale:(ty=1,shape=[]),onnx::Conv_665_zero_point:(ty=3,shape=[])]", "device": "NPU"}, {"output": ["/bga/conv/conv.0/Conv_output_0"], "input": ["/bga/Add_output_0_DequantizeLinear_Output", "onnx::Conv_665_DequantizeLinear_Output", "onnx::Conv_666_DequantizeLinear_Output"], "opType": "Conv", "comment": "@372 [/bga/conv/conv.0/Conv_output_0:(ty=1,shape=[1,128,64,64])] Conv [/bga/Add_output_0_DequantizeLinear_Output:(ty=1,shape=[1,128,64,64]),onnx::Conv_665_DequantizeLinear_Output:(ty=1,shape=[128,128,3,3]),onnx::Conv_666_DequantizeLinear_Output:(ty=1,shape=[128])]", "device": "NPU"}, {"output": ["/bga/conv/conv.2/Relu_output_0"], "input": ["/bga/conv/conv.0/Conv_output_0"], "opType": "Relu", "comment": "@373 [/bga/conv/conv.2/Relu_output_0:(ty=1,shape=[1,128,64,64])] Relu [/bga/conv/conv.0/Conv_output_0:(ty=1,shape=[1,128,64,64])]", "device": "NPU"}, {"output": ["/bga/conv/conv.2/Relu_output_0_QuantizeLinear_Output"], "input": ["/bga/conv/conv.2/Relu_output_0", "onnx::Conv_645_scale", "/bga/conv/conv.2/Relu_output_0_zero_point"], "opType": "QuantizeLinear", "comment": "@374 [/bga/conv/conv.2/Relu_output_0_QuantizeLinear_Output:(ty=2,shape=[1,128,64,64])] QuantizeLinear [/bga/conv/conv.2/Relu_output_0:(ty=1,shape=[1,128,64,64]),onnx::Conv_645_scale:(ty=1,shape=[]),/bga/conv/conv.2/Relu_output_0_zero_point:(ty=2,shape=[])]", "device": "NPU"}, {"output": ["/bga/conv/conv.2/Relu_output_0_DequantizeLinear_Output"], "input": ["/bga/conv/conv.2/Relu_output_0_QuantizeLinear_Output", "onnx::Conv_645_scale", "/bga/conv/conv.2/Relu_output_0_zero_point"], "opType": "DequantizeLinear", "comment": "@375 [/bga/conv/conv.2/Relu_output_0_DequantizeLinear_Output:(ty=1,shape=[1,128,64,64])] DequantizeLinear [/bga/conv/conv.2/Relu_output_0_QuantizeLinear_Output:(ty=2,shape=[1,128,64,64]),onnx::Conv_645_scale:(ty=1,shape=[]),/bga/conv/conv.2/Relu_output_0_zero_point:(ty=2,shape=[])]", "device": "NPU"}, {"output": ["onnx::Conv_669_DequantizeLinear_Output"], "input": ["onnx::Conv_669_quantized", "image_scale", "onnx::Conv_669_zero_point"], "opType": "DequantizeLinear", "comment": "@112 [onnx::Conv_669_DequantizeLinear_Output:(ty=1,shape=[1024])] DequantizeLinear [onnx::Conv_669_quantized:(ty=3,shape=[1024]),image_scale:(ty=1,shape=[]),onnx::Conv_669_zero_point:(ty=3,shape=[])]", "device": "NPU"}, {"output": ["onnx::Conv_668_DequantizeLinear_Output"], "input": ["onnx::Conv_668_quantized", "onnx::Conv_602_scale", "onnx::Conv_668_zero_point"], "opType": "DequantizeLinear", "comment": "@111 [onnx::Conv_668_DequantizeLinear_Output:(ty=1,shape=[1024,128,3,3])] DequantizeLinear [onnx::Conv_668_quantized:(ty=3,shape=[1024,128,3,3]),onnx::Conv_602_scale:(ty=1,shape=[]),onnx::Conv_668_zero_point:(ty=3,shape=[])]", "device": "NPU"}, {"output": ["/head/conv/conv/Conv_output_0"], "input": ["/bga/conv/conv.2/Relu_output_0_DequantizeLinear_Output", "onnx::Conv_668_DequantizeLinear_Output", "onnx::Conv_669_DequantizeLinear_Output"], "opType": "Conv", "comment": "@376 [/head/conv/conv/Conv_output_0:(ty=1,shape=[1,1024,64,64])] Conv [/bga/conv/conv.2/Relu_output_0_DequantizeLinear_Output:(ty=1,shape=[1,128,64,64]),onnx::Conv_668_DequantizeLinear_Output:(ty=1,shape=[1024,128,3,3]),onnx::Conv_669_DequantizeLinear_Output:(ty=1,shape=[1024])]", "device": "NPU"}, {"output": ["/head/conv/relu/Relu_output_0"], "input": ["/head/conv/conv/Conv_output_0"], "opType": "Relu", "comment": "@377 [/head/conv/relu/Relu_output_0:(ty=1,shape=[1,1024,64,64])] Relu [/head/conv/conv/Conv_output_0:(ty=1,shape=[1,1024,64,64])]", "device": "NPU"}, {"output": ["/head/conv/relu/Relu_output_0_QuantizeLinear_Output"], "input": ["/head/conv/relu/Relu_output_0", "image_scale", "/head/conv/relu/Relu_output_0_zero_point"], "opType": "QuantizeLinear", "comment": "@378 [/head/conv/relu/Relu_output_0_QuantizeLinear_Output:(ty=2,shape=[1,1024,64,64])] QuantizeLinear [/head/conv/relu/Relu_output_0:(ty=1,shape=[1,1024,64,64]),image_scale:(ty=1,shape=[]),/head/conv/relu/Relu_output_0_zero_point:(ty=2,shape=[])]", "device": "NPU"}, {"output": ["/head/conv/relu/Relu_output_0_DequantizeLinear_Output"], "input": ["/head/conv/relu/Relu_output_0_QuantizeLinear_Output", "image_scale", "/head/conv/relu/Relu_output_0_zero_point"], "opType": "DequantizeLinear", "comment": "@379 [/head/conv/relu/Relu_output_0_DequantizeLinear_Output:(ty=1,shape=[1,1024,64,64])] DequantizeLinear [/head/conv/relu/Relu_output_0_QuantizeLinear_Output:(ty=2,shape=[1,1024,64,64]),image_scale:(ty=1,shape=[]),/head/conv/relu/Relu_output_0_zero_point:(ty=2,shape=[])]", "device": "NPU"}, {"output": ["head.conv_out.weight_DequantizeLinear_Output"], "input": ["head.conv_out.weight_quantized", "head.conv_out.weight_scale", "head.conv_out.weight_zero_point"], "opType": "DequantizeLinear", "comment": "@5 [head.conv_out.weight_DequantizeLinear_Output:(ty=1,shape=[19,1024,1,1])] DequantizeLinear [head.conv_out.weight_quantized:(ty=3,shape=[19,1024,1,1]),head.conv_out.weight_scale:(ty=1,shape=[]),head.conv_out.weight_zero_point:(ty=3,shape=[])]", "device": "NPU"}, {"output": ["head.conv_out.bias_DequantizeLinear_Output"], "input": ["head.conv_out.bias_quantized", "head.conv_out.bias_scale", "head.conv_out.bias_zero_point"], "opType": "DequantizeLinear", "comment": "@4 [head.conv_out.bias_DequantizeLinear_Output:(ty=1,shape=[19])] DequantizeLinear [head.conv_out.bias_quantized:(ty=3,shape=[19]),head.conv_out.bias_scale:(ty=1,shape=[]),head.conv_out.bias_zero_point:(ty=3,shape=[])]", "device": "NPU"}, {"output": ["/head/conv_out/Conv_output_0"], "input": ["/head/conv/relu/Relu_output_0_DequantizeLinear_Output", "head.conv_out.weight_DequantizeLinear_Output", "head.conv_out.bias_DequantizeLinear_Output"], "opType": "Conv", "comment": "@380 [/head/conv_out/Conv_output_0:(ty=1,shape=[1,19,64,64])] Conv [/head/conv/relu/Relu_output_0_DequantizeLinear_Output:(ty=1,shape=[1,1024,64,64]),head.conv_out.weight_DequantizeLinear_Output:(ty=1,shape=[19,1024,1,1]),head.conv_out.bias_DequantizeLinear_Output:(ty=1,shape=[19])]", "device": "NPU"}, {"output": ["/head/conv_out/Conv_output_0_QuantizeLinear_Output"], "input": ["/head/conv_out/Conv_output_0", "onnx::Conv_518_scale", "/head/conv_out/Conv_output_0_zero_point"], "opType": "QuantizeLinear", "comment": "@381 [/head/conv_out/Conv_output_0_QuantizeLinear_Output:(ty=2,shape=[1,19,64,64])] QuantizeLinear [/head/conv_out/Conv_output_0:(ty=1,shape=[1,19,64,64]),onnx::Conv_518_scale:(ty=1,shape=[]),/head/conv_out/Conv_output_0_zero_point:(ty=2,shape=[])]", "device": "NPU"}, {"output": ["/head/conv_out/Conv_output_0_DequantizeLinear_Output"], "input": ["/head/conv_out/Conv_output_0_QuantizeLinear_Output", "onnx::Conv_518_scale", "/head/conv_out/Conv_output_0_zero_point"], "opType": "DequantizeLinear", "comment": "@382 [/head/conv_out/Conv_output_0_DequantizeLinear_Output:(ty=1,shape=[1,19,64,64])] DequantizeLinear [/head/conv_out/Conv_output_0_QuantizeLinear_Output:(ty=2,shape=[1,19,64,64]),onnx::Conv_518_scale:(ty=1,shape=[]),/head/conv_out/Conv_output_0_zero_point:(ty=2,shape=[])]", "device": "NPU"}, {"output": ["logits_QuantizeLinear_Input"], "input": ["/head/conv_out/Conv_output_0_DequantizeLinear_Output", "VAIP_NOT_EXISTS", "/head/up/Constant_output_0"], "opType": "Resize", "comment": "@383 [logits_QuantizeLinear_Input:(ty=1,shape=[1,19,512,512])] Resize [/head/conv_out/Conv_output_0_DequantizeLinear_Output:(ty=1,shape=[1,19,64,64]),N/A,/head/up/Constant_output_0:(ty=1,shape=[4])]", "device": "NPU"}, {"output": ["logits_QuantizeLinear_Output"], "input": ["logits_QuantizeLinear_Input", "onnx::Conv_518_scale", "/head/conv_out/Conv_output_0_zero_point"], "opType": "QuantizeLinear", "comment": "@384 [logits_QuantizeLinear_Output:(ty=2,shape=[1,19,512,512])] QuantizeLinear [logits_QuantizeLinear_Input:(ty=1,shape=[1,19,512,512]),onnx::Conv_518_scale:(ty=1,shape=[]),/head/conv_out/Conv_output_0_zero_point:(ty=2,shape=[])]", "device": "NPU"}, {"output": ["logits"], "input": ["logits_QuantizeLinear_Output", "onnx::Conv_518_scale", "/head/conv_out/Conv_output_0_zero_point"], "opType": "DequantizeLinear", "comment": "@385 [logits:(ty=1,shape=[1,19,512,512])] DequantizeLinear [logits_QuantizeLinear_Output:(ty=2,shape=[1,19,512,512]),onnx::Conv_518_scale:(ty=1,shape=[]),/head/conv_out/Conv_output_0_zero_point:(ty=2,shape=[])]", "device": "CPU"}], "shapeInfo": [{"name": "image_QuantizeLinear_Output", "shape": ["1", "3", "512", "512"]}, {"name": "image_DequantizeLinear_Output/duplicated", "shape": ["1", "3", "512", "512"]}, {"name": "onnx::Conv_537_DequantizeLinear_Output", "shape": ["16"]}, {"name": "onnx::Conv_536_DequantizeLinear_Output", "shape": ["16", "3", "3", "3"]}, {"name": "/segment/S1S2/conv/conv/Conv_output_0", "shape": ["1", "16", "256", "256"]}, {"name": "/segment/S1S2/conv/relu/Relu_output_0", "shape": ["1", "16", "256", "256"]}, {"name": "/segment/S1S2/conv/relu/Relu_output_0_QuantizeLinear_Output", "shape": ["1", "16", "256", "256"]}, {"name": "/segment/S1S2/conv/relu/Relu_output_0_DequantizeLinear_Output", "shape": ["1", "16", "256", "256"]}, {"name": "onnx::Conv_540_DequantizeLinear_Output", "shape": ["8"]}, {"name": "onnx::Conv_539_DequantizeLinear_Output", "shape": ["8", "16", "1", "1"]}, {"name": "/segment/S1S2/left/left.0/conv/Conv_output_0", "shape": ["1", "8", "256", "256"]}, {"name": "/segment/S1S2/left/left.0/relu/Relu_output_0", "shape": ["1", "8", "256", "256"]}, {"name": "/segment/S1S2/left/left.0/relu/Relu_output_0_QuantizeLinear_Output", "shape": ["1", "8", "256", "256"]}, {"name": "/segment/S1S2/left/left.0/relu/Relu_output_0_DequantizeLinear_Output", "shape": ["1", "8", "256", "256"]}, {"name": "onnx::Conv_543_DequantizeLinear_Output", "shape": ["16"]}, {"name": "onnx::Conv_542_DequantizeLinear_Output", "shape": ["16", "8", "3", "3"]}, {"name": "/segment/S1S2/left/left.1/conv/Conv_output_0", "shape": ["1", "16", "128", "128"]}, {"name": "/segment/S1S2/left/left.1/relu/Relu_output_0", "shape": ["1", "16", "128", "128"]}, {"name": "/segment/S1S2/left/left.1/relu/Relu_output_0_QuantizeLinear_Output", "shape": ["1", "16", "128", "128"]}, {"name": "/segment/S1S2/left/left.1/relu/Relu_output_0_DequantizeLinear_Output", "shape": ["1", "16", "128", "128"]}, {"name": "/segment/S1S2/conv/relu/Relu_output_0_DequantizeLinear_Output/duplicated", "shape": ["1", "16", "256", "256"]}, {"name": "/segment/S1S2/right/MaxPool_output_0", "shape": ["1", "16", "128", "128"]}, {"name": "/segment/S1S2/right/MaxPool_output_0_QuantizeLinear_Output", "shape": ["1", "16", "128", "128"]}, {"name": "/segment/S1S2/right/MaxPool_output_0_DequantizeLinear_Output", "shape": ["1", "16", "128", "128"]}, {"name": "/segment/S1S2/Concat_output_0", "shape": ["1", "32", "128", "128"]}, {"name": "/segment/S1S2/Concat_output_0_QuantizeLinear_Output", "shape": ["1", "32", "128", "128"]}, {"name": "/segment/S1S2/Concat_output_0_DequantizeLinear_Output", "shape": ["1", "32", "128", "128"]}, {"name": "onnx::Conv_546_DequantizeLinear_Output", "shape": ["16"]}, {"name": "onnx::Conv_545_DequantizeLinear_Output", "shape": ["16", "32", "3", "3"]}, {"name": "/segment/S1S2/fuse/conv/Conv_output_0", "shape": ["1", "16", "128", "128"]}, {"name": "/segment/S1S2/fuse/relu/Relu_output_0", "shape": ["1", "16", "128", "128"]}, {"name": "/segment/S1S2/fuse/relu/Relu_output_0_QuantizeLinear_Output", "shape": ["1", "16", "128", "128"]}, {"name": "/segment/S1S2/fuse/relu/Relu_output_0_DequantizeLinear_Output", "shape": ["1", "16", "128", "128"]}, {"name": "onnx::Conv_549_DequantizeLinear_Output", "shape": ["16"]}, {"name": "onnx::Conv_548_DequantizeLinear_Output", "shape": ["16", "16", "3", "3"]}, {"name": "/segment/S3/S3.0/conv1/conv/Conv_output_0", "shape": ["1", "16", "128", "128"]}, {"name": "/segment/S3/S3.0/conv1/relu/Relu_output_0", "shape": ["1", "16", "128", "128"]}, {"name": "/segment/S3/S3.0/conv1/relu/Relu_output_0_QuantizeLinear_Output", "shape": ["1", "16", "128", "128"]}, {"name": "/segment/S3/S3.0/conv1/relu/Relu_output_0_DequantizeLinear_Output", "shape": ["1", "16", "128", "128"]}, {"name": "onnx::Conv_552_DequantizeLinear_Output", "shape": ["96"]}, {"name": "onnx::Conv_551_DequantizeLinear_Output", "shape": ["96", "1", "3", "3"]}, {"name": "/segment/S3/S3.0/dwconv1/dwconv1.0/Conv_output_0", "shape": ["1", "96", "64", "64"]}, {"name": "/segment/S3/S3.0/dwconv1/dwconv1.0/Conv_output_0_QuantizeLinear_Output", "shape": ["1", "96", "64", "64"]}, {"name": "/segment/S3/S3.0/dwconv1/dwconv1.0/Conv_output_0_DequantizeLinear_Output", "shape": ["1", "96", "64", "64"]}, {"name": "onnx::Conv_555_DequantizeLinear_Output", "shape": ["96"]}, {"name": "onnx::Conv_554_DequantizeLinear_Output", "shape": ["96", "1", "3", "3"]}, {"name": "/segment/S3/S3.0/dwconv2/dwconv2.0/Conv_output_0", "shape": ["1", "96", "64", "64"]}, {"name": "/segment/S3/S3.0/dwconv2/dwconv2.2/Relu_output_0", "shape": ["1", "96", "64", "64"]}, {"name": "/segment/S3/S3.0/dwconv2/dwconv2.2/Relu_output_0_QuantizeLinear_Output", "shape": ["1", "96", "64", "64"]}, {"name": "/segment/S3/S3.0/dwconv2/dwconv2.2/Relu_output_0_DequantizeLinear_Output", "shape": ["1", "96", "64", "64"]}, {"name": "onnx::Conv_558_DequantizeLinear_Output", "shape": ["32"]}, {"name": "onnx::Conv_557_DequantizeLinear_Output", "shape": ["32", "96", "1", "1"]}, {"name": "/segment/S3/S3.0/conv2/conv2.0/Conv_output_0", "shape": ["1", "32", "64", "64"]}, {"name": "/segment/S3/S3.0/conv2/conv2.0/Conv_output_0_QuantizeLinear_Output", "shape": ["1", "32", "64", "64"]}, {"name": "/segment/S3/S3.0/conv2/conv2.0/Conv_output_0_DequantizeLinear_Output", "shape": ["1", "32", "64", "64"]}, {"name": "/segment/S1S2/fuse/relu/Relu_output_0_DequantizeLinear_Output/duplicated", "shape": ["1", "16", "128", "128"]}, {"name": "onnx::Conv_561_DequantizeLinear_Output", "shape": ["16"]}, {"name": "onnx::Conv_560_DequantizeLinear_Output", "shape": ["16", "1", "3", "3"]}, {"name": "/segment/S3/S3.0/shortcut/shortcut.0/Conv_output_0", "shape": ["1", "16", "64", "64"]}, {"name": "/segment/S3/S3.0/shortcut/shortcut.0/Conv_output_0_QuantizeLinear_Output", "shape": ["1", "16", "64", "64"]}, {"name": "/segment/S3/S3.0/shortcut/shortcut.0/Conv_output_0_DequantizeLinear_Output", "shape": ["1", "16", "64", "64"]}, {"name": "onnx::Conv_564_DequantizeLinear_Output", "shape": ["32"]}, {"name": "onnx::Conv_563_DequantizeLinear_Output", "shape": ["32", "16", "1", "1"]}, {"name": "/segment/S3/S3.0/shortcut/shortcut.2/Conv_output_0", "shape": ["1", "32", "64", "64"]}, {"name": "/segment/S3/S3.0/shortcut/shortcut.2/Conv_output_0_QuantizeLinear_Output", "shape": ["1", "32", "64", "64"]}, {"name": "/segment/S3/S3.0/shortcut/shortcut.2/Conv_output_0_DequantizeLinear_Output", "shape": ["1", "32", "64", "64"]}, {"name": "/segment/S3/S3.0/Add_output_0", "shape": ["1", "32", "64", "64"]}, {"name": "/segment/S3/S3.0/relu/Relu_output_0", "shape": ["1", "32", "64", "64"]}, {"name": "/segment/S3/S3.0/relu/Relu_output_0_QuantizeLinear_Output", "shape": ["1", "32", "64", "64"]}, {"name": "/segment/S3/S3.0/relu/Relu_output_0_DequantizeLinear_Output/duplicated", "shape": ["1", "32", "64", "64"]}, {"name": "/segment/S3/S3.0/relu/Relu_output_0_DequantizeLinear_Output", "shape": ["1", "32", "64", "64"]}, {"name": "onnx::Conv_567_DequantizeLinear_Output", "shape": ["32"]}, {"name": "onnx::Conv_566_DequantizeLinear_Output", "shape": ["32", "32", "3", "3"]}, {"name": "/segment/S3/S3.1/conv1/conv/Conv_output_0", "shape": ["1", "32", "64", "64"]}, {"name": "/segment/S3/S3.1/conv1/relu/Relu_output_0", "shape": ["1", "32", "64", "64"]}, {"name": "/segment/S3/S3.1/conv1/relu/Relu_output_0_QuantizeLinear_Output", "shape": ["1", "32", "64", "64"]}, {"name": "/segment/S3/S3.1/conv1/relu/Relu_output_0_DequantizeLinear_Output", "shape": ["1", "32", "64", "64"]}, {"name": "onnx::Conv_570_DequantizeLinear_Output", "shape": ["192"]}, {"name": "onnx::Conv_569_DequantizeLinear_Output", "shape": ["192", "1", "3", "3"]}, {"name": "/segment/S3/S3.1/dwconv/dwconv.0/Conv_output_0", "shape": ["1", "192", "64", "64"]}, {"name": "/segment/S3/S3.1/dwconv/dwconv.2/Relu_output_0", "shape": ["1", "192", "64", "64"]}, {"name": "/segment/S3/S3.1/dwconv/dwconv.2/Relu_output_0_QuantizeLinear_Output", "shape": ["1", "192", "64", "64"]}, {"name": "/segment/S3/S3.1/dwconv/dwconv.2/Relu_output_0_DequantizeLinear_Output", "shape": ["1", "192", "64", "64"]}, {"name": "onnx::Conv_573_DequantizeLinear_Output", "shape": ["32"]}, {"name": "onnx::Conv_572_DequantizeLinear_Output", "shape": ["32", "192", "1", "1"]}, {"name": "/segment/S3/S3.1/conv2/conv2.0/Conv_output_0", "shape": ["1", "32", "64", "64"]}, {"name": "/segment/S3/S3.1/conv2/conv2.0/Conv_output_0_QuantizeLinear_Output", "shape": ["1", "32", "64", "64"]}, {"name": "/segment/S3/S3.1/conv2/conv2.0/Conv_output_0_DequantizeLinear_Output", "shape": ["1", "32", "64", "64"]}, {"name": "/segment/S3/S3.1/Add_output_0", "shape": ["1", "32", "64", "64"]}, {"name": "/segment/S3/S3.1/relu/Relu_output_0", "shape": ["1", "32", "64", "64"]}, {"name": "/segment/S3/S3.1/relu/Relu_output_0_QuantizeLinear_Output", "shape": ["1", "32", "64", "64"]}, {"name": "/segment/S3/S3.1/relu/Relu_output_0_DequantizeLinear_Output", "shape": ["1", "32", "64", "64"]}, {"name": "onnx::Conv_576_DequantizeLinear_Output", "shape": ["32"]}, {"name": "onnx::Conv_575_DequantizeLinear_Output", "shape": ["32", "32", "3", "3"]}, {"name": "/segment/S4/S4.0/conv1/conv/Conv_output_0", "shape": ["1", "32", "64", "64"]}, {"name": "/segment/S4/S4.0/conv1/relu/Relu_output_0", "shape": ["1", "32", "64", "64"]}, {"name": "/segment/S4/S4.0/conv1/relu/Relu_output_0_QuantizeLinear_Output", "shape": ["1", "32", "64", "64"]}, {"name": "/segment/S4/S4.0/conv1/relu/Relu_output_0_DequantizeLinear_Output", "shape": ["1", "32", "64", "64"]}, {"name": "onnx::Conv_579_DequantizeLinear_Output", "shape": ["192"]}, {"name": "onnx::Conv_578_DequantizeLinear_Output", "shape": ["192", "1", "3", "3"]}, {"name": "/segment/S4/S4.0/dwconv1/dwconv1.0/Conv_output_0", "shape": ["1", "192", "32", "32"]}, {"name": "/segment/S4/S4.0/dwconv1/dwconv1.0/Conv_output_0_QuantizeLinear_Output", "shape": ["1", "192", "32", "32"]}, {"name": "/segment/S4/S4.0/dwconv1/dwconv1.0/Conv_output_0_DequantizeLinear_Output", "shape": ["1", "192", "32", "32"]}, {"name": "onnx::Conv_582_DequantizeLinear_Output", "shape": ["192"]}, {"name": "onnx::Conv_581_DequantizeLinear_Output", "shape": ["192", "1", "3", "3"]}, {"name": "/segment/S4/S4.0/dwconv2/dwconv2.0/Conv_output_0", "shape": ["1", "192", "32", "32"]}, {"name": "/segment/S4/S4.0/dwconv2/dwconv2.2/Relu_output_0", "shape": ["1", "192", "32", "32"]}, {"name": "/segment/S4/S4.0/dwconv2/dwconv2.2/Relu_output_0_QuantizeLinear_Output", "shape": ["1", "192", "32", "32"]}, {"name": "/segment/S4/S4.0/dwconv2/dwconv2.2/Relu_output_0_DequantizeLinear_Output", "shape": ["1", "192", "32", "32"]}, {"name": "onnx::Conv_585_DequantizeLinear_Output", "shape": ["64"]}, {"name": "onnx::Conv_584_DequantizeLinear_Output", "shape": ["64", "192", "1", "1"]}, {"name": "/segment/S4/S4.0/conv2/conv2.0/Conv_output_0", "shape": ["1", "64", "32", "32"]}, {"name": "/segment/S4/S4.0/conv2/conv2.0/Conv_output_0_QuantizeLinear_Output", "shape": ["1", "64", "32", "32"]}, {"name": "/segment/S4/S4.0/conv2/conv2.0/Conv_output_0_DequantizeLinear_Output", "shape": ["1", "64", "32", "32"]}, {"name": "/segment/S3/S3.1/relu/Relu_output_0_DequantizeLinear_Output/duplicated", "shape": ["1", "32", "64", "64"]}, {"name": "onnx::Conv_588_DequantizeLinear_Output", "shape": ["32"]}, {"name": "onnx::Conv_587_DequantizeLinear_Output", "shape": ["32", "1", "3", "3"]}, {"name": "/segment/S4/S4.0/shortcut/shortcut.0/Conv_output_0", "shape": ["1", "32", "32", "32"]}, {"name": "/segment/S4/S4.0/shortcut/shortcut.0/Conv_output_0_QuantizeLinear_Output", "shape": ["1", "32", "32", "32"]}, {"name": "/segment/S4/S4.0/shortcut/shortcut.0/Conv_output_0_DequantizeLinear_Output", "shape": ["1", "32", "32", "32"]}, {"name": "onnx::Conv_591_DequantizeLinear_Output", "shape": ["64"]}, {"name": "onnx::Conv_590_DequantizeLinear_Output", "shape": ["64", "32", "1", "1"]}, {"name": "/segment/S4/S4.0/shortcut/shortcut.2/Conv_output_0", "shape": ["1", "64", "32", "32"]}, {"name": "/segment/S4/S4.0/shortcut/shortcut.2/Conv_output_0_QuantizeLinear_Output", "shape": ["1", "64", "32", "32"]}, {"name": "/segment/S4/S4.0/shortcut/shortcut.2/Conv_output_0_DequantizeLinear_Output", "shape": ["1", "64", "32", "32"]}, {"name": "/segment/S4/S4.0/Add_output_0", "shape": ["1", "64", "32", "32"]}, {"name": "/segment/S4/S4.0/relu/Relu_output_0", "shape": ["1", "64", "32", "32"]}, {"name": "/segment/S4/S4.0/relu/Relu_output_0_QuantizeLinear_Output", "shape": ["1", "64", "32", "32"]}, {"name": "/segment/S4/S4.0/relu/Relu_output_0_DequantizeLinear_Output/duplicated", "shape": ["1", "64", "32", "32"]}, {"name": "/segment/S4/S4.0/relu/Relu_output_0_DequantizeLinear_Output", "shape": ["1", "64", "32", "32"]}, {"name": "onnx::Conv_594_DequantizeLinear_Output", "shape": ["64"]}, {"name": "onnx::Conv_593_DequantizeLinear_Output", "shape": ["64", "64", "3", "3"]}, {"name": "/segment/S4/S4.1/conv1/conv/Conv_output_0", "shape": ["1", "64", "32", "32"]}, {"name": "/segment/S4/S4.1/conv1/relu/Relu_output_0", "shape": ["1", "64", "32", "32"]}, {"name": "/segment/S4/S4.1/conv1/relu/Relu_output_0_QuantizeLinear_Output", "shape": ["1", "64", "32", "32"]}, {"name": "/segment/S4/S4.1/conv1/relu/Relu_output_0_DequantizeLinear_Output", "shape": ["1", "64", "32", "32"]}, {"name": "onnx::Conv_597_DequantizeLinear_Output", "shape": ["384"]}, {"name": "onnx::Conv_596_DequantizeLinear_Output", "shape": ["384", "1", "3", "3"]}, {"name": "/segment/S4/S4.1/dwconv/dwconv.0/Conv_output_0", "shape": ["1", "384", "32", "32"]}, {"name": "/segment/S4/S4.1/dwconv/dwconv.2/Relu_output_0", "shape": ["1", "384", "32", "32"]}, {"name": "/segment/S4/S4.1/dwconv/dwconv.2/Relu_output_0_QuantizeLinear_Output", "shape": ["1", "384", "32", "32"]}, {"name": "/segment/S4/S4.1/dwconv/dwconv.2/Relu_output_0_DequantizeLinear_Output", "shape": ["1", "384", "32", "32"]}, {"name": "onnx::Conv_600_DequantizeLinear_Output", "shape": ["64"]}, {"name": "onnx::Conv_599_DequantizeLinear_Output", "shape": ["64", "384", "1", "1"]}, {"name": "/segment/S4/S4.1/conv2/conv2.0/Conv_output_0", "shape": ["1", "64", "32", "32"]}, {"name": "/segment/S4/S4.1/conv2/conv2.0/Conv_output_0_QuantizeLinear_Output", "shape": ["1", "64", "32", "32"]}, {"name": "/segment/S4/S4.1/conv2/conv2.0/Conv_output_0_DequantizeLinear_Output", "shape": ["1", "64", "32", "32"]}, {"name": "/segment/S4/S4.1/Add_output_0", "shape": ["1", "64", "32", "32"]}, {"name": "/segment/S4/S4.1/relu/Relu_output_0", "shape": ["1", "64", "32", "32"]}, {"name": "/segment/S4/S4.1/relu/Relu_output_0_QuantizeLinear_Output", "shape": ["1", "64", "32", "32"]}, {"name": "/segment/S4/S4.1/relu/Relu_output_0_DequantizeLinear_Output", "shape": ["1", "64", "32", "32"]}, {"name": "onnx::Conv_603_DequantizeLinear_Output", "shape": ["64"]}, {"name": "onnx::Conv_602_DequantizeLinear_Output", "shape": ["64", "64", "3", "3"]}, {"name": "/segment/S5_4/S5_4.0/conv1/conv/Conv_output_0", "shape": ["1", "64", "32", "32"]}, {"name": "/segment/S5_4/S5_4.0/conv1/relu/Relu_output_0", "shape": ["1", "64", "32", "32"]}, {"name": "/segment/S5_4/S5_4.0/conv1/relu/Relu_output_0_QuantizeLinear_Output", "shape": ["1", "64", "32", "32"]}, {"name": "/segment/S5_4/S5_4.0/conv1/relu/Relu_output_0_DequantizeLinear_Output", "shape": ["1", "64", "32", "32"]}, {"name": "onnx::Conv_606_DequantizeLinear_Output", "shape": ["384"]}, {"name": "onnx::Conv_605_DequantizeLinear_Output", "shape": ["384", "1", "3", "3"]}, {"name": "/segment/S5_4/S5_4.0/dwconv1/dwconv1.0/Conv_output_0", "shape": ["1", "384", "16", "16"]}, {"name": "/segment/S5_4/S5_4.0/dwconv1/dwconv1.0/Conv_output_0_QuantizeLinear_Output", "shape": ["1", "384", "16", "16"]}, {"name": "/segment/S5_4/S5_4.0/dwconv1/dwconv1.0/Conv_output_0_DequantizeLinear_Output", "shape": ["1", "384", "16", "16"]}, {"name": "onnx::Conv_609_DequantizeLinear_Output", "shape": ["384"]}, {"name": "onnx::Conv_608_DequantizeLinear_Output", "shape": ["384", "1", "3", "3"]}, {"name": "/segment/S5_4/S5_4.0/dwconv2/dwconv2.0/Conv_output_0", "shape": ["1", "384", "16", "16"]}, {"name": "/segment/S5_4/S5_4.0/dwconv2/dwconv2.2/Relu_output_0", "shape": ["1", "384", "16", "16"]}, {"name": "/segment/S5_4/S5_4.0/dwconv2/dwconv2.2/Relu_output_0_QuantizeLinear_Output", "shape": ["1", "384", "16", "16"]}, {"name": "/segment/S5_4/S5_4.0/dwconv2/dwconv2.2/Relu_output_0_DequantizeLinear_Output", "shape": ["1", "384", "16", "16"]}, {"name": "onnx::Conv_612_DequantizeLinear_Output", "shape": ["128"]}, {"name": "onnx::Conv_611_DequantizeLinear_Output", "shape": ["128", "384", "1", "1"]}, {"name": "/segment/S5_4/S5_4.0/conv2/conv2.0/Conv_output_0", "shape": ["1", "128", "16", "16"]}, {"name": "/segment/S5_4/S5_4.0/conv2/conv2.0/Conv_output_0_QuantizeLinear_Output", "shape": ["1", "128", "16", "16"]}, {"name": "/segment/S5_4/S5_4.0/conv2/conv2.0/Conv_output_0_DequantizeLinear_Output", "shape": ["1", "128", "16", "16"]}, {"name": "/segment/S4/S4.1/relu/Relu_output_0_DequantizeLinear_Output/duplicated", "shape": ["1", "64", "32", "32"]}, {"name": "onnx::Conv_615_DequantizeLinear_Output", "shape": ["64"]}, {"name": "onnx::Conv_614_DequantizeLinear_Output", "shape": ["64", "1", "3", "3"]}, {"name": "/segment/S5_4/S5_4.0/shortcut/shortcut.0/Conv_output_0", "shape": ["1", "64", "16", "16"]}, {"name": "/segment/S5_4/S5_4.0/shortcut/shortcut.0/Conv_output_0_QuantizeLinear_Output", "shape": ["1", "64", "16", "16"]}, {"name": "/segment/S5_4/S5_4.0/shortcut/shortcut.0/Conv_output_0_DequantizeLinear_Output", "shape": ["1", "64", "16", "16"]}, {"name": "onnx::Conv_618_DequantizeLinear_Output", "shape": ["128"]}, {"name": "onnx::Conv_617_DequantizeLinear_Output", "shape": ["128", "64", "1", "1"]}, {"name": "/segment/S5_4/S5_4.0/shortcut/shortcut.2/Conv_output_0", "shape": ["1", "128", "16", "16"]}, {"name": "/segment/S5_4/S5_4.0/shortcut/shortcut.2/Conv_output_0_QuantizeLinear_Output", "shape": ["1", "128", "16", "16"]}, {"name": "/segment/S5_4/S5_4.0/shortcut/shortcut.2/Conv_output_0_DequantizeLinear_Output", "shape": ["1", "128", "16", "16"]}, {"name": "/segment/S5_4/S5_4.0/Add_output_0", "shape": ["1", "128", "16", "16"]}, {"name": "/segment/S5_4/S5_4.0/relu/Relu_output_0", "shape": ["1", "128", "16", "16"]}, {"name": "/segment/S5_4/S5_4.0/relu/Relu_output_0_QuantizeLinear_Output", "shape": ["1", "128", "16", "16"]}, {"name": "/segment/S5_4/S5_4.0/relu/Relu_output_0_DequantizeLinear_Output/duplicated", "shape": ["1", "128", "16", "16"]}, {"name": "/segment/S5_4/S5_4.0/relu/Relu_output_0_DequantizeLinear_Output", "shape": ["1", "128", "16", "16"]}, {"name": "onnx::Conv_621_DequantizeLinear_Output", "shape": ["128"]}, {"name": "onnx::Conv_620_DequantizeLinear_Output", "shape": ["128", "128", "3", "3"]}, {"name": "/segment/S5_4/S5_4.1/conv1/conv/Conv_output_0", "shape": ["1", "128", "16", "16"]}, {"name": "/segment/S5_4/S5_4.1/conv1/relu/Relu_output_0", "shape": ["1", "128", "16", "16"]}, {"name": "/segment/S5_4/S5_4.1/conv1/relu/Relu_output_0_QuantizeLinear_Output", "shape": ["1", "128", "16", "16"]}, {"name": "/segment/S5_4/S5_4.1/conv1/relu/Relu_output_0_DequantizeLinear_Output", "shape": ["1", "128", "16", "16"]}, {"name": "onnx::Conv_624_DequantizeLinear_Output", "shape": ["768"]}, {"name": "onnx::Conv_623_DequantizeLinear_Output", "shape": ["768", "1", "3", "3"]}, {"name": "/segment/S5_4/S5_4.1/dwconv/dwconv.0/Conv_output_0", "shape": ["1", "768", "16", "16"]}, {"name": "/segment/S5_4/S5_4.1/dwconv/dwconv.2/Relu_output_0", "shape": ["1", "768", "16", "16"]}, {"name": "/segment/S5_4/S5_4.1/dwconv/dwconv.2/Relu_output_0_QuantizeLinear_Output", "shape": ["1", "768", "16", "16"]}, {"name": "/segment/S5_4/S5_4.1/dwconv/dwconv.2/Relu_output_0_DequantizeLinear_Output", "shape": ["1", "768", "16", "16"]}, {"name": "onnx::Conv_627_DequantizeLinear_Output", "shape": ["128"]}, {"name": "onnx::Conv_626_DequantizeLinear_Output", "shape": ["128", "768", "1", "1"]}, {"name": "/segment/S5_4/S5_4.1/conv2/conv2.0/Conv_output_0", "shape": ["1", "128", "16", "16"]}, {"name": "/segment/S5_4/S5_4.1/conv2/conv2.0/Conv_output_0_QuantizeLinear_Output", "shape": ["1", "128", "16", "16"]}, {"name": "/segment/S5_4/S5_4.1/conv2/conv2.0/Conv_output_0_DequantizeLinear_Output", "shape": ["1", "128", "16", "16"]}, {"name": "/segment/S5_4/S5_4.1/Add_output_0", "shape": ["1", "128", "16", "16"]}, {"name": "/segment/S5_4/S5_4.1/relu/Relu_output_0", "shape": ["1", "128", "16", "16"]}, {"name": "/segment/S5_4/S5_4.1/relu/Relu_output_0_QuantizeLinear_Output", "shape": ["1", "128", "16", "16"]}, {"name": "/segment/S5_4/S5_4.1/relu/Relu_output_0_DequantizeLinear_Output/duplicated", "shape": ["1", "128", "16", "16"]}, {"name": "/segment/S5_4/S5_4.1/relu/Relu_output_0_DequantizeLinear_Output", "shape": ["1", "128", "16", "16"]}, {"name": "onnx::Conv_630_DequantizeLinear_Output", "shape": ["128"]}, {"name": "onnx::Conv_629_DequantizeLinear_Output", "shape": ["128", "128", "3", "3"]}, {"name": "/segment/S5_4/S5_4.2/conv1/conv/Conv_output_0", "shape": ["1", "128", "16", "16"]}, {"name": "/segment/S5_4/S5_4.2/conv1/relu/Relu_output_0", "shape": ["1", "128", "16", "16"]}, {"name": "/segment/S5_4/S5_4.2/conv1/relu/Relu_output_0_QuantizeLinear_Output", "shape": ["1", "128", "16", "16"]}, {"name": "/segment/S5_4/S5_4.2/conv1/relu/Relu_output_0_DequantizeLinear_Output", "shape": ["1", "128", "16", "16"]}, {"name": "onnx::Conv_633_DequantizeLinear_Output", "shape": ["768"]}, {"name": "onnx::Conv_632_DequantizeLinear_Output", "shape": ["768", "1", "3", "3"]}, {"name": "/segment/S5_4/S5_4.2/dwconv/dwconv.0/Conv_output_0", "shape": ["1", "768", "16", "16"]}, {"name": "/segment/S5_4/S5_4.2/dwconv/dwconv.2/Relu_output_0", "shape": ["1", "768", "16", "16"]}, {"name": "/segment/S5_4/S5_4.2/dwconv/dwconv.2/Relu_output_0_QuantizeLinear_Output", "shape": ["1", "768", "16", "16"]}, {"name": "/segment/S5_4/S5_4.2/dwconv/dwconv.2/Relu_output_0_DequantizeLinear_Output", "shape": ["1", "768", "16", "16"]}, {"name": "onnx::Conv_636_DequantizeLinear_Output", "shape": ["128"]}, {"name": "onnx::Conv_635_DequantizeLinear_Output", "shape": ["128", "768", "1", "1"]}, {"name": "/segment/S5_4/S5_4.2/conv2/conv2.0/Conv_output_0", "shape": ["1", "128", "16", "16"]}, {"name": "/segment/S5_4/S5_4.2/conv2/conv2.0/Conv_output_0_QuantizeLinear_Output", "shape": ["1", "128", "16", "16"]}, {"name": "/segment/S5_4/S5_4.2/conv2/conv2.0/Conv_output_0_DequantizeLinear_Output", "shape": ["1", "128", "16", "16"]}, {"name": "/segment/S5_4/S5_4.2/Add_output_0", "shape": ["1", "128", "16", "16"]}, {"name": "/segment/S5_4/S5_4.2/relu/Relu_output_0", "shape": ["1", "128", "16", "16"]}, {"name": "/segment/S5_4/S5_4.2/relu/Relu_output_0_QuantizeLinear_Output", "shape": ["1", "128", "16", "16"]}, {"name": "/segment/S5_4/S5_4.2/relu/Relu_output_0_DequantizeLinear_Output/duplicated", "shape": ["1", "128", "16", "16"]}, {"name": "/segment/S5_4/S5_4.2/relu/Relu_output_0_DequantizeLinear_Output", "shape": ["1", "128", "16", "16"]}, {"name": "onnx::Conv_639_DequantizeLinear_Output", "shape": ["128"]}, {"name": "onnx::Conv_638_DequantizeLinear_Output", "shape": ["128", "128", "3", "3"]}, {"name": "/segment/S5_4/S5_4.3/conv1/conv/Conv_output_0", "shape": ["1", "128", "16", "16"]}, {"name": "/segment/S5_4/S5_4.3/conv1/relu/Relu_output_0", "shape": ["1", "128", "16", "16"]}, {"name": "/segment/S5_4/S5_4.3/conv1/relu/Relu_output_0_QuantizeLinear_Output", "shape": ["1", "128", "16", "16"]}, {"name": "/segment/S5_4/S5_4.3/conv1/relu/Relu_output_0_DequantizeLinear_Output", "shape": ["1", "128", "16", "16"]}, {"name": "onnx::Conv_642_DequantizeLinear_Output", "shape": ["768"]}, {"name": "onnx::Conv_641_DequantizeLinear_Output", "shape": ["768", "1", "3", "3"]}, {"name": "/segment/S5_4/S5_4.3/dwconv/dwconv.0/Conv_output_0", "shape": ["1", "768", "16", "16"]}, {"name": "/segment/S5_4/S5_4.3/dwconv/dwconv.2/Relu_output_0", "shape": ["1", "768", "16", "16"]}, {"name": "/segment/S5_4/S5_4.3/dwconv/dwconv.2/Relu_output_0_QuantizeLinear_Output", "shape": ["1", "768", "16", "16"]}, {"name": "/segment/S5_4/S5_4.3/dwconv/dwconv.2/Relu_output_0_DequantizeLinear_Output", "shape": ["1", "768", "16", "16"]}, {"name": "onnx::Conv_645_DequantizeLinear_Output", "shape": ["128"]}, {"name": "onnx::Conv_644_DequantizeLinear_Output", "shape": ["128", "768", "1", "1"]}, {"name": "/segment/S5_4/S5_4.3/conv2/conv2.0/Conv_output_0", "shape": ["1", "128", "16", "16"]}, {"name": "/segment/S5_4/S5_4.3/conv2/conv2.0/Conv_output_0_QuantizeLinear_Output", "shape": ["1", "128", "16", "16"]}, {"name": "/segment/S5_4/S5_4.3/conv2/conv2.0/Conv_output_0_DequantizeLinear_Output", "shape": ["1", "128", "16", "16"]}, {"name": "/segment/S5_4/S5_4.3/Add_output_0", "shape": ["1", "128", "16", "16"]}, {"name": "/segment/S5_4/S5_4.3/relu/Relu_output_0", "shape": ["1", "128", "16", "16"]}, {"name": "/segment/S5_4/S5_4.3/relu/Relu_output_0_QuantizeLinear_Output", "shape": ["1", "128", "16", "16"]}, {"name": "/segment/S5_4/S5_4.3/relu/Relu_output_0_DequantizeLinear_Output/duplicated", "shape": ["1", "128", "16", "16"]}, {"name": "/segment/S5_4/S5_4.3/relu/Relu_output_0_DequantizeLinear_Output", "shape": ["1", "128", "16", "16"]}, {"name": "/segment/S5_5/ReduceMean_output_0_Mul", "shape": ["1", "128", "1", "1"]}, {"name": "/segment/S5_5/ReduceMean_output_0_QuantizeLinear_Output", "shape": ["1", "128", "1", "1"]}, {"name": "/segment/S5_5/ReduceMean_output_0_DequantizeLinear_Output", "shape": ["1", "128", "1", "1"]}, {"name": "/segment/S5_5/bn/BatchNormalization_output_0weights_DequantizeLinear_Output", "shape": ["128", "1", "1", "1"]}, {"name": "/segment/S5_5/bn/BatchNormalization_output_0bias_DequantizeLinear_Output", "shape": ["128"]}, {"name": "/segment/S5_5/bn/BatchNormalization_output_0", "shape": ["1", "128", "1", "1"]}, {"name": "/segment/S5_5/bn/BatchNormalization_output_0_QuantizeLinear_Output", "shape": ["1", "128", "1", "1"]}, {"name": "/segment/S5_5/bn/BatchNormalization_output_0_DequantizeLinear_Output", "shape": ["1", "128", "1", "1"]}, {"name": "onnx::Conv_648_DequantizeLinear_Output", "shape": ["128"]}, {"name": "onnx::Conv_647_DequantizeLinear_Output", "shape": ["128", "128", "1", "1"]}, {"name": "/segment/S5_5/conv_gap/conv/Conv_output_0", "shape": ["1", "128", "1", "1"]}, {"name": "/segment/S5_5/conv_gap/relu/Relu_output_0", "shape": ["1", "128", "1", "1"]}, {"name": "/segment/S5_5/conv_gap/relu/Relu_output_0_QuantizeLinear_Output", "shape": ["1", "128", "1", "1"]}, {"name": "/segment/S5_5/conv_gap/relu/Relu_output_0_DequantizeLinear_Output", "shape": ["1", "128", "1", "1"]}, {"name": "/segment/S5_5/Add_output_0", "shape": ["1", "128", "16", "16"]}, {"name": "/segment/S5_5/Add_output_0_QuantizeLinear_Output", "shape": ["1", "128", "16", "16"]}, {"name": "/segment/S5_5/Add_output_0_DequantizeLinear_Output", "shape": ["1", "128", "16", "16"]}, {"name": "onnx::Conv_651_DequantizeLinear_Output", "shape": ["128"]}, {"name": "onnx::Conv_650_DequantizeLinear_Output", "shape": ["128", "128", "3", "3"]}, {"name": "/segment/S5_5/conv_last/conv/Conv_output_0", "shape": ["1", "128", "16", "16"]}, {"name": "/segment/S5_5/conv_last/relu/Relu_output_0", "shape": ["1", "128", "16", "16"]}, {"name": "/segment/S5_5/conv_last/relu/Relu_output_0_QuantizeLinear_Output", "shape": ["1", "128", "16", "16"]}, {"name": "/segment/S5_5/conv_last/relu/Relu_output_0_DequantizeLinear_Output/duplicated", "shape": ["1", "128", "16", "16"]}, {"name": "onnx::Conv_663_DequantizeLinear_Output", "shape": ["128"]}, {"name": "onnx::Conv_662_DequantizeLinear_Output", "shape": ["128", "1", "3", "3"]}, {"name": "/bga/right2/right2.0/Conv_output_0", "shape": ["1", "128", "16", "16"]}, {"name": "/bga/right2/right2.0/Conv_output_0_QuantizeLinear_Output", "shape": ["1", "128", "16", "16"]}, {"name": "/bga/right2/right2.0/Conv_output_0_DequantizeLinear_Output", "shape": ["1", "128", "16", "16"]}, {"name": "bga.right2.2.weight_DequantizeLinear_Output", "shape": ["128", "128", "1", "1"]}, {"name": "/bga/right2/right2.2/Conv_output_0", "shape": ["1", "128", "16", "16"]}, {"name": "/bga/right2/right2.2/Conv_output_0_QuantizeLinear_Output", "shape": ["1", "128", "16", "16"]}, {"name": "/bga/right2/right2.2/Conv_output_0_DequantizeLinear_Output", "shape": ["1", "128", "16", "16"]}, {"name": "/bga/Sigmoid_1_output_0_Mul", "shape": ["1", "128", "16", "16"]}, {"name": "/bga/Sigmoid_1_output_0", "shape": ["1", "128", "16", "16"]}, {"name": "/bga/Sigmoid_1_output_0_QuantizeLinear_Output", "shape": ["1", "128", "16", "16"]}, {"name": "/bga/Sigmoid_1_output_0_DequantizeLinear_Output", "shape": ["1", "128", "16", "16"]}, {"name": "image_DequantizeLinear_Output", "shape": ["1", "3", "512", "512"]}, {"name": "onnx::Conv_513_DequantizeLinear_Output", "shape": ["64"]}, {"name": "onnx::Conv_512_DequantizeLinear_Output", "shape": ["64", "3", "3", "3"]}, {"name": "/detail/S1/S1.0/conv/Conv_output_0", "shape": ["1", "64", "256", "256"]}, {"name": "/detail/S1/S1.0/relu/Relu_output_0", "shape": ["1", "64", "256", "256"]}, {"name": "/detail/S1/S1.0/relu/Relu_output_0_QuantizeLinear_Output", "shape": ["1", "64", "256", "256"]}, {"name": "/detail/S1/S1.0/relu/Relu_output_0_DequantizeLinear_Output", "shape": ["1", "64", "256", "256"]}, {"name": "onnx::Conv_516_DequantizeLinear_Output", "shape": ["64"]}, {"name": "onnx::Conv_515_DequantizeLinear_Output", "shape": ["64", "64", "3", "3"]}, {"name": "/detail/S1/S1.1/conv/Conv_output_0", "shape": ["1", "64", "256", "256"]}, {"name": "/detail/S1/S1.1/relu/Relu_output_0", "shape": ["1", "64", "256", "256"]}, {"name": "/detail/S1/S1.1/relu/Relu_output_0_QuantizeLinear_Output", "shape": ["1", "64", "256", "256"]}, {"name": "/detail/S1/S1.1/relu/Relu_output_0_DequantizeLinear_Output", "shape": ["1", "64", "256", "256"]}, {"name": "onnx::Conv_519_DequantizeLinear_Output", "shape": ["64"]}, {"name": "onnx::Conv_518_DequantizeLinear_Output", "shape": ["64", "64", "3", "3"]}, {"name": "/detail/S2/S2.0/conv/Conv_output_0", "shape": ["1", "64", "128", "128"]}, {"name": "/detail/S2/S2.0/relu/Relu_output_0", "shape": ["1", "64", "128", "128"]}, {"name": "/detail/S2/S2.0/relu/Relu_output_0_QuantizeLinear_Output", "shape": ["1", "64", "128", "128"]}, {"name": "/detail/S2/S2.0/relu/Relu_output_0_DequantizeLinear_Output", "shape": ["1", "64", "128", "128"]}, {"name": "onnx::Conv_522_DequantizeLinear_Output", "shape": ["64"]}, {"name": "onnx::Conv_521_DequantizeLinear_Output", "shape": ["64", "64", "3", "3"]}, {"name": "/detail/S2/S2.1/conv/Conv_output_0", "shape": ["1", "64", "128", "128"]}, {"name": "/detail/S2/S2.1/relu/Relu_output_0", "shape": ["1", "64", "128", "128"]}, {"name": "/detail/S2/S2.1/relu/Relu_output_0_QuantizeLinear_Output", "shape": ["1", "64", "128", "128"]}, {"name": "/detail/S2/S2.1/relu/Relu_output_0_DequantizeLinear_Output", "shape": ["1", "64", "128", "128"]}, {"name": "onnx::Conv_525_DequantizeLinear_Output", "shape": ["64"]}, {"name": "onnx::Conv_524_DequantizeLinear_Output", "shape": ["64", "64", "3", "3"]}, {"name": "/detail/S2/S2.2/conv/Conv_output_0", "shape": ["1", "64", "128", "128"]}, {"name": "/detail/S2/S2.2/relu/Relu_output_0", "shape": ["1", "64", "128", "128"]}, {"name": "/detail/S2/S2.2/relu/Relu_output_0_QuantizeLinear_Output", "shape": ["1", "64", "128", "128"]}, {"name": "/detail/S2/S2.2/relu/Relu_output_0_DequantizeLinear_Output", "shape": ["1", "64", "128", "128"]}, {"name": "onnx::Conv_528_DequantizeLinear_Output", "shape": ["128"]}, {"name": "onnx::Conv_527_DequantizeLinear_Output", "shape": ["128", "64", "3", "3"]}, {"name": "/detail/S3/S3.0/conv/Conv_output_0", "shape": ["1", "128", "64", "64"]}, {"name": "/detail/S3/S3.0/relu/Relu_output_0", "shape": ["1", "128", "64", "64"]}, {"name": "/detail/S3/S3.0/relu/Relu_output_0_QuantizeLinear_Output", "shape": ["1", "128", "64", "64"]}, {"name": "/detail/S3/S3.0/relu/Relu_output_0_DequantizeLinear_Output", "shape": ["1", "128", "64", "64"]}, {"name": "onnx::Conv_531_DequantizeLinear_Output", "shape": ["128"]}, {"name": "onnx::Conv_530_DequantizeLinear_Output", "shape": ["128", "128", "3", "3"]}, {"name": "/detail/S3/S3.1/conv/Conv_output_0", "shape": ["1", "128", "64", "64"]}, {"name": "/detail/S3/S3.1/relu/Relu_output_0", "shape": ["1", "128", "64", "64"]}, {"name": "/detail/S3/S3.1/relu/Relu_output_0_QuantizeLinear_Output", "shape": ["1", "128", "64", "64"]}, {"name": "/detail/S3/S3.1/relu/Relu_output_0_DequantizeLinear_Output", "shape": ["1", "128", "64", "64"]}, {"name": "onnx::Conv_534_DequantizeLinear_Output", "shape": ["128"]}, {"name": "onnx::Conv_533_DequantizeLinear_Output", "shape": ["128", "128", "3", "3"]}, {"name": "/detail/S3/S3.2/conv/Conv_output_0", "shape": ["1", "128", "64", "64"]}, {"name": "/detail/S3/S3.2/relu/Relu_output_0", "shape": ["1", "128", "64", "64"]}, {"name": "/detail/S3/S3.2/relu/Relu_output_0_QuantizeLinear_Output", "shape": ["1", "128", "64", "64"]}, {"name": "/detail/S3/S3.2/relu/Relu_output_0_DequantizeLinear_Output/duplicated", "shape": ["1", "128", "64", "64"]}, {"name": "onnx::Conv_657_DequantizeLinear_Output", "shape": ["128"]}, {"name": "onnx::Conv_656_DequantizeLinear_Output", "shape": ["128", "128", "3", "3"]}, {"name": "/bga/left2/left2.0/Conv_output_0", "shape": ["1", "128", "32", "32"]}, {"name": "/bga/left2/left2.0/Conv_output_0_QuantizeLinear_Output", "shape": ["1", "128", "32", "32"]}, {"name": "/bga/left2/left2.0/Conv_output_0_DequantizeLinear_Output", "shape": ["1", "128", "32", "32"]}, {"name": "/bga/left2/left2.2/AveragePool_output_0_Mul", "shape": ["1", "128", "16", "16"]}, {"name": "/bga/left2/left2.2/AveragePool_output_0", "shape": ["1", "128", "16", "16"]}, {"name": "/bga/left2/left2.2/AveragePool_output_0_QuantizeLinear_Output", "shape": ["1", "128", "16", "16"]}, {"name": "/bga/left2/left2.2/AveragePool_output_0_DequantizeLinear_Output", "shape": ["1", "128", "16", "16"]}, {"name": "/bga/Mul_1_output_0", "shape": ["1", "128", "16", "16"]}, {"name": "/bga/Mul_1_output_0_QuantizeLinear_Output", "shape": ["1", "128", "16", "16"]}, {"name": "/bga/Mul_1_output_0_DequantizeLinear_Output", "shape": ["1", "128", "16", "16"]}, {"name": "/bga/up2/Resize_output_0", "shape": ["1", "128", "64", "64"]}, {"name": "/bga/up2/Resize_output_0_QuantizeLinear_Output", "shape": ["1", "128", "64", "64"]}, {"name": "/bga/up2/Resize_output_0_DequantizeLinear_Output", "shape": ["1", "128", "64", "64"]}, {"name": "/segment/S5_5/conv_last/relu/Relu_output_0_DequantizeLinear_Output", "shape": ["1", "128", "16", "16"]}, {"name": "onnx::Conv_660_DequantizeLinear_Output", "shape": ["128"]}, {"name": "onnx::Conv_659_DequantizeLinear_Output", "shape": ["128", "128", "3", "3"]}, {"name": "/bga/right1/right1.0/Conv_output_0", "shape": ["1", "128", "16", "16"]}, {"name": "/bga/right1/right1.0/Conv_output_0_QuantizeLinear_Output", "shape": ["1", "128", "16", "16"]}, {"name": "/bga/right1/right1.0/Conv_output_0_DequantizeLinear_Output", "shape": ["1", "128", "16", "16"]}, {"name": "/bga/up1/Resize_output_0", "shape": ["1", "128", "64", "64"]}, {"name": "/bga/up1/Resize_output_0_QuantizeLinear_Output", "shape": ["1", "128", "64", "64"]}, {"name": "/bga/up1/Resize_output_0_DequantizeLinear_Output", "shape": ["1", "128", "64", "64"]}, {"name": "/bga/Sigmoid_output_0_Mul", "shape": ["1", "128", "64", "64"]}, {"name": "/bga/Sigmoid_output_0", "shape": ["1", "128", "64", "64"]}, {"name": "/bga/Sigmoid_output_0_QuantizeLinear_Output", "shape": ["1", "128", "64", "64"]}, {"name": "/bga/Sigmoid_output_0_DequantizeLinear_Output", "shape": ["1", "128", "64", "64"]}, {"name": "/detail/S3/S3.2/relu/Relu_output_0_DequantizeLinear_Output", "shape": ["1", "128", "64", "64"]}, {"name": "onnx::Conv_654_DequantizeLinear_Output", "shape": ["128"]}, {"name": "onnx::Conv_653_DequantizeLinear_Output", "shape": ["128", "1", "3", "3"]}, {"name": "/bga/left1/left1.0/Conv_output_0", "shape": ["1", "128", "64", "64"]}, {"name": "/bga/left1/left1.0/Conv_output_0_QuantizeLinear_Output", "shape": ["1", "128", "64", "64"]}, {"name": "/bga/left1/left1.0/Conv_output_0_DequantizeLinear_Output", "shape": ["1", "128", "64", "64"]}, {"name": "bga.left1.2.weight_DequantizeLinear_Output", "shape": ["128", "128", "1", "1"]}, {"name": "/bga/left1/left1.2/Conv_output_0", "shape": ["1", "128", "64", "64"]}, {"name": "/bga/left1/left1.2/Conv_output_0_QuantizeLinear_Output", "shape": ["1", "128", "64", "64"]}, {"name": "/bga/left1/left1.2/Conv_output_0_DequantizeLinear_Output", "shape": ["1", "128", "64", "64"]}, {"name": "/bga/Mul_output_0", "shape": ["1", "128", "64", "64"]}, {"name": "/bga/Mul_output_0_QuantizeLinear_Output", "shape": ["1", "128", "64", "64"]}, {"name": "/bga/Mul_output_0_DequantizeLinear_Output", "shape": ["1", "128", "64", "64"]}, {"name": "/bga/Add_output_0", "shape": ["1", "128", "64", "64"]}, {"name": "/bga/Add_output_0_QuantizeLinear_Output", "shape": ["1", "128", "64", "64"]}, {"name": "/bga/Add_output_0_DequantizeLinear_Output", "shape": ["1", "128", "64", "64"]}, {"name": "onnx::Conv_666_DequantizeLinear_Output", "shape": ["128"]}, {"name": "onnx::Conv_665_DequantizeLinear_Output", "shape": ["128", "128", "3", "3"]}, {"name": "/bga/conv/conv.0/Conv_output_0", "shape": ["1", "128", "64", "64"]}, {"name": "/bga/conv/conv.2/Relu_output_0", "shape": ["1", "128", "64", "64"]}, {"name": "/bga/conv/conv.2/Relu_output_0_QuantizeLinear_Output", "shape": ["1", "128", "64", "64"]}, {"name": "/bga/conv/conv.2/Relu_output_0_DequantizeLinear_Output", "shape": ["1", "128", "64", "64"]}, {"name": "onnx::Conv_669_DequantizeLinear_Output", "shape": ["1024"]}, {"name": "onnx::Conv_668_DequantizeLinear_Output", "shape": ["1024", "128", "3", "3"]}, {"name": "/head/conv/conv/Conv_output_0", "shape": ["1", "1024", "64", "64"]}, {"name": "/head/conv/relu/Relu_output_0", "shape": ["1", "1024", "64", "64"]}, {"name": "/head/conv/relu/Relu_output_0_QuantizeLinear_Output", "shape": ["1", "1024", "64", "64"]}, {"name": "/head/conv/relu/Relu_output_0_DequantizeLinear_Output", "shape": ["1", "1024", "64", "64"]}, {"name": "head.conv_out.weight_DequantizeLinear_Output", "shape": ["19", "1024", "1", "1"]}, {"name": "head.conv_out.bias_DequantizeLinear_Output", "shape": ["19"]}, {"name": "/head/conv_out/Conv_output_0", "shape": ["1", "19", "64", "64"]}, {"name": "/head/conv_out/Conv_output_0_QuantizeLinear_Output", "shape": ["1", "19", "64", "64"]}, {"name": "/head/conv_out/Conv_output_0_DequantizeLinear_Output", "shape": ["1", "19", "64", "64"]}, {"name": "logits_QuantizeLinear_Input", "shape": ["1", "19", "512", "512"]}, {"name": "logits_QuantizeLinear_Output", "shape": ["1", "19", "512", "512"]}, {"name": "logits", "shape": ["1", "19", "512", "512"]}], "subgraphStat": [{"device": "DPU", "count": 1}]}}
NPU_TIMELINE "\n-----------------------------\n[003d:00:01.1] : NPU Phoenix\n-----------------------------\nAIE Partitions\n  Total Memory Usage: 117 MB\n  Partition Index   : 0\n    Columns: [1, 2, 3, 4]\n    HW Contexts:\n      |PID                 |Ctx ID     |Submissions |Migrations  |Err  |Priority |\n      |Process Name        |Status     |Completions |Suspensions |     |GOPS     |\n      |Memory Usage        |Instr BO   |            |            |     |FPS      |\n      |                    |           |            |            |     |Latency  |\n      |====================|===========|============|============|=====|=========|\n      |63376               |20         |99          |0           |0    |Normal   |\n      |python.exe          |Active     |99          |0           |     |28       |\n      |117 MB              |4128 KB    |            |            |     |N/A      |\n      |                    |           |            |            |     |N/A      |\n      |--------------------|-----------|------------|------------|-----|---------|\n"
NPU_OWNERSHIP {"context_pids": [63376], "owned_pids": [63208, 63376], "foreign_pids": []}
HOST_TIMELINE {"elapsed_seconds": 3.593, "tree_rss_bytes": 389173248, "foreign_peers": []}
NPU_TIMELINE "\n-----------------------------\n[003d:00:01.1] : NPU Phoenix\n-----------------------------\nAIE Partitions\n  Total Memory Usage: 117 MB\n  Partition Index   : 0\n    Columns: [1, 2, 3, 4]\n    HW Contexts:\n      |PID                 |Ctx ID     |Submissions |Migrations  |Err  |Priority |\n      |Process Name        |Status     |Completions |Suspensions |     |GOPS     |\n      |Memory Usage        |Instr BO   |            |            |     |FPS      |\n      |                    |           |            |            |     |Latency  |\n      |====================|===========|============|============|=====|=========|\n      |63376               |20         |831         |0           |0    |Normal   |\n      |python.exe          |Active     |831         |0           |     |28       |\n      |117 MB              |4128 KB    |            |            |     |N/A      |\n      |                    |           |            |            |     |N/A      |\n      |--------------------|-----------|------------|------------|-----|---------|\n"
NPU_OWNERSHIP {"context_pids": [63376], "owned_pids": [63208, 63376], "foreign_pids": []}
HOST_TIMELINE {"elapsed_seconds": 7.25, "tree_rss_bytes": 380448768, "foreign_peers": []}
HOST_TIMELINE {"elapsed_seconds": 10.937, "tree_rss_bytes": 380448768, "foreign_peers": []}
BENCHMARK {"backend": "amd", "warmup": 50, "frames": 500, "image": "data/bisenetv2_val/000000032570.jpg", "mean_ms": 20.54744719946757, "p95_ms": 21.60961494082585, "stages": {"pre_ms": 4.237098798621446, "network_ms": 13.29805060219951, "post_ms": 3.012297798646614}, "samples_ms": [19.99859989155084, 20.872200024314225, 21.406299900263548, 21.802300005219877, 21.107899956405163, 21.372599992901087, 20.78079991042614, 21.072300034575164, 20.37479996215552, 20.85490000899881, 21.394499926827848, 20.552400033921003, 19.750099978409708, 20.068999961949885, 21.609599934890866, 20.878999959677458, 21.145900012925267, 21.54240000527352, 21.609900053590536, 21.265099989250302, 20.66120004747063, 21.632299991324544, 20.624199998565018, 20.298299961723387, 20.166900008916855, 20.780100021511316, 21.21359994634986, 19.78980004787445, 19.99430009163916, 20.342100062407553, 20.828499924391508, 20.291300024837255, 20.371600054204464, 20.383099908940494, 20.560799981467426, 21.106499945744872, 22.78430003207177, 20.929799997247756, 20.054200082086027, 20.409699995070696, 20.10710001923144, 20.980499917641282, 21.356999990530312, 21.121999947354198, 20.48900001682341, 22.092900006100535, 21.665000007487833, 21.675199968740344, 21.292599965818226, 20.70969995111227, 20.83709998987615, 20.981799927540123, 20.49360005185008, 21.53050003107637, 21.430299966596067, 21.12459996715188, 20.982899935916066, 20.595000009052455, 19.984200014732778, 21.707599982619286, 20.202100044116378, 19.7352000977844, 20.375500083900988, 20.473300013691187, 21.272300044074655, 20.492600044235587, 20.24450001772493, 20.393999991938472, 20.38829994853586, 20.23689995985478, 21.534499945119023, 20.351700019091368, 21.0593999363482, 20.393199985846877, 20.346499979496002, 20.826300024054945, 20.293000037781894, 20.086900098249316, 20.17070003785193, 20.136000006459653, 20.164999994449317, 19.943400053307414, 19.93489998858422, 20.61340003274381, 19.97189992107451, 20.43150004465133, 20.15440003015101, 20.32000001054257, 20.706600043922663, 20.430799922905862, 20.27129998896271, 19.86070000566542, 20.700299995951355, 19.855699967592955, 20.164099987596273, 19.62959999218583, 20.03689995035529, 20.03290003631264, 20.378699991852045, 19.80160002131015, 20.049999933689833, 20.134099991992116, 19.783399999141693, 20.57050005532801, 19.944499945268035, 20.213100011460483, 20.251600071787834, 19.822699949145317, 20.251199952326715, 20.033599925227463, 19.73319996614009, 20.052999956533313, 20.108700031414628, 20.651699975132942, 19.638999947346747, 19.921300001442432, 19.733400084078312, 20.001400029286742, 20.59410000219941, 21.153399953618646, 19.725399906747043, 19.996399991214275, 19.69049999024719, 19.926100037992, 20.21210000384599, 20.718300016596913, 20.8953000837937, 19.86520003993064, 20.099699962884188, 19.82359995599836, 19.981699995696545, 20.175499957986176, 19.69449990428984, 20.16459999140352, 20.13029996305704, 20.301299984566867, 20.928099984303117, 20.13509999960661, 20.350700011476874, 19.961099955253303, 20.258700009435415, 20.704499911516905, 20.9813000401482, 20.25400009006262, 20.402100053615868, 20.241399994120002, 20.315300091169775, 19.698800053447485, 20.074900006875396, 20.17509995494038, 19.90229997318238, 20.00000001862645, 19.99419997446239, 19.86840006429702, 20.04169998690486, 19.76030005607754, 20.06689994595945, 21.018999977968633, 19.93479998782277, 20.550299901515245, 20.375499967485666, 20.383200026117265, 21.007799892686307, 21.227800054475665, 19.934600102715194, 21.496900008060038, 20.71750001050532, 21.31729992106557, 20.89199994225055, 20.40350006427616, 20.852899993769825, 22.01229997444898, 20.411200006492436, 21.23989991378039, 21.550799952819943, 21.369599970057607, 19.81359999626875, 20.436199964024127, 20.738499937579036, 21.614499972201884, 21.197999943979084, 22.204500040970743, 21.510799997486174, 20.9187000291422, 21.058199927210808, 20.897499984130263, 20.186999929137528, 21.700800047256052, 20.672300015576184, 20.263400045223534, 20.569600048474967, 20.43719997163862, 20.55119990836829, 20.77199995983392, 20.69090004079044, 21.319900057278574, 20.777199999429286, 20.286499988287687, 20.424599992111325, 21.415799972601235, 20.491000032052398, 20.4788000555709, 20.367400022223592, 20.74069995433092, 21.076199947856367, 20.595500012859702, 21.03709999937564, 20.388200064189732, 20.23729996290058, 21.207099896855652, 20.366600016131997, 21.323899971321225, 20.595999900251627, 21.52169996406883, 20.741199958138168, 20.48900001682341, 20.64579993020743, 20.134199992753565, 20.449399948120117, 21.153399953618646, 20.290900021791458, 21.787700010463595, 20.91900003142655, 20.909200073219836, 19.692599889822304, 20.85970004554838, 20.52650006953627, 20.411000004969537, 21.163700032047927, 20.79590002540499, 20.18819993827492, 20.732600009068847, 20.733000012114644, 20.130099961534142, 20.27710003312677, 20.493300049565732, 21.516099921427667, 20.438399980776012, 22.27590000256896, 20.07570001296699, 20.49210004042834, 19.9185999808833, 20.952600054442883, 20.428000018000603, 20.30109998304397, 20.279199932701886, 20.422999979928136, 20.299099967814982, 20.667199976742268, 21.34850004222244, 20.61959996353835, 20.153600024059415, 20.367000019177794, 20.42559999972582, 20.67130000796169, 20.22359997499734, 20.229400019161403, 20.879800082184374, 20.78580006491393, 19.79389996267855, 20.36490000318736, 19.84329998958856, 19.75279999896884, 19.950099987909198, 20.21660003811121, 20.72619996033609, 20.058299996890128, 19.786299904808402, 19.97340004891157, 19.768199999816716, 19.96629999484867, 20.02229995559901, 19.69049999024719, 20.036399946548045, 19.91099992301315, 19.989500055089593, 20.17520007211715, 19.8519000550732, 19.883299944922328, 20.052199950441718, 19.854099955409765, 19.94349993765354, 19.74250003695488, 20.91600000858307, 21.705099963583052, 20.328199956566095, 19.8368999408558, 20.691000041551888, 20.49510006327182, 19.828100106678903, 20.064600044861436, 20.372199942357838, 19.823299953714013, 19.801200018264353, 20.251900074072182, 19.77340003941208, 19.98260000254959, 19.669500063173473, 20.43709997087717, 19.901600084267557, 20.08310006931424, 19.783399999141693, 20.060000009834766, 19.811299978755414, 19.95280000846833, 20.15720005147159, 19.760599941946566, 20.02809999976307, 20.046699908562005, 19.860600004903972, 19.933400093577802, 20.43730008881539, 19.776000059209764, 20.842100027948618, 20.291400025598705, 19.79849999770522, 20.58230002876371, 19.918099977076054, 20.11409995611757, 19.871599972248077, 20.008200081065297, 19.787199911661446, 21.26409998163581, 20.15140000730753, 20.592700107954443, 20.116099971346557, 20.33520000986755, 19.935899996198714, 19.774800050072372, 20.163499983027577, 19.951700000092387, 20.3349000075832, 20.36760002374649, 21.130400011315942, 20.910199964419007, 21.162300021387637, 20.541800069622695, 20.65919991582632, 20.34059993457049, 20.59119998011738, 21.25960006378591, 20.650199963711202, 20.330899977125227, 20.160799962468445, 20.116399973630905, 22.095600026659667, 20.554000046104193, 20.52889997139573, 22.245700005441904, 20.671900012530386, 20.76610003132373, 20.632500061765313, 20.765400025993586, 21.297200000844896, 20.45240008737892, 20.3426000662148, 21.26690000295639, 20.765700028277934, 20.918999915011227, 20.516699994914234, 20.95859998371452, 21.10100002028048, 20.247300039045513, 21.227500052191317, 21.763499942608178, 20.66859998740256, 20.277699921280146, 20.49629995599389, 20.18069999758154, 21.310399984940886, 22.156300023198128, 20.262200036086142, 20.23869997356087, 21.087000030092895, 21.257700049318373, 20.317999995313585, 20.16900002490729, 20.109300035983324, 20.513300085440278, 20.5335000064224, 22.16029993724078, 21.05520002078265, 20.581799908541143, 21.10110002104193, 20.979999913834035, 20.381500013172626, 21.033399971202016, 20.548100001178682, 20.835099974647164, 20.88319999165833, 20.424199989065528, 20.801099948585033, 20.295399939641356, 20.18989995121956, 20.614400040358305, 20.204500062391162, 21.691099973395467, 21.93209994584322, 20.20619995892048, 21.335399942472577, 20.96610004082322, 20.46230004634708, 21.177600021474063, 20.70090000052005, 20.334099885076284, 20.399800036102533, 20.42399998754263, 20.272699999623, 20.420599961653352, 21.30559994839132, 21.25230000820011, 20.64879995305091, 21.586599992588162, 20.755999954417348, 20.44729993212968, 20.486499997787178, 21.47579996380955, 21.094499970786273, 21.58689999487251, 20.713400095701218, 20.411500008776784, 20.377599983476102, 20.7749999826774, 20.858299918472767, 20.93959995545447, 21.000800072215497, 21.140700089745224, 21.24589995946735, 20.52310004364699, 22.07720000296831, 21.794100059196353, 22.173000033944845, 20.784599939361215, 20.475200028158724, 20.729699986986816, 21.365600056014955, 20.660400041379035, 21.418899996206164, 20.60350007377565, 20.22280008532107, 20.14850010164082, 20.334600005298853, 20.68610000424087, 20.120499888435006, 19.93489998858422, 20.00460005365312, 19.96180007699877, 19.956900039687753, 20.511599956080317, 19.92150000296533, 20.914799999445677, 21.271100034937263, 20.38090000860393, 20.88149997871369, 20.038299961015582, 20.534500014036894, 20.561000099405646, 20.458600018173456, 19.938899902626872, 20.739300060085952, 20.819100085645914, 20.37669997662306, 20.67890006583184, 20.966900046914816, 21.219999995082617, 21.083800005726516, 20.7323000067845, 20.46989998780191, 20.4908000305295, 20.522300037555397, 20.110599929466844, 20.35270002670586, 20.632199943065643, 21.299300016835332, 20.595400012098253, 20.56600002106279, 20.175600075162947, 19.890300114639103, 20.063100033439696, 20.802699960768223, 20.177599973976612, 20.423700101673603, 20.18560003489256, 20.023399963974953, 20.66819998435676, 20.464400062337518, 20.501899998635054, 20.568200037814677, 21.192100015468895, 20.48589999321848, 20.907999947667122, 20.209899987094104, 20.090200006961823, 20.282600075006485, 20.15760005451739, 20.488299895077944, 20.343100070022047, 20.299799973145127, 20.466600079089403, 20.325800054706633]}
BENCHMARK_OUTPUT {"image": "data/bisenetv2_val/000000032570.jpg", "oracle": {"exact": false, "close": false, "max_abs": 1.296875, "mean_abs": 0.27305070977461965}}
POST_NPU_CONTEXT_WITNESS "\n-----------------------------\n[003d:00:01.1] : NPU Phoenix\n-----------------------------\nAIE Partitions\n  No hardware contexts running on device\n\n"
RESEARCH_PROCESS_RESULT {"exit_code": 0, "stop": null, "peak_tree_rss_bytes": 389173248, "rss_measurement": "maximum observed across sampled descendant working sets; zero observations reported as null", "elapsed_seconds": 12.64000000001397, "foreign_contention_observed": false, "timing_eligible": true}
