RESEARCH_PLATFORM {"machine": "Desktop 2", "cpu": "AMD Ryzen 7 8700G w/ Radeon 780M Graphics", "os": "Windows-11-10.0.26200-SP0", "ram_bytes": 33381138432, "source_sha256": {"tools/research_process.py": "1e356a0b7bd37e6185fe91f4e5e40586bf3b02af144a86318905d6ac6a205e2d", "tools/quant_calib_alphabet.py": "2dc0b2878c564853f340880209a425dfcf63b8536b2b8e9fd32344daade58d37", "tools/xint8_arithmetic_probe.py": "6aa3df08b9870c3c2264b868459d7ffbac3070dddc1349d7c6f3f480075f7041", "scripts/research-lowlevel.sh": "3455ad7933697936487712665505c216891865c6deada647302785f6e37020bd", "scripts/research-iron.sh": "4c863a262646ddab39b5005006ba8e03809895e6386c6310e2fd9d0a9e9609ee", "kernels/memory_placement/probe.py": "e8d990169ad6091fa1b53852e9f61eff495b5def72d35165a5c5cf1759e38898", "kernels/memory_placement/memory_kernels.cc": "182e7af7071a1e851afb4a7ca266069c489aea1fbaaa85eca129708daeba5ba6", "scripts/research-matrix.sh": "739254171629deae822b0ad7dabc875aee19ace56dde77d3e8aab61663f97516", "kernels/memory_placement/gemm.py": "17c905ad66110d3346bbf0db898dfc6b780df59fae1dfb0c1747057ce1e5844e", "kernels/memory_placement/gemm_placement.cc": "f21acf7250b12914ea30cc1f77613239dfa18421a85a1b9a5199017dd916278a", "tools/research_summary.py": "0c00dcceef07053d06731b41a1f1ed58d3ba4ea09f82497de354ce9cef17da20", "tools/research_toolchain.py": "f0a126a24ae213acfaa43460cfd9def0c86d9cb70cfee0228aa271688467b314"}, "commit": "7c9efd5f0d35f23a5ce6d476900660600ab4f10c", "command": ["python", "benchmarks/dense_compare.py", "bench", "--family", "bisenetv2", "--pins", "results/dense/bisenetv2_pins_opt_20260919.json", "--artifacts", "build/dense_validation/final_20260919", "--backend", "amd", "--container", "build/bisenetv2_dense_opt.ignite"], "seconds_limit": 1200.0, "rss_gib_limit": 10.0, "checks_only": false, "free_ram_bytes": 18035724288}
HOST_LOAD busy_cores=0.25 logical_cores=16 free_ram_gb=16.8 sample_sec=1
HOST_LOAD_TOP 0.09 Code:48276 ws_mb=482
HOST_LOAD_TOP 0.05 Code:50676 ws_mb=555
HOST_LOAD_TOP 0.03 powershell:58708 ws_mb=83
HOST_LOAD_TOP 0.02 pycharm64:44260 ws_mb=1753
HOST_LOAD_TOP 0.02 OpenConsole:52428 ws_mb=12
HOST_LOAD_VERDICT CLEAR

PRE_NPU_CONTEXT_WITNESS "\n-----------------------------\n[003d:00:01.1] : NPU Phoenix\n-----------------------------\nAIE Partitions\n  No hardware contexts running on device\n\n"
IDENTITY {"family": "bisenetv2", "pins_sha256": "03f3e04f7dae182d3ff229ba1653a38ba05f483301aa6a2098dd7011159c4c89", "model_sha256": "5206b31103fb80f812b837c9402b4dbaf8f098f0df2c06bc96b18398644aab8e", "numpy": "1.26.4", "ort": "1.23.3.dev20260320", "images": 50, "full_set": true, "source_sha256": {"benchmarks/dense_compare.py": "4d5cea291294fac4506c1326f86d6f46ebc696f82324e6576892906d70e01bc1", "src/ignite_xdna/compiler/dense_regions.py": "a671db56b5016a6543ec79c7f0ba4c1a249743e54568c303b60518166063b1ae", "src/ignite_xdna/compiler/graph_ir.py": "541e609395cf2e907d80d4a94e72c6a86285d551b16a5effcbb96a56c56b2b31", "src/ignite_xdna/compiler/engine_schedule.py": "3a91bb06c127462159224e08b0b1473c3d995cde4f3da29a782d4f755ba57118", "src/ignite_xdna/compiler/engine_compile.py": "156d55881fcafb9824a8d5fd74717f0df64512dfd3900c3fae4037e7eae521e2", "src/ignite_xdna/runtime/graph_session.py": "e1335733b5406df04dadb118848f409737d8268037b1ff2979aebf1a8918b9e4", "src/ignite_xdna/runtime/dense_session.py": "d5d5dc14910b1f56734a788e9c4c723162a67f81deaee8d5a394b649d271dd4b", "Ignition/src/ignition/pipelines/dense.py": "7474a5d9aec11893ee12c54f12d85e64036c198abe961b145da590aebf1416b1", "Ignition/src/ignition/pipelines/vision.py": "26521f87a9874a12c993362b2c39590c6b255ef94148155d6a9948ef3258a133", "Ignition/src/ignition/live.py": "e784ec75f686bf7b1f4b94c1ff8eca7cdbbb534977a413908f4bc5c6da1fce50"}}
RYZEN_AI_INSTALLATION_PATH = C:\Program Files\RyzenAI\1.7.1
xclbin: C:\Program Files\RyzenAI\1.7.1\voe-4.0-win_amd64\xclbins\phoenix\4x4.xclbin
onnxruntime 1.23.3.dev20260320  providers: ['VitisAIExecutionProvider', 'DmlExecutionProvider', 'CPUExecutionProvider']
cache:  C:\Users\<user>\PycharmProjects\ignite-xdna\bisenetv2cachekey
First run compiles the model. It takes a while and looks frozen. It isn't.
2026-09-19 15:11:16.5508900 [I:onnxruntime:, inference_session.cc:606 onnxruntime::InferenceSession::TraceSessionOptions] Session Options {  execution_mode:0 execution_order:DEFAULT enable_profiling:0 optimized_model_filepath: enable_mem_pattern:1 enable_mem_reuse:1 enable_cpu_mem_arena:1 profile_file_prefix:onnxruntime_profile_ session_logid: session_log_severity_level:1 session_log_verbosity_level:0 max_num_graph_transformation_steps:10 graph_optimization_level:4 intra_op_param:OrtThreadPoolParams { thread_pool_size: 0 auto_set_affinity: 0 allow_spinning: 1 dynamic_block_base_: 0 stack_size: 0 affinity_str:  set_denormal_as_zero: 0 } inter_op_param:OrtThreadPoolParams { thread_pool_size: 0 auto_set_affinity: 0 allow_spinning: 1 dynamic_block_base_: 0 stack_size: 0 affinity_str:  set_denormal_as_zero: 0 } use_per_session_threads:1 thread_pool_allow_spinning:1 use_deterministic_compute:0 ep_selection_policy:0 config_options: {  } }
2026-09-19 15:11:16.5514822 [I:onnxruntime:, inference_session.cc:422 onnxruntime::InferenceSession::ConstructorCommon] Creating and using per session threadpools since use_per_session_threads_ is true
2026-09-19 15:11:16.5515945 [I:onnxruntime:, inference_session.cc:446 onnxruntime::InferenceSession::ConstructorCommon] Dynamic block base set to 0
2026-09-19 15:11:16.6636369 [I:onnxruntime:, inference_session.cc:2042 onnxruntime::InferenceSession::Initialize] Initializing session.
2026-09-19 15:11:16.6637506 [I:onnxruntime:, inference_session.cc:2080 onnxruntime::InferenceSession::Initialize] Adding default CPU execution provider.
2026-09-19 15:11:16.6639588 [I:onnxruntime:, graph_partitioner.cc:1209 onnxruntime::GraphPartitioner::InlineFunctionsAOT] This model does not have any local functions defined. AOT Inlining is not performed
2026-09-19 15:11:16.6644255 [I:onnxruntime:, graph_transformer.cc:15 onnxruntime::GraphTransformer::Apply] GraphTransformer EnsureUniqueDQForNodeUnit modified: 1 with status: OK
2026-09-19 15:11:16.6673767 [I:onnxruntime:, graph_transformer.cc:15 onnxruntime::GraphTransformer::Apply] GraphTransformer Level1_RuleBasedTransformer modified: 1 with status: OK
2026-09-19 15:11:16.6694864 [I:onnxruntime:, graph.cc:4888 onnxruntime::Graph::CleanUnusedInitializersAndNodeArgs] Removing initializer '/segment/S5_5/ReduceMean_output_0_Scale'. It is no longer used by any node.
2026-09-19 15:11:16.6698768 [I:onnxruntime:, graph_transformer.cc:15 onnxruntime::GraphTransformer::Apply] GraphTransformer DoubleQDQPairsRemover modified: 0 with status: OK
2026-09-19 15:11:16.6707738 [I:onnxruntime:, constant_sharing.cc:248 onnxruntime::ConstantSharing::ApplyImpl] Total shared scalar initializer count: 175
2026-09-19 15:11:16.6708681 [I:onnxruntime:, graph_transformer.cc:15 onnxruntime::GraphTransformer::Apply] GraphTransformer ConstantSharing modified: 1 with status: OK
2026-09-19 15:11:16.6732776 [I:onnxruntime:, graph_transformer.cc:15 onnxruntime::GraphTransformer::Apply] GraphTransformer CommonSubexpressionElimination modified: 0 with status: OK
2026-09-19 15:11:16.6735693 [I:onnxruntime:, graph_transformer.cc:15 onnxruntime::GraphTransformer::Apply] GraphTransformer ConstantFolding modified: 0 with status: OK
2026-09-19 15:11:16.6737347 [I:onnxruntime:, graph_transformer.cc:15 onnxruntime::GraphTransformer::Apply] GraphTransformer MatMulAddFusion modified: 0 with status: OK
2026-09-19 15:11:16.6738939 [I:onnxruntime:, graph_transformer.cc:15 onnxruntime::GraphTransformer::Apply] GraphTransformer ReshapeFusion modified: 0 with status: OK
2026-09-19 15:11:16.6739989 [I:onnxruntime:, graph_transformer.cc:15 onnxruntime::GraphTransformer::Apply] GraphTransformer FreeDimensionOverrideTransformer modified: 0 with status: OK
2026-09-19 15:11:16.6741047 [I:onnxruntime:, graph_transformer.cc:15 onnxruntime::GraphTransformer::Apply] GraphTransformer GeluFusionL1 modified: 0 with status: OK
2026-09-19 15:11:16.6742575 [I:onnxruntime:, graph_transformer.cc:15 onnxruntime::GraphTransformer::Apply] GraphTransformer LayerNormFusionL1 modified: 0 with status: OK
2026-09-19 15:11:16.6745737 [I:onnxruntime:, graph_transformer.cc:15 onnxruntime::GraphTransformer::Apply] GraphTransformer QDQPropagationTransformer modified: 0 with status: OK
2026-09-19 15:11:16.6748064 [I:onnxruntime:, graph_transformer.cc:15 onnxruntime::GraphTransformer::Apply] GraphTransformer WeightBiasQuantization modified: 0 with status: OK
2026-09-19 15:11:16.6750102 [I:onnxruntime:, graph_transformer.cc:15 onnxruntime::GraphTransformer::Apply] GraphTransformer EnsureUniqueDQForNodeUnit modified: 0 with status: OK
2026-09-19 15:11:16.6751820 [I:onnxruntime:, graph_transformer.cc:15 onnxruntime::GraphTransformer::Apply] GraphTransformer RocmBlasAltImpl modified: 0 with status: OK
2026-09-19 15:11:16.6757777 [I:onnxruntime:, graph_transformer.cc:15 onnxruntime::GraphTransformer::Apply] GraphTransformer TransposeOptimizer modified: 0 with status: OK
2026-09-19 15:11:16.6759559 [I:onnxruntime:, graph_transformer.cc:15 onnxruntime::GraphTransformer::Apply] GraphTransformer Level1_RuleBasedTransformer modified: 0 with status: OK
2026-09-19 15:11:16.6762772 [I:onnxruntime:, graph_transformer.cc:15 onnxruntime::GraphTransformer::Apply] GraphTransformer DoubleQDQPairsRemover modified: 0 with status: OK
2026-09-19 15:11:16.6767132 [I:onnxruntime:, graph_transformer.cc:15 onnxruntime::GraphTransformer::Apply] GraphTransformer CommonSubexpressionElimination modified: 0 with status: OK
2026-09-19 15:11:16.6779810 [I:onnxruntime:, graph_transformer.cc:15 onnxruntime::GraphTransformer::Apply] GraphTransformer ConstantFolding modified: 0 with status: OK
2026-09-19 15:11:16.6781853 [I:onnxruntime:, graph_transformer.cc:15 onnxruntime::GraphTransformer::Apply] GraphTransformer MatMulAddFusion modified: 0 with status: OK
2026-09-19 15:11:16.6784364 [I:onnxruntime:, graph_transformer.cc:15 onnxruntime::GraphTransformer::Apply] GraphTransformer ReshapeFusion modified: 0 with status: OK
2026-09-19 15:11:16.6787126 [I:onnxruntime:, graph_transformer.cc:15 onnxruntime::GraphTransformer::Apply] GraphTransformer FreeDimensionOverrideTransformer modified: 0 with status: OK
2026-09-19 15:11:16.6789715 [I:onnxruntime:, graph_transformer.cc:15 onnxruntime::GraphTransformer::Apply] GraphTransformer GeluFusionL1 modified: 0 with status: OK
2026-09-19 15:11:16.6794411 [I:onnxruntime:, graph_transformer.cc:15 onnxruntime::GraphTransformer::Apply] GraphTransformer LayerNormFusionL1 modified: 0 with status: OK
2026-09-19 15:11:16.6799272 [I:onnxruntime:, graph_transformer.cc:15 onnxruntime::GraphTransformer::Apply] GraphTransformer QDQPropagationTransformer modified: 0 with status: OK
2026-09-19 15:11:16.6801323 [I:onnxruntime:, graph_transformer.cc:15 onnxruntime::GraphTransformer::Apply] GraphTransformer WeightBiasQuantization modified: 0 with status: OK
2026-09-19 15:11:16.6803648 [I:onnxruntime:, graph_transformer.cc:15 onnxruntime::GraphTransformer::Apply] GraphTransformer EnsureUniqueDQForNodeUnit modified: 0 with status: OK
2026-09-19 15:11:16.6805597 [I:onnxruntime:, graph_transformer.cc:15 onnxruntime::GraphTransformer::Apply] GraphTransformer RocmBlasAltImpl modified: 0 with status: OK
2026-09-19 15:11:16.7469866 [I:onnxruntime:, graph.cc:4888 onnxruntime::Graph::CleanUnusedInitializersAndNodeArgs] Removing initializer 'onnx::Conv_645_scale'. It is no longer used by any node.
2026-09-19 15:11:16.7471647 [I:onnxruntime:, graph.cc:4888 onnxruntime::Graph::CleanUnusedInitializersAndNodeArgs] Removing initializer 'onnx::Conv_512_zero_point'. It is no longer used by any node.
2026-09-19 15:11:16.7472784 [I:onnxruntime:, graph.cc:4888 onnxruntime::Graph::CleanUnusedInitializersAndNodeArgs] Removing initializer 'onnx::Conv_666_quantized'. It is no longer used by any node.
2026-09-19 15:11:16.7473833 [I:onnxruntime:, graph.cc:4888 onnxruntime::Graph::CleanUnusedInitializersAndNodeArgs] Removing initializer '/detail/S2/S2.0/relu/Relu_output_0_scale'. It is no longer used by any node.
2026-09-19 15:11:16.7474962 [I:onnxruntime:, graph.cc:4888 onnxruntime::Graph::CleanUnusedInitializersAndNodeArgs] Removing initializer '/bga/Sigmoid_output_0_Scale'. It is no longer used by any node.
2026-09-19 15:11:16.7476034 [I:onnxruntime:, graph.cc:4888 onnxruntime::Graph::CleanUnusedInitializersAndNodeArgs] Removing initializer '/bga/up1/Constant_output_0'. It is no longer used by any node.
2026-09-19 15:11:16.7477105 [I:onnxruntime:, graph.cc:4888 onnxruntime::Graph::CleanUnusedInitializersAndNodeArgs] Removing initializer 'onnx::Conv_518_quantized'. It is no longer used by any node.
2026-09-19 15:11:16.7478202 [I:onnxruntime:, graph.cc:4888 onnxruntime::Graph::CleanUnusedInitializersAndNodeArgs] Removing initializer '/head/up/Constant_output_0'. It is no longer used by any node.
2026-09-19 15:11:16.7479614 [I:onnxruntime:, graph.cc:4888 onnxruntime::Graph::CleanUnusedInitializersAndNodeArgs] Removing initializer 'onnx::Conv_542_quantized'. It is no longer used by any node.
2026-09-19 15:11:16.7480768 [I:onnxruntime:, graph.cc:4888 onnxruntime::Graph::CleanUnusedInitializersAndNodeArgs] Removing initializer 'onnx::Conv_522_zero_point'. It is no longer used by any node.
2026-09-19 15:11:16.7482075 [I:onnxruntime:, graph.cc:4888 onnxruntime::Graph::CleanUnusedInitializersAndNodeArgs] Removing initializer 'bga.left1.2.weight_quantized'. It is no longer used by any node.
2026-09-19 15:11:16.7483407 [I:onnxruntime:, graph.cc:4888 onnxruntime::Graph::CleanUnusedInitializersAndNodeArgs] Removing initializer 'onnx::Conv_554_zero_point'. It is no longer used by any node.
2026-09-19 15:11:16.7485038 [I:onnxruntime:, graph.cc:4888 onnxruntime::Graph::CleanUnusedInitializersAndNodeArgs] Removing initializer '/segment/S1S2/left/left.0/relu/Relu_output_0_scale'. It is no longer used by any node.
2026-09-19 15:11:16.7486598 [I:onnxruntime:, graph.cc:4888 onnxruntime::Graph::CleanUnusedInitializersAndNodeArgs] Removing initializer 'onnx::Conv_512_quantized'. It is no longer used by any node.
2026-09-19 15:11:16.7487660 [I:onnxruntime:, graph.cc:4888 onnxruntime::Graph::CleanUnusedInitializersAndNodeArgs] Removing initializer 'onnx::Conv_513_zero_point'. It is no longer used by any node.
2026-09-19 15:11:16.7488736 [I:onnxruntime:, graph.cc:4888 onnxruntime::Graph::CleanUnusedInitializersAndNodeArgs] Removing initializer 'onnx::Conv_581_scale'. It is no longer used by any node.
2026-09-19 15:11:16.7490141 [I:onnxruntime:, graph.cc:4888 onnxruntime::Graph::CleanUnusedInitializersAndNodeArgs] Removing initializer 'onnx::Conv_513_quantized'. It is no longer used by any node.
2026-09-19 15:11:16.7491227 [I:onnxruntime:, graph.cc:4888 onnxruntime::Graph::CleanUnusedInitializersAndNodeArgs] Removing initializer 'onnx::Conv_515_zero_point'. It is no longer used by any node.
2026-09-19 15:11:16.7492317 [I:onnxruntime:, graph.cc:4888 onnxruntime::Graph::CleanUnusedInitializersAndNodeArgs] Removing initializer '/segment/S3/S3.0/shortcut/shortcut.0/Conv_output_0_scale'. It is no longer used by any node.
2026-09-19 15:11:16.7494148 [I:onnxruntime:, graph.cc:4888 onnxruntime::Graph::CleanUnusedInitializersAndNodeArgs] Removing initializer '/bga/Mul_output_0_scale'. It is no longer used by any node.
2026-09-19 15:11:16.7495312 [I:onnxruntime:, graph.cc:4888 onnxruntime::Graph::CleanUnusedInitializersAndNodeArgs] Removing initializer '/segment/S3/S3.0/shortcut/shortcut.0/Conv_output_0_zero_point'. It is no longer used by any node.
2026-09-19 15:11:16.7641064 [I:onnxruntime:, graph.cc:4888 onnxruntime::Graph::CleanUnusedInitializersAndNodeArgs] Removing initializer 'onnx::Conv_536_zero_point'. It is no longer used by any node.
2026-09-19 15:11:16.7643450 [I:onnxruntime:, graph.cc:4888 onnxruntime::Graph::CleanUnusedInitializersAndNodeArgs] Removing initializer 'onnx::Conv_536_quantized'. It is no longer used by any node.
2026-09-19 15:11:16.7645766 [I:onnxruntime:, graph.cc:4888 onnxruntime::Graph::CleanUnusedInitializersAndNodeArgs] Removing initializer 'bga.right2.2.weight_scale'. It is no longer used by any node.
2026-09-19 15:11:16.7647898 [I:onnxruntime:, graph.cc:4888 onnxruntime::Graph::CleanUnusedInitializersAndNodeArgs] Removing initializer '/segment/S4/S4.0/relu/Relu_output_0_zero_point'. It is no longer used by any node.
2026-09-19 15:11:16.7650690 [I:onnxruntime:, graph.cc:4888 onnxruntime::Graph::CleanUnusedInitializersAndNodeArgs] Removing initializer 'onnx::Conv_537_zero_point'. It is no longer used by any node.
2026-09-19 15:11:16.7652710 [I:onnxruntime:, graph.cc:4888 onnxruntime::Graph::CleanUnusedInitializersAndNodeArgs] Removing initializer 'onnx::Conv_515_quantized'. It is no longer used by any node.
2026-09-19 15:11:16.7654016 [I:onnxruntime:, graph.cc:4888 onnxruntime::Graph::CleanUnusedInitializersAndNodeArgs] Removing initializer 'onnx::Conv_537_quantized'. It is no longer used by any node.
2026-09-19 15:11:16.7655456 [I:onnxruntime:, graph.cc:4888 onnxruntime::Graph::CleanUnusedInitializersAndNodeArgs] Removing initializer 'onnx::Conv_665_zero_point'. It is no longer used by any node.
2026-09-19 15:11:16.7657229 [I:onnxruntime:, graph.cc:4888 onnxruntime::Graph::CleanUnusedInitializersAndNodeArgs] Removing initializer '/detail/S1/S1.0/relu/Relu_output_0_zero_point'. It is no longer used by any node.
2026-09-19 15:11:16.7659305 [I:onnxruntime:, graph.cc:4888 onnxruntime::Graph::CleanUnusedInitializersAndNodeArgs] Removing initializer 'onnx::Conv_518_zero_point'. It is no longer used by any node.
2026-09-19 15:11:16.7661470 [I:onnxruntime:, graph.cc:4888 onnxruntime::Graph::CleanUnusedInitializersAndNodeArgs] Removing initializer 'onnx::Conv_558_zero_point'. It is no longer used by any node.
2026-09-19 15:11:16.7662713 [I:onnxruntime:, graph.cc:4888 onnxruntime::Graph::CleanUnusedInitializersAndNodeArgs] Removing initializer '/segment/S1S2/conv/relu/Relu_output_0_zero_point'. It is no longer used by any node.
2026-09-19 15:11:16.7664181 [I:onnxruntime:, graph.cc:4888 onnxruntime::Graph::CleanUnusedInitializersAndNodeArgs] Removing initializer 'onnx::Conv_578_zero_point'. It is no longer used by any node.
2026-09-19 15:11:16.7665274 [I:onnxruntime:, graph.cc:4888 onnxruntime::Graph::CleanUnusedInitializersAndNodeArgs] Removing initializer 'onnx::Conv_653_quantized'. It is no longer used by any node.
2026-09-19 15:11:16.7666347 [I:onnxruntime:, graph.cc:4888 onnxruntime::Graph::CleanUnusedInitializersAndNodeArgs] Removing initializer 'onnx::Conv_621_zero_point'. It is no longer used by any node.
2026-09-19 15:11:16.7667419 [I:onnxruntime:, graph.cc:4888 onnxruntime::Graph::CleanUnusedInitializersAndNodeArgs] Removing initializer 'onnx::Conv_566_quantized'. It is no longer used by any node.
2026-09-19 15:11:16.7669208 [I:onnxruntime:, graph.cc:4888 onnxruntime::Graph::CleanUnusedInitializersAndNodeArgs] Removing initializer 'onnx::Conv_539_zero_point'. It is no longer used by any node.
2026-09-19 15:11:16.7670300 [I:onnxruntime:, graph.cc:4888 onnxruntime::Graph::CleanUnusedInitializersAndNodeArgs] Removing initializer '/detail/S2/S2.1/relu/Relu_output_0_zero_point'. It is no longer used by any node.
2026-09-19 15:11:16.7671459 [I:onnxruntime:, graph.cc:4888 onnxruntime::Graph::CleanUnusedInitializersAndNodeArgs] Removing initializer 'onnx::Conv_543_quantized'. It is no longer used by any node.
2026-09-19 15:11:16.7672527 [I:onnxruntime:, graph.cc:4888 onnxruntime::Graph::CleanUnusedInitializersAndNodeArgs] Removing initializer 'onnx::Conv_567_zero_point'. It is no longer used by any node.
2026-09-19 15:11:16.7830498 [I:onnxruntime:, graph.cc:4888 onnxruntime::Graph::CleanUnusedInitializersAndNodeArgs] Removing initializer 'onnx::Conv_516_zero_point'. It is no longer used by any node.
2026-09-19 15:11:16.7832752 [I:onnxruntime:, graph.cc:4888 onnxruntime::Graph::CleanUnusedInitializersAndNodeArgs] Removing initializer '/segment/S5_4/S5_4.3/relu/Relu_output_0_zero_point'. It is no longer used by any node.
2026-09-19 15:11:16.7835169 [I:onnxruntime:, graph.cc:4888 onnxruntime::Graph::CleanUnusedInitializersAndNodeArgs] Removing initializer '/segment/S1S2/Concat_output_0_zero_point'. It is no longer used by any node.
2026-09-19 15:11:16.7837187 [I:onnxruntime:, graph.cc:4888 onnxruntime::Graph::CleanUnusedInitializersAndNodeArgs] Removing initializer 'onnx::Conv_543_zero_point'. It is no longer used by any node.
2026-09-19 15:11:16.7839082 [I:onnxruntime:, graph.cc:4888 onnxruntime::Graph::CleanUnusedInitializersAndNodeArgs] Removing initializer 'onnx::Conv_617_zero_point'. It is no longer used by any node.
2026-09-19 15:11:16.7841167 [I:onnxruntime:, graph.cc:4888 onnxruntime::Graph::CleanUnusedInitializersAndNodeArgs] Removing initializer 'onnx::Conv_516_quantized'. It is no longer used by any node.
2026-09-19 15:11:16.7843180 [I:onnxruntime:, graph.cc:4888 onnxruntime::Graph::CleanUnusedInitializersAndNodeArgs] Removing initializer 'onnx::Conv_540_zero_point'. It is no longer used by any node.
2026-09-19 15:11:16.7844956 [I:onnxruntime:, graph.cc:4888 onnxruntime::Graph::CleanUnusedInitializersAndNodeArgs] Removing initializer 'onnx::Conv_602_scale'. It is no longer used by any node.
2026-09-19 15:11:16.7846853 [I:onnxruntime:, graph.cc:4888 onnxruntime::Graph::CleanUnusedInitializersAndNodeArgs] Removing initializer 'onnx::Conv_539_quantized'. It is no longer used by any node.
2026-09-19 15:11:16.7849583 [I:onnxruntime:, graph.cc:4888 onnxruntime::Graph::CleanUnusedInitializersAndNodeArgs] Removing initializer '/segment/S1S2/left/left.0/relu/Relu_output_0_zero_point'. It is no longer used by any node.
2026-09-19 15:11:16.7852439 [I:onnxruntime:, graph.cc:4888 onnxruntime::Graph::CleanUnusedInitializersAndNodeArgs] Removing initializer 'onnx::Conv_540_quantized'. It is no longer used by any node.
2026-09-19 15:11:16.7854671 [I:onnxruntime:, graph.cc:4888 onnxruntime::Graph::CleanUnusedInitializersAndNodeArgs] Removing initializer '/segment/S5_5/conv_last/relu/Relu_output_0_zero_point'. It is no longer used by any node.
2026-09-19 15:11:16.7857547 [I:onnxruntime:, graph.cc:4888 onnxruntime::Graph::CleanUnusedInitializersAndNodeArgs] Removing initializer '/detail/S1/S1.1/relu/Relu_output_0_zero_point'. It is no longer used by any node.
2026-09-19 15:11:16.7859552 [I:onnxruntime:, graph.cc:4888 onnxruntime::Graph::CleanUnusedInitializersAndNodeArgs] Removing initializer '/segment/S4/S4.1/conv2/conv2.0/Conv_output_0_zero_point'. It is no longer used by any node.
2026-09-19 15:11:16.7860824 [I:onnxruntime:, graph.cc:4888 onnxruntime::Graph::CleanUnusedInitializersAndNodeArgs] Removing initializer 'onnx::Conv_519_zero_point'. It is no longer used by any node.
2026-09-19 15:11:16.7862198 [I:onnxruntime:, graph.cc:4888 onnxruntime::Graph::CleanUnusedInitializersAndNodeArgs] Removing initializer 'onnx::Conv_519_quantized'. It is no longer used by any node.
2026-09-19 15:11:16.7863220 [I:onnxruntime:, graph.cc:4888 onnxruntime::Graph::CleanUnusedInitializersAndNodeArgs] Removing initializer '/detail/S2/S2.0/relu/Relu_output_0_zero_point'. It is no longer used by any node.
2026-09-19 15:11:16.7864401 [I:onnxruntime:, graph.cc:4888 onnxruntime::Graph::CleanUnusedInitializersAndNodeArgs] Removing initializer 'onnx::Conv_573_quantized'. It is no longer used by any node.
2026-09-19 15:11:16.7865420 [I:onnxruntime:, graph.cc:4888 onnxruntime::Graph::CleanUnusedInitializersAndNodeArgs] Removing initializer 'onnx::Conv_542_zero_point'. It is no longer used by any node.
2026-09-19 15:11:16.8034868 [I:onnxruntime:, graph.cc:4888 onnxruntime::Graph::CleanUnusedInitializersAndNodeArgs] Removing initializer '/segment/S1S2/left/left.1/relu/Relu_output_0_zero_point'. It is no longer used by any node.
2026-09-19 15:11:16.8037165 [I:onnxruntime:, graph.cc:4888 onnxruntime::Graph::CleanUnusedInitializersAndNodeArgs] Removing initializer 'onnx::Conv_551_zero_point'. It is no longer used by any node.
2026-09-19 15:11:16.8039054 [I:onnxruntime:, graph.cc:4888 onnxruntime::Graph::CleanUnusedInitializersAndNodeArgs] Removing initializer 'onnx::Conv_615_quantized'. It is no longer used by any node.
2026-09-19 15:11:16.8047163 [I:onnxruntime:, graph.cc:4888 onnxruntime::Graph::CleanUnusedInitializersAndNodeArgs] Removing initializer 'onnx::Conv_521_zero_point'. It is no longer used by any node.
2026-09-19 15:11:16.8049547 [I:onnxruntime:, graph.cc:4888 onnxruntime::Graph::CleanUnusedInitializersAndNodeArgs] Removing initializer 'onnx::Conv_521_quantized'. It is no longer used by any node.
2026-09-19 15:11:16.8051350 [I:onnxruntime:, graph.cc:4888 onnxruntime::Graph::CleanUnusedInitializersAndNodeArgs] Removing initializer 'onnx::Conv_522_quantized'. It is no longer used by any node.
2026-09-19 15:11:16.8053173 [I:onnxruntime:, graph.cc:4888 onnxruntime::Graph::CleanUnusedInitializersAndNodeArgs] Removing initializer 'onnx::Conv_545_zero_point'. It is no longer used by any node.
2026-09-19 15:11:16.8055006 [I:onnxruntime:, graph.cc:4888 onnxruntime::Graph::CleanUnusedInitializersAndNodeArgs] Removing initializer 'head.conv_out.weight_scale'. It is no longer used by any node.
2026-09-19 15:11:16.8057150 [I:onnxruntime:, graph.cc:4888 onnxruntime::Graph::CleanUnusedInitializersAndNodeArgs] Removing initializer 'onnx::Conv_545_quantized'. It is no longer used by any node.
2026-09-19 15:11:16.8059157 [I:onnxruntime:, graph.cc:4888 onnxruntime::Graph::CleanUnusedInitializersAndNodeArgs] Removing initializer 'onnx::Conv_561_quantized'. It is no longer used by any node.
2026-09-19 15:11:16.8060708 [I:onnxruntime:, graph.cc:4888 onnxruntime::Graph::CleanUnusedInitializersAndNodeArgs] Removing initializer 'onnx::Conv_546_zero_point'. It is no longer used by any node.
2026-09-19 15:11:16.8062211 [I:onnxruntime:, graph.cc:4888 onnxruntime::Graph::CleanUnusedInitializersAndNodeArgs] Removing initializer 'onnx::Conv_546_quantized'. It is no longer used by any node.
2026-09-19 15:11:16.8064064 [I:onnxruntime:, graph.cc:4888 onnxruntime::Graph::CleanUnusedInitializersAndNodeArgs] Removing initializer 'onnx::Conv_524_zero_point'. It is no longer used by any node.
2026-09-19 15:11:16.8065420 [I:onnxruntime:, graph.cc:4888 onnxruntime::Graph::CleanUnusedInitializersAndNodeArgs] Removing initializer 'onnx::Conv_524_quantized'. It is no longer used by any node.
2026-09-19 15:11:16.8066809 [I:onnxruntime:, graph.cc:4888 onnxruntime::Graph::CleanUnusedInitializersAndNodeArgs] Removing initializer 'onnx::Conv_525_zero_point'. It is no longer used by any node.
2026-09-19 15:11:16.8068102 [I:onnxruntime:, graph.cc:4888 onnxruntime::Graph::CleanUnusedInitializersAndNodeArgs] Removing initializer 'onnx::Conv_525_quantized'. It is no longer used by any node.
2026-09-19 15:11:16.8069381 [I:onnxruntime:, graph.cc:4888 onnxruntime::Graph::CleanUnusedInitializersAndNodeArgs] Removing initializer '/segment/S1S2/fuse/relu/Relu_output_0_zero_point'. It is no longer used by any node.
2026-09-19 15:11:16.8070916 [I:onnxruntime:, graph.cc:4888 onnxruntime::Graph::CleanUnusedInitializersAndNodeArgs] Removing initializer '/detail/S2/S2.2/relu/Relu_output_0_zero_point'. It is no longer used by any node.
2026-09-19 15:11:16.8072335 [I:onnxruntime:, graph.cc:4888 onnxruntime::Graph::CleanUnusedInitializersAndNodeArgs] Removing initializer 'onnx::Conv_665_quantized'. It is no longer used by any node.
2026-09-19 15:11:16.8073745 [I:onnxruntime:, graph.cc:4888 onnxruntime::Graph::CleanUnusedInitializersAndNodeArgs] Removing initializer 'onnx::Conv_548_zero_point'. It is no longer used by any node.
2026-09-19 15:11:16.8205433 [I:onnxruntime:, graph.cc:4888 onnxruntime::Graph::CleanUnusedInitializersAndNodeArgs] Removing initializer '/bga/conv/conv.2/Relu_output_0_zero_point'. It is no longer used by any node.
2026-09-19 15:11:16.8207567 [I:onnxruntime:, graph.cc:4888 onnxruntime::Graph::CleanUnusedInitializersAndNodeArgs] Removing initializer 'onnx::Conv_548_quantized'. It is no longer used by any node.
2026-09-19 15:11:16.8209664 [I:onnxruntime:, graph.cc:4888 onnxruntime::Graph::CleanUnusedInitializersAndNodeArgs] Removing initializer 'onnx::Conv_549_zero_point'. It is no longer used by any node.
2026-09-19 15:11:16.8211383 [I:onnxruntime:, graph.cc:4888 onnxruntime::Graph::CleanUnusedInitializersAndNodeArgs] Removing initializer 'onnx::Conv_587_zero_point'. It is no longer used by any node.
2026-09-19 15:11:16.8213094 [I:onnxruntime:, graph.cc:4888 onnxruntime::Graph::CleanUnusedInitializersAndNodeArgs] Removing initializer 'onnx::Conv_549_quantized'. It is no longer used by any node.
2026-09-19 15:11:16.8214857 [I:onnxruntime:, graph.cc:4888 onnxruntime::Graph::CleanUnusedInitializersAndNodeArgs] Removing initializer 'onnx::Conv_555_quantized'. It is no longer used by any node.
2026-09-19 15:11:16.8216621 [I:onnxruntime:, graph.cc:4888 onnxruntime::Graph::CleanUnusedInitializersAndNodeArgs] Removing initializer '/segment/S3/S3.0/conv1/relu/Relu_output_0_zero_point'. It is no longer used by any node.
2026-09-19 15:11:16.8217922 [I:onnxruntime:, graph.cc:4888 onnxruntime::Graph::CleanUnusedInitializersAndNodeArgs] Removing initializer 'onnx::Conv_560_zero_point'. It is no longer used by any node.
2026-09-19 15:11:16.8219050 [I:onnxruntime:, graph.cc:4888 onnxruntime::Graph::CleanUnusedInitializersAndNodeArgs] Removing initializer 'onnx::Conv_560_quantized'. It is no longer used by any node.
2026-09-19 15:11:16.8220187 [I:onnxruntime:, graph.cc:4888 onnxruntime::Graph::CleanUnusedInitializersAndNodeArgs] Removing initializer 'onnx::Conv_561_zero_point'. It is no longer used by any node.
2026-09-19 15:11:16.8221600 [I:onnxruntime:, graph.cc:4888 onnxruntime::Graph::CleanUnusedInitializersAndNodeArgs] Removing initializer 'onnx::Conv_527_zero_point'. It is no longer used by any node.
2026-09-19 15:11:16.8222790 [I:onnxruntime:, graph.cc:4888 onnxruntime::Graph::CleanUnusedInitializersAndNodeArgs] Removing initializer 'onnx::Conv_569_zero_point'. It is no longer used by any node.
2026-09-19 15:11:16.8223906 [I:onnxruntime:, graph.cc:4888 onnxruntime::Graph::CleanUnusedInitializersAndNodeArgs] Removing initializer 'onnx::Conv_527_quantized'. It is no longer used by any node.
2026-09-19 15:11:16.8225445 [I:onnxruntime:, graph.cc:4888 onnxruntime::Graph::CleanUnusedInitializersAndNodeArgs] Removing initializer 'onnx::Conv_528_zero_point'. It is no longer used by any node.
2026-09-19 15:11:16.8226466 [I:onnxruntime:, graph.cc:4888 onnxruntime::Graph::CleanUnusedInitializersAndNodeArgs] Removing initializer 'onnx::Conv_528_quantized'. It is no longer used by any node.
2026-09-19 15:11:16.8227578 [I:onnxruntime:, graph.cc:4888 onnxruntime::Graph::CleanUnusedInitializersAndNodeArgs] Removing initializer '/segment/S3/S3.0/shortcut/shortcut.2/Conv_output_0_zero_point'. It is no longer used by any node.
2026-09-19 15:11:16.8229192 [I:onnxruntime:, graph.cc:4888 onnxruntime::Graph::CleanUnusedInitializersAndNodeArgs] Removing initializer '/segment/S3/S3.0/shortcut/shortcut.2/Conv_output_0_scale'. It is no longer used by any node.
2026-09-19 15:11:16.8230883 [I:onnxruntime:, graph.cc:4888 onnxruntime::Graph::CleanUnusedInitializersAndNodeArgs] Removing initializer 'onnx::Conv_557_quantized'. It is no longer used by any node.
2026-09-19 15:11:16.8231976 [I:onnxruntime:, graph.cc:4888 onnxruntime::Graph::CleanUnusedInitializersAndNodeArgs] Removing initializer 'onnx::Conv_563_zero_point'. It is no longer used by any node.
2026-09-19 15:11:16.8233059 [I:onnxruntime:, graph.cc:4888 onnxruntime::Graph::CleanUnusedInitializersAndNodeArgs] Removing initializer 'onnx::Conv_563_quantized'. It is no longer used by any node.
2026-09-19 15:11:16.8416175 [I:onnxruntime:, graph.cc:4888 onnxruntime::Graph::CleanUnusedInitializersAndNodeArgs] Removing initializer 'onnx::Conv_663_quantized'. It is no longer used by any node.
2026-09-19 15:11:16.8418387 [I:onnxruntime:, graph.cc:4888 onnxruntime::Graph::CleanUnusedInitializersAndNodeArgs] Removing initializer 'onnx::Conv_564_zero_point'. It is no longer used by any node.
2026-09-19 15:11:16.8420188 [I:onnxruntime:, graph.cc:4888 onnxruntime::Graph::CleanUnusedInitializersAndNodeArgs] Removing initializer 'onnx::Conv_564_quantized'. It is no longer used by any node.
2026-09-19 15:11:16.8422000 [I:onnxruntime:, graph.cc:4888 onnxruntime::Graph::CleanUnusedInitializersAndNodeArgs] Removing initializer '/detail/S3/S3.0/relu/Relu_output_0_zero_point'. It is no longer used by any node.
2026-09-19 15:11:16.8423958 [I:onnxruntime:, graph.cc:4888 onnxruntime::Graph::CleanUnusedInitializersAndNodeArgs] Removing initializer 'onnx::Conv_620_quantized'. It is no longer used by any node.
2026-09-19 15:11:16.8426180 [I:onnxruntime:, graph.cc:4888 onnxruntime::Graph::CleanUnusedInitializersAndNodeArgs] Removing initializer '/segment/S3/S3.0/dwconv1/dwconv1.0/Conv_output_0_zero_point'. It is no longer used by any node.
2026-09-19 15:11:16.8428432 [I:onnxruntime:, graph.cc:4888 onnxruntime::Graph::CleanUnusedInitializersAndNodeArgs] Removing initializer 'onnx::Conv_551_quantized'. It is no longer used by any node.
2026-09-19 15:11:16.8430125 [I:onnxruntime:, graph.cc:4888 onnxruntime::Graph::CleanUnusedInitializersAndNodeArgs] Removing initializer 'onnx::Conv_552_zero_point'. It is no longer used by any node.
2026-09-19 15:11:16.8431826 [I:onnxruntime:, graph.cc:4888 onnxruntime::Graph::CleanUnusedInitializersAndNodeArgs] Removing initializer 'onnx::Conv_552_quantized'. It is no longer used by any node.
2026-09-19 15:11:16.8434084 [I:onnxruntime:, graph.cc:4888 onnxruntime::Graph::CleanUnusedInitializersAndNodeArgs] Removing initializer 'onnx::Conv_530_zero_point'. It is no longer used by any node.
2026-09-19 15:11:16.8436053 [I:onnxruntime:, graph.cc:4888 onnxruntime::Graph::CleanUnusedInitializersAndNodeArgs] Removing initializer 'onnx::Conv_644_zero_point'. It is no longer used by any node.
2026-09-19 15:11:16.8438398 [I:onnxruntime:, graph.cc:4888 onnxruntime::Graph::CleanUnusedInitializersAndNodeArgs] Removing initializer 'onnx::Conv_530_quantized'. It is no longer used by any node.
2026-09-19 15:11:16.8440099 [I:onnxruntime:, graph.cc:4888 onnxruntime::Graph::CleanUnusedInitializersAndNodeArgs] Removing initializer 'onnx::Conv_531_zero_point'. It is no longer used by any node.
2026-09-19 15:11:16.8441802 [I:onnxruntime:, graph.cc:4888 onnxruntime::Graph::CleanUnusedInitializersAndNodeArgs] Removing initializer 'onnx::Conv_531_quantized'. It is no longer used by any node.
2026-09-19 15:11:16.8443514 [I:onnxruntime:, graph.cc:4888 onnxruntime::Graph::CleanUnusedInitializersAndNodeArgs] Removing initializer 'onnx::Conv_623_quantized'. It is no longer used by any node.
2026-09-19 15:11:16.8445001 [I:onnxruntime:, graph.cc:4888 onnxruntime::Graph::CleanUnusedInitializersAndNodeArgs] Removing initializer 'onnx::Conv_599_quantized'. It is no longer used by any node.
2026-09-19 15:11:16.8446123 [I:onnxruntime:, graph.cc:4888 onnxruntime::Graph::CleanUnusedInitializersAndNodeArgs] Removing initializer 'onnx::Conv_554_quantized'. It is no longer used by any node.
2026-09-19 15:11:16.8447231 [I:onnxruntime:, graph.cc:4888 onnxruntime::Graph::CleanUnusedInitializersAndNodeArgs] Removing initializer '/bga/left1/left1.2/Conv_output_0_zero_point'. It is no longer used by any node.
2026-09-19 15:11:16.8448457 [I:onnxruntime:, graph.cc:4888 onnxruntime::Graph::CleanUnusedInitializersAndNodeArgs] Removing initializer 'onnx::Conv_555_zero_point'. It is no longer used by any node.
2026-09-19 15:11:16.8449523 [I:onnxruntime:, graph.cc:4888 onnxruntime::Graph::CleanUnusedInitializersAndNodeArgs] Removing initializer '/segment/S4/S4.0/dwconv1/dwconv1.0/Conv_output_0_zero_point'. It is no longer used by any node.
2026-09-19 15:11:16.8524450 [I:onnxruntime:, graph.cc:4888 onnxruntime::Graph::CleanUnusedInitializersAndNodeArgs] Removing initializer '/detail/S3/S3.1/relu/Relu_output_0_zero_point'. It is no longer used by any node.
2026-09-19 15:11:16.8527076 [I:onnxruntime:, graph.cc:4888 onnxruntime::Graph::CleanUnusedInitializersAndNodeArgs] Removing initializer 'onnx::Conv_662_zero_point'. It is no longer used by any node.
2026-09-19 15:11:16.8529373 [I:onnxruntime:, graph.cc:4888 onnxruntime::Graph::CleanUnusedInitializersAndNodeArgs] Removing initializer '/segment/S3/S3.0/dwconv2/dwconv2.2/Relu_output_0_zero_point'. It is no longer used by any node.
2026-09-19 15:11:16.8531664 [I:onnxruntime:, graph.cc:4888 onnxruntime::Graph::CleanUnusedInitializersAndNodeArgs] Removing initializer 'onnx::Conv_576_quantized'. It is no longer used by any node.
2026-09-19 15:11:16.8534358 [I:onnxruntime:, graph.cc:4888 onnxruntime::Graph::CleanUnusedInitializersAndNodeArgs] Removing initializer '/segment/S5_4/S5_4.1/conv2/conv2.0/Conv_output_0_zero_point'. It is no longer used by any node.
2026-09-19 15:11:16.8536396 [I:onnxruntime:, graph.cc:4888 onnxruntime::Graph::CleanUnusedInitializersAndNodeArgs] Removing initializer 'onnx::Conv_609_quantized'. It is no longer used by any node.
2026-09-19 15:11:16.8539021 [I:onnxruntime:, graph.cc:4888 onnxruntime::Graph::CleanUnusedInitializersAndNodeArgs] Removing initializer 'onnx::Conv_533_zero_point'. It is no longer used by any node.
2026-09-19 15:11:16.8540815 [I:onnxruntime:, graph.cc:4888 onnxruntime::Graph::CleanUnusedInitializersAndNodeArgs] Removing initializer 'onnx::Conv_533_quantized'. It is no longer used by any node.
2026-09-19 15:11:16.8542993 [I:onnxruntime:, graph.cc:4888 onnxruntime::Graph::CleanUnusedInitializersAndNodeArgs] Removing initializer 'onnx::Conv_534_zero_point'. It is no longer used by any node.
2026-09-19 15:11:16.8545398 [I:onnxruntime:, graph.cc:4888 onnxruntime::Graph::CleanUnusedInitializersAndNodeArgs] Removing initializer 'onnx::Conv_534_quantized'. It is no longer used by any node.
2026-09-19 15:11:16.8547580 [I:onnxruntime:, graph.cc:4888 onnxruntime::Graph::CleanUnusedInitializersAndNodeArgs] Removing initializer 'bga.right2.2.weight_quantized'. It is no longer used by any node.
2026-09-19 15:11:16.8549779 [I:onnxruntime:, graph.cc:4888 onnxruntime::Graph::CleanUnusedInitializersAndNodeArgs] Removing initializer 'onnx::Conv_659_zero_point'. It is no longer used by any node.
2026-09-19 15:11:16.8551795 [I:onnxruntime:, graph.cc:4888 onnxruntime::Graph::CleanUnusedInitializersAndNodeArgs] Removing initializer '/segment/S3/S3.0/conv2/conv2.0/Conv_output_0_zero_point'. It is no longer used by any node.
2026-09-19 15:11:16.8553353 [I:onnxruntime:, graph.cc:4888 onnxruntime::Graph::CleanUnusedInitializersAndNodeArgs] Removing initializer 'onnx::Conv_557_zero_point'. It is no longer used by any node.
2026-09-19 15:11:16.8554785 [I:onnxruntime:, graph.cc:4888 onnxruntime::Graph::CleanUnusedInitializersAndNodeArgs] Removing initializer 'onnx::Conv_615_zero_point'. It is no longer used by any node.
2026-09-19 15:11:16.8556225 [I:onnxruntime:, graph.cc:4888 onnxruntime::Graph::CleanUnusedInitializersAndNodeArgs] Removing initializer 'onnx::Conv_558_quantized'. It is no longer used by any node.
2026-09-19 15:11:16.8557661 [I:onnxruntime:, graph.cc:4888 onnxruntime::Graph::CleanUnusedInitializersAndNodeArgs] Removing initializer '/detail/S3/S3.2/relu/Relu_output_0_zero_point'. It is no longer used by any node.
2026-09-19 15:11:16.8559255 [I:onnxruntime:, graph.cc:4888 onnxruntime::Graph::CleanUnusedInitializersAndNodeArgs] Removing initializer '/segment/S5_4/S5_4.2/conv2/conv2.0/Conv_output_0_zero_point'. It is no longer used by any node.
2026-09-19 15:11:16.8560888 [I:onnxruntime:, graph.cc:4888 onnxruntime::Graph::CleanUnusedInitializersAndNodeArgs] Removing initializer '/bga/left1/left1.0/Conv_output_0_zero_point'. It is no longer used by any node.
2026-09-19 15:11:16.8562433 [I:onnxruntime:, graph.cc:4888 onnxruntime::Graph::CleanUnusedInitializersAndNodeArgs] Removing initializer 'onnx::Conv_653_zero_point'. It is no longer used by any node.
2026-09-19 15:11:16.8715766 [I:onnxruntime:, graph.cc:4888 onnxruntime::Graph::CleanUnusedInitializersAndNodeArgs] Removing initializer 'onnx::Conv_654_zero_point'. It is no longer used by any node.
2026-09-19 15:11:16.8718254 [I:onnxruntime:, graph.cc:4888 onnxruntime::Graph::CleanUnusedInitializersAndNodeArgs] Removing initializer 'onnx::Conv_654_quantized'. It is no longer used by any node.
2026-09-19 15:11:16.8720326 [I:onnxruntime:, graph.cc:4888 onnxruntime::Graph::CleanUnusedInitializersAndNodeArgs] Removing initializer '/bga/left2/left2.0/Conv_output_0_zero_point'. It is no longer used by any node.
2026-09-19 15:11:16.8723008 [I:onnxruntime:, graph.cc:4888 onnxruntime::Graph::CleanUnusedInitializersAndNodeArgs] Removing initializer '/segment/S5_5/ReduceMean_output_0_zero_point'. It is no longer used by any node.
2026-09-19 15:11:16.8724888 [I:onnxruntime:, graph.cc:4888 onnxruntime::Graph::CleanUnusedInitializersAndNodeArgs] Removing initializer 'onnx::Conv_600_quantized'. It is no longer used by any node.
2026-09-19 15:11:16.8726619 [I:onnxruntime:, graph.cc:4888 onnxruntime::Graph::CleanUnusedInitializersAndNodeArgs] Removing initializer 'onnx::Conv_656_zero_point'. It is no longer used by any node.
2026-09-19 15:11:16.8729226 [I:onnxruntime:, graph.cc:4888 onnxruntime::Graph::CleanUnusedInitializersAndNodeArgs] Removing initializer 'onnx::Conv_656_quantized'. It is no longer used by any node.
2026-09-19 15:11:16.8730986 [I:onnxruntime:, graph.cc:4888 onnxruntime::Graph::CleanUnusedInitializersAndNodeArgs] Removing initializer '/segment/S4/S4.1/conv1/relu/Relu_output_0_zero_point'. It is no longer used by any node.
2026-09-19 15:11:16.8732956 [I:onnxruntime:, graph.cc:4888 onnxruntime::Graph::CleanUnusedInitializersAndNodeArgs] Removing initializer 'onnx::Conv_657_zero_point'. It is no longer used by any node.
2026-09-19 15:11:16.8734189 [I:onnxruntime:, graph.cc:4888 onnxruntime::Graph::CleanUnusedInitializersAndNodeArgs] Removing initializer 'onnx::Conv_657_quantized'. It is no longer used by any node.
2026-09-19 15:11:16.8737276 [I:onnxruntime:, graph.cc:4888 onnxruntime::Graph::CleanUnusedInitializersAndNodeArgs] Removing initializer 'onnx::Conv_588_zero_point'. It is no longer used by any node.
2026-09-19 15:11:16.8738453 [I:onnxruntime:, graph.cc:4888 onnxruntime::Graph::CleanUnusedInitializersAndNodeArgs] Removing initializer '/segment/S3/S3.0/relu/Relu_output_0_zero_point'. It is no longer used by any node.
2026-09-19 15:11:16.8739749 [I:onnxruntime:, graph.cc:4888 onnxruntime::Graph::CleanUnusedInitializersAndNodeArgs] Removing initializer 'bga.left1.2.weight_zero_point'. It is no longer used by any node.
2026-09-19 15:11:16.8740969 [I:onnxruntime:, graph.cc:4888 onnxruntime::Graph::CleanUnusedInitializersAndNodeArgs] Removing initializer '/bga/left2/left2.2/AveragePool_output_0_zero_point'. It is no longer used by any node.
2026-09-19 15:11:16.8743080 [I:onnxruntime:, graph.cc:4888 onnxruntime::Graph::CleanUnusedInitializersAndNodeArgs] Removing initializer '/bga/Sigmoid_output_0_zero_point'. It is no longer used by any node.
2026-09-19 15:11:16.8745462 [I:onnxruntime:, graph.cc:4888 onnxruntime::Graph::CleanUnusedInitializersAndNodeArgs] Removing initializer 'onnx::Conv_609_zero_point'. It is no longer used by any node.
2026-09-19 15:11:16.8746799 [I:onnxruntime:, graph.cc:4888 onnxruntime::Graph::CleanUnusedInitializersAndNodeArgs] Removing initializer 'onnx::Conv_566_zero_point'. It is no longer used by any node.
2026-09-19 15:11:16.8747870 [I:onnxruntime:, graph.cc:4888 onnxruntime::Graph::CleanUnusedInitializersAndNodeArgs] Removing initializer '/segment/S5_4/S5_4.1/dwconv/dwconv.2/Relu_output_0_zero_point'. It is no longer used by any node.
2026-09-19 15:11:16.8749541 [I:onnxruntime:, graph.cc:4888 onnxruntime::Graph::CleanUnusedInitializersAndNodeArgs] Removing initializer 'onnx::Conv_575_zero_point'. It is no longer used by any node.
2026-09-19 15:11:16.8750755 [I:onnxruntime:, graph.cc:4888 onnxruntime::Graph::CleanUnusedInitializersAndNodeArgs] Removing initializer 'onnx::Conv_567_quantized'. It is no longer used by any node.
2026-09-19 15:11:16.8841783 [I:onnxruntime:, graph.cc:4888 onnxruntime::Graph::CleanUnusedInitializersAndNodeArgs] Removing initializer '/segment/S3/S3.1/conv1/relu/Relu_output_0_zero_point'. It is no longer used by any node.
2026-09-19 15:11:16.8844038 [I:onnxruntime:, graph.cc:4888 onnxruntime::Graph::CleanUnusedInitializersAndNodeArgs] Removing initializer 'onnx::Conv_569_quantized'. It is no longer used by any node.
2026-09-19 15:11:16.8845883 [I:onnxruntime:, graph.cc:4888 onnxruntime::Graph::CleanUnusedInitializersAndNodeArgs] Removing initializer 'onnx::Conv_570_zero_point'. It is no longer used by any node.
2026-09-19 15:11:16.8848103 [I:onnxruntime:, graph.cc:4888 onnxruntime::Graph::CleanUnusedInitializersAndNodeArgs] Removing initializer 'onnx::Conv_648_zero_point'. It is no longer used by any node.
2026-09-19 15:11:16.8849905 [I:onnxruntime:, graph.cc:4888 onnxruntime::Graph::CleanUnusedInitializersAndNodeArgs] Removing initializer 'onnx::Conv_570_quantized'. It is no longer used by any node.
2026-09-19 15:11:16.8851902 [I:onnxruntime:, graph.cc:4888 onnxruntime::Graph::CleanUnusedInitializersAndNodeArgs] Removing initializer '/segment/S3/S3.1/dwconv/dwconv.2/Relu_output_0_zero_point'. It is no longer used by any node.
2026-09-19 15:11:16.8853390 [I:onnxruntime:, graph.cc:4888 onnxruntime::Graph::CleanUnusedInitializersAndNodeArgs] Removing initializer '/segment/S3/S3.1/conv2/conv2.0/Conv_output_0_zero_point'. It is no longer used by any node.
2026-09-19 15:11:16.8855000 [I:onnxruntime:, graph.cc:4888 onnxruntime::Graph::CleanUnusedInitializersAndNodeArgs] Removing initializer 'onnx::Conv_572_zero_point'. It is no longer used by any node.
2026-09-19 15:11:16.8856015 [I:onnxruntime:, graph.cc:4888 onnxruntime::Graph::CleanUnusedInitializersAndNodeArgs] Removing initializer 'onnx::Conv_572_quantized'. It is no longer used by any node.
2026-09-19 15:11:16.8857181 [I:onnxruntime:, graph.cc:4888 onnxruntime::Graph::CleanUnusedInitializersAndNodeArgs] Removing initializer 'onnx::Conv_573_zero_point'. It is no longer used by any node.
2026-09-19 15:11:16.8858499 [I:onnxruntime:, graph.cc:4888 onnxruntime::Graph::CleanUnusedInitializersAndNodeArgs] Removing initializer '/segment/S3/S3.1/relu/Relu_output_0_zero_point'. It is no longer used by any node.
2026-09-19 15:11:16.8860194 [I:onnxruntime:, graph.cc:4888 onnxruntime::Graph::CleanUnusedInitializersAndNodeArgs] Removing initializer 'onnx::Conv_575_quantized'. It is no longer used by any node.
2026-09-19 15:11:16.8861284 [I:onnxruntime:, graph.cc:4888 onnxruntime::Graph::CleanUnusedInitializersAndNodeArgs] Removing initializer '/segment/S5_4/S5_4.1/conv1/relu/Relu_output_0_zero_point'. It is no longer used by any node.
2026-09-19 15:11:16.8862528 [I:onnxruntime:, graph.cc:4888 onnxruntime::Graph::CleanUnusedInitializersAndNodeArgs] Removing initializer 'onnx::Conv_576_zero_point'. It is no longer used by any node.
2026-09-19 15:11:16.8864047 [I:onnxruntime:, graph.cc:4888 onnxruntime::Graph::CleanUnusedInitializersAndNodeArgs] Removing initializer '/segment/S4/S4.0/shortcut/shortcut.0/Conv_output_0_zero_point'. It is no longer used by any node.
2026-09-19 15:11:16.8865280 [I:onnxruntime:, graph.cc:4888 onnxruntime::Graph::CleanUnusedInitializersAndNodeArgs] Removing initializer 'onnx::Conv_621_quantized'. It is no longer used by any node.
2026-09-19 15:11:16.8866605 [I:onnxruntime:, graph.cc:4888 onnxruntime::Graph::CleanUnusedInitializersAndNodeArgs] Removing initializer 'onnx::Conv_627_zero_point'. It is no longer used by any node.
2026-09-19 15:11:16.8867609 [I:onnxruntime:, graph.cc:4888 onnxruntime::Graph::CleanUnusedInitializersAndNodeArgs] Removing initializer 'onnx::Conv_587_quantized'. It is no longer used by any node.
2026-09-19 15:11:16.8868603 [I:onnxruntime:, graph.cc:4888 onnxruntime::Graph::CleanUnusedInitializersAndNodeArgs] Removing initializer 'onnx::Conv_588_quantized'. It is no longer used by any node.
2026-09-19 15:11:16.9050453 [I:onnxruntime:, graph.cc:4888 onnxruntime::Graph::CleanUnusedInitializersAndNodeArgs] Removing initializer '/segment/S4/S4.0/conv1/relu/Relu_output_0_zero_point'. It is no longer used by any node.
2026-09-19 15:11:16.9052709 [I:onnxruntime:, graph.cc:4888 onnxruntime::Graph::CleanUnusedInitializersAndNodeArgs] Removing initializer '/segment/S4/S4.0/shortcut/shortcut.2/Conv_output_0_zero_point'. It is no longer used by any node.
2026-09-19 15:11:16.9054945 [I:onnxruntime:, graph.cc:4888 onnxruntime::Graph::CleanUnusedInitializersAndNodeArgs] Removing initializer '/bga/right2/right2.0/Conv_output_0_zero_point'. It is no longer used by any node.
2026-09-19 15:11:16.9056500 [I:onnxruntime:, graph.cc:4888 onnxruntime::Graph::CleanUnusedInitializersAndNodeArgs] Removing initializer 'onnx::Conv_590_zero_point'. It is no longer used by any node.
2026-09-19 15:11:16.9057550 [I:onnxruntime:, graph.cc:4888 onnxruntime::Graph::CleanUnusedInitializersAndNodeArgs] Removing initializer 'onnx::Conv_590_quantized'. It is no longer used by any node.
2026-09-19 15:11:16.9058975 [I:onnxruntime:, graph.cc:4888 onnxruntime::Graph::CleanUnusedInitializersAndNodeArgs] Removing initializer 'onnx::Conv_611_zero_point'. It is no longer used by any node.
2026-09-19 15:11:16.9060312 [I:onnxruntime:, graph.cc:4888 onnxruntime::Graph::CleanUnusedInitializersAndNodeArgs] Removing initializer 'onnx::Conv_591_zero_point'. It is no longer used by any node.
2026-09-19 15:11:16.9061327 [I:onnxruntime:, graph.cc:4888 onnxruntime::Graph::CleanUnusedInitializersAndNodeArgs] Removing initializer 'onnx::Conv_591_quantized'. It is no longer used by any node.
2026-09-19 15:11:16.9062701 [I:onnxruntime:, graph.cc:4888 onnxruntime::Graph::CleanUnusedInitializersAndNodeArgs] Removing initializer '/bga/right1/right1.0/Conv_output_0_zero_point'. It is no longer used by any node.
2026-09-19 15:11:16.9063789 [I:onnxruntime:, graph.cc:4888 onnxruntime::Graph::CleanUnusedInitializersAndNodeArgs] Removing initializer 'onnx::Conv_578_quantized'. It is no longer used by any node.
2026-09-19 15:11:16.9064781 [I:onnxruntime:, graph.cc:4888 onnxruntime::Graph::CleanUnusedInitializersAndNodeArgs] Removing initializer 'onnx::Conv_579_zero_point'. It is no longer used by any node.
2026-09-19 15:11:16.9066073 [I:onnxruntime:, graph.cc:4888 onnxruntime::Graph::CleanUnusedInitializersAndNodeArgs] Removing initializer 'onnx::Conv_579_quantized'. It is no longer used by any node.
2026-09-19 15:11:16.9067066 [I:onnxruntime:, graph.cc:4888 onnxruntime::Graph::CleanUnusedInitializersAndNodeArgs] Removing initializer '/segment/S5_5/Add_output_0_zero_point'. It is no longer used by any node.
2026-09-19 15:11:16.9068937 [I:onnxruntime:, graph.cc:4888 onnxruntime::Graph::CleanUnusedInitializersAndNodeArgs] Removing initializer 'onnx::Conv_581_zero_point'. It is no longer used by any node.
2026-09-19 15:11:16.9070841 [I:onnxruntime:, graph.cc:4888 onnxruntime::Graph::CleanUnusedInitializersAndNodeArgs] Removing initializer 'onnx::Conv_581_quantized'. It is no longer used by any node.
2026-09-19 15:11:16.9072877 [I:onnxruntime:, graph.cc:4888 onnxruntime::Graph::CleanUnusedInitializersAndNodeArgs] Removing initializer 'onnx::Conv_582_zero_point'. It is no longer used by any node.
2026-09-19 15:11:16.9074596 [I:onnxruntime:, graph.cc:4888 onnxruntime::Graph::CleanUnusedInitializersAndNodeArgs] Removing initializer '/bga/left2/left2.2/AveragePool_output_0_Scale'. It is no longer used by any node.
2026-09-19 15:11:16.9076488 [I:onnxruntime:, graph.cc:4888 onnxruntime::Graph::CleanUnusedInitializersAndNodeArgs] Removing initializer 'onnx::Conv_582_quantized'. It is no longer used by any node.
2026-09-19 15:11:16.9078209 [I:onnxruntime:, graph.cc:4888 onnxruntime::Graph::CleanUnusedInitializersAndNodeArgs] Removing initializer '/segment/S4/S4.0/dwconv2/dwconv2.2/Relu_output_0_zero_point'. It is no longer used by any node.
2026-09-19 15:11:16.9080295 [I:onnxruntime:, graph.cc:4888 onnxruntime::Graph::CleanUnusedInitializersAndNodeArgs] Removing initializer 'onnx::Conv_636_quantized'. It is no longer used by any node.
2026-09-19 15:11:16.9153833 [I:onnxruntime:, graph.cc:4888 onnxruntime::Graph::CleanUnusedInitializersAndNodeArgs] Removing initializer 'head.conv_out.bias_zero_point'. It is no longer used by any node.
2026-09-19 15:11:16.9155819 [I:onnxruntime:, graph.cc:4888 onnxruntime::Graph::CleanUnusedInitializersAndNodeArgs] Removing initializer '/segment/S4/S4.0/conv2/conv2.0/Conv_output_0_zero_point'. It is no longer used by any node.
2026-09-19 15:11:16.9158006 [I:onnxruntime:, graph.cc:4888 onnxruntime::Graph::CleanUnusedInitializersAndNodeArgs] Removing initializer 'head.conv_out.bias_scale'. It is no longer used by any node.
2026-09-19 15:11:16.9159800 [I:onnxruntime:, graph.cc:4888 onnxruntime::Graph::CleanUnusedInitializersAndNodeArgs] Removing initializer 'onnx::Conv_605_zero_point'. It is no longer used by any node.
2026-09-19 15:11:16.9161502 [I:onnxruntime:, graph.cc:4888 onnxruntime::Graph::CleanUnusedInitializersAndNodeArgs] Removing initializer 'onnx::Conv_596_quantized'. It is no longer used by any node.
2026-09-19 15:11:16.9163519 [I:onnxruntime:, graph.cc:4888 onnxruntime::Graph::CleanUnusedInitializersAndNodeArgs] Removing initializer 'onnx::Conv_632_zero_point'. It is no longer used by any node.
2026-09-19 15:11:16.9165049 [I:onnxruntime:, graph.cc:4888 onnxruntime::Graph::CleanUnusedInitializersAndNodeArgs] Removing initializer 'onnx::Conv_584_zero_point'. It is no longer used by any node.
2026-09-19 15:11:16.9166054 [I:onnxruntime:, graph.cc:4888 onnxruntime::Graph::CleanUnusedInitializersAndNodeArgs] Removing initializer 'onnx::Conv_632_quantized'. It is no longer used by any node.
2026-09-19 15:11:16.9167727 [I:onnxruntime:, graph.cc:4888 onnxruntime::Graph::CleanUnusedInitializersAndNodeArgs] Removing initializer 'onnx::Conv_584_quantized'. It is no longer used by any node.
2026-09-19 15:11:16.9170130 [I:onnxruntime:, graph.cc:4888 onnxruntime::Graph::CleanUnusedInitializersAndNodeArgs] Removing initializer 'head.conv_out.bias_quantized'. It is no longer used by any node.
2026-09-19 15:11:16.9173572 [I:onnxruntime:, graph.cc:4888 onnxruntime::Graph::CleanUnusedInitializersAndNodeArgs] Removing initializer 'onnx::Conv_633_zero_point'. It is no longer used by any node.
2026-09-19 15:11:16.9176652 [I:onnxruntime:, graph.cc:4888 onnxruntime::Graph::CleanUnusedInitializersAndNodeArgs] Removing initializer 'onnx::Conv_585_zero_point'. It is no longer used by any node.
2026-09-19 15:11:16.9180461 [I:onnxruntime:, graph.cc:4888 onnxruntime::Graph::CleanUnusedInitializersAndNodeArgs] Removing initializer 'onnx::Conv_633_quantized'. It is no longer used by any node.
2026-09-19 15:11:16.9182008 [I:onnxruntime:, graph.cc:4888 onnxruntime::Graph::CleanUnusedInitializersAndNodeArgs] Removing initializer 'onnx::Conv_585_quantized'. It is no longer used by any node.
2026-09-19 15:11:16.9183037 [I:onnxruntime:, graph.cc:4888 onnxruntime::Graph::CleanUnusedInitializersAndNodeArgs] Removing initializer 'onnx::Conv_629_zero_point'. It is no longer used by any node.
2026-09-19 15:11:16.9184046 [I:onnxruntime:, graph.cc:4888 onnxruntime::Graph::CleanUnusedInitializersAndNodeArgs] Removing initializer 'onnx::Conv_614_quantized'. It is no longer used by any node.
2026-09-19 15:11:16.9185062 [I:onnxruntime:, graph.cc:4888 onnxruntime::Graph::CleanUnusedInitializersAndNodeArgs] Removing initializer 'onnx::Conv_593_zero_point'. It is no longer used by any node.
2026-09-19 15:11:16.9186467 [I:onnxruntime:, graph.cc:4888 onnxruntime::Graph::CleanUnusedInitializersAndNodeArgs] Removing initializer 'onnx::Conv_629_quantized'. It is no longer used by any node.
2026-09-19 15:11:16.9187779 [I:onnxruntime:, graph.cc:4888 onnxruntime::Graph::CleanUnusedInitializersAndNodeArgs] Removing initializer '/segment/S5_4/S5_4.0/conv1/relu/Relu_output_0_zero_point'. It is no longer used by any node.
2026-09-19 15:11:16.9189009 [I:onnxruntime:, graph.cc:4888 onnxruntime::Graph::CleanUnusedInitializersAndNodeArgs] Removing initializer 'onnx::Conv_593_quantized'. It is no longer used by any node.
2026-09-19 15:11:16.9389707 [I:onnxruntime:, graph.cc:4888 onnxruntime::Graph::CleanUnusedInitializersAndNodeArgs] Removing initializer 'onnx::Conv_594_zero_point'. It is no longer used by any node.
2026-09-19 15:11:16.9392274 [I:onnxruntime:, graph.cc:4888 onnxruntime::Graph::CleanUnusedInitializersAndNodeArgs] Removing initializer 'onnx::Conv_594_quantized'. It is no longer used by any node.
2026-09-19 15:11:16.9394043 [I:onnxruntime:, graph.cc:4888 onnxruntime::Graph::CleanUnusedInitializersAndNodeArgs] Removing initializer 'onnx::Conv_596_zero_point'. It is no longer used by any node.
2026-09-19 15:11:16.9395775 [I:onnxruntime:, graph.cc:4888 onnxruntime::Graph::CleanUnusedInitializersAndNodeArgs] Removing initializer 'onnx::Conv_597_zero_point'. It is no longer used by any node.
2026-09-19 15:11:16.9397512 [I:onnxruntime:, graph.cc:4888 onnxruntime::Graph::CleanUnusedInitializersAndNodeArgs] Removing initializer 'onnx::Conv_636_zero_point'. It is no longer used by any node.
2026-09-19 15:11:16.9400162 [I:onnxruntime:, graph.cc:4888 onnxruntime::Graph::CleanUnusedInitializersAndNodeArgs] Removing initializer 'onnx::Conv_597_quantized'. It is no longer used by any node.
2026-09-19 15:11:16.9402818 [I:onnxruntime:, graph.cc:4888 onnxruntime::Graph::CleanUnusedInitializersAndNodeArgs] Removing initializer '/segment/S4/S4.1/dwconv/dwconv.2/Relu_output_0_zero_point'. It is no longer used by any node.
2026-09-19 15:11:16.9404902 [I:onnxruntime:, graph.cc:4888 onnxruntime::Graph::CleanUnusedInitializersAndNodeArgs] Removing initializer 'onnx::Conv_623_zero_point'. It is no longer used by any node.
2026-09-19 15:11:16.9406264 [I:onnxruntime:, graph.cc:4888 onnxruntime::Graph::CleanUnusedInitializersAndNodeArgs] Removing initializer 'onnx::Conv_599_zero_point'. It is no longer used by any node.
2026-09-19 15:11:16.9408723 [I:onnxruntime:, graph.cc:4888 onnxruntime::Graph::CleanUnusedInitializersAndNodeArgs] Removing initializer 'onnx::Conv_600_zero_point'. It is no longer used by any node.
2026-09-19 15:11:16.9410701 [I:onnxruntime:, graph.cc:4888 onnxruntime::Graph::CleanUnusedInitializersAndNodeArgs] Removing initializer 'onnx::Conv_635_quantized'. It is no longer used by any node.
2026-09-19 15:11:16.9412462 [I:onnxruntime:, graph.cc:4888 onnxruntime::Graph::CleanUnusedInitializersAndNodeArgs] Removing initializer '/segment/S5_4/S5_4.0/dwconv2/dwconv2.2/Relu_output_0_zero_point'. It is no longer used by any node.
2026-09-19 15:11:16.9415092 [I:onnxruntime:, graph.cc:4888 onnxruntime::Graph::CleanUnusedInitializersAndNodeArgs] Removing initializer '/segment/S4/S4.1/relu/Relu_output_0_zero_point'. It is no longer used by any node.
2026-09-19 15:11:16.9417900 [I:onnxruntime:, graph.cc:4888 onnxruntime::Graph::CleanUnusedInitializersAndNodeArgs] Removing initializer 'onnx::Conv_602_zero_point'. It is no longer used by any node.
2026-09-19 15:11:16.9419804 [I:onnxruntime:, graph.cc:4888 onnxruntime::Graph::CleanUnusedInitializersAndNodeArgs] Removing initializer 'onnx::Conv_602_quantized'. It is no longer used by any node.
2026-09-19 15:11:16.9421134 [I:onnxruntime:, graph.cc:4888 onnxruntime::Graph::CleanUnusedInitializersAndNodeArgs] Removing initializer 'onnx::Conv_603_zero_point'. It is no longer used by any node.
2026-09-19 15:11:16.9423734 [I:onnxruntime:, graph.cc:4888 onnxruntime::Graph::CleanUnusedInitializersAndNodeArgs] Removing initializer 'onnx::Conv_603_quantized'. It is no longer used by any node.
2026-09-19 15:11:16.9424850 [I:onnxruntime:, graph.cc:4888 onnxruntime::Graph::CleanUnusedInitializersAndNodeArgs] Removing initializer '/segment/S5_4/S5_4.0/shortcut/shortcut.0/Conv_output_0_zero_point'. It is no longer used by any node.
2026-09-19 15:11:16.9426207 [I:onnxruntime:, graph.cc:4888 onnxruntime::Graph::CleanUnusedInitializersAndNodeArgs] Removing initializer '/segment/S5_4/S5_4.0/conv2/conv2.0/Conv_output_0_zero_point'. It is no longer used by any node.
2026-09-19 15:11:16.9428509 [I:onnxruntime:, graph.cc:4888 onnxruntime::Graph::CleanUnusedInitializersAndNodeArgs] Removing initializer 'onnx::Conv_606_quantized'. It is no longer used by any node.
2026-09-19 15:11:16.9695796 [I:onnxruntime:, graph.cc:4888 onnxruntime::Graph::CleanUnusedInitializersAndNodeArgs] Removing initializer 'onnx::Conv_614_zero_point'. It is no longer used by any node.
2026-09-19 15:11:16.9698137 [I:onnxruntime:, graph.cc:4888 onnxruntime::Graph::CleanUnusedInitializersAndNodeArgs] Removing initializer 'bga.right2.2.weight_zero_point'. It is no longer used by any node.
2026-09-19 15:11:16.9699986 [I:onnxruntime:, graph.cc:4888 onnxruntime::Graph::CleanUnusedInitializersAndNodeArgs] Removing initializer '/segment/S5_4/S5_4.0/shortcut/shortcut.2/Conv_output_0_zero_point'. It is no longer used by any node.
2026-09-19 15:11:16.9703049 [I:onnxruntime:, graph.cc:4888 onnxruntime::Graph::CleanUnusedInitializersAndNodeArgs] Removing initializer 'onnx::Conv_605_quantized'. It is no longer used by any node.
2026-09-19 15:11:16.9705712 [I:onnxruntime:, graph.cc:4888 onnxruntime::Graph::CleanUnusedInitializersAndNodeArgs] Removing initializer 'onnx::Conv_617_quantized'. It is no longer used by any node.
2026-09-19 15:11:16.9706851 [I:onnxruntime:, graph.cc:4888 onnxruntime::Graph::CleanUnusedInitializersAndNodeArgs] Removing initializer 'head.conv_out.weight_zero_point'. It is no longer used by any node.
2026-09-19 15:11:16.9708073 [I:onnxruntime:, graph.cc:4888 onnxruntime::Graph::CleanUnusedInitializersAndNodeArgs] Removing initializer 'onnx::Conv_618_zero_point'. It is no longer used by any node.
2026-09-19 15:11:16.9709194 [I:onnxruntime:, graph.cc:4888 onnxruntime::Graph::CleanUnusedInitializersAndNodeArgs] Removing initializer 'head.conv_out.weight_quantized'. It is no longer used by any node.
2026-09-19 15:11:16.9711370 [I:onnxruntime:, graph.cc:4888 onnxruntime::Graph::CleanUnusedInitializersAndNodeArgs] Removing initializer 'onnx::Conv_618_quantized'. It is no longer used by any node.
2026-09-19 15:11:16.9712824 [I:onnxruntime:, graph.cc:4888 onnxruntime::Graph::CleanUnusedInitializersAndNodeArgs] Removing initializer '/segment/S5_4/S5_4.0/dwconv1/dwconv1.0/Conv_output_0_zero_point'. It is no longer used by any node.
2026-09-19 15:11:16.9717807 [I:onnxruntime:, graph.cc:4888 onnxruntime::Graph::CleanUnusedInitializersAndNodeArgs] Removing initializer 'onnx::Conv_606_zero_point'. It is no longer used by any node.
2026-09-19 15:11:16.9719589 [I:onnxruntime:, graph.cc:4888 onnxruntime::Graph::CleanUnusedInitializersAndNodeArgs] Removing initializer 'onnx::Conv_608_zero_point'. It is no longer used by any node.
2026-09-19 15:11:16.9720693 [I:onnxruntime:, graph.cc:4888 onnxruntime::Graph::CleanUnusedInitializersAndNodeArgs] Removing initializer 'onnx::Conv_608_quantized'. It is no longer used by any node.
2026-09-19 15:11:16.9721755 [I:onnxruntime:, graph.cc:4888 onnxruntime::Graph::CleanUnusedInitializersAndNodeArgs] Removing initializer 'onnx::Conv_611_quantized'. It is no longer used by any node.
2026-09-19 15:11:16.9723181 [I:onnxruntime:, graph.cc:4888 onnxruntime::Graph::CleanUnusedInitializersAndNodeArgs] Removing initializer 'onnx::Conv_612_zero_point'. It is no longer used by any node.
2026-09-19 15:11:16.9724228 [I:onnxruntime:, graph.cc:4888 onnxruntime::Graph::CleanUnusedInitializersAndNodeArgs] Removing initializer 'onnx::Conv_612_quantized'. It is no longer used by any node.
2026-09-19 15:11:16.9725622 [I:onnxruntime:, graph.cc:4888 onnxruntime::Graph::CleanUnusedInitializersAndNodeArgs] Removing initializer 'onnx::Conv_663_zero_point'. It is no longer used by any node.
2026-09-19 15:11:16.9726643 [I:onnxruntime:, graph.cc:4888 onnxruntime::Graph::CleanUnusedInitializersAndNodeArgs] Removing initializer '/segment/S5_4/S5_4.0/relu/Relu_output_0_zero_point'. It is no longer used by any node.
2026-09-19 15:11:16.9727774 [I:onnxruntime:, graph.cc:4888 onnxruntime::Graph::CleanUnusedInitializersAndNodeArgs] Removing initializer '/segment/S5_4/S5_4.1/relu/Relu_output_0_zero_point'. It is no longer used by any node.
2026-09-19 15:11:16.9729139 [I:onnxruntime:, graph.cc:4888 onnxruntime::Graph::CleanUnusedInitializersAndNodeArgs] Removing initializer 'onnx::Conv_620_zero_point'. It is no longer used by any node.
2026-09-19 15:11:16.9816791 [I:onnxruntime:, graph.cc:4888 onnxruntime::Graph::CleanUnusedInitializersAndNodeArgs] Removing initializer 'onnx::Conv_624_zero_point'. It is no longer used by any node.
2026-09-19 15:11:16.9818712 [I:onnxruntime:, graph.cc:4888 onnxruntime::Graph::CleanUnusedInitializersAndNodeArgs] Removing initializer 'onnx::Conv_624_quantized'. It is no longer used by any node.
2026-09-19 15:11:16.9820469 [I:onnxruntime:, graph.cc:4888 onnxruntime::Graph::CleanUnusedInitializersAndNodeArgs] Removing initializer 'onnx::Conv_626_zero_point'. It is no longer used by any node.
2026-09-19 15:11:16.9822200 [I:onnxruntime:, graph.cc:4888 onnxruntime::Graph::CleanUnusedInitializersAndNodeArgs] Removing initializer 'onnx::Conv_626_quantized'. It is no longer used by any node.
2026-09-19 15:11:16.9824352 [I:onnxruntime:, graph.cc:4888 onnxruntime::Graph::CleanUnusedInitializersAndNodeArgs] Removing initializer '/segment/S5_4/S5_4.3/conv1/relu/Relu_output_0_zero_point'. It is no longer used by any node.
2026-09-19 15:11:16.9825826 [I:onnxruntime:, graph.cc:4888 onnxruntime::Graph::CleanUnusedInitializersAndNodeArgs] Removing initializer 'onnx::Conv_627_quantized'. It is no longer used by any node.
2026-09-19 15:11:16.9826864 [I:onnxruntime:, graph.cc:4888 onnxruntime::Graph::CleanUnusedInitializersAndNodeArgs] Removing initializer 'onnx::Conv_630_zero_point'. It is no longer used by any node.
2026-09-19 15:11:16.9827883 [I:onnxruntime:, graph.cc:4888 onnxruntime::Graph::CleanUnusedInitializersAndNodeArgs] Removing initializer 'onnx::Conv_630_quantized'. It is no longer used by any node.
2026-09-19 15:11:16.9829288 [I:onnxruntime:, graph.cc:4888 onnxruntime::Graph::CleanUnusedInitializersAndNodeArgs] Removing initializer '/segment/S5_4/S5_4.2/conv1/relu/Relu_output_0_zero_point'. It is no longer used by any node.
2026-09-19 15:11:16.9830567 [I:onnxruntime:, graph.cc:4888 onnxruntime::Graph::CleanUnusedInitializersAndNodeArgs] Removing initializer '/segment/S5_4/S5_4.2/dwconv/dwconv.2/Relu_output_0_zero_point'. It is no longer used by any node.
2026-09-19 15:11:16.9831731 [I:onnxruntime:, graph.cc:4888 onnxruntime::Graph::CleanUnusedInitializersAndNodeArgs] Removing initializer 'onnx::Conv_635_zero_point'. It is no longer used by any node.
2026-09-19 15:11:16.9832990 [I:onnxruntime:, graph.cc:4888 onnxruntime::Graph::CleanUnusedInitializersAndNodeArgs] Removing initializer '/segment/S5_4/S5_4.2/relu/Relu_output_0_zero_point'. It is no longer used by any node.
2026-09-19 15:11:16.9834377 [I:onnxruntime:, graph.cc:4888 onnxruntime::Graph::CleanUnusedInitializersAndNodeArgs] Removing initializer 'onnx::Conv_638_zero_point'. It is no longer used by any node.
2026-09-19 15:11:16.9835521 [I:onnxruntime:, graph.cc:4888 onnxruntime::Graph::CleanUnusedInitializersAndNodeArgs] Removing initializer 'onnx::Conv_638_quantized'. It is no longer used by any node.
2026-09-19 15:11:16.9836722 [I:onnxruntime:, graph.cc:4888 onnxruntime::Graph::CleanUnusedInitializersAndNodeArgs] Removing initializer 'onnx::Conv_639_zero_point'. It is no longer used by any node.
2026-09-19 15:11:16.9838646 [I:onnxruntime:, graph.cc:4888 onnxruntime::Graph::CleanUnusedInitializersAndNodeArgs] Removing initializer 'onnx::Conv_639_quantized'. It is no longer used by any node.
2026-09-19 15:11:16.9840571 [I:onnxruntime:, graph.cc:4888 onnxruntime::Graph::CleanUnusedInitializersAndNodeArgs] Removing initializer 'onnx::Conv_641_zero_point'. It is no longer used by any node.
2026-09-19 15:11:16.9842381 [I:onnxruntime:, graph.cc:4888 onnxruntime::Graph::CleanUnusedInitializersAndNodeArgs] Removing initializer 'onnx::Conv_641_quantized'. It is no longer used by any node.
2026-09-19 15:11:16.9844240 [I:onnxruntime:, graph.cc:4888 onnxruntime::Graph::CleanUnusedInitializersAndNodeArgs] Removing initializer 'onnx::Conv_642_zero_point'. It is no longer used by any node.
2026-09-19 15:11:16.9846109 [I:onnxruntime:, graph.cc:4888 onnxruntime::Graph::CleanUnusedInitializersAndNodeArgs] Removing initializer 'onnx::Conv_642_quantized'. It is no longer used by any node.
2026-09-19 15:11:16.9917820 [I:onnxruntime:, graph.cc:4888 onnxruntime::Graph::CleanUnusedInitializersAndNodeArgs] Removing initializer '/segment/S5_4/S5_4.3/dwconv/dwconv.2/Relu_output_0_zero_point'. It is no longer used by any node.
2026-09-19 15:11:16.9920134 [I:onnxruntime:, graph.cc:4888 onnxruntime::Graph::CleanUnusedInitializersAndNodeArgs] Removing initializer '/segment/S5_4/S5_4.3/conv2/conv2.0/Conv_output_0_zero_point'. It is no longer used by any node.
2026-09-19 15:11:16.9922415 [I:onnxruntime:, graph.cc:4888 onnxruntime::Graph::CleanUnusedInitializersAndNodeArgs] Removing initializer 'onnx::Conv_644_quantized'. It is no longer used by any node.
2026-09-19 15:11:16.9924227 [I:onnxruntime:, graph.cc:4888 onnxruntime::Graph::CleanUnusedInitializersAndNodeArgs] Removing initializer 'onnx::Conv_645_zero_point'. It is no longer used by any node.
2026-09-19 15:11:16.9925970 [I:onnxruntime:, graph.cc:4888 onnxruntime::Graph::CleanUnusedInitializersAndNodeArgs] Removing initializer 'onnx::Conv_645_quantized'. It is no longer used by any node.
2026-09-19 15:11:16.9928270 [I:onnxruntime:, graph.cc:4888 onnxruntime::Graph::CleanUnusedInitializersAndNodeArgs] Removing initializer '/segment/S5_5/bn/BatchNormalization_output_0_zero_point'. It is no longer used by any node.
2026-09-19 15:11:16.9930707 [I:onnxruntime:, graph.cc:4888 onnxruntime::Graph::CleanUnusedInitializersAndNodeArgs] Removing initializer '/segment/S5_5/bn/BatchNormalization_output_0weights_zero_point'. It is no longer used by any node.
2026-09-19 15:11:16.9932723 [I:onnxruntime:, graph.cc:4888 onnxruntime::Graph::CleanUnusedInitializersAndNodeArgs] Removing initializer '/segment/S5_5/bn/BatchNormalization_output_0weights_quantized'. It is no longer used by any node.
2026-09-19 15:11:16.9934737 [I:onnxruntime:, graph.cc:4888 onnxruntime::Graph::CleanUnusedInitializersAndNodeArgs] Removing initializer 'onnx::Conv_662_quantized'. It is no longer used by any node.
2026-09-19 15:11:16.9936824 [I:onnxruntime:, graph.cc:4888 onnxruntime::Graph::CleanUnusedInitializersAndNodeArgs] Removing initializer 'onnx::Conv_651_zero_point'. It is no longer used by any node.
2026-09-19 15:11:16.9938945 [I:onnxruntime:, graph.cc:4888 onnxruntime::Graph::CleanUnusedInitializersAndNodeArgs] Removing initializer '/segment/S5_5/bn/BatchNormalization_output_0bias_zero_point'. It is no longer used by any node.
2026-09-19 15:11:16.9942099 [I:onnxruntime:, graph.cc:4888 onnxruntime::Graph::CleanUnusedInitializersAndNodeArgs] Removing initializer 'onnx::Conv_651_quantized'. It is no longer used by any node.
2026-09-19 15:11:16.9943972 [I:onnxruntime:, graph.cc:4888 onnxruntime::Graph::CleanUnusedInitializersAndNodeArgs] Removing initializer '/segment/S5_5/bn/BatchNormalization_output_0bias_quantized'. It is no longer used by any node.
2026-09-19 15:11:16.9945969 [I:onnxruntime:, graph.cc:4888 onnxruntime::Graph::CleanUnusedInitializersAndNodeArgs] Removing initializer 'onnx::Conv_650_quantized'. It is no longer used by any node.
2026-09-19 15:11:16.9948449 [I:onnxruntime:, graph.cc:4888 onnxruntime::Graph::CleanUnusedInitializersAndNodeArgs] Removing initializer 'onnx::Conv_647_zero_point'. It is no longer used by any node.
2026-09-19 15:11:16.9949477 [I:onnxruntime:, graph.cc:4888 onnxruntime::Graph::CleanUnusedInitializersAndNodeArgs] Removing initializer 'onnx::Conv_647_quantized'. It is no longer used by any node.
2026-09-19 15:11:16.9950514 [I:onnxruntime:, graph.cc:4888 onnxruntime::Graph::CleanUnusedInitializersAndNodeArgs] Removing initializer 'onnx::Conv_648_quantized'. It is no longer used by any node.
2026-09-19 15:11:16.9951632 [I:onnxruntime:, graph.cc:4888 onnxruntime::Graph::CleanUnusedInitializersAndNodeArgs] Removing initializer '/segment/S5_5/conv_gap/relu/Relu_output_0_zero_point'. It is no longer used by any node.
2026-09-19 15:11:16.9952806 [I:onnxruntime:, graph.cc:4888 onnxruntime::Graph::CleanUnusedInitializersAndNodeArgs] Removing initializer 'onnx::Conv_650_zero_point'. It is no longer used by any node.
2026-09-19 15:11:17.0112632 [I:onnxruntime:, graph.cc:4888 onnxruntime::Graph::CleanUnusedInitializersAndNodeArgs] Removing initializer 'onnx::Conv_659_quantized'. It is no longer used by any node.
2026-09-19 15:11:17.0114876 [I:onnxruntime:, graph.cc:4888 onnxruntime::Graph::CleanUnusedInitializersAndNodeArgs] Removing initializer 'onnx::Conv_660_zero_point'. It is no longer used by any node.
2026-09-19 15:11:17.0116769 [I:onnxruntime:, graph.cc:4888 onnxruntime::Graph::CleanUnusedInitializersAndNodeArgs] Removing initializer 'onnx::Conv_660_quantized'. It is no longer used by any node.
2026-09-19 15:11:17.0118487 [I:onnxruntime:, graph.cc:4888 onnxruntime::Graph::CleanUnusedInitializersAndNodeArgs] Removing initializer '/bga/right2/right2.2/Conv_output_0_zero_point'. It is no longer used by any node.
2026-09-19 15:11:17.0121375 [I:onnxruntime:, graph.cc:4888 onnxruntime::Graph::CleanUnusedInitializersAndNodeArgs] Removing initializer '/bga/Sigmoid_1_output_0_zero_point'. It is no longer used by any node.
2026-09-19 15:11:17.0123989 [I:onnxruntime:, graph.cc:4888 onnxruntime::Graph::CleanUnusedInitializersAndNodeArgs] Removing initializer 'onnx::Conv_669_zero_point'. It is no longer used by any node.
2026-09-19 15:11:17.0125373 [I:onnxruntime:, graph.cc:4888 onnxruntime::Graph::CleanUnusedInitializersAndNodeArgs] Removing initializer '/bga/Mul_output_0_zero_point'. It is no longer used by any node.
2026-09-19 15:11:17.0126488 [I:onnxruntime:, graph.cc:4888 onnxruntime::Graph::CleanUnusedInitializersAndNodeArgs] Removing initializer '/bga/Mul_1_output_0_zero_point'. It is no longer used by any node.
2026-09-19 15:11:17.0127596 [I:onnxruntime:, graph.cc:4888 onnxruntime::Graph::CleanUnusedInitializersAndNodeArgs] Removing initializer 'onnx::Conv_668_quantized'. It is no longer used by any node.
2026-09-19 15:11:17.0129951 [I:onnxruntime:, graph.cc:4888 onnxruntime::Graph::CleanUnusedInitializersAndNodeArgs] Removing initializer '/bga/Add_output_0_zero_point'. It is no longer used by any node.
2026-09-19 15:11:17.0131125 [I:onnxruntime:, graph.cc:4888 onnxruntime::Graph::CleanUnusedInitializersAndNodeArgs] Removing initializer 'onnx::Conv_666_zero_point'. It is no longer used by any node.
2026-09-19 15:11:17.0132111 [I:onnxruntime:, graph.cc:4888 onnxruntime::Graph::CleanUnusedInitializersAndNodeArgs] Removing initializer 'onnx::Conv_668_zero_point'. It is no longer used by any node.
2026-09-19 15:11:17.0133082 [I:onnxruntime:, graph.cc:4888 onnxruntime::Graph::CleanUnusedInitializersAndNodeArgs] Removing initializer 'onnx::Conv_669_quantized'. It is no longer used by any node.
2026-09-19 15:11:17.0134052 [I:onnxruntime:, graph.cc:4888 onnxruntime::Graph::CleanUnusedInitializersAndNodeArgs] Removing initializer '/head/conv/relu/Relu_output_0_zero_point'. It is no longer used by any node.
2026-09-19 15:11:17.0144348 [I:onnxruntime:, inference_session.cc:1465 onnxruntime::InferenceSession::TransformGraph] Running graph optimizations in loop 1 time/s (Graph Optimizations Loop Level : 1)
2026-09-19 15:11:17.0146512 [I:onnxruntime:, graph_transformer.cc:15 onnxruntime::GraphTransformer::Apply] GraphTransformer Level2_RuleBasedTransformer modified: 0 with status: OK
2026-09-19 15:11:17.0147816 [I:onnxruntime:, graph_transformer.cc:15 onnxruntime::GraphTransformer::Apply] GraphTransformer TransposeOptimizer_CPUExecutionProvider modified: 0 with status: OK
2026-09-19 15:11:17.0149013 [I:onnxruntime:, graph_transformer.cc:15 onnxruntime::GraphTransformer::Apply] GraphTransformer QDQS8ToU8Transformer modified: 0 with status: OK
2026-09-19 15:11:17.0150072 [I:onnxruntime:, graph_transformer.cc:15 onnxruntime::GraphTransformer::Apply] GraphTransformer QDQSelectorActionTransformer modified: 0 with status: OK
2026-09-19 15:11:17.0151150 [I:onnxruntime:, graph_transformer.cc:15 onnxruntime::GraphTransformer::Apply] GraphTransformer GemmActivationFusion modified: 0 with status: OK
2026-09-19 15:11:17.0272230 [I:onnxruntime:, graph_transformer.cc:15 onnxruntime::GraphTransformer::Apply] GraphTransformer MatMulIntegerToFloatFusion modified: 0 with status: OK
2026-09-19 15:11:17.0274227 [I:onnxruntime:, graph_transformer.cc:15 onnxruntime::GraphTransformer::Apply] GraphTransformer DynamicQuantizeMatMulFusion modified: 0 with status: OK
2026-09-19 15:11:17.0275921 [I:onnxruntime:, graph_transformer.cc:15 onnxruntime::GraphTransformer::Apply] GraphTransformer ConvActivationFusion modified: 0 with status: OK
2026-09-19 15:11:17.0277533 [I:onnxruntime:, graph_transformer.cc:15 onnxruntime::GraphTransformer::Apply] GraphTransformer GeluFusionL2 modified: 0 with status: OK
2026-09-19 15:11:17.0279004 [I:onnxruntime:, graph_transformer.cc:15 onnxruntime::GraphTransformer::Apply] GraphTransformer LayerNormFusionL2 modified: 0 with status: OK
2026-09-19 15:11:17.0280873 [I:onnxruntime:, graph_transformer.cc:15 onnxruntime::GraphTransformer::Apply] GraphTransformer SimplifiedLayerNormFusion modified: 0 with status: OK
2026-09-19 15:11:17.0282176 [I:onnxruntime:, graph_transformer.cc:15 onnxruntime::GraphTransformer::Apply] GraphTransformer AttentionFusion modified: 0 with status: OK
2026-09-19 15:11:17.0283077 [I:onnxruntime:, graph_transformer.cc:15 onnxruntime::GraphTransformer::Apply] GraphTransformer EmbedLayerNormFusion modified: 0 with status: OK
2026-09-19 15:11:17.0284018 [I:onnxruntime:, graph_transformer.cc:15 onnxruntime::GraphTransformer::Apply] GraphTransformer GatherSliceToSplitFusion modified: 0 with status: OK
2026-09-19 15:11:17.0285318 [I:onnxruntime:, graph_transformer.cc:15 onnxruntime::GraphTransformer::Apply] GraphTransformer GatherToSliceFusion modified: 0 with status: OK
2026-09-19 15:11:17.0286235 [I:onnxruntime:, graph_transformer.cc:15 onnxruntime::GraphTransformer::Apply] GraphTransformer MatmulTransposeFusion modified: 0 with status: OK
2026-09-19 15:11:17.0287136 [I:onnxruntime:, graph_transformer.cc:15 onnxruntime::GraphTransformer::Apply] GraphTransformer BiasGeluFusion modified: 0 with status: OK
2026-09-19 15:11:17.0288015 [I:onnxruntime:, graph_transformer.cc:15 onnxruntime::GraphTransformer::Apply] GraphTransformer GroupQueryAttentionFusion modified: 0 with status: OK
2026-09-19 15:11:17.0289673 [I:onnxruntime:, graph_transformer.cc:15 onnxruntime::GraphTransformer::Apply] GraphTransformer MatMulAddFusion modified: 0 with status: OK
2026-09-19 15:11:17.0290722 [I:onnxruntime:, graph_transformer.cc:15 onnxruntime::GraphTransformer::Apply] GraphTransformer SkipLayerNormFusion modified: 0 with status: OK
2026-09-19 15:11:17.0291723 [I:onnxruntime:, graph_transformer.cc:15 onnxruntime::GraphTransformer::Apply] GraphTransformer FastGeluFusion modified: 0 with status: OK
2026-09-19 15:11:17.0292713 [I:onnxruntime:, graph_transformer.cc:15 onnxruntime::GraphTransformer::Apply] GraphTransformer QuickGeluFusion modified: 0 with status: OK
2026-09-19 15:11:17.0294777 [I:onnxruntime:, graph_transformer.cc:15 onnxruntime::GraphTransformer::Apply] GraphTransformer BiasSoftmaxFusion modified: 0 with status: OK
2026-09-19 15:11:17.0296339 [I:onnxruntime:, graph_transformer.cc:15 onnxruntime::GraphTransformer::Apply] GraphTransformer BiasDropoutFusion modified: 0 with status: OK
2026-09-19 15:11:17.0297896 [I:onnxruntime:, graph_transformer.cc:15 onnxruntime::GraphTransformer::Apply] GraphTransformer MatMulScaleFusion modified: 0 with status: OK
2026-09-19 15:11:17.0299733 [I:onnxruntime:, graph_transformer.cc:15 onnxruntime::GraphTransformer::Apply] GraphTransformer MatMulActivationFusion modified: 0 with status: OK
2026-09-19 15:11:17.0301274 [I:onnxruntime:, graph_transformer.cc:15 onnxruntime::GraphTransformer::Apply] GraphTransformer MatMulNBitsFusion modified: 0 with status: OK
2026-09-19 15:11:17.0302779 [I:onnxruntime:, graph_transformer.cc:15 onnxruntime::GraphTransformer::Apply] GraphTransformer QDQFinalCleanupTransformer modified: 0 with status: OK
2026-09-19 15:11:17.0304367 [I:onnxruntime:, graph_transformer.cc:15 onnxruntime::GraphTransformer::Apply] GraphTransformer NchwcTransformer modified: 0 with status: OK
2026-09-19 15:11:17.0489315 [I:onnxruntime:, graph_transformer.cc:15 onnxruntime::GraphTransformer::Apply] GraphTransformer NhwcTransformer modified: 0 with status: OK
2026-09-19 15:11:17.0491272 [I:onnxruntime:, graph_transformer.cc:15 onnxruntime::GraphTransformer::Apply] GraphTransformer ConvAddActivationFusion modified: 0 with status: OK
2026-09-19 15:11:17.0493005 [I:onnxruntime:, graph_transformer.cc:15 onnxruntime::GraphTransformer::Apply] GraphTransformer RemoveDuplicateCastTransformer modified: 0 with status: OK
2026-09-19 15:11:17.0494667 [I:onnxruntime:, graph_transformer.cc:15 onnxruntime::GraphTransformer::Apply] GraphTransformer CastFloat16Transformer modified: 0 with status: OK
2026-09-19 15:11:17.0496648 [I:onnxruntime:, graph_transformer.cc:15 onnxruntime::GraphTransformer::Apply] GraphTransformer FuseFp16InitializerToFp32NodeTransformer modified: 0 with status: OK
2026-09-19 15:11:17.0498049 [I:onnxruntime:, graph_transformer.cc:15 onnxruntime::GraphTransformer::Apply] GraphTransformer MemcpyTransformer modified: 0 with status: OK
2026-09-19 15:11:17.0499571 [I:onnxruntime:, allocation_planner.cc:2659 onnxruntime::IGraphPartitioner::CreateGraphPartitioner] Use DeviceBasedPartition as default
2026-09-19 15:11:17.0500756 [I:onnxruntime:, session_state_utils.cc:243 onnxruntime::session_state_utils::SaveInitializedTensors] Saving initialized tensors.
2026-09-19 15:11:17.0501922 [I:onnxruntime:, session_state_utils.cc:438 onnxruntime::session_state_utils::SaveInitializedTensors] Done saving initialized tensors
2026-09-19 15:11:17.2362700 [I:onnxruntime:, inference_session.cc:2532 onnxruntime::InferenceSession::Initialize] Session successfully initialized.
AMD_REPORT {"path": "bisenetv2cachekey/vitisai_ep_report.json", "sha256": "d579c499436698cc3770ccba6671f3ba663bf50c8c245245838f4ea628aa0e0a", "report": {"deviceStat": [{"name": "all", "nodeNum": 404, "supportedOpType": ["::Add", "::AveragePool", "::Concat", "::Conv", "::DequantizeLinear", "::GlobalAveragePool", "::HardSigmoid", "::MaxPool", "::Mul", "::QuantizeLinear", "::Relu", "::Resize"]}, {"name": "NPU", "nodeNum": 402, "supportedOpType": ["::Add", "::AveragePool", "::Concat", "::Conv", "::DequantizeLinear", "::GlobalAveragePool", "::HardSigmoid", "::MaxPool", "::Mul", "::QuantizeLinear", "::Relu", "::Resize"]}, {"name": "VITIS_EP_CPU", "nodeNum": 2, "supportedOpType": ["::DequantizeLinear", "::QuantizeLinear"]}], "nodeStat": [{"output": ["image_QuantizeLinear_Output"], "input": ["image", "image_scale", "image_zero_point"], "opType": "QuantizeLinear", "comment": "@6 [image_QuantizeLinear_Output:(ty=2,shape=[1,3,512,512])] QuantizeLinear [image:(ty=1,shape=[1,3,512,512]),image_scale:(ty=1,shape=[]),image_zero_point:(ty=2,shape=[])]", "device": "CPU"}, {"output": ["image_DequantizeLinear_Output/duplicated"], "input": ["image_QuantizeLinear_Output", "image_scale", "image_zero_point"], "opType": "DequantizeLinear", "comment": "@392 [image_DequantizeLinear_Output/duplicated:(ty=1,shape=[1,3,512,512])] DequantizeLinear [image_QuantizeLinear_Output:(ty=2,shape=[1,3,512,512]),image_scale:(ty=1,shape=[]),image_zero_point:(ty=2,shape=[])]", "device": "NPU"}, {"output": ["onnx::Conv_537_DequantizeLinear_Output"], "input": ["onnx::Conv_537_quantized", "/bga/Mul_output_0_scale", "onnx::Conv_537_zero_point"], "opType": "DequantizeLinear", "comment": "@24 [onnx::Conv_537_DequantizeLinear_Output:(ty=1,shape=[16])] DequantizeLinear [onnx::Conv_537_quantized:(ty=3,shape=[16]),/bga/Mul_output_0_scale:(ty=1,shape=[]),onnx::Conv_537_zero_point:(ty=3,shape=[])]", "device": "NPU"}, {"output": ["onnx::Conv_536_DequantizeLinear_Output"], "input": ["onnx::Conv_536_quantized", "onnx::Conv_645_scale", "onnx::Conv_536_zero_point"], "opType": "DequantizeLinear", "comment": "@23 [onnx::Conv_536_DequantizeLinear_Output:(ty=1,shape=[16,3,3,3])] DequantizeLinear [onnx::Conv_536_quantized:(ty=3,shape=[16,3,3,3]),onnx::Conv_645_scale:(ty=1,shape=[]),onnx::Conv_536_zero_point:(ty=3,shape=[])]", "device": "NPU"}, {"output": ["/segment/S1S2/conv/conv/Conv_output_0"], "input": ["image_DequantizeLinear_Output/duplicated", "onnx::Conv_536_DequantizeLinear_Output", "onnx::Conv_537_DequantizeLinear_Output"], "opType": "Conv", "comment": "@115 [/segment/S1S2/conv/conv/Conv_output_0:(ty=1,shape=[1,16,256,256])] Conv [image_DequantizeLinear_Output/duplicated:(ty=1,shape=[1,3,512,512]),onnx::Conv_536_DequantizeLinear_Output:(ty=1,shape=[16,3,3,3]),onnx::Conv_537_DequantizeLinear_Output:(ty=1,shape=[16])]", "device": "NPU"}, {"output": ["/segment/S1S2/conv/relu/Relu_output_0"], "input": ["/segment/S1S2/conv/conv/Conv_output_0"], "opType": "Relu", "comment": "@117 [/segment/S1S2/conv/relu/Relu_output_0:(ty=1,shape=[1,16,256,256])] Relu [/segment/S1S2/conv/conv/Conv_output_0:(ty=1,shape=[1,16,256,256])]", "device": "NPU"}, {"output": ["/segment/S1S2/conv/relu/Relu_output_0_QuantizeLinear_Output"], "input": ["/segment/S1S2/conv/relu/Relu_output_0", "/segment/S3/S3.0/shortcut/shortcut.0/Conv_output_0_scale", "/segment/S1S2/conv/relu/Relu_output_0_zero_point"], "opType": "QuantizeLinear", "comment": "@119 [/segment/S1S2/conv/relu/Relu_output_0_QuantizeLinear_Output:(ty=2,shape=[1,16,256,256])] QuantizeLinear [/segment/S1S2/conv/relu/Relu_output_0:(ty=1,shape=[1,16,256,256]),/segment/S3/S3.0/shortcut/shortcut.0/Conv_output_0_scale:(ty=1,shape=[]),/segment/S1S2/conv/relu/Relu_output_0_zero_point:(ty=2,shape=[])]", "device": "NPU"}, {"output": ["/segment/S1S2/conv/relu/Relu_output_0_DequantizeLinear_Output"], "input": ["/segment/S1S2/conv/relu/Relu_output_0_QuantizeLinear_Output", "/segment/S3/S3.0/shortcut/shortcut.0/Conv_output_0_scale", "/segment/S1S2/conv/relu/Relu_output_0_zero_point"], "opType": "DequantizeLinear", "comment": "@121 [/segment/S1S2/conv/relu/Relu_output_0_DequantizeLinear_Output:(ty=1,shape=[1,16,256,256])] DequantizeLinear [/segment/S1S2/conv/relu/Relu_output_0_QuantizeLinear_Output:(ty=2,shape=[1,16,256,256]),/segment/S3/S3.0/shortcut/shortcut.0/Conv_output_0_scale:(ty=1,shape=[]),/segment/S1S2/conv/relu/Relu_output_0_zero_point:(ty=2,shape=[])]", "device": "NPU"}, {"output": ["onnx::Conv_540_DequantizeLinear_Output"], "input": ["onnx::Conv_540_quantized", "/bga/Mul_output_0_scale", "onnx::Conv_540_zero_point"], "opType": "DequantizeLinear", "comment": "@26 [onnx::Conv_540_DequantizeLinear_Output:(ty=1,shape=[8])] DequantizeLinear [onnx::Conv_540_quantized:(ty=3,shape=[8]),/bga/Mul_output_0_scale:(ty=1,shape=[]),onnx::Conv_540_zero_point:(ty=3,shape=[])]", "device": "NPU"}, {"output": ["onnx::Conv_539_DequantizeLinear_Output"], "input": ["onnx::Conv_539_quantized", "onnx::Conv_581_scale", "onnx::Conv_539_zero_point"], "opType": "DequantizeLinear", "comment": "@25 [onnx::Conv_539_DequantizeLinear_Output:(ty=1,shape=[8,16,1,1])] DequantizeLinear [onnx::Conv_539_quantized:(ty=3,shape=[8,16,1,1]),onnx::Conv_581_scale:(ty=1,shape=[]),onnx::Conv_539_zero_point:(ty=3,shape=[])]", "device": "NPU"}, {"output": ["/segment/S1S2/left/left.0/conv/Conv_output_0"], "input": ["/segment/S1S2/conv/relu/Relu_output_0_DequantizeLinear_Output", "onnx::Conv_539_DequantizeLinear_Output", "onnx::Conv_540_DequantizeLinear_Output"], "opType": "Conv", "comment": "@123 [/segment/S1S2/left/left.0/conv/Conv_output_0:(ty=1,shape=[1,8,256,256])] Conv [/segment/S1S2/conv/relu/Relu_output_0_DequantizeLinear_Output:(ty=1,shape=[1,16,256,256]),onnx::Conv_539_DequantizeLinear_Output:(ty=1,shape=[8,16,1,1]),onnx::Conv_540_DequantizeLinear_Output:(ty=1,shape=[8])]", "device": "NPU"}, {"output": ["/segment/S1S2/left/left.0/relu/Relu_output_0"], "input": ["/segment/S1S2/left/left.0/conv/Conv_output_0"], "opType": "Relu", "comment": "@126 [/segment/S1S2/left/left.0/relu/Relu_output_0:(ty=1,shape=[1,8,256,256])] Relu [/segment/S1S2/left/left.0/conv/Conv_output_0:(ty=1,shape=[1,8,256,256])]", "device": "NPU"}, {"output": ["/segment/S1S2/left/left.0/relu/Relu_output_0_QuantizeLinear_Output"], "input": ["/segment/S1S2/left/left.0/relu/Relu_output_0", "/segment/S1S2/left/left.0/relu/Relu_output_0_scale", "/segment/S1S2/left/left.0/relu/Relu_output_0_zero_point"], "opType": "QuantizeLinear", "comment": "@129 [/segment/S1S2/left/left.0/relu/Relu_output_0_QuantizeLinear_Output:(ty=2,shape=[1,8,256,256])] QuantizeLinear [/segment/S1S2/left/left.0/relu/Relu_output_0:(ty=1,shape=[1,8,256,256]),/segment/S1S2/left/left.0/relu/Relu_output_0_scale:(ty=1,shape=[]),/segment/S1S2/left/left.0/relu/Relu_output_0_zero_point:(ty=2,shape=[])]", "device": "NPU"}, {"output": ["/segment/S1S2/left/left.0/relu/Relu_output_0_DequantizeLinear_Output"], "input": ["/segment/S1S2/left/left.0/relu/Relu_output_0_QuantizeLinear_Output", "/segment/S1S2/left/left.0/relu/Relu_output_0_scale", "/segment/S1S2/left/left.0/relu/Relu_output_0_zero_point"], "opType": "DequantizeLinear", "comment": "@132 [/segment/S1S2/left/left.0/relu/Relu_output_0_DequantizeLinear_Output:(ty=1,shape=[1,8,256,256])] DequantizeLinear [/segment/S1S2/left/left.0/relu/Relu_output_0_QuantizeLinear_Output:(ty=2,shape=[1,8,256,256]),/segment/S1S2/left/left.0/relu/Relu_output_0_scale:(ty=1,shape=[]),/segment/S1S2/left/left.0/relu/Relu_output_0_zero_point:(ty=2,shape=[])]", "device": "NPU"}, {"output": ["onnx::Conv_543_DequantizeLinear_Output"], "input": ["onnx::Conv_543_quantized", "onnx::Conv_645_scale", "onnx::Conv_543_zero_point"], "opType": "DequantizeLinear", "comment": "@28 [onnx::Conv_543_DequantizeLinear_Output:(ty=1,shape=[16])] DequantizeLinear [onnx::Conv_543_quantized:(ty=3,shape=[16]),onnx::Conv_645_scale:(ty=1,shape=[]),onnx::Conv_543_zero_point:(ty=3,shape=[])]", "device": "NPU"}, {"output": ["onnx::Conv_542_DequantizeLinear_Output"], "input": ["onnx::Conv_542_quantized", "image_scale", "onnx::Conv_542_zero_point"], "opType": "DequantizeLinear", "comment": "@27 [onnx::Conv_542_DequantizeLinear_Output:(ty=1,shape=[16,8,3,3])] DequantizeLinear [onnx::Conv_542_quantized:(ty=3,shape=[16,8,3,3]),image_scale:(ty=1,shape=[]),onnx::Conv_542_zero_point:(ty=3,shape=[])]", "device": "NPU"}, {"output": ["/segment/S1S2/left/left.1/conv/Conv_output_0"], "input": ["/segment/S1S2/left/left.0/relu/Relu_output_0_DequantizeLinear_Output", "onnx::Conv_542_DequantizeLinear_Output", "onnx::Conv_543_DequantizeLinear_Output"], "opType": "Conv", "comment": "@134 [/segment/S1S2/left/left.1/conv/Conv_output_0:(ty=1,shape=[1,16,128,128])] Conv [/segment/S1S2/left/left.0/relu/Relu_output_0_DequantizeLinear_Output:(ty=1,shape=[1,8,256,256]),onnx::Conv_542_DequantizeLinear_Output:(ty=1,shape=[16,8,3,3]),onnx::Conv_543_DequantizeLinear_Output:(ty=1,shape=[16])]", "device": "NPU"}, {"output": ["/segment/S1S2/left/left.1/relu/Relu_output_0"], "input": ["/segment/S1S2/left/left.1/conv/Conv_output_0"], "opType": "Relu", "comment": "@136 [/segment/S1S2/left/left.1/relu/Relu_output_0:(ty=1,shape=[1,16,128,128])] Relu [/segment/S1S2/left/left.1/conv/Conv_output_0:(ty=1,shape=[1,16,128,128])]", "device": "NPU"}, {"output": ["/segment/S1S2/left/left.1/relu/Relu_output_0_QuantizeLinear_Output"], "input": ["/segment/S1S2/left/left.1/relu/Relu_output_0", "/segment/S3/S3.0/shortcut/shortcut.0/Conv_output_0_scale", "/segment/S1S2/left/left.1/relu/Relu_output_0_zero_point"], "opType": "QuantizeLinear", "comment": "@138 [/segment/S1S2/left/left.1/relu/Relu_output_0_QuantizeLinear_Output:(ty=2,shape=[1,16,128,128])] QuantizeLinear [/segment/S1S2/left/left.1/relu/Relu_output_0:(ty=1,shape=[1,16,128,128]),/segment/S3/S3.0/shortcut/shortcut.0/Conv_output_0_scale:(ty=1,shape=[]),/segment/S1S2/left/left.1/relu/Relu_output_0_zero_point:(ty=2,shape=[])]", "device": "NPU"}, {"output": ["/segment/S1S2/left/left.1/relu/Relu_output_0_DequantizeLinear_Output"], "input": ["/segment/S1S2/left/left.1/relu/Relu_output_0_QuantizeLinear_Output", "/segment/S3/S3.0/shortcut/shortcut.0/Conv_output_0_scale", "/segment/S1S2/left/left.1/relu/Relu_output_0_zero_point"], "opType": "DequantizeLinear", "comment": "@140 [/segment/S1S2/left/left.1/relu/Relu_output_0_DequantizeLinear_Output:(ty=1,shape=[1,16,128,128])] DequantizeLinear [/segment/S1S2/left/left.1/relu/Relu_output_0_QuantizeLinear_Output:(ty=2,shape=[1,16,128,128]),/segment/S3/S3.0/shortcut/shortcut.0/Conv_output_0_scale:(ty=1,shape=[]),/segment/S1S2/left/left.1/relu/Relu_output_0_zero_point:(ty=2,shape=[])]", "device": "NPU"}, {"output": ["/segment/S1S2/conv/relu/Relu_output_0_DequantizeLinear_Output/duplicated"], "input": ["/segment/S1S2/conv/relu/Relu_output_0_QuantizeLinear_Output", "/segment/S3/S3.0/shortcut/shortcut.0/Conv_output_0_scale", "/segment/S1S2/conv/relu/Relu_output_0_zero_point"], "opType": "DequantizeLinear", "comment": "@393 [/segment/S1S2/conv/relu/Relu_output_0_DequantizeLinear_Output/duplicated:(ty=1,shape=[1,16,256,256])] DequantizeLinear [/segment/S1S2/conv/relu/Relu_output_0_QuantizeLinear_Output:(ty=2,shape=[1,16,256,256]),/segment/S3/S3.0/shortcut/shortcut.0/Conv_output_0_scale:(ty=1,shape=[]),/segment/S1S2/conv/relu/Relu_output_0_zero_point:(ty=2,shape=[])]", "device": "NPU"}, {"output": ["/segment/S1S2/right/MaxPool_output_0"], "input": ["/segment/S1S2/conv/relu/Relu_output_0_DequantizeLinear_Output/duplicated"], "opType": "MaxPool", "comment": "@124 [/segment/S1S2/right/MaxPool_output_0:(ty=1,shape=[1,16,128,128])] MaxPool [/segment/S1S2/conv/relu/Relu_output_0_DequantizeLinear_Output/duplicated:(ty=1,shape=[1,16,256,256])]", "device": "NPU"}, {"output": ["/segment/S1S2/right/MaxPool_output_0_QuantizeLinear_Output"], "input": ["/segment/S1S2/right/MaxPool_output_0", "/segment/S3/S3.0/shortcut/shortcut.0/Conv_output_0_scale", "/segment/S1S2/conv/relu/Relu_output_0_zero_point"], "opType": "QuantizeLinear", "comment": "@127 [/segment/S1S2/right/MaxPool_output_0_QuantizeLinear_Output:(ty=2,shape=[1,16,128,128])] QuantizeLinear [/segment/S1S2/right/MaxPool_output_0:(ty=1,shape=[1,16,128,128]),/segment/S3/S3.0/shortcut/shortcut.0/Conv_output_0_scale:(ty=1,shape=[]),/segment/S1S2/conv/relu/Relu_output_0_zero_point:(ty=2,shape=[])]", "device": "NPU"}, {"output": ["/segment/S1S2/right/MaxPool_output_0_DequantizeLinear_Output"], "input": ["/segment/S1S2/right/MaxPool_output_0_QuantizeLinear_Output", "/segment/S3/S3.0/shortcut/shortcut.0/Conv_output_0_scale", "/segment/S1S2/conv/relu/Relu_output_0_zero_point"], "opType": "DequantizeLinear", "comment": "@130 [/segment/S1S2/right/MaxPool_output_0_DequantizeLinear_Output:(ty=1,shape=[1,16,128,128])] DequantizeLinear [/segment/S1S2/right/MaxPool_output_0_QuantizeLinear_Output:(ty=2,shape=[1,16,128,128]),/segment/S3/S3.0/shortcut/shortcut.0/Conv_output_0_scale:(ty=1,shape=[]),/segment/S1S2/conv/relu/Relu_output_0_zero_point:(ty=2,shape=[])]", "device": "NPU"}, {"output": ["/segment/S1S2/Concat_output_0"], "input": ["/segment/S1S2/left/left.1/relu/Relu_output_0_DequantizeLinear_Output", "/segment/S1S2/right/MaxPool_output_0_DequantizeLinear_Output"], "opType": "Concat", "comment": "@142 [/segment/S1S2/Concat_output_0:(ty=1,shape=[1,32,128,128])] Concat [/segment/S1S2/left/left.1/relu/Relu_output_0_DequantizeLinear_Output:(ty=1,shape=[1,16,128,128]),/segment/S1S2/right/MaxPool_output_0_DequantizeLinear_Output:(ty=1,shape=[1,16,128,128])]", "device": "NPU"}, {"output": ["/segment/S1S2/Concat_output_0_QuantizeLinear_Output"], "input": ["/segment/S1S2/Concat_output_0", "/segment/S3/S3.0/shortcut/shortcut.0/Conv_output_0_scale", "/segment/S1S2/Concat_output_0_zero_point"], "opType": "QuantizeLinear", "comment": "@144 [/segment/S1S2/Concat_output_0_QuantizeLinear_Output:(ty=2,shape=[1,32,128,128])] QuantizeLinear [/segment/S1S2/Concat_output_0:(ty=1,shape=[1,32,128,128]),/segment/S3/S3.0/shortcut/shortcut.0/Conv_output_0_scale:(ty=1,shape=[]),/segment/S1S2/Concat_output_0_zero_point:(ty=2,shape=[])]", "device": "NPU"}, {"output": ["/segment/S1S2/Concat_output_0_DequantizeLinear_Output"], "input": ["/segment/S1S2/Concat_output_0_QuantizeLinear_Output", "/segment/S3/S3.0/shortcut/shortcut.0/Conv_output_0_scale", "/segment/S1S2/Concat_output_0_zero_point"], "opType": "DequantizeLinear", "comment": "@146 [/segment/S1S2/Concat_output_0_DequantizeLinear_Output:(ty=1,shape=[1,32,128,128])] DequantizeLinear [/segment/S1S2/Concat_output_0_QuantizeLinear_Output:(ty=2,shape=[1,32,128,128]),/segment/S3/S3.0/shortcut/shortcut.0/Conv_output_0_scale:(ty=1,shape=[]),/segment/S1S2/Concat_output_0_zero_point:(ty=2,shape=[])]", "device": "NPU"}, {"output": ["onnx::Conv_546_DequantizeLinear_Output"], "input": ["onnx::Conv_546_quantized", "/segment/S1S2/left/left.0/relu/Relu_output_0_scale", "onnx::Conv_546_zero_point"], "opType": "DequantizeLinear", "comment": "@30 [onnx::Conv_546_DequantizeLinear_Output:(ty=1,shape=[16])] DequantizeLinear [onnx::Conv_546_quantized:(ty=3,shape=[16]),/segment/S1S2/left/left.0/relu/Relu_output_0_scale:(ty=1,shape=[]),onnx::Conv_546_zero_point:(ty=3,shape=[])]", "device": "NPU"}, {"output": ["onnx::Conv_545_DequantizeLinear_Output"], "input": ["onnx::Conv_545_quantized", "bga.right2.2.weight_scale", "onnx::Conv_545_zero_point"], "opType": "DequantizeLinear", "comment": "@29 [onnx::Conv_545_DequantizeLinear_Output:(ty=1,shape=[16,32,3,3])] DequantizeLinear [onnx::Conv_545_quantized:(ty=3,shape=[16,32,3,3]),bga.right2.2.weight_scale:(ty=1,shape=[]),onnx::Conv_545_zero_point:(ty=3,shape=[])]", "device": "NPU"}, {"output": ["/segment/S1S2/fuse/conv/Conv_output_0"], "input": ["/segment/S1S2/Concat_output_0_DequantizeLinear_Output", "onnx::Conv_545_DequantizeLinear_Output", "onnx::Conv_546_DequantizeLinear_Output"], "opType": "Conv", "comment": "@148 [/segment/S1S2/fuse/conv/Conv_output_0:(ty=1,shape=[1,16,128,128])] Conv [/segment/S1S2/Concat_output_0_DequantizeLinear_Output:(ty=1,shape=[1,32,128,128]),onnx::Conv_545_DequantizeLinear_Output:(ty=1,shape=[16,32,3,3]),onnx::Conv_546_DequantizeLinear_Output:(ty=1,shape=[16])]", "device": "NPU"}, {"output": ["/segment/S1S2/fuse/relu/Relu_output_0"], "input": ["/segment/S1S2/fuse/conv/Conv_output_0"], "opType": "Relu", "comment": "@150 [/segment/S1S2/fuse/relu/Relu_output_0:(ty=1,shape=[1,16,128,128])] Relu [/segment/S1S2/fuse/conv/Conv_output_0:(ty=1,shape=[1,16,128,128])]", "device": "NPU"}, {"output": ["/segment/S1S2/fuse/relu/Relu_output_0_QuantizeLinear_Output"], "input": ["/segment/S1S2/fuse/relu/Relu_output_0", "/detail/S2/S2.0/relu/Relu_output_0_scale", "/segment/S1S2/fuse/relu/Relu_output_0_zero_point"], "opType": "QuantizeLinear", "comment": "@152 [/segment/S1S2/fuse/relu/Relu_output_0_QuantizeLinear_Output:(ty=2,shape=[1,16,128,128])] QuantizeLinear [/segment/S1S2/fuse/relu/Relu_output_0:(ty=1,shape=[1,16,128,128]),/detail/S2/S2.0/relu/Relu_output_0_scale:(ty=1,shape=[]),/segment/S1S2/fuse/relu/Relu_output_0_zero_point:(ty=2,shape=[])]", "device": "NPU"}, {"output": ["/segment/S1S2/fuse/relu/Relu_output_0_DequantizeLinear_Output"], "input": ["/segment/S1S2/fuse/relu/Relu_output_0_QuantizeLinear_Output", "/detail/S2/S2.0/relu/Relu_output_0_scale", "/segment/S1S2/fuse/relu/Relu_output_0_zero_point"], "opType": "DequantizeLinear", "comment": "@154 [/segment/S1S2/fuse/relu/Relu_output_0_DequantizeLinear_Output:(ty=1,shape=[1,16,128,128])] DequantizeLinear [/segment/S1S2/fuse/relu/Relu_output_0_QuantizeLinear_Output:(ty=2,shape=[1,16,128,128]),/detail/S2/S2.0/relu/Relu_output_0_scale:(ty=1,shape=[]),/segment/S1S2/fuse/relu/Relu_output_0_zero_point:(ty=2,shape=[])]", "device": "NPU"}, {"output": ["onnx::Conv_549_DequantizeLinear_Output"], "input": ["onnx::Conv_549_quantized", "/bga/Mul_output_0_scale", "onnx::Conv_549_zero_point"], "opType": "DequantizeLinear", "comment": "@32 [onnx::Conv_549_DequantizeLinear_Output:(ty=1,shape=[16])] DequantizeLinear [onnx::Conv_549_quantized:(ty=3,shape=[16]),/bga/Mul_output_0_scale:(ty=1,shape=[]),onnx::Conv_549_zero_point:(ty=3,shape=[])]", "device": "NPU"}, {"output": ["onnx::Conv_548_DequantizeLinear_Output"], "input": ["onnx::Conv_548_quantized", "bga.right2.2.weight_scale", "onnx::Conv_548_zero_point"], "opType": "DequantizeLinear", "comment": "@31 [onnx::Conv_548_DequantizeLinear_Output:(ty=1,shape=[16,16,3,3])] DequantizeLinear [onnx::Conv_548_quantized:(ty=3,shape=[16,16,3,3]),bga.right2.2.weight_scale:(ty=1,shape=[]),onnx::Conv_548_zero_point:(ty=3,shape=[])]", "device": "NPU"}, {"output": ["/segment/S3/S3.0/conv1/conv/Conv_output_0"], "input": ["/segment/S1S2/fuse/relu/Relu_output_0_DequantizeLinear_Output", "onnx::Conv_548_DequantizeLinear_Output", "onnx::Conv_549_DequantizeLinear_Output"], "opType": "Conv", "comment": "@156 [/segment/S3/S3.0/conv1/conv/Conv_output_0:(ty=1,shape=[1,16,128,128])] Conv [/segment/S1S2/fuse/relu/Relu_output_0_DequantizeLinear_Output:(ty=1,shape=[1,16,128,128]),onnx::Conv_548_DequantizeLinear_Output:(ty=1,shape=[16,16,3,3]),onnx::Conv_549_DequantizeLinear_Output:(ty=1,shape=[16])]", "device": "NPU"}, {"output": ["/segment/S3/S3.0/conv1/relu/Relu_output_0"], "input": ["/segment/S3/S3.0/conv1/conv/Conv_output_0"], "opType": "Relu", "comment": "@159 [/segment/S3/S3.0/conv1/relu/Relu_output_0:(ty=1,shape=[1,16,128,128])] Relu [/segment/S3/S3.0/conv1/conv/Conv_output_0:(ty=1,shape=[1,16,128,128])]", "device": "NPU"}, {"output": ["/segment/S3/S3.0/conv1/relu/Relu_output_0_QuantizeLinear_Output"], "input": ["/segment/S3/S3.0/conv1/relu/Relu_output_0", "/segment/S1S2/left/left.0/relu/Relu_output_0_scale", "/segment/S3/S3.0/conv1/relu/Relu_output_0_zero_point"], "opType": "QuantizeLinear", "comment": "@162 [/segment/S3/S3.0/conv1/relu/Relu_output_0_QuantizeLinear_Output:(ty=2,shape=[1,16,128,128])] QuantizeLinear [/segment/S3/S3.0/conv1/relu/Relu_output_0:(ty=1,shape=[1,16,128,128]),/segment/S1S2/left/left.0/relu/Relu_output_0_scale:(ty=1,shape=[]),/segment/S3/S3.0/conv1/relu/Relu_output_0_zero_point:(ty=2,shape=[])]", "device": "NPU"}, {"output": ["/segment/S3/S3.0/conv1/relu/Relu_output_0_DequantizeLinear_Output"], "input": ["/segment/S3/S3.0/conv1/relu/Relu_output_0_QuantizeLinear_Output", "/segment/S1S2/left/left.0/relu/Relu_output_0_scale", "/segment/S3/S3.0/conv1/relu/Relu_output_0_zero_point"], "opType": "DequantizeLinear", "comment": "@165 [/segment/S3/S3.0/conv1/relu/Relu_output_0_DequantizeLinear_Output:(ty=1,shape=[1,16,128,128])] DequantizeLinear [/segment/S3/S3.0/conv1/relu/Relu_output_0_QuantizeLinear_Output:(ty=2,shape=[1,16,128,128]),/segment/S1S2/left/left.0/relu/Relu_output_0_scale:(ty=1,shape=[]),/segment/S3/S3.0/conv1/relu/Relu_output_0_zero_point:(ty=2,shape=[])]", "device": "NPU"}, {"output": ["onnx::Conv_552_DequantizeLinear_Output"], "input": ["onnx::Conv_552_quantized", "/bga/Mul_output_0_scale", "onnx::Conv_552_zero_point"], "opType": "DequantizeLinear", "comment": "@34 [onnx::Conv_552_DequantizeLinear_Output:(ty=1,shape=[96])] DequantizeLinear [onnx::Conv_552_quantized:(ty=3,shape=[96]),/bga/Mul_output_0_scale:(ty=1,shape=[]),onnx::Conv_552_zero_point:(ty=3,shape=[])]", "device": "NPU"}, {"output": ["onnx::Conv_551_DequantizeLinear_Output"], "input": ["onnx::Conv_551_quantized", "onnx::Conv_581_scale", "onnx::Conv_551_zero_point"], "opType": "DequantizeLinear", "comment": "@33 [onnx::Conv_551_DequantizeLinear_Output:(ty=1,shape=[96,1,3,3])] DequantizeLinear [onnx::Conv_551_quantized:(ty=3,shape=[96,1,3,3]),onnx::Conv_581_scale:(ty=1,shape=[]),onnx::Conv_551_zero_point:(ty=3,shape=[])]", "device": "NPU"}, {"output": ["/segment/S3/S3.0/dwconv1/dwconv1.0/Conv_output_0"], "input": ["/segment/S3/S3.0/conv1/relu/Relu_output_0_DequantizeLinear_Output", "onnx::Conv_551_DequantizeLinear_Output", "onnx::Conv_552_DequantizeLinear_Output"], "opType": "Conv", "comment": "@168 [/segment/S3/S3.0/dwconv1/dwconv1.0/Conv_output_0:(ty=1,shape=[1,96,64,64])] Conv [/segment/S3/S3.0/conv1/relu/Relu_output_0_DequantizeLinear_Output:(ty=1,shape=[1,16,128,128]),onnx::Conv_551_DequantizeLinear_Output:(ty=1,shape=[96,1,3,3]),onnx::Conv_552_DequantizeLinear_Output:(ty=1,shape=[96])]", "device": "NPU"}, {"output": ["/segment/S3/S3.0/dwconv1/dwconv1.0/Conv_output_0_QuantizeLinear_Output"], "input": ["/segment/S3/S3.0/dwconv1/dwconv1.0/Conv_output_0", "onnx::Conv_645_scale", "/segment/S3/S3.0/dwconv1/dwconv1.0/Conv_output_0_zero_point"], "opType": "QuantizeLinear", "comment": "@171 [/segment/S3/S3.0/dwconv1/dwconv1.0/Conv_output_0_QuantizeLinear_Output:(ty=2,shape=[1,96,64,64])] QuantizeLinear [/segment/S3/S3.0/dwconv1/dwconv1.0/Conv_output_0:(ty=1,shape=[1,96,64,64]),onnx::Conv_645_scale:(ty=1,shape=[]),/segment/S3/S3.0/dwconv1/dwconv1.0/Conv_output_0_zero_point:(ty=2,shape=[])]", "device": "NPU"}, {"output": ["/segment/S3/S3.0/dwconv1/dwconv1.0/Conv_output_0_DequantizeLinear_Output"], "input": ["/segment/S3/S3.0/dwconv1/dwconv1.0/Conv_output_0_QuantizeLinear_Output", "onnx::Conv_645_scale", "/segment/S3/S3.0/dwconv1/dwconv1.0/Conv_output_0_zero_point"], "opType": "DequantizeLinear", "comment": "@174 [/segment/S3/S3.0/dwconv1/dwconv1.0/Conv_output_0_DequantizeLinear_Output:(ty=1,shape=[1,96,64,64])] DequantizeLinear [/segment/S3/S3.0/dwconv1/dwconv1.0/Conv_output_0_QuantizeLinear_Output:(ty=2,shape=[1,96,64,64]),onnx::Conv_645_scale:(ty=1,shape=[]),/segment/S3/S3.0/dwconv1/dwconv1.0/Conv_output_0_zero_point:(ty=2,shape=[])]", "device": "NPU"}, {"output": ["onnx::Conv_555_DequantizeLinear_Output"], "input": ["onnx::Conv_555_quantized", "/bga/Mul_output_0_scale", "onnx::Conv_555_zero_point"], "opType": "DequantizeLinear", "comment": "@36 [onnx::Conv_555_DequantizeLinear_Output:(ty=1,shape=[96])] DequantizeLinear [onnx::Conv_555_quantized:(ty=3,shape=[96]),/bga/Mul_output_0_scale:(ty=1,shape=[]),onnx::Conv_555_zero_point:(ty=3,shape=[])]", "device": "NPU"}, {"output": ["onnx::Conv_554_DequantizeLinear_Output"], "input": ["onnx::Conv_554_quantized", "onnx::Conv_581_scale", "onnx::Conv_554_zero_point"], "opType": "DequantizeLinear", "comment": "@35 [onnx::Conv_554_DequantizeLinear_Output:(ty=1,shape=[96,1,3,3])] DequantizeLinear [onnx::Conv_554_quantized:(ty=3,shape=[96,1,3,3]),onnx::Conv_581_scale:(ty=1,shape=[]),onnx::Conv_554_zero_point:(ty=3,shape=[])]", "device": "NPU"}, {"output": ["/segment/S3/S3.0/dwconv2/dwconv2.0/Conv_output_0"], "input": ["/segment/S3/S3.0/dwconv1/dwconv1.0/Conv_output_0_DequantizeLinear_Output", "onnx::Conv_554_DequantizeLinear_Output", "onnx::Conv_555_DequantizeLinear_Output"], "opType": "Conv", "comment": "@176 [/segment/S3/S3.0/dwconv2/dwconv2.0/Conv_output_0:(ty=1,shape=[1,96,64,64])] Conv [/segment/S3/S3.0/dwconv1/dwconv1.0/Conv_output_0_DequantizeLinear_Output:(ty=1,shape=[1,96,64,64]),onnx::Conv_554_DequantizeLinear_Output:(ty=1,shape=[96,1,3,3]),onnx::Conv_555_DequantizeLinear_Output:(ty=1,shape=[96])]", "device": "NPU"}, {"output": ["/segment/S3/S3.0/dwconv2/dwconv2.2/Relu_output_0"], "input": ["/segment/S3/S3.0/dwconv2/dwconv2.0/Conv_output_0"], "opType": "Relu", "comment": "@178 [/segment/S3/S3.0/dwconv2/dwconv2.2/Relu_output_0:(ty=1,shape=[1,96,64,64])] Relu [/segment/S3/S3.0/dwconv2/dwconv2.0/Conv_output_0:(ty=1,shape=[1,96,64,64])]", "device": "NPU"}, {"output": ["/segment/S3/S3.0/dwconv2/dwconv2.2/Relu_output_0_QuantizeLinear_Output"], "input": ["/segment/S3/S3.0/dwconv2/dwconv2.2/Relu_output_0", "/segment/S1S2/left/left.0/relu/Relu_output_0_scale", "/segment/S3/S3.0/dwconv2/dwconv2.2/Relu_output_0_zero_point"], "opType": "QuantizeLinear", "comment": "@180 [/segment/S3/S3.0/dwconv2/dwconv2.2/Relu_output_0_QuantizeLinear_Output:(ty=2,shape=[1,96,64,64])] QuantizeLinear [/segment/S3/S3.0/dwconv2/dwconv2.2/Relu_output_0:(ty=1,shape=[1,96,64,64]),/segment/S1S2/left/left.0/relu/Relu_output_0_scale:(ty=1,shape=[]),/segment/S3/S3.0/dwconv2/dwconv2.2/Relu_output_0_zero_point:(ty=2,shape=[])]", "device": "NPU"}, {"output": ["/segment/S3/S3.0/dwconv2/dwconv2.2/Relu_output_0_DequantizeLinear_Output"], "input": ["/segment/S3/S3.0/dwconv2/dwconv2.2/Relu_output_0_QuantizeLinear_Output", "/segment/S1S2/left/left.0/relu/Relu_output_0_scale", "/segment/S3/S3.0/dwconv2/dwconv2.2/Relu_output_0_zero_point"], "opType": "DequantizeLinear", "comment": "@182 [/segment/S3/S3.0/dwconv2/dwconv2.2/Relu_output_0_DequantizeLinear_Output:(ty=1,shape=[1,96,64,64])] DequantizeLinear [/segment/S3/S3.0/dwconv2/dwconv2.2/Relu_output_0_QuantizeLinear_Output:(ty=2,shape=[1,96,64,64]),/segment/S1S2/left/left.0/relu/Relu_output_0_scale:(ty=1,shape=[]),/segment/S3/S3.0/dwconv2/dwconv2.2/Relu_output_0_zero_point:(ty=2,shape=[])]", "device": "NPU"}, {"output": ["onnx::Conv_558_DequantizeLinear_Output"], "input": ["onnx::Conv_558_quantized", "onnx::Conv_645_scale", "onnx::Conv_558_zero_point"], "opType": "DequantizeLinear", "comment": "@38 [onnx::Conv_558_DequantizeLinear_Output:(ty=1,shape=[32])] DequantizeLinear [onnx::Conv_558_quantized:(ty=3,shape=[32]),onnx::Conv_645_scale:(ty=1,shape=[]),onnx::Conv_558_zero_point:(ty=3,shape=[])]", "device": "NPU"}, {"output": ["onnx::Conv_557_DequantizeLinear_Output"], "input": ["onnx::Conv_557_quantized", "onnx::Conv_581_scale", "onnx::Conv_557_zero_point"], "opType": "DequantizeLinear", "comment": "@37 [onnx::Conv_557_DequantizeLinear_Output:(ty=1,shape=[32,96,1,1])] DequantizeLinear [onnx::Conv_557_quantized:(ty=3,shape=[32,96,1,1]),onnx::Conv_581_scale:(ty=1,shape=[]),onnx::Conv_557_zero_point:(ty=3,shape=[])]", "device": "NPU"}, {"output": ["/segment/S3/S3.0/conv2/conv2.0/Conv_output_0"], "input": ["/segment/S3/S3.0/dwconv2/dwconv2.2/Relu_output_0_DequantizeLinear_Output", "onnx::Conv_557_DequantizeLinear_Output", "onnx::Conv_558_DequantizeLinear_Output"], "opType": "Conv", "comment": "@184 [/segment/S3/S3.0/conv2/conv2.0/Conv_output_0:(ty=1,shape=[1,32,64,64])] Conv [/segment/S3/S3.0/dwconv2/dwconv2.2/Relu_output_0_DequantizeLinear_Output:(ty=1,shape=[1,96,64,64]),onnx::Conv_557_DequantizeLinear_Output:(ty=1,shape=[32,96,1,1]),onnx::Conv_558_DequantizeLinear_Output:(ty=1,shape=[32])]", "device": "NPU"}, {"output": ["/segment/S3/S3.0/conv2/conv2.0/Conv_output_0_QuantizeLinear_Output"], "input": ["/segment/S3/S3.0/conv2/conv2.0/Conv_output_0", "/detail/S2/S2.0/relu/Relu_output_0_scale", "/segment/S3/S3.0/conv2/conv2.0/Conv_output_0_zero_point"], "opType": "QuantizeLinear", "comment": "@186 [/segment/S3/S3.0/conv2/conv2.0/Conv_output_0_QuantizeLinear_Output:(ty=2,shape=[1,32,64,64])] QuantizeLinear [/segment/S3/S3.0/conv2/conv2.0/Conv_output_0:(ty=1,shape=[1,32,64,64]),/detail/S2/S2.0/relu/Relu_output_0_scale:(ty=1,shape=[]),/segment/S3/S3.0/conv2/conv2.0/Conv_output_0_zero_point:(ty=2,shape=[])]", "device": "NPU"}, {"output": ["/segment/S3/S3.0/conv2/conv2.0/Conv_output_0_DequantizeLinear_Output"], "input": ["/segment/S3/S3.0/conv2/conv2.0/Conv_output_0_QuantizeLinear_Output", "/detail/S2/S2.0/relu/Relu_output_0_scale", "/segment/S3/S3.0/conv2/conv2.0/Conv_output_0_zero_point"], "opType": "DequantizeLinear", "comment": "@189 [/segment/S3/S3.0/conv2/conv2.0/Conv_output_0_DequantizeLinear_Output:(ty=1,shape=[1,32,64,64])] DequantizeLinear [/segment/S3/S3.0/conv2/conv2.0/Conv_output_0_QuantizeLinear_Output:(ty=2,shape=[1,32,64,64]),/detail/S2/S2.0/relu/Relu_output_0_scale:(ty=1,shape=[]),/segment/S3/S3.0/conv2/conv2.0/Conv_output_0_zero_point:(ty=2,shape=[])]", "device": "NPU"}, {"output": ["/segment/S1S2/fuse/relu/Relu_output_0_DequantizeLinear_Output/duplicated"], "input": ["/segment/S1S2/fuse/relu/Relu_output_0_QuantizeLinear_Output", "/detail/S2/S2.0/relu/Relu_output_0_scale", "/segment/S1S2/fuse/relu/Relu_output_0_zero_point"], "opType": "DequantizeLinear", "comment": "@394 [/segment/S1S2/fuse/relu/Relu_output_0_DequantizeLinear_Output/duplicated:(ty=1,shape=[1,16,128,128])] DequantizeLinear [/segment/S1S2/fuse/relu/Relu_output_0_QuantizeLinear_Output:(ty=2,shape=[1,16,128,128]),/detail/S2/S2.0/relu/Relu_output_0_scale:(ty=1,shape=[]),/segment/S1S2/fuse/relu/Relu_output_0_zero_point:(ty=2,shape=[])]", "device": "NPU"}, {"output": ["onnx::Conv_561_DequantizeLinear_Output"], "input": ["onnx::Conv_561_quantized", "onnx::Conv_645_scale", "onnx::Conv_561_zero_point"], "opType": "DequantizeLinear", "comment": "@40 [onnx::Conv_561_DequantizeLinear_Output:(ty=1,shape=[16])] DequantizeLinear [onnx::Conv_561_quantized:(ty=3,shape=[16]),onnx::Conv_645_scale:(ty=1,shape=[]),onnx::Conv_561_zero_point:(ty=3,shape=[])]", "device": "NPU"}, {"output": ["onnx::Conv_560_DequantizeLinear_Output"], "input": ["onnx::Conv_560_quantized", "onnx::Conv_581_scale", "onnx::Conv_560_zero_point"], "opType": "DequantizeLinear", "comment": "@39 [onnx::Conv_560_DequantizeLinear_Output:(ty=1,shape=[16,1,3,3])] DequantizeLinear [onnx::Conv_560_quantized:(ty=3,shape=[16,1,3,3]),onnx::Conv_581_scale:(ty=1,shape=[]),onnx::Conv_560_zero_point:(ty=3,shape=[])]", "device": "NPU"}, {"output": ["/segment/S3/S3.0/shortcut/shortcut.0/Conv_output_0"], "input": ["/segment/S1S2/fuse/relu/Relu_output_0_DequantizeLinear_Output/duplicated", "onnx::Conv_560_DequantizeLinear_Output", "onnx::Conv_561_DequantizeLinear_Output"], "opType": "Conv", "comment": "@157 [/segment/S3/S3.0/shortcut/shortcut.0/Conv_output_0:(ty=1,shape=[1,16,64,64])] Conv [/segment/S1S2/fuse/relu/Relu_output_0_DequantizeLinear_Output/duplicated:(ty=1,shape=[1,16,128,128]),onnx::Conv_560_DequantizeLinear_Output:(ty=1,shape=[16,1,3,3]),onnx::Conv_561_DequantizeLinear_Output:(ty=1,shape=[16])]", "device": "NPU"}, {"output": ["/segment/S3/S3.0/shortcut/shortcut.0/Conv_output_0_QuantizeLinear_Output"], "input": ["/segment/S3/S3.0/shortcut/shortcut.0/Conv_output_0", "/segment/S3/S3.0/shortcut/shortcut.0/Conv_output_0_scale", "/segment/S3/S3.0/shortcut/shortcut.0/Conv_output_0_zero_point"], "opType": "QuantizeLinear", "comment": "@160 [/segment/S3/S3.0/shortcut/shortcut.0/Conv_output_0_QuantizeLinear_Output:(ty=2,shape=[1,16,64,64])] QuantizeLinear [/segment/S3/S3.0/shortcut/shortcut.0/Conv_output_0:(ty=1,shape=[1,16,64,64]),/segment/S3/S3.0/shortcut/shortcut.0/Conv_output_0_scale:(ty=1,shape=[]),/segment/S3/S3.0/shortcut/shortcut.0/Conv_output_0_zero_point:(ty=2,shape=[])]", "device": "NPU"}, {"output": ["/segment/S3/S3.0/shortcut/shortcut.0/Conv_output_0_DequantizeLinear_Output"], "input": ["/segment/S3/S3.0/shortcut/shortcut.0/Conv_output_0_QuantizeLinear_Output", "/segment/S3/S3.0/shortcut/shortcut.0/Conv_output_0_scale", "/segment/S3/S3.0/shortcut/shortcut.0/Conv_output_0_zero_point"], "opType": "DequantizeLinear", "comment": "@163 [/segment/S3/S3.0/shortcut/shortcut.0/Conv_output_0_DequantizeLinear_Output:(ty=1,shape=[1,16,64,64])] DequantizeLinear [/segment/S3/S3.0/shortcut/shortcut.0/Conv_output_0_QuantizeLinear_Output:(ty=2,shape=[1,16,64,64]),/segment/S3/S3.0/shortcut/shortcut.0/Conv_output_0_scale:(ty=1,shape=[]),/segment/S3/S3.0/shortcut/shortcut.0/Conv_output_0_zero_point:(ty=2,shape=[])]", "device": "NPU"}, {"output": ["onnx::Conv_564_DequantizeLinear_Output"], "input": ["onnx::Conv_564_quantized", "/bga/Mul_output_0_scale", "onnx::Conv_564_zero_point"], "opType": "DequantizeLinear", "comment": "@42 [onnx::Conv_564_DequantizeLinear_Output:(ty=1,shape=[32])] DequantizeLinear [onnx::Conv_564_quantized:(ty=3,shape=[32]),/bga/Mul_output_0_scale:(ty=1,shape=[]),onnx::Conv_564_zero_point:(ty=3,shape=[])]", "device": "NPU"}, {"output": ["onnx::Conv_563_DequantizeLinear_Output"], "input": ["onnx::Conv_563_quantized", "onnx::Conv_581_scale", "onnx::Conv_563_zero_point"], "opType": "DequantizeLinear", "comment": "@41 [onnx::Conv_563_DequantizeLinear_Output:(ty=1,shape=[32,16,1,1])] DequantizeLinear [onnx::Conv_563_quantized:(ty=3,shape=[32,16,1,1]),onnx::Conv_581_scale:(ty=1,shape=[]),onnx::Conv_563_zero_point:(ty=3,shape=[])]", "device": "NPU"}, {"output": ["/segment/S3/S3.0/shortcut/shortcut.2/Conv_output_0"], "input": ["/segment/S3/S3.0/shortcut/shortcut.0/Conv_output_0_DequantizeLinear_Output", "onnx::Conv_563_DequantizeLinear_Output", "onnx::Conv_564_DequantizeLinear_Output"], "opType": "Conv", "comment": "@166 [/segment/S3/S3.0/shortcut/shortcut.2/Conv_output_0:(ty=1,shape=[1,32,64,64])] Conv [/segment/S3/S3.0/shortcut/shortcut.0/Conv_output_0_DequantizeLinear_Output:(ty=1,shape=[1,16,64,64]),onnx::Conv_563_DequantizeLinear_Output:(ty=1,shape=[32,16,1,1]),onnx::Conv_564_DequantizeLinear_Output:(ty=1,shape=[32])]", "device": "NPU"}, {"output": ["/segment/S3/S3.0/shortcut/shortcut.2/Conv_output_0_QuantizeLinear_Output"], "input": ["/segment/S3/S3.0/shortcut/shortcut.2/Conv_output_0", "/segment/S3/S3.0/shortcut/shortcut.2/Conv_output_0_scale", "/segment/S3/S3.0/shortcut/shortcut.2/Conv_output_0_zero_point"], "opType": "QuantizeLinear", "comment": "@169 [/segment/S3/S3.0/shortcut/shortcut.2/Conv_output_0_QuantizeLinear_Output:(ty=2,shape=[1,32,64,64])] QuantizeLinear [/segment/S3/S3.0/shortcut/shortcut.2/Conv_output_0:(ty=1,shape=[1,32,64,64]),/segment/S3/S3.0/shortcut/shortcut.2/Conv_output_0_scale:(ty=1,shape=[]),/segment/S3/S3.0/shortcut/shortcut.2/Conv_output_0_zero_point:(ty=2,shape=[])]", "device": "NPU"}, {"output": ["/segment/S3/S3.0/shortcut/shortcut.2/Conv_output_0_DequantizeLinear_Output"], "input": ["/segment/S3/S3.0/shortcut/shortcut.2/Conv_output_0_QuantizeLinear_Output", "/segment/S3/S3.0/shortcut/shortcut.2/Conv_output_0_scale", "/segment/S3/S3.0/shortcut/shortcut.2/Conv_output_0_zero_point"], "opType": "DequantizeLinear", "comment": "@172 [/segment/S3/S3.0/shortcut/shortcut.2/Conv_output_0_DequantizeLinear_Output:(ty=1,shape=[1,32,64,64])] DequantizeLinear [/segment/S3/S3.0/shortcut/shortcut.2/Conv_output_0_QuantizeLinear_Output:(ty=2,shape=[1,32,64,64]),/segment/S3/S3.0/shortcut/shortcut.2/Conv_output_0_scale:(ty=1,shape=[]),/segment/S3/S3.0/shortcut/shortcut.2/Conv_output_0_zero_point:(ty=2,shape=[])]", "device": "NPU"}, {"output": ["/segment/S3/S3.0/Add_output_0"], "input": ["/segment/S3/S3.0/conv2/conv2.0/Conv_output_0_DequantizeLinear_Output", "/segment/S3/S3.0/shortcut/shortcut.2/Conv_output_0_DequantizeLinear_Output"], "opType": "Add", "comment": "@192 [/segment/S3/S3.0/Add_output_0:(ty=1,shape=[1,32,64,64])] Add [/segment/S3/S3.0/conv2/conv2.0/Conv_output_0_DequantizeLinear_Output:(ty=1,shape=[1,32,64,64]),/segment/S3/S3.0/shortcut/shortcut.2/Conv_output_0_DequantizeLinear_Output:(ty=1,shape=[1,32,64,64])]", "device": "NPU"}, {"output": ["/segment/S3/S3.0/relu/Relu_output_0"], "input": ["/segment/S3/S3.0/Add_output_0"], "opType": "Relu", "comment": "@195 [/segment/S3/S3.0/relu/Relu_output_0:(ty=1,shape=[1,32,64,64])] Relu [/segment/S3/S3.0/Add_output_0:(ty=1,shape=[1,32,64,64])]", "device": "NPU"}, {"output": ["/segment/S3/S3.0/relu/Relu_output_0_QuantizeLinear_Output"], "input": ["/segment/S3/S3.0/relu/Relu_output_0", "/detail/S2/S2.0/relu/Relu_output_0_scale", "/segment/S3/S3.0/relu/Relu_output_0_zero_point"], "opType": "QuantizeLinear", "comment": "@198 [/segment/S3/S3.0/relu/Relu_output_0_QuantizeLinear_Output:(ty=2,shape=[1,32,64,64])] QuantizeLinear [/segment/S3/S3.0/relu/Relu_output_0:(ty=1,shape=[1,32,64,64]),/detail/S2/S2.0/relu/Relu_output_0_scale:(ty=1,shape=[]),/segment/S3/S3.0/relu/Relu_output_0_zero_point:(ty=2,shape=[])]", "device": "NPU"}, {"output": ["/segment/S3/S3.0/relu/Relu_output_0_DequantizeLinear_Output/duplicated"], "input": ["/segment/S3/S3.0/relu/Relu_output_0_QuantizeLinear_Output", "/detail/S2/S2.0/relu/Relu_output_0_scale", "/segment/S3/S3.0/relu/Relu_output_0_zero_point"], "opType": "DequantizeLinear", "comment": "@395 [/segment/S3/S3.0/relu/Relu_output_0_DequantizeLinear_Output/duplicated:(ty=1,shape=[1,32,64,64])] DequantizeLinear [/segment/S3/S3.0/relu/Relu_output_0_QuantizeLinear_Output:(ty=2,shape=[1,32,64,64]),/detail/S2/S2.0/relu/Relu_output_0_scale:(ty=1,shape=[]),/segment/S3/S3.0/relu/Relu_output_0_zero_point:(ty=2,shape=[])]", "device": "NPU"}, {"output": ["/segment/S3/S3.0/relu/Relu_output_0_DequantizeLinear_Output"], "input": ["/segment/S3/S3.0/relu/Relu_output_0_QuantizeLinear_Output", "/detail/S2/S2.0/relu/Relu_output_0_scale", "/segment/S3/S3.0/relu/Relu_output_0_zero_point"], "opType": "DequantizeLinear", "comment": "@201 [/segment/S3/S3.0/relu/Relu_output_0_DequantizeLinear_Output:(ty=1,shape=[1,32,64,64])] DequantizeLinear [/segment/S3/S3.0/relu/Relu_output_0_QuantizeLinear_Output:(ty=2,shape=[1,32,64,64]),/detail/S2/S2.0/relu/Relu_output_0_scale:(ty=1,shape=[]),/segment/S3/S3.0/relu/Relu_output_0_zero_point:(ty=2,shape=[])]", "device": "NPU"}, {"output": ["onnx::Conv_567_DequantizeLinear_Output"], "input": ["onnx::Conv_567_quantized", "/bga/Mul_output_0_scale", "onnx::Conv_567_zero_point"], "opType": "DequantizeLinear", "comment": "@44 [onnx::Conv_567_DequantizeLinear_Output:(ty=1,shape=[32])] DequantizeLinear [onnx::Conv_567_quantized:(ty=3,shape=[32]),/bga/Mul_output_0_scale:(ty=1,shape=[]),onnx::Conv_567_zero_point:(ty=3,shape=[])]", "device": "NPU"}, {"output": ["onnx::Conv_566_DequantizeLinear_Output"], "input": ["onnx::Conv_566_quantized", "bga.right2.2.weight_scale", "onnx::Conv_566_zero_point"], "opType": "DequantizeLinear", "comment": "@43 [onnx::Conv_566_DequantizeLinear_Output:(ty=1,shape=[32,32,3,3])] DequantizeLinear [onnx::Conv_566_quantized:(ty=3,shape=[32,32,3,3]),bga.right2.2.weight_scale:(ty=1,shape=[]),onnx::Conv_566_zero_point:(ty=3,shape=[])]", "device": "NPU"}, {"output": ["/segment/S3/S3.1/conv1/conv/Conv_output_0"], "input": ["/segment/S3/S3.0/relu/Relu_output_0_DequantizeLinear_Output", "onnx::Conv_566_DequantizeLinear_Output", "onnx::Conv_567_DequantizeLinear_Output"], "opType": "Conv", "comment": "@204 [/segment/S3/S3.1/conv1/conv/Conv_output_0:(ty=1,shape=[1,32,64,64])] Conv [/segment/S3/S3.0/relu/Relu_output_0_DequantizeLinear_Output:(ty=1,shape=[1,32,64,64]),onnx::Conv_566_DequantizeLinear_Output:(ty=1,shape=[32,32,3,3]),onnx::Conv_567_DequantizeLinear_Output:(ty=1,shape=[32])]", "device": "NPU"}, {"output": ["/segment/S3/S3.1/conv1/relu/Relu_output_0"], "input": ["/segment/S3/S3.1/conv1/conv/Conv_output_0"], "opType": "Relu", "comment": "@205 [/segment/S3/S3.1/conv1/relu/Relu_output_0:(ty=1,shape=[1,32,64,64])] Relu [/segment/S3/S3.1/conv1/conv/Conv_output_0:(ty=1,shape=[1,32,64,64])]", "device": "NPU"}, {"output": ["/segment/S3/S3.1/conv1/relu/Relu_output_0_QuantizeLinear_Output"], "input": ["/segment/S3/S3.1/conv1/relu/Relu_output_0", "/segment/S1S2/left/left.0/relu/Relu_output_0_scale", "/segment/S3/S3.1/conv1/relu/Relu_output_0_zero_point"], "opType": "QuantizeLinear", "comment": "@206 [/segment/S3/S3.1/conv1/relu/Relu_output_0_QuantizeLinear_Output:(ty=2,shape=[1,32,64,64])] QuantizeLinear [/segment/S3/S3.1/conv1/relu/Relu_output_0:(ty=1,shape=[1,32,64,64]),/segment/S1S2/left/left.0/relu/Relu_output_0_scale:(ty=1,shape=[]),/segment/S3/S3.1/conv1/relu/Relu_output_0_zero_point:(ty=2,shape=[])]", "device": "NPU"}, {"output": ["/segment/S3/S3.1/conv1/relu/Relu_output_0_DequantizeLinear_Output"], "input": ["/segment/S3/S3.1/conv1/relu/Relu_output_0_QuantizeLinear_Output", "/segment/S1S2/left/left.0/relu/Relu_output_0_scale", "/segment/S3/S3.1/conv1/relu/Relu_output_0_zero_point"], "opType": "DequantizeLinear", "comment": "@207 [/segment/S3/S3.1/conv1/relu/Relu_output_0_DequantizeLinear_Output:(ty=1,shape=[1,32,64,64])] DequantizeLinear [/segment/S3/S3.1/conv1/relu/Relu_output_0_QuantizeLinear_Output:(ty=2,shape=[1,32,64,64]),/segment/S1S2/left/left.0/relu/Relu_output_0_scale:(ty=1,shape=[]),/segment/S3/S3.1/conv1/relu/Relu_output_0_zero_point:(ty=2,shape=[])]", "device": "NPU"}, {"output": ["onnx::Conv_570_DequantizeLinear_Output"], "input": ["onnx::Conv_570_quantized", "onnx::Conv_645_scale", "onnx::Conv_570_zero_point"], "opType": "DequantizeLinear", "comment": "@46 [onnx::Conv_570_DequantizeLinear_Output:(ty=1,shape=[192])] DequantizeLinear [onnx::Conv_570_quantized:(ty=3,shape=[192]),onnx::Conv_645_scale:(ty=1,shape=[]),onnx::Conv_570_zero_point:(ty=3,shape=[])]", "device": "NPU"}, {"output": ["onnx::Conv_569_DequantizeLinear_Output"], "input": ["onnx::Conv_569_quantized", "/bga/Mul_output_0_scale", "onnx::Conv_569_zero_point"], "opType": "DequantizeLinear", "comment": "@45 [onnx::Conv_569_DequantizeLinear_Output:(ty=1,shape=[192,1,3,3])] DequantizeLinear [onnx::Conv_569_quantized:(ty=3,shape=[192,1,3,3]),/bga/Mul_output_0_scale:(ty=1,shape=[]),onnx::Conv_569_zero_point:(ty=3,shape=[])]", "device": "NPU"}, {"output": ["/segment/S3/S3.1/dwconv/dwconv.0/Conv_output_0"], "input": ["/segment/S3/S3.1/conv1/relu/Relu_output_0_DequantizeLinear_Output", "onnx::Conv_569_DequantizeLinear_Output", "onnx::Conv_570_DequantizeLinear_Output"], "opType": "Conv", "comment": "@208 [/segment/S3/S3.1/dwconv/dwconv.0/Conv_output_0:(ty=1,shape=[1,192,64,64])] Conv [/segment/S3/S3.1/conv1/relu/Relu_output_0_DequantizeLinear_Output:(ty=1,shape=[1,32,64,64]),onnx::Conv_569_DequantizeLinear_Output:(ty=1,shape=[192,1,3,3]),onnx::Conv_570_DequantizeLinear_Output:(ty=1,shape=[192])]", "device": "NPU"}, {"output": ["/segment/S3/S3.1/dwconv/dwconv.2/Relu_output_0"], "input": ["/segment/S3/S3.1/dwconv/dwconv.0/Conv_output_0"], "opType": "Relu", "comment": "@209 [/segment/S3/S3.1/dwconv/dwconv.2/Relu_output_0:(ty=1,shape=[1,192,64,64])] Relu [/segment/S3/S3.1/dwconv/dwconv.0/Conv_output_0:(ty=1,shape=[1,192,64,64])]", "device": "NPU"}, {"output": ["/segment/S3/S3.1/dwconv/dwconv.2/Relu_output_0_QuantizeLinear_Output"], "input": ["/segment/S3/S3.1/dwconv/dwconv.2/Relu_output_0", "/segment/S1S2/left/left.0/relu/Relu_output_0_scale", "/segment/S3/S3.1/dwconv/dwconv.2/Relu_output_0_zero_point"], "opType": "QuantizeLinear", "comment": "@210 [/segment/S3/S3.1/dwconv/dwconv.2/Relu_output_0_QuantizeLinear_Output:(ty=2,shape=[1,192,64,64])] QuantizeLinear [/segment/S3/S3.1/dwconv/dwconv.2/Relu_output_0:(ty=1,shape=[1,192,64,64]),/segment/S1S2/left/left.0/relu/Relu_output_0_scale:(ty=1,shape=[]),/segment/S3/S3.1/dwconv/dwconv.2/Relu_output_0_zero_point:(ty=2,shape=[])]", "device": "NPU"}, {"output": ["/segment/S3/S3.1/dwconv/dwconv.2/Relu_output_0_DequantizeLinear_Output"], "input": ["/segment/S3/S3.1/dwconv/dwconv.2/Relu_output_0_QuantizeLinear_Output", "/segment/S1S2/left/left.0/relu/Relu_output_0_scale", "/segment/S3/S3.1/dwconv/dwconv.2/Relu_output_0_zero_point"], "opType": "DequantizeLinear", "comment": "@211 [/segment/S3/S3.1/dwconv/dwconv.2/Relu_output_0_DequantizeLinear_Output:(ty=1,shape=[1,192,64,64])] DequantizeLinear [/segment/S3/S3.1/dwconv/dwconv.2/Relu_output_0_QuantizeLinear_Output:(ty=2,shape=[1,192,64,64]),/segment/S1S2/left/left.0/relu/Relu_output_0_scale:(ty=1,shape=[]),/segment/S3/S3.1/dwconv/dwconv.2/Relu_output_0_zero_point:(ty=2,shape=[])]", "device": "NPU"}, {"output": ["onnx::Conv_573_DequantizeLinear_Output"], "input": ["onnx::Conv_573_quantized", "/bga/Mul_output_0_scale", "onnx::Conv_573_zero_point"], "opType": "DequantizeLinear", "comment": "@48 [onnx::Conv_573_DequantizeLinear_Output:(ty=1,shape=[32])] DequantizeLinear [onnx::Conv_573_quantized:(ty=3,shape=[32]),/bga/Mul_output_0_scale:(ty=1,shape=[]),onnx::Conv_573_zero_point:(ty=3,shape=[])]", "device": "NPU"}, {"output": ["onnx::Conv_572_DequantizeLinear_Output"], "input": ["onnx::Conv_572_quantized", "onnx::Conv_581_scale", "onnx::Conv_572_zero_point"], "opType": "DequantizeLinear", "comment": "@47 [onnx::Conv_572_DequantizeLinear_Output:(ty=1,shape=[32,192,1,1])] DequantizeLinear [onnx::Conv_572_quantized:(ty=3,shape=[32,192,1,1]),onnx::Conv_581_scale:(ty=1,shape=[]),onnx::Conv_572_zero_point:(ty=3,shape=[])]", "device": "NPU"}, {"output": ["/segment/S3/S3.1/conv2/conv2.0/Conv_output_0"], "input": ["/segment/S3/S3.1/dwconv/dwconv.2/Relu_output_0_DequantizeLinear_Output", "onnx::Conv_572_DequantizeLinear_Output", "onnx::Conv_573_DequantizeLinear_Output"], "opType": "Conv", "comment": "@212 [/segment/S3/S3.1/conv2/conv2.0/Conv_output_0:(ty=1,shape=[1,32,64,64])] Conv [/segment/S3/S3.1/dwconv/dwconv.2/Relu_output_0_DequantizeLinear_Output:(ty=1,shape=[1,192,64,64]),onnx::Conv_572_DequantizeLinear_Output:(ty=1,shape=[32,192,1,1]),onnx::Conv_573_DequantizeLinear_Output:(ty=1,shape=[32])]", "device": "NPU"}, {"output": ["/segment/S3/S3.1/conv2/conv2.0/Conv_output_0_QuantizeLinear_Output"], "input": ["/segment/S3/S3.1/conv2/conv2.0/Conv_output_0", "/segment/S1S2/left/left.0/relu/Relu_output_0_scale", "/segment/S3/S3.1/conv2/conv2.0/Conv_output_0_zero_point"], "opType": "QuantizeLinear", "comment": "@213 [/segment/S3/S3.1/conv2/conv2.0/Conv_output_0_QuantizeLinear_Output:(ty=2,shape=[1,32,64,64])] QuantizeLinear [/segment/S3/S3.1/conv2/conv2.0/Conv_output_0:(ty=1,shape=[1,32,64,64]),/segment/S1S2/left/left.0/relu/Relu_output_0_scale:(ty=1,shape=[]),/segment/S3/S3.1/conv2/conv2.0/Conv_output_0_zero_point:(ty=2,shape=[])]", "device": "NPU"}, {"output": ["/segment/S3/S3.1/conv2/conv2.0/Conv_output_0_DequantizeLinear_Output"], "input": ["/segment/S3/S3.1/conv2/conv2.0/Conv_output_0_QuantizeLinear_Output", "/segment/S1S2/left/left.0/relu/Relu_output_0_scale", "/segment/S3/S3.1/conv2/conv2.0/Conv_output_0_zero_point"], "opType": "DequantizeLinear", "comment": "@214 [/segment/S3/S3.1/conv2/conv2.0/Conv_output_0_DequantizeLinear_Output:(ty=1,shape=[1,32,64,64])] DequantizeLinear [/segment/S3/S3.1/conv2/conv2.0/Conv_output_0_QuantizeLinear_Output:(ty=2,shape=[1,32,64,64]),/segment/S1S2/left/left.0/relu/Relu_output_0_scale:(ty=1,shape=[]),/segment/S3/S3.1/conv2/conv2.0/Conv_output_0_zero_point:(ty=2,shape=[])]", "device": "NPU"}, {"output": ["/segment/S3/S3.1/Add_output_0"], "input": ["/segment/S3/S3.1/conv2/conv2.0/Conv_output_0_DequantizeLinear_Output", "/segment/S3/S3.0/relu/Relu_output_0_DequantizeLinear_Output/duplicated"], "opType": "Add", "comment": "@215 [/segment/S3/S3.1/Add_output_0:(ty=1,shape=[1,32,64,64])] Add [/segment/S3/S3.1/conv2/conv2.0/Conv_output_0_DequantizeLinear_Output:(ty=1,shape=[1,32,64,64]),/segment/S3/S3.0/relu/Relu_output_0_DequantizeLinear_Output/duplicated:(ty=1,shape=[1,32,64,64])]", "device": "NPU"}, {"output": ["/segment/S3/S3.1/relu/Relu_output_0"], "input": ["/segment/S3/S3.1/Add_output_0"], "opType": "Relu", "comment": "@216 [/segment/S3/S3.1/relu/Relu_output_0:(ty=1,shape=[1,32,64,64])] Relu [/segment/S3/S3.1/Add_output_0:(ty=1,shape=[1,32,64,64])]", "device": "NPU"}, {"output": ["/segment/S3/S3.1/relu/Relu_output_0_QuantizeLinear_Output"], "input": ["/segment/S3/S3.1/relu/Relu_output_0", "/detail/S2/S2.0/relu/Relu_output_0_scale", "/segment/S3/S3.1/relu/Relu_output_0_zero_point"], "opType": "QuantizeLinear", "comment": "@217 [/segment/S3/S3.1/relu/Relu_output_0_QuantizeLinear_Output:(ty=2,shape=[1,32,64,64])] QuantizeLinear [/segment/S3/S3.1/relu/Relu_output_0:(ty=1,shape=[1,32,64,64]),/detail/S2/S2.0/relu/Relu_output_0_scale:(ty=1,shape=[]),/segment/S3/S3.1/relu/Relu_output_0_zero_point:(ty=2,shape=[])]", "device": "NPU"}, {"output": ["/segment/S3/S3.1/relu/Relu_output_0_DequantizeLinear_Output"], "input": ["/segment/S3/S3.1/relu/Relu_output_0_QuantizeLinear_Output", "/detail/S2/S2.0/relu/Relu_output_0_scale", "/segment/S3/S3.1/relu/Relu_output_0_zero_point"], "opType": "DequantizeLinear", "comment": "@218 [/segment/S3/S3.1/relu/Relu_output_0_DequantizeLinear_Output:(ty=1,shape=[1,32,64,64])] DequantizeLinear [/segment/S3/S3.1/relu/Relu_output_0_QuantizeLinear_Output:(ty=2,shape=[1,32,64,64]),/detail/S2/S2.0/relu/Relu_output_0_scale:(ty=1,shape=[]),/segment/S3/S3.1/relu/Relu_output_0_zero_point:(ty=2,shape=[])]", "device": "NPU"}, {"output": ["onnx::Conv_576_DequantizeLinear_Output"], "input": ["onnx::Conv_576_quantized", "onnx::Conv_645_scale", "onnx::Conv_576_zero_point"], "opType": "DequantizeLinear", "comment": "@50 [onnx::Conv_576_DequantizeLinear_Output:(ty=1,shape=[32])] DequantizeLinear [onnx::Conv_576_quantized:(ty=3,shape=[32]),onnx::Conv_645_scale:(ty=1,shape=[]),onnx::Conv_576_zero_point:(ty=3,shape=[])]", "device": "NPU"}, {"output": ["onnx::Conv_575_DequantizeLinear_Output"], "input": ["onnx::Conv_575_quantized", "onnx::Conv_602_scale", "onnx::Conv_575_zero_point"], "opType": "DequantizeLinear", "comment": "@49 [onnx::Conv_575_DequantizeLinear_Output:(ty=1,shape=[32,32,3,3])] DequantizeLinear [onnx::Conv_575_quantized:(ty=3,shape=[32,32,3,3]),onnx::Conv_602_scale:(ty=1,shape=[]),onnx::Conv_575_zero_point:(ty=3,shape=[])]", "device": "NPU"}, {"output": ["/segment/S4/S4.0/conv1/conv/Conv_output_0"], "input": ["/segment/S3/S3.1/relu/Relu_output_0_DequantizeLinear_Output", "onnx::Conv_575_DequantizeLinear_Output", "onnx::Conv_576_DequantizeLinear_Output"], "opType": "Conv", "comment": "@219 [/segment/S4/S4.0/conv1/conv/Conv_output_0:(ty=1,shape=[1,32,64,64])] Conv [/segment/S3/S3.1/relu/Relu_output_0_DequantizeLinear_Output:(ty=1,shape=[1,32,64,64]),onnx::Conv_575_DequantizeLinear_Output:(ty=1,shape=[32,32,3,3]),onnx::Conv_576_DequantizeLinear_Output:(ty=1,shape=[32])]", "device": "NPU"}, {"output": ["/segment/S4/S4.0/conv1/relu/Relu_output_0"], "input": ["/segment/S4/S4.0/conv1/conv/Conv_output_0"], "opType": "Relu", "comment": "@221 [/segment/S4/S4.0/conv1/relu/Relu_output_0:(ty=1,shape=[1,32,64,64])] Relu [/segment/S4/S4.0/conv1/conv/Conv_output_0:(ty=1,shape=[1,32,64,64])]", "device": "NPU"}, {"output": ["/segment/S4/S4.0/conv1/relu/Relu_output_0_QuantizeLinear_Output"], "input": ["/segment/S4/S4.0/conv1/relu/Relu_output_0", "/detail/S2/S2.0/relu/Relu_output_0_scale", "/segment/S4/S4.0/conv1/relu/Relu_output_0_zero_point"], "opType": "QuantizeLinear", "comment": "@223 [/segment/S4/S4.0/conv1/relu/Relu_output_0_QuantizeLinear_Output:(ty=2,shape=[1,32,64,64])] QuantizeLinear [/segment/S4/S4.0/conv1/relu/Relu_output_0:(ty=1,shape=[1,32,64,64]),/detail/S2/S2.0/relu/Relu_output_0_scale:(ty=1,shape=[]),/segment/S4/S4.0/conv1/relu/Relu_output_0_zero_point:(ty=2,shape=[])]", "device": "NPU"}, {"output": ["/segment/S4/S4.0/conv1/relu/Relu_output_0_DequantizeLinear_Output"], "input": ["/segment/S4/S4.0/conv1/relu/Relu_output_0_QuantizeLinear_Output", "/detail/S2/S2.0/relu/Relu_output_0_scale", "/segment/S4/S4.0/conv1/relu/Relu_output_0_zero_point"], "opType": "DequantizeLinear", "comment": "@225 [/segment/S4/S4.0/conv1/relu/Relu_output_0_DequantizeLinear_Output:(ty=1,shape=[1,32,64,64])] DequantizeLinear [/segment/S4/S4.0/conv1/relu/Relu_output_0_QuantizeLinear_Output:(ty=2,shape=[1,32,64,64]),/detail/S2/S2.0/relu/Relu_output_0_scale:(ty=1,shape=[]),/segment/S4/S4.0/conv1/relu/Relu_output_0_zero_point:(ty=2,shape=[])]", "device": "NPU"}, {"output": ["onnx::Conv_579_DequantizeLinear_Output"], "input": ["onnx::Conv_579_quantized", "/bga/Mul_output_0_scale", "onnx::Conv_579_zero_point"], "opType": "DequantizeLinear", "comment": "@52 [onnx::Conv_579_DequantizeLinear_Output:(ty=1,shape=[192])] DequantizeLinear [onnx::Conv_579_quantized:(ty=3,shape=[192]),/bga/Mul_output_0_scale:(ty=1,shape=[]),onnx::Conv_579_zero_point:(ty=3,shape=[])]", "device": "NPU"}, {"output": ["onnx::Conv_578_DequantizeLinear_Output"], "input": ["onnx::Conv_578_quantized", "onnx::Conv_581_scale", "onnx::Conv_578_zero_point"], "opType": "DequantizeLinear", "comment": "@51 [onnx::Conv_578_DequantizeLinear_Output:(ty=1,shape=[192,1,3,3])] DequantizeLinear [onnx::Conv_578_quantized:(ty=3,shape=[192,1,3,3]),onnx::Conv_581_scale:(ty=1,shape=[]),onnx::Conv_578_zero_point:(ty=3,shape=[])]", "device": "NPU"}, {"output": ["/segment/S4/S4.0/dwconv1/dwconv1.0/Conv_output_0"], "input": ["/segment/S4/S4.0/conv1/relu/Relu_output_0_DequantizeLinear_Output", "onnx::Conv_578_DequantizeLinear_Output", "onnx::Conv_579_DequantizeLinear_Output"], "opType": "Conv", "comment": "@227 [/segment/S4/S4.0/dwconv1/dwconv1.0/Conv_output_0:(ty=1,shape=[1,192,32,32])] Conv [/segment/S4/S4.0/conv1/relu/Relu_output_0_DequantizeLinear_Output:(ty=1,shape=[1,32,64,64]),onnx::Conv_578_DequantizeLinear_Output:(ty=1,shape=[192,1,3,3]),onnx::Conv_579_DequantizeLinear_Output:(ty=1,shape=[192])]", "device": "NPU"}, {"output": ["/segment/S4/S4.0/dwconv1/dwconv1.0/Conv_output_0_QuantizeLinear_Output"], "input": ["/segment/S4/S4.0/dwconv1/dwconv1.0/Conv_output_0", "/segment/S1S2/left/left.0/relu/Relu_output_0_scale", "/segment/S4/S4.0/dwconv1/dwconv1.0/Conv_output_0_zero_point"], "opType": "QuantizeLinear", "comment": "@229 [/segment/S4/S4.0/dwconv1/dwconv1.0/Conv_output_0_QuantizeLinear_Output:(ty=2,shape=[1,192,32,32])] QuantizeLinear [/segment/S4/S4.0/dwconv1/dwconv1.0/Conv_output_0:(ty=1,shape=[1,192,32,32]),/segment/S1S2/left/left.0/relu/Relu_output_0_scale:(ty=1,shape=[]),/segment/S4/S4.0/dwconv1/dwconv1.0/Conv_output_0_zero_point:(ty=2,shape=[])]", "device": "NPU"}, {"output": ["/segment/S4/S4.0/dwconv1/dwconv1.0/Conv_output_0_DequantizeLinear_Output"], "input": ["/segment/S4/S4.0/dwconv1/dwconv1.0/Conv_output_0_QuantizeLinear_Output", "/segment/S1S2/left/left.0/relu/Relu_output_0_scale", "/segment/S4/S4.0/dwconv1/dwconv1.0/Conv_output_0_zero_point"], "opType": "DequantizeLinear", "comment": "@231 [/segment/S4/S4.0/dwconv1/dwconv1.0/Conv_output_0_DequantizeLinear_Output:(ty=1,shape=[1,192,32,32])] DequantizeLinear [/segment/S4/S4.0/dwconv1/dwconv1.0/Conv_output_0_QuantizeLinear_Output:(ty=2,shape=[1,192,32,32]),/segment/S1S2/left/left.0/relu/Relu_output_0_scale:(ty=1,shape=[]),/segment/S4/S4.0/dwconv1/dwconv1.0/Conv_output_0_zero_point:(ty=2,shape=[])]", "device": "NPU"}, {"output": ["onnx::Conv_582_DequantizeLinear_Output"], "input": ["onnx::Conv_582_quantized", "/bga/Mul_output_0_scale", "onnx::Conv_582_zero_point"], "opType": "DequantizeLinear", "comment": "@54 [onnx::Conv_582_DequantizeLinear_Output:(ty=1,shape=[192])] DequantizeLinear [onnx::Conv_582_quantized:(ty=3,shape=[192]),/bga/Mul_output_0_scale:(ty=1,shape=[]),onnx::Conv_582_zero_point:(ty=3,shape=[])]", "device": "NPU"}, {"output": ["onnx::Conv_581_DequantizeLinear_Output"], "input": ["onnx::Conv_581_quantized", "onnx::Conv_581_scale", "onnx::Conv_581_zero_point"], "opType": "DequantizeLinear", "comment": "@53 [onnx::Conv_581_DequantizeLinear_Output:(ty=1,shape=[192,1,3,3])] DequantizeLinear [onnx::Conv_581_quantized:(ty=3,shape=[192,1,3,3]),onnx::Conv_581_scale:(ty=1,shape=[]),onnx::Conv_581_zero_point:(ty=3,shape=[])]", "device": "NPU"}, {"output": ["/segment/S4/S4.0/dwconv2/dwconv2.0/Conv_output_0"], "input": ["/segment/S4/S4.0/dwconv1/dwconv1.0/Conv_output_0_DequantizeLinear_Output", "onnx::Conv_581_DequantizeLinear_Output", "onnx::Conv_582_DequantizeLinear_Output"], "opType": "Conv", "comment": "@232 [/segment/S4/S4.0/dwconv2/dwconv2.0/Conv_output_0:(ty=1,shape=[1,192,32,32])] Conv [/segment/S4/S4.0/dwconv1/dwconv1.0/Conv_output_0_DequantizeLinear_Output:(ty=1,shape=[1,192,32,32]),onnx::Conv_581_DequantizeLinear_Output:(ty=1,shape=[192,1,3,3]),onnx::Conv_582_DequantizeLinear_Output:(ty=1,shape=[192])]", "device": "NPU"}, {"output": ["/segment/S4/S4.0/dwconv2/dwconv2.2/Relu_output_0"], "input": ["/segment/S4/S4.0/dwconv2/dwconv2.0/Conv_output_0"], "opType": "Relu", "comment": "@233 [/segment/S4/S4.0/dwconv2/dwconv2.2/Relu_output_0:(ty=1,shape=[1,192,32,32])] Relu [/segment/S4/S4.0/dwconv2/dwconv2.0/Conv_output_0:(ty=1,shape=[1,192,32,32])]", "device": "NPU"}, {"output": ["/segment/S4/S4.0/dwconv2/dwconv2.2/Relu_output_0_QuantizeLinear_Output"], "input": ["/segment/S4/S4.0/dwconv2/dwconv2.2/Relu_output_0", "/segment/S1S2/left/left.0/relu/Relu_output_0_scale", "/segment/S4/S4.0/dwconv2/dwconv2.2/Relu_output_0_zero_point"], "opType": "QuantizeLinear", "comment": "@234 [/segment/S4/S4.0/dwconv2/dwconv2.2/Relu_output_0_QuantizeLinear_Output:(ty=2,shape=[1,192,32,32])] QuantizeLinear [/segment/S4/S4.0/dwconv2/dwconv2.2/Relu_output_0:(ty=1,shape=[1,192,32,32]),/segment/S1S2/left/left.0/relu/Relu_output_0_scale:(ty=1,shape=[]),/segment/S4/S4.0/dwconv2/dwconv2.2/Relu_output_0_zero_point:(ty=2,shape=[])]", "device": "NPU"}, {"output": ["/segment/S4/S4.0/dwconv2/dwconv2.2/Relu_output_0_DequantizeLinear_Output"], "input": ["/segment/S4/S4.0/dwconv2/dwconv2.2/Relu_output_0_QuantizeLinear_Output", "/segment/S1S2/left/left.0/relu/Relu_output_0_scale", "/segment/S4/S4.0/dwconv2/dwconv2.2/Relu_output_0_zero_point"], "opType": "DequantizeLinear", "comment": "@235 [/segment/S4/S4.0/dwconv2/dwconv2.2/Relu_output_0_DequantizeLinear_Output:(ty=1,shape=[1,192,32,32])] DequantizeLinear [/segment/S4/S4.0/dwconv2/dwconv2.2/Relu_output_0_QuantizeLinear_Output:(ty=2,shape=[1,192,32,32]),/segment/S1S2/left/left.0/relu/Relu_output_0_scale:(ty=1,shape=[]),/segment/S4/S4.0/dwconv2/dwconv2.2/Relu_output_0_zero_point:(ty=2,shape=[])]", "device": "NPU"}, {"output": ["onnx::Conv_585_DequantizeLinear_Output"], "input": ["onnx::Conv_585_quantized", "onnx::Conv_645_scale", "onnx::Conv_585_zero_point"], "opType": "DequantizeLinear", "comment": "@56 [onnx::Conv_585_DequantizeLinear_Output:(ty=1,shape=[64])] DequantizeLinear [onnx::Conv_585_quantized:(ty=3,shape=[64]),onnx::Conv_645_scale:(ty=1,shape=[]),onnx::Conv_585_zero_point:(ty=3,shape=[])]", "device": "NPU"}, {"output": ["onnx::Conv_584_DequantizeLinear_Output"], "input": ["onnx::Conv_584_quantized", "onnx::Conv_581_scale", "onnx::Conv_584_zero_point"], "opType": "DequantizeLinear", "comment": "@55 [onnx::Conv_584_DequantizeLinear_Output:(ty=1,shape=[64,192,1,1])] DequantizeLinear [onnx::Conv_584_quantized:(ty=3,shape=[64,192,1,1]),onnx::Conv_581_scale:(ty=1,shape=[]),onnx::Conv_584_zero_point:(ty=3,shape=[])]", "device": "NPU"}, {"output": ["/segment/S4/S4.0/conv2/conv2.0/Conv_output_0"], "input": ["/segment/S4/S4.0/dwconv2/dwconv2.2/Relu_output_0_DequantizeLinear_Output", "onnx::Conv_584_DequantizeLinear_Output", "onnx::Conv_585_DequantizeLinear_Output"], "opType": "Conv", "comment": "@236 [/segment/S4/S4.0/conv2/conv2.0/Conv_output_0:(ty=1,shape=[1,64,32,32])] Conv [/segment/S4/S4.0/dwconv2/dwconv2.2/Relu_output_0_DequantizeLinear_Output:(ty=1,shape=[1,192,32,32]),onnx::Conv_584_DequantizeLinear_Output:(ty=1,shape=[64,192,1,1]),onnx::Conv_585_DequantizeLinear_Output:(ty=1,shape=[64])]", "device": "NPU"}, {"output": ["/segment/S4/S4.0/conv2/conv2.0/Conv_output_0_QuantizeLinear_Output"], "input": ["/segment/S4/S4.0/conv2/conv2.0/Conv_output_0", "/segment/S3/S3.0/shortcut/shortcut.0/Conv_output_0_scale", "/segment/S4/S4.0/conv2/conv2.0/Conv_output_0_zero_point"], "opType": "QuantizeLinear", "comment": "@237 [/segment/S4/S4.0/conv2/conv2.0/Conv_output_0_QuantizeLinear_Output:(ty=2,shape=[1,64,32,32])] QuantizeLinear [/segment/S4/S4.0/conv2/conv2.0/Conv_output_0:(ty=1,shape=[1,64,32,32]),/segment/S3/S3.0/shortcut/shortcut.0/Conv_output_0_scale:(ty=1,shape=[]),/segment/S4/S4.0/conv2/conv2.0/Conv_output_0_zero_point:(ty=2,shape=[])]", "device": "NPU"}, {"output": ["/segment/S4/S4.0/conv2/conv2.0/Conv_output_0_DequantizeLinear_Output"], "input": ["/segment/S4/S4.0/conv2/conv2.0/Conv_output_0_QuantizeLinear_Output", "/segment/S3/S3.0/shortcut/shortcut.0/Conv_output_0_scale", "/segment/S4/S4.0/conv2/conv2.0/Conv_output_0_zero_point"], "opType": "DequantizeLinear", "comment": "@238 [/segment/S4/S4.0/conv2/conv2.0/Conv_output_0_DequantizeLinear_Output:(ty=1,shape=[1,64,32,32])] DequantizeLinear [/segment/S4/S4.0/conv2/conv2.0/Conv_output_0_QuantizeLinear_Output:(ty=2,shape=[1,64,32,32]),/segment/S3/S3.0/shortcut/shortcut.0/Conv_output_0_scale:(ty=1,shape=[]),/segment/S4/S4.0/conv2/conv2.0/Conv_output_0_zero_point:(ty=2,shape=[])]", "device": "NPU"}, {"output": ["/segment/S3/S3.1/relu/Relu_output_0_DequantizeLinear_Output/duplicated"], "input": ["/segment/S3/S3.1/relu/Relu_output_0_QuantizeLinear_Output", "/detail/S2/S2.0/relu/Relu_output_0_scale", "/segment/S3/S3.1/relu/Relu_output_0_zero_point"], "opType": "DequantizeLinear", "comment": "@396 [/segment/S3/S3.1/relu/Relu_output_0_DequantizeLinear_Output/duplicated:(ty=1,shape=[1,32,64,64])] DequantizeLinear [/segment/S3/S3.1/relu/Relu_output_0_QuantizeLinear_Output:(ty=2,shape=[1,32,64,64]),/detail/S2/S2.0/relu/Relu_output_0_scale:(ty=1,shape=[]),/segment/S3/S3.1/relu/Relu_output_0_zero_point:(ty=2,shape=[])]", "device": "NPU"}, {"output": ["onnx::Conv_588_DequantizeLinear_Output"], "input": ["onnx::Conv_588_quantized", "onnx::Conv_645_scale", "onnx::Conv_588_zero_point"], "opType": "DequantizeLinear", "comment": "@58 [onnx::Conv_588_DequantizeLinear_Output:(ty=1,shape=[32])] DequantizeLinear [onnx::Conv_588_quantized:(ty=3,shape=[32]),onnx::Conv_645_scale:(ty=1,shape=[]),onnx::Conv_588_zero_point:(ty=3,shape=[])]", "device": "NPU"}, {"output": ["onnx::Conv_587_DequantizeLinear_Output"], "input": ["onnx::Conv_587_quantized", "onnx::Conv_518_scale", "onnx::Conv_587_zero_point"], "opType": "DequantizeLinear", "comment": "@57 [onnx::Conv_587_DequantizeLinear_Output:(ty=1,shape=[32,1,3,3])] DequantizeLinear [onnx::Conv_587_quantized:(ty=3,shape=[32,1,3,3]),onnx::Conv_518_scale:(ty=1,shape=[]),onnx::Conv_587_zero_point:(ty=3,shape=[])]", "device": "NPU"}, {"output": ["/segment/S4/S4.0/shortcut/shortcut.0/Conv_output_0"], "input": ["/segment/S3/S3.1/relu/Relu_output_0_DequantizeLinear_Output/duplicated", "onnx::Conv_587_DequantizeLinear_Output", "onnx::Conv_588_DequantizeLinear_Output"], "opType": "Conv", "comment": "@220 [/segment/S4/S4.0/shortcut/shortcut.0/Conv_output_0:(ty=1,shape=[1,32,32,32])] Conv [/segment/S3/S3.1/relu/Relu_output_0_DequantizeLinear_Output/duplicated:(ty=1,shape=[1,32,64,64]),onnx::Conv_587_DequantizeLinear_Output:(ty=1,shape=[32,1,3,3]),onnx::Conv_588_DequantizeLinear_Output:(ty=1,shape=[32])]", "device": "NPU"}, {"output": ["/segment/S4/S4.0/shortcut/shortcut.0/Conv_output_0_QuantizeLinear_Output"], "input": ["/segment/S4/S4.0/shortcut/shortcut.0/Conv_output_0", "/detail/S2/S2.0/relu/Relu_output_0_scale", "/segment/S4/S4.0/shortcut/shortcut.0/Conv_output_0_zero_point"], "opType": "QuantizeLinear", "comment": "@222 [/segment/S4/S4.0/shortcut/shortcut.0/Conv_output_0_QuantizeLinear_Output:(ty=2,shape=[1,32,32,32])] QuantizeLinear [/segment/S4/S4.0/shortcut/shortcut.0/Conv_output_0:(ty=1,shape=[1,32,32,32]),/detail/S2/S2.0/relu/Relu_output_0_scale:(ty=1,shape=[]),/segment/S4/S4.0/shortcut/shortcut.0/Conv_output_0_zero_point:(ty=2,shape=[])]", "device": "NPU"}, {"output": ["/segment/S4/S4.0/shortcut/shortcut.0/Conv_output_0_DequantizeLinear_Output"], "input": ["/segment/S4/S4.0/shortcut/shortcut.0/Conv_output_0_QuantizeLinear_Output", "/detail/S2/S2.0/relu/Relu_output_0_scale", "/segment/S4/S4.0/shortcut/shortcut.0/Conv_output_0_zero_point"], "opType": "DequantizeLinear", "comment": "@224 [/segment/S4/S4.0/shortcut/shortcut.0/Conv_output_0_DequantizeLinear_Output:(ty=1,shape=[1,32,32,32])] DequantizeLinear [/segment/S4/S4.0/shortcut/shortcut.0/Conv_output_0_QuantizeLinear_Output:(ty=2,shape=[1,32,32,32]),/detail/S2/S2.0/relu/Relu_output_0_scale:(ty=1,shape=[]),/segment/S4/S4.0/shortcut/shortcut.0/Conv_output_0_zero_point:(ty=2,shape=[])]", "device": "NPU"}, {"output": ["onnx::Conv_591_DequantizeLinear_Output"], "input": ["onnx::Conv_591_quantized", "/bga/Mul_output_0_scale", "onnx::Conv_591_zero_point"], "opType": "DequantizeLinear", "comment": "@60 [onnx::Conv_591_DequantizeLinear_Output:(ty=1,shape=[64])] DequantizeLinear [onnx::Conv_591_quantized:(ty=3,shape=[64]),/bga/Mul_output_0_scale:(ty=1,shape=[]),onnx::Conv_591_zero_point:(ty=3,shape=[])]", "device": "NPU"}, {"output": ["onnx::Conv_590_DequantizeLinear_Output"], "input": ["onnx::Conv_590_quantized", "onnx::Conv_518_scale", "onnx::Conv_590_zero_point"], "opType": "DequantizeLinear", "comment": "@59 [onnx::Conv_590_DequantizeLinear_Output:(ty=1,shape=[64,32,1,1])] DequantizeLinear [onnx::Conv_590_quantized:(ty=3,shape=[64,32,1,1]),onnx::Conv_518_scale:(ty=1,shape=[]),onnx::Conv_590_zero_point:(ty=3,shape=[])]", "device": "NPU"}, {"output": ["/segment/S4/S4.0/shortcut/shortcut.2/Conv_output_0"], "input": ["/segment/S4/S4.0/shortcut/shortcut.0/Conv_output_0_DequantizeLinear_Output", "onnx::Conv_590_DequantizeLinear_Output", "onnx::Conv_591_DequantizeLinear_Output"], "opType": "Conv", "comment": "@226 [/segment/S4/S4.0/shortcut/shortcut.2/Conv_output_0:(ty=1,shape=[1,64,32,32])] Conv [/segment/S4/S4.0/shortcut/shortcut.0/Conv_output_0_DequantizeLinear_Output:(ty=1,shape=[1,32,32,32]),onnx::Conv_590_DequantizeLinear_Output:(ty=1,shape=[64,32,1,1]),onnx::Conv_591_DequantizeLinear_Output:(ty=1,shape=[64])]", "device": "NPU"}, {"output": ["/segment/S4/S4.0/shortcut/shortcut.2/Conv_output_0_QuantizeLinear_Output"], "input": ["/segment/S4/S4.0/shortcut/shortcut.2/Conv_output_0", "/detail/S2/S2.0/relu/Relu_output_0_scale", "/segment/S4/S4.0/shortcut/shortcut.2/Conv_output_0_zero_point"], "opType": "QuantizeLinear", "comment": "@228 [/segment/S4/S4.0/shortcut/shortcut.2/Conv_output_0_QuantizeLinear_Output:(ty=2,shape=[1,64,32,32])] QuantizeLinear [/segment/S4/S4.0/shortcut/shortcut.2/Conv_output_0:(ty=1,shape=[1,64,32,32]),/detail/S2/S2.0/relu/Relu_output_0_scale:(ty=1,shape=[]),/segment/S4/S4.0/shortcut/shortcut.2/Conv_output_0_zero_point:(ty=2,shape=[])]", "device": "NPU"}, {"output": ["/segment/S4/S4.0/shortcut/shortcut.2/Conv_output_0_DequantizeLinear_Output"], "input": ["/segment/S4/S4.0/shortcut/shortcut.2/Conv_output_0_QuantizeLinear_Output", "/detail/S2/S2.0/relu/Relu_output_0_scale", "/segment/S4/S4.0/shortcut/shortcut.2/Conv_output_0_zero_point"], "opType": "DequantizeLinear", "comment": "@230 [/segment/S4/S4.0/shortcut/shortcut.2/Conv_output_0_DequantizeLinear_Output:(ty=1,shape=[1,64,32,32])] DequantizeLinear [/segment/S4/S4.0/shortcut/shortcut.2/Conv_output_0_QuantizeLinear_Output:(ty=2,shape=[1,64,32,32]),/detail/S2/S2.0/relu/Relu_output_0_scale:(ty=1,shape=[]),/segment/S4/S4.0/shortcut/shortcut.2/Conv_output_0_zero_point:(ty=2,shape=[])]", "device": "NPU"}, {"output": ["/segment/S4/S4.0/Add_output_0"], "input": ["/segment/S4/S4.0/conv2/conv2.0/Conv_output_0_DequantizeLinear_Output", "/segment/S4/S4.0/shortcut/shortcut.2/Conv_output_0_DequantizeLinear_Output"], "opType": "Add", "comment": "@239 [/segment/S4/S4.0/Add_output_0:(ty=1,shape=[1,64,32,32])] Add [/segment/S4/S4.0/conv2/conv2.0/Conv_output_0_DequantizeLinear_Output:(ty=1,shape=[1,64,32,32]),/segment/S4/S4.0/shortcut/shortcut.2/Conv_output_0_DequantizeLinear_Output:(ty=1,shape=[1,64,32,32])]", "device": "NPU"}, {"output": ["/segment/S4/S4.0/relu/Relu_output_0"], "input": ["/segment/S4/S4.0/Add_output_0"], "opType": "Relu", "comment": "@240 [/segment/S4/S4.0/relu/Relu_output_0:(ty=1,shape=[1,64,32,32])] Relu [/segment/S4/S4.0/Add_output_0:(ty=1,shape=[1,64,32,32])]", "device": "NPU"}, {"output": ["/segment/S4/S4.0/relu/Relu_output_0_QuantizeLinear_Output"], "input": ["/segment/S4/S4.0/relu/Relu_output_0", "/segment/S1S2/left/left.0/relu/Relu_output_0_scale", "/segment/S4/S4.0/relu/Relu_output_0_zero_point"], "opType": "QuantizeLinear", "comment": "@241 [/segment/S4/S4.0/relu/Relu_output_0_QuantizeLinear_Output:(ty=2,shape=[1,64,32,32])] QuantizeLinear [/segment/S4/S4.0/relu/Relu_output_0:(ty=1,shape=[1,64,32,32]),/segment/S1S2/left/left.0/relu/Relu_output_0_scale:(ty=1,shape=[]),/segment/S4/S4.0/relu/Relu_output_0_zero_point:(ty=2,shape=[])]", "device": "NPU"}, {"output": ["/segment/S4/S4.0/relu/Relu_output_0_DequantizeLinear_Output/duplicated"], "input": ["/segment/S4/S4.0/relu/Relu_output_0_QuantizeLinear_Output", "/segment/S1S2/left/left.0/relu/Relu_output_0_scale", "/segment/S4/S4.0/relu/Relu_output_0_zero_point"], "opType": "DequantizeLinear", "comment": "@397 [/segment/S4/S4.0/relu/Relu_output_0_DequantizeLinear_Output/duplicated:(ty=1,shape=[1,64,32,32])] DequantizeLinear [/segment/S4/S4.0/relu/Relu_output_0_QuantizeLinear_Output:(ty=2,shape=[1,64,32,32]),/segment/S1S2/left/left.0/relu/Relu_output_0_scale:(ty=1,shape=[]),/segment/S4/S4.0/relu/Relu_output_0_zero_point:(ty=2,shape=[])]", "device": "NPU"}, {"output": ["/segment/S4/S4.0/relu/Relu_output_0_DequantizeLinear_Output"], "input": ["/segment/S4/S4.0/relu/Relu_output_0_QuantizeLinear_Output", "/segment/S1S2/left/left.0/relu/Relu_output_0_scale", "/segment/S4/S4.0/relu/Relu_output_0_zero_point"], "opType": "DequantizeLinear", "comment": "@242 [/segment/S4/S4.0/relu/Relu_output_0_DequantizeLinear_Output:(ty=1,shape=[1,64,32,32])] DequantizeLinear [/segment/S4/S4.0/relu/Relu_output_0_QuantizeLinear_Output:(ty=2,shape=[1,64,32,32]),/segment/S1S2/left/left.0/relu/Relu_output_0_scale:(ty=1,shape=[]),/segment/S4/S4.0/relu/Relu_output_0_zero_point:(ty=2,shape=[])]", "device": "NPU"}, {"output": ["onnx::Conv_594_DequantizeLinear_Output"], "input": ["onnx::Conv_594_quantized", "/bga/Mul_output_0_scale", "onnx::Conv_594_zero_point"], "opType": "DequantizeLinear", "comment": "@62 [onnx::Conv_594_DequantizeLinear_Output:(ty=1,shape=[64])] DequantizeLinear [onnx::Conv_594_quantized:(ty=3,shape=[64]),/bga/Mul_output_0_scale:(ty=1,shape=[]),onnx::Conv_594_zero_point:(ty=3,shape=[])]", "device": "NPU"}, {"output": ["onnx::Conv_593_DequantizeLinear_Output"], "input": ["onnx::Conv_593_quantized", "head.conv_out.weight_scale", "onnx::Conv_593_zero_point"], "opType": "DequantizeLinear", "comment": "@61 [onnx::Conv_593_DequantizeLinear_Output:(ty=1,shape=[64,64,3,3])] DequantizeLinear [onnx::Conv_593_quantized:(ty=3,shape=[64,64,3,3]),head.conv_out.weight_scale:(ty=1,shape=[]),onnx::Conv_593_zero_point:(ty=3,shape=[])]", "device": "NPU"}, {"output": ["/segment/S4/S4.1/conv1/conv/Conv_output_0"], "input": ["/segment/S4/S4.0/relu/Relu_output_0_DequantizeLinear_Output", "onnx::Conv_593_DequantizeLinear_Output", "onnx::Conv_594_DequantizeLinear_Output"], "opType": "Conv", "comment": "@243 [/segment/S4/S4.1/conv1/conv/Conv_output_0:(ty=1,shape=[1,64,32,32])] Conv [/segment/S4/S4.0/relu/Relu_output_0_DequantizeLinear_Output:(ty=1,shape=[1,64,32,32]),onnx::Conv_593_DequantizeLinear_Output:(ty=1,shape=[64,64,3,3]),onnx::Conv_594_DequantizeLinear_Output:(ty=1,shape=[64])]", "device": "NPU"}, {"output": ["/segment/S4/S4.1/conv1/relu/Relu_output_0"], "input": ["/segment/S4/S4.1/conv1/conv/Conv_output_0"], "opType": "Relu", "comment": "@244 [/segment/S4/S4.1/conv1/relu/Relu_output_0:(ty=1,shape=[1,64,32,32])] Relu [/segment/S4/S4.1/conv1/conv/Conv_output_0:(ty=1,shape=[1,64,32,32])]", "device": "NPU"}, {"output": ["/segment/S4/S4.1/conv1/relu/Relu_output_0_QuantizeLinear_Output"], "input": ["/segment/S4/S4.1/conv1/relu/Relu_output_0", "onnx::Conv_645_scale", "/segment/S4/S4.1/conv1/relu/Relu_output_0_zero_point"], "opType": "QuantizeLinear", "comment": "@245 [/segment/S4/S4.1/conv1/relu/Relu_output_0_QuantizeLinear_Output:(ty=2,shape=[1,64,32,32])] QuantizeLinear [/segment/S4/S4.1/conv1/relu/Relu_output_0:(ty=1,shape=[1,64,32,32]),onnx::Conv_645_scale:(ty=1,shape=[]),/segment/S4/S4.1/conv1/relu/Relu_output_0_zero_point:(ty=2,shape=[])]", "device": "NPU"}, {"output": ["/segment/S4/S4.1/conv1/relu/Relu_output_0_DequantizeLinear_Output"], "input": ["/segment/S4/S4.1/conv1/relu/Relu_output_0_QuantizeLinear_Output", "onnx::Conv_645_scale", "/segment/S4/S4.1/conv1/relu/Relu_output_0_zero_point"], "opType": "DequantizeLinear", "comment": "@246 [/segment/S4/S4.1/conv1/relu/Relu_output_0_DequantizeLinear_Output:(ty=1,shape=[1,64,32,32])] DequantizeLinear [/segment/S4/S4.1/conv1/relu/Relu_output_0_QuantizeLinear_Output:(ty=2,shape=[1,64,32,32]),onnx::Conv_645_scale:(ty=1,shape=[]),/segment/S4/S4.1/conv1/relu/Relu_output_0_zero_point:(ty=2,shape=[])]", "device": "NPU"}, {"output": ["onnx::Conv_597_DequantizeLinear_Output"], "input": ["onnx::Conv_597_quantized", "onnx::Conv_645_scale", "onnx::Conv_597_zero_point"], "opType": "DequantizeLinear", "comment": "@64 [onnx::Conv_597_DequantizeLinear_Output:(ty=1,shape=[384])] DequantizeLinear [onnx::Conv_597_quantized:(ty=3,shape=[384]),onnx::Conv_645_scale:(ty=1,shape=[]),onnx::Conv_597_zero_point:(ty=3,shape=[])]", "device": "NPU"}, {"output": ["onnx::Conv_596_DequantizeLinear_Output"], "input": ["onnx::Conv_596_quantized", "/segment/S1S2/left/left.0/relu/Relu_output_0_scale", "onnx::Conv_596_zero_point"], "opType": "DequantizeLinear", "comment": "@63 [onnx::Conv_596_DequantizeLinear_Output:(ty=1,shape=[384,1,3,3])] DequantizeLinear [onnx::Conv_596_quantized:(ty=3,shape=[384,1,3,3]),/segment/S1S2/left/left.0/relu/Relu_output_0_scale:(ty=1,shape=[]),onnx::Conv_596_zero_point:(ty=3,shape=[])]", "device": "NPU"}, {"output": ["/segment/S4/S4.1/dwconv/dwconv.0/Conv_output_0"], "input": ["/segment/S4/S4.1/conv1/relu/Relu_output_0_DequantizeLinear_Output", "onnx::Conv_596_DequantizeLinear_Output", "onnx::Conv_597_DequantizeLinear_Output"], "opType": "Conv", "comment": "@247 [/segment/S4/S4.1/dwconv/dwconv.0/Conv_output_0:(ty=1,shape=[1,384,32,32])] Conv [/segment/S4/S4.1/conv1/relu/Relu_output_0_DequantizeLinear_Output:(ty=1,shape=[1,64,32,32]),onnx::Conv_596_DequantizeLinear_Output:(ty=1,shape=[384,1,3,3]),onnx::Conv_597_DequantizeLinear_Output:(ty=1,shape=[384])]", "device": "NPU"}, {"output": ["/segment/S4/S4.1/dwconv/dwconv.2/Relu_output_0"], "input": ["/segment/S4/S4.1/dwconv/dwconv.0/Conv_output_0"], "opType": "Relu", "comment": "@248 [/segment/S4/S4.1/dwconv/dwconv.2/Relu_output_0:(ty=1,shape=[1,384,32,32])] Relu [/segment/S4/S4.1/dwconv/dwconv.0/Conv_output_0:(ty=1,shape=[1,384,32,32])]", "device": "NPU"}, {"output": ["/segment/S4/S4.1/dwconv/dwconv.2/Relu_output_0_QuantizeLinear_Output"], "input": ["/segment/S4/S4.1/dwconv/dwconv.2/Relu_output_0", "onnx::Conv_645_scale", "/segment/S4/S4.1/dwconv/dwconv.2/Relu_output_0_zero_point"], "opType": "QuantizeLinear", "comment": "@249 [/segment/S4/S4.1/dwconv/dwconv.2/Relu_output_0_QuantizeLinear_Output:(ty=2,shape=[1,384,32,32])] QuantizeLinear [/segment/S4/S4.1/dwconv/dwconv.2/Relu_output_0:(ty=1,shape=[1,384,32,32]),onnx::Conv_645_scale:(ty=1,shape=[]),/segment/S4/S4.1/dwconv/dwconv.2/Relu_output_0_zero_point:(ty=2,shape=[])]", "device": "NPU"}, {"output": ["/segment/S4/S4.1/dwconv/dwconv.2/Relu_output_0_DequantizeLinear_Output"], "input": ["/segment/S4/S4.1/dwconv/dwconv.2/Relu_output_0_QuantizeLinear_Output", "onnx::Conv_645_scale", "/segment/S4/S4.1/dwconv/dwconv.2/Relu_output_0_zero_point"], "opType": "DequantizeLinear", "comment": "@250 [/segment/S4/S4.1/dwconv/dwconv.2/Relu_output_0_DequantizeLinear_Output:(ty=1,shape=[1,384,32,32])] DequantizeLinear [/segment/S4/S4.1/dwconv/dwconv.2/Relu_output_0_QuantizeLinear_Output:(ty=2,shape=[1,384,32,32]),onnx::Conv_645_scale:(ty=1,shape=[]),/segment/S4/S4.1/dwconv/dwconv.2/Relu_output_0_zero_point:(ty=2,shape=[])]", "device": "NPU"}, {"output": ["onnx::Conv_600_DequantizeLinear_Output"], "input": ["onnx::Conv_600_quantized", "onnx::Conv_645_scale", "onnx::Conv_600_zero_point"], "opType": "DequantizeLinear", "comment": "@66 [onnx::Conv_600_DequantizeLinear_Output:(ty=1,shape=[64])] DequantizeLinear [onnx::Conv_600_quantized:(ty=3,shape=[64]),onnx::Conv_645_scale:(ty=1,shape=[]),onnx::Conv_600_zero_point:(ty=3,shape=[])]", "device": "NPU"}, {"output": ["onnx::Conv_599_DequantizeLinear_Output"], "input": ["onnx::Conv_599_quantized", "image_scale", "onnx::Conv_599_zero_point"], "opType": "DequantizeLinear", "comment": "@65 [onnx::Conv_599_DequantizeLinear_Output:(ty=1,shape=[64,384,1,1])] DequantizeLinear [onnx::Conv_599_quantized:(ty=3,shape=[64,384,1,1]),image_scale:(ty=1,shape=[]),onnx::Conv_599_zero_point:(ty=3,shape=[])]", "device": "NPU"}, {"output": ["/segment/S4/S4.1/conv2/conv2.0/Conv_output_0"], "input": ["/segment/S4/S4.1/dwconv/dwconv.2/Relu_output_0_DequantizeLinear_Output", "onnx::Conv_599_DequantizeLinear_Output", "onnx::Conv_600_DequantizeLinear_Output"], "opType": "Conv", "comment": "@251 [/segment/S4/S4.1/conv2/conv2.0/Conv_output_0:(ty=1,shape=[1,64,32,32])] Conv [/segment/S4/S4.1/dwconv/dwconv.2/Relu_output_0_DequantizeLinear_Output:(ty=1,shape=[1,384,32,32]),onnx::Conv_599_DequantizeLinear_Output:(ty=1,shape=[64,384,1,1]),onnx::Conv_600_DequantizeLinear_Output:(ty=1,shape=[64])]", "device": "NPU"}, {"output": ["/segment/S4/S4.1/conv2/conv2.0/Conv_output_0_QuantizeLinear_Output"], "input": ["/segment/S4/S4.1/conv2/conv2.0/Conv_output_0", "/segment/S1S2/left/left.0/relu/Relu_output_0_scale", "/segment/S4/S4.1/conv2/conv2.0/Conv_output_0_zero_point"], "opType": "QuantizeLinear", "comment": "@252 [/segment/S4/S4.1/conv2/conv2.0/Conv_output_0_QuantizeLinear_Output:(ty=2,shape=[1,64,32,32])] QuantizeLinear [/segment/S4/S4.1/conv2/conv2.0/Conv_output_0:(ty=1,shape=[1,64,32,32]),/segment/S1S2/left/left.0/relu/Relu_output_0_scale:(ty=1,shape=[]),/segment/S4/S4.1/conv2/conv2.0/Conv_output_0_zero_point:(ty=2,shape=[])]", "device": "NPU"}, {"output": ["/segment/S4/S4.1/conv2/conv2.0/Conv_output_0_DequantizeLinear_Output"], "input": ["/segment/S4/S4.1/conv2/conv2.0/Conv_output_0_QuantizeLinear_Output", "/segment/S1S2/left/left.0/relu/Relu_output_0_scale", "/segment/S4/S4.1/conv2/conv2.0/Conv_output_0_zero_point"], "opType": "DequantizeLinear", "comment": "@253 [/segment/S4/S4.1/conv2/conv2.0/Conv_output_0_DequantizeLinear_Output:(ty=1,shape=[1,64,32,32])] DequantizeLinear [/segment/S4/S4.1/conv2/conv2.0/Conv_output_0_QuantizeLinear_Output:(ty=2,shape=[1,64,32,32]),/segment/S1S2/left/left.0/relu/Relu_output_0_scale:(ty=1,shape=[]),/segment/S4/S4.1/conv2/conv2.0/Conv_output_0_zero_point:(ty=2,shape=[])]", "device": "NPU"}, {"output": ["/segment/S4/S4.1/Add_output_0"], "input": ["/segment/S4/S4.1/conv2/conv2.0/Conv_output_0_DequantizeLinear_Output", "/segment/S4/S4.0/relu/Relu_output_0_DequantizeLinear_Output/duplicated"], "opType": "Add", "comment": "@254 [/segment/S4/S4.1/Add_output_0:(ty=1,shape=[1,64,32,32])] Add [/segment/S4/S4.1/conv2/conv2.0/Conv_output_0_DequantizeLinear_Output:(ty=1,shape=[1,64,32,32]),/segment/S4/S4.0/relu/Relu_output_0_DequantizeLinear_Output/duplicated:(ty=1,shape=[1,64,32,32])]", "device": "NPU"}, {"output": ["/segment/S4/S4.1/relu/Relu_output_0"], "input": ["/segment/S4/S4.1/Add_output_0"], "opType": "Relu", "comment": "@255 [/segment/S4/S4.1/relu/Relu_output_0:(ty=1,shape=[1,64,32,32])] Relu [/segment/S4/S4.1/Add_output_0:(ty=1,shape=[1,64,32,32])]", "device": "NPU"}, {"output": ["/segment/S4/S4.1/relu/Relu_output_0_QuantizeLinear_Output"], "input": ["/segment/S4/S4.1/relu/Relu_output_0", "/segment/S1S2/left/left.0/relu/Relu_output_0_scale", "/segment/S4/S4.1/relu/Relu_output_0_zero_point"], "opType": "QuantizeLinear", "comment": "@256 [/segment/S4/S4.1/relu/Relu_output_0_QuantizeLinear_Output:(ty=2,shape=[1,64,32,32])] QuantizeLinear [/segment/S4/S4.1/relu/Relu_output_0:(ty=1,shape=[1,64,32,32]),/segment/S1S2/left/left.0/relu/Relu_output_0_scale:(ty=1,shape=[]),/segment/S4/S4.1/relu/Relu_output_0_zero_point:(ty=2,shape=[])]", "device": "NPU"}, {"output": ["/segment/S4/S4.1/relu/Relu_output_0_DequantizeLinear_Output"], "input": ["/segment/S4/S4.1/relu/Relu_output_0_QuantizeLinear_Output", "/segment/S1S2/left/left.0/relu/Relu_output_0_scale", "/segment/S4/S4.1/relu/Relu_output_0_zero_point"], "opType": "DequantizeLinear", "comment": "@257 [/segment/S4/S4.1/relu/Relu_output_0_DequantizeLinear_Output:(ty=1,shape=[1,64,32,32])] DequantizeLinear [/segment/S4/S4.1/relu/Relu_output_0_QuantizeLinear_Output:(ty=2,shape=[1,64,32,32]),/segment/S1S2/left/left.0/relu/Relu_output_0_scale:(ty=1,shape=[]),/segment/S4/S4.1/relu/Relu_output_0_zero_point:(ty=2,shape=[])]", "device": "NPU"}, {"output": ["onnx::Conv_603_DequantizeLinear_Output"], "input": ["onnx::Conv_603_quantized", "/bga/Mul_output_0_scale", "onnx::Conv_603_zero_point"], "opType": "DequantizeLinear", "comment": "@68 [onnx::Conv_603_DequantizeLinear_Output:(ty=1,shape=[64])] DequantizeLinear [onnx::Conv_603_quantized:(ty=3,shape=[64]),/bga/Mul_output_0_scale:(ty=1,shape=[]),onnx::Conv_603_zero_point:(ty=3,shape=[])]", "device": "NPU"}, {"output": ["onnx::Conv_602_DequantizeLinear_Output"], "input": ["onnx::Conv_602_quantized", "onnx::Conv_602_scale", "onnx::Conv_602_zero_point"], "opType": "DequantizeLinear", "comment": "@67 [onnx::Conv_602_DequantizeLinear_Output:(ty=1,shape=[64,64,3,3])] DequantizeLinear [onnx::Conv_602_quantized:(ty=3,shape=[64,64,3,3]),onnx::Conv_602_scale:(ty=1,shape=[]),onnx::Conv_602_zero_point:(ty=3,shape=[])]", "device": "NPU"}, {"output": ["/segment/S5_4/S5_4.0/conv1/conv/Conv_output_0"], "input": ["/segment/S4/S4.1/relu/Relu_output_0_DequantizeLinear_Output", "onnx::Conv_602_DequantizeLinear_Output", "onnx::Conv_603_DequantizeLinear_Output"], "opType": "Conv", "comment": "@258 [/segment/S5_4/S5_4.0/conv1/conv/Conv_output_0:(ty=1,shape=[1,64,32,32])] Conv [/segment/S4/S4.1/relu/Relu_output_0_DequantizeLinear_Output:(ty=1,shape=[1,64,32,32]),onnx::Conv_602_DequantizeLinear_Output:(ty=1,shape=[64,64,3,3]),onnx::Conv_603_DequantizeLinear_Output:(ty=1,shape=[64])]", "device": "NPU"}, {"output": ["/segment/S5_4/S5_4.0/conv1/relu/Relu_output_0"], "input": ["/segment/S5_4/S5_4.0/conv1/conv/Conv_output_0"], "opType": "Relu", "comment": "@260 [/segment/S5_4/S5_4.0/conv1/relu/Relu_output_0:(ty=1,shape=[1,64,32,32])] Relu [/segment/S5_4/S5_4.0/conv1/conv/Conv_output_0:(ty=1,shape=[1,64,32,32])]", "device": "NPU"}, {"output": ["/segment/S5_4/S5_4.0/conv1/relu/Relu_output_0_QuantizeLinear_Output"], "input": ["/segment/S5_4/S5_4.0/conv1/relu/Relu_output_0", "onnx::Conv_645_scale", "/segment/S5_4/S5_4.0/conv1/relu/Relu_output_0_zero_point"], "opType": "QuantizeLinear", "comment": "@262 [/segment/S5_4/S5_4.0/conv1/relu/Relu_output_0_QuantizeLinear_Output:(ty=2,shape=[1,64,32,32])] QuantizeLinear [/segment/S5_4/S5_4.0/conv1/relu/Relu_output_0:(ty=1,shape=[1,64,32,32]),onnx::Conv_645_scale:(ty=1,shape=[]),/segment/S5_4/S5_4.0/conv1/relu/Relu_output_0_zero_point:(ty=2,shape=[])]", "device": "NPU"}, {"output": ["/segment/S5_4/S5_4.0/conv1/relu/Relu_output_0_DequantizeLinear_Output"], "input": ["/segment/S5_4/S5_4.0/conv1/relu/Relu_output_0_QuantizeLinear_Output", "onnx::Conv_645_scale", "/segment/S5_4/S5_4.0/conv1/relu/Relu_output_0_zero_point"], "opType": "DequantizeLinear", "comment": "@264 [/segment/S5_4/S5_4.0/conv1/relu/Relu_output_0_DequantizeLinear_Output:(ty=1,shape=[1,64,32,32])] DequantizeLinear [/segment/S5_4/S5_4.0/conv1/relu/Relu_output_0_QuantizeLinear_Output:(ty=2,shape=[1,64,32,32]),onnx::Conv_645_scale:(ty=1,shape=[]),/segment/S5_4/S5_4.0/conv1/relu/Relu_output_0_zero_point:(ty=2,shape=[])]", "device": "NPU"}, {"output": ["onnx::Conv_606_DequantizeLinear_Output"], "input": ["onnx::Conv_606_quantized", "/bga/Mul_output_0_scale", "onnx::Conv_606_zero_point"], "opType": "DequantizeLinear", "comment": "@70 [onnx::Conv_606_DequantizeLinear_Output:(ty=1,shape=[384])] DequantizeLinear [onnx::Conv_606_quantized:(ty=3,shape=[384]),/bga/Mul_output_0_scale:(ty=1,shape=[]),onnx::Conv_606_zero_point:(ty=3,shape=[])]", "device": "NPU"}, {"output": ["onnx::Conv_605_DequantizeLinear_Output"], "input": ["onnx::Conv_605_quantized", "onnx::Conv_581_scale", "onnx::Conv_605_zero_point"], "opType": "DequantizeLinear", "comment": "@69 [onnx::Conv_605_DequantizeLinear_Output:(ty=1,shape=[384,1,3,3])] DequantizeLinear [onnx::Conv_605_quantized:(ty=3,shape=[384,1,3,3]),onnx::Conv_581_scale:(ty=1,shape=[]),onnx::Conv_605_zero_point:(ty=3,shape=[])]", "device": "NPU"}, {"output": ["/segment/S5_4/S5_4.0/dwconv1/dwconv1.0/Conv_output_0"], "input": ["/segment/S5_4/S5_4.0/conv1/relu/Relu_output_0_DequantizeLinear_Output", "onnx::Conv_605_DequantizeLinear_Output", "onnx::Conv_606_DequantizeLinear_Output"], "opType": "Conv", "comment": "@266 [/segment/S5_4/S5_4.0/dwconv1/dwconv1.0/Conv_output_0:(ty=1,shape=[1,384,16,16])] Conv [/segment/S5_4/S5_4.0/conv1/relu/Relu_output_0_DequantizeLinear_Output:(ty=1,shape=[1,64,32,32]),onnx::Conv_605_DequantizeLinear_Output:(ty=1,shape=[384,1,3,3]),onnx::Conv_606_DequantizeLinear_Output:(ty=1,shape=[384])]", "device": "NPU"}, {"output": ["/segment/S5_4/S5_4.0/dwconv1/dwconv1.0/Conv_output_0_QuantizeLinear_Output"], "input": ["/segment/S5_4/S5_4.0/dwconv1/dwconv1.0/Conv_output_0", "onnx::Conv_645_scale", "/segment/S5_4/S5_4.0/dwconv1/dwconv1.0/Conv_output_0_zero_point"], "opType": "QuantizeLinear", "comment": "@268 [/segment/S5_4/S5_4.0/dwconv1/dwconv1.0/Conv_output_0_QuantizeLinear_Output:(ty=2,shape=[1,384,16,16])] QuantizeLinear [/segment/S5_4/S5_4.0/dwconv1/dwconv1.0/Conv_output_0:(ty=1,shape=[1,384,16,16]),onnx::Conv_645_scale:(ty=1,shape=[]),/segment/S5_4/S5_4.0/dwconv1/dwconv1.0/Conv_output_0_zero_point:(ty=2,shape=[])]", "device": "NPU"}, {"output": ["/segment/S5_4/S5_4.0/dwconv1/dwconv1.0/Conv_output_0_DequantizeLinear_Output"], "input": ["/segment/S5_4/S5_4.0/dwconv1/dwconv1.0/Conv_output_0_QuantizeLinear_Output", "onnx::Conv_645_scale", "/segment/S5_4/S5_4.0/dwconv1/dwconv1.0/Conv_output_0_zero_point"], "opType": "DequantizeLinear", "comment": "@270 [/segment/S5_4/S5_4.0/dwconv1/dwconv1.0/Conv_output_0_DequantizeLinear_Output:(ty=1,shape=[1,384,16,16])] DequantizeLinear [/segment/S5_4/S5_4.0/dwconv1/dwconv1.0/Conv_output_0_QuantizeLinear_Output:(ty=2,shape=[1,384,16,16]),onnx::Conv_645_scale:(ty=1,shape=[]),/segment/S5_4/S5_4.0/dwconv1/dwconv1.0/Conv_output_0_zero_point:(ty=2,shape=[])]", "device": "NPU"}, {"output": ["onnx::Conv_609_DequantizeLinear_Output"], "input": ["onnx::Conv_609_quantized", "image_scale", "onnx::Conv_609_zero_point"], "opType": "DequantizeLinear", "comment": "@72 [onnx::Conv_609_DequantizeLinear_Output:(ty=1,shape=[384])] DequantizeLinear [onnx::Conv_609_quantized:(ty=3,shape=[384]),image_scale:(ty=1,shape=[]),onnx::Conv_609_zero_point:(ty=3,shape=[])]", "device": "NPU"}, {"output": ["onnx::Conv_608_DequantizeLinear_Output"], "input": ["onnx::Conv_608_quantized", "onnx::Conv_581_scale", "onnx::Conv_608_zero_point"], "opType": "DequantizeLinear", "comment": "@71 [onnx::Conv_608_DequantizeLinear_Output:(ty=1,shape=[384,1,3,3])] DequantizeLinear [onnx::Conv_608_quantized:(ty=3,shape=[384,1,3,3]),onnx::Conv_581_scale:(ty=1,shape=[]),onnx::Conv_608_zero_point:(ty=3,shape=[])]", "device": "NPU"}, {"output": ["/segment/S5_4/S5_4.0/dwconv2/dwconv2.0/Conv_output_0"], "input": ["/segment/S5_4/S5_4.0/dwconv1/dwconv1.0/Conv_output_0_DequantizeLinear_Output", "onnx::Conv_608_DequantizeLinear_Output", "onnx::Conv_609_DequantizeLinear_Output"], "opType": "Conv", "comment": "@271 [/segment/S5_4/S5_4.0/dwconv2/dwconv2.0/Conv_output_0:(ty=1,shape=[1,384,16,16])] Conv [/segment/S5_4/S5_4.0/dwconv1/dwconv1.0/Conv_output_0_DequantizeLinear_Output:(ty=1,shape=[1,384,16,16]),onnx::Conv_608_DequantizeLinear_Output:(ty=1,shape=[384,1,3,3]),onnx::Conv_609_DequantizeLinear_Output:(ty=1,shape=[384])]", "device": "NPU"}, {"output": ["/segment/S5_4/S5_4.0/dwconv2/dwconv2.2/Relu_output_0"], "input": ["/segment/S5_4/S5_4.0/dwconv2/dwconv2.0/Conv_output_0"], "opType": "Relu", "comment": "@272 [/segment/S5_4/S5_4.0/dwconv2/dwconv2.2/Relu_output_0:(ty=1,shape=[1,384,16,16])] Relu [/segment/S5_4/S5_4.0/dwconv2/dwconv2.0/Conv_output_0:(ty=1,shape=[1,384,16,16])]", "device": "NPU"}, {"output": ["/segment/S5_4/S5_4.0/dwconv2/dwconv2.2/Relu_output_0_QuantizeLinear_Output"], "input": ["/segment/S5_4/S5_4.0/dwconv2/dwconv2.2/Relu_output_0", "onnx::Conv_645_scale", "/segment/S5_4/S5_4.0/dwconv2/dwconv2.2/Relu_output_0_zero_point"], "opType": "QuantizeLinear", "comment": "@273 [/segment/S5_4/S5_4.0/dwconv2/dwconv2.2/Relu_output_0_QuantizeLinear_Output:(ty=2,shape=[1,384,16,16])] QuantizeLinear [/segment/S5_4/S5_4.0/dwconv2/dwconv2.2/Relu_output_0:(ty=1,shape=[1,384,16,16]),onnx::Conv_645_scale:(ty=1,shape=[]),/segment/S5_4/S5_4.0/dwconv2/dwconv2.2/Relu_output_0_zero_point:(ty=2,shape=[])]", "device": "NPU"}, {"output": ["/segment/S5_4/S5_4.0/dwconv2/dwconv2.2/Relu_output_0_DequantizeLinear_Output"], "input": ["/segment/S5_4/S5_4.0/dwconv2/dwconv2.2/Relu_output_0_QuantizeLinear_Output", "onnx::Conv_645_scale", "/segment/S5_4/S5_4.0/dwconv2/dwconv2.2/Relu_output_0_zero_point"], "opType": "DequantizeLinear", "comment": "@274 [/segment/S5_4/S5_4.0/dwconv2/dwconv2.2/Relu_output_0_DequantizeLinear_Output:(ty=1,shape=[1,384,16,16])] DequantizeLinear [/segment/S5_4/S5_4.0/dwconv2/dwconv2.2/Relu_output_0_QuantizeLinear_Output:(ty=2,shape=[1,384,16,16]),onnx::Conv_645_scale:(ty=1,shape=[]),/segment/S5_4/S5_4.0/dwconv2/dwconv2.2/Relu_output_0_zero_point:(ty=2,shape=[])]", "device": "NPU"}, {"output": ["onnx::Conv_612_DequantizeLinear_Output"], "input": ["onnx::Conv_612_quantized", "onnx::Conv_645_scale", "onnx::Conv_612_zero_point"], "opType": "DequantizeLinear", "comment": "@74 [onnx::Conv_612_DequantizeLinear_Output:(ty=1,shape=[128])] DequantizeLinear [onnx::Conv_612_quantized:(ty=3,shape=[128]),onnx::Conv_645_scale:(ty=1,shape=[]),onnx::Conv_612_zero_point:(ty=3,shape=[])]", "device": "NPU"}, {"output": ["onnx::Conv_611_DequantizeLinear_Output"], "input": ["onnx::Conv_611_quantized", "onnx::Conv_581_scale", "onnx::Conv_611_zero_point"], "opType": "DequantizeLinear", "comment": "@73 [onnx::Conv_611_DequantizeLinear_Output:(ty=1,shape=[128,384,1,1])] DequantizeLinear [onnx::Conv_611_quantized:(ty=3,shape=[128,384,1,1]),onnx::Conv_581_scale:(ty=1,shape=[]),onnx::Conv_611_zero_point:(ty=3,shape=[])]", "device": "NPU"}, {"output": ["/segment/S5_4/S5_4.0/conv2/conv2.0/Conv_output_0"], "input": ["/segment/S5_4/S5_4.0/dwconv2/dwconv2.2/Relu_output_0_DequantizeLinear_Output", "onnx::Conv_611_DequantizeLinear_Output", "onnx::Conv_612_DequantizeLinear_Output"], "opType": "Conv", "comment": "@275 [/segment/S5_4/S5_4.0/conv2/conv2.0/Conv_output_0:(ty=1,shape=[1,128,16,16])] Conv [/segment/S5_4/S5_4.0/dwconv2/dwconv2.2/Relu_output_0_DequantizeLinear_Output:(ty=1,shape=[1,384,16,16]),onnx::Conv_611_DequantizeLinear_Output:(ty=1,shape=[128,384,1,1]),onnx::Conv_612_DequantizeLinear_Output:(ty=1,shape=[128])]", "device": "NPU"}, {"output": ["/segment/S5_4/S5_4.0/conv2/conv2.0/Conv_output_0_QuantizeLinear_Output"], "input": ["/segment/S5_4/S5_4.0/conv2/conv2.0/Conv_output_0", "/segment/S1S2/left/left.0/relu/Relu_output_0_scale", "/segment/S5_4/S5_4.0/conv2/conv2.0/Conv_output_0_zero_point"], "opType": "QuantizeLinear", "comment": "@276 [/segment/S5_4/S5_4.0/conv2/conv2.0/Conv_output_0_QuantizeLinear_Output:(ty=2,shape=[1,128,16,16])] QuantizeLinear [/segment/S5_4/S5_4.0/conv2/conv2.0/Conv_output_0:(ty=1,shape=[1,128,16,16]),/segment/S1S2/left/left.0/relu/Relu_output_0_scale:(ty=1,shape=[]),/segment/S5_4/S5_4.0/conv2/conv2.0/Conv_output_0_zero_point:(ty=2,shape=[])]", "device": "NPU"}, {"output": ["/segment/S5_4/S5_4.0/conv2/conv2.0/Conv_output_0_DequantizeLinear_Output"], "input": ["/segment/S5_4/S5_4.0/conv2/conv2.0/Conv_output_0_QuantizeLinear_Output", "/segment/S1S2/left/left.0/relu/Relu_output_0_scale", "/segment/S5_4/S5_4.0/conv2/conv2.0/Conv_output_0_zero_point"], "opType": "DequantizeLinear", "comment": "@277 [/segment/S5_4/S5_4.0/conv2/conv2.0/Conv_output_0_DequantizeLinear_Output:(ty=1,shape=[1,128,16,16])] DequantizeLinear [/segment/S5_4/S5_4.0/conv2/conv2.0/Conv_output_0_QuantizeLinear_Output:(ty=2,shape=[1,128,16,16]),/segment/S1S2/left/left.0/relu/Relu_output_0_scale:(ty=1,shape=[]),/segment/S5_4/S5_4.0/conv2/conv2.0/Conv_output_0_zero_point:(ty=2,shape=[])]", "device": "NPU"}, {"output": ["/segment/S4/S4.1/relu/Relu_output_0_DequantizeLinear_Output/duplicated"], "input": ["/segment/S4/S4.1/relu/Relu_output_0_QuantizeLinear_Output", "/segment/S1S2/left/left.0/relu/Relu_output_0_scale", "/segment/S4/S4.1/relu/Relu_output_0_zero_point"], "opType": "DequantizeLinear", "comment": "@398 [/segment/S4/S4.1/relu/Relu_output_0_DequantizeLinear_Output/duplicated:(ty=1,shape=[1,64,32,32])] DequantizeLinear [/segment/S4/S4.1/relu/Relu_output_0_QuantizeLinear_Output:(ty=2,shape=[1,64,32,32]),/segment/S1S2/left/left.0/relu/Relu_output_0_scale:(ty=1,shape=[]),/segment/S4/S4.1/relu/Relu_output_0_zero_point:(ty=2,shape=[])]", "device": "NPU"}, {"output": ["onnx::Conv_615_DequantizeLinear_Output"], "input": ["onnx::Conv_615_quantized", "image_scale", "onnx::Conv_615_zero_point"], "opType": "DequantizeLinear", "comment": "@76 [onnx::Conv_615_DequantizeLinear_Output:(ty=1,shape=[64])] DequantizeLinear [onnx::Conv_615_quantized:(ty=3,shape=[64]),image_scale:(ty=1,shape=[]),onnx::Conv_615_zero_point:(ty=3,shape=[])]", "device": "NPU"}, {"output": ["onnx::Conv_614_DequantizeLinear_Output"], "input": ["onnx::Conv_614_quantized", "bga.right2.2.weight_scale", "onnx::Conv_614_zero_point"], "opType": "DequantizeLinear", "comment": "@75 [onnx::Conv_614_DequantizeLinear_Output:(ty=1,shape=[64,1,3,3])] DequantizeLinear [onnx::Conv_614_quantized:(ty=3,shape=[64,1,3,3]),bga.right2.2.weight_scale:(ty=1,shape=[]),onnx::Conv_614_zero_point:(ty=3,shape=[])]", "device": "NPU"}, {"output": ["/segment/S5_4/S5_4.0/shortcut/shortcut.0/Conv_output_0"], "input": ["/segment/S4/S4.1/relu/Relu_output_0_DequantizeLinear_Output/duplicated", "onnx::Conv_614_DequantizeLinear_Output", "onnx::Conv_615_DequantizeLinear_Output"], "opType": "Conv", "comment": "@259 [/segment/S5_4/S5_4.0/shortcut/shortcut.0/Conv_output_0:(ty=1,shape=[1,64,16,16])] Conv [/segment/S4/S4.1/relu/Relu_output_0_DequantizeLinear_Output/duplicated:(ty=1,shape=[1,64,32,32]),onnx::Conv_614_DequantizeLinear_Output:(ty=1,shape=[64,1,3,3]),onnx::Conv_615_DequantizeLinear_Output:(ty=1,shape=[64])]", "device": "NPU"}, {"output": ["/segment/S5_4/S5_4.0/shortcut/shortcut.0/Conv_output_0_QuantizeLinear_Output"], "input": ["/segment/S5_4/S5_4.0/shortcut/shortcut.0/Conv_output_0", "/segment/S1S2/left/left.0/relu/Relu_output_0_scale", "/segment/S5_4/S5_4.0/shortcut/shortcut.0/Conv_output_0_zero_point"], "opType": "QuantizeLinear", "comment": "@261 [/segment/S5_4/S5_4.0/shortcut/shortcut.0/Conv_output_0_QuantizeLinear_Output:(ty=2,shape=[1,64,16,16])] QuantizeLinear [/segment/S5_4/S5_4.0/shortcut/shortcut.0/Conv_output_0:(ty=1,shape=[1,64,16,16]),/segment/S1S2/left/left.0/relu/Relu_output_0_scale:(ty=1,shape=[]),/segment/S5_4/S5_4.0/shortcut/shortcut.0/Conv_output_0_zero_point:(ty=2,shape=[])]", "device": "NPU"}, {"output": ["/segment/S5_4/S5_4.0/shortcut/shortcut.0/Conv_output_0_DequantizeLinear_Output"], "input": ["/segment/S5_4/S5_4.0/shortcut/shortcut.0/Conv_output_0_QuantizeLinear_Output", "/segment/S1S2/left/left.0/relu/Relu_output_0_scale", "/segment/S5_4/S5_4.0/shortcut/shortcut.0/Conv_output_0_zero_point"], "opType": "DequantizeLinear", "comment": "@263 [/segment/S5_4/S5_4.0/shortcut/shortcut.0/Conv_output_0_DequantizeLinear_Output:(ty=1,shape=[1,64,16,16])] DequantizeLinear [/segment/S5_4/S5_4.0/shortcut/shortcut.0/Conv_output_0_QuantizeLinear_Output:(ty=2,shape=[1,64,16,16]),/segment/S1S2/left/left.0/relu/Relu_output_0_scale:(ty=1,shape=[]),/segment/S5_4/S5_4.0/shortcut/shortcut.0/Conv_output_0_zero_point:(ty=2,shape=[])]", "device": "NPU"}, {"output": ["onnx::Conv_618_DequantizeLinear_Output"], "input": ["onnx::Conv_618_quantized", "/bga/Mul_output_0_scale", "onnx::Conv_618_zero_point"], "opType": "DequantizeLinear", "comment": "@78 [onnx::Conv_618_DequantizeLinear_Output:(ty=1,shape=[128])] DequantizeLinear [onnx::Conv_618_quantized:(ty=3,shape=[128]),/bga/Mul_output_0_scale:(ty=1,shape=[]),onnx::Conv_618_zero_point:(ty=3,shape=[])]", "device": "NPU"}, {"output": ["onnx::Conv_617_DequantizeLinear_Output"], "input": ["onnx::Conv_617_quantized", "onnx::Conv_518_scale", "onnx::Conv_617_zero_point"], "opType": "DequantizeLinear", "comment": "@77 [onnx::Conv_617_DequantizeLinear_Output:(ty=1,shape=[128,64,1,1])] DequantizeLinear [onnx::Conv_617_quantized:(ty=3,shape=[128,64,1,1]),onnx::Conv_518_scale:(ty=1,shape=[]),onnx::Conv_617_zero_point:(ty=3,shape=[])]", "device": "NPU"}, {"output": ["/segment/S5_4/S5_4.0/shortcut/shortcut.2/Conv_output_0"], "input": ["/segment/S5_4/S5_4.0/shortcut/shortcut.0/Conv_output_0_DequantizeLinear_Output", "onnx::Conv_617_DequantizeLinear_Output", "onnx::Conv_618_DequantizeLinear_Output"], "opType": "Conv", "comment": "@265 [/segment/S5_4/S5_4.0/shortcut/shortcut.2/Conv_output_0:(ty=1,shape=[1,128,16,16])] Conv [/segment/S5_4/S5_4.0/shortcut/shortcut.0/Conv_output_0_DequantizeLinear_Output:(ty=1,shape=[1,64,16,16]),onnx::Conv_617_DequantizeLinear_Output:(ty=1,shape=[128,64,1,1]),onnx::Conv_618_DequantizeLinear_Output:(ty=1,shape=[128])]", "device": "NPU"}, {"output": ["/segment/S5_4/S5_4.0/shortcut/shortcut.2/Conv_output_0_QuantizeLinear_Output"], "input": ["/segment/S5_4/S5_4.0/shortcut/shortcut.2/Conv_output_0", "/segment/S1S2/left/left.0/relu/Relu_output_0_scale", "/segment/S5_4/S5_4.0/shortcut/shortcut.2/Conv_output_0_zero_point"], "opType": "QuantizeLinear", "comment": "@267 [/segment/S5_4/S5_4.0/shortcut/shortcut.2/Conv_output_0_QuantizeLinear_Output:(ty=2,shape=[1,128,16,16])] QuantizeLinear [/segment/S5_4/S5_4.0/shortcut/shortcut.2/Conv_output_0:(ty=1,shape=[1,128,16,16]),/segment/S1S2/left/left.0/relu/Relu_output_0_scale:(ty=1,shape=[]),/segment/S5_4/S5_4.0/shortcut/shortcut.2/Conv_output_0_zero_point:(ty=2,shape=[])]", "device": "NPU"}, {"output": ["/segment/S5_4/S5_4.0/shortcut/shortcut.2/Conv_output_0_DequantizeLinear_Output"], "input": ["/segment/S5_4/S5_4.0/shortcut/shortcut.2/Conv_output_0_QuantizeLinear_Output", "/segment/S1S2/left/left.0/relu/Relu_output_0_scale", "/segment/S5_4/S5_4.0/shortcut/shortcut.2/Conv_output_0_zero_point"], "opType": "DequantizeLinear", "comment": "@269 [/segment/S5_4/S5_4.0/shortcut/shortcut.2/Conv_output_0_DequantizeLinear_Output:(ty=1,shape=[1,128,16,16])] DequantizeLinear [/segment/S5_4/S5_4.0/shortcut/shortcut.2/Conv_output_0_QuantizeLinear_Output:(ty=2,shape=[1,128,16,16]),/segment/S1S2/left/left.0/relu/Relu_output_0_scale:(ty=1,shape=[]),/segment/S5_4/S5_4.0/shortcut/shortcut.2/Conv_output_0_zero_point:(ty=2,shape=[])]", "device": "NPU"}, {"output": ["/segment/S5_4/S5_4.0/Add_output_0"], "input": ["/segment/S5_4/S5_4.0/conv2/conv2.0/Conv_output_0_DequantizeLinear_Output", "/segment/S5_4/S5_4.0/shortcut/shortcut.2/Conv_output_0_DequantizeLinear_Output"], "opType": "Add", "comment": "@278 [/segment/S5_4/S5_4.0/Add_output_0:(ty=1,shape=[1,128,16,16])] Add [/segment/S5_4/S5_4.0/conv2/conv2.0/Conv_output_0_DequantizeLinear_Output:(ty=1,shape=[1,128,16,16]),/segment/S5_4/S5_4.0/shortcut/shortcut.2/Conv_output_0_DequantizeLinear_Output:(ty=1,shape=[1,128,16,16])]", "device": "NPU"}, {"output": ["/segment/S5_4/S5_4.0/relu/Relu_output_0"], "input": ["/segment/S5_4/S5_4.0/Add_output_0"], "opType": "Relu", "comment": "@279 [/segment/S5_4/S5_4.0/relu/Relu_output_0:(ty=1,shape=[1,128,16,16])] Relu [/segment/S5_4/S5_4.0/Add_output_0:(ty=1,shape=[1,128,16,16])]", "device": "NPU"}, {"output": ["/segment/S5_4/S5_4.0/relu/Relu_output_0_QuantizeLinear_Output"], "input": ["/segment/S5_4/S5_4.0/relu/Relu_output_0", "/segment/S1S2/left/left.0/relu/Relu_output_0_scale", "/segment/S5_4/S5_4.0/relu/Relu_output_0_zero_point"], "opType": "QuantizeLinear", "comment": "@280 [/segment/S5_4/S5_4.0/relu/Relu_output_0_QuantizeLinear_Output:(ty=2,shape=[1,128,16,16])] QuantizeLinear [/segment/S5_4/S5_4.0/relu/Relu_output_0:(ty=1,shape=[1,128,16,16]),/segment/S1S2/left/left.0/relu/Relu_output_0_scale:(ty=1,shape=[]),/segment/S5_4/S5_4.0/relu/Relu_output_0_zero_point:(ty=2,shape=[])]", "device": "NPU"}, {"output": ["/segment/S5_4/S5_4.0/relu/Relu_output_0_DequantizeLinear_Output/duplicated"], "input": ["/segment/S5_4/S5_4.0/relu/Relu_output_0_QuantizeLinear_Output", "/segment/S1S2/left/left.0/relu/Relu_output_0_scale", "/segment/S5_4/S5_4.0/relu/Relu_output_0_zero_point"], "opType": "DequantizeLinear", "comment": "@399 [/segment/S5_4/S5_4.0/relu/Relu_output_0_DequantizeLinear_Output/duplicated:(ty=1,shape=[1,128,16,16])] DequantizeLinear [/segment/S5_4/S5_4.0/relu/Relu_output_0_QuantizeLinear_Output:(ty=2,shape=[1,128,16,16]),/segment/S1S2/left/left.0/relu/Relu_output_0_scale:(ty=1,shape=[]),/segment/S5_4/S5_4.0/relu/Relu_output_0_zero_point:(ty=2,shape=[])]", "device": "NPU"}, {"output": ["/segment/S5_4/S5_4.0/relu/Relu_output_0_DequantizeLinear_Output"], "input": ["/segment/S5_4/S5_4.0/relu/Relu_output_0_QuantizeLinear_Output", "/segment/S1S2/left/left.0/relu/Relu_output_0_scale", "/segment/S5_4/S5_4.0/relu/Relu_output_0_zero_point"], "opType": "DequantizeLinear", "comment": "@281 [/segment/S5_4/S5_4.0/relu/Relu_output_0_DequantizeLinear_Output:(ty=1,shape=[1,128,16,16])] DequantizeLinear [/segment/S5_4/S5_4.0/relu/Relu_output_0_QuantizeLinear_Output:(ty=2,shape=[1,128,16,16]),/segment/S1S2/left/left.0/relu/Relu_output_0_scale:(ty=1,shape=[]),/segment/S5_4/S5_4.0/relu/Relu_output_0_zero_point:(ty=2,shape=[])]", "device": "NPU"}, {"output": ["onnx::Conv_621_DequantizeLinear_Output"], "input": ["onnx::Conv_621_quantized", "/bga/Mul_output_0_scale", "onnx::Conv_621_zero_point"], "opType": "DequantizeLinear", "comment": "@80 [onnx::Conv_621_DequantizeLinear_Output:(ty=1,shape=[128])] DequantizeLinear [onnx::Conv_621_quantized:(ty=3,shape=[128]),/bga/Mul_output_0_scale:(ty=1,shape=[]),onnx::Conv_621_zero_point:(ty=3,shape=[])]", "device": "NPU"}, {"output": ["onnx::Conv_620_DequantizeLinear_Output"], "input": ["onnx::Conv_620_quantized", "head.conv_out.weight_scale", "onnx::Conv_620_zero_point"], "opType": "DequantizeLinear", "comment": "@79 [onnx::Conv_620_DequantizeLinear_Output:(ty=1,shape=[128,128,3,3])] DequantizeLinear [onnx::Conv_620_quantized:(ty=3,shape=[128,128,3,3]),head.conv_out.weight_scale:(ty=1,shape=[]),onnx::Conv_620_zero_point:(ty=3,shape=[])]", "device": "NPU"}, {"output": ["/segment/S5_4/S5_4.1/conv1/conv/Conv_output_0"], "input": ["/segment/S5_4/S5_4.0/relu/Relu_output_0_DequantizeLinear_Output", "onnx::Conv_620_DequantizeLinear_Output", "onnx::Conv_621_DequantizeLinear_Output"], "opType": "Conv", "comment": "@282 [/segment/S5_4/S5_4.1/conv1/conv/Conv_output_0:(ty=1,shape=[1,128,16,16])] Conv [/segment/S5_4/S5_4.0/relu/Relu_output_0_DequantizeLinear_Output:(ty=1,shape=[1,128,16,16]),onnx::Conv_620_DequantizeLinear_Output:(ty=1,shape=[128,128,3,3]),onnx::Conv_621_DequantizeLinear_Output:(ty=1,shape=[128])]", "device": "NPU"}, {"output": ["/segment/S5_4/S5_4.1/conv1/relu/Relu_output_0"], "input": ["/segment/S5_4/S5_4.1/conv1/conv/Conv_output_0"], "opType": "Relu", "comment": "@283 [/segment/S5_4/S5_4.1/conv1/relu/Relu_output_0:(ty=1,shape=[1,128,16,16])] Relu [/segment/S5_4/S5_4.1/conv1/conv/Conv_output_0:(ty=1,shape=[1,128,16,16])]", "device": "NPU"}, {"output": ["/segment/S5_4/S5_4.1/conv1/relu/Relu_output_0_QuantizeLinear_Output"], "input": ["/segment/S5_4/S5_4.1/conv1/relu/Relu_output_0", "onnx::Conv_645_scale", "/segment/S5_4/S5_4.1/conv1/relu/Relu_output_0_zero_point"], "opType": "QuantizeLinear", "comment": "@284 [/segment/S5_4/S5_4.1/conv1/relu/Relu_output_0_QuantizeLinear_Output:(ty=2,shape=[1,128,16,16])] QuantizeLinear [/segment/S5_4/S5_4.1/conv1/relu/Relu_output_0:(ty=1,shape=[1,128,16,16]),onnx::Conv_645_scale:(ty=1,shape=[]),/segment/S5_4/S5_4.1/conv1/relu/Relu_output_0_zero_point:(ty=2,shape=[])]", "device": "NPU"}, {"output": ["/segment/S5_4/S5_4.1/conv1/relu/Relu_output_0_DequantizeLinear_Output"], "input": ["/segment/S5_4/S5_4.1/conv1/relu/Relu_output_0_QuantizeLinear_Output", "onnx::Conv_645_scale", "/segment/S5_4/S5_4.1/conv1/relu/Relu_output_0_zero_point"], "opType": "DequantizeLinear", "comment": "@285 [/segment/S5_4/S5_4.1/conv1/relu/Relu_output_0_DequantizeLinear_Output:(ty=1,shape=[1,128,16,16])] DequantizeLinear [/segment/S5_4/S5_4.1/conv1/relu/Relu_output_0_QuantizeLinear_Output:(ty=2,shape=[1,128,16,16]),onnx::Conv_645_scale:(ty=1,shape=[]),/segment/S5_4/S5_4.1/conv1/relu/Relu_output_0_zero_point:(ty=2,shape=[])]", "device": "NPU"}, {"output": ["onnx::Conv_624_DequantizeLinear_Output"], "input": ["onnx::Conv_624_quantized", "/bga/Mul_output_0_scale", "onnx::Conv_624_zero_point"], "opType": "DequantizeLinear", "comment": "@82 [onnx::Conv_624_DequantizeLinear_Output:(ty=1,shape=[768])] DequantizeLinear [onnx::Conv_624_quantized:(ty=3,shape=[768]),/bga/Mul_output_0_scale:(ty=1,shape=[]),onnx::Conv_624_zero_point:(ty=3,shape=[])]", "device": "NPU"}, {"output": ["onnx::Conv_623_DequantizeLinear_Output"], "input": ["onnx::Conv_623_quantized", "/bga/Mul_output_0_scale", "onnx::Conv_623_zero_point"], "opType": "DequantizeLinear", "comment": "@81 [onnx::Conv_623_DequantizeLinear_Output:(ty=1,shape=[768,1,3,3])] DequantizeLinear [onnx::Conv_623_quantized:(ty=3,shape=[768,1,3,3]),/bga/Mul_output_0_scale:(ty=1,shape=[]),onnx::Conv_623_zero_point:(ty=3,shape=[])]", "device": "NPU"}, {"output": ["/segment/S5_4/S5_4.1/dwconv/dwconv.0/Conv_output_0"], "input": ["/segment/S5_4/S5_4.1/conv1/relu/Relu_output_0_DequantizeLinear_Output", "onnx::Conv_623_DequantizeLinear_Output", "onnx::Conv_624_DequantizeLinear_Output"], "opType": "Conv", "comment": "@286 [/segment/S5_4/S5_4.1/dwconv/dwconv.0/Conv_output_0:(ty=1,shape=[1,768,16,16])] Conv [/segment/S5_4/S5_4.1/conv1/relu/Relu_output_0_DequantizeLinear_Output:(ty=1,shape=[1,128,16,16]),onnx::Conv_623_DequantizeLinear_Output:(ty=1,shape=[768,1,3,3]),onnx::Conv_624_DequantizeLinear_Output:(ty=1,shape=[768])]", "device": "NPU"}, {"output": ["/segment/S5_4/S5_4.1/dwconv/dwconv.2/Relu_output_0"], "input": ["/segment/S5_4/S5_4.1/dwconv/dwconv.0/Conv_output_0"], "opType": "Relu", "comment": "@287 [/segment/S5_4/S5_4.1/dwconv/dwconv.2/Relu_output_0:(ty=1,shape=[1,768,16,16])] Relu [/segment/S5_4/S5_4.1/dwconv/dwconv.0/Conv_output_0:(ty=1,shape=[1,768,16,16])]", "device": "NPU"}, {"output": ["/segment/S5_4/S5_4.1/dwconv/dwconv.2/Relu_output_0_QuantizeLinear_Output"], "input": ["/segment/S5_4/S5_4.1/dwconv/dwconv.2/Relu_output_0", "onnx::Conv_645_scale", "/segment/S5_4/S5_4.1/dwconv/dwconv.2/Relu_output_0_zero_point"], "opType": "QuantizeLinear", "comment": "@288 [/segment/S5_4/S5_4.1/dwconv/dwconv.2/Relu_output_0_QuantizeLinear_Output:(ty=2,shape=[1,768,16,16])] QuantizeLinear [/segment/S5_4/S5_4.1/dwconv/dwconv.2/Relu_output_0:(ty=1,shape=[1,768,16,16]),onnx::Conv_645_scale:(ty=1,shape=[]),/segment/S5_4/S5_4.1/dwconv/dwconv.2/Relu_output_0_zero_point:(ty=2,shape=[])]", "device": "NPU"}, {"output": ["/segment/S5_4/S5_4.1/dwconv/dwconv.2/Relu_output_0_DequantizeLinear_Output"], "input": ["/segment/S5_4/S5_4.1/dwconv/dwconv.2/Relu_output_0_QuantizeLinear_Output", "onnx::Conv_645_scale", "/segment/S5_4/S5_4.1/dwconv/dwconv.2/Relu_output_0_zero_point"], "opType": "DequantizeLinear", "comment": "@289 [/segment/S5_4/S5_4.1/dwconv/dwconv.2/Relu_output_0_DequantizeLinear_Output:(ty=1,shape=[1,768,16,16])] DequantizeLinear [/segment/S5_4/S5_4.1/dwconv/dwconv.2/Relu_output_0_QuantizeLinear_Output:(ty=2,shape=[1,768,16,16]),onnx::Conv_645_scale:(ty=1,shape=[]),/segment/S5_4/S5_4.1/dwconv/dwconv.2/Relu_output_0_zero_point:(ty=2,shape=[])]", "device": "NPU"}, {"output": ["onnx::Conv_627_DequantizeLinear_Output"], "input": ["onnx::Conv_627_quantized", "/bga/Mul_output_0_scale", "onnx::Conv_627_zero_point"], "opType": "DequantizeLinear", "comment": "@84 [onnx::Conv_627_DequantizeLinear_Output:(ty=1,shape=[128])] DequantizeLinear [onnx::Conv_627_quantized:(ty=3,shape=[128]),/bga/Mul_output_0_scale:(ty=1,shape=[]),onnx::Conv_627_zero_point:(ty=3,shape=[])]", "device": "NPU"}, {"output": ["onnx::Conv_626_DequantizeLinear_Output"], "input": ["onnx::Conv_626_quantized", "onnx::Conv_518_scale", "onnx::Conv_626_zero_point"], "opType": "DequantizeLinear", "comment": "@83 [onnx::Conv_626_DequantizeLinear_Output:(ty=1,shape=[128,768,1,1])] DequantizeLinear [onnx::Conv_626_quantized:(ty=3,shape=[128,768,1,1]),onnx::Conv_518_scale:(ty=1,shape=[]),onnx::Conv_626_zero_point:(ty=3,shape=[])]", "device": "NPU"}, {"output": ["/segment/S5_4/S5_4.1/conv2/conv2.0/Conv_output_0"], "input": ["/segment/S5_4/S5_4.1/dwconv/dwconv.2/Relu_output_0_DequantizeLinear_Output", "onnx::Conv_626_DequantizeLinear_Output", "onnx::Conv_627_DequantizeLinear_Output"], "opType": "Conv", "comment": "@290 [/segment/S5_4/S5_4.1/conv2/conv2.0/Conv_output_0:(ty=1,shape=[1,128,16,16])] Conv [/segment/S5_4/S5_4.1/dwconv/dwconv.2/Relu_output_0_DequantizeLinear_Output:(ty=1,shape=[1,768,16,16]),onnx::Conv_626_DequantizeLinear_Output:(ty=1,shape=[128,768,1,1]),onnx::Conv_627_DequantizeLinear_Output:(ty=1,shape=[128])]", "device": "NPU"}, {"output": ["/segment/S5_4/S5_4.1/conv2/conv2.0/Conv_output_0_QuantizeLinear_Output"], "input": ["/segment/S5_4/S5_4.1/conv2/conv2.0/Conv_output_0", "/segment/S1S2/left/left.0/relu/Relu_output_0_scale", "/segment/S5_4/S5_4.1/conv2/conv2.0/Conv_output_0_zero_point"], "opType": "QuantizeLinear", "comment": "@291 [/segment/S5_4/S5_4.1/conv2/conv2.0/Conv_output_0_QuantizeLinear_Output:(ty=2,shape=[1,128,16,16])] QuantizeLinear [/segment/S5_4/S5_4.1/conv2/conv2.0/Conv_output_0:(ty=1,shape=[1,128,16,16]),/segment/S1S2/left/left.0/relu/Relu_output_0_scale:(ty=1,shape=[]),/segment/S5_4/S5_4.1/conv2/conv2.0/Conv_output_0_zero_point:(ty=2,shape=[])]", "device": "NPU"}, {"output": ["/segment/S5_4/S5_4.1/conv2/conv2.0/Conv_output_0_DequantizeLinear_Output"], "input": ["/segment/S5_4/S5_4.1/conv2/conv2.0/Conv_output_0_QuantizeLinear_Output", "/segment/S1S2/left/left.0/relu/Relu_output_0_scale", "/segment/S5_4/S5_4.1/conv2/conv2.0/Conv_output_0_zero_point"], "opType": "DequantizeLinear", "comment": "@292 [/segment/S5_4/S5_4.1/conv2/conv2.0/Conv_output_0_DequantizeLinear_Output:(ty=1,shape=[1,128,16,16])] DequantizeLinear [/segment/S5_4/S5_4.1/conv2/conv2.0/Conv_output_0_QuantizeLinear_Output:(ty=2,shape=[1,128,16,16]),/segment/S1S2/left/left.0/relu/Relu_output_0_scale:(ty=1,shape=[]),/segment/S5_4/S5_4.1/conv2/conv2.0/Conv_output_0_zero_point:(ty=2,shape=[])]", "device": "NPU"}, {"output": ["/segment/S5_4/S5_4.1/Add_output_0"], "input": ["/segment/S5_4/S5_4.1/conv2/conv2.0/Conv_output_0_DequantizeLinear_Output", "/segment/S5_4/S5_4.0/relu/Relu_output_0_DequantizeLinear_Output/duplicated"], "opType": "Add", "comment": "@293 [/segment/S5_4/S5_4.1/Add_output_0:(ty=1,shape=[1,128,16,16])] Add [/segment/S5_4/S5_4.1/conv2/conv2.0/Conv_output_0_DequantizeLinear_Output:(ty=1,shape=[1,128,16,16]),/segment/S5_4/S5_4.0/relu/Relu_output_0_DequantizeLinear_Output/duplicated:(ty=1,shape=[1,128,16,16])]", "device": "NPU"}, {"output": ["/segment/S5_4/S5_4.1/relu/Relu_output_0"], "input": ["/segment/S5_4/S5_4.1/Add_output_0"], "opType": "Relu", "comment": "@294 [/segment/S5_4/S5_4.1/relu/Relu_output_0:(ty=1,shape=[1,128,16,16])] Relu [/segment/S5_4/S5_4.1/Add_output_0:(ty=1,shape=[1,128,16,16])]", "device": "NPU"}, {"output": ["/segment/S5_4/S5_4.1/relu/Relu_output_0_QuantizeLinear_Output"], "input": ["/segment/S5_4/S5_4.1/relu/Relu_output_0", "/segment/S1S2/left/left.0/relu/Relu_output_0_scale", "/segment/S5_4/S5_4.1/relu/Relu_output_0_zero_point"], "opType": "QuantizeLinear", "comment": "@295 [/segment/S5_4/S5_4.1/relu/Relu_output_0_QuantizeLinear_Output:(ty=2,shape=[1,128,16,16])] QuantizeLinear [/segment/S5_4/S5_4.1/relu/Relu_output_0:(ty=1,shape=[1,128,16,16]),/segment/S1S2/left/left.0/relu/Relu_output_0_scale:(ty=1,shape=[]),/segment/S5_4/S5_4.1/relu/Relu_output_0_zero_point:(ty=2,shape=[])]", "device": "NPU"}, {"output": ["/segment/S5_4/S5_4.1/relu/Relu_output_0_DequantizeLinear_Output/duplicated"], "input": ["/segment/S5_4/S5_4.1/relu/Relu_output_0_QuantizeLinear_Output", "/segment/S1S2/left/left.0/relu/Relu_output_0_scale", "/segment/S5_4/S5_4.1/relu/Relu_output_0_zero_point"], "opType": "DequantizeLinear", "comment": "@400 [/segment/S5_4/S5_4.1/relu/Relu_output_0_DequantizeLinear_Output/duplicated:(ty=1,shape=[1,128,16,16])] DequantizeLinear [/segment/S5_4/S5_4.1/relu/Relu_output_0_QuantizeLinear_Output:(ty=2,shape=[1,128,16,16]),/segment/S1S2/left/left.0/relu/Relu_output_0_scale:(ty=1,shape=[]),/segment/S5_4/S5_4.1/relu/Relu_output_0_zero_point:(ty=2,shape=[])]", "device": "NPU"}, {"output": ["/segment/S5_4/S5_4.1/relu/Relu_output_0_DequantizeLinear_Output"], "input": ["/segment/S5_4/S5_4.1/relu/Relu_output_0_QuantizeLinear_Output", "/segment/S1S2/left/left.0/relu/Relu_output_0_scale", "/segment/S5_4/S5_4.1/relu/Relu_output_0_zero_point"], "opType": "DequantizeLinear", "comment": "@296 [/segment/S5_4/S5_4.1/relu/Relu_output_0_DequantizeLinear_Output:(ty=1,shape=[1,128,16,16])] DequantizeLinear [/segment/S5_4/S5_4.1/relu/Relu_output_0_QuantizeLinear_Output:(ty=2,shape=[1,128,16,16]),/segment/S1S2/left/left.0/relu/Relu_output_0_scale:(ty=1,shape=[]),/segment/S5_4/S5_4.1/relu/Relu_output_0_zero_point:(ty=2,shape=[])]", "device": "NPU"}, {"output": ["onnx::Conv_630_DequantizeLinear_Output"], "input": ["onnx::Conv_630_quantized", "image_scale", "onnx::Conv_630_zero_point"], "opType": "DequantizeLinear", "comment": "@86 [onnx::Conv_630_DequantizeLinear_Output:(ty=1,shape=[128])] DequantizeLinear [onnx::Conv_630_quantized:(ty=3,shape=[128]),image_scale:(ty=1,shape=[]),onnx::Conv_630_zero_point:(ty=3,shape=[])]", "device": "NPU"}, {"output": ["onnx::Conv_629_DequantizeLinear_Output"], "input": ["onnx::Conv_629_quantized", "head.conv_out.weight_scale", "onnx::Conv_629_zero_point"], "opType": "DequantizeLinear", "comment": "@85 [onnx::Conv_629_DequantizeLinear_Output:(ty=1,shape=[128,128,3,3])] DequantizeLinear [onnx::Conv_629_quantized:(ty=3,shape=[128,128,3,3]),head.conv_out.weight_scale:(ty=1,shape=[]),onnx::Conv_629_zero_point:(ty=3,shape=[])]", "device": "NPU"}, {"output": ["/segment/S5_4/S5_4.2/conv1/conv/Conv_output_0"], "input": ["/segment/S5_4/S5_4.1/relu/Relu_output_0_DequantizeLinear_Output", "onnx::Conv_629_DequantizeLinear_Output", "onnx::Conv_630_DequantizeLinear_Output"], "opType": "Conv", "comment": "@297 [/segment/S5_4/S5_4.2/conv1/conv/Conv_output_0:(ty=1,shape=[1,128,16,16])] Conv [/segment/S5_4/S5_4.1/relu/Relu_output_0_DequantizeLinear_Output:(ty=1,shape=[1,128,16,16]),onnx::Conv_629_DequantizeLinear_Output:(ty=1,shape=[128,128,3,3]),onnx::Conv_630_DequantizeLinear_Output:(ty=1,shape=[128])]", "device": "NPU"}, {"output": ["/segment/S5_4/S5_4.2/conv1/relu/Relu_output_0"], "input": ["/segment/S5_4/S5_4.2/conv1/conv/Conv_output_0"], "opType": "Relu", "comment": "@298 [/segment/S5_4/S5_4.2/conv1/relu/Relu_output_0:(ty=1,shape=[1,128,16,16])] Relu [/segment/S5_4/S5_4.2/conv1/conv/Conv_output_0:(ty=1,shape=[1,128,16,16])]", "device": "NPU"}, {"output": ["/segment/S5_4/S5_4.2/conv1/relu/Relu_output_0_QuantizeLinear_Output"], "input": ["/segment/S5_4/S5_4.2/conv1/relu/Relu_output_0", "/bga/Mul_output_0_scale", "/segment/S5_4/S5_4.2/conv1/relu/Relu_output_0_zero_point"], "opType": "QuantizeLinear", "comment": "@299 [/segment/S5_4/S5_4.2/conv1/relu/Relu_output_0_QuantizeLinear_Output:(ty=2,shape=[1,128,16,16])] QuantizeLinear [/segment/S5_4/S5_4.2/conv1/relu/Relu_output_0:(ty=1,shape=[1,128,16,16]),/bga/Mul_output_0_scale:(ty=1,shape=[]),/segment/S5_4/S5_4.2/conv1/relu/Relu_output_0_zero_point:(ty=2,shape=[])]", "device": "NPU"}, {"output": ["/segment/S5_4/S5_4.2/conv1/relu/Relu_output_0_DequantizeLinear_Output"], "input": ["/segment/S5_4/S5_4.2/conv1/relu/Relu_output_0_QuantizeLinear_Output", "/bga/Mul_output_0_scale", "/segment/S5_4/S5_4.2/conv1/relu/Relu_output_0_zero_point"], "opType": "DequantizeLinear", "comment": "@300 [/segment/S5_4/S5_4.2/conv1/relu/Relu_output_0_DequantizeLinear_Output:(ty=1,shape=[1,128,16,16])] DequantizeLinear [/segment/S5_4/S5_4.2/conv1/relu/Relu_output_0_QuantizeLinear_Output:(ty=2,shape=[1,128,16,16]),/bga/Mul_output_0_scale:(ty=1,shape=[]),/segment/S5_4/S5_4.2/conv1/relu/Relu_output_0_zero_point:(ty=2,shape=[])]", "device": "NPU"}, {"output": ["onnx::Conv_633_DequantizeLinear_Output"], "input": ["onnx::Conv_633_quantized", "/bga/Mul_output_0_scale", "onnx::Conv_633_zero_point"], "opType": "DequantizeLinear", "comment": "@88 [onnx::Conv_633_DequantizeLinear_Output:(ty=1,shape=[768])] DequantizeLinear [onnx::Conv_633_quantized:(ty=3,shape=[768]),/bga/Mul_output_0_scale:(ty=1,shape=[]),onnx::Conv_633_zero_point:(ty=3,shape=[])]", "device": "NPU"}, {"output": ["onnx::Conv_632_DequantizeLinear_Output"], "input": ["onnx::Conv_632_quantized", "/segment/S1S2/left/left.0/relu/Relu_output_0_scale", "onnx::Conv_632_zero_point"], "opType": "DequantizeLinear", "comment": "@87 [onnx::Conv_632_DequantizeLinear_Output:(ty=1,shape=[768,1,3,3])] DequantizeLinear [onnx::Conv_632_quantized:(ty=3,shape=[768,1,3,3]),/segment/S1S2/left/left.0/relu/Relu_output_0_scale:(ty=1,shape=[]),onnx::Conv_632_zero_point:(ty=3,shape=[])]", "device": "NPU"}, {"output": ["/segment/S5_4/S5_4.2/dwconv/dwconv.0/Conv_output_0"], "input": ["/segment/S5_4/S5_4.2/conv1/relu/Relu_output_0_DequantizeLinear_Output", "onnx::Conv_632_DequantizeLinear_Output", "onnx::Conv_633_DequantizeLinear_Output"], "opType": "Conv", "comment": "@301 [/segment/S5_4/S5_4.2/dwconv/dwconv.0/Conv_output_0:(ty=1,shape=[1,768,16,16])] Conv [/segment/S5_4/S5_4.2/conv1/relu/Relu_output_0_DequantizeLinear_Output:(ty=1,shape=[1,128,16,16]),onnx::Conv_632_DequantizeLinear_Output:(ty=1,shape=[768,1,3,3]),onnx::Conv_633_DequantizeLinear_Output:(ty=1,shape=[768])]", "device": "NPU"}, {"output": ["/segment/S5_4/S5_4.2/dwconv/dwconv.2/Relu_output_0"], "input": ["/segment/S5_4/S5_4.2/dwconv/dwconv.0/Conv_output_0"], "opType": "Relu", "comment": "@302 [/segment/S5_4/S5_4.2/dwconv/dwconv.2/Relu_output_0:(ty=1,shape=[1,768,16,16])] Relu [/segment/S5_4/S5_4.2/dwconv/dwconv.0/Conv_output_0:(ty=1,shape=[1,768,16,16])]", "device": "NPU"}, {"output": ["/segment/S5_4/S5_4.2/dwconv/dwconv.2/Relu_output_0_QuantizeLinear_Output"], "input": ["/segment/S5_4/S5_4.2/dwconv/dwconv.2/Relu_output_0", "onnx::Conv_645_scale", "/segment/S5_4/S5_4.2/dwconv/dwconv.2/Relu_output_0_zero_point"], "opType": "QuantizeLinear", "comment": "@303 [/segment/S5_4/S5_4.2/dwconv/dwconv.2/Relu_output_0_QuantizeLinear_Output:(ty=2,shape=[1,768,16,16])] QuantizeLinear [/segment/S5_4/S5_4.2/dwconv/dwconv.2/Relu_output_0:(ty=1,shape=[1,768,16,16]),onnx::Conv_645_scale:(ty=1,shape=[]),/segment/S5_4/S5_4.2/dwconv/dwconv.2/Relu_output_0_zero_point:(ty=2,shape=[])]", "device": "NPU"}, {"output": ["/segment/S5_4/S5_4.2/dwconv/dwconv.2/Relu_output_0_DequantizeLinear_Output"], "input": ["/segment/S5_4/S5_4.2/dwconv/dwconv.2/Relu_output_0_QuantizeLinear_Output", "onnx::Conv_645_scale", "/segment/S5_4/S5_4.2/dwconv/dwconv.2/Relu_output_0_zero_point"], "opType": "DequantizeLinear", "comment": "@304 [/segment/S5_4/S5_4.2/dwconv/dwconv.2/Relu_output_0_DequantizeLinear_Output:(ty=1,shape=[1,768,16,16])] DequantizeLinear [/segment/S5_4/S5_4.2/dwconv/dwconv.2/Relu_output_0_QuantizeLinear_Output:(ty=2,shape=[1,768,16,16]),onnx::Conv_645_scale:(ty=1,shape=[]),/segment/S5_4/S5_4.2/dwconv/dwconv.2/Relu_output_0_zero_point:(ty=2,shape=[])]", "device": "NPU"}, {"output": ["onnx::Conv_636_DequantizeLinear_Output"], "input": ["onnx::Conv_636_quantized", "/bga/Mul_output_0_scale", "onnx::Conv_636_zero_point"], "opType": "DequantizeLinear", "comment": "@90 [onnx::Conv_636_DequantizeLinear_Output:(ty=1,shape=[128])] DequantizeLinear [onnx::Conv_636_quantized:(ty=3,shape=[128]),/bga/Mul_output_0_scale:(ty=1,shape=[]),onnx::Conv_636_zero_point:(ty=3,shape=[])]", "device": "NPU"}, {"output": ["onnx::Conv_635_DequantizeLinear_Output"], "input": ["onnx::Conv_635_quantized", "onnx::Conv_518_scale", "onnx::Conv_635_zero_point"], "opType": "DequantizeLinear", "comment": "@89 [onnx::Conv_635_DequantizeLinear_Output:(ty=1,shape=[128,768,1,1])] DequantizeLinear [onnx::Conv_635_quantized:(ty=3,shape=[128,768,1,1]),onnx::Conv_518_scale:(ty=1,shape=[]),onnx::Conv_635_zero_point:(ty=3,shape=[])]", "device": "NPU"}, {"output": ["/segment/S5_4/S5_4.2/conv2/conv2.0/Conv_output_0"], "input": ["/segment/S5_4/S5_4.2/dwconv/dwconv.2/Relu_output_0_DequantizeLinear_Output", "onnx::Conv_635_DequantizeLinear_Output", "onnx::Conv_636_DequantizeLinear_Output"], "opType": "Conv", "comment": "@305 [/segment/S5_4/S5_4.2/conv2/conv2.0/Conv_output_0:(ty=1,shape=[1,128,16,16])] Conv [/segment/S5_4/S5_4.2/dwconv/dwconv.2/Relu_output_0_DequantizeLinear_Output:(ty=1,shape=[1,768,16,16]),onnx::Conv_635_DequantizeLinear_Output:(ty=1,shape=[128,768,1,1]),onnx::Conv_636_DequantizeLinear_Output:(ty=1,shape=[128])]", "device": "NPU"}, {"output": ["/segment/S5_4/S5_4.2/conv2/conv2.0/Conv_output_0_QuantizeLinear_Output"], "input": ["/segment/S5_4/S5_4.2/conv2/conv2.0/Conv_output_0", "onnx::Conv_645_scale", "/segment/S5_4/S5_4.2/conv2/conv2.0/Conv_output_0_zero_point"], "opType": "QuantizeLinear", "comment": "@306 [/segment/S5_4/S5_4.2/conv2/conv2.0/Conv_output_0_QuantizeLinear_Output:(ty=2,shape=[1,128,16,16])] QuantizeLinear [/segment/S5_4/S5_4.2/conv2/conv2.0/Conv_output_0:(ty=1,shape=[1,128,16,16]),onnx::Conv_645_scale:(ty=1,shape=[]),/segment/S5_4/S5_4.2/conv2/conv2.0/Conv_output_0_zero_point:(ty=2,shape=[])]", "device": "NPU"}, {"output": ["/segment/S5_4/S5_4.2/conv2/conv2.0/Conv_output_0_DequantizeLinear_Output"], "input": ["/segment/S5_4/S5_4.2/conv2/conv2.0/Conv_output_0_QuantizeLinear_Output", "onnx::Conv_645_scale", "/segment/S5_4/S5_4.2/conv2/conv2.0/Conv_output_0_zero_point"], "opType": "DequantizeLinear", "comment": "@307 [/segment/S5_4/S5_4.2/conv2/conv2.0/Conv_output_0_DequantizeLinear_Output:(ty=1,shape=[1,128,16,16])] DequantizeLinear [/segment/S5_4/S5_4.2/conv2/conv2.0/Conv_output_0_QuantizeLinear_Output:(ty=2,shape=[1,128,16,16]),onnx::Conv_645_scale:(ty=1,shape=[]),/segment/S5_4/S5_4.2/conv2/conv2.0/Conv_output_0_zero_point:(ty=2,shape=[])]", "device": "NPU"}, {"output": ["/segment/S5_4/S5_4.2/Add_output_0"], "input": ["/segment/S5_4/S5_4.2/conv2/conv2.0/Conv_output_0_DequantizeLinear_Output", "/segment/S5_4/S5_4.1/relu/Relu_output_0_DequantizeLinear_Output/duplicated"], "opType": "Add", "comment": "@308 [/segment/S5_4/S5_4.2/Add_output_0:(ty=1,shape=[1,128,16,16])] Add [/segment/S5_4/S5_4.2/conv2/conv2.0/Conv_output_0_DequantizeLinear_Output:(ty=1,shape=[1,128,16,16]),/segment/S5_4/S5_4.1/relu/Relu_output_0_DequantizeLinear_Output/duplicated:(ty=1,shape=[1,128,16,16])]", "device": "NPU"}, {"output": ["/segment/S5_4/S5_4.2/relu/Relu_output_0"], "input": ["/segment/S5_4/S5_4.2/Add_output_0"], "opType": "Relu", "comment": "@309 [/segment/S5_4/S5_4.2/relu/Relu_output_0:(ty=1,shape=[1,128,16,16])] Relu [/segment/S5_4/S5_4.2/Add_output_0:(ty=1,shape=[1,128,16,16])]", "device": "NPU"}, {"output": ["/segment/S5_4/S5_4.2/relu/Relu_output_0_QuantizeLinear_Output"], "input": ["/segment/S5_4/S5_4.2/relu/Relu_output_0", "/segment/S1S2/left/left.0/relu/Relu_output_0_scale", "/segment/S5_4/S5_4.2/relu/Relu_output_0_zero_point"], "opType": "QuantizeLinear", "comment": "@310 [/segment/S5_4/S5_4.2/relu/Relu_output_0_QuantizeLinear_Output:(ty=2,shape=[1,128,16,16])] QuantizeLinear [/segment/S5_4/S5_4.2/relu/Relu_output_0:(ty=1,shape=[1,128,16,16]),/segment/S1S2/left/left.0/relu/Relu_output_0_scale:(ty=1,shape=[]),/segment/S5_4/S5_4.2/relu/Relu_output_0_zero_point:(ty=2,shape=[])]", "device": "NPU"}, {"output": ["/segment/S5_4/S5_4.2/relu/Relu_output_0_DequantizeLinear_Output/duplicated"], "input": ["/segment/S5_4/S5_4.2/relu/Relu_output_0_QuantizeLinear_Output", "/segment/S1S2/left/left.0/relu/Relu_output_0_scale", "/segment/S5_4/S5_4.2/relu/Relu_output_0_zero_point"], "opType": "DequantizeLinear", "comment": "@401 [/segment/S5_4/S5_4.2/relu/Relu_output_0_DequantizeLinear_Output/duplicated:(ty=1,shape=[1,128,16,16])] DequantizeLinear [/segment/S5_4/S5_4.2/relu/Relu_output_0_QuantizeLinear_Output:(ty=2,shape=[1,128,16,16]),/segment/S1S2/left/left.0/relu/Relu_output_0_scale:(ty=1,shape=[]),/segment/S5_4/S5_4.2/relu/Relu_output_0_zero_point:(ty=2,shape=[])]", "device": "NPU"}, {"output": ["/segment/S5_4/S5_4.2/relu/Relu_output_0_DequantizeLinear_Output"], "input": ["/segment/S5_4/S5_4.2/relu/Relu_output_0_QuantizeLinear_Output", "/segment/S1S2/left/left.0/relu/Relu_output_0_scale", "/segment/S5_4/S5_4.2/relu/Relu_output_0_zero_point"], "opType": "DequantizeLinear", "comment": "@311 [/segment/S5_4/S5_4.2/relu/Relu_output_0_DequantizeLinear_Output:(ty=1,shape=[1,128,16,16])] DequantizeLinear [/segment/S5_4/S5_4.2/relu/Relu_output_0_QuantizeLinear_Output:(ty=2,shape=[1,128,16,16]),/segment/S1S2/left/left.0/relu/Relu_output_0_scale:(ty=1,shape=[]),/segment/S5_4/S5_4.2/relu/Relu_output_0_zero_point:(ty=2,shape=[])]", "device": "NPU"}, {"output": ["onnx::Conv_639_DequantizeLinear_Output"], "input": ["onnx::Conv_639_quantized", "image_scale", "onnx::Conv_639_zero_point"], "opType": "DequantizeLinear", "comment": "@92 [onnx::Conv_639_DequantizeLinear_Output:(ty=1,shape=[128])] DequantizeLinear [onnx::Conv_639_quantized:(ty=3,shape=[128]),image_scale:(ty=1,shape=[]),onnx::Conv_639_zero_point:(ty=3,shape=[])]", "device": "NPU"}, {"output": ["onnx::Conv_638_DequantizeLinear_Output"], "input": ["onnx::Conv_638_quantized", "head.conv_out.weight_scale", "onnx::Conv_638_zero_point"], "opType": "DequantizeLinear", "comment": "@91 [onnx::Conv_638_DequantizeLinear_Output:(ty=1,shape=[128,128,3,3])] DequantizeLinear [onnx::Conv_638_quantized:(ty=3,shape=[128,128,3,3]),head.conv_out.weight_scale:(ty=1,shape=[]),onnx::Conv_638_zero_point:(ty=3,shape=[])]", "device": "NPU"}, {"output": ["/segment/S5_4/S5_4.3/conv1/conv/Conv_output_0"], "input": ["/segment/S5_4/S5_4.2/relu/Relu_output_0_DequantizeLinear_Output", "onnx::Conv_638_DequantizeLinear_Output", "onnx::Conv_639_DequantizeLinear_Output"], "opType": "Conv", "comment": "@312 [/segment/S5_4/S5_4.3/conv1/conv/Conv_output_0:(ty=1,shape=[1,128,16,16])] Conv [/segment/S5_4/S5_4.2/relu/Relu_output_0_DequantizeLinear_Output:(ty=1,shape=[1,128,16,16]),onnx::Conv_638_DequantizeLinear_Output:(ty=1,shape=[128,128,3,3]),onnx::Conv_639_DequantizeLinear_Output:(ty=1,shape=[128])]", "device": "NPU"}, {"output": ["/segment/S5_4/S5_4.3/conv1/relu/Relu_output_0"], "input": ["/segment/S5_4/S5_4.3/conv1/conv/Conv_output_0"], "opType": "Relu", "comment": "@313 [/segment/S5_4/S5_4.3/conv1/relu/Relu_output_0:(ty=1,shape=[1,128,16,16])] Relu [/segment/S5_4/S5_4.3/conv1/conv/Conv_output_0:(ty=1,shape=[1,128,16,16])]", "device": "NPU"}, {"output": ["/segment/S5_4/S5_4.3/conv1/relu/Relu_output_0_QuantizeLinear_Output"], "input": ["/segment/S5_4/S5_4.3/conv1/relu/Relu_output_0", "onnx::Conv_645_scale", "/segment/S5_4/S5_4.3/conv1/relu/Relu_output_0_zero_point"], "opType": "QuantizeLinear", "comment": "@314 [/segment/S5_4/S5_4.3/conv1/relu/Relu_output_0_QuantizeLinear_Output:(ty=2,shape=[1,128,16,16])] QuantizeLinear [/segment/S5_4/S5_4.3/conv1/relu/Relu_output_0:(ty=1,shape=[1,128,16,16]),onnx::Conv_645_scale:(ty=1,shape=[]),/segment/S5_4/S5_4.3/conv1/relu/Relu_output_0_zero_point:(ty=2,shape=[])]", "device": "NPU"}, {"output": ["/segment/S5_4/S5_4.3/conv1/relu/Relu_output_0_DequantizeLinear_Output"], "input": ["/segment/S5_4/S5_4.3/conv1/relu/Relu_output_0_QuantizeLinear_Output", "onnx::Conv_645_scale", "/segment/S5_4/S5_4.3/conv1/relu/Relu_output_0_zero_point"], "opType": "DequantizeLinear", "comment": "@315 [/segment/S5_4/S5_4.3/conv1/relu/Relu_output_0_DequantizeLinear_Output:(ty=1,shape=[1,128,16,16])] DequantizeLinear [/segment/S5_4/S5_4.3/conv1/relu/Relu_output_0_QuantizeLinear_Output:(ty=2,shape=[1,128,16,16]),onnx::Conv_645_scale:(ty=1,shape=[]),/segment/S5_4/S5_4.3/conv1/relu/Relu_output_0_zero_point:(ty=2,shape=[])]", "device": "NPU"}, {"output": ["onnx::Conv_642_DequantizeLinear_Output"], "input": ["onnx::Conv_642_quantized", "/bga/Mul_output_0_scale", "onnx::Conv_642_zero_point"], "opType": "DequantizeLinear", "comment": "@94 [onnx::Conv_642_DequantizeLinear_Output:(ty=1,shape=[768])] DequantizeLinear [onnx::Conv_642_quantized:(ty=3,shape=[768]),/bga/Mul_output_0_scale:(ty=1,shape=[]),onnx::Conv_642_zero_point:(ty=3,shape=[])]", "device": "NPU"}, {"output": ["onnx::Conv_641_DequantizeLinear_Output"], "input": ["onnx::Conv_641_quantized", "/bga/Mul_output_0_scale", "onnx::Conv_641_zero_point"], "opType": "DequantizeLinear", "comment": "@93 [onnx::Conv_641_DequantizeLinear_Output:(ty=1,shape=[768,1,3,3])] DequantizeLinear [onnx::Conv_641_quantized:(ty=3,shape=[768,1,3,3]),/bga/Mul_output_0_scale:(ty=1,shape=[]),onnx::Conv_641_zero_point:(ty=3,shape=[])]", "device": "NPU"}, {"output": ["/segment/S5_4/S5_4.3/dwconv/dwconv.0/Conv_output_0"], "input": ["/segment/S5_4/S5_4.3/conv1/relu/Relu_output_0_DequantizeLinear_Output", "onnx::Conv_641_DequantizeLinear_Output", "onnx::Conv_642_DequantizeLinear_Output"], "opType": "Conv", "comment": "@316 [/segment/S5_4/S5_4.3/dwconv/dwconv.0/Conv_output_0:(ty=1,shape=[1,768,16,16])] Conv [/segment/S5_4/S5_4.3/conv1/relu/Relu_output_0_DequantizeLinear_Output:(ty=1,shape=[1,128,16,16]),onnx::Conv_641_DequantizeLinear_Output:(ty=1,shape=[768,1,3,3]),onnx::Conv_642_DequantizeLinear_Output:(ty=1,shape=[768])]", "device": "NPU"}, {"output": ["/segment/S5_4/S5_4.3/dwconv/dwconv.2/Relu_output_0"], "input": ["/segment/S5_4/S5_4.3/dwconv/dwconv.0/Conv_output_0"], "opType": "Relu", "comment": "@317 [/segment/S5_4/S5_4.3/dwconv/dwconv.2/Relu_output_0:(ty=1,shape=[1,768,16,16])] Relu [/segment/S5_4/S5_4.3/dwconv/dwconv.0/Conv_output_0:(ty=1,shape=[1,768,16,16])]", "device": "NPU"}, {"output": ["/segment/S5_4/S5_4.3/dwconv/dwconv.2/Relu_output_0_QuantizeLinear_Output"], "input": ["/segment/S5_4/S5_4.3/dwconv/dwconv.2/Relu_output_0", "/bga/Mul_output_0_scale", "/segment/S5_4/S5_4.3/dwconv/dwconv.2/Relu_output_0_zero_point"], "opType": "QuantizeLinear", "comment": "@318 [/segment/S5_4/S5_4.3/dwconv/dwconv.2/Relu_output_0_QuantizeLinear_Output:(ty=2,shape=[1,768,16,16])] QuantizeLinear [/segment/S5_4/S5_4.3/dwconv/dwconv.2/Relu_output_0:(ty=1,shape=[1,768,16,16]),/bga/Mul_output_0_scale:(ty=1,shape=[]),/segment/S5_4/S5_4.3/dwconv/dwconv.2/Relu_output_0_zero_point:(ty=2,shape=[])]", "device": "NPU"}, {"output": ["/segment/S5_4/S5_4.3/dwconv/dwconv.2/Relu_output_0_DequantizeLinear_Output"], "input": ["/segment/S5_4/S5_4.3/dwconv/dwconv.2/Relu_output_0_QuantizeLinear_Output", "/bga/Mul_output_0_scale", "/segment/S5_4/S5_4.3/dwconv/dwconv.2/Relu_output_0_zero_point"], "opType": "DequantizeLinear", "comment": "@319 [/segment/S5_4/S5_4.3/dwconv/dwconv.2/Relu_output_0_DequantizeLinear_Output:(ty=1,shape=[1,768,16,16])] DequantizeLinear [/segment/S5_4/S5_4.3/dwconv/dwconv.2/Relu_output_0_QuantizeLinear_Output:(ty=2,shape=[1,768,16,16]),/bga/Mul_output_0_scale:(ty=1,shape=[]),/segment/S5_4/S5_4.3/dwconv/dwconv.2/Relu_output_0_zero_point:(ty=2,shape=[])]", "device": "NPU"}, {"output": ["onnx::Conv_645_DequantizeLinear_Output"], "input": ["onnx::Conv_645_quantized", "onnx::Conv_645_scale", "onnx::Conv_645_zero_point"], "opType": "DequantizeLinear", "comment": "@96 [onnx::Conv_645_DequantizeLinear_Output:(ty=1,shape=[128])] DequantizeLinear [onnx::Conv_645_quantized:(ty=3,shape=[128]),onnx::Conv_645_scale:(ty=1,shape=[]),onnx::Conv_645_zero_point:(ty=3,shape=[])]", "device": "NPU"}, {"output": ["onnx::Conv_644_DequantizeLinear_Output"], "input": ["onnx::Conv_644_quantized", "onnx::Conv_581_scale", "onnx::Conv_644_zero_point"], "opType": "DequantizeLinear", "comment": "@95 [onnx::Conv_644_DequantizeLinear_Output:(ty=1,shape=[128,768,1,1])] DequantizeLinear [onnx::Conv_644_quantized:(ty=3,shape=[128,768,1,1]),onnx::Conv_581_scale:(ty=1,shape=[]),onnx::Conv_644_zero_point:(ty=3,shape=[])]", "device": "NPU"}, {"output": ["/segment/S5_4/S5_4.3/conv2/conv2.0/Conv_output_0"], "input": ["/segment/S5_4/S5_4.3/dwconv/dwconv.2/Relu_output_0_DequantizeLinear_Output", "onnx::Conv_644_DequantizeLinear_Output", "onnx::Conv_645_DequantizeLinear_Output"], "opType": "Conv", "comment": "@320 [/segment/S5_4/S5_4.3/conv2/conv2.0/Conv_output_0:(ty=1,shape=[1,128,16,16])] Conv [/segment/S5_4/S5_4.3/dwconv/dwconv.2/Relu_output_0_DequantizeLinear_Output:(ty=1,shape=[1,768,16,16]),onnx::Conv_644_DequantizeLinear_Output:(ty=1,shape=[128,768,1,1]),onnx::Conv_645_DequantizeLinear_Output:(ty=1,shape=[128])]", "device": "NPU"}, {"output": ["/segment/S5_4/S5_4.3/conv2/conv2.0/Conv_output_0_QuantizeLinear_Output"], "input": ["/segment/S5_4/S5_4.3/conv2/conv2.0/Conv_output_0", "/segment/S1S2/left/left.0/relu/Relu_output_0_scale", "/segment/S5_4/S5_4.3/conv2/conv2.0/Conv_output_0_zero_point"], "opType": "QuantizeLinear", "comment": "@321 [/segment/S5_4/S5_4.3/conv2/conv2.0/Conv_output_0_QuantizeLinear_Output:(ty=2,shape=[1,128,16,16])] QuantizeLinear [/segment/S5_4/S5_4.3/conv2/conv2.0/Conv_output_0:(ty=1,shape=[1,128,16,16]),/segment/S1S2/left/left.0/relu/Relu_output_0_scale:(ty=1,shape=[]),/segment/S5_4/S5_4.3/conv2/conv2.0/Conv_output_0_zero_point:(ty=2,shape=[])]", "device": "NPU"}, {"output": ["/segment/S5_4/S5_4.3/conv2/conv2.0/Conv_output_0_DequantizeLinear_Output"], "input": ["/segment/S5_4/S5_4.3/conv2/conv2.0/Conv_output_0_QuantizeLinear_Output", "/segment/S1S2/left/left.0/relu/Relu_output_0_scale", "/segment/S5_4/S5_4.3/conv2/conv2.0/Conv_output_0_zero_point"], "opType": "DequantizeLinear", "comment": "@322 [/segment/S5_4/S5_4.3/conv2/conv2.0/Conv_output_0_DequantizeLinear_Output:(ty=1,shape=[1,128,16,16])] DequantizeLinear [/segment/S5_4/S5_4.3/conv2/conv2.0/Conv_output_0_QuantizeLinear_Output:(ty=2,shape=[1,128,16,16]),/segment/S1S2/left/left.0/relu/Relu_output_0_scale:(ty=1,shape=[]),/segment/S5_4/S5_4.3/conv2/conv2.0/Conv_output_0_zero_point:(ty=2,shape=[])]", "device": "NPU"}, {"output": ["/segment/S5_4/S5_4.3/Add_output_0"], "input": ["/segment/S5_4/S5_4.3/conv2/conv2.0/Conv_output_0_DequantizeLinear_Output", "/segment/S5_4/S5_4.2/relu/Relu_output_0_DequantizeLinear_Output/duplicated"], "opType": "Add", "comment": "@323 [/segment/S5_4/S5_4.3/Add_output_0:(ty=1,shape=[1,128,16,16])] Add [/segment/S5_4/S5_4.3/conv2/conv2.0/Conv_output_0_DequantizeLinear_Output:(ty=1,shape=[1,128,16,16]),/segment/S5_4/S5_4.2/relu/Relu_output_0_DequantizeLinear_Output/duplicated:(ty=1,shape=[1,128,16,16])]", "device": "NPU"}, {"output": ["/segment/S5_4/S5_4.3/relu/Relu_output_0"], "input": ["/segment/S5_4/S5_4.3/Add_output_0"], "opType": "Relu", "comment": "@324 [/segment/S5_4/S5_4.3/relu/Relu_output_0:(ty=1,shape=[1,128,16,16])] Relu [/segment/S5_4/S5_4.3/Add_output_0:(ty=1,shape=[1,128,16,16])]", "device": "NPU"}, {"output": ["/segment/S5_4/S5_4.3/relu/Relu_output_0_QuantizeLinear_Output"], "input": ["/segment/S5_4/S5_4.3/relu/Relu_output_0", "/segment/S1S2/left/left.0/relu/Relu_output_0_scale", "/segment/S5_4/S5_4.3/relu/Relu_output_0_zero_point"], "opType": "QuantizeLinear", "comment": "@325 [/segment/S5_4/S5_4.3/relu/Relu_output_0_QuantizeLinear_Output:(ty=2,shape=[1,128,16,16])] QuantizeLinear [/segment/S5_4/S5_4.3/relu/Relu_output_0:(ty=1,shape=[1,128,16,16]),/segment/S1S2/left/left.0/relu/Relu_output_0_scale:(ty=1,shape=[]),/segment/S5_4/S5_4.3/relu/Relu_output_0_zero_point:(ty=2,shape=[])]", "device": "NPU"}, {"output": ["/segment/S5_4/S5_4.3/relu/Relu_output_0_DequantizeLinear_Output/duplicated"], "input": ["/segment/S5_4/S5_4.3/relu/Relu_output_0_QuantizeLinear_Output", "/segment/S1S2/left/left.0/relu/Relu_output_0_scale", "/segment/S5_4/S5_4.3/relu/Relu_output_0_zero_point"], "opType": "DequantizeLinear", "comment": "@402 [/segment/S5_4/S5_4.3/relu/Relu_output_0_DequantizeLinear_Output/duplicated:(ty=1,shape=[1,128,16,16])] DequantizeLinear [/segment/S5_4/S5_4.3/relu/Relu_output_0_QuantizeLinear_Output:(ty=2,shape=[1,128,16,16]),/segment/S1S2/left/left.0/relu/Relu_output_0_scale:(ty=1,shape=[]),/segment/S5_4/S5_4.3/relu/Relu_output_0_zero_point:(ty=2,shape=[])]", "device": "NPU"}, {"output": ["/segment/S5_4/S5_4.3/relu/Relu_output_0_DequantizeLinear_Output"], "input": ["/segment/S5_4/S5_4.3/relu/Relu_output_0_QuantizeLinear_Output", "/segment/S1S2/left/left.0/relu/Relu_output_0_scale", "/segment/S5_4/S5_4.3/relu/Relu_output_0_zero_point"], "opType": "DequantizeLinear", "comment": "@326 [/segment/S5_4/S5_4.3/relu/Relu_output_0_DequantizeLinear_Output:(ty=1,shape=[1,128,16,16])] DequantizeLinear [/segment/S5_4/S5_4.3/relu/Relu_output_0_QuantizeLinear_Output:(ty=2,shape=[1,128,16,16]),/segment/S1S2/left/left.0/relu/Relu_output_0_scale:(ty=1,shape=[]),/segment/S5_4/S5_4.3/relu/Relu_output_0_zero_point:(ty=2,shape=[])]", "device": "NPU"}, {"output": ["/segment/S5_5/ReduceMean_output_0_Mul"], "input": ["/segment/S5_4/S5_4.3/relu/Relu_output_0_DequantizeLinear_Output"], "opType": "GlobalAveragePool", "comment": "@327 [/segment/S5_5/ReduceMean_output_0_Mul:(ty=1,shape=[1,128,1,1])] GlobalAveragePool [/segment/S5_4/S5_4.3/relu/Relu_output_0_DequantizeLinear_Output:(ty=1,shape=[1,128,16,16])]", "device": "NPU"}, {"output": ["/segment/S5_5/ReduceMean_output_0_QuantizeLinear_Output"], "input": ["/segment/S5_5/ReduceMean_output_0_Mul", "/segment/S1S2/left/left.0/relu/Relu_output_0_scale", "/segment/S5_5/ReduceMean_output_0_zero_point"], "opType": "QuantizeLinear", "comment": "@328 [/segment/S5_5/ReduceMean_output_0_QuantizeLinear_Output:(ty=2,shape=[1,128,1,1])] QuantizeLinear [/segment/S5_5/ReduceMean_output_0_Mul:(ty=1,shape=[1,128,1,1]),/segment/S1S2/left/left.0/relu/Relu_output_0_scale:(ty=1,shape=[]),/segment/S5_5/ReduceMean_output_0_zero_point:(ty=2,shape=[])]", "device": "NPU"}, {"output": ["/segment/S5_5/ReduceMean_output_0_DequantizeLinear_Output"], "input": ["/segment/S5_5/ReduceMean_output_0_QuantizeLinear_Output", "/segment/S1S2/left/left.0/relu/Relu_output_0_scale", "/segment/S5_5/ReduceMean_output_0_zero_point"], "opType": "DequantizeLinear", "comment": "@329 [/segment/S5_5/ReduceMean_output_0_DequantizeLinear_Output:(ty=1,shape=[1,128,1,1])] DequantizeLinear [/segment/S5_5/ReduceMean_output_0_QuantizeLinear_Output:(ty=2,shape=[1,128,1,1]),/segment/S1S2/left/left.0/relu/Relu_output_0_scale:(ty=1,shape=[]),/segment/S5_5/ReduceMean_output_0_zero_point:(ty=2,shape=[])]", "device": "NPU"}, {"output": ["/segment/S5_5/bn/BatchNormalization_output_0weights_DequantizeLinear_Output"], "input": ["/segment/S5_5/bn/BatchNormalization_output_0weights_quantized", "/segment/S1S2/left/left.0/relu/Relu_output_0_scale", "/segment/S5_5/bn/BatchNormalization_output_0weights_zero_point"], "opType": "DequantizeLinear", "comment": "@1 [/segment/S5_5/bn/BatchNormalization_output_0weights_DequantizeLinear_Output:(ty=1,shape=[128,1,1,1])] DequantizeLinear [/segment/S5_5/bn/BatchNormalization_output_0weights_quantized:(ty=3,shape=[128,1,1,1]),/segment/S1S2/left/left.0/relu/Relu_output_0_scale:(ty=1,shape=[]),/segment/S5_5/bn/BatchNormalization_output_0weights_zero_point:(ty=3,shape=[])]", "device": "NPU"}, {"output": ["/segment/S5_5/bn/BatchNormalization_output_0bias_DequantizeLinear_Output"], "input": ["/segment/S5_5/bn/BatchNormalization_output_0bias_quantized", "/segment/S1S2/left/left.0/relu/Relu_output_0_scale", "/segment/S5_5/bn/BatchNormalization_output_0bias_zero_point"], "opType": "DequantizeLinear", "comment": "@0 [/segment/S5_5/bn/BatchNormalization_output_0bias_DequantizeLinear_Output:(ty=1,shape=[128])] DequantizeLinear [/segment/S5_5/bn/BatchNormalization_output_0bias_quantized:(ty=3,shape=[128]),/segment/S1S2/left/left.0/relu/Relu_output_0_scale:(ty=1,shape=[]),/segment/S5_5/bn/BatchNormalization_output_0bias_zero_point:(ty=3,shape=[])]", "device": "NPU"}, {"output": ["/segment/S5_5/bn/BatchNormalization_output_0"], "input": ["/segment/S5_5/ReduceMean_output_0_DequantizeLinear_Output", "/segment/S5_5/bn/BatchNormalization_output_0weights_DequantizeLinear_Output", "/segment/S5_5/bn/BatchNormalization_output_0bias_DequantizeLinear_Output"], "opType": "Conv", "comment": "@330 [/segment/S5_5/bn/BatchNormalization_output_0:(ty=1,shape=[1,128,1,1])] Conv [/segment/S5_5/ReduceMean_output_0_DequantizeLinear_Output:(ty=1,shape=[1,128,1,1]),/segment/S5_5/bn/BatchNormalization_output_0weights_DequantizeLinear_Output:(ty=1,shape=[128,1,1,1]),/segment/S5_5/bn/BatchNormalization_output_0bias_DequantizeLinear_Output:(ty=1,shape=[128])]", "device": "NPU"}, {"output": ["/segment/S5_5/bn/BatchNormalization_output_0_QuantizeLinear_Output"], "input": ["/segment/S5_5/bn/BatchNormalization_output_0", "/detail/S2/S2.0/relu/Relu_output_0_scale", "/segment/S5_5/bn/BatchNormalization_output_0_zero_point"], "opType": "QuantizeLinear", "comment": "@331 [/segment/S5_5/bn/BatchNormalization_output_0_QuantizeLinear_Output:(ty=2,shape=[1,128,1,1])] QuantizeLinear [/segment/S5_5/bn/BatchNormalization_output_0:(ty=1,shape=[1,128,1,1]),/detail/S2/S2.0/relu/Relu_output_0_scale:(ty=1,shape=[]),/segment/S5_5/bn/BatchNormalization_output_0_zero_point:(ty=2,shape=[])]", "device": "NPU"}, {"output": ["/segment/S5_5/bn/BatchNormalization_output_0_DequantizeLinear_Output"], "input": ["/segment/S5_5/bn/BatchNormalization_output_0_QuantizeLinear_Output", "/detail/S2/S2.0/relu/Relu_output_0_scale", "/segment/S5_5/bn/BatchNormalization_output_0_zero_point"], "opType": "DequantizeLinear", "comment": "@332 [/segment/S5_5/bn/BatchNormalization_output_0_DequantizeLinear_Output:(ty=1,shape=[1,128,1,1])] DequantizeLinear [/segment/S5_5/bn/BatchNormalization_output_0_QuantizeLinear_Output:(ty=2,shape=[1,128,1,1]),/detail/S2/S2.0/relu/Relu_output_0_scale:(ty=1,shape=[]),/segment/S5_5/bn/BatchNormalization_output_0_zero_point:(ty=2,shape=[])]", "device": "NPU"}, {"output": ["onnx::Conv_648_DequantizeLinear_Output"], "input": ["onnx::Conv_648_quantized", "onnx::Conv_645_scale", "onnx::Conv_648_zero_point"], "opType": "DequantizeLinear", "comment": "@98 [onnx::Conv_648_DequantizeLinear_Output:(ty=1,shape=[128])] DequantizeLinear [onnx::Conv_648_quantized:(ty=3,shape=[128]),onnx::Conv_645_scale:(ty=1,shape=[]),onnx::Conv_648_zero_point:(ty=3,shape=[])]", "device": "NPU"}, {"output": ["onnx::Conv_647_DequantizeLinear_Output"], "input": ["onnx::Conv_647_quantized", "bga.right2.2.weight_scale", "onnx::Conv_647_zero_point"], "opType": "DequantizeLinear", "comment": "@97 [onnx::Conv_647_DequantizeLinear_Output:(ty=1,shape=[128,128,1,1])] DequantizeLinear [onnx::Conv_647_quantized:(ty=3,shape=[128,128,1,1]),bga.right2.2.weight_scale:(ty=1,shape=[]),onnx::Conv_647_zero_point:(ty=3,shape=[])]", "device": "NPU"}, {"output": ["/segment/S5_5/conv_gap/conv/Conv_output_0"], "input": ["/segment/S5_5/bn/BatchNormalization_output_0_DequantizeLinear_Output", "onnx::Conv_647_DequantizeLinear_Output", "onnx::Conv_648_DequantizeLinear_Output"], "opType": "Conv", "comment": "@333 [/segment/S5_5/conv_gap/conv/Conv_output_0:(ty=1,shape=[1,128,1,1])] Conv [/segment/S5_5/bn/BatchNormalization_output_0_DequantizeLinear_Output:(ty=1,shape=[1,128,1,1]),onnx::Conv_647_DequantizeLinear_Output:(ty=1,shape=[128,128,1,1]),onnx::Conv_648_DequantizeLinear_Output:(ty=1,shape=[128])]", "device": "NPU"}, {"output": ["/segment/S5_5/conv_gap/relu/Relu_output_0"], "input": ["/segment/S5_5/conv_gap/conv/Conv_output_0"], "opType": "Relu", "comment": "@334 [/segment/S5_5/conv_gap/relu/Relu_output_0:(ty=1,shape=[1,128,1,1])] Relu [/segment/S5_5/conv_gap/conv/Conv_output_0:(ty=1,shape=[1,128,1,1])]", "device": "NPU"}, {"output": ["/segment/S5_5/conv_gap/relu/Relu_output_0_QuantizeLinear_Output"], "input": ["/segment/S5_5/conv_gap/relu/Relu_output_0", "/segment/S1S2/left/left.0/relu/Relu_output_0_scale", "/segment/S5_5/conv_gap/relu/Relu_output_0_zero_point"], "opType": "QuantizeLinear", "comment": "@335 [/segment/S5_5/conv_gap/relu/Relu_output_0_QuantizeLinear_Output:(ty=2,shape=[1,128,1,1])] QuantizeLinear [/segment/S5_5/conv_gap/relu/Relu_output_0:(ty=1,shape=[1,128,1,1]),/segment/S1S2/left/left.0/relu/Relu_output_0_scale:(ty=1,shape=[]),/segment/S5_5/conv_gap/relu/Relu_output_0_zero_point:(ty=2,shape=[])]", "device": "NPU"}, {"output": ["/segment/S5_5/conv_gap/relu/Relu_output_0_DequantizeLinear_Output"], "input": ["/segment/S5_5/conv_gap/relu/Relu_output_0_QuantizeLinear_Output", "/segment/S1S2/left/left.0/relu/Relu_output_0_scale", "/segment/S5_5/conv_gap/relu/Relu_output_0_zero_point"], "opType": "DequantizeLinear", "comment": "@336 [/segment/S5_5/conv_gap/relu/Relu_output_0_DequantizeLinear_Output:(ty=1,shape=[1,128,1,1])] DequantizeLinear [/segment/S5_5/conv_gap/relu/Relu_output_0_QuantizeLinear_Output:(ty=2,shape=[1,128,1,1]),/segment/S1S2/left/left.0/relu/Relu_output_0_scale:(ty=1,shape=[]),/segment/S5_5/conv_gap/relu/Relu_output_0_zero_point:(ty=2,shape=[])]", "device": "NPU"}, {"output": ["/segment/S5_5/Add_output_0"], "input": ["/segment/S5_5/conv_gap/relu/Relu_output_0_DequantizeLinear_Output", "/segment/S5_4/S5_4.3/relu/Relu_output_0_DequantizeLinear_Output/duplicated"], "opType": "Add", "comment": "@337 [/segment/S5_5/Add_output_0:(ty=1,shape=[1,128,16,16])] Add [/segment/S5_5/conv_gap/relu/Relu_output_0_DequantizeLinear_Output:(ty=1,shape=[1,128,1,1]),/segment/S5_4/S5_4.3/relu/Relu_output_0_DequantizeLinear_Output/duplicated:(ty=1,shape=[1,128,16,16])]", "device": "NPU"}, {"output": ["/segment/S5_5/Add_output_0_QuantizeLinear_Output"], "input": ["/segment/S5_5/Add_output_0", "/segment/S1S2/left/left.0/relu/Relu_output_0_scale", "/segment/S5_5/Add_output_0_zero_point"], "opType": "QuantizeLinear", "comment": "@338 [/segment/S5_5/Add_output_0_QuantizeLinear_Output:(ty=2,shape=[1,128,16,16])] QuantizeLinear [/segment/S5_5/Add_output_0:(ty=1,shape=[1,128,16,16]),/segment/S1S2/left/left.0/relu/Relu_output_0_scale:(ty=1,shape=[]),/segment/S5_5/Add_output_0_zero_point:(ty=2,shape=[])]", "device": "NPU"}, {"output": ["/segment/S5_5/Add_output_0_DequantizeLinear_Output"], "input": ["/segment/S5_5/Add_output_0_QuantizeLinear_Output", "/segment/S1S2/left/left.0/relu/Relu_output_0_scale", "/segment/S5_5/Add_output_0_zero_point"], "opType": "DequantizeLinear", "comment": "@339 [/segment/S5_5/Add_output_0_DequantizeLinear_Output:(ty=1,shape=[1,128,16,16])] DequantizeLinear [/segment/S5_5/Add_output_0_QuantizeLinear_Output:(ty=2,shape=[1,128,16,16]),/segment/S1S2/left/left.0/relu/Relu_output_0_scale:(ty=1,shape=[]),/segment/S5_5/Add_output_0_zero_point:(ty=2,shape=[])]", "device": "NPU"}, {"output": ["onnx::Conv_651_DequantizeLinear_Output"], "input": ["onnx::Conv_651_quantized", "onnx::Conv_645_scale", "onnx::Conv_651_zero_point"], "opType": "DequantizeLinear", "comment": "@100 [onnx::Conv_651_DequantizeLinear_Output:(ty=1,shape=[128])] DequantizeLinear [onnx::Conv_651_quantized:(ty=3,shape=[128]),onnx::Conv_645_scale:(ty=1,shape=[]),onnx::Conv_651_zero_point:(ty=3,shape=[])]", "device": "NPU"}, {"output": ["onnx::Conv_650_DequantizeLinear_Output"], "input": ["onnx::Conv_650_quantized", "onnx::Conv_602_scale", "onnx::Conv_650_zero_point"], "opType": "DequantizeLinear", "comment": "@99 [onnx::Conv_650_DequantizeLinear_Output:(ty=1,shape=[128,128,3,3])] DequantizeLinear [onnx::Conv_650_quantized:(ty=3,shape=[128,128,3,3]),onnx::Conv_602_scale:(ty=1,shape=[]),onnx::Conv_650_zero_point:(ty=3,shape=[])]", "device": "NPU"}, {"output": ["/segment/S5_5/conv_last/conv/Conv_output_0"], "input": ["/segment/S5_5/Add_output_0_DequantizeLinear_Output", "onnx::Conv_650_DequantizeLinear_Output", "onnx::Conv_651_DequantizeLinear_Output"], "opType": "Conv", "comment": "@340 [/segment/S5_5/conv_last/conv/Conv_output_0:(ty=1,shape=[1,128,16,16])] Conv [/segment/S5_5/Add_output_0_DequantizeLinear_Output:(ty=1,shape=[1,128,16,16]),onnx::Conv_650_DequantizeLinear_Output:(ty=1,shape=[128,128,3,3]),onnx::Conv_651_DequantizeLinear_Output:(ty=1,shape=[128])]", "device": "NPU"}, {"output": ["/segment/S5_5/conv_last/relu/Relu_output_0"], "input": ["/segment/S5_5/conv_last/conv/Conv_output_0"], "opType": "Relu", "comment": "@341 [/segment/S5_5/conv_last/relu/Relu_output_0:(ty=1,shape=[1,128,16,16])] Relu [/segment/S5_5/conv_last/conv/Conv_output_0:(ty=1,shape=[1,128,16,16])]", "device": "NPU"}, {"output": ["/segment/S5_5/conv_last/relu/Relu_output_0_QuantizeLinear_Output"], "input": ["/segment/S5_5/conv_last/relu/Relu_output_0", "onnx::Conv_645_scale", "/segment/S5_5/conv_last/relu/Relu_output_0_zero_point"], "opType": "QuantizeLinear", "comment": "@342 [/segment/S5_5/conv_last/relu/Relu_output_0_QuantizeLinear_Output:(ty=2,shape=[1,128,16,16])] QuantizeLinear [/segment/S5_5/conv_last/relu/Relu_output_0:(ty=1,shape=[1,128,16,16]),onnx::Conv_645_scale:(ty=1,shape=[]),/segment/S5_5/conv_last/relu/Relu_output_0_zero_point:(ty=2,shape=[])]", "device": "NPU"}, {"output": ["/segment/S5_5/conv_last/relu/Relu_output_0_DequantizeLinear_Output/duplicated"], "input": ["/segment/S5_5/conv_last/relu/Relu_output_0_QuantizeLinear_Output", "onnx::Conv_645_scale", "/segment/S5_5/conv_last/relu/Relu_output_0_zero_point"], "opType": "DequantizeLinear", "comment": "@403 [/segment/S5_5/conv_last/relu/Relu_output_0_DequantizeLinear_Output/duplicated:(ty=1,shape=[1,128,16,16])] DequantizeLinear [/segment/S5_5/conv_last/relu/Relu_output_0_QuantizeLinear_Output:(ty=2,shape=[1,128,16,16]),onnx::Conv_645_scale:(ty=1,shape=[]),/segment/S5_5/conv_last/relu/Relu_output_0_zero_point:(ty=2,shape=[])]", "device": "NPU"}, {"output": ["onnx::Conv_663_DequantizeLinear_Output"], "input": ["onnx::Conv_663_quantized", "onnx::Conv_518_scale", "onnx::Conv_663_zero_point"], "opType": "DequantizeLinear", "comment": "@108 [onnx::Conv_663_DequantizeLinear_Output:(ty=1,shape=[128])] DequantizeLinear [onnx::Conv_663_quantized:(ty=3,shape=[128]),onnx::Conv_518_scale:(ty=1,shape=[]),onnx::Conv_663_zero_point:(ty=3,shape=[])]", "device": "NPU"}, {"output": ["onnx::Conv_662_DequantizeLinear_Output"], "input": ["onnx::Conv_662_quantized", "bga.right2.2.weight_scale", "onnx::Conv_662_zero_point"], "opType": "DequantizeLinear", "comment": "@107 [onnx::Conv_662_DequantizeLinear_Output:(ty=1,shape=[128,1,3,3])] DequantizeLinear [onnx::Conv_662_quantized:(ty=3,shape=[128,1,3,3]),bga.right2.2.weight_scale:(ty=1,shape=[]),onnx::Conv_662_zero_point:(ty=3,shape=[])]", "device": "NPU"}, {"output": ["/bga/right2/right2.0/Conv_output_0"], "input": ["/segment/S5_5/conv_last/relu/Relu_output_0_DequantizeLinear_Output/duplicated", "onnx::Conv_662_DequantizeLinear_Output", "onnx::Conv_663_DequantizeLinear_Output"], "opType": "Conv", "comment": "@345 [/bga/right2/right2.0/Conv_output_0:(ty=1,shape=[1,128,16,16])] Conv [/segment/S5_5/conv_last/relu/Relu_output_0_DequantizeLinear_Output/duplicated:(ty=1,shape=[1,128,16,16]),onnx::Conv_662_DequantizeLinear_Output:(ty=1,shape=[128,1,3,3]),onnx::Conv_663_DequantizeLinear_Output:(ty=1,shape=[128])]", "device": "NPU"}, {"output": ["/bga/right2/right2.0/Conv_output_0_QuantizeLinear_Output"], "input": ["/bga/right2/right2.0/Conv_output_0", "/bga/Mul_output_0_scale", "/bga/right2/right2.0/Conv_output_0_zero_point"], "opType": "QuantizeLinear", "comment": "@347 [/bga/right2/right2.0/Conv_output_0_QuantizeLinear_Output:(ty=2,shape=[1,128,16,16])] QuantizeLinear [/bga/right2/right2.0/Conv_output_0:(ty=1,shape=[1,128,16,16]),/bga/Mul_output_0_scale:(ty=1,shape=[]),/bga/right2/right2.0/Conv_output_0_zero_point:(ty=2,shape=[])]", "device": "NPU"}, {"output": ["/bga/right2/right2.0/Conv_output_0_DequantizeLinear_Output"], "input": ["/bga/right2/right2.0/Conv_output_0_QuantizeLinear_Output", "/bga/Mul_output_0_scale", "/bga/right2/right2.0/Conv_output_0_zero_point"], "opType": "DequantizeLinear", "comment": "@349 [/bga/right2/right2.0/Conv_output_0_DequantizeLinear_Output:(ty=1,shape=[1,128,16,16])] DequantizeLinear [/bga/right2/right2.0/Conv_output_0_QuantizeLinear_Output:(ty=2,shape=[1,128,16,16]),/bga/Mul_output_0_scale:(ty=1,shape=[]),/bga/right2/right2.0/Conv_output_0_zero_point:(ty=2,shape=[])]", "device": "NPU"}, {"output": ["bga.right2.2.weight_DequantizeLinear_Output"], "input": ["bga.right2.2.weight_quantized", "bga.right2.2.weight_scale", "bga.right2.2.weight_zero_point"], "opType": "DequantizeLinear", "comment": "@3 [bga.right2.2.weight_DequantizeLinear_Output:(ty=1,shape=[128,128,1,1])] DequantizeLinear [bga.right2.2.weight_quantized:(ty=3,shape=[128,128,1,1]),bga.right2.2.weight_scale:(ty=1,shape=[]),bga.right2.2.weight_zero_point:(ty=3,shape=[])]", "device": "NPU"}, {"output": ["/bga/right2/right2.2/Conv_output_0"], "input": ["/bga/right2/right2.0/Conv_output_0_DequantizeLinear_Output", "bga.right2.2.weight_DequantizeLinear_Output"], "opType": "Conv", "comment": "@351 [/bga/right2/right2.2/Conv_output_0:(ty=1,shape=[1,128,16,16])] Conv [/bga/right2/right2.0/Conv_output_0_DequantizeLinear_Output:(ty=1,shape=[1,128,16,16]),bga.right2.2.weight_DequantizeLinear_Output:(ty=1,shape=[128,128,1,1])]", "device": "NPU"}, {"output": ["/bga/right2/right2.2/Conv_output_0_QuantizeLinear_Output"], "input": ["/bga/right2/right2.2/Conv_output_0", "image_scale", "/bga/right2/right2.2/Conv_output_0_zero_point"], "opType": "QuantizeLinear", "comment": "@353 [/bga/right2/right2.2/Conv_output_0_QuantizeLinear_Output:(ty=2,shape=[1,128,16,16])] QuantizeLinear [/bga/right2/right2.2/Conv_output_0:(ty=1,shape=[1,128,16,16]),image_scale:(ty=1,shape=[]),/bga/right2/right2.2/Conv_output_0_zero_point:(ty=2,shape=[])]", "device": "NPU"}, {"output": ["/bga/right2/right2.2/Conv_output_0_DequantizeLinear_Output"], "input": ["/bga/right2/right2.2/Conv_output_0_QuantizeLinear_Output", "image_scale", "/bga/right2/right2.2/Conv_output_0_zero_point"], "opType": "DequantizeLinear", "comment": "@355 [/bga/right2/right2.2/Conv_output_0_DequantizeLinear_Output:(ty=1,shape=[1,128,16,16])] DequantizeLinear [/bga/right2/right2.2/Conv_output_0_QuantizeLinear_Output:(ty=2,shape=[1,128,16,16]),image_scale:(ty=1,shape=[]),/bga/right2/right2.2/Conv_output_0_zero_point:(ty=2,shape=[])]", "device": "NPU"}, {"output": ["/bga/Sigmoid_1_output_0_Mul"], "input": ["/bga/right2/right2.2/Conv_output_0_DequantizeLinear_Output"], "opType": "HardSigmoid", "comment": "@387 [/bga/Sigmoid_1_output_0_Mul:(ty=1,shape=[1,128,16,16])] HardSigmoid [/bga/right2/right2.2/Conv_output_0_DequantizeLinear_Output:(ty=1,shape=[1,128,16,16])]", "device": "NPU"}, {"output": ["/bga/Sigmoid_1_output_0"], "input": ["/bga/Sigmoid_1_output_0_Mul", "/bga/Sigmoid_output_0_Scale"], "opType": "Mul", "comment": "@389 [/bga/Sigmoid_1_output_0:(ty=1,shape=[1,128,16,16])] Mul [/bga/Sigmoid_1_output_0_Mul:(ty=1,shape=[1,128,16,16]),/bga/Sigmoid_output_0_Scale:(ty=1,shape=[])]", "device": "NPU"}, {"output": ["/bga/Sigmoid_1_output_0_QuantizeLinear_Output"], "input": ["/bga/Sigmoid_1_output_0", "onnx::Conv_518_scale", "/bga/Sigmoid_1_output_0_zero_point"], "opType": "QuantizeLinear", "comment": "@357 [/bga/Sigmoid_1_output_0_QuantizeLinear_Output:(ty=2,shape=[1,128,16,16])] QuantizeLinear [/bga/Sigmoid_1_output_0:(ty=1,shape=[1,128,16,16]),onnx::Conv_518_scale:(ty=1,shape=[]),/bga/Sigmoid_1_output_0_zero_point:(ty=2,shape=[])]", "device": "NPU"}, {"output": ["/bga/Sigmoid_1_output_0_DequantizeLinear_Output"], "input": ["/bga/Sigmoid_1_output_0_QuantizeLinear_Output", "onnx::Conv_518_scale", "/bga/Sigmoid_1_output_0_zero_point"], "opType": "DequantizeLinear", "comment": "@359 [/bga/Sigmoid_1_output_0_DequantizeLinear_Output:(ty=1,shape=[1,128,16,16])] DequantizeLinear [/bga/Sigmoid_1_output_0_QuantizeLinear_Output:(ty=2,shape=[1,128,16,16]),onnx::Conv_518_scale:(ty=1,shape=[]),/bga/Sigmoid_1_output_0_zero_point:(ty=2,shape=[])]", "device": "NPU"}, {"output": ["image_DequantizeLinear_Output"], "input": ["image_QuantizeLinear_Output", "image_scale", "image_zero_point"], "opType": "DequantizeLinear", "comment": "@113 [image_DequantizeLinear_Output:(ty=1,shape=[1,3,512,512])] DequantizeLinear [image_QuantizeLinear_Output:(ty=2,shape=[1,3,512,512]),image_scale:(ty=1,shape=[]),image_zero_point:(ty=2,shape=[])]", "device": "NPU"}, {"output": ["onnx::Conv_513_DequantizeLinear_Output"], "input": ["onnx::Conv_513_quantized", "image_scale", "onnx::Conv_513_zero_point"], "opType": "DequantizeLinear", "comment": "@8 [onnx::Conv_513_DequantizeLinear_Output:(ty=1,shape=[64])] DequantizeLinear [onnx::Conv_513_quantized:(ty=3,shape=[64]),image_scale:(ty=1,shape=[]),onnx::Conv_513_zero_point:(ty=3,shape=[])]", "device": "NPU"}, {"output": ["onnx::Conv_512_DequantizeLinear_Output"], "input": ["onnx::Conv_512_quantized", "image_scale", "onnx::Conv_512_zero_point"], "opType": "DequantizeLinear", "comment": "@7 [onnx::Conv_512_DequantizeLinear_Output:(ty=1,shape=[64,3,3,3])] DequantizeLinear [onnx::Conv_512_quantized:(ty=3,shape=[64,3,3,3]),image_scale:(ty=1,shape=[]),onnx::Conv_512_zero_point:(ty=3,shape=[])]", "device": "NPU"}, {"output": ["/detail/S1/S1.0/conv/Conv_output_0"], "input": ["image_DequantizeLinear_Output", "onnx::Conv_512_DequantizeLinear_Output", "onnx::Conv_513_DequantizeLinear_Output"], "opType": "Conv", "comment": "@114 [/detail/S1/S1.0/conv/Conv_output_0:(ty=1,shape=[1,64,256,256])] Conv [image_DequantizeLinear_Output:(ty=1,shape=[1,3,512,512]),onnx::Conv_512_DequantizeLinear_Output:(ty=1,shape=[64,3,3,3]),onnx::Conv_513_DequantizeLinear_Output:(ty=1,shape=[64])]", "device": "NPU"}, {"output": ["/detail/S1/S1.0/relu/Relu_output_0"], "input": ["/detail/S1/S1.0/conv/Conv_output_0"], "opType": "Relu", "comment": "@116 [/detail/S1/S1.0/relu/Relu_output_0:(ty=1,shape=[1,64,256,256])] Relu [/detail/S1/S1.0/conv/Conv_output_0:(ty=1,shape=[1,64,256,256])]", "device": "NPU"}, {"output": ["/detail/S1/S1.0/relu/Relu_output_0_QuantizeLinear_Output"], "input": ["/detail/S1/S1.0/relu/Relu_output_0", "/segment/S1S2/left/left.0/relu/Relu_output_0_scale", "/detail/S1/S1.0/relu/Relu_output_0_zero_point"], "opType": "QuantizeLinear", "comment": "@118 [/detail/S1/S1.0/relu/Relu_output_0_QuantizeLinear_Output:(ty=2,shape=[1,64,256,256])] QuantizeLinear [/detail/S1/S1.0/relu/Relu_output_0:(ty=1,shape=[1,64,256,256]),/segment/S1S2/left/left.0/relu/Relu_output_0_scale:(ty=1,shape=[]),/detail/S1/S1.0/relu/Relu_output_0_zero_point:(ty=2,shape=[])]", "device": "NPU"}, {"output": ["/detail/S1/S1.0/relu/Relu_output_0_DequantizeLinear_Output"], "input": ["/detail/S1/S1.0/relu/Relu_output_0_QuantizeLinear_Output", "/segment/S1S2/left/left.0/relu/Relu_output_0_scale", "/detail/S1/S1.0/relu/Relu_output_0_zero_point"], "opType": "DequantizeLinear", "comment": "@120 [/detail/S1/S1.0/relu/Relu_output_0_DequantizeLinear_Output:(ty=1,shape=[1,64,256,256])] DequantizeLinear [/detail/S1/S1.0/relu/Relu_output_0_QuantizeLinear_Output:(ty=2,shape=[1,64,256,256]),/segment/S1S2/left/left.0/relu/Relu_output_0_scale:(ty=1,shape=[]),/detail/S1/S1.0/relu/Relu_output_0_zero_point:(ty=2,shape=[])]", "device": "NPU"}, {"output": ["onnx::Conv_516_DequantizeLinear_Output"], "input": ["onnx::Conv_516_quantized", "/bga/Mul_output_0_scale", "onnx::Conv_516_zero_point"], "opType": "DequantizeLinear", "comment": "@10 [onnx::Conv_516_DequantizeLinear_Output:(ty=1,shape=[64])] DequantizeLinear [onnx::Conv_516_quantized:(ty=3,shape=[64]),/bga/Mul_output_0_scale:(ty=1,shape=[]),onnx::Conv_516_zero_point:(ty=3,shape=[])]", "device": "NPU"}, {"output": ["onnx::Conv_515_DequantizeLinear_Output"], "input": ["onnx::Conv_515_quantized", "onnx::Conv_581_scale", "onnx::Conv_515_zero_point"], "opType": "DequantizeLinear", "comment": "@9 [onnx::Conv_515_DequantizeLinear_Output:(ty=1,shape=[64,64,3,3])] DequantizeLinear [onnx::Conv_515_quantized:(ty=3,shape=[64,64,3,3]),onnx::Conv_581_scale:(ty=1,shape=[]),onnx::Conv_515_zero_point:(ty=3,shape=[])]", "device": "NPU"}, {"output": ["/detail/S1/S1.1/conv/Conv_output_0"], "input": ["/detail/S1/S1.0/relu/Relu_output_0_DequantizeLinear_Output", "onnx::Conv_515_DequantizeLinear_Output", "onnx::Conv_516_DequantizeLinear_Output"], "opType": "Conv", "comment": "@122 [/detail/S1/S1.1/conv/Conv_output_0:(ty=1,shape=[1,64,256,256])] Conv [/detail/S1/S1.0/relu/Relu_output_0_DequantizeLinear_Output:(ty=1,shape=[1,64,256,256]),onnx::Conv_515_DequantizeLinear_Output:(ty=1,shape=[64,64,3,3]),onnx::Conv_516_DequantizeLinear_Output:(ty=1,shape=[64])]", "device": "NPU"}, {"output": ["/detail/S1/S1.1/relu/Relu_output_0"], "input": ["/detail/S1/S1.1/conv/Conv_output_0"], "opType": "Relu", "comment": "@125 [/detail/S1/S1.1/relu/Relu_output_0:(ty=1,shape=[1,64,256,256])] Relu [/detail/S1/S1.1/conv/Conv_output_0:(ty=1,shape=[1,64,256,256])]", "device": "NPU"}, {"output": ["/detail/S1/S1.1/relu/Relu_output_0_QuantizeLinear_Output"], "input": ["/detail/S1/S1.1/relu/Relu_output_0", "/detail/S2/S2.0/relu/Relu_output_0_scale", "/detail/S1/S1.1/relu/Relu_output_0_zero_point"], "opType": "QuantizeLinear", "comment": "@128 [/detail/S1/S1.1/relu/Relu_output_0_QuantizeLinear_Output:(ty=2,shape=[1,64,256,256])] QuantizeLinear [/detail/S1/S1.1/relu/Relu_output_0:(ty=1,shape=[1,64,256,256]),/detail/S2/S2.0/relu/Relu_output_0_scale:(ty=1,shape=[]),/detail/S1/S1.1/relu/Relu_output_0_zero_point:(ty=2,shape=[])]", "device": "NPU"}, {"output": ["/detail/S1/S1.1/relu/Relu_output_0_DequantizeLinear_Output"], "input": ["/detail/S1/S1.1/relu/Relu_output_0_QuantizeLinear_Output", "/detail/S2/S2.0/relu/Relu_output_0_scale", "/detail/S1/S1.1/relu/Relu_output_0_zero_point"], "opType": "DequantizeLinear", "comment": "@131 [/detail/S1/S1.1/relu/Relu_output_0_DequantizeLinear_Output:(ty=1,shape=[1,64,256,256])] DequantizeLinear [/detail/S1/S1.1/relu/Relu_output_0_QuantizeLinear_Output:(ty=2,shape=[1,64,256,256]),/detail/S2/S2.0/relu/Relu_output_0_scale:(ty=1,shape=[]),/detail/S1/S1.1/relu/Relu_output_0_zero_point:(ty=2,shape=[])]", "device": "NPU"}, {"output": ["onnx::Conv_519_DequantizeLinear_Output"], "input": ["onnx::Conv_519_quantized", "onnx::Conv_645_scale", "onnx::Conv_519_zero_point"], "opType": "DequantizeLinear", "comment": "@12 [onnx::Conv_519_DequantizeLinear_Output:(ty=1,shape=[64])] DequantizeLinear [onnx::Conv_519_quantized:(ty=3,shape=[64]),onnx::Conv_645_scale:(ty=1,shape=[]),onnx::Conv_519_zero_point:(ty=3,shape=[])]", "device": "NPU"}, {"output": ["onnx::Conv_518_DequantizeLinear_Output"], "input": ["onnx::Conv_518_quantized", "onnx::Conv_518_scale", "onnx::Conv_518_zero_point"], "opType": "DequantizeLinear", "comment": "@11 [onnx::Conv_518_DequantizeLinear_Output:(ty=1,shape=[64,64,3,3])] DequantizeLinear [onnx::Conv_518_quantized:(ty=3,shape=[64,64,3,3]),onnx::Conv_518_scale:(ty=1,shape=[]),onnx::Conv_518_zero_point:(ty=3,shape=[])]", "device": "NPU"}, {"output": ["/detail/S2/S2.0/conv/Conv_output_0"], "input": ["/detail/S1/S1.1/relu/Relu_output_0_DequantizeLinear_Output", "onnx::Conv_518_DequantizeLinear_Output", "onnx::Conv_519_DequantizeLinear_Output"], "opType": "Conv", "comment": "@133 [/detail/S2/S2.0/conv/Conv_output_0:(ty=1,shape=[1,64,128,128])] Conv [/detail/S1/S1.1/relu/Relu_output_0_DequantizeLinear_Output:(ty=1,shape=[1,64,256,256]),onnx::Conv_518_DequantizeLinear_Output:(ty=1,shape=[64,64,3,3]),onnx::Conv_519_DequantizeLinear_Output:(ty=1,shape=[64])]", "device": "NPU"}, {"output": ["/detail/S2/S2.0/relu/Relu_output_0"], "input": ["/detail/S2/S2.0/conv/Conv_output_0"], "opType": "Relu", "comment": "@135 [/detail/S2/S2.0/relu/Relu_output_0:(ty=1,shape=[1,64,128,128])] Relu [/detail/S2/S2.0/conv/Conv_output_0:(ty=1,shape=[1,64,128,128])]", "device": "NPU"}, {"output": ["/detail/S2/S2.0/relu/Relu_output_0_QuantizeLinear_Output"], "input": ["/detail/S2/S2.0/relu/Relu_output_0", "/detail/S2/S2.0/relu/Relu_output_0_scale", "/detail/S2/S2.0/relu/Relu_output_0_zero_point"], "opType": "QuantizeLinear", "comment": "@137 [/detail/S2/S2.0/relu/Relu_output_0_QuantizeLinear_Output:(ty=2,shape=[1,64,128,128])] QuantizeLinear [/detail/S2/S2.0/relu/Relu_output_0:(ty=1,shape=[1,64,128,128]),/detail/S2/S2.0/relu/Relu_output_0_scale:(ty=1,shape=[]),/detail/S2/S2.0/relu/Relu_output_0_zero_point:(ty=2,shape=[])]", "device": "NPU"}, {"output": ["/detail/S2/S2.0/relu/Relu_output_0_DequantizeLinear_Output"], "input": ["/detail/S2/S2.0/relu/Relu_output_0_QuantizeLinear_Output", "/detail/S2/S2.0/relu/Relu_output_0_scale", "/detail/S2/S2.0/relu/Relu_output_0_zero_point"], "opType": "DequantizeLinear", "comment": "@139 [/detail/S2/S2.0/relu/Relu_output_0_DequantizeLinear_Output:(ty=1,shape=[1,64,128,128])] DequantizeLinear [/detail/S2/S2.0/relu/Relu_output_0_QuantizeLinear_Output:(ty=2,shape=[1,64,128,128]),/detail/S2/S2.0/relu/Relu_output_0_scale:(ty=1,shape=[]),/detail/S2/S2.0/relu/Relu_output_0_zero_point:(ty=2,shape=[])]", "device": "NPU"}, {"output": ["onnx::Conv_522_DequantizeLinear_Output"], "input": ["onnx::Conv_522_quantized", "onnx::Conv_645_scale", "onnx::Conv_522_zero_point"], "opType": "DequantizeLinear", "comment": "@14 [onnx::Conv_522_DequantizeLinear_Output:(ty=1,shape=[64])] DequantizeLinear [onnx::Conv_522_quantized:(ty=3,shape=[64]),onnx::Conv_645_scale:(ty=1,shape=[]),onnx::Conv_522_zero_point:(ty=3,shape=[])]", "device": "NPU"}, {"output": ["onnx::Conv_521_DequantizeLinear_Output"], "input": ["onnx::Conv_521_quantized", "onnx::Conv_518_scale", "onnx::Conv_521_zero_point"], "opType": "DequantizeLinear", "comment": "@13 [onnx::Conv_521_DequantizeLinear_Output:(ty=1,shape=[64,64,3,3])] DequantizeLinear [onnx::Conv_521_quantized:(ty=3,shape=[64,64,3,3]),onnx::Conv_518_scale:(ty=1,shape=[]),onnx::Conv_521_zero_point:(ty=3,shape=[])]", "device": "NPU"}, {"output": ["/detail/S2/S2.1/conv/Conv_output_0"], "input": ["/detail/S2/S2.0/relu/Relu_output_0_DequantizeLinear_Output", "onnx::Conv_521_DequantizeLinear_Output", "onnx::Conv_522_DequantizeLinear_Output"], "opType": "Conv", "comment": "@141 [/detail/S2/S2.1/conv/Conv_output_0:(ty=1,shape=[1,64,128,128])] Conv [/detail/S2/S2.0/relu/Relu_output_0_DequantizeLinear_Output:(ty=1,shape=[1,64,128,128]),onnx::Conv_521_DequantizeLinear_Output:(ty=1,shape=[64,64,3,3]),onnx::Conv_522_DequantizeLinear_Output:(ty=1,shape=[64])]", "device": "NPU"}, {"output": ["/detail/S2/S2.1/relu/Relu_output_0"], "input": ["/detail/S2/S2.1/conv/Conv_output_0"], "opType": "Relu", "comment": "@143 [/detail/S2/S2.1/relu/Relu_output_0:(ty=1,shape=[1,64,128,128])] Relu [/detail/S2/S2.1/conv/Conv_output_0:(ty=1,shape=[1,64,128,128])]", "device": "NPU"}, {"output": ["/detail/S2/S2.1/relu/Relu_output_0_QuantizeLinear_Output"], "input": ["/detail/S2/S2.1/relu/Relu_output_0", "/detail/S2/S2.0/relu/Relu_output_0_scale", "/detail/S2/S2.1/relu/Relu_output_0_zero_point"], "opType": "QuantizeLinear", "comment": "@145 [/detail/S2/S2.1/relu/Relu_output_0_QuantizeLinear_Output:(ty=2,shape=[1,64,128,128])] QuantizeLinear [/detail/S2/S2.1/relu/Relu_output_0:(ty=1,shape=[1,64,128,128]),/detail/S2/S2.0/relu/Relu_output_0_scale:(ty=1,shape=[]),/detail/S2/S2.1/relu/Relu_output_0_zero_point:(ty=2,shape=[])]", "device": "NPU"}, {"output": ["/detail/S2/S2.1/relu/Relu_output_0_DequantizeLinear_Output"], "input": ["/detail/S2/S2.1/relu/Relu_output_0_QuantizeLinear_Output", "/detail/S2/S2.0/relu/Relu_output_0_scale", "/detail/S2/S2.1/relu/Relu_output_0_zero_point"], "opType": "DequantizeLinear", "comment": "@147 [/detail/S2/S2.1/relu/Relu_output_0_DequantizeLinear_Output:(ty=1,shape=[1,64,128,128])] DequantizeLinear [/detail/S2/S2.1/relu/Relu_output_0_QuantizeLinear_Output:(ty=2,shape=[1,64,128,128]),/detail/S2/S2.0/relu/Relu_output_0_scale:(ty=1,shape=[]),/detail/S2/S2.1/relu/Relu_output_0_zero_point:(ty=2,shape=[])]", "device": "NPU"}, {"output": ["onnx::Conv_525_DequantizeLinear_Output"], "input": ["onnx::Conv_525_quantized", "image_scale", "onnx::Conv_525_zero_point"], "opType": "DequantizeLinear", "comment": "@16 [onnx::Conv_525_DequantizeLinear_Output:(ty=1,shape=[64])] DequantizeLinear [onnx::Conv_525_quantized:(ty=3,shape=[64]),image_scale:(ty=1,shape=[]),onnx::Conv_525_zero_point:(ty=3,shape=[])]", "device": "NPU"}, {"output": ["onnx::Conv_524_DequantizeLinear_Output"], "input": ["onnx::Conv_524_quantized", "onnx::Conv_518_scale", "onnx::Conv_524_zero_point"], "opType": "DequantizeLinear", "comment": "@15 [onnx::Conv_524_DequantizeLinear_Output:(ty=1,shape=[64,64,3,3])] DequantizeLinear [onnx::Conv_524_quantized:(ty=3,shape=[64,64,3,3]),onnx::Conv_518_scale:(ty=1,shape=[]),onnx::Conv_524_zero_point:(ty=3,shape=[])]", "device": "NPU"}, {"output": ["/detail/S2/S2.2/conv/Conv_output_0"], "input": ["/detail/S2/S2.1/relu/Relu_output_0_DequantizeLinear_Output", "onnx::Conv_524_DequantizeLinear_Output", "onnx::Conv_525_DequantizeLinear_Output"], "opType": "Conv", "comment": "@149 [/detail/S2/S2.2/conv/Conv_output_0:(ty=1,shape=[1,64,128,128])] Conv [/detail/S2/S2.1/relu/Relu_output_0_DequantizeLinear_Output:(ty=1,shape=[1,64,128,128]),onnx::Conv_524_DequantizeLinear_Output:(ty=1,shape=[64,64,3,3]),onnx::Conv_525_DequantizeLinear_Output:(ty=1,shape=[64])]", "device": "NPU"}, {"output": ["/detail/S2/S2.2/relu/Relu_output_0"], "input": ["/detail/S2/S2.2/conv/Conv_output_0"], "opType": "Relu", "comment": "@151 [/detail/S2/S2.2/relu/Relu_output_0:(ty=1,shape=[1,64,128,128])] Relu [/detail/S2/S2.2/conv/Conv_output_0:(ty=1,shape=[1,64,128,128])]", "device": "NPU"}, {"output": ["/detail/S2/S2.2/relu/Relu_output_0_QuantizeLinear_Output"], "input": ["/detail/S2/S2.2/relu/Relu_output_0", "/detail/S2/S2.0/relu/Relu_output_0_scale", "/detail/S2/S2.2/relu/Relu_output_0_zero_point"], "opType": "QuantizeLinear", "comment": "@153 [/detail/S2/S2.2/relu/Relu_output_0_QuantizeLinear_Output:(ty=2,shape=[1,64,128,128])] QuantizeLinear [/detail/S2/S2.2/relu/Relu_output_0:(ty=1,shape=[1,64,128,128]),/detail/S2/S2.0/relu/Relu_output_0_scale:(ty=1,shape=[]),/detail/S2/S2.2/relu/Relu_output_0_zero_point:(ty=2,shape=[])]", "device": "NPU"}, {"output": ["/detail/S2/S2.2/relu/Relu_output_0_DequantizeLinear_Output"], "input": ["/detail/S2/S2.2/relu/Relu_output_0_QuantizeLinear_Output", "/detail/S2/S2.0/relu/Relu_output_0_scale", "/detail/S2/S2.2/relu/Relu_output_0_zero_point"], "opType": "DequantizeLinear", "comment": "@155 [/detail/S2/S2.2/relu/Relu_output_0_DequantizeLinear_Output:(ty=1,shape=[1,64,128,128])] DequantizeLinear [/detail/S2/S2.2/relu/Relu_output_0_QuantizeLinear_Output:(ty=2,shape=[1,64,128,128]),/detail/S2/S2.0/relu/Relu_output_0_scale:(ty=1,shape=[]),/detail/S2/S2.2/relu/Relu_output_0_zero_point:(ty=2,shape=[])]", "device": "NPU"}, {"output": ["onnx::Conv_528_DequantizeLinear_Output"], "input": ["onnx::Conv_528_quantized", "/bga/Mul_output_0_scale", "onnx::Conv_528_zero_point"], "opType": "DequantizeLinear", "comment": "@18 [onnx::Conv_528_DequantizeLinear_Output:(ty=1,shape=[128])] DequantizeLinear [onnx::Conv_528_quantized:(ty=3,shape=[128]),/bga/Mul_output_0_scale:(ty=1,shape=[]),onnx::Conv_528_zero_point:(ty=3,shape=[])]", "device": "NPU"}, {"output": ["onnx::Conv_527_DequantizeLinear_Output"], "input": ["onnx::Conv_527_quantized", "bga.right2.2.weight_scale", "onnx::Conv_527_zero_point"], "opType": "DequantizeLinear", "comment": "@17 [onnx::Conv_527_DequantizeLinear_Output:(ty=1,shape=[128,64,3,3])] DequantizeLinear [onnx::Conv_527_quantized:(ty=3,shape=[128,64,3,3]),bga.right2.2.weight_scale:(ty=1,shape=[]),onnx::Conv_527_zero_point:(ty=3,shape=[])]", "device": "NPU"}, {"output": ["/detail/S3/S3.0/conv/Conv_output_0"], "input": ["/detail/S2/S2.2/relu/Relu_output_0_DequantizeLinear_Output", "onnx::Conv_527_DequantizeLinear_Output", "onnx::Conv_528_DequantizeLinear_Output"], "opType": "Conv", "comment": "@158 [/detail/S3/S3.0/conv/Conv_output_0:(ty=1,shape=[1,128,64,64])] Conv [/detail/S2/S2.2/relu/Relu_output_0_DequantizeLinear_Output:(ty=1,shape=[1,64,128,128]),onnx::Conv_527_DequantizeLinear_Output:(ty=1,shape=[128,64,3,3]),onnx::Conv_528_DequantizeLinear_Output:(ty=1,shape=[128])]", "device": "NPU"}, {"output": ["/detail/S3/S3.0/relu/Relu_output_0"], "input": ["/detail/S3/S3.0/conv/Conv_output_0"], "opType": "Relu", "comment": "@161 [/detail/S3/S3.0/relu/Relu_output_0:(ty=1,shape=[1,128,64,64])] Relu [/detail/S3/S3.0/conv/Conv_output_0:(ty=1,shape=[1,128,64,64])]", "device": "NPU"}, {"output": ["/detail/S3/S3.0/relu/Relu_output_0_QuantizeLinear_Output"], "input": ["/detail/S3/S3.0/relu/Relu_output_0", "/segment/S1S2/left/left.0/relu/Relu_output_0_scale", "/detail/S3/S3.0/relu/Relu_output_0_zero_point"], "opType": "QuantizeLinear", "comment": "@164 [/detail/S3/S3.0/relu/Relu_output_0_QuantizeLinear_Output:(ty=2,shape=[1,128,64,64])] QuantizeLinear [/detail/S3/S3.0/relu/Relu_output_0:(ty=1,shape=[1,128,64,64]),/segment/S1S2/left/left.0/relu/Relu_output_0_scale:(ty=1,shape=[]),/detail/S3/S3.0/relu/Relu_output_0_zero_point:(ty=2,shape=[])]", "device": "NPU"}, {"output": ["/detail/S3/S3.0/relu/Relu_output_0_DequantizeLinear_Output"], "input": ["/detail/S3/S3.0/relu/Relu_output_0_QuantizeLinear_Output", "/segment/S1S2/left/left.0/relu/Relu_output_0_scale", "/detail/S3/S3.0/relu/Relu_output_0_zero_point"], "opType": "DequantizeLinear", "comment": "@167 [/detail/S3/S3.0/relu/Relu_output_0_DequantizeLinear_Output:(ty=1,shape=[1,128,64,64])] DequantizeLinear [/detail/S3/S3.0/relu/Relu_output_0_QuantizeLinear_Output:(ty=2,shape=[1,128,64,64]),/segment/S1S2/left/left.0/relu/Relu_output_0_scale:(ty=1,shape=[]),/detail/S3/S3.0/relu/Relu_output_0_zero_point:(ty=2,shape=[])]", "device": "NPU"}, {"output": ["onnx::Conv_531_DequantizeLinear_Output"], "input": ["onnx::Conv_531_quantized", "onnx::Conv_645_scale", "onnx::Conv_531_zero_point"], "opType": "DequantizeLinear", "comment": "@20 [onnx::Conv_531_DequantizeLinear_Output:(ty=1,shape=[128])] DequantizeLinear [onnx::Conv_531_quantized:(ty=3,shape=[128]),onnx::Conv_645_scale:(ty=1,shape=[]),onnx::Conv_531_zero_point:(ty=3,shape=[])]", "device": "NPU"}, {"output": ["onnx::Conv_530_DequantizeLinear_Output"], "input": ["onnx::Conv_530_quantized", "bga.right2.2.weight_scale", "onnx::Conv_530_zero_point"], "opType": "DequantizeLinear", "comment": "@19 [onnx::Conv_530_DequantizeLinear_Output:(ty=1,shape=[128,128,3,3])] DequantizeLinear [onnx::Conv_530_quantized:(ty=3,shape=[128,128,3,3]),bga.right2.2.weight_scale:(ty=1,shape=[]),onnx::Conv_530_zero_point:(ty=3,shape=[])]", "device": "NPU"}, {"output": ["/detail/S3/S3.1/conv/Conv_output_0"], "input": ["/detail/S3/S3.0/relu/Relu_output_0_DequantizeLinear_Output", "onnx::Conv_530_DequantizeLinear_Output", "onnx::Conv_531_DequantizeLinear_Output"], "opType": "Conv", "comment": "@170 [/detail/S3/S3.1/conv/Conv_output_0:(ty=1,shape=[1,128,64,64])] Conv [/detail/S3/S3.0/relu/Relu_output_0_DequantizeLinear_Output:(ty=1,shape=[1,128,64,64]),onnx::Conv_530_DequantizeLinear_Output:(ty=1,shape=[128,128,3,3]),onnx::Conv_531_DequantizeLinear_Output:(ty=1,shape=[128])]", "device": "NPU"}, {"output": ["/detail/S3/S3.1/relu/Relu_output_0"], "input": ["/detail/S3/S3.1/conv/Conv_output_0"], "opType": "Relu", "comment": "@173 [/detail/S3/S3.1/relu/Relu_output_0:(ty=1,shape=[1,128,64,64])] Relu [/detail/S3/S3.1/conv/Conv_output_0:(ty=1,shape=[1,128,64,64])]", "device": "NPU"}, {"output": ["/detail/S3/S3.1/relu/Relu_output_0_QuantizeLinear_Output"], "input": ["/detail/S3/S3.1/relu/Relu_output_0", "/segment/S1S2/left/left.0/relu/Relu_output_0_scale", "/detail/S3/S3.1/relu/Relu_output_0_zero_point"], "opType": "QuantizeLinear", "comment": "@175 [/detail/S3/S3.1/relu/Relu_output_0_QuantizeLinear_Output:(ty=2,shape=[1,128,64,64])] QuantizeLinear [/detail/S3/S3.1/relu/Relu_output_0:(ty=1,shape=[1,128,64,64]),/segment/S1S2/left/left.0/relu/Relu_output_0_scale:(ty=1,shape=[]),/detail/S3/S3.1/relu/Relu_output_0_zero_point:(ty=2,shape=[])]", "device": "NPU"}, {"output": ["/detail/S3/S3.1/relu/Relu_output_0_DequantizeLinear_Output"], "input": ["/detail/S3/S3.1/relu/Relu_output_0_QuantizeLinear_Output", "/segment/S1S2/left/left.0/relu/Relu_output_0_scale", "/detail/S3/S3.1/relu/Relu_output_0_zero_point"], "opType": "DequantizeLinear", "comment": "@177 [/detail/S3/S3.1/relu/Relu_output_0_DequantizeLinear_Output:(ty=1,shape=[1,128,64,64])] DequantizeLinear [/detail/S3/S3.1/relu/Relu_output_0_QuantizeLinear_Output:(ty=2,shape=[1,128,64,64]),/segment/S1S2/left/left.0/relu/Relu_output_0_scale:(ty=1,shape=[]),/detail/S3/S3.1/relu/Relu_output_0_zero_point:(ty=2,shape=[])]", "device": "NPU"}, {"output": ["onnx::Conv_534_DequantizeLinear_Output"], "input": ["onnx::Conv_534_quantized", "onnx::Conv_645_scale", "onnx::Conv_534_zero_point"], "opType": "DequantizeLinear", "comment": "@22 [onnx::Conv_534_DequantizeLinear_Output:(ty=1,shape=[128])] DequantizeLinear [onnx::Conv_534_quantized:(ty=3,shape=[128]),onnx::Conv_645_scale:(ty=1,shape=[]),onnx::Conv_534_zero_point:(ty=3,shape=[])]", "device": "NPU"}, {"output": ["onnx::Conv_533_DequantizeLinear_Output"], "input": ["onnx::Conv_533_quantized", "bga.right2.2.weight_scale", "onnx::Conv_533_zero_point"], "opType": "DequantizeLinear", "comment": "@21 [onnx::Conv_533_DequantizeLinear_Output:(ty=1,shape=[128,128,3,3])] DequantizeLinear [onnx::Conv_533_quantized:(ty=3,shape=[128,128,3,3]),bga.right2.2.weight_scale:(ty=1,shape=[]),onnx::Conv_533_zero_point:(ty=3,shape=[])]", "device": "NPU"}, {"output": ["/detail/S3/S3.2/conv/Conv_output_0"], "input": ["/detail/S3/S3.1/relu/Relu_output_0_DequantizeLinear_Output", "onnx::Conv_533_DequantizeLinear_Output", "onnx::Conv_534_DequantizeLinear_Output"], "opType": "Conv", "comment": "@179 [/detail/S3/S3.2/conv/Conv_output_0:(ty=1,shape=[1,128,64,64])] Conv [/detail/S3/S3.1/relu/Relu_output_0_DequantizeLinear_Output:(ty=1,shape=[1,128,64,64]),onnx::Conv_533_DequantizeLinear_Output:(ty=1,shape=[128,128,3,3]),onnx::Conv_534_DequantizeLinear_Output:(ty=1,shape=[128])]", "device": "NPU"}, {"output": ["/detail/S3/S3.2/relu/Relu_output_0"], "input": ["/detail/S3/S3.2/conv/Conv_output_0"], "opType": "Relu", "comment": "@181 [/detail/S3/S3.2/relu/Relu_output_0:(ty=1,shape=[1,128,64,64])] Relu [/detail/S3/S3.2/conv/Conv_output_0:(ty=1,shape=[1,128,64,64])]", "device": "NPU"}, {"output": ["/detail/S3/S3.2/relu/Relu_output_0_QuantizeLinear_Output"], "input": ["/detail/S3/S3.2/relu/Relu_output_0", "/segment/S1S2/left/left.0/relu/Relu_output_0_scale", "/detail/S3/S3.2/relu/Relu_output_0_zero_point"], "opType": "QuantizeLinear", "comment": "@183 [/detail/S3/S3.2/relu/Relu_output_0_QuantizeLinear_Output:(ty=2,shape=[1,128,64,64])] QuantizeLinear [/detail/S3/S3.2/relu/Relu_output_0:(ty=1,shape=[1,128,64,64]),/segment/S1S2/left/left.0/relu/Relu_output_0_scale:(ty=1,shape=[]),/detail/S3/S3.2/relu/Relu_output_0_zero_point:(ty=2,shape=[])]", "device": "NPU"}, {"output": ["/detail/S3/S3.2/relu/Relu_output_0_DequantizeLinear_Output/duplicated"], "input": ["/detail/S3/S3.2/relu/Relu_output_0_QuantizeLinear_Output", "/segment/S1S2/left/left.0/relu/Relu_output_0_scale", "/detail/S3/S3.2/relu/Relu_output_0_zero_point"], "opType": "DequantizeLinear", "comment": "@404 [/detail/S3/S3.2/relu/Relu_output_0_DequantizeLinear_Output/duplicated:(ty=1,shape=[1,128,64,64])] DequantizeLinear [/detail/S3/S3.2/relu/Relu_output_0_QuantizeLinear_Output:(ty=2,shape=[1,128,64,64]),/segment/S1S2/left/left.0/relu/Relu_output_0_scale:(ty=1,shape=[]),/detail/S3/S3.2/relu/Relu_output_0_zero_point:(ty=2,shape=[])]", "device": "NPU"}, {"output": ["onnx::Conv_657_DequantizeLinear_Output"], "input": ["onnx::Conv_657_quantized", "onnx::Conv_645_scale", "onnx::Conv_657_zero_point"], "opType": "DequantizeLinear", "comment": "@104 [onnx::Conv_657_DequantizeLinear_Output:(ty=1,shape=[128])] DequantizeLinear [onnx::Conv_657_quantized:(ty=3,shape=[128]),onnx::Conv_645_scale:(ty=1,shape=[]),onnx::Conv_657_zero_point:(ty=3,shape=[])]", "device": "NPU"}, {"output": ["onnx::Conv_656_DequantizeLinear_Output"], "input": ["onnx::Conv_656_quantized", "onnx::Conv_602_scale", "onnx::Conv_656_zero_point"], "opType": "DequantizeLinear", "comment": "@103 [onnx::Conv_656_DequantizeLinear_Output:(ty=1,shape=[128,128,3,3])] DequantizeLinear [onnx::Conv_656_quantized:(ty=3,shape=[128,128,3,3]),onnx::Conv_602_scale:(ty=1,shape=[]),onnx::Conv_656_zero_point:(ty=3,shape=[])]", "device": "NPU"}, {"output": ["/bga/left2/left2.0/Conv_output_0"], "input": ["/detail/S3/S3.2/relu/Relu_output_0_DequantizeLinear_Output/duplicated", "onnx::Conv_656_DequantizeLinear_Output", "onnx::Conv_657_DequantizeLinear_Output"], "opType": "Conv", "comment": "@188 [/bga/left2/left2.0/Conv_output_0:(ty=1,shape=[1,128,32,32])] Conv [/detail/S3/S3.2/relu/Relu_output_0_DequantizeLinear_Output/duplicated:(ty=1,shape=[1,128,64,64]),onnx::Conv_656_DequantizeLinear_Output:(ty=1,shape=[128,128,3,3]),onnx::Conv_657_DequantizeLinear_Output:(ty=1,shape=[128])]", "device": "NPU"}, {"output": ["/bga/left2/left2.0/Conv_output_0_QuantizeLinear_Output"], "input": ["/bga/left2/left2.0/Conv_output_0", "/detail/S2/S2.0/relu/Relu_output_0_scale", "/bga/left2/left2.0/Conv_output_0_zero_point"], "opType": "QuantizeLinear", "comment": "@191 [/bga/left2/left2.0/Conv_output_0_QuantizeLinear_Output:(ty=2,shape=[1,128,32,32])] QuantizeLinear [/bga/left2/left2.0/Conv_output_0:(ty=1,shape=[1,128,32,32]),/detail/S2/S2.0/relu/Relu_output_0_scale:(ty=1,shape=[]),/bga/left2/left2.0/Conv_output_0_zero_point:(ty=2,shape=[])]", "device": "NPU"}, {"output": ["/bga/left2/left2.0/Conv_output_0_DequantizeLinear_Output"], "input": ["/bga/left2/left2.0/Conv_output_0_QuantizeLinear_Output", "/detail/S2/S2.0/relu/Relu_output_0_scale", "/bga/left2/left2.0/Conv_output_0_zero_point"], "opType": "DequantizeLinear", "comment": "@194 [/bga/left2/left2.0/Conv_output_0_DequantizeLinear_Output:(ty=1,shape=[1,128,32,32])] DequantizeLinear [/bga/left2/left2.0/Conv_output_0_QuantizeLinear_Output:(ty=2,shape=[1,128,32,32]),/detail/S2/S2.0/relu/Relu_output_0_scale:(ty=1,shape=[]),/bga/left2/left2.0/Conv_output_0_zero_point:(ty=2,shape=[])]", "device": "NPU"}, {"output": ["/bga/left2/left2.2/AveragePool_output_0_Mul"], "input": ["/bga/left2/left2.0/Conv_output_0_DequantizeLinear_Output"], "opType": "AveragePool", "comment": "@197 [/bga/left2/left2.2/AveragePool_output_0_Mul:(ty=1,shape=[1,128,16,16])] AveragePool [/bga/left2/left2.0/Conv_output_0_DequantizeLinear_Output:(ty=1,shape=[1,128,32,32])]", "device": "NPU"}, {"output": ["/bga/left2/left2.2/AveragePool_output_0"], "input": ["/bga/left2/left2.2/AveragePool_output_0_Mul", "/bga/left2/left2.2/AveragePool_output_0_Scale"], "opType": "Mul", "comment": "@390 [/bga/left2/left2.2/AveragePool_output_0:(ty=1,shape=[1,128,16,16])] Mul [/bga/left2/left2.2/AveragePool_output_0_Mul:(ty=1,shape=[1,128,16,16]),/bga/left2/left2.2/AveragePool_output_0_Scale:(ty=1,shape=[])]", "device": "NPU"}, {"output": ["/bga/left2/left2.2/AveragePool_output_0_QuantizeLinear_Output"], "input": ["/bga/left2/left2.2/AveragePool_output_0", "/detail/S2/S2.0/relu/Relu_output_0_scale", "/bga/left2/left2.2/AveragePool_output_0_zero_point"], "opType": "QuantizeLinear", "comment": "@200 [/bga/left2/left2.2/AveragePool_output_0_QuantizeLinear_Output:(ty=2,shape=[1,128,16,16])] QuantizeLinear [/bga/left2/left2.2/AveragePool_output_0:(ty=1,shape=[1,128,16,16]),/detail/S2/S2.0/relu/Relu_output_0_scale:(ty=1,shape=[]),/bga/left2/left2.2/AveragePool_output_0_zero_point:(ty=2,shape=[])]", "device": "NPU"}, {"output": ["/bga/left2/left2.2/AveragePool_output_0_DequantizeLinear_Output"], "input": ["/bga/left2/left2.2/AveragePool_output_0_QuantizeLinear_Output", "/detail/S2/S2.0/relu/Relu_output_0_scale", "/bga/left2/left2.2/AveragePool_output_0_zero_point"], "opType": "DequantizeLinear", "comment": "@203 [/bga/left2/left2.2/AveragePool_output_0_DequantizeLinear_Output:(ty=1,shape=[1,128,16,16])] DequantizeLinear [/bga/left2/left2.2/AveragePool_output_0_QuantizeLinear_Output:(ty=2,shape=[1,128,16,16]),/detail/S2/S2.0/relu/Relu_output_0_scale:(ty=1,shape=[]),/bga/left2/left2.2/AveragePool_output_0_zero_point:(ty=2,shape=[])]", "device": "NPU"}, {"output": ["/bga/Mul_1_output_0"], "input": ["/bga/left2/left2.2/AveragePool_output_0_DequantizeLinear_Output", "/bga/Sigmoid_1_output_0_DequantizeLinear_Output"], "opType": "Mul", "comment": "@361 [/bga/Mul_1_output_0:(ty=1,shape=[1,128,16,16])] Mul [/bga/left2/left2.2/AveragePool_output_0_DequantizeLinear_Output:(ty=1,shape=[1,128,16,16]),/bga/Sigmoid_1_output_0_DequantizeLinear_Output:(ty=1,shape=[1,128,16,16])]", "device": "NPU"}, {"output": ["/bga/Mul_1_output_0_QuantizeLinear_Output"], "input": ["/bga/Mul_1_output_0", "/bga/Mul_output_0_scale", "/bga/Mul_1_output_0_zero_point"], "opType": "QuantizeLinear", "comment": "@363 [/bga/Mul_1_output_0_QuantizeLinear_Output:(ty=2,shape=[1,128,16,16])] QuantizeLinear [/bga/Mul_1_output_0:(ty=1,shape=[1,128,16,16]),/bga/Mul_output_0_scale:(ty=1,shape=[]),/bga/Mul_1_output_0_zero_point:(ty=2,shape=[])]", "device": "NPU"}, {"output": ["/bga/Mul_1_output_0_DequantizeLinear_Output"], "input": ["/bga/Mul_1_output_0_QuantizeLinear_Output", "/bga/Mul_output_0_scale", "/bga/Mul_1_output_0_zero_point"], "opType": "DequantizeLinear", "comment": "@365 [/bga/Mul_1_output_0_DequantizeLinear_Output:(ty=1,shape=[1,128,16,16])] DequantizeLinear [/bga/Mul_1_output_0_QuantizeLinear_Output:(ty=2,shape=[1,128,16,16]),/bga/Mul_output_0_scale:(ty=1,shape=[]),/bga/Mul_1_output_0_zero_point:(ty=2,shape=[])]", "device": "NPU"}, {"output": ["/bga/up2/Resize_output_0"], "input": ["/bga/Mul_1_output_0_DequantizeLinear_Output", "VAIP_NOT_EXISTS", "/bga/up1/Constant_output_0"], "opType": "Resize", "comment": "@366 [/bga/up2/Resize_output_0:(ty=1,shape=[1,128,64,64])] Resize [/bga/Mul_1_output_0_DequantizeLinear_Output:(ty=1,shape=[1,128,16,16]),N/A,/bga/up1/Constant_output_0:(ty=1,shape=[4])]", "device": "NPU"}, {"output": ["/bga/up2/Resize_output_0_QuantizeLinear_Output"], "input": ["/bga/up2/Resize_output_0", "/bga/Mul_output_0_scale", "/bga/Mul_1_output_0_zero_point"], "opType": "QuantizeLinear", "comment": "@367 [/bga/up2/Resize_output_0_QuantizeLinear_Output:(ty=2,shape=[1,128,64,64])] QuantizeLinear [/bga/up2/Resize_output_0:(ty=1,shape=[1,128,64,64]),/bga/Mul_output_0_scale:(ty=1,shape=[]),/bga/Mul_1_output_0_zero_point:(ty=2,shape=[])]", "device": "NPU"}, {"output": ["/bga/up2/Resize_output_0_DequantizeLinear_Output"], "input": ["/bga/up2/Resize_output_0_QuantizeLinear_Output", "/bga/Mul_output_0_scale", "/bga/Mul_1_output_0_zero_point"], "opType": "DequantizeLinear", "comment": "@368 [/bga/up2/Resize_output_0_DequantizeLinear_Output:(ty=1,shape=[1,128,64,64])] DequantizeLinear [/bga/up2/Resize_output_0_QuantizeLinear_Output:(ty=2,shape=[1,128,64,64]),/bga/Mul_output_0_scale:(ty=1,shape=[]),/bga/Mul_1_output_0_zero_point:(ty=2,shape=[])]", "device": "NPU"}, {"output": ["/segment/S5_5/conv_last/relu/Relu_output_0_DequantizeLinear_Output"], "input": ["/segment/S5_5/conv_last/relu/Relu_output_0_QuantizeLinear_Output", "onnx::Conv_645_scale", "/segment/S5_5/conv_last/relu/Relu_output_0_zero_point"], "opType": "DequantizeLinear", "comment": "@343 [/segment/S5_5/conv_last/relu/Relu_output_0_DequantizeLinear_Output:(ty=1,shape=[1,128,16,16])] DequantizeLinear [/segment/S5_5/conv_last/relu/Relu_output_0_QuantizeLinear_Output:(ty=2,shape=[1,128,16,16]),onnx::Conv_645_scale:(ty=1,shape=[]),/segment/S5_5/conv_last/relu/Relu_output_0_zero_point:(ty=2,shape=[])]", "device": "NPU"}, {"output": ["onnx::Conv_660_DequantizeLinear_Output"], "input": ["onnx::Conv_660_quantized", "image_scale", "onnx::Conv_660_zero_point"], "opType": "DequantizeLinear", "comment": "@106 [onnx::Conv_660_DequantizeLinear_Output:(ty=1,shape=[128])] DequantizeLinear [onnx::Conv_660_quantized:(ty=3,shape=[128]),image_scale:(ty=1,shape=[]),onnx::Conv_660_zero_point:(ty=3,shape=[])]", "device": "NPU"}, {"output": ["onnx::Conv_659_DequantizeLinear_Output"], "input": ["onnx::Conv_659_quantized", "head.conv_out.weight_scale", "onnx::Conv_659_zero_point"], "opType": "DequantizeLinear", "comment": "@105 [onnx::Conv_659_DequantizeLinear_Output:(ty=1,shape=[128,128,3,3])] DequantizeLinear [onnx::Conv_659_quantized:(ty=3,shape=[128,128,3,3]),head.conv_out.weight_scale:(ty=1,shape=[]),onnx::Conv_659_zero_point:(ty=3,shape=[])]", "device": "NPU"}, {"output": ["/bga/right1/right1.0/Conv_output_0"], "input": ["/segment/S5_5/conv_last/relu/Relu_output_0_DequantizeLinear_Output", "onnx::Conv_659_DequantizeLinear_Output", "onnx::Conv_660_DequantizeLinear_Output"], "opType": "Conv", "comment": "@344 [/bga/right1/right1.0/Conv_output_0:(ty=1,shape=[1,128,16,16])] Conv [/segment/S5_5/conv_last/relu/Relu_output_0_DequantizeLinear_Output:(ty=1,shape=[1,128,16,16]),onnx::Conv_659_DequantizeLinear_Output:(ty=1,shape=[128,128,3,3]),onnx::Conv_660_DequantizeLinear_Output:(ty=1,shape=[128])]", "device": "NPU"}, {"output": ["/bga/right1/right1.0/Conv_output_0_QuantizeLinear_Output"], "input": ["/bga/right1/right1.0/Conv_output_0", "onnx::Conv_645_scale", "/bga/right1/right1.0/Conv_output_0_zero_point"], "opType": "QuantizeLinear", "comment": "@346 [/bga/right1/right1.0/Conv_output_0_QuantizeLinear_Output:(ty=2,shape=[1,128,16,16])] QuantizeLinear [/bga/right1/right1.0/Conv_output_0:(ty=1,shape=[1,128,16,16]),onnx::Conv_645_scale:(ty=1,shape=[]),/bga/right1/right1.0/Conv_output_0_zero_point:(ty=2,shape=[])]", "device": "NPU"}, {"output": ["/bga/right1/right1.0/Conv_output_0_DequantizeLinear_Output"], "input": ["/bga/right1/right1.0/Conv_output_0_QuantizeLinear_Output", "onnx::Conv_645_scale", "/bga/right1/right1.0/Conv_output_0_zero_point"], "opType": "DequantizeLinear", "comment": "@348 [/bga/right1/right1.0/Conv_output_0_DequantizeLinear_Output:(ty=1,shape=[1,128,16,16])] DequantizeLinear [/bga/right1/right1.0/Conv_output_0_QuantizeLinear_Output:(ty=2,shape=[1,128,16,16]),onnx::Conv_645_scale:(ty=1,shape=[]),/bga/right1/right1.0/Conv_output_0_zero_point:(ty=2,shape=[])]", "device": "NPU"}, {"output": ["/bga/up1/Resize_output_0"], "input": ["/bga/right1/right1.0/Conv_output_0_DequantizeLinear_Output", "VAIP_NOT_EXISTS", "/bga/up1/Constant_output_0"], "opType": "Resize", "comment": "@350 [/bga/up1/Resize_output_0:(ty=1,shape=[1,128,64,64])] Resize [/bga/right1/right1.0/Conv_output_0_DequantizeLinear_Output:(ty=1,shape=[1,128,16,16]),N/A,/bga/up1/Constant_output_0:(ty=1,shape=[4])]", "device": "NPU"}, {"output": ["/bga/up1/Resize_output_0_QuantizeLinear_Output"], "input": ["/bga/up1/Resize_output_0", "onnx::Conv_645_scale", "/bga/right1/right1.0/Conv_output_0_zero_point"], "opType": "QuantizeLinear", "comment": "@352 [/bga/up1/Resize_output_0_QuantizeLinear_Output:(ty=2,shape=[1,128,64,64])] QuantizeLinear [/bga/up1/Resize_output_0:(ty=1,shape=[1,128,64,64]),onnx::Conv_645_scale:(ty=1,shape=[]),/bga/right1/right1.0/Conv_output_0_zero_point:(ty=2,shape=[])]", "device": "NPU"}, {"output": ["/bga/up1/Resize_output_0_DequantizeLinear_Output"], "input": ["/bga/up1/Resize_output_0_QuantizeLinear_Output", "onnx::Conv_645_scale", "/bga/right1/right1.0/Conv_output_0_zero_point"], "opType": "DequantizeLinear", "comment": "@354 [/bga/up1/Resize_output_0_DequantizeLinear_Output:(ty=1,shape=[1,128,64,64])] DequantizeLinear [/bga/up1/Resize_output_0_QuantizeLinear_Output:(ty=2,shape=[1,128,64,64]),onnx::Conv_645_scale:(ty=1,shape=[]),/bga/right1/right1.0/Conv_output_0_zero_point:(ty=2,shape=[])]", "device": "NPU"}, {"output": ["/bga/Sigmoid_output_0_Mul"], "input": ["/bga/up1/Resize_output_0_DequantizeLinear_Output"], "opType": "HardSigmoid", "comment": "@386 [/bga/Sigmoid_output_0_Mul:(ty=1,shape=[1,128,64,64])] HardSigmoid [/bga/up1/Resize_output_0_DequantizeLinear_Output:(ty=1,shape=[1,128,64,64])]", "device": "NPU"}, {"output": ["/bga/Sigmoid_output_0"], "input": ["/bga/Sigmoid_output_0_Mul", "/bga/Sigmoid_output_0_Scale"], "opType": "Mul", "comment": "@388 [/bga/Sigmoid_output_0:(ty=1,shape=[1,128,64,64])] Mul [/bga/Sigmoid_output_0_Mul:(ty=1,shape=[1,128,64,64]),/bga/Sigmoid_output_0_Scale:(ty=1,shape=[])]", "device": "NPU"}, {"output": ["/bga/Sigmoid_output_0_QuantizeLinear_Output"], "input": ["/bga/Sigmoid_output_0", "onnx::Conv_518_scale", "/bga/Sigmoid_output_0_zero_point"], "opType": "QuantizeLinear", "comment": "@356 [/bga/Sigmoid_output_0_QuantizeLinear_Output:(ty=2,shape=[1,128,64,64])] QuantizeLinear [/bga/Sigmoid_output_0:(ty=1,shape=[1,128,64,64]),onnx::Conv_518_scale:(ty=1,shape=[]),/bga/Sigmoid_output_0_zero_point:(ty=2,shape=[])]", "device": "NPU"}, {"output": ["/bga/Sigmoid_output_0_DequantizeLinear_Output"], "input": ["/bga/Sigmoid_output_0_QuantizeLinear_Output", "onnx::Conv_518_scale", "/bga/Sigmoid_output_0_zero_point"], "opType": "DequantizeLinear", "comment": "@358 [/bga/Sigmoid_output_0_DequantizeLinear_Output:(ty=1,shape=[1,128,64,64])] DequantizeLinear [/bga/Sigmoid_output_0_QuantizeLinear_Output:(ty=2,shape=[1,128,64,64]),onnx::Conv_518_scale:(ty=1,shape=[]),/bga/Sigmoid_output_0_zero_point:(ty=2,shape=[])]", "device": "NPU"}, {"output": ["/detail/S3/S3.2/relu/Relu_output_0_DequantizeLinear_Output"], "input": ["/detail/S3/S3.2/relu/Relu_output_0_QuantizeLinear_Output", "/segment/S1S2/left/left.0/relu/Relu_output_0_scale", "/detail/S3/S3.2/relu/Relu_output_0_zero_point"], "opType": "DequantizeLinear", "comment": "@185 [/detail/S3/S3.2/relu/Relu_output_0_DequantizeLinear_Output:(ty=1,shape=[1,128,64,64])] DequantizeLinear [/detail/S3/S3.2/relu/Relu_output_0_QuantizeLinear_Output:(ty=2,shape=[1,128,64,64]),/segment/S1S2/left/left.0/relu/Relu_output_0_scale:(ty=1,shape=[]),/detail/S3/S3.2/relu/Relu_output_0_zero_point:(ty=2,shape=[])]", "device": "NPU"}, {"output": ["onnx::Conv_654_DequantizeLinear_Output"], "input": ["onnx::Conv_654_quantized", "onnx::Conv_581_scale", "onnx::Conv_654_zero_point"], "opType": "DequantizeLinear", "comment": "@102 [onnx::Conv_654_DequantizeLinear_Output:(ty=1,shape=[128])] DequantizeLinear [onnx::Conv_654_quantized:(ty=3,shape=[128]),onnx::Conv_581_scale:(ty=1,shape=[]),onnx::Conv_654_zero_point:(ty=3,shape=[])]", "device": "NPU"}, {"output": ["onnx::Conv_653_DequantizeLinear_Output"], "input": ["onnx::Conv_653_quantized", "onnx::Conv_581_scale", "onnx::Conv_653_zero_point"], "opType": "DequantizeLinear", "comment": "@101 [onnx::Conv_653_DequantizeLinear_Output:(ty=1,shape=[128,1,3,3])] DequantizeLinear [onnx::Conv_653_quantized:(ty=3,shape=[128,1,3,3]),onnx::Conv_581_scale:(ty=1,shape=[]),onnx::Conv_653_zero_point:(ty=3,shape=[])]", "device": "NPU"}, {"output": ["/bga/left1/left1.0/Conv_output_0"], "input": ["/detail/S3/S3.2/relu/Relu_output_0_DequantizeLinear_Output", "onnx::Conv_653_DequantizeLinear_Output", "onnx::Conv_654_DequantizeLinear_Output"], "opType": "Conv", "comment": "@187 [/bga/left1/left1.0/Conv_output_0:(ty=1,shape=[1,128,64,64])] Conv [/detail/S3/S3.2/relu/Relu_output_0_DequantizeLinear_Output:(ty=1,shape=[1,128,64,64]),onnx::Conv_653_DequantizeLinear_Output:(ty=1,shape=[128,1,3,3]),onnx::Conv_654_DequantizeLinear_Output:(ty=1,shape=[128])]", "device": "NPU"}, {"output": ["/bga/left1/left1.0/Conv_output_0_QuantizeLinear_Output"], "input": ["/bga/left1/left1.0/Conv_output_0", "onnx::Conv_645_scale", "/bga/left1/left1.0/Conv_output_0_zero_point"], "opType": "QuantizeLinear", "comment": "@190 [/bga/left1/left1.0/Conv_output_0_QuantizeLinear_Output:(ty=2,shape=[1,128,64,64])] QuantizeLinear [/bga/left1/left1.0/Conv_output_0:(ty=1,shape=[1,128,64,64]),onnx::Conv_645_scale:(ty=1,shape=[]),/bga/left1/left1.0/Conv_output_0_zero_point:(ty=2,shape=[])]", "device": "NPU"}, {"output": ["/bga/left1/left1.0/Conv_output_0_DequantizeLinear_Output"], "input": ["/bga/left1/left1.0/Conv_output_0_QuantizeLinear_Output", "onnx::Conv_645_scale", "/bga/left1/left1.0/Conv_output_0_zero_point"], "opType": "DequantizeLinear", "comment": "@193 [/bga/left1/left1.0/Conv_output_0_DequantizeLinear_Output:(ty=1,shape=[1,128,64,64])] DequantizeLinear [/bga/left1/left1.0/Conv_output_0_QuantizeLinear_Output:(ty=2,shape=[1,128,64,64]),onnx::Conv_645_scale:(ty=1,shape=[]),/bga/left1/left1.0/Conv_output_0_zero_point:(ty=2,shape=[])]", "device": "NPU"}, {"output": ["bga.left1.2.weight_DequantizeLinear_Output"], "input": ["bga.left1.2.weight_quantized", "onnx::Conv_581_scale", "bga.left1.2.weight_zero_point"], "opType": "DequantizeLinear", "comment": "@2 [bga.left1.2.weight_DequantizeLinear_Output:(ty=1,shape=[128,128,1,1])] DequantizeLinear [bga.left1.2.weight_quantized:(ty=3,shape=[128,128,1,1]),onnx::Conv_581_scale:(ty=1,shape=[]),bga.left1.2.weight_zero_point:(ty=3,shape=[])]", "device": "NPU"}, {"output": ["/bga/left1/left1.2/Conv_output_0"], "input": ["/bga/left1/left1.0/Conv_output_0_DequantizeLinear_Output", "bga.left1.2.weight_DequantizeLinear_Output"], "opType": "Conv", "comment": "@196 [/bga/left1/left1.2/Conv_output_0:(ty=1,shape=[1,128,64,64])] Conv [/bga/left1/left1.0/Conv_output_0_DequantizeLinear_Output:(ty=1,shape=[1,128,64,64]),bga.left1.2.weight_DequantizeLinear_Output:(ty=1,shape=[128,128,1,1])]", "device": "NPU"}, {"output": ["/bga/left1/left1.2/Conv_output_0_QuantizeLinear_Output"], "input": ["/bga/left1/left1.2/Conv_output_0", "onnx::Conv_645_scale", "/bga/left1/left1.2/Conv_output_0_zero_point"], "opType": "QuantizeLinear", "comment": "@199 [/bga/left1/left1.2/Conv_output_0_QuantizeLinear_Output:(ty=2,shape=[1,128,64,64])] QuantizeLinear [/bga/left1/left1.2/Conv_output_0:(ty=1,shape=[1,128,64,64]),onnx::Conv_645_scale:(ty=1,shape=[]),/bga/left1/left1.2/Conv_output_0_zero_point:(ty=2,shape=[])]", "device": "NPU"}, {"output": ["/bga/left1/left1.2/Conv_output_0_DequantizeLinear_Output"], "input": ["/bga/left1/left1.2/Conv_output_0_QuantizeLinear_Output", "onnx::Conv_645_scale", "/bga/left1/left1.2/Conv_output_0_zero_point"], "opType": "DequantizeLinear", "comment": "@202 [/bga/left1/left1.2/Conv_output_0_DequantizeLinear_Output:(ty=1,shape=[1,128,64,64])] DequantizeLinear [/bga/left1/left1.2/Conv_output_0_QuantizeLinear_Output:(ty=2,shape=[1,128,64,64]),onnx::Conv_645_scale:(ty=1,shape=[]),/bga/left1/left1.2/Conv_output_0_zero_point:(ty=2,shape=[])]", "device": "NPU"}, {"output": ["/bga/Mul_output_0"], "input": ["/bga/left1/left1.2/Conv_output_0_DequantizeLinear_Output", "/bga/Sigmoid_output_0_DequantizeLinear_Output"], "opType": "Mul", "comment": "@360 [/bga/Mul_output_0:(ty=1,shape=[1,128,64,64])] Mul [/bga/left1/left1.2/Conv_output_0_DequantizeLinear_Output:(ty=1,shape=[1,128,64,64]),/bga/Sigmoid_output_0_DequantizeLinear_Output:(ty=1,shape=[1,128,64,64])]", "device": "NPU"}, {"output": ["/bga/Mul_output_0_QuantizeLinear_Output"], "input": ["/bga/Mul_output_0", "/bga/Mul_output_0_scale", "/bga/Mul_output_0_zero_point"], "opType": "QuantizeLinear", "comment": "@362 [/bga/Mul_output_0_QuantizeLinear_Output:(ty=2,shape=[1,128,64,64])] QuantizeLinear [/bga/Mul_output_0:(ty=1,shape=[1,128,64,64]),/bga/Mul_output_0_scale:(ty=1,shape=[]),/bga/Mul_output_0_zero_point:(ty=2,shape=[])]", "device": "NPU"}, {"output": ["/bga/Mul_output_0_DequantizeLinear_Output"], "input": ["/bga/Mul_output_0_QuantizeLinear_Output", "/bga/Mul_output_0_scale", "/bga/Mul_output_0_zero_point"], "opType": "DequantizeLinear", "comment": "@364 [/bga/Mul_output_0_DequantizeLinear_Output:(ty=1,shape=[1,128,64,64])] DequantizeLinear [/bga/Mul_output_0_QuantizeLinear_Output:(ty=2,shape=[1,128,64,64]),/bga/Mul_output_0_scale:(ty=1,shape=[]),/bga/Mul_output_0_zero_point:(ty=2,shape=[])]", "device": "NPU"}, {"output": ["/bga/Add_output_0"], "input": ["/bga/Mul_output_0_DequantizeLinear_Output", "/bga/up2/Resize_output_0_DequantizeLinear_Output"], "opType": "Add", "comment": "@369 [/bga/Add_output_0:(ty=1,shape=[1,128,64,64])] Add [/bga/Mul_output_0_DequantizeLinear_Output:(ty=1,shape=[1,128,64,64]),/bga/up2/Resize_output_0_DequantizeLinear_Output:(ty=1,shape=[1,128,64,64])]", "device": "NPU"}, {"output": ["/bga/Add_output_0_QuantizeLinear_Output"], "input": ["/bga/Add_output_0", "/bga/Mul_output_0_scale", "/bga/Add_output_0_zero_point"], "opType": "QuantizeLinear", "comment": "@370 [/bga/Add_output_0_QuantizeLinear_Output:(ty=2,shape=[1,128,64,64])] QuantizeLinear [/bga/Add_output_0:(ty=1,shape=[1,128,64,64]),/bga/Mul_output_0_scale:(ty=1,shape=[]),/bga/Add_output_0_zero_point:(ty=2,shape=[])]", "device": "NPU"}, {"output": ["/bga/Add_output_0_DequantizeLinear_Output"], "input": ["/bga/Add_output_0_QuantizeLinear_Output", "/bga/Mul_output_0_scale", "/bga/Add_output_0_zero_point"], "opType": "DequantizeLinear", "comment": "@371 [/bga/Add_output_0_DequantizeLinear_Output:(ty=1,shape=[1,128,64,64])] DequantizeLinear [/bga/Add_output_0_QuantizeLinear_Output:(ty=2,shape=[1,128,64,64]),/bga/Mul_output_0_scale:(ty=1,shape=[]),/bga/Add_output_0_zero_point:(ty=2,shape=[])]", "device": "NPU"}, {"output": ["onnx::Conv_666_DequantizeLinear_Output"], "input": ["onnx::Conv_666_quantized", "onnx::Conv_645_scale", "onnx::Conv_666_zero_point"], "opType": "DequantizeLinear", "comment": "@110 [onnx::Conv_666_DequantizeLinear_Output:(ty=1,shape=[128])] DequantizeLinear [onnx::Conv_666_quantized:(ty=3,shape=[128]),onnx::Conv_645_scale:(ty=1,shape=[]),onnx::Conv_666_zero_point:(ty=3,shape=[])]", "device": "NPU"}, {"output": ["onnx::Conv_665_DequantizeLinear_Output"], "input": ["onnx::Conv_665_quantized", "bga.right2.2.weight_scale", "onnx::Conv_665_zero_point"], "opType": "DequantizeLinear", "comment": "@109 [onnx::Conv_665_DequantizeLinear_Output:(ty=1,shape=[128,128,3,3])] DequantizeLinear [onnx::Conv_665_quantized:(ty=3,shape=[128,128,3,3]),bga.right2.2.weight_scale:(ty=1,shape=[]),onnx::Conv_665_zero_point:(ty=3,shape=[])]", "device": "NPU"}, {"output": ["/bga/conv/conv.0/Conv_output_0"], "input": ["/bga/Add_output_0_DequantizeLinear_Output", "onnx::Conv_665_DequantizeLinear_Output", "onnx::Conv_666_DequantizeLinear_Output"], "opType": "Conv", "comment": "@372 [/bga/conv/conv.0/Conv_output_0:(ty=1,shape=[1,128,64,64])] Conv [/bga/Add_output_0_DequantizeLinear_Output:(ty=1,shape=[1,128,64,64]),onnx::Conv_665_DequantizeLinear_Output:(ty=1,shape=[128,128,3,3]),onnx::Conv_666_DequantizeLinear_Output:(ty=1,shape=[128])]", "device": "NPU"}, {"output": ["/bga/conv/conv.2/Relu_output_0"], "input": ["/bga/conv/conv.0/Conv_output_0"], "opType": "Relu", "comment": "@373 [/bga/conv/conv.2/Relu_output_0:(ty=1,shape=[1,128,64,64])] Relu [/bga/conv/conv.0/Conv_output_0:(ty=1,shape=[1,128,64,64])]", "device": "NPU"}, {"output": ["/bga/conv/conv.2/Relu_output_0_QuantizeLinear_Output"], "input": ["/bga/conv/conv.2/Relu_output_0", "onnx::Conv_645_scale", "/bga/conv/conv.2/Relu_output_0_zero_point"], "opType": "QuantizeLinear", "comment": "@374 [/bga/conv/conv.2/Relu_output_0_QuantizeLinear_Output:(ty=2,shape=[1,128,64,64])] QuantizeLinear [/bga/conv/conv.2/Relu_output_0:(ty=1,shape=[1,128,64,64]),onnx::Conv_645_scale:(ty=1,shape=[]),/bga/conv/conv.2/Relu_output_0_zero_point:(ty=2,shape=[])]", "device": "NPU"}, {"output": ["/bga/conv/conv.2/Relu_output_0_DequantizeLinear_Output"], "input": ["/bga/conv/conv.2/Relu_output_0_QuantizeLinear_Output", "onnx::Conv_645_scale", "/bga/conv/conv.2/Relu_output_0_zero_point"], "opType": "DequantizeLinear", "comment": "@375 [/bga/conv/conv.2/Relu_output_0_DequantizeLinear_Output:(ty=1,shape=[1,128,64,64])] DequantizeLinear [/bga/conv/conv.2/Relu_output_0_QuantizeLinear_Output:(ty=2,shape=[1,128,64,64]),onnx::Conv_645_scale:(ty=1,shape=[]),/bga/conv/conv.2/Relu_output_0_zero_point:(ty=2,shape=[])]", "device": "NPU"}, {"output": ["onnx::Conv_669_DequantizeLinear_Output"], "input": ["onnx::Conv_669_quantized", "image_scale", "onnx::Conv_669_zero_point"], "opType": "DequantizeLinear", "comment": "@112 [onnx::Conv_669_DequantizeLinear_Output:(ty=1,shape=[1024])] DequantizeLinear [onnx::Conv_669_quantized:(ty=3,shape=[1024]),image_scale:(ty=1,shape=[]),onnx::Conv_669_zero_point:(ty=3,shape=[])]", "device": "NPU"}, {"output": ["onnx::Conv_668_DequantizeLinear_Output"], "input": ["onnx::Conv_668_quantized", "onnx::Conv_602_scale", "onnx::Conv_668_zero_point"], "opType": "DequantizeLinear", "comment": "@111 [onnx::Conv_668_DequantizeLinear_Output:(ty=1,shape=[1024,128,3,3])] DequantizeLinear [onnx::Conv_668_quantized:(ty=3,shape=[1024,128,3,3]),onnx::Conv_602_scale:(ty=1,shape=[]),onnx::Conv_668_zero_point:(ty=3,shape=[])]", "device": "NPU"}, {"output": ["/head/conv/conv/Conv_output_0"], "input": ["/bga/conv/conv.2/Relu_output_0_DequantizeLinear_Output", "onnx::Conv_668_DequantizeLinear_Output", "onnx::Conv_669_DequantizeLinear_Output"], "opType": "Conv", "comment": "@376 [/head/conv/conv/Conv_output_0:(ty=1,shape=[1,1024,64,64])] Conv [/bga/conv/conv.2/Relu_output_0_DequantizeLinear_Output:(ty=1,shape=[1,128,64,64]),onnx::Conv_668_DequantizeLinear_Output:(ty=1,shape=[1024,128,3,3]),onnx::Conv_669_DequantizeLinear_Output:(ty=1,shape=[1024])]", "device": "NPU"}, {"output": ["/head/conv/relu/Relu_output_0"], "input": ["/head/conv/conv/Conv_output_0"], "opType": "Relu", "comment": "@377 [/head/conv/relu/Relu_output_0:(ty=1,shape=[1,1024,64,64])] Relu [/head/conv/conv/Conv_output_0:(ty=1,shape=[1,1024,64,64])]", "device": "NPU"}, {"output": ["/head/conv/relu/Relu_output_0_QuantizeLinear_Output"], "input": ["/head/conv/relu/Relu_output_0", "image_scale", "/head/conv/relu/Relu_output_0_zero_point"], "opType": "QuantizeLinear", "comment": "@378 [/head/conv/relu/Relu_output_0_QuantizeLinear_Output:(ty=2,shape=[1,1024,64,64])] QuantizeLinear [/head/conv/relu/Relu_output_0:(ty=1,shape=[1,1024,64,64]),image_scale:(ty=1,shape=[]),/head/conv/relu/Relu_output_0_zero_point:(ty=2,shape=[])]", "device": "NPU"}, {"output": ["/head/conv/relu/Relu_output_0_DequantizeLinear_Output"], "input": ["/head/conv/relu/Relu_output_0_QuantizeLinear_Output", "image_scale", "/head/conv/relu/Relu_output_0_zero_point"], "opType": "DequantizeLinear", "comment": "@379 [/head/conv/relu/Relu_output_0_DequantizeLinear_Output:(ty=1,shape=[1,1024,64,64])] DequantizeLinear [/head/conv/relu/Relu_output_0_QuantizeLinear_Output:(ty=2,shape=[1,1024,64,64]),image_scale:(ty=1,shape=[]),/head/conv/relu/Relu_output_0_zero_point:(ty=2,shape=[])]", "device": "NPU"}, {"output": ["head.conv_out.weight_DequantizeLinear_Output"], "input": ["head.conv_out.weight_quantized", "head.conv_out.weight_scale", "head.conv_out.weight_zero_point"], "opType": "DequantizeLinear", "comment": "@5 [head.conv_out.weight_DequantizeLinear_Output:(ty=1,shape=[19,1024,1,1])] DequantizeLinear [head.conv_out.weight_quantized:(ty=3,shape=[19,1024,1,1]),head.conv_out.weight_scale:(ty=1,shape=[]),head.conv_out.weight_zero_point:(ty=3,shape=[])]", "device": "NPU"}, {"output": ["head.conv_out.bias_DequantizeLinear_Output"], "input": ["head.conv_out.bias_quantized", "head.conv_out.bias_scale", "head.conv_out.bias_zero_point"], "opType": "DequantizeLinear", "comment": "@4 [head.conv_out.bias_DequantizeLinear_Output:(ty=1,shape=[19])] DequantizeLinear [head.conv_out.bias_quantized:(ty=3,shape=[19]),head.conv_out.bias_scale:(ty=1,shape=[]),head.conv_out.bias_zero_point:(ty=3,shape=[])]", "device": "NPU"}, {"output": ["/head/conv_out/Conv_output_0"], "input": ["/head/conv/relu/Relu_output_0_DequantizeLinear_Output", "head.conv_out.weight_DequantizeLinear_Output", "head.conv_out.bias_DequantizeLinear_Output"], "opType": "Conv", "comment": "@380 [/head/conv_out/Conv_output_0:(ty=1,shape=[1,19,64,64])] Conv [/head/conv/relu/Relu_output_0_DequantizeLinear_Output:(ty=1,shape=[1,1024,64,64]),head.conv_out.weight_DequantizeLinear_Output:(ty=1,shape=[19,1024,1,1]),head.conv_out.bias_DequantizeLinear_Output:(ty=1,shape=[19])]", "device": "NPU"}, {"output": ["/head/conv_out/Conv_output_0_QuantizeLinear_Output"], "input": ["/head/conv_out/Conv_output_0", "onnx::Conv_518_scale", "/head/conv_out/Conv_output_0_zero_point"], "opType": "QuantizeLinear", "comment": "@381 [/head/conv_out/Conv_output_0_QuantizeLinear_Output:(ty=2,shape=[1,19,64,64])] QuantizeLinear [/head/conv_out/Conv_output_0:(ty=1,shape=[1,19,64,64]),onnx::Conv_518_scale:(ty=1,shape=[]),/head/conv_out/Conv_output_0_zero_point:(ty=2,shape=[])]", "device": "NPU"}, {"output": ["/head/conv_out/Conv_output_0_DequantizeLinear_Output"], "input": ["/head/conv_out/Conv_output_0_QuantizeLinear_Output", "onnx::Conv_518_scale", "/head/conv_out/Conv_output_0_zero_point"], "opType": "DequantizeLinear", "comment": "@382 [/head/conv_out/Conv_output_0_DequantizeLinear_Output:(ty=1,shape=[1,19,64,64])] DequantizeLinear [/head/conv_out/Conv_output_0_QuantizeLinear_Output:(ty=2,shape=[1,19,64,64]),onnx::Conv_518_scale:(ty=1,shape=[]),/head/conv_out/Conv_output_0_zero_point:(ty=2,shape=[])]", "device": "NPU"}, {"output": ["logits_QuantizeLinear_Input"], "input": ["/head/conv_out/Conv_output_0_DequantizeLinear_Output", "VAIP_NOT_EXISTS", "/head/up/Constant_output_0"], "opType": "Resize", "comment": "@383 [logits_QuantizeLinear_Input:(ty=1,shape=[1,19,512,512])] Resize [/head/conv_out/Conv_output_0_DequantizeLinear_Output:(ty=1,shape=[1,19,64,64]),N/A,/head/up/Constant_output_0:(ty=1,shape=[4])]", "device": "NPU"}, {"output": ["logits_QuantizeLinear_Output"], "input": ["logits_QuantizeLinear_Input", "onnx::Conv_518_scale", "/head/conv_out/Conv_output_0_zero_point"], "opType": "QuantizeLinear", "comment": "@384 [logits_QuantizeLinear_Output:(ty=2,shape=[1,19,512,512])] QuantizeLinear [logits_QuantizeLinear_Input:(ty=1,shape=[1,19,512,512]),onnx::Conv_518_scale:(ty=1,shape=[]),/head/conv_out/Conv_output_0_zero_point:(ty=2,shape=[])]", "device": "NPU"}, {"output": ["logits"], "input": ["logits_QuantizeLinear_Output", "onnx::Conv_518_scale", "/head/conv_out/Conv_output_0_zero_point"], "opType": "DequantizeLinear", "comment": "@385 [logits:(ty=1,shape=[1,19,512,512])] DequantizeLinear [logits_QuantizeLinear_Output:(ty=2,shape=[1,19,512,512]),onnx::Conv_518_scale:(ty=1,shape=[]),/head/conv_out/Conv_output_0_zero_point:(ty=2,shape=[])]", "device": "CPU"}], "shapeInfo": [{"name": "image_QuantizeLinear_Output", "shape": ["1", "3", "512", "512"]}, {"name": "image_DequantizeLinear_Output/duplicated", "shape": ["1", "3", "512", "512"]}, {"name": "onnx::Conv_537_DequantizeLinear_Output", "shape": ["16"]}, {"name": "onnx::Conv_536_DequantizeLinear_Output", "shape": ["16", "3", "3", "3"]}, {"name": "/segment/S1S2/conv/conv/Conv_output_0", "shape": ["1", "16", "256", "256"]}, {"name": "/segment/S1S2/conv/relu/Relu_output_0", "shape": ["1", "16", "256", "256"]}, {"name": "/segment/S1S2/conv/relu/Relu_output_0_QuantizeLinear_Output", "shape": ["1", "16", "256", "256"]}, {"name": "/segment/S1S2/conv/relu/Relu_output_0_DequantizeLinear_Output", "shape": ["1", "16", "256", "256"]}, {"name": "onnx::Conv_540_DequantizeLinear_Output", "shape": ["8"]}, {"name": "onnx::Conv_539_DequantizeLinear_Output", "shape": ["8", "16", "1", "1"]}, {"name": "/segment/S1S2/left/left.0/conv/Conv_output_0", "shape": ["1", "8", "256", "256"]}, {"name": "/segment/S1S2/left/left.0/relu/Relu_output_0", "shape": ["1", "8", "256", "256"]}, {"name": "/segment/S1S2/left/left.0/relu/Relu_output_0_QuantizeLinear_Output", "shape": ["1", "8", "256", "256"]}, {"name": "/segment/S1S2/left/left.0/relu/Relu_output_0_DequantizeLinear_Output", "shape": ["1", "8", "256", "256"]}, {"name": "onnx::Conv_543_DequantizeLinear_Output", "shape": ["16"]}, {"name": "onnx::Conv_542_DequantizeLinear_Output", "shape": ["16", "8", "3", "3"]}, {"name": "/segment/S1S2/left/left.1/conv/Conv_output_0", "shape": ["1", "16", "128", "128"]}, {"name": "/segment/S1S2/left/left.1/relu/Relu_output_0", "shape": ["1", "16", "128", "128"]}, {"name": "/segment/S1S2/left/left.1/relu/Relu_output_0_QuantizeLinear_Output", "shape": ["1", "16", "128", "128"]}, {"name": "/segment/S1S2/left/left.1/relu/Relu_output_0_DequantizeLinear_Output", "shape": ["1", "16", "128", "128"]}, {"name": "/segment/S1S2/conv/relu/Relu_output_0_DequantizeLinear_Output/duplicated", "shape": ["1", "16", "256", "256"]}, {"name": "/segment/S1S2/right/MaxPool_output_0", "shape": ["1", "16", "128", "128"]}, {"name": "/segment/S1S2/right/MaxPool_output_0_QuantizeLinear_Output", "shape": ["1", "16", "128", "128"]}, {"name": "/segment/S1S2/right/MaxPool_output_0_DequantizeLinear_Output", "shape": ["1", "16", "128", "128"]}, {"name": "/segment/S1S2/Concat_output_0", "shape": ["1", "32", "128", "128"]}, {"name": "/segment/S1S2/Concat_output_0_QuantizeLinear_Output", "shape": ["1", "32", "128", "128"]}, {"name": "/segment/S1S2/Concat_output_0_DequantizeLinear_Output", "shape": ["1", "32", "128", "128"]}, {"name": "onnx::Conv_546_DequantizeLinear_Output", "shape": ["16"]}, {"name": "onnx::Conv_545_DequantizeLinear_Output", "shape": ["16", "32", "3", "3"]}, {"name": "/segment/S1S2/fuse/conv/Conv_output_0", "shape": ["1", "16", "128", "128"]}, {"name": "/segment/S1S2/fuse/relu/Relu_output_0", "shape": ["1", "16", "128", "128"]}, {"name": "/segment/S1S2/fuse/relu/Relu_output_0_QuantizeLinear_Output", "shape": ["1", "16", "128", "128"]}, {"name": "/segment/S1S2/fuse/relu/Relu_output_0_DequantizeLinear_Output", "shape": ["1", "16", "128", "128"]}, {"name": "onnx::Conv_549_DequantizeLinear_Output", "shape": ["16"]}, {"name": "onnx::Conv_548_DequantizeLinear_Output", "shape": ["16", "16", "3", "3"]}, {"name": "/segment/S3/S3.0/conv1/conv/Conv_output_0", "shape": ["1", "16", "128", "128"]}, {"name": "/segment/S3/S3.0/conv1/relu/Relu_output_0", "shape": ["1", "16", "128", "128"]}, {"name": "/segment/S3/S3.0/conv1/relu/Relu_output_0_QuantizeLinear_Output", "shape": ["1", "16", "128", "128"]}, {"name": "/segment/S3/S3.0/conv1/relu/Relu_output_0_DequantizeLinear_Output", "shape": ["1", "16", "128", "128"]}, {"name": "onnx::Conv_552_DequantizeLinear_Output", "shape": ["96"]}, {"name": "onnx::Conv_551_DequantizeLinear_Output", "shape": ["96", "1", "3", "3"]}, {"name": "/segment/S3/S3.0/dwconv1/dwconv1.0/Conv_output_0", "shape": ["1", "96", "64", "64"]}, {"name": "/segment/S3/S3.0/dwconv1/dwconv1.0/Conv_output_0_QuantizeLinear_Output", "shape": ["1", "96", "64", "64"]}, {"name": "/segment/S3/S3.0/dwconv1/dwconv1.0/Conv_output_0_DequantizeLinear_Output", "shape": ["1", "96", "64", "64"]}, {"name": "onnx::Conv_555_DequantizeLinear_Output", "shape": ["96"]}, {"name": "onnx::Conv_554_DequantizeLinear_Output", "shape": ["96", "1", "3", "3"]}, {"name": "/segment/S3/S3.0/dwconv2/dwconv2.0/Conv_output_0", "shape": ["1", "96", "64", "64"]}, {"name": "/segment/S3/S3.0/dwconv2/dwconv2.2/Relu_output_0", "shape": ["1", "96", "64", "64"]}, {"name": "/segment/S3/S3.0/dwconv2/dwconv2.2/Relu_output_0_QuantizeLinear_Output", "shape": ["1", "96", "64", "64"]}, {"name": "/segment/S3/S3.0/dwconv2/dwconv2.2/Relu_output_0_DequantizeLinear_Output", "shape": ["1", "96", "64", "64"]}, {"name": "onnx::Conv_558_DequantizeLinear_Output", "shape": ["32"]}, {"name": "onnx::Conv_557_DequantizeLinear_Output", "shape": ["32", "96", "1", "1"]}, {"name": "/segment/S3/S3.0/conv2/conv2.0/Conv_output_0", "shape": ["1", "32", "64", "64"]}, {"name": "/segment/S3/S3.0/conv2/conv2.0/Conv_output_0_QuantizeLinear_Output", "shape": ["1", "32", "64", "64"]}, {"name": "/segment/S3/S3.0/conv2/conv2.0/Conv_output_0_DequantizeLinear_Output", "shape": ["1", "32", "64", "64"]}, {"name": "/segment/S1S2/fuse/relu/Relu_output_0_DequantizeLinear_Output/duplicated", "shape": ["1", "16", "128", "128"]}, {"name": "onnx::Conv_561_DequantizeLinear_Output", "shape": ["16"]}, {"name": "onnx::Conv_560_DequantizeLinear_Output", "shape": ["16", "1", "3", "3"]}, {"name": "/segment/S3/S3.0/shortcut/shortcut.0/Conv_output_0", "shape": ["1", "16", "64", "64"]}, {"name": "/segment/S3/S3.0/shortcut/shortcut.0/Conv_output_0_QuantizeLinear_Output", "shape": ["1", "16", "64", "64"]}, {"name": "/segment/S3/S3.0/shortcut/shortcut.0/Conv_output_0_DequantizeLinear_Output", "shape": ["1", "16", "64", "64"]}, {"name": "onnx::Conv_564_DequantizeLinear_Output", "shape": ["32"]}, {"name": "onnx::Conv_563_DequantizeLinear_Output", "shape": ["32", "16", "1", "1"]}, {"name": "/segment/S3/S3.0/shortcut/shortcut.2/Conv_output_0", "shape": ["1", "32", "64", "64"]}, {"name": "/segment/S3/S3.0/shortcut/shortcut.2/Conv_output_0_QuantizeLinear_Output", "shape": ["1", "32", "64", "64"]}, {"name": "/segment/S3/S3.0/shortcut/shortcut.2/Conv_output_0_DequantizeLinear_Output", "shape": ["1", "32", "64", "64"]}, {"name": "/segment/S3/S3.0/Add_output_0", "shape": ["1", "32", "64", "64"]}, {"name": "/segment/S3/S3.0/relu/Relu_output_0", "shape": ["1", "32", "64", "64"]}, {"name": "/segment/S3/S3.0/relu/Relu_output_0_QuantizeLinear_Output", "shape": ["1", "32", "64", "64"]}, {"name": "/segment/S3/S3.0/relu/Relu_output_0_DequantizeLinear_Output/duplicated", "shape": ["1", "32", "64", "64"]}, {"name": "/segment/S3/S3.0/relu/Relu_output_0_DequantizeLinear_Output", "shape": ["1", "32", "64", "64"]}, {"name": "onnx::Conv_567_DequantizeLinear_Output", "shape": ["32"]}, {"name": "onnx::Conv_566_DequantizeLinear_Output", "shape": ["32", "32", "3", "3"]}, {"name": "/segment/S3/S3.1/conv1/conv/Conv_output_0", "shape": ["1", "32", "64", "64"]}, {"name": "/segment/S3/S3.1/conv1/relu/Relu_output_0", "shape": ["1", "32", "64", "64"]}, {"name": "/segment/S3/S3.1/conv1/relu/Relu_output_0_QuantizeLinear_Output", "shape": ["1", "32", "64", "64"]}, {"name": "/segment/S3/S3.1/conv1/relu/Relu_output_0_DequantizeLinear_Output", "shape": ["1", "32", "64", "64"]}, {"name": "onnx::Conv_570_DequantizeLinear_Output", "shape": ["192"]}, {"name": "onnx::Conv_569_DequantizeLinear_Output", "shape": ["192", "1", "3", "3"]}, {"name": "/segment/S3/S3.1/dwconv/dwconv.0/Conv_output_0", "shape": ["1", "192", "64", "64"]}, {"name": "/segment/S3/S3.1/dwconv/dwconv.2/Relu_output_0", "shape": ["1", "192", "64", "64"]}, {"name": "/segment/S3/S3.1/dwconv/dwconv.2/Relu_output_0_QuantizeLinear_Output", "shape": ["1", "192", "64", "64"]}, {"name": "/segment/S3/S3.1/dwconv/dwconv.2/Relu_output_0_DequantizeLinear_Output", "shape": ["1", "192", "64", "64"]}, {"name": "onnx::Conv_573_DequantizeLinear_Output", "shape": ["32"]}, {"name": "onnx::Conv_572_DequantizeLinear_Output", "shape": ["32", "192", "1", "1"]}, {"name": "/segment/S3/S3.1/conv2/conv2.0/Conv_output_0", "shape": ["1", "32", "64", "64"]}, {"name": "/segment/S3/S3.1/conv2/conv2.0/Conv_output_0_QuantizeLinear_Output", "shape": ["1", "32", "64", "64"]}, {"name": "/segment/S3/S3.1/conv2/conv2.0/Conv_output_0_DequantizeLinear_Output", "shape": ["1", "32", "64", "64"]}, {"name": "/segment/S3/S3.1/Add_output_0", "shape": ["1", "32", "64", "64"]}, {"name": "/segment/S3/S3.1/relu/Relu_output_0", "shape": ["1", "32", "64", "64"]}, {"name": "/segment/S3/S3.1/relu/Relu_output_0_QuantizeLinear_Output", "shape": ["1", "32", "64", "64"]}, {"name": "/segment/S3/S3.1/relu/Relu_output_0_DequantizeLinear_Output", "shape": ["1", "32", "64", "64"]}, {"name": "onnx::Conv_576_DequantizeLinear_Output", "shape": ["32"]}, {"name": "onnx::Conv_575_DequantizeLinear_Output", "shape": ["32", "32", "3", "3"]}, {"name": "/segment/S4/S4.0/conv1/conv/Conv_output_0", "shape": ["1", "32", "64", "64"]}, {"name": "/segment/S4/S4.0/conv1/relu/Relu_output_0", "shape": ["1", "32", "64", "64"]}, {"name": "/segment/S4/S4.0/conv1/relu/Relu_output_0_QuantizeLinear_Output", "shape": ["1", "32", "64", "64"]}, {"name": "/segment/S4/S4.0/conv1/relu/Relu_output_0_DequantizeLinear_Output", "shape": ["1", "32", "64", "64"]}, {"name": "onnx::Conv_579_DequantizeLinear_Output", "shape": ["192"]}, {"name": "onnx::Conv_578_DequantizeLinear_Output", "shape": ["192", "1", "3", "3"]}, {"name": "/segment/S4/S4.0/dwconv1/dwconv1.0/Conv_output_0", "shape": ["1", "192", "32", "32"]}, {"name": "/segment/S4/S4.0/dwconv1/dwconv1.0/Conv_output_0_QuantizeLinear_Output", "shape": ["1", "192", "32", "32"]}, {"name": "/segment/S4/S4.0/dwconv1/dwconv1.0/Conv_output_0_DequantizeLinear_Output", "shape": ["1", "192", "32", "32"]}, {"name": "onnx::Conv_582_DequantizeLinear_Output", "shape": ["192"]}, {"name": "onnx::Conv_581_DequantizeLinear_Output", "shape": ["192", "1", "3", "3"]}, {"name": "/segment/S4/S4.0/dwconv2/dwconv2.0/Conv_output_0", "shape": ["1", "192", "32", "32"]}, {"name": "/segment/S4/S4.0/dwconv2/dwconv2.2/Relu_output_0", "shape": ["1", "192", "32", "32"]}, {"name": "/segment/S4/S4.0/dwconv2/dwconv2.2/Relu_output_0_QuantizeLinear_Output", "shape": ["1", "192", "32", "32"]}, {"name": "/segment/S4/S4.0/dwconv2/dwconv2.2/Relu_output_0_DequantizeLinear_Output", "shape": ["1", "192", "32", "32"]}, {"name": "onnx::Conv_585_DequantizeLinear_Output", "shape": ["64"]}, {"name": "onnx::Conv_584_DequantizeLinear_Output", "shape": ["64", "192", "1", "1"]}, {"name": "/segment/S4/S4.0/conv2/conv2.0/Conv_output_0", "shape": ["1", "64", "32", "32"]}, {"name": "/segment/S4/S4.0/conv2/conv2.0/Conv_output_0_QuantizeLinear_Output", "shape": ["1", "64", "32", "32"]}, {"name": "/segment/S4/S4.0/conv2/conv2.0/Conv_output_0_DequantizeLinear_Output", "shape": ["1", "64", "32", "32"]}, {"name": "/segment/S3/S3.1/relu/Relu_output_0_DequantizeLinear_Output/duplicated", "shape": ["1", "32", "64", "64"]}, {"name": "onnx::Conv_588_DequantizeLinear_Output", "shape": ["32"]}, {"name": "onnx::Conv_587_DequantizeLinear_Output", "shape": ["32", "1", "3", "3"]}, {"name": "/segment/S4/S4.0/shortcut/shortcut.0/Conv_output_0", "shape": ["1", "32", "32", "32"]}, {"name": "/segment/S4/S4.0/shortcut/shortcut.0/Conv_output_0_QuantizeLinear_Output", "shape": ["1", "32", "32", "32"]}, {"name": "/segment/S4/S4.0/shortcut/shortcut.0/Conv_output_0_DequantizeLinear_Output", "shape": ["1", "32", "32", "32"]}, {"name": "onnx::Conv_591_DequantizeLinear_Output", "shape": ["64"]}, {"name": "onnx::Conv_590_DequantizeLinear_Output", "shape": ["64", "32", "1", "1"]}, {"name": "/segment/S4/S4.0/shortcut/shortcut.2/Conv_output_0", "shape": ["1", "64", "32", "32"]}, {"name": "/segment/S4/S4.0/shortcut/shortcut.2/Conv_output_0_QuantizeLinear_Output", "shape": ["1", "64", "32", "32"]}, {"name": "/segment/S4/S4.0/shortcut/shortcut.2/Conv_output_0_DequantizeLinear_Output", "shape": ["1", "64", "32", "32"]}, {"name": "/segment/S4/S4.0/Add_output_0", "shape": ["1", "64", "32", "32"]}, {"name": "/segment/S4/S4.0/relu/Relu_output_0", "shape": ["1", "64", "32", "32"]}, {"name": "/segment/S4/S4.0/relu/Relu_output_0_QuantizeLinear_Output", "shape": ["1", "64", "32", "32"]}, {"name": "/segment/S4/S4.0/relu/Relu_output_0_DequantizeLinear_Output/duplicated", "shape": ["1", "64", "32", "32"]}, {"name": "/segment/S4/S4.0/relu/Relu_output_0_DequantizeLinear_Output", "shape": ["1", "64", "32", "32"]}, {"name": "onnx::Conv_594_DequantizeLinear_Output", "shape": ["64"]}, {"name": "onnx::Conv_593_DequantizeLinear_Output", "shape": ["64", "64", "3", "3"]}, {"name": "/segment/S4/S4.1/conv1/conv/Conv_output_0", "shape": ["1", "64", "32", "32"]}, {"name": "/segment/S4/S4.1/conv1/relu/Relu_output_0", "shape": ["1", "64", "32", "32"]}, {"name": "/segment/S4/S4.1/conv1/relu/Relu_output_0_QuantizeLinear_Output", "shape": ["1", "64", "32", "32"]}, {"name": "/segment/S4/S4.1/conv1/relu/Relu_output_0_DequantizeLinear_Output", "shape": ["1", "64", "32", "32"]}, {"name": "onnx::Conv_597_DequantizeLinear_Output", "shape": ["384"]}, {"name": "onnx::Conv_596_DequantizeLinear_Output", "shape": ["384", "1", "3", "3"]}, {"name": "/segment/S4/S4.1/dwconv/dwconv.0/Conv_output_0", "shape": ["1", "384", "32", "32"]}, {"name": "/segment/S4/S4.1/dwconv/dwconv.2/Relu_output_0", "shape": ["1", "384", "32", "32"]}, {"name": "/segment/S4/S4.1/dwconv/dwconv.2/Relu_output_0_QuantizeLinear_Output", "shape": ["1", "384", "32", "32"]}, {"name": "/segment/S4/S4.1/dwconv/dwconv.2/Relu_output_0_DequantizeLinear_Output", "shape": ["1", "384", "32", "32"]}, {"name": "onnx::Conv_600_DequantizeLinear_Output", "shape": ["64"]}, {"name": "onnx::Conv_599_DequantizeLinear_Output", "shape": ["64", "384", "1", "1"]}, {"name": "/segment/S4/S4.1/conv2/conv2.0/Conv_output_0", "shape": ["1", "64", "32", "32"]}, {"name": "/segment/S4/S4.1/conv2/conv2.0/Conv_output_0_QuantizeLinear_Output", "shape": ["1", "64", "32", "32"]}, {"name": "/segment/S4/S4.1/conv2/conv2.0/Conv_output_0_DequantizeLinear_Output", "shape": ["1", "64", "32", "32"]}, {"name": "/segment/S4/S4.1/Add_output_0", "shape": ["1", "64", "32", "32"]}, {"name": "/segment/S4/S4.1/relu/Relu_output_0", "shape": ["1", "64", "32", "32"]}, {"name": "/segment/S4/S4.1/relu/Relu_output_0_QuantizeLinear_Output", "shape": ["1", "64", "32", "32"]}, {"name": "/segment/S4/S4.1/relu/Relu_output_0_DequantizeLinear_Output", "shape": ["1", "64", "32", "32"]}, {"name": "onnx::Conv_603_DequantizeLinear_Output", "shape": ["64"]}, {"name": "onnx::Conv_602_DequantizeLinear_Output", "shape": ["64", "64", "3", "3"]}, {"name": "/segment/S5_4/S5_4.0/conv1/conv/Conv_output_0", "shape": ["1", "64", "32", "32"]}, {"name": "/segment/S5_4/S5_4.0/conv1/relu/Relu_output_0", "shape": ["1", "64", "32", "32"]}, {"name": "/segment/S5_4/S5_4.0/conv1/relu/Relu_output_0_QuantizeLinear_Output", "shape": ["1", "64", "32", "32"]}, {"name": "/segment/S5_4/S5_4.0/conv1/relu/Relu_output_0_DequantizeLinear_Output", "shape": ["1", "64", "32", "32"]}, {"name": "onnx::Conv_606_DequantizeLinear_Output", "shape": ["384"]}, {"name": "onnx::Conv_605_DequantizeLinear_Output", "shape": ["384", "1", "3", "3"]}, {"name": "/segment/S5_4/S5_4.0/dwconv1/dwconv1.0/Conv_output_0", "shape": ["1", "384", "16", "16"]}, {"name": "/segment/S5_4/S5_4.0/dwconv1/dwconv1.0/Conv_output_0_QuantizeLinear_Output", "shape": ["1", "384", "16", "16"]}, {"name": "/segment/S5_4/S5_4.0/dwconv1/dwconv1.0/Conv_output_0_DequantizeLinear_Output", "shape": ["1", "384", "16", "16"]}, {"name": "onnx::Conv_609_DequantizeLinear_Output", "shape": ["384"]}, {"name": "onnx::Conv_608_DequantizeLinear_Output", "shape": ["384", "1", "3", "3"]}, {"name": "/segment/S5_4/S5_4.0/dwconv2/dwconv2.0/Conv_output_0", "shape": ["1", "384", "16", "16"]}, {"name": "/segment/S5_4/S5_4.0/dwconv2/dwconv2.2/Relu_output_0", "shape": ["1", "384", "16", "16"]}, {"name": "/segment/S5_4/S5_4.0/dwconv2/dwconv2.2/Relu_output_0_QuantizeLinear_Output", "shape": ["1", "384", "16", "16"]}, {"name": "/segment/S5_4/S5_4.0/dwconv2/dwconv2.2/Relu_output_0_DequantizeLinear_Output", "shape": ["1", "384", "16", "16"]}, {"name": "onnx::Conv_612_DequantizeLinear_Output", "shape": ["128"]}, {"name": "onnx::Conv_611_DequantizeLinear_Output", "shape": ["128", "384", "1", "1"]}, {"name": "/segment/S5_4/S5_4.0/conv2/conv2.0/Conv_output_0", "shape": ["1", "128", "16", "16"]}, {"name": "/segment/S5_4/S5_4.0/conv2/conv2.0/Conv_output_0_QuantizeLinear_Output", "shape": ["1", "128", "16", "16"]}, {"name": "/segment/S5_4/S5_4.0/conv2/conv2.0/Conv_output_0_DequantizeLinear_Output", "shape": ["1", "128", "16", "16"]}, {"name": "/segment/S4/S4.1/relu/Relu_output_0_DequantizeLinear_Output/duplicated", "shape": ["1", "64", "32", "32"]}, {"name": "onnx::Conv_615_DequantizeLinear_Output", "shape": ["64"]}, {"name": "onnx::Conv_614_DequantizeLinear_Output", "shape": ["64", "1", "3", "3"]}, {"name": "/segment/S5_4/S5_4.0/shortcut/shortcut.0/Conv_output_0", "shape": ["1", "64", "16", "16"]}, {"name": "/segment/S5_4/S5_4.0/shortcut/shortcut.0/Conv_output_0_QuantizeLinear_Output", "shape": ["1", "64", "16", "16"]}, {"name": "/segment/S5_4/S5_4.0/shortcut/shortcut.0/Conv_output_0_DequantizeLinear_Output", "shape": ["1", "64", "16", "16"]}, {"name": "onnx::Conv_618_DequantizeLinear_Output", "shape": ["128"]}, {"name": "onnx::Conv_617_DequantizeLinear_Output", "shape": ["128", "64", "1", "1"]}, {"name": "/segment/S5_4/S5_4.0/shortcut/shortcut.2/Conv_output_0", "shape": ["1", "128", "16", "16"]}, {"name": "/segment/S5_4/S5_4.0/shortcut/shortcut.2/Conv_output_0_QuantizeLinear_Output", "shape": ["1", "128", "16", "16"]}, {"name": "/segment/S5_4/S5_4.0/shortcut/shortcut.2/Conv_output_0_DequantizeLinear_Output", "shape": ["1", "128", "16", "16"]}, {"name": "/segment/S5_4/S5_4.0/Add_output_0", "shape": ["1", "128", "16", "16"]}, {"name": "/segment/S5_4/S5_4.0/relu/Relu_output_0", "shape": ["1", "128", "16", "16"]}, {"name": "/segment/S5_4/S5_4.0/relu/Relu_output_0_QuantizeLinear_Output", "shape": ["1", "128", "16", "16"]}, {"name": "/segment/S5_4/S5_4.0/relu/Relu_output_0_DequantizeLinear_Output/duplicated", "shape": ["1", "128", "16", "16"]}, {"name": "/segment/S5_4/S5_4.0/relu/Relu_output_0_DequantizeLinear_Output", "shape": ["1", "128", "16", "16"]}, {"name": "onnx::Conv_621_DequantizeLinear_Output", "shape": ["128"]}, {"name": "onnx::Conv_620_DequantizeLinear_Output", "shape": ["128", "128", "3", "3"]}, {"name": "/segment/S5_4/S5_4.1/conv1/conv/Conv_output_0", "shape": ["1", "128", "16", "16"]}, {"name": "/segment/S5_4/S5_4.1/conv1/relu/Relu_output_0", "shape": ["1", "128", "16", "16"]}, {"name": "/segment/S5_4/S5_4.1/conv1/relu/Relu_output_0_QuantizeLinear_Output", "shape": ["1", "128", "16", "16"]}, {"name": "/segment/S5_4/S5_4.1/conv1/relu/Relu_output_0_DequantizeLinear_Output", "shape": ["1", "128", "16", "16"]}, {"name": "onnx::Conv_624_DequantizeLinear_Output", "shape": ["768"]}, {"name": "onnx::Conv_623_DequantizeLinear_Output", "shape": ["768", "1", "3", "3"]}, {"name": "/segment/S5_4/S5_4.1/dwconv/dwconv.0/Conv_output_0", "shape": ["1", "768", "16", "16"]}, {"name": "/segment/S5_4/S5_4.1/dwconv/dwconv.2/Relu_output_0", "shape": ["1", "768", "16", "16"]}, {"name": "/segment/S5_4/S5_4.1/dwconv/dwconv.2/Relu_output_0_QuantizeLinear_Output", "shape": ["1", "768", "16", "16"]}, {"name": "/segment/S5_4/S5_4.1/dwconv/dwconv.2/Relu_output_0_DequantizeLinear_Output", "shape": ["1", "768", "16", "16"]}, {"name": "onnx::Conv_627_DequantizeLinear_Output", "shape": ["128"]}, {"name": "onnx::Conv_626_DequantizeLinear_Output", "shape": ["128", "768", "1", "1"]}, {"name": "/segment/S5_4/S5_4.1/conv2/conv2.0/Conv_output_0", "shape": ["1", "128", "16", "16"]}, {"name": "/segment/S5_4/S5_4.1/conv2/conv2.0/Conv_output_0_QuantizeLinear_Output", "shape": ["1", "128", "16", "16"]}, {"name": "/segment/S5_4/S5_4.1/conv2/conv2.0/Conv_output_0_DequantizeLinear_Output", "shape": ["1", "128", "16", "16"]}, {"name": "/segment/S5_4/S5_4.1/Add_output_0", "shape": ["1", "128", "16", "16"]}, {"name": "/segment/S5_4/S5_4.1/relu/Relu_output_0", "shape": ["1", "128", "16", "16"]}, {"name": "/segment/S5_4/S5_4.1/relu/Relu_output_0_QuantizeLinear_Output", "shape": ["1", "128", "16", "16"]}, {"name": "/segment/S5_4/S5_4.1/relu/Relu_output_0_DequantizeLinear_Output/duplicated", "shape": ["1", "128", "16", "16"]}, {"name": "/segment/S5_4/S5_4.1/relu/Relu_output_0_DequantizeLinear_Output", "shape": ["1", "128", "16", "16"]}, {"name": "onnx::Conv_630_DequantizeLinear_Output", "shape": ["128"]}, {"name": "onnx::Conv_629_DequantizeLinear_Output", "shape": ["128", "128", "3", "3"]}, {"name": "/segment/S5_4/S5_4.2/conv1/conv/Conv_output_0", "shape": ["1", "128", "16", "16"]}, {"name": "/segment/S5_4/S5_4.2/conv1/relu/Relu_output_0", "shape": ["1", "128", "16", "16"]}, {"name": "/segment/S5_4/S5_4.2/conv1/relu/Relu_output_0_QuantizeLinear_Output", "shape": ["1", "128", "16", "16"]}, {"name": "/segment/S5_4/S5_4.2/conv1/relu/Relu_output_0_DequantizeLinear_Output", "shape": ["1", "128", "16", "16"]}, {"name": "onnx::Conv_633_DequantizeLinear_Output", "shape": ["768"]}, {"name": "onnx::Conv_632_DequantizeLinear_Output", "shape": ["768", "1", "3", "3"]}, {"name": "/segment/S5_4/S5_4.2/dwconv/dwconv.0/Conv_output_0", "shape": ["1", "768", "16", "16"]}, {"name": "/segment/S5_4/S5_4.2/dwconv/dwconv.2/Relu_output_0", "shape": ["1", "768", "16", "16"]}, {"name": "/segment/S5_4/S5_4.2/dwconv/dwconv.2/Relu_output_0_QuantizeLinear_Output", "shape": ["1", "768", "16", "16"]}, {"name": "/segment/S5_4/S5_4.2/dwconv/dwconv.2/Relu_output_0_DequantizeLinear_Output", "shape": ["1", "768", "16", "16"]}, {"name": "onnx::Conv_636_DequantizeLinear_Output", "shape": ["128"]}, {"name": "onnx::Conv_635_DequantizeLinear_Output", "shape": ["128", "768", "1", "1"]}, {"name": "/segment/S5_4/S5_4.2/conv2/conv2.0/Conv_output_0", "shape": ["1", "128", "16", "16"]}, {"name": "/segment/S5_4/S5_4.2/conv2/conv2.0/Conv_output_0_QuantizeLinear_Output", "shape": ["1", "128", "16", "16"]}, {"name": "/segment/S5_4/S5_4.2/conv2/conv2.0/Conv_output_0_DequantizeLinear_Output", "shape": ["1", "128", "16", "16"]}, {"name": "/segment/S5_4/S5_4.2/Add_output_0", "shape": ["1", "128", "16", "16"]}, {"name": "/segment/S5_4/S5_4.2/relu/Relu_output_0", "shape": ["1", "128", "16", "16"]}, {"name": "/segment/S5_4/S5_4.2/relu/Relu_output_0_QuantizeLinear_Output", "shape": ["1", "128", "16", "16"]}, {"name": "/segment/S5_4/S5_4.2/relu/Relu_output_0_DequantizeLinear_Output/duplicated", "shape": ["1", "128", "16", "16"]}, {"name": "/segment/S5_4/S5_4.2/relu/Relu_output_0_DequantizeLinear_Output", "shape": ["1", "128", "16", "16"]}, {"name": "onnx::Conv_639_DequantizeLinear_Output", "shape": ["128"]}, {"name": "onnx::Conv_638_DequantizeLinear_Output", "shape": ["128", "128", "3", "3"]}, {"name": "/segment/S5_4/S5_4.3/conv1/conv/Conv_output_0", "shape": ["1", "128", "16", "16"]}, {"name": "/segment/S5_4/S5_4.3/conv1/relu/Relu_output_0", "shape": ["1", "128", "16", "16"]}, {"name": "/segment/S5_4/S5_4.3/conv1/relu/Relu_output_0_QuantizeLinear_Output", "shape": ["1", "128", "16", "16"]}, {"name": "/segment/S5_4/S5_4.3/conv1/relu/Relu_output_0_DequantizeLinear_Output", "shape": ["1", "128", "16", "16"]}, {"name": "onnx::Conv_642_DequantizeLinear_Output", "shape": ["768"]}, {"name": "onnx::Conv_641_DequantizeLinear_Output", "shape": ["768", "1", "3", "3"]}, {"name": "/segment/S5_4/S5_4.3/dwconv/dwconv.0/Conv_output_0", "shape": ["1", "768", "16", "16"]}, {"name": "/segment/S5_4/S5_4.3/dwconv/dwconv.2/Relu_output_0", "shape": ["1", "768", "16", "16"]}, {"name": "/segment/S5_4/S5_4.3/dwconv/dwconv.2/Relu_output_0_QuantizeLinear_Output", "shape": ["1", "768", "16", "16"]}, {"name": "/segment/S5_4/S5_4.3/dwconv/dwconv.2/Relu_output_0_DequantizeLinear_Output", "shape": ["1", "768", "16", "16"]}, {"name": "onnx::Conv_645_DequantizeLinear_Output", "shape": ["128"]}, {"name": "onnx::Conv_644_DequantizeLinear_Output", "shape": ["128", "768", "1", "1"]}, {"name": "/segment/S5_4/S5_4.3/conv2/conv2.0/Conv_output_0", "shape": ["1", "128", "16", "16"]}, {"name": "/segment/S5_4/S5_4.3/conv2/conv2.0/Conv_output_0_QuantizeLinear_Output", "shape": ["1", "128", "16", "16"]}, {"name": "/segment/S5_4/S5_4.3/conv2/conv2.0/Conv_output_0_DequantizeLinear_Output", "shape": ["1", "128", "16", "16"]}, {"name": "/segment/S5_4/S5_4.3/Add_output_0", "shape": ["1", "128", "16", "16"]}, {"name": "/segment/S5_4/S5_4.3/relu/Relu_output_0", "shape": ["1", "128", "16", "16"]}, {"name": "/segment/S5_4/S5_4.3/relu/Relu_output_0_QuantizeLinear_Output", "shape": ["1", "128", "16", "16"]}, {"name": "/segment/S5_4/S5_4.3/relu/Relu_output_0_DequantizeLinear_Output/duplicated", "shape": ["1", "128", "16", "16"]}, {"name": "/segment/S5_4/S5_4.3/relu/Relu_output_0_DequantizeLinear_Output", "shape": ["1", "128", "16", "16"]}, {"name": "/segment/S5_5/ReduceMean_output_0_Mul", "shape": ["1", "128", "1", "1"]}, {"name": "/segment/S5_5/ReduceMean_output_0_QuantizeLinear_Output", "shape": ["1", "128", "1", "1"]}, {"name": "/segment/S5_5/ReduceMean_output_0_DequantizeLinear_Output", "shape": ["1", "128", "1", "1"]}, {"name": "/segment/S5_5/bn/BatchNormalization_output_0weights_DequantizeLinear_Output", "shape": ["128", "1", "1", "1"]}, {"name": "/segment/S5_5/bn/BatchNormalization_output_0bias_DequantizeLinear_Output", "shape": ["128"]}, {"name": "/segment/S5_5/bn/BatchNormalization_output_0", "shape": ["1", "128", "1", "1"]}, {"name": "/segment/S5_5/bn/BatchNormalization_output_0_QuantizeLinear_Output", "shape": ["1", "128", "1", "1"]}, {"name": "/segment/S5_5/bn/BatchNormalization_output_0_DequantizeLinear_Output", "shape": ["1", "128", "1", "1"]}, {"name": "onnx::Conv_648_DequantizeLinear_Output", "shape": ["128"]}, {"name": "onnx::Conv_647_DequantizeLinear_Output", "shape": ["128", "128", "1", "1"]}, {"name": "/segment/S5_5/conv_gap/conv/Conv_output_0", "shape": ["1", "128", "1", "1"]}, {"name": "/segment/S5_5/conv_gap/relu/Relu_output_0", "shape": ["1", "128", "1", "1"]}, {"name": "/segment/S5_5/conv_gap/relu/Relu_output_0_QuantizeLinear_Output", "shape": ["1", "128", "1", "1"]}, {"name": "/segment/S5_5/conv_gap/relu/Relu_output_0_DequantizeLinear_Output", "shape": ["1", "128", "1", "1"]}, {"name": "/segment/S5_5/Add_output_0", "shape": ["1", "128", "16", "16"]}, {"name": "/segment/S5_5/Add_output_0_QuantizeLinear_Output", "shape": ["1", "128", "16", "16"]}, {"name": "/segment/S5_5/Add_output_0_DequantizeLinear_Output", "shape": ["1", "128", "16", "16"]}, {"name": "onnx::Conv_651_DequantizeLinear_Output", "shape": ["128"]}, {"name": "onnx::Conv_650_DequantizeLinear_Output", "shape": ["128", "128", "3", "3"]}, {"name": "/segment/S5_5/conv_last/conv/Conv_output_0", "shape": ["1", "128", "16", "16"]}, {"name": "/segment/S5_5/conv_last/relu/Relu_output_0", "shape": ["1", "128", "16", "16"]}, {"name": "/segment/S5_5/conv_last/relu/Relu_output_0_QuantizeLinear_Output", "shape": ["1", "128", "16", "16"]}, {"name": "/segment/S5_5/conv_last/relu/Relu_output_0_DequantizeLinear_Output/duplicated", "shape": ["1", "128", "16", "16"]}, {"name": "onnx::Conv_663_DequantizeLinear_Output", "shape": ["128"]}, {"name": "onnx::Conv_662_DequantizeLinear_Output", "shape": ["128", "1", "3", "3"]}, {"name": "/bga/right2/right2.0/Conv_output_0", "shape": ["1", "128", "16", "16"]}, {"name": "/bga/right2/right2.0/Conv_output_0_QuantizeLinear_Output", "shape": ["1", "128", "16", "16"]}, {"name": "/bga/right2/right2.0/Conv_output_0_DequantizeLinear_Output", "shape": ["1", "128", "16", "16"]}, {"name": "bga.right2.2.weight_DequantizeLinear_Output", "shape": ["128", "128", "1", "1"]}, {"name": "/bga/right2/right2.2/Conv_output_0", "shape": ["1", "128", "16", "16"]}, {"name": "/bga/right2/right2.2/Conv_output_0_QuantizeLinear_Output", "shape": ["1", "128", "16", "16"]}, {"name": "/bga/right2/right2.2/Conv_output_0_DequantizeLinear_Output", "shape": ["1", "128", "16", "16"]}, {"name": "/bga/Sigmoid_1_output_0_Mul", "shape": ["1", "128", "16", "16"]}, {"name": "/bga/Sigmoid_1_output_0", "shape": ["1", "128", "16", "16"]}, {"name": "/bga/Sigmoid_1_output_0_QuantizeLinear_Output", "shape": ["1", "128", "16", "16"]}, {"name": "/bga/Sigmoid_1_output_0_DequantizeLinear_Output", "shape": ["1", "128", "16", "16"]}, {"name": "image_DequantizeLinear_Output", "shape": ["1", "3", "512", "512"]}, {"name": "onnx::Conv_513_DequantizeLinear_Output", "shape": ["64"]}, {"name": "onnx::Conv_512_DequantizeLinear_Output", "shape": ["64", "3", "3", "3"]}, {"name": "/detail/S1/S1.0/conv/Conv_output_0", "shape": ["1", "64", "256", "256"]}, {"name": "/detail/S1/S1.0/relu/Relu_output_0", "shape": ["1", "64", "256", "256"]}, {"name": "/detail/S1/S1.0/relu/Relu_output_0_QuantizeLinear_Output", "shape": ["1", "64", "256", "256"]}, {"name": "/detail/S1/S1.0/relu/Relu_output_0_DequantizeLinear_Output", "shape": ["1", "64", "256", "256"]}, {"name": "onnx::Conv_516_DequantizeLinear_Output", "shape": ["64"]}, {"name": "onnx::Conv_515_DequantizeLinear_Output", "shape": ["64", "64", "3", "3"]}, {"name": "/detail/S1/S1.1/conv/Conv_output_0", "shape": ["1", "64", "256", "256"]}, {"name": "/detail/S1/S1.1/relu/Relu_output_0", "shape": ["1", "64", "256", "256"]}, {"name": "/detail/S1/S1.1/relu/Relu_output_0_QuantizeLinear_Output", "shape": ["1", "64", "256", "256"]}, {"name": "/detail/S1/S1.1/relu/Relu_output_0_DequantizeLinear_Output", "shape": ["1", "64", "256", "256"]}, {"name": "onnx::Conv_519_DequantizeLinear_Output", "shape": ["64"]}, {"name": "onnx::Conv_518_DequantizeLinear_Output", "shape": ["64", "64", "3", "3"]}, {"name": "/detail/S2/S2.0/conv/Conv_output_0", "shape": ["1", "64", "128", "128"]}, {"name": "/detail/S2/S2.0/relu/Relu_output_0", "shape": ["1", "64", "128", "128"]}, {"name": "/detail/S2/S2.0/relu/Relu_output_0_QuantizeLinear_Output", "shape": ["1", "64", "128", "128"]}, {"name": "/detail/S2/S2.0/relu/Relu_output_0_DequantizeLinear_Output", "shape": ["1", "64", "128", "128"]}, {"name": "onnx::Conv_522_DequantizeLinear_Output", "shape": ["64"]}, {"name": "onnx::Conv_521_DequantizeLinear_Output", "shape": ["64", "64", "3", "3"]}, {"name": "/detail/S2/S2.1/conv/Conv_output_0", "shape": ["1", "64", "128", "128"]}, {"name": "/detail/S2/S2.1/relu/Relu_output_0", "shape": ["1", "64", "128", "128"]}, {"name": "/detail/S2/S2.1/relu/Relu_output_0_QuantizeLinear_Output", "shape": ["1", "64", "128", "128"]}, {"name": "/detail/S2/S2.1/relu/Relu_output_0_DequantizeLinear_Output", "shape": ["1", "64", "128", "128"]}, {"name": "onnx::Conv_525_DequantizeLinear_Output", "shape": ["64"]}, {"name": "onnx::Conv_524_DequantizeLinear_Output", "shape": ["64", "64", "3", "3"]}, {"name": "/detail/S2/S2.2/conv/Conv_output_0", "shape": ["1", "64", "128", "128"]}, {"name": "/detail/S2/S2.2/relu/Relu_output_0", "shape": ["1", "64", "128", "128"]}, {"name": "/detail/S2/S2.2/relu/Relu_output_0_QuantizeLinear_Output", "shape": ["1", "64", "128", "128"]}, {"name": "/detail/S2/S2.2/relu/Relu_output_0_DequantizeLinear_Output", "shape": ["1", "64", "128", "128"]}, {"name": "onnx::Conv_528_DequantizeLinear_Output", "shape": ["128"]}, {"name": "onnx::Conv_527_DequantizeLinear_Output", "shape": ["128", "64", "3", "3"]}, {"name": "/detail/S3/S3.0/conv/Conv_output_0", "shape": ["1", "128", "64", "64"]}, {"name": "/detail/S3/S3.0/relu/Relu_output_0", "shape": ["1", "128", "64", "64"]}, {"name": "/detail/S3/S3.0/relu/Relu_output_0_QuantizeLinear_Output", "shape": ["1", "128", "64", "64"]}, {"name": "/detail/S3/S3.0/relu/Relu_output_0_DequantizeLinear_Output", "shape": ["1", "128", "64", "64"]}, {"name": "onnx::Conv_531_DequantizeLinear_Output", "shape": ["128"]}, {"name": "onnx::Conv_530_DequantizeLinear_Output", "shape": ["128", "128", "3", "3"]}, {"name": "/detail/S3/S3.1/conv/Conv_output_0", "shape": ["1", "128", "64", "64"]}, {"name": "/detail/S3/S3.1/relu/Relu_output_0", "shape": ["1", "128", "64", "64"]}, {"name": "/detail/S3/S3.1/relu/Relu_output_0_QuantizeLinear_Output", "shape": ["1", "128", "64", "64"]}, {"name": "/detail/S3/S3.1/relu/Relu_output_0_DequantizeLinear_Output", "shape": ["1", "128", "64", "64"]}, {"name": "onnx::Conv_534_DequantizeLinear_Output", "shape": ["128"]}, {"name": "onnx::Conv_533_DequantizeLinear_Output", "shape": ["128", "128", "3", "3"]}, {"name": "/detail/S3/S3.2/conv/Conv_output_0", "shape": ["1", "128", "64", "64"]}, {"name": "/detail/S3/S3.2/relu/Relu_output_0", "shape": ["1", "128", "64", "64"]}, {"name": "/detail/S3/S3.2/relu/Relu_output_0_QuantizeLinear_Output", "shape": ["1", "128", "64", "64"]}, {"name": "/detail/S3/S3.2/relu/Relu_output_0_DequantizeLinear_Output/duplicated", "shape": ["1", "128", "64", "64"]}, {"name": "onnx::Conv_657_DequantizeLinear_Output", "shape": ["128"]}, {"name": "onnx::Conv_656_DequantizeLinear_Output", "shape": ["128", "128", "3", "3"]}, {"name": "/bga/left2/left2.0/Conv_output_0", "shape": ["1", "128", "32", "32"]}, {"name": "/bga/left2/left2.0/Conv_output_0_QuantizeLinear_Output", "shape": ["1", "128", "32", "32"]}, {"name": "/bga/left2/left2.0/Conv_output_0_DequantizeLinear_Output", "shape": ["1", "128", "32", "32"]}, {"name": "/bga/left2/left2.2/AveragePool_output_0_Mul", "shape": ["1", "128", "16", "16"]}, {"name": "/bga/left2/left2.2/AveragePool_output_0", "shape": ["1", "128", "16", "16"]}, {"name": "/bga/left2/left2.2/AveragePool_output_0_QuantizeLinear_Output", "shape": ["1", "128", "16", "16"]}, {"name": "/bga/left2/left2.2/AveragePool_output_0_DequantizeLinear_Output", "shape": ["1", "128", "16", "16"]}, {"name": "/bga/Mul_1_output_0", "shape": ["1", "128", "16", "16"]}, {"name": "/bga/Mul_1_output_0_QuantizeLinear_Output", "shape": ["1", "128", "16", "16"]}, {"name": "/bga/Mul_1_output_0_DequantizeLinear_Output", "shape": ["1", "128", "16", "16"]}, {"name": "/bga/up2/Resize_output_0", "shape": ["1", "128", "64", "64"]}, {"name": "/bga/up2/Resize_output_0_QuantizeLinear_Output", "shape": ["1", "128", "64", "64"]}, {"name": "/bga/up2/Resize_output_0_DequantizeLinear_Output", "shape": ["1", "128", "64", "64"]}, {"name": "/segment/S5_5/conv_last/relu/Relu_output_0_DequantizeLinear_Output", "shape": ["1", "128", "16", "16"]}, {"name": "onnx::Conv_660_DequantizeLinear_Output", "shape": ["128"]}, {"name": "onnx::Conv_659_DequantizeLinear_Output", "shape": ["128", "128", "3", "3"]}, {"name": "/bga/right1/right1.0/Conv_output_0", "shape": ["1", "128", "16", "16"]}, {"name": "/bga/right1/right1.0/Conv_output_0_QuantizeLinear_Output", "shape": ["1", "128", "16", "16"]}, {"name": "/bga/right1/right1.0/Conv_output_0_DequantizeLinear_Output", "shape": ["1", "128", "16", "16"]}, {"name": "/bga/up1/Resize_output_0", "shape": ["1", "128", "64", "64"]}, {"name": "/bga/up1/Resize_output_0_QuantizeLinear_Output", "shape": ["1", "128", "64", "64"]}, {"name": "/bga/up1/Resize_output_0_DequantizeLinear_Output", "shape": ["1", "128", "64", "64"]}, {"name": "/bga/Sigmoid_output_0_Mul", "shape": ["1", "128", "64", "64"]}, {"name": "/bga/Sigmoid_output_0", "shape": ["1", "128", "64", "64"]}, {"name": "/bga/Sigmoid_output_0_QuantizeLinear_Output", "shape": ["1", "128", "64", "64"]}, {"name": "/bga/Sigmoid_output_0_DequantizeLinear_Output", "shape": ["1", "128", "64", "64"]}, {"name": "/detail/S3/S3.2/relu/Relu_output_0_DequantizeLinear_Output", "shape": ["1", "128", "64", "64"]}, {"name": "onnx::Conv_654_DequantizeLinear_Output", "shape": ["128"]}, {"name": "onnx::Conv_653_DequantizeLinear_Output", "shape": ["128", "1", "3", "3"]}, {"name": "/bga/left1/left1.0/Conv_output_0", "shape": ["1", "128", "64", "64"]}, {"name": "/bga/left1/left1.0/Conv_output_0_QuantizeLinear_Output", "shape": ["1", "128", "64", "64"]}, {"name": "/bga/left1/left1.0/Conv_output_0_DequantizeLinear_Output", "shape": ["1", "128", "64", "64"]}, {"name": "bga.left1.2.weight_DequantizeLinear_Output", "shape": ["128", "128", "1", "1"]}, {"name": "/bga/left1/left1.2/Conv_output_0", "shape": ["1", "128", "64", "64"]}, {"name": "/bga/left1/left1.2/Conv_output_0_QuantizeLinear_Output", "shape": ["1", "128", "64", "64"]}, {"name": "/bga/left1/left1.2/Conv_output_0_DequantizeLinear_Output", "shape": ["1", "128", "64", "64"]}, {"name": "/bga/Mul_output_0", "shape": ["1", "128", "64", "64"]}, {"name": "/bga/Mul_output_0_QuantizeLinear_Output", "shape": ["1", "128", "64", "64"]}, {"name": "/bga/Mul_output_0_DequantizeLinear_Output", "shape": ["1", "128", "64", "64"]}, {"name": "/bga/Add_output_0", "shape": ["1", "128", "64", "64"]}, {"name": "/bga/Add_output_0_QuantizeLinear_Output", "shape": ["1", "128", "64", "64"]}, {"name": "/bga/Add_output_0_DequantizeLinear_Output", "shape": ["1", "128", "64", "64"]}, {"name": "onnx::Conv_666_DequantizeLinear_Output", "shape": ["128"]}, {"name": "onnx::Conv_665_DequantizeLinear_Output", "shape": ["128", "128", "3", "3"]}, {"name": "/bga/conv/conv.0/Conv_output_0", "shape": ["1", "128", "64", "64"]}, {"name": "/bga/conv/conv.2/Relu_output_0", "shape": ["1", "128", "64", "64"]}, {"name": "/bga/conv/conv.2/Relu_output_0_QuantizeLinear_Output", "shape": ["1", "128", "64", "64"]}, {"name": "/bga/conv/conv.2/Relu_output_0_DequantizeLinear_Output", "shape": ["1", "128", "64", "64"]}, {"name": "onnx::Conv_669_DequantizeLinear_Output", "shape": ["1024"]}, {"name": "onnx::Conv_668_DequantizeLinear_Output", "shape": ["1024", "128", "3", "3"]}, {"name": "/head/conv/conv/Conv_output_0", "shape": ["1", "1024", "64", "64"]}, {"name": "/head/conv/relu/Relu_output_0", "shape": ["1", "1024", "64", "64"]}, {"name": "/head/conv/relu/Relu_output_0_QuantizeLinear_Output", "shape": ["1", "1024", "64", "64"]}, {"name": "/head/conv/relu/Relu_output_0_DequantizeLinear_Output", "shape": ["1", "1024", "64", "64"]}, {"name": "head.conv_out.weight_DequantizeLinear_Output", "shape": ["19", "1024", "1", "1"]}, {"name": "head.conv_out.bias_DequantizeLinear_Output", "shape": ["19"]}, {"name": "/head/conv_out/Conv_output_0", "shape": ["1", "19", "64", "64"]}, {"name": "/head/conv_out/Conv_output_0_QuantizeLinear_Output", "shape": ["1", "19", "64", "64"]}, {"name": "/head/conv_out/Conv_output_0_DequantizeLinear_Output", "shape": ["1", "19", "64", "64"]}, {"name": "logits_QuantizeLinear_Input", "shape": ["1", "19", "512", "512"]}, {"name": "logits_QuantizeLinear_Output", "shape": ["1", "19", "512", "512"]}, {"name": "logits", "shape": ["1", "19", "512", "512"]}], "subgraphStat": [{"device": "DPU", "count": 1}]}}
NPU_TIMELINE "\n-----------------------------\n[003d:00:01.1] : NPU Phoenix\n-----------------------------\nAIE Partitions\n  Total Memory Usage: 117 MB\n  Partition Index   : 0\n    Columns: [1, 2, 3, 4]\n    HW Contexts:\n      |PID                 |Ctx ID     |Submissions |Migrations  |Err  |Priority |\n      |Process Name        |Status     |Completions |Suspensions |     |GOPS     |\n      |Memory Usage        |Instr BO   |            |            |     |FPS      |\n      |                    |           |            |            |     |Latency  |\n      |====================|===========|============|============|=====|=========|\n      |53752               |255        |113         |0           |0    |Normal   |\n      |python.exe          |Active     |112         |0           |     |28       |\n      |117 MB              |4128 KB    |            |            |     |N/A      |\n      |                    |           |            |            |     |N/A      |\n      |--------------------|-----------|------------|------------|-----|---------|\n"
NPU_OWNERSHIP {"context_pids": [53752], "owned_pids": [53752, 60096], "foreign_pids": []}
HOST_TIMELINE {"elapsed_seconds": 3.766, "tree_rss_bytes": 388288512, "foreign_peers": []}
NPU_TIMELINE "\n-----------------------------\n[003d:00:01.1] : NPU Phoenix\n-----------------------------\nAIE Partitions\n  Total Memory Usage: 117 MB\n  Partition Index   : 0\n    Columns: [1, 2, 3, 4]\n    HW Contexts:\n      |PID                 |Ctx ID     |Submissions |Migrations  |Err  |Priority |\n      |Process Name        |Status     |Completions |Suspensions |     |GOPS     |\n      |Memory Usage        |Instr BO   |            |            |     |FPS      |\n      |                    |           |            |            |     |Latency  |\n      |====================|===========|============|============|=====|=========|\n      |53752               |255        |829         |0           |0    |Normal   |\n      |python.exe          |Active     |828         |0           |     |28       |\n      |117 MB              |4128 KB    |            |            |     |N/A      |\n      |                    |           |            |            |     |N/A      |\n      |--------------------|-----------|------------|------------|-----|---------|\n"
NPU_OWNERSHIP {"context_pids": [53752], "owned_pids": [53752, 60096], "foreign_pids": []}
HOST_TIMELINE {"elapsed_seconds": 7.484, "tree_rss_bytes": 390418432, "foreign_peers": []}
HOST_TIMELINE {"elapsed_seconds": 11.266, "tree_rss_bytes": 382631936, "foreign_peers": []}
BENCHMARK {"backend": "amd", "warmup": 50, "frames": 500, "image": "data/bisenetv2_val/000000032570.jpg", "mean_ms": 21.6435276013799, "p95_ms": 22.940050048055127, "stages": {"pre_ms": 5.07414639997296, "network_ms": 13.095054201083258, "post_ms": 3.474327000323683}, "samples_ms": [20.599700044840574, 20.70090000052005, 21.06990001630038, 20.765300025232136, 20.421899971552193, 20.448699942789972, 20.526499953120947, 21.38869999907911, 20.750799914821982, 20.541399950161576, 20.63289994839579, 20.72510006837547, 20.4286000225693, 20.641400013118982, 20.260400022380054, 20.302899996750057, 22.14580005966127, 20.482500083744526, 20.251000067219138, 20.402099937200546, 20.80149995163083, 20.829099928960204, 21.599399973638356, 21.903499960899353, 20.814299932681024, 20.053799962624907, 20.01930004917085, 20.25400009006262, 22.19170005992055, 20.880899974144995, 20.40739997755736, 22.0285999821499, 20.086899981833994, 20.36340010818094, 20.672500017099082, 20.20759996958077, 20.558999967761338, 20.387199940159917, 20.28319996315986, 20.667399978265166, 20.194899989292026, 20.886599901132286, 20.152000011876225, 20.333899999968708, 20.80510009545833, 20.814400049857795, 20.280699944123626, 21.054100012406707, 21.248200093396008, 21.641000057570636, 20.099200075492263, 20.826100022532046, 20.24189999792725, 20.82530001644045, 20.93210001476109, 20.68200008943677, 20.427300012670457, 21.85489994008094, 21.359500009566545, 20.24019998498261, 21.65949996560812, 21.854200051166117, 21.299200016073883, 21.01659995969385, 20.914900000207126, 21.26250008586794, 21.1679000640288, 21.51880005840212, 20.322600030340254, 21.9777999445796, 20.597800030373037, 20.430700038559735, 20.994499907828867, 21.064999978989363, 20.541899953968823, 21.858999971300364, 21.702099940739572, 21.12360007595271, 22.06140011548996, 20.52310004364699, 21.452499902807176, 21.65969996713102, 20.932600018568337, 20.196500001475215, 22.03310001641512, 22.072399966418743, 22.359700058586895, 21.610300056636333, 22.572700050659478, 22.617500042542815, 21.900599938817322, 22.351099993102252, 21.933099953457713, 22.267900058068335, 21.517599932849407, 22.088499972596765, 21.654099924489856, 21.955400006845593, 22.535600000992417, 20.533200004138052, 21.863600006327033, 22.939300048165023, 22.12179999332875, 22.232300019823015, 21.531599923036993, 22.159700049087405, 22.971700062043965, 21.79010002873838, 22.337400005199015, 21.5651000617072, 21.78140007890761, 22.051600040867925, 21.894500008784235, 22.103300085291266, 22.398500004783273, 22.68169994931668, 22.110800025984645, 22.14880008250475, 22.499100072309375, 22.24479999858886, 22.31889998074621, 22.18850003555417, 21.90719998907298, 22.6433000061661, 22.17819995712489, 22.307900013402104, 22.18700002413243, 22.383800009265542, 22.30229997076094, 22.4566999822855, 22.175799938850105, 22.10870000999421, 23.701900034211576, 22.19709998462349, 22.287500090897083, 22.10719999857247, 22.249900037422776, 21.668200031854212, 22.229399997740984, 22.038100054487586, 21.958099910989404, 23.11910002026707, 22.07590010948479, 22.242999984882772, 22.447000024840236, 22.010300075635314, 23.20200006943196, 22.133300080895424, 22.13370008394122, 22.31300005223602, 22.358700050972402, 21.65189990773797, 22.269099950790405, 22.51569996587932, 21.966799977235496, 22.270499961450696, 22.169700008817017, 22.10979990195483, 21.83270000386983, 21.63739991374314, 21.361400024034083, 20.53940005134791, 20.264499937184155, 22.65519998036325, 20.858999923802912, 20.731099997647107, 20.447099930606782, 20.54679999127984, 20.58699994813651, 22.15119998436421, 20.796700031496584, 20.670400001108646, 21.355700097046793, 21.244099945761263, 21.179100032895803, 21.440100041218102, 19.942599930800498, 20.9540999494493, 21.37199998833239, 20.556399947963655, 21.069500013254583, 21.036999998614192, 20.252399961464107, 20.73800005018711, 21.19460003450513, 20.925599965266883, 20.99839993752539, 22.918600006960332, 23.756399983540177, 24.308399995788932, 21.371099981479347, 20.823200000450015, 20.811100024729967, 22.89199992083013, 20.577599992975593, 20.3275999519974, 21.92009997088462, 20.807899883948267, 20.327100064605474, 20.911799976602197, 20.50089999102056, 20.9231999469921, 20.595300011336803, 20.80050006043166, 20.727099967189133, 21.449499996379018, 20.440599997527897, 20.676300046034157, 21.45209989976138, 20.642700023017824, 20.732499891892076, 22.041199961677194, 20.455599995329976, 22.41219999268651, 21.42209990415722, 20.300499978475273, 21.41519996803254, 21.260399953462183, 21.903299959376454, 20.32129990402609, 20.910299965180457, 20.748900016769767, 20.939400070346892, 21.949400077573955, 21.44490007776767, 22.181399981491268, 21.115000010468066, 22.80950010754168, 20.34659998025745, 22.971799946390092, 20.77970001846552, 20.756600075401366, 21.102100028656423, 20.461799926124513, 21.850300021469593, 21.417199983261526, 22.37550006248057, 22.910199942998588, 21.785999997518957, 20.327999955043197, 21.80610003415495, 20.4637999413535, 20.642200019210577, 22.751899901777506, 21.651700022630394, 21.245500072836876, 20.92919999267906, 21.107799955643713, 21.692999987863004, 22.19299995340407, 21.89059997908771, 20.319900009781122, 21.874999976716936, 22.903500008396804, 20.11859999038279, 20.852899993769825, 22.3127999342978, 21.408800035715103, 21.406600018963218, 22.998500033281744, 22.25189993623644, 21.828099968843162, 20.938599947839975, 22.05080003477633, 23.273800034075975, 21.96789998561144, 22.220600047148764, 22.43780007120222, 22.192299948073924, 22.10570010356605, 22.470299969427288, 22.22130005247891, 23.054699995554984, 22.07449998240918, 22.40319992415607, 22.27309998124838, 22.722900030203164, 22.260199999436736, 22.12759992107749, 22.860800032503903, 22.32920005917549, 21.880700020119548, 23.35340005811304, 22.167399991303682, 22.4449000088498, 22.57199992891401, 22.547599975951016, 22.31719996780157, 22.174200043082237, 22.96199998818338, 22.74119993671775, 23.976100026629865, 22.41209999192506, 22.297200048342347, 22.259099991060793, 22.050200030207634, 22.68030005507171, 22.266000043600798, 23.191099986433983, 21.977100055664778, 22.532100090757012, 22.05080003477633, 23.225999902933836, 22.26690005045384, 22.38570002373308, 23.11770000960678, 22.310699918307364, 22.242599981836975, 22.461899905465543, 22.228799993172288, 22.126999916508794, 22.50700001604855, 22.49359991401434, 22.45229994878173, 22.495000041089952, 22.14110002387315, 22.103399969637394, 22.312099928967655, 21.955600008368492, 22.657800000160933, 22.60599995497614, 22.161100059747696, 22.611499996855855, 22.43140002246946, 22.362799965776503, 22.31859997846186, 22.11869996972382, 22.200900013558567, 22.346100071445107, 22.18379999976605, 20.60469996649772, 22.18829991761595, 22.954300045967102, 21.149400039575994, 20.823400001972914, 21.188699989579618, 20.443799905478954, 22.872500005178154, 20.755399949848652, 20.24169999640435, 21.891799988225102, 21.264399983920157, 21.448199986480176, 21.52489998843521, 20.637799985706806, 21.824500057846308, 21.13810006994754, 21.920899976976216, 22.757799946703017, 20.396700012497604, 21.984499995596707, 21.501699928194284, 20.757499965839088, 21.820599911734462, 21.605400019325316, 20.149700110778213, 20.876200054772198, 20.14680008869618, 21.02830004878342, 22.246600012294948, 21.38229995034635, 21.74110000487417, 21.11719991080463, 20.558999967761338, 22.154800011776388, 20.445200032554567, 21.130200009793043, 21.451300010085106, 21.264699986204505, 20.962299895472825, 21.60189999267459, 20.360599970445037, 21.13370003644377, 20.178599981591105, 20.01080010086298, 20.483999978750944, 22.521200007759035, 20.406499970704317, 20.51000006031245, 22.33509998768568, 21.36960008647293, 20.007400074973702, 21.524199983105063, 20.571499946527183, 22.318499977700412, 21.23429998755455, 20.37650009151548, 21.110600093379617, 22.22560008522123, 19.97809996828437, 21.11590001732111, 23.0018999427557, 22.884499980136752, 23.10430002398789, 23.42270000372082, 20.874700043350458, 20.174700068309903, 20.439800107851624, 20.87450004182756, 21.150600048713386, 22.107900003902614, 21.316400030627847, 20.402600057423115, 21.098500001244247, 21.900700055994093, 21.242200047709048, 22.45110005605966, 20.279600052163005, 20.66089992877096, 21.17490000091493, 20.180099993012846, 20.86859999690205, 22.473399993032217, 20.322399912402034, 21.345100016333163, 20.39419999346137, 21.34560002014041, 21.665599895641208, 20.725599955767393, 22.030699998140335, 20.944299991242588, 20.572800072841346, 20.40170005057007, 21.58089994918555, 20.506099914200604, 20.67590004298836, 21.737199975177646, 20.764200016856194, 20.51579998806119, 21.51130000129342, 22.16779999434948, 22.20170001965016, 23.290299926884472, 22.219000034965575, 21.664900006726384, 21.58109995070845, 22.84660004079342, 22.332999971695244, 22.231900016777217, 22.423399961553514, 22.300399956293404, 22.31709996704012, 21.683900034986436, 22.37230003811419, 22.545899963006377, 22.12330000475049, 22.089899983257055, 22.23770006094128, 22.832600050605834, 22.772800060920417, 22.215500008314848, 22.129200049676, 22.54410006571561, 23.003000067546964, 22.644600016064942, 22.05819997470826, 22.16159994713962, 22.713799960911274, 21.85969997663051, 22.59569999296218, 22.14430004823953, 22.9234000435099, 22.47709990479052, 22.51459995750338, 21.882400033064187, 22.618700051680207, 22.1410000231117, 21.924200002104044, 22.472399985417724, 22.171200020238757, 21.947999950498343, 22.673500003293157, 22.307800012640655, 22.42399996612221, 23.255800013430417, 22.13940001092851, 22.340800031088293, 21.818400011397898, 22.925899946130812, 21.89789991825819, 22.425099974498153, 22.295700036920607, 22.239900077693164, 23.33370002452284, 22.337500005960464, 22.160000051371753, 22.326100035570562, 22.20200002193451, 22.435000049881637, 22.05860009416938, 22.20180002041161, 22.854199982248247, 23.081800085492432, 22.318299976177514, 22.36489998176694, 22.74399995803833, 22.74980000220239, 22.65539998188615, 22.186300018802285, 22.16950000729412]}
NPU_TIMELINE "\n-----------------------------\n[003d:00:01.1] : NPU Phoenix\n-----------------------------\nAIE Partitions\n  Total Memory Usage: 117 MB\n  Partition Index   : 0\n    Columns: [1, 2, 3, 4]\n    HW Contexts:\n      |PID                 |Ctx ID     |Submissions |Migrations  |Err  |Priority |\n      |Process Name        |Status     |Completions |Suspensions |     |GOPS     |\n      |Memory Usage        |Instr BO   |            |            |     |FPS      |\n      |                    |           |            |            |     |Latency  |\n      |====================|===========|============|============|=====|=========|\n      |53752               |255        |1650        |0           |0    |Normal   |\n      |python.exe          |Active     |1650        |0           |     |28       |\n      |117 MB              |4128 KB    |            |            |     |N/A      |\n      |                    |           |            |            |     |N/A      |\n      |--------------------|-----------|------------|------------|-----|---------|\n"
NPU_OWNERSHIP {"context_pids": [53752], "owned_pids": [53752, 60096], "foreign_pids": []}
BENCHMARK_OUTPUT {"image": "data/bisenetv2_val/000000032570.jpg", "oracle": {"exact": false, "close": false, "max_abs": 1.296875, "mean_abs": 0.27305070977461965}}
POST_NPU_CONTEXT_WITNESS "\n-----------------------------\n[003d:00:01.1] : NPU Phoenix\n-----------------------------\nAIE Partitions\n  No hardware contexts running on device\n\n"
RESEARCH_PROCESS_RESULT {"exit_code": 0, "stop": null, "peak_tree_rss_bytes": 441348096, "rss_measurement": "maximum observed across sampled descendant working sets; zero observations reported as null", "elapsed_seconds": 13.265999999945052, "foreign_contention_observed": false, "timing_eligible": true}
