RESEARCH_PLATFORM {"machine": "Desktop 2", "cpu": "AMD Ryzen 7 8700G w/ Radeon 780M Graphics", "os": "Windows-11-10.0.26200-SP0", "ram_bytes": 33381138432, "source_sha256": {"tools/research_process.py": "1e356a0b7bd37e6185fe91f4e5e40586bf3b02af144a86318905d6ac6a205e2d", "tools/quant_calib_alphabet.py": "2dc0b2878c564853f340880209a425dfcf63b8536b2b8e9fd32344daade58d37", "tools/xint8_arithmetic_probe.py": "6aa3df08b9870c3c2264b868459d7ffbac3070dddc1349d7c6f3f480075f7041", "scripts/research-lowlevel.sh": "3455ad7933697936487712665505c216891865c6deada647302785f6e37020bd", "scripts/research-iron.sh": "4c863a262646ddab39b5005006ba8e03809895e6386c6310e2fd9d0a9e9609ee", "kernels/memory_placement/probe.py": "e8d990169ad6091fa1b53852e9f61eff495b5def72d35165a5c5cf1759e38898", "kernels/memory_placement/memory_kernels.cc": "182e7af7071a1e851afb4a7ca266069c489aea1fbaaa85eca129708daeba5ba6", "scripts/research-matrix.sh": "739254171629deae822b0ad7dabc875aee19ace56dde77d3e8aab61663f97516", "kernels/memory_placement/gemm.py": "17c905ad66110d3346bbf0db898dfc6b780df59fae1dfb0c1747057ce1e5844e", "kernels/memory_placement/gemm_placement.cc": "f21acf7250b12914ea30cc1f77613239dfa18421a85a1b9a5199017dd916278a", "tools/research_summary.py": "0c00dcceef07053d06731b41a1f1ed58d3ba4ea09f82497de354ce9cef17da20", "tools/research_toolchain.py": "f0a126a24ae213acfaa43460cfd9def0c86d9cb70cfee0228aa271688467b314"}, "commit": "7c9efd5f0d35f23a5ce6d476900660600ab4f10c", "command": ["python", "benchmarks/dense_compare.py", "bench", "--family", "bisenetv2", "--pins", "results/dense/bisenetv2_pins_opt_20260919.json", "--artifacts", "build/dense_validation/final_20260919", "--backend", "amd", "--container", "build/bisenetv2_dense_opt.ignite"], "seconds_limit": 1200.0, "rss_gib_limit": 10.0, "checks_only": false, "free_ram_bytes": 18039296000}
HOST_LOAD busy_cores=0.49 logical_cores=16 free_ram_gb=16.8 sample_sec=1
HOST_LOAD_PEER 0.03 node:40232 build-tool C:\Users\<user>\AppData\Local\qwen-code\qwen-code\node\node.exe --expose-gc C:\Users\<user>\AppData\Local\qwen-code\qwen-code\lib\cli.js
HOST_LOAD_PEER 0.02 node:41704 build-tool C:\Users\<user>\AppData\Local\qwen-code\qwen-code\node\node.exe --expose-gc C:\Users\<user>\AppData\Local\qwen-code\qwen-code\lib\cli.js
HOST_LOAD_TOP 0.14 Code:48276 ws_mb=474
HOST_LOAD_TOP 0.12 Code:50676 ws_mb=566
HOST_LOAD_TOP 0.05 <tool>:9440 ws_mb=216
HOST_LOAD_TOP 0.03 powershell:41332 ws_mb=82
HOST_LOAD_TOP 0.03 node:40232 ws_mb=230
HOST_LOAD_VERDICT PEER

HOST_LOAD busy_cores=0.24 logical_cores=16 free_ram_gb=16.8 sample_sec=1
HOST_LOAD_TOP 0.06 powershell:60348 ws_mb=82
HOST_LOAD_TOP 0.06 Code:48276 ws_mb=474
HOST_LOAD_TOP 0.03 Code:50676 ws_mb=556
HOST_LOAD_TOP 0.03 AMDInstallManager:4412 ws_mb=11
HOST_LOAD_TOP 0.02 pycharm64:44260 ws_mb=1749
HOST_LOAD_VERDICT CLEAR

PRE_NPU_CONTEXT_WITNESS "\n-----------------------------\n[003d:00:01.1] : NPU Phoenix\n-----------------------------\nAIE Partitions\n  No hardware contexts running on device\n\n"
IDENTITY {"family": "bisenetv2", "pins_sha256": "03f3e04f7dae182d3ff229ba1653a38ba05f483301aa6a2098dd7011159c4c89", "model_sha256": "5206b31103fb80f812b837c9402b4dbaf8f098f0df2c06bc96b18398644aab8e", "numpy": "1.26.4", "ort": "1.23.3.dev20260320", "images": 50, "full_set": true, "source_sha256": {"benchmarks/dense_compare.py": "4d5cea291294fac4506c1326f86d6f46ebc696f82324e6576892906d70e01bc1", "src/ignite_xdna/compiler/dense_regions.py": "a671db56b5016a6543ec79c7f0ba4c1a249743e54568c303b60518166063b1ae", "src/ignite_xdna/compiler/graph_ir.py": "541e609395cf2e907d80d4a94e72c6a86285d551b16a5effcbb96a56c56b2b31", "src/ignite_xdna/compiler/engine_schedule.py": "3a91bb06c127462159224e08b0b1473c3d995cde4f3da29a782d4f755ba57118", "src/ignite_xdna/compiler/engine_compile.py": "156d55881fcafb9824a8d5fd74717f0df64512dfd3900c3fae4037e7eae521e2", "src/ignite_xdna/runtime/graph_session.py": "e1335733b5406df04dadb118848f409737d8268037b1ff2979aebf1a8918b9e4", "src/ignite_xdna/runtime/dense_session.py": "d5d5dc14910b1f56734a788e9c4c723162a67f81deaee8d5a394b649d271dd4b", "Ignition/src/ignition/pipelines/dense.py": "7474a5d9aec11893ee12c54f12d85e64036c198abe961b145da590aebf1416b1", "Ignition/src/ignition/pipelines/vision.py": "26521f87a9874a12c993362b2c39590c6b255ef94148155d6a9948ef3258a133", "Ignition/src/ignition/live.py": "e784ec75f686bf7b1f4b94c1ff8eca7cdbbb534977a413908f4bc5c6da1fce50"}}
RYZEN_AI_INSTALLATION_PATH = C:\Program Files\RyzenAI\1.7.1
xclbin: C:\Program Files\RyzenAI\1.7.1\voe-4.0-win_amd64\xclbins\phoenix\4x4.xclbin
onnxruntime 1.23.3.dev20260320  providers: ['VitisAIExecutionProvider', 'DmlExecutionProvider', 'CPUExecutionProvider']
cache:  C:\Users\<user>\PycharmProjects\ignite-xdna\bisenetv2cachekey
First run compiles the model. It takes a while and looks frozen. It isn't.
2026-09-19 15:07:34.3104520 [I:onnxruntime:, inference_session.cc:606 onnxruntime::InferenceSession::TraceSessionOptions] Session Options {  execution_mode:0 execution_order:DEFAULT enable_profiling:0 optimized_model_filepath: enable_mem_pattern:1 enable_mem_reuse:1 enable_cpu_mem_arena:1 profile_file_prefix:onnxruntime_profile_ session_logid: session_log_severity_level:1 session_log_verbosity_level:0 max_num_graph_transformation_steps:10 graph_optimization_level:4 intra_op_param:OrtThreadPoolParams { thread_pool_size: 0 auto_set_affinity: 0 allow_spinning: 1 dynamic_block_base_: 0 stack_size: 0 affinity_str:  set_denormal_as_zero: 0 } inter_op_param:OrtThreadPoolParams { thread_pool_size: 0 auto_set_affinity: 0 allow_spinning: 1 dynamic_block_base_: 0 stack_size: 0 affinity_str:  set_denormal_as_zero: 0 } use_per_session_threads:1 thread_pool_allow_spinning:1 use_deterministic_compute:0 ep_selection_policy:0 config_options: {  } }
2026-09-19 15:07:34.3110116 [I:onnxruntime:, inference_session.cc:422 onnxruntime::InferenceSession::ConstructorCommon] Creating and using per session threadpools since use_per_session_threads_ is true
2026-09-19 15:07:34.3111271 [I:onnxruntime:, inference_session.cc:446 onnxruntime::InferenceSession::ConstructorCommon] Dynamic block base set to 0
2026-09-19 15:07:34.4258934 [I:onnxruntime:, inference_session.cc:2042 onnxruntime::InferenceSession::Initialize] Initializing session.
2026-09-19 15:07:34.4260718 [I:onnxruntime:, inference_session.cc:2080 onnxruntime::InferenceSession::Initialize] Adding default CPU execution provider.
2026-09-19 15:07:34.4263202 [I:onnxruntime:, graph_partitioner.cc:1209 onnxruntime::GraphPartitioner::InlineFunctionsAOT] This model does not have any local functions defined. AOT Inlining is not performed
2026-09-19 15:07:34.4268338 [I:onnxruntime:, graph_transformer.cc:15 onnxruntime::GraphTransformer::Apply] GraphTransformer EnsureUniqueDQForNodeUnit modified: 1 with status: OK
2026-09-19 15:07:34.4298334 [I:onnxruntime:, graph_transformer.cc:15 onnxruntime::GraphTransformer::Apply] GraphTransformer Level1_RuleBasedTransformer modified: 1 with status: OK
2026-09-19 15:07:34.4323123 [I:onnxruntime:, graph.cc:4888 onnxruntime::Graph::CleanUnusedInitializersAndNodeArgs] Removing initializer '/segment/S5_5/ReduceMean_output_0_Scale'. It is no longer used by any node.
2026-09-19 15:07:34.4327874 [I:onnxruntime:, graph_transformer.cc:15 onnxruntime::GraphTransformer::Apply] GraphTransformer DoubleQDQPairsRemover modified: 0 with status: OK
2026-09-19 15:07:34.4337904 [I:onnxruntime:, constant_sharing.cc:248 onnxruntime::ConstantSharing::ApplyImpl] Total shared scalar initializer count: 175
2026-09-19 15:07:34.4339144 [I:onnxruntime:, graph_transformer.cc:15 onnxruntime::GraphTransformer::Apply] GraphTransformer ConstantSharing modified: 1 with status: OK
2026-09-19 15:07:34.4366563 [I:onnxruntime:, graph_transformer.cc:15 onnxruntime::GraphTransformer::Apply] GraphTransformer CommonSubexpressionElimination modified: 0 with status: OK
2026-09-19 15:07:34.4369925 [I:onnxruntime:, graph_transformer.cc:15 onnxruntime::GraphTransformer::Apply] GraphTransformer ConstantFolding modified: 0 with status: OK
2026-09-19 15:07:34.4371908 [I:onnxruntime:, graph_transformer.cc:15 onnxruntime::GraphTransformer::Apply] GraphTransformer MatMulAddFusion modified: 0 with status: OK
2026-09-19 15:07:34.4373720 [I:onnxruntime:, graph_transformer.cc:15 onnxruntime::GraphTransformer::Apply] GraphTransformer ReshapeFusion modified: 0 with status: OK
2026-09-19 15:07:34.4374920 [I:onnxruntime:, graph_transformer.cc:15 onnxruntime::GraphTransformer::Apply] GraphTransformer FreeDimensionOverrideTransformer modified: 0 with status: OK
2026-09-19 15:07:34.4376302 [I:onnxruntime:, graph_transformer.cc:15 onnxruntime::GraphTransformer::Apply] GraphTransformer GeluFusionL1 modified: 0 with status: OK
2026-09-19 15:07:34.4378199 [I:onnxruntime:, graph_transformer.cc:15 onnxruntime::GraphTransformer::Apply] GraphTransformer LayerNormFusionL1 modified: 0 with status: OK
2026-09-19 15:07:34.4381685 [I:onnxruntime:, graph_transformer.cc:15 onnxruntime::GraphTransformer::Apply] GraphTransformer QDQPropagationTransformer modified: 0 with status: OK
2026-09-19 15:07:34.4383938 [I:onnxruntime:, graph_transformer.cc:15 onnxruntime::GraphTransformer::Apply] GraphTransformer WeightBiasQuantization modified: 0 with status: OK
2026-09-19 15:07:34.4386107 [I:onnxruntime:, graph_transformer.cc:15 onnxruntime::GraphTransformer::Apply] GraphTransformer EnsureUniqueDQForNodeUnit modified: 0 with status: OK
2026-09-19 15:07:34.4387964 [I:onnxruntime:, graph_transformer.cc:15 onnxruntime::GraphTransformer::Apply] GraphTransformer RocmBlasAltImpl modified: 0 with status: OK
2026-09-19 15:07:34.4394227 [I:onnxruntime:, graph_transformer.cc:15 onnxruntime::GraphTransformer::Apply] GraphTransformer TransposeOptimizer modified: 0 with status: OK
2026-09-19 15:07:34.4396272 [I:onnxruntime:, graph_transformer.cc:15 onnxruntime::GraphTransformer::Apply] GraphTransformer Level1_RuleBasedTransformer modified: 0 with status: OK
2026-09-19 15:07:34.4399581 [I:onnxruntime:, graph_transformer.cc:15 onnxruntime::GraphTransformer::Apply] GraphTransformer DoubleQDQPairsRemover modified: 0 with status: OK
2026-09-19 15:07:34.4404955 [I:onnxruntime:, graph_transformer.cc:15 onnxruntime::GraphTransformer::Apply] GraphTransformer CommonSubexpressionElimination modified: 0 with status: OK
2026-09-19 15:07:34.4487247 [I:onnxruntime:, graph_transformer.cc:15 onnxruntime::GraphTransformer::Apply] GraphTransformer ConstantFolding modified: 0 with status: OK
2026-09-19 15:07:34.4489991 [I:onnxruntime:, graph_transformer.cc:15 onnxruntime::GraphTransformer::Apply] GraphTransformer MatMulAddFusion modified: 0 with status: OK
2026-09-19 15:07:34.4492690 [I:onnxruntime:, graph_transformer.cc:15 onnxruntime::GraphTransformer::Apply] GraphTransformer ReshapeFusion modified: 0 with status: OK
2026-09-19 15:07:34.4494282 [I:onnxruntime:, graph_transformer.cc:15 onnxruntime::GraphTransformer::Apply] GraphTransformer FreeDimensionOverrideTransformer modified: 0 with status: OK
2026-09-19 15:07:34.4495967 [I:onnxruntime:, graph_transformer.cc:15 onnxruntime::GraphTransformer::Apply] GraphTransformer GeluFusionL1 modified: 0 with status: OK
2026-09-19 15:07:34.4498622 [I:onnxruntime:, graph_transformer.cc:15 onnxruntime::GraphTransformer::Apply] GraphTransformer LayerNormFusionL1 modified: 0 with status: OK
2026-09-19 15:07:34.4501950 [I:onnxruntime:, graph_transformer.cc:15 onnxruntime::GraphTransformer::Apply] GraphTransformer QDQPropagationTransformer modified: 0 with status: OK
2026-09-19 15:07:34.4504138 [I:onnxruntime:, graph_transformer.cc:15 onnxruntime::GraphTransformer::Apply] GraphTransformer WeightBiasQuantization modified: 0 with status: OK
2026-09-19 15:07:34.4506086 [I:onnxruntime:, graph_transformer.cc:15 onnxruntime::GraphTransformer::Apply] GraphTransformer EnsureUniqueDQForNodeUnit modified: 0 with status: OK
2026-09-19 15:07:34.4507715 [I:onnxruntime:, graph_transformer.cc:15 onnxruntime::GraphTransformer::Apply] GraphTransformer RocmBlasAltImpl modified: 0 with status: OK
2026-09-19 15:07:34.5163346 [I:onnxruntime:, graph.cc:4888 onnxruntime::Graph::CleanUnusedInitializersAndNodeArgs] Removing initializer 'onnx::Conv_645_scale'. It is no longer used by any node.
2026-09-19 15:07:34.5164769 [I:onnxruntime:, graph.cc:4888 onnxruntime::Graph::CleanUnusedInitializersAndNodeArgs] Removing initializer 'onnx::Conv_512_zero_point'. It is no longer used by any node.
2026-09-19 15:07:34.5165944 [I:onnxruntime:, graph.cc:4888 onnxruntime::Graph::CleanUnusedInitializersAndNodeArgs] Removing initializer 'onnx::Conv_666_quantized'. It is no longer used by any node.
2026-09-19 15:07:34.5167405 [I:onnxruntime:, graph.cc:4888 onnxruntime::Graph::CleanUnusedInitializersAndNodeArgs] Removing initializer '/detail/S2/S2.0/relu/Relu_output_0_scale'. It is no longer used by any node.
2026-09-19 15:07:34.5168759 [I:onnxruntime:, graph.cc:4888 onnxruntime::Graph::CleanUnusedInitializersAndNodeArgs] Removing initializer '/bga/Sigmoid_output_0_Scale'. It is no longer used by any node.
2026-09-19 15:07:34.5169931 [I:onnxruntime:, graph.cc:4888 onnxruntime::Graph::CleanUnusedInitializersAndNodeArgs] Removing initializer '/bga/up1/Constant_output_0'. It is no longer used by any node.
2026-09-19 15:07:34.5171119 [I:onnxruntime:, graph.cc:4888 onnxruntime::Graph::CleanUnusedInitializersAndNodeArgs] Removing initializer 'onnx::Conv_518_quantized'. It is no longer used by any node.
2026-09-19 15:07:34.5172287 [I:onnxruntime:, graph.cc:4888 onnxruntime::Graph::CleanUnusedInitializersAndNodeArgs] Removing initializer '/head/up/Constant_output_0'. It is no longer used by any node.
2026-09-19 15:07:34.5173388 [I:onnxruntime:, graph.cc:4888 onnxruntime::Graph::CleanUnusedInitializersAndNodeArgs] Removing initializer 'onnx::Conv_542_quantized'. It is no longer used by any node.
2026-09-19 15:07:34.5174509 [I:onnxruntime:, graph.cc:4888 onnxruntime::Graph::CleanUnusedInitializersAndNodeArgs] Removing initializer 'onnx::Conv_522_zero_point'. It is no longer used by any node.
2026-09-19 15:07:34.5175661 [I:onnxruntime:, graph.cc:4888 onnxruntime::Graph::CleanUnusedInitializersAndNodeArgs] Removing initializer 'bga.left1.2.weight_quantized'. It is no longer used by any node.
2026-09-19 15:07:34.5176986 [I:onnxruntime:, graph.cc:4888 onnxruntime::Graph::CleanUnusedInitializersAndNodeArgs] Removing initializer 'onnx::Conv_554_zero_point'. It is no longer used by any node.
2026-09-19 15:07:34.5178148 [I:onnxruntime:, graph.cc:4888 onnxruntime::Graph::CleanUnusedInitializersAndNodeArgs] Removing initializer '/segment/S1S2/left/left.0/relu/Relu_output_0_scale'. It is no longer used by any node.
2026-09-19 15:07:34.5179478 [I:onnxruntime:, graph.cc:4888 onnxruntime::Graph::CleanUnusedInitializersAndNodeArgs] Removing initializer 'onnx::Conv_512_quantized'. It is no longer used by any node.
2026-09-19 15:07:34.5180704 [I:onnxruntime:, graph.cc:4888 onnxruntime::Graph::CleanUnusedInitializersAndNodeArgs] Removing initializer 'onnx::Conv_513_zero_point'. It is no longer used by any node.
2026-09-19 15:07:34.5182279 [I:onnxruntime:, graph.cc:4888 onnxruntime::Graph::CleanUnusedInitializersAndNodeArgs] Removing initializer 'onnx::Conv_581_scale'. It is no longer used by any node.
2026-09-19 15:07:34.5183350 [I:onnxruntime:, graph.cc:4888 onnxruntime::Graph::CleanUnusedInitializersAndNodeArgs] Removing initializer 'onnx::Conv_513_quantized'. It is no longer used by any node.
2026-09-19 15:07:34.5184381 [I:onnxruntime:, graph.cc:4888 onnxruntime::Graph::CleanUnusedInitializersAndNodeArgs] Removing initializer 'onnx::Conv_515_zero_point'. It is no longer used by any node.
2026-09-19 15:07:34.5185426 [I:onnxruntime:, graph.cc:4888 onnxruntime::Graph::CleanUnusedInitializersAndNodeArgs] Removing initializer '/segment/S3/S3.0/shortcut/shortcut.0/Conv_output_0_scale'. It is no longer used by any node.
2026-09-19 15:07:34.5186885 [I:onnxruntime:, graph.cc:4888 onnxruntime::Graph::CleanUnusedInitializersAndNodeArgs] Removing initializer '/bga/Mul_output_0_scale'. It is no longer used by any node.
2026-09-19 15:07:34.5187890 [I:onnxruntime:, graph.cc:4888 onnxruntime::Graph::CleanUnusedInitializersAndNodeArgs] Removing initializer '/segment/S3/S3.0/shortcut/shortcut.0/Conv_output_0_zero_point'. It is no longer used by any node.
2026-09-19 15:07:34.5448259 [I:onnxruntime:, graph.cc:4888 onnxruntime::Graph::CleanUnusedInitializersAndNodeArgs] Removing initializer 'onnx::Conv_536_zero_point'. It is no longer used by any node.
2026-09-19 15:07:34.5459638 [I:onnxruntime:, graph.cc:4888 onnxruntime::Graph::CleanUnusedInitializersAndNodeArgs] Removing initializer 'onnx::Conv_536_quantized'. It is no longer used by any node.
2026-09-19 15:07:34.5461112 [I:onnxruntime:, graph.cc:4888 onnxruntime::Graph::CleanUnusedInitializersAndNodeArgs] Removing initializer 'bga.right2.2.weight_scale'. It is no longer used by any node.
2026-09-19 15:07:34.5462251 [I:onnxruntime:, graph.cc:4888 onnxruntime::Graph::CleanUnusedInitializersAndNodeArgs] Removing initializer '/segment/S4/S4.0/relu/Relu_output_0_zero_point'. It is no longer used by any node.
2026-09-19 15:07:34.5464363 [I:onnxruntime:, graph.cc:4888 onnxruntime::Graph::CleanUnusedInitializersAndNodeArgs] Removing initializer 'onnx::Conv_537_zero_point'. It is no longer used by any node.
2026-09-19 15:07:34.5465530 [I:onnxruntime:, graph.cc:4888 onnxruntime::Graph::CleanUnusedInitializersAndNodeArgs] Removing initializer 'onnx::Conv_515_quantized'. It is no longer used by any node.
2026-09-19 15:07:34.5466686 [I:onnxruntime:, graph.cc:4888 onnxruntime::Graph::CleanUnusedInitializersAndNodeArgs] Removing initializer 'onnx::Conv_537_quantized'. It is no longer used by any node.
2026-09-19 15:07:34.5468476 [I:onnxruntime:, graph.cc:4888 onnxruntime::Graph::CleanUnusedInitializersAndNodeArgs] Removing initializer 'onnx::Conv_665_zero_point'. It is no longer used by any node.
2026-09-19 15:07:34.5470058 [I:onnxruntime:, graph.cc:4888 onnxruntime::Graph::CleanUnusedInitializersAndNodeArgs] Removing initializer '/detail/S1/S1.0/relu/Relu_output_0_zero_point'. It is no longer used by any node.
2026-09-19 15:07:34.5471630 [I:onnxruntime:, graph.cc:4888 onnxruntime::Graph::CleanUnusedInitializersAndNodeArgs] Removing initializer 'onnx::Conv_518_zero_point'. It is no longer used by any node.
2026-09-19 15:07:34.5474437 [I:onnxruntime:, graph.cc:4888 onnxruntime::Graph::CleanUnusedInitializersAndNodeArgs] Removing initializer 'onnx::Conv_558_zero_point'. It is no longer used by any node.
2026-09-19 15:07:34.5475719 [I:onnxruntime:, graph.cc:4888 onnxruntime::Graph::CleanUnusedInitializersAndNodeArgs] Removing initializer '/segment/S1S2/conv/relu/Relu_output_0_zero_point'. It is no longer used by any node.
2026-09-19 15:07:34.5477266 [I:onnxruntime:, graph.cc:4888 onnxruntime::Graph::CleanUnusedInitializersAndNodeArgs] Removing initializer 'onnx::Conv_578_zero_point'. It is no longer used by any node.
2026-09-19 15:07:34.5479340 [I:onnxruntime:, graph.cc:4888 onnxruntime::Graph::CleanUnusedInitializersAndNodeArgs] Removing initializer 'onnx::Conv_653_quantized'. It is no longer used by any node.
2026-09-19 15:07:34.5481609 [I:onnxruntime:, graph.cc:4888 onnxruntime::Graph::CleanUnusedInitializersAndNodeArgs] Removing initializer 'onnx::Conv_621_zero_point'. It is no longer used by any node.
2026-09-19 15:07:34.5482829 [I:onnxruntime:, graph.cc:4888 onnxruntime::Graph::CleanUnusedInitializersAndNodeArgs] Removing initializer 'onnx::Conv_566_quantized'. It is no longer used by any node.
2026-09-19 15:07:34.5484132 [I:onnxruntime:, graph.cc:4888 onnxruntime::Graph::CleanUnusedInitializersAndNodeArgs] Removing initializer 'onnx::Conv_539_zero_point'. It is no longer used by any node.
2026-09-19 15:07:34.5485390 [I:onnxruntime:, graph.cc:4888 onnxruntime::Graph::CleanUnusedInitializersAndNodeArgs] Removing initializer '/detail/S2/S2.1/relu/Relu_output_0_zero_point'. It is no longer used by any node.
2026-09-19 15:07:34.5488402 [I:onnxruntime:, graph.cc:4888 onnxruntime::Graph::CleanUnusedInitializersAndNodeArgs] Removing initializer 'onnx::Conv_543_quantized'. It is no longer used by any node.
2026-09-19 15:07:34.5489709 [I:onnxruntime:, graph.cc:4888 onnxruntime::Graph::CleanUnusedInitializersAndNodeArgs] Removing initializer 'onnx::Conv_567_zero_point'. It is no longer used by any node.
2026-09-19 15:07:34.5816625 [I:onnxruntime:, graph.cc:4888 onnxruntime::Graph::CleanUnusedInitializersAndNodeArgs] Removing initializer 'onnx::Conv_516_zero_point'. It is no longer used by any node.
2026-09-19 15:07:34.5817983 [I:onnxruntime:, graph.cc:4888 onnxruntime::Graph::CleanUnusedInitializersAndNodeArgs] Removing initializer '/segment/S5_4/S5_4.3/relu/Relu_output_0_zero_point'. It is no longer used by any node.
2026-09-19 15:07:34.5819424 [I:onnxruntime:, graph.cc:4888 onnxruntime::Graph::CleanUnusedInitializersAndNodeArgs] Removing initializer '/segment/S1S2/Concat_output_0_zero_point'. It is no longer used by any node.
2026-09-19 15:07:34.5820641 [I:onnxruntime:, graph.cc:4888 onnxruntime::Graph::CleanUnusedInitializersAndNodeArgs] Removing initializer 'onnx::Conv_543_zero_point'. It is no longer used by any node.
2026-09-19 15:07:34.5821836 [I:onnxruntime:, graph.cc:4888 onnxruntime::Graph::CleanUnusedInitializersAndNodeArgs] Removing initializer 'onnx::Conv_617_zero_point'. It is no longer used by any node.
2026-09-19 15:07:34.5823054 [I:onnxruntime:, graph.cc:4888 onnxruntime::Graph::CleanUnusedInitializersAndNodeArgs] Removing initializer 'onnx::Conv_516_quantized'. It is no longer used by any node.
2026-09-19 15:07:34.5824247 [I:onnxruntime:, graph.cc:4888 onnxruntime::Graph::CleanUnusedInitializersAndNodeArgs] Removing initializer 'onnx::Conv_540_zero_point'. It is no longer used by any node.
2026-09-19 15:07:34.5825397 [I:onnxruntime:, graph.cc:4888 onnxruntime::Graph::CleanUnusedInitializersAndNodeArgs] Removing initializer 'onnx::Conv_602_scale'. It is no longer used by any node.
2026-09-19 15:07:34.5826521 [I:onnxruntime:, graph.cc:4888 onnxruntime::Graph::CleanUnusedInitializersAndNodeArgs] Removing initializer 'onnx::Conv_539_quantized'. It is no longer used by any node.
2026-09-19 15:07:34.5827634 [I:onnxruntime:, graph.cc:4888 onnxruntime::Graph::CleanUnusedInitializersAndNodeArgs] Removing initializer '/segment/S1S2/left/left.0/relu/Relu_output_0_zero_point'. It is no longer used by any node.
2026-09-19 15:07:34.5828975 [I:onnxruntime:, graph.cc:4888 onnxruntime::Graph::CleanUnusedInitializersAndNodeArgs] Removing initializer 'onnx::Conv_540_quantized'. It is no longer used by any node.
2026-09-19 15:07:34.5830104 [I:onnxruntime:, graph.cc:4888 onnxruntime::Graph::CleanUnusedInitializersAndNodeArgs] Removing initializer '/segment/S5_5/conv_last/relu/Relu_output_0_zero_point'. It is no longer used by any node.
2026-09-19 15:07:34.5831417 [I:onnxruntime:, graph.cc:4888 onnxruntime::Graph::CleanUnusedInitializersAndNodeArgs] Removing initializer '/detail/S1/S1.1/relu/Relu_output_0_zero_point'. It is no longer used by any node.
2026-09-19 15:07:34.5832605 [I:onnxruntime:, graph.cc:4888 onnxruntime::Graph::CleanUnusedInitializersAndNodeArgs] Removing initializer '/segment/S4/S4.1/conv2/conv2.0/Conv_output_0_zero_point'. It is no longer used by any node.
2026-09-19 15:07:34.5833831 [I:onnxruntime:, graph.cc:4888 onnxruntime::Graph::CleanUnusedInitializersAndNodeArgs] Removing initializer 'onnx::Conv_519_zero_point'. It is no longer used by any node.
2026-09-19 15:07:34.5834934 [I:onnxruntime:, graph.cc:4888 onnxruntime::Graph::CleanUnusedInitializersAndNodeArgs] Removing initializer 'onnx::Conv_519_quantized'. It is no longer used by any node.
2026-09-19 15:07:34.5836089 [I:onnxruntime:, graph.cc:4888 onnxruntime::Graph::CleanUnusedInitializersAndNodeArgs] Removing initializer '/detail/S2/S2.0/relu/Relu_output_0_zero_point'. It is no longer used by any node.
2026-09-19 15:07:34.5837798 [I:onnxruntime:, graph.cc:4888 onnxruntime::Graph::CleanUnusedInitializersAndNodeArgs] Removing initializer 'onnx::Conv_573_quantized'. It is no longer used by any node.
2026-09-19 15:07:34.5838835 [I:onnxruntime:, graph.cc:4888 onnxruntime::Graph::CleanUnusedInitializersAndNodeArgs] Removing initializer 'onnx::Conv_542_zero_point'. It is no longer used by any node.
2026-09-19 15:07:34.6156496 [I:onnxruntime:, graph.cc:4888 onnxruntime::Graph::CleanUnusedInitializersAndNodeArgs] Removing initializer '/segment/S1S2/left/left.1/relu/Relu_output_0_zero_point'. It is no longer used by any node.
2026-09-19 15:07:34.6160103 [I:onnxruntime:, graph.cc:4888 onnxruntime::Graph::CleanUnusedInitializersAndNodeArgs] Removing initializer 'onnx::Conv_551_zero_point'. It is no longer used by any node.
2026-09-19 15:07:34.6162257 [I:onnxruntime:, graph.cc:4888 onnxruntime::Graph::CleanUnusedInitializersAndNodeArgs] Removing initializer 'onnx::Conv_615_quantized'. It is no longer used by any node.
2026-09-19 15:07:34.6165035 [I:onnxruntime:, graph.cc:4888 onnxruntime::Graph::CleanUnusedInitializersAndNodeArgs] Removing initializer 'onnx::Conv_521_zero_point'. It is no longer used by any node.
2026-09-19 15:07:34.6167203 [I:onnxruntime:, graph.cc:4888 onnxruntime::Graph::CleanUnusedInitializersAndNodeArgs] Removing initializer 'onnx::Conv_521_quantized'. It is no longer used by any node.
2026-09-19 15:07:34.6170221 [I:onnxruntime:, graph.cc:4888 onnxruntime::Graph::CleanUnusedInitializersAndNodeArgs] Removing initializer 'onnx::Conv_522_quantized'. It is no longer used by any node.
2026-09-19 15:07:34.6171492 [I:onnxruntime:, graph.cc:4888 onnxruntime::Graph::CleanUnusedInitializersAndNodeArgs] Removing initializer 'onnx::Conv_545_zero_point'. It is no longer used by any node.
2026-09-19 15:07:34.6172847 [I:onnxruntime:, graph.cc:4888 onnxruntime::Graph::CleanUnusedInitializersAndNodeArgs] Removing initializer 'head.conv_out.weight_scale'. It is no longer used by any node.
2026-09-19 15:07:34.6174273 [I:onnxruntime:, graph.cc:4888 onnxruntime::Graph::CleanUnusedInitializersAndNodeArgs] Removing initializer 'onnx::Conv_545_quantized'. It is no longer used by any node.
2026-09-19 15:07:34.6175740 [I:onnxruntime:, graph.cc:4888 onnxruntime::Graph::CleanUnusedInitializersAndNodeArgs] Removing initializer 'onnx::Conv_561_quantized'. It is no longer used by any node.
2026-09-19 15:07:34.6177097 [I:onnxruntime:, graph.cc:4888 onnxruntime::Graph::CleanUnusedInitializersAndNodeArgs] Removing initializer 'onnx::Conv_546_zero_point'. It is no longer used by any node.
2026-09-19 15:07:34.6178417 [I:onnxruntime:, graph.cc:4888 onnxruntime::Graph::CleanUnusedInitializersAndNodeArgs] Removing initializer 'onnx::Conv_546_quantized'. It is no longer used by any node.
2026-09-19 15:07:34.6180252 [I:onnxruntime:, graph.cc:4888 onnxruntime::Graph::CleanUnusedInitializersAndNodeArgs] Removing initializer 'onnx::Conv_524_zero_point'. It is no longer used by any node.
2026-09-19 15:07:34.6182378 [I:onnxruntime:, graph.cc:4888 onnxruntime::Graph::CleanUnusedInitializersAndNodeArgs] Removing initializer 'onnx::Conv_524_quantized'. It is no longer used by any node.
2026-09-19 15:07:34.6184005 [I:onnxruntime:, graph.cc:4888 onnxruntime::Graph::CleanUnusedInitializersAndNodeArgs] Removing initializer 'onnx::Conv_525_zero_point'. It is no longer used by any node.
2026-09-19 15:07:34.6185485 [I:onnxruntime:, graph.cc:4888 onnxruntime::Graph::CleanUnusedInitializersAndNodeArgs] Removing initializer 'onnx::Conv_525_quantized'. It is no longer used by any node.
2026-09-19 15:07:34.6187709 [I:onnxruntime:, graph.cc:4888 onnxruntime::Graph::CleanUnusedInitializersAndNodeArgs] Removing initializer '/segment/S1S2/fuse/relu/Relu_output_0_zero_point'. It is no longer used by any node.
2026-09-19 15:07:34.6189123 [I:onnxruntime:, graph.cc:4888 onnxruntime::Graph::CleanUnusedInitializersAndNodeArgs] Removing initializer '/detail/S2/S2.2/relu/Relu_output_0_zero_point'. It is no longer used by any node.
2026-09-19 15:07:34.6191311 [I:onnxruntime:, graph.cc:4888 onnxruntime::Graph::CleanUnusedInitializersAndNodeArgs] Removing initializer 'onnx::Conv_665_quantized'. It is no longer used by any node.
2026-09-19 15:07:34.6192420 [I:onnxruntime:, graph.cc:4888 onnxruntime::Graph::CleanUnusedInitializersAndNodeArgs] Removing initializer 'onnx::Conv_548_zero_point'. It is no longer used by any node.
2026-09-19 15:07:34.6327887 [I:onnxruntime:, graph.cc:4888 onnxruntime::Graph::CleanUnusedInitializersAndNodeArgs] Removing initializer '/bga/conv/conv.2/Relu_output_0_zero_point'. It is no longer used by any node.
2026-09-19 15:07:34.6330465 [I:onnxruntime:, graph.cc:4888 onnxruntime::Graph::CleanUnusedInitializersAndNodeArgs] Removing initializer 'onnx::Conv_548_quantized'. It is no longer used by any node.
2026-09-19 15:07:34.6332726 [I:onnxruntime:, graph.cc:4888 onnxruntime::Graph::CleanUnusedInitializersAndNodeArgs] Removing initializer 'onnx::Conv_549_zero_point'. It is no longer used by any node.
2026-09-19 15:07:34.6334864 [I:onnxruntime:, graph.cc:4888 onnxruntime::Graph::CleanUnusedInitializersAndNodeArgs] Removing initializer 'onnx::Conv_587_zero_point'. It is no longer used by any node.
2026-09-19 15:07:34.6336587 [I:onnxruntime:, graph.cc:4888 onnxruntime::Graph::CleanUnusedInitializersAndNodeArgs] Removing initializer 'onnx::Conv_549_quantized'. It is no longer used by any node.
2026-09-19 15:07:34.6337772 [I:onnxruntime:, graph.cc:4888 onnxruntime::Graph::CleanUnusedInitializersAndNodeArgs] Removing initializer 'onnx::Conv_555_quantized'. It is no longer used by any node.
2026-09-19 15:07:34.6338866 [I:onnxruntime:, graph.cc:4888 onnxruntime::Graph::CleanUnusedInitializersAndNodeArgs] Removing initializer '/segment/S3/S3.0/conv1/relu/Relu_output_0_zero_point'. It is no longer used by any node.
2026-09-19 15:07:34.6341559 [I:onnxruntime:, graph.cc:4888 onnxruntime::Graph::CleanUnusedInitializersAndNodeArgs] Removing initializer 'onnx::Conv_560_zero_point'. It is no longer used by any node.
2026-09-19 15:07:34.6342773 [I:onnxruntime:, graph.cc:4888 onnxruntime::Graph::CleanUnusedInitializersAndNodeArgs] Removing initializer 'onnx::Conv_560_quantized'. It is no longer used by any node.
2026-09-19 15:07:34.6345390 [I:onnxruntime:, graph.cc:4888 onnxruntime::Graph::CleanUnusedInitializersAndNodeArgs] Removing initializer 'onnx::Conv_561_zero_point'. It is no longer used by any node.
2026-09-19 15:07:34.6346481 [I:onnxruntime:, graph.cc:4888 onnxruntime::Graph::CleanUnusedInitializersAndNodeArgs] Removing initializer 'onnx::Conv_527_zero_point'. It is no longer used by any node.
2026-09-19 15:07:34.6347555 [I:onnxruntime:, graph.cc:4888 onnxruntime::Graph::CleanUnusedInitializersAndNodeArgs] Removing initializer 'onnx::Conv_569_zero_point'. It is no longer used by any node.
2026-09-19 15:07:34.6348611 [I:onnxruntime:, graph.cc:4888 onnxruntime::Graph::CleanUnusedInitializersAndNodeArgs] Removing initializer 'onnx::Conv_527_quantized'. It is no longer used by any node.
2026-09-19 15:07:34.6349645 [I:onnxruntime:, graph.cc:4888 onnxruntime::Graph::CleanUnusedInitializersAndNodeArgs] Removing initializer 'onnx::Conv_528_zero_point'. It is no longer used by any node.
2026-09-19 15:07:34.6350667 [I:onnxruntime:, graph.cc:4888 onnxruntime::Graph::CleanUnusedInitializersAndNodeArgs] Removing initializer 'onnx::Conv_528_quantized'. It is no longer used by any node.
2026-09-19 15:07:34.6352283 [I:onnxruntime:, graph.cc:4888 onnxruntime::Graph::CleanUnusedInitializersAndNodeArgs] Removing initializer '/segment/S3/S3.0/shortcut/shortcut.2/Conv_output_0_zero_point'. It is no longer used by any node.
2026-09-19 15:07:34.6353953 [I:onnxruntime:, graph.cc:4888 onnxruntime::Graph::CleanUnusedInitializersAndNodeArgs] Removing initializer '/segment/S3/S3.0/shortcut/shortcut.2/Conv_output_0_scale'. It is no longer used by any node.
2026-09-19 15:07:34.6355528 [I:onnxruntime:, graph.cc:4888 onnxruntime::Graph::CleanUnusedInitializersAndNodeArgs] Removing initializer 'onnx::Conv_557_quantized'. It is no longer used by any node.
2026-09-19 15:07:34.6356640 [I:onnxruntime:, graph.cc:4888 onnxruntime::Graph::CleanUnusedInitializersAndNodeArgs] Removing initializer 'onnx::Conv_563_zero_point'. It is no longer used by any node.
2026-09-19 15:07:34.6359251 [I:onnxruntime:, graph.cc:4888 onnxruntime::Graph::CleanUnusedInitializersAndNodeArgs] Removing initializer 'onnx::Conv_563_quantized'. It is no longer used by any node.
2026-09-19 15:07:34.6501888 [I:onnxruntime:, graph.cc:4888 onnxruntime::Graph::CleanUnusedInitializersAndNodeArgs] Removing initializer 'onnx::Conv_663_quantized'. It is no longer used by any node.
2026-09-19 15:07:34.6504415 [I:onnxruntime:, graph.cc:4888 onnxruntime::Graph::CleanUnusedInitializersAndNodeArgs] Removing initializer 'onnx::Conv_564_zero_point'. It is no longer used by any node.
2026-09-19 15:07:34.6506599 [I:onnxruntime:, graph.cc:4888 onnxruntime::Graph::CleanUnusedInitializersAndNodeArgs] Removing initializer 'onnx::Conv_564_quantized'. It is no longer used by any node.
2026-09-19 15:07:34.6508645 [I:onnxruntime:, graph.cc:4888 onnxruntime::Graph::CleanUnusedInitializersAndNodeArgs] Removing initializer '/detail/S3/S3.0/relu/Relu_output_0_zero_point'. It is no longer used by any node.
2026-09-19 15:07:34.6511345 [I:onnxruntime:, graph.cc:4888 onnxruntime::Graph::CleanUnusedInitializersAndNodeArgs] Removing initializer 'onnx::Conv_620_quantized'. It is no longer used by any node.
2026-09-19 15:07:34.6513354 [I:onnxruntime:, graph.cc:4888 onnxruntime::Graph::CleanUnusedInitializersAndNodeArgs] Removing initializer '/segment/S3/S3.0/dwconv1/dwconv1.0/Conv_output_0_zero_point'. It is no longer used by any node.
2026-09-19 15:07:34.6515899 [I:onnxruntime:, graph.cc:4888 onnxruntime::Graph::CleanUnusedInitializersAndNodeArgs] Removing initializer 'onnx::Conv_551_quantized'. It is no longer used by any node.
2026-09-19 15:07:34.6517007 [I:onnxruntime:, graph.cc:4888 onnxruntime::Graph::CleanUnusedInitializersAndNodeArgs] Removing initializer 'onnx::Conv_552_zero_point'. It is no longer used by any node.
2026-09-19 15:07:34.6518402 [I:onnxruntime:, graph.cc:4888 onnxruntime::Graph::CleanUnusedInitializersAndNodeArgs] Removing initializer 'onnx::Conv_552_quantized'. It is no longer used by any node.
2026-09-19 15:07:34.6519610 [I:onnxruntime:, graph.cc:4888 onnxruntime::Graph::CleanUnusedInitializersAndNodeArgs] Removing initializer 'onnx::Conv_530_zero_point'. It is no longer used by any node.
2026-09-19 15:07:34.6521164 [I:onnxruntime:, graph.cc:4888 onnxruntime::Graph::CleanUnusedInitializersAndNodeArgs] Removing initializer 'onnx::Conv_644_zero_point'. It is no longer used by any node.
2026-09-19 15:07:34.6522355 [I:onnxruntime:, graph.cc:4888 onnxruntime::Graph::CleanUnusedInitializersAndNodeArgs] Removing initializer 'onnx::Conv_530_quantized'. It is no longer used by any node.
2026-09-19 15:07:34.6523527 [I:onnxruntime:, graph.cc:4888 onnxruntime::Graph::CleanUnusedInitializersAndNodeArgs] Removing initializer 'onnx::Conv_531_zero_point'. It is no longer used by any node.
2026-09-19 15:07:34.6525405 [I:onnxruntime:, graph.cc:4888 onnxruntime::Graph::CleanUnusedInitializersAndNodeArgs] Removing initializer 'onnx::Conv_531_quantized'. It is no longer used by any node.
2026-09-19 15:07:34.6526477 [I:onnxruntime:, graph.cc:4888 onnxruntime::Graph::CleanUnusedInitializersAndNodeArgs] Removing initializer 'onnx::Conv_623_quantized'. It is no longer used by any node.
2026-09-19 15:07:34.6527576 [I:onnxruntime:, graph.cc:4888 onnxruntime::Graph::CleanUnusedInitializersAndNodeArgs] Removing initializer 'onnx::Conv_599_quantized'. It is no longer used by any node.
2026-09-19 15:07:34.6528613 [I:onnxruntime:, graph.cc:4888 onnxruntime::Graph::CleanUnusedInitializersAndNodeArgs] Removing initializer 'onnx::Conv_554_quantized'. It is no longer used by any node.
2026-09-19 15:07:34.6529675 [I:onnxruntime:, graph.cc:4888 onnxruntime::Graph::CleanUnusedInitializersAndNodeArgs] Removing initializer '/bga/left1/left1.2/Conv_output_0_zero_point'. It is no longer used by any node.
2026-09-19 15:07:34.6530840 [I:onnxruntime:, graph.cc:4888 onnxruntime::Graph::CleanUnusedInitializersAndNodeArgs] Removing initializer 'onnx::Conv_555_zero_point'. It is no longer used by any node.
2026-09-19 15:07:34.6532345 [I:onnxruntime:, graph.cc:4888 onnxruntime::Graph::CleanUnusedInitializersAndNodeArgs] Removing initializer '/segment/S4/S4.0/dwconv1/dwconv1.0/Conv_output_0_zero_point'. It is no longer used by any node.
2026-09-19 15:07:34.6657709 [I:onnxruntime:, graph.cc:4888 onnxruntime::Graph::CleanUnusedInitializersAndNodeArgs] Removing initializer '/detail/S3/S3.1/relu/Relu_output_0_zero_point'. It is no longer used by any node.
2026-09-19 15:07:34.6660335 [I:onnxruntime:, graph.cc:4888 onnxruntime::Graph::CleanUnusedInitializersAndNodeArgs] Removing initializer 'onnx::Conv_662_zero_point'. It is no longer used by any node.
2026-09-19 15:07:34.6667721 [I:onnxruntime:, graph.cc:4888 onnxruntime::Graph::CleanUnusedInitializersAndNodeArgs] Removing initializer '/segment/S3/S3.0/dwconv2/dwconv2.2/Relu_output_0_zero_point'. It is no longer used by any node.
2026-09-19 15:07:34.6669201 [I:onnxruntime:, graph.cc:4888 onnxruntime::Graph::CleanUnusedInitializersAndNodeArgs] Removing initializer 'onnx::Conv_576_quantized'. It is no longer used by any node.
2026-09-19 15:07:34.6670397 [I:onnxruntime:, graph.cc:4888 onnxruntime::Graph::CleanUnusedInitializersAndNodeArgs] Removing initializer '/segment/S5_4/S5_4.1/conv2/conv2.0/Conv_output_0_zero_point'. It is no longer used by any node.
2026-09-19 15:07:34.6673120 [I:onnxruntime:, graph.cc:4888 onnxruntime::Graph::CleanUnusedInitializersAndNodeArgs] Removing initializer 'onnx::Conv_609_quantized'. It is no longer used by any node.
2026-09-19 15:07:34.6675395 [I:onnxruntime:, graph.cc:4888 onnxruntime::Graph::CleanUnusedInitializersAndNodeArgs] Removing initializer 'onnx::Conv_533_zero_point'. It is no longer used by any node.
2026-09-19 15:07:34.6677164 [I:onnxruntime:, graph.cc:4888 onnxruntime::Graph::CleanUnusedInitializersAndNodeArgs] Removing initializer 'onnx::Conv_533_quantized'. It is no longer used by any node.
2026-09-19 15:07:34.6678933 [I:onnxruntime:, graph.cc:4888 onnxruntime::Graph::CleanUnusedInitializersAndNodeArgs] Removing initializer 'onnx::Conv_534_zero_point'. It is no longer used by any node.
2026-09-19 15:07:34.6680716 [I:onnxruntime:, graph.cc:4888 onnxruntime::Graph::CleanUnusedInitializersAndNodeArgs] Removing initializer 'onnx::Conv_534_quantized'. It is no longer used by any node.
2026-09-19 15:07:34.6683328 [I:onnxruntime:, graph.cc:4888 onnxruntime::Graph::CleanUnusedInitializersAndNodeArgs] Removing initializer 'bga.right2.2.weight_quantized'. It is no longer used by any node.
2026-09-19 15:07:34.6684393 [I:onnxruntime:, graph.cc:4888 onnxruntime::Graph::CleanUnusedInitializersAndNodeArgs] Removing initializer 'onnx::Conv_659_zero_point'. It is no longer used by any node.
2026-09-19 15:07:34.6685599 [I:onnxruntime:, graph.cc:4888 onnxruntime::Graph::CleanUnusedInitializersAndNodeArgs] Removing initializer '/segment/S3/S3.0/conv2/conv2.0/Conv_output_0_zero_point'. It is no longer used by any node.
2026-09-19 15:07:34.6687247 [I:onnxruntime:, graph.cc:4888 onnxruntime::Graph::CleanUnusedInitializersAndNodeArgs] Removing initializer 'onnx::Conv_557_zero_point'. It is no longer used by any node.
2026-09-19 15:07:34.6688403 [I:onnxruntime:, graph.cc:4888 onnxruntime::Graph::CleanUnusedInitializersAndNodeArgs] Removing initializer 'onnx::Conv_615_zero_point'. It is no longer used by any node.
2026-09-19 15:07:34.6689772 [I:onnxruntime:, graph.cc:4888 onnxruntime::Graph::CleanUnusedInitializersAndNodeArgs] Removing initializer 'onnx::Conv_558_quantized'. It is no longer used by any node.
2026-09-19 15:07:34.6691240 [I:onnxruntime:, graph.cc:4888 onnxruntime::Graph::CleanUnusedInitializersAndNodeArgs] Removing initializer '/detail/S3/S3.2/relu/Relu_output_0_zero_point'. It is no longer used by any node.
2026-09-19 15:07:34.6692413 [I:onnxruntime:, graph.cc:4888 onnxruntime::Graph::CleanUnusedInitializersAndNodeArgs] Removing initializer '/segment/S5_4/S5_4.2/conv2/conv2.0/Conv_output_0_zero_point'. It is no longer used by any node.
2026-09-19 15:07:34.6694105 [I:onnxruntime:, graph.cc:4888 onnxruntime::Graph::CleanUnusedInitializersAndNodeArgs] Removing initializer '/bga/left1/left1.0/Conv_output_0_zero_point'. It is no longer used by any node.
2026-09-19 15:07:34.6695215 [I:onnxruntime:, graph.cc:4888 onnxruntime::Graph::CleanUnusedInitializersAndNodeArgs] Removing initializer 'onnx::Conv_653_zero_point'. It is no longer used by any node.
2026-09-19 15:07:34.6823395 [I:onnxruntime:, graph.cc:4888 onnxruntime::Graph::CleanUnusedInitializersAndNodeArgs] Removing initializer 'onnx::Conv_654_zero_point'. It is no longer used by any node.
2026-09-19 15:07:34.6825752 [I:onnxruntime:, graph.cc:4888 onnxruntime::Graph::CleanUnusedInitializersAndNodeArgs] Removing initializer 'onnx::Conv_654_quantized'. It is no longer used by any node.
2026-09-19 15:07:34.6827565 [I:onnxruntime:, graph.cc:4888 onnxruntime::Graph::CleanUnusedInitializersAndNodeArgs] Removing initializer '/bga/left2/left2.0/Conv_output_0_zero_point'. It is no longer used by any node.
2026-09-19 15:07:34.6828904 [I:onnxruntime:, graph.cc:4888 onnxruntime::Graph::CleanUnusedInitializersAndNodeArgs] Removing initializer '/segment/S5_5/ReduceMean_output_0_zero_point'. It is no longer used by any node.
2026-09-19 15:07:34.6830084 [I:onnxruntime:, graph.cc:4888 onnxruntime::Graph::CleanUnusedInitializersAndNodeArgs] Removing initializer 'onnx::Conv_600_quantized'. It is no longer used by any node.
2026-09-19 15:07:34.6831554 [I:onnxruntime:, graph.cc:4888 onnxruntime::Graph::CleanUnusedInitializersAndNodeArgs] Removing initializer 'onnx::Conv_656_zero_point'. It is no longer used by any node.
2026-09-19 15:07:34.6832665 [I:onnxruntime:, graph.cc:4888 onnxruntime::Graph::CleanUnusedInitializersAndNodeArgs] Removing initializer 'onnx::Conv_656_quantized'. It is no longer used by any node.
2026-09-19 15:07:34.6833767 [I:onnxruntime:, graph.cc:4888 onnxruntime::Graph::CleanUnusedInitializersAndNodeArgs] Removing initializer '/segment/S4/S4.1/conv1/relu/Relu_output_0_zero_point'. It is no longer used by any node.
2026-09-19 15:07:34.6835022 [I:onnxruntime:, graph.cc:4888 onnxruntime::Graph::CleanUnusedInitializersAndNodeArgs] Removing initializer 'onnx::Conv_657_zero_point'. It is no longer used by any node.
2026-09-19 15:07:34.6836251 [I:onnxruntime:, graph.cc:4888 onnxruntime::Graph::CleanUnusedInitializersAndNodeArgs] Removing initializer 'onnx::Conv_657_quantized'. It is no longer used by any node.
2026-09-19 15:07:34.6837376 [I:onnxruntime:, graph.cc:4888 onnxruntime::Graph::CleanUnusedInitializersAndNodeArgs] Removing initializer 'onnx::Conv_588_zero_point'. It is no longer used by any node.
2026-09-19 15:07:34.6838928 [I:onnxruntime:, graph.cc:4888 onnxruntime::Graph::CleanUnusedInitializersAndNodeArgs] Removing initializer '/segment/S3/S3.0/relu/Relu_output_0_zero_point'. It is no longer used by any node.
2026-09-19 15:07:34.6840165 [I:onnxruntime:, graph.cc:4888 onnxruntime::Graph::CleanUnusedInitializersAndNodeArgs] Removing initializer 'bga.left1.2.weight_zero_point'. It is no longer used by any node.
2026-09-19 15:07:34.6841325 [I:onnxruntime:, graph.cc:4888 onnxruntime::Graph::CleanUnusedInitializersAndNodeArgs] Removing initializer '/bga/left2/left2.2/AveragePool_output_0_zero_point'. It is no longer used by any node.
2026-09-19 15:07:34.6842989 [I:onnxruntime:, graph.cc:4888 onnxruntime::Graph::CleanUnusedInitializersAndNodeArgs] Removing initializer '/bga/Sigmoid_output_0_zero_point'. It is no longer used by any node.
2026-09-19 15:07:34.6844146 [I:onnxruntime:, graph.cc:4888 onnxruntime::Graph::CleanUnusedInitializersAndNodeArgs] Removing initializer 'onnx::Conv_609_zero_point'. It is no longer used by any node.
2026-09-19 15:07:34.6845263 [I:onnxruntime:, graph.cc:4888 onnxruntime::Graph::CleanUnusedInitializersAndNodeArgs] Removing initializer 'onnx::Conv_566_zero_point'. It is no longer used by any node.
2026-09-19 15:07:34.6846417 [I:onnxruntime:, graph.cc:4888 onnxruntime::Graph::CleanUnusedInitializersAndNodeArgs] Removing initializer '/segment/S5_4/S5_4.1/dwconv/dwconv.2/Relu_output_0_zero_point'. It is no longer used by any node.
2026-09-19 15:07:34.6847734 [I:onnxruntime:, graph.cc:4888 onnxruntime::Graph::CleanUnusedInitializersAndNodeArgs] Removing initializer 'onnx::Conv_575_zero_point'. It is no longer used by any node.
2026-09-19 15:07:34.6849091 [I:onnxruntime:, graph.cc:4888 onnxruntime::Graph::CleanUnusedInitializersAndNodeArgs] Removing initializer 'onnx::Conv_567_quantized'. It is no longer used by any node.
2026-09-19 15:07:34.6935809 [I:onnxruntime:, graph.cc:4888 onnxruntime::Graph::CleanUnusedInitializersAndNodeArgs] Removing initializer '/segment/S3/S3.1/conv1/relu/Relu_output_0_zero_point'. It is no longer used by any node.
2026-09-19 15:07:34.6937911 [I:onnxruntime:, graph.cc:4888 onnxruntime::Graph::CleanUnusedInitializersAndNodeArgs] Removing initializer 'onnx::Conv_569_quantized'. It is no longer used by any node.
2026-09-19 15:07:34.6939664 [I:onnxruntime:, graph.cc:4888 onnxruntime::Graph::CleanUnusedInitializersAndNodeArgs] Removing initializer 'onnx::Conv_570_zero_point'. It is no longer used by any node.
2026-09-19 15:07:34.6941371 [I:onnxruntime:, graph.cc:4888 onnxruntime::Graph::CleanUnusedInitializersAndNodeArgs] Removing initializer 'onnx::Conv_648_zero_point'. It is no longer used by any node.
2026-09-19 15:07:34.6943088 [I:onnxruntime:, graph.cc:4888 onnxruntime::Graph::CleanUnusedInitializersAndNodeArgs] Removing initializer 'onnx::Conv_570_quantized'. It is no longer used by any node.
2026-09-19 15:07:34.6944833 [I:onnxruntime:, graph.cc:4888 onnxruntime::Graph::CleanUnusedInitializersAndNodeArgs] Removing initializer '/segment/S3/S3.1/dwconv/dwconv.2/Relu_output_0_zero_point'. It is no longer used by any node.
2026-09-19 15:07:34.6946992 [I:onnxruntime:, graph.cc:4888 onnxruntime::Graph::CleanUnusedInitializersAndNodeArgs] Removing initializer '/segment/S3/S3.1/conv2/conv2.0/Conv_output_0_zero_point'. It is no longer used by any node.
2026-09-19 15:07:34.6948300 [I:onnxruntime:, graph.cc:4888 onnxruntime::Graph::CleanUnusedInitializersAndNodeArgs] Removing initializer 'onnx::Conv_572_zero_point'. It is no longer used by any node.
2026-09-19 15:07:34.6949716 [I:onnxruntime:, graph.cc:4888 onnxruntime::Graph::CleanUnusedInitializersAndNodeArgs] Removing initializer 'onnx::Conv_572_quantized'. It is no longer used by any node.
2026-09-19 15:07:34.6950791 [I:onnxruntime:, graph.cc:4888 onnxruntime::Graph::CleanUnusedInitializersAndNodeArgs] Removing initializer 'onnx::Conv_573_zero_point'. It is no longer used by any node.
2026-09-19 15:07:34.6952104 [I:onnxruntime:, graph.cc:4888 onnxruntime::Graph::CleanUnusedInitializersAndNodeArgs] Removing initializer '/segment/S3/S3.1/relu/Relu_output_0_zero_point'. It is no longer used by any node.
2026-09-19 15:07:34.6953224 [I:onnxruntime:, graph.cc:4888 onnxruntime::Graph::CleanUnusedInitializersAndNodeArgs] Removing initializer 'onnx::Conv_575_quantized'. It is no longer used by any node.
2026-09-19 15:07:34.6954217 [I:onnxruntime:, graph.cc:4888 onnxruntime::Graph::CleanUnusedInitializersAndNodeArgs] Removing initializer '/segment/S5_4/S5_4.1/conv1/relu/Relu_output_0_zero_point'. It is no longer used by any node.
2026-09-19 15:07:34.6955601 [I:onnxruntime:, graph.cc:4888 onnxruntime::Graph::CleanUnusedInitializersAndNodeArgs] Removing initializer 'onnx::Conv_576_zero_point'. It is no longer used by any node.
2026-09-19 15:07:34.6956783 [I:onnxruntime:, graph.cc:4888 onnxruntime::Graph::CleanUnusedInitializersAndNodeArgs] Removing initializer '/segment/S4/S4.0/shortcut/shortcut.0/Conv_output_0_zero_point'. It is no longer used by any node.
2026-09-19 15:07:34.6957938 [I:onnxruntime:, graph.cc:4888 onnxruntime::Graph::CleanUnusedInitializersAndNodeArgs] Removing initializer 'onnx::Conv_621_quantized'. It is no longer used by any node.
2026-09-19 15:07:34.6958943 [I:onnxruntime:, graph.cc:4888 onnxruntime::Graph::CleanUnusedInitializersAndNodeArgs] Removing initializer 'onnx::Conv_627_zero_point'. It is no longer used by any node.
2026-09-19 15:07:34.6960163 [I:onnxruntime:, graph.cc:4888 onnxruntime::Graph::CleanUnusedInitializersAndNodeArgs] Removing initializer 'onnx::Conv_587_quantized'. It is no longer used by any node.
2026-09-19 15:07:34.6961522 [I:onnxruntime:, graph.cc:4888 onnxruntime::Graph::CleanUnusedInitializersAndNodeArgs] Removing initializer 'onnx::Conv_588_quantized'. It is no longer used by any node.
2026-09-19 15:07:34.7187783 [I:onnxruntime:, graph.cc:4888 onnxruntime::Graph::CleanUnusedInitializersAndNodeArgs] Removing initializer '/segment/S4/S4.0/conv1/relu/Relu_output_0_zero_point'. It is no longer used by any node.
2026-09-19 15:07:34.7189504 [I:onnxruntime:, graph.cc:4888 onnxruntime::Graph::CleanUnusedInitializersAndNodeArgs] Removing initializer '/segment/S4/S4.0/shortcut/shortcut.2/Conv_output_0_zero_point'. It is no longer used by any node.
2026-09-19 15:07:34.7191178 [I:onnxruntime:, graph.cc:4888 onnxruntime::Graph::CleanUnusedInitializersAndNodeArgs] Removing initializer '/bga/right2/right2.0/Conv_output_0_zero_point'. It is no longer used by any node.
2026-09-19 15:07:34.7192291 [I:onnxruntime:, graph.cc:4888 onnxruntime::Graph::CleanUnusedInitializersAndNodeArgs] Removing initializer 'onnx::Conv_590_zero_point'. It is no longer used by any node.
2026-09-19 15:07:34.7193285 [I:onnxruntime:, graph.cc:4888 onnxruntime::Graph::CleanUnusedInitializersAndNodeArgs] Removing initializer 'onnx::Conv_590_quantized'. It is no longer used by any node.
2026-09-19 15:07:34.7194670 [I:onnxruntime:, graph.cc:4888 onnxruntime::Graph::CleanUnusedInitializersAndNodeArgs] Removing initializer 'onnx::Conv_611_zero_point'. It is no longer used by any node.
2026-09-19 15:07:34.7196554 [I:onnxruntime:, graph.cc:4888 onnxruntime::Graph::CleanUnusedInitializersAndNodeArgs] Removing initializer 'onnx::Conv_591_zero_point'. It is no longer used by any node.
2026-09-19 15:07:34.7197697 [I:onnxruntime:, graph.cc:4888 onnxruntime::Graph::CleanUnusedInitializersAndNodeArgs] Removing initializer 'onnx::Conv_591_quantized'. It is no longer used by any node.
2026-09-19 15:07:34.7198710 [I:onnxruntime:, graph.cc:4888 onnxruntime::Graph::CleanUnusedInitializersAndNodeArgs] Removing initializer '/bga/right1/right1.0/Conv_output_0_zero_point'. It is no longer used by any node.
2026-09-19 15:07:34.7199884 [I:onnxruntime:, graph.cc:4888 onnxruntime::Graph::CleanUnusedInitializersAndNodeArgs] Removing initializer 'onnx::Conv_578_quantized'. It is no longer used by any node.
2026-09-19 15:07:34.7201186 [I:onnxruntime:, graph.cc:4888 onnxruntime::Graph::CleanUnusedInitializersAndNodeArgs] Removing initializer 'onnx::Conv_579_zero_point'. It is no longer used by any node.
2026-09-19 15:07:34.7203219 [I:onnxruntime:, graph.cc:4888 onnxruntime::Graph::CleanUnusedInitializersAndNodeArgs] Removing initializer 'onnx::Conv_579_quantized'. It is no longer used by any node.
2026-09-19 15:07:34.7204921 [I:onnxruntime:, graph.cc:4888 onnxruntime::Graph::CleanUnusedInitializersAndNodeArgs] Removing initializer '/segment/S5_5/Add_output_0_zero_point'. It is no longer used by any node.
2026-09-19 15:07:34.7206050 [I:onnxruntime:, graph.cc:4888 onnxruntime::Graph::CleanUnusedInitializersAndNodeArgs] Removing initializer 'onnx::Conv_581_zero_point'. It is no longer used by any node.
2026-09-19 15:07:34.7207100 [I:onnxruntime:, graph.cc:4888 onnxruntime::Graph::CleanUnusedInitializersAndNodeArgs] Removing initializer 'onnx::Conv_581_quantized'. It is no longer used by any node.
2026-09-19 15:07:34.7208160 [I:onnxruntime:, graph.cc:4888 onnxruntime::Graph::CleanUnusedInitializersAndNodeArgs] Removing initializer 'onnx::Conv_582_zero_point'. It is no longer used by any node.
2026-09-19 15:07:34.7209200 [I:onnxruntime:, graph.cc:4888 onnxruntime::Graph::CleanUnusedInitializersAndNodeArgs] Removing initializer '/bga/left2/left2.2/AveragePool_output_0_Scale'. It is no longer used by any node.
2026-09-19 15:07:34.7211312 [I:onnxruntime:, graph.cc:4888 onnxruntime::Graph::CleanUnusedInitializersAndNodeArgs] Removing initializer 'onnx::Conv_582_quantized'. It is no longer used by any node.
2026-09-19 15:07:34.7213377 [I:onnxruntime:, graph.cc:4888 onnxruntime::Graph::CleanUnusedInitializersAndNodeArgs] Removing initializer '/segment/S4/S4.0/dwconv2/dwconv2.2/Relu_output_0_zero_point'. It is no longer used by any node.
2026-09-19 15:07:34.7214742 [I:onnxruntime:, graph.cc:4888 onnxruntime::Graph::CleanUnusedInitializersAndNodeArgs] Removing initializer 'onnx::Conv_636_quantized'. It is no longer used by any node.
2026-09-19 15:07:34.7446075 [I:onnxruntime:, graph.cc:4888 onnxruntime::Graph::CleanUnusedInitializersAndNodeArgs] Removing initializer 'head.conv_out.bias_zero_point'. It is no longer used by any node.
2026-09-19 15:07:34.7448358 [I:onnxruntime:, graph.cc:4888 onnxruntime::Graph::CleanUnusedInitializersAndNodeArgs] Removing initializer '/segment/S4/S4.0/conv2/conv2.0/Conv_output_0_zero_point'. It is no longer used by any node.
2026-09-19 15:07:34.7450813 [I:onnxruntime:, graph.cc:4888 onnxruntime::Graph::CleanUnusedInitializersAndNodeArgs] Removing initializer 'head.conv_out.bias_scale'. It is no longer used by any node.
2026-09-19 15:07:34.7452620 [I:onnxruntime:, graph.cc:4888 onnxruntime::Graph::CleanUnusedInitializersAndNodeArgs] Removing initializer 'onnx::Conv_605_zero_point'. It is no longer used by any node.
2026-09-19 15:07:34.7454425 [I:onnxruntime:, graph.cc:4888 onnxruntime::Graph::CleanUnusedInitializersAndNodeArgs] Removing initializer 'onnx::Conv_596_quantized'. It is no longer used by any node.
2026-09-19 15:07:34.7456675 [I:onnxruntime:, graph.cc:4888 onnxruntime::Graph::CleanUnusedInitializersAndNodeArgs] Removing initializer 'onnx::Conv_632_zero_point'. It is no longer used by any node.
2026-09-19 15:07:34.7458761 [I:onnxruntime:, graph.cc:4888 onnxruntime::Graph::CleanUnusedInitializersAndNodeArgs] Removing initializer 'onnx::Conv_584_zero_point'. It is no longer used by any node.
2026-09-19 15:07:34.7460475 [I:onnxruntime:, graph.cc:4888 onnxruntime::Graph::CleanUnusedInitializersAndNodeArgs] Removing initializer 'onnx::Conv_632_quantized'. It is no longer used by any node.
2026-09-19 15:07:34.7462156 [I:onnxruntime:, graph.cc:4888 onnxruntime::Graph::CleanUnusedInitializersAndNodeArgs] Removing initializer 'onnx::Conv_584_quantized'. It is no longer used by any node.
2026-09-19 15:07:34.7463409 [I:onnxruntime:, graph.cc:4888 onnxruntime::Graph::CleanUnusedInitializersAndNodeArgs] Removing initializer 'head.conv_out.bias_quantized'. It is no longer used by any node.
2026-09-19 15:07:34.7464385 [I:onnxruntime:, graph.cc:4888 onnxruntime::Graph::CleanUnusedInitializersAndNodeArgs] Removing initializer 'onnx::Conv_633_zero_point'. It is no longer used by any node.
2026-09-19 15:07:34.7465366 [I:onnxruntime:, graph.cc:4888 onnxruntime::Graph::CleanUnusedInitializersAndNodeArgs] Removing initializer 'onnx::Conv_585_zero_point'. It is no longer used by any node.
2026-09-19 15:07:34.7466517 [I:onnxruntime:, graph.cc:4888 onnxruntime::Graph::CleanUnusedInitializersAndNodeArgs] Removing initializer 'onnx::Conv_633_quantized'. It is no longer used by any node.
2026-09-19 15:07:34.7467886 [I:onnxruntime:, graph.cc:4888 onnxruntime::Graph::CleanUnusedInitializersAndNodeArgs] Removing initializer 'onnx::Conv_585_quantized'. It is no longer used by any node.
2026-09-19 15:07:34.7469069 [I:onnxruntime:, graph.cc:4888 onnxruntime::Graph::CleanUnusedInitializersAndNodeArgs] Removing initializer 'onnx::Conv_629_zero_point'. It is no longer used by any node.
2026-09-19 15:07:34.7470208 [I:onnxruntime:, graph.cc:4888 onnxruntime::Graph::CleanUnusedInitializersAndNodeArgs] Removing initializer 'onnx::Conv_614_quantized'. It is no longer used by any node.
2026-09-19 15:07:34.7471594 [I:onnxruntime:, graph.cc:4888 onnxruntime::Graph::CleanUnusedInitializersAndNodeArgs] Removing initializer 'onnx::Conv_593_zero_point'. It is no longer used by any node.
2026-09-19 15:07:34.7472609 [I:onnxruntime:, graph.cc:4888 onnxruntime::Graph::CleanUnusedInitializersAndNodeArgs] Removing initializer 'onnx::Conv_629_quantized'. It is no longer used by any node.
2026-09-19 15:07:34.7473595 [I:onnxruntime:, graph.cc:4888 onnxruntime::Graph::CleanUnusedInitializersAndNodeArgs] Removing initializer '/segment/S5_4/S5_4.0/conv1/relu/Relu_output_0_zero_point'. It is no longer used by any node.
2026-09-19 15:07:34.7475528 [I:onnxruntime:, graph.cc:4888 onnxruntime::Graph::CleanUnusedInitializersAndNodeArgs] Removing initializer 'onnx::Conv_593_quantized'. It is no longer used by any node.
2026-09-19 15:07:34.7546044 [I:onnxruntime:, graph.cc:4888 onnxruntime::Graph::CleanUnusedInitializersAndNodeArgs] Removing initializer 'onnx::Conv_594_zero_point'. It is no longer used by any node.
2026-09-19 15:07:34.7547861 [I:onnxruntime:, graph.cc:4888 onnxruntime::Graph::CleanUnusedInitializersAndNodeArgs] Removing initializer 'onnx::Conv_594_quantized'. It is no longer used by any node.
2026-09-19 15:07:34.7549388 [I:onnxruntime:, graph.cc:4888 onnxruntime::Graph::CleanUnusedInitializersAndNodeArgs] Removing initializer 'onnx::Conv_596_zero_point'. It is no longer used by any node.
2026-09-19 15:07:34.7551507 [I:onnxruntime:, graph.cc:4888 onnxruntime::Graph::CleanUnusedInitializersAndNodeArgs] Removing initializer 'onnx::Conv_597_zero_point'. It is no longer used by any node.
2026-09-19 15:07:34.7553081 [I:onnxruntime:, graph.cc:4888 onnxruntime::Graph::CleanUnusedInitializersAndNodeArgs] Removing initializer 'onnx::Conv_636_zero_point'. It is no longer used by any node.
2026-09-19 15:07:34.7554335 [I:onnxruntime:, graph.cc:4888 onnxruntime::Graph::CleanUnusedInitializersAndNodeArgs] Removing initializer 'onnx::Conv_597_quantized'. It is no longer used by any node.
2026-09-19 15:07:34.7555861 [I:onnxruntime:, graph.cc:4888 onnxruntime::Graph::CleanUnusedInitializersAndNodeArgs] Removing initializer '/segment/S4/S4.1/dwconv/dwconv.2/Relu_output_0_zero_point'. It is no longer used by any node.
2026-09-19 15:07:34.7557269 [I:onnxruntime:, graph.cc:4888 onnxruntime::Graph::CleanUnusedInitializersAndNodeArgs] Removing initializer 'onnx::Conv_623_zero_point'. It is no longer used by any node.
2026-09-19 15:07:34.7559317 [I:onnxruntime:, graph.cc:4888 onnxruntime::Graph::CleanUnusedInitializersAndNodeArgs] Removing initializer 'onnx::Conv_599_zero_point'. It is no longer used by any node.
2026-09-19 15:07:34.7560743 [I:onnxruntime:, graph.cc:4888 onnxruntime::Graph::CleanUnusedInitializersAndNodeArgs] Removing initializer 'onnx::Conv_600_zero_point'. It is no longer used by any node.
2026-09-19 15:07:34.7561905 [I:onnxruntime:, graph.cc:4888 onnxruntime::Graph::CleanUnusedInitializersAndNodeArgs] Removing initializer 'onnx::Conv_635_quantized'. It is no longer used by any node.
2026-09-19 15:07:34.7563165 [I:onnxruntime:, graph.cc:4888 onnxruntime::Graph::CleanUnusedInitializersAndNodeArgs] Removing initializer '/segment/S5_4/S5_4.0/dwconv2/dwconv2.2/Relu_output_0_zero_point'. It is no longer used by any node.
2026-09-19 15:07:34.7564577 [I:onnxruntime:, graph.cc:4888 onnxruntime::Graph::CleanUnusedInitializersAndNodeArgs] Removing initializer '/segment/S4/S4.1/relu/Relu_output_0_zero_point'. It is no longer used by any node.
2026-09-19 15:07:34.7566272 [I:onnxruntime:, graph.cc:4888 onnxruntime::Graph::CleanUnusedInitializersAndNodeArgs] Removing initializer 'onnx::Conv_602_zero_point'. It is no longer used by any node.
2026-09-19 15:07:34.7567393 [I:onnxruntime:, graph.cc:4888 onnxruntime::Graph::CleanUnusedInitializersAndNodeArgs] Removing initializer 'onnx::Conv_602_quantized'. It is no longer used by any node.
2026-09-19 15:07:34.7568529 [I:onnxruntime:, graph.cc:4888 onnxruntime::Graph::CleanUnusedInitializersAndNodeArgs] Removing initializer 'onnx::Conv_603_zero_point'. It is no longer used by any node.
2026-09-19 15:07:34.7569962 [I:onnxruntime:, graph.cc:4888 onnxruntime::Graph::CleanUnusedInitializersAndNodeArgs] Removing initializer 'onnx::Conv_603_quantized'. It is no longer used by any node.
2026-09-19 15:07:34.7571418 [I:onnxruntime:, graph.cc:4888 onnxruntime::Graph::CleanUnusedInitializersAndNodeArgs] Removing initializer '/segment/S5_4/S5_4.0/shortcut/shortcut.0/Conv_output_0_zero_point'. It is no longer used by any node.
2026-09-19 15:07:34.7572984 [I:onnxruntime:, graph.cc:4888 onnxruntime::Graph::CleanUnusedInitializersAndNodeArgs] Removing initializer '/segment/S5_4/S5_4.0/conv2/conv2.0/Conv_output_0_zero_point'. It is no longer used by any node.
2026-09-19 15:07:34.7575339 [I:onnxruntime:, graph.cc:4888 onnxruntime::Graph::CleanUnusedInitializersAndNodeArgs] Removing initializer 'onnx::Conv_606_quantized'. It is no longer used by any node.
2026-09-19 15:07:34.7697617 [I:onnxruntime:, graph.cc:4888 onnxruntime::Graph::CleanUnusedInitializersAndNodeArgs] Removing initializer 'onnx::Conv_614_zero_point'. It is no longer used by any node.
2026-09-19 15:07:34.7699479 [I:onnxruntime:, graph.cc:4888 onnxruntime::Graph::CleanUnusedInitializersAndNodeArgs] Removing initializer 'bga.right2.2.weight_zero_point'. It is no longer used by any node.
2026-09-19 15:07:34.7701297 [I:onnxruntime:, graph.cc:4888 onnxruntime::Graph::CleanUnusedInitializersAndNodeArgs] Removing initializer '/segment/S5_4/S5_4.0/shortcut/shortcut.2/Conv_output_0_zero_point'. It is no longer used by any node.
2026-09-19 15:07:34.7703260 [I:onnxruntime:, graph.cc:4888 onnxruntime::Graph::CleanUnusedInitializersAndNodeArgs] Removing initializer 'onnx::Conv_605_quantized'. It is no longer used by any node.
2026-09-19 15:07:34.7704407 [I:onnxruntime:, graph.cc:4888 onnxruntime::Graph::CleanUnusedInitializersAndNodeArgs] Removing initializer 'onnx::Conv_617_quantized'. It is no longer used by any node.
2026-09-19 15:07:34.7705435 [I:onnxruntime:, graph.cc:4888 onnxruntime::Graph::CleanUnusedInitializersAndNodeArgs] Removing initializer 'head.conv_out.weight_zero_point'. It is no longer used by any node.
2026-09-19 15:07:34.7706756 [I:onnxruntime:, graph.cc:4888 onnxruntime::Graph::CleanUnusedInitializersAndNodeArgs] Removing initializer 'onnx::Conv_618_zero_point'. It is no longer used by any node.
2026-09-19 15:07:34.7707902 [I:onnxruntime:, graph.cc:4888 onnxruntime::Graph::CleanUnusedInitializersAndNodeArgs] Removing initializer 'head.conv_out.weight_quantized'. It is no longer used by any node.
2026-09-19 15:07:34.7708927 [I:onnxruntime:, graph.cc:4888 onnxruntime::Graph::CleanUnusedInitializersAndNodeArgs] Removing initializer 'onnx::Conv_618_quantized'. It is no longer used by any node.
2026-09-19 15:07:34.7709933 [I:onnxruntime:, graph.cc:4888 onnxruntime::Graph::CleanUnusedInitializersAndNodeArgs] Removing initializer '/segment/S5_4/S5_4.0/dwconv1/dwconv1.0/Conv_output_0_zero_point'. It is no longer used by any node.
2026-09-19 15:07:34.7711226 [I:onnxruntime:, graph.cc:4888 onnxruntime::Graph::CleanUnusedInitializersAndNodeArgs] Removing initializer 'onnx::Conv_606_zero_point'. It is no longer used by any node.
2026-09-19 15:07:34.7712219 [I:onnxruntime:, graph.cc:4888 onnxruntime::Graph::CleanUnusedInitializersAndNodeArgs] Removing initializer 'onnx::Conv_608_zero_point'. It is no longer used by any node.
2026-09-19 15:07:34.7713518 [I:onnxruntime:, graph.cc:4888 onnxruntime::Graph::CleanUnusedInitializersAndNodeArgs] Removing initializer 'onnx::Conv_608_quantized'. It is no longer used by any node.
2026-09-19 15:07:34.7714625 [I:onnxruntime:, graph.cc:4888 onnxruntime::Graph::CleanUnusedInitializersAndNodeArgs] Removing initializer 'onnx::Conv_611_quantized'. It is no longer used by any node.
2026-09-19 15:07:34.7715708 [I:onnxruntime:, graph.cc:4888 onnxruntime::Graph::CleanUnusedInitializersAndNodeArgs] Removing initializer 'onnx::Conv_612_zero_point'. It is no longer used by any node.
2026-09-19 15:07:34.7716867 [I:onnxruntime:, graph.cc:4888 onnxruntime::Graph::CleanUnusedInitializersAndNodeArgs] Removing initializer 'onnx::Conv_612_quantized'. It is no longer used by any node.
2026-09-19 15:07:34.7717829 [I:onnxruntime:, graph.cc:4888 onnxruntime::Graph::CleanUnusedInitializersAndNodeArgs] Removing initializer 'onnx::Conv_663_zero_point'. It is no longer used by any node.
2026-09-19 15:07:34.7718797 [I:onnxruntime:, graph.cc:4888 onnxruntime::Graph::CleanUnusedInitializersAndNodeArgs] Removing initializer '/segment/S5_4/S5_4.0/relu/Relu_output_0_zero_point'. It is no longer used by any node.
2026-09-19 15:07:34.7719891 [I:onnxruntime:, graph.cc:4888 onnxruntime::Graph::CleanUnusedInitializersAndNodeArgs] Removing initializer '/segment/S5_4/S5_4.1/relu/Relu_output_0_zero_point'. It is no longer used by any node.
2026-09-19 15:07:34.7721050 [I:onnxruntime:, graph.cc:4888 onnxruntime::Graph::CleanUnusedInitializersAndNodeArgs] Removing initializer 'onnx::Conv_620_zero_point'. It is no longer used by any node.
2026-09-19 15:07:34.7896869 [I:onnxruntime:, graph.cc:4888 onnxruntime::Graph::CleanUnusedInitializersAndNodeArgs] Removing initializer 'onnx::Conv_624_zero_point'. It is no longer used by any node.
2026-09-19 15:07:34.7898921 [I:onnxruntime:, graph.cc:4888 onnxruntime::Graph::CleanUnusedInitializersAndNodeArgs] Removing initializer 'onnx::Conv_624_quantized'. It is no longer used by any node.
2026-09-19 15:07:34.7900677 [I:onnxruntime:, graph.cc:4888 onnxruntime::Graph::CleanUnusedInitializersAndNodeArgs] Removing initializer 'onnx::Conv_626_zero_point'. It is no longer used by any node.
2026-09-19 15:07:34.7902763 [I:onnxruntime:, graph.cc:4888 onnxruntime::Graph::CleanUnusedInitializersAndNodeArgs] Removing initializer 'onnx::Conv_626_quantized'. It is no longer used by any node.
2026-09-19 15:07:34.7904484 [I:onnxruntime:, graph.cc:4888 onnxruntime::Graph::CleanUnusedInitializersAndNodeArgs] Removing initializer '/segment/S5_4/S5_4.3/conv1/relu/Relu_output_0_zero_point'. It is no longer used by any node.
2026-09-19 15:07:34.7906772 [I:onnxruntime:, graph.cc:4888 onnxruntime::Graph::CleanUnusedInitializersAndNodeArgs] Removing initializer 'onnx::Conv_627_quantized'. It is no longer used by any node.
2026-09-19 15:07:34.7907783 [I:onnxruntime:, graph.cc:4888 onnxruntime::Graph::CleanUnusedInitializersAndNodeArgs] Removing initializer 'onnx::Conv_630_zero_point'. It is no longer used by any node.
2026-09-19 15:07:34.7908949 [I:onnxruntime:, graph.cc:4888 onnxruntime::Graph::CleanUnusedInitializersAndNodeArgs] Removing initializer 'onnx::Conv_630_quantized'. It is no longer used by any node.
2026-09-19 15:07:34.7909929 [I:onnxruntime:, graph.cc:4888 onnxruntime::Graph::CleanUnusedInitializersAndNodeArgs] Removing initializer '/segment/S5_4/S5_4.2/conv1/relu/Relu_output_0_zero_point'. It is no longer used by any node.
2026-09-19 15:07:34.7911084 [I:onnxruntime:, graph.cc:4888 onnxruntime::Graph::CleanUnusedInitializersAndNodeArgs] Removing initializer '/segment/S5_4/S5_4.2/dwconv/dwconv.2/Relu_output_0_zero_point'. It is no longer used by any node.
2026-09-19 15:07:34.7912532 [I:onnxruntime:, graph.cc:4888 onnxruntime::Graph::CleanUnusedInitializersAndNodeArgs] Removing initializer 'onnx::Conv_635_zero_point'. It is no longer used by any node.
2026-09-19 15:07:34.7913668 [I:onnxruntime:, graph.cc:4888 onnxruntime::Graph::CleanUnusedInitializersAndNodeArgs] Removing initializer '/segment/S5_4/S5_4.2/relu/Relu_output_0_zero_point'. It is no longer used by any node.
2026-09-19 15:07:34.7914786 [I:onnxruntime:, graph.cc:4888 onnxruntime::Graph::CleanUnusedInitializersAndNodeArgs] Removing initializer 'onnx::Conv_638_zero_point'. It is no longer used by any node.
2026-09-19 15:07:34.7915929 [I:onnxruntime:, graph.cc:4888 onnxruntime::Graph::CleanUnusedInitializersAndNodeArgs] Removing initializer 'onnx::Conv_638_quantized'. It is no longer used by any node.
2026-09-19 15:07:34.7916919 [I:onnxruntime:, graph.cc:4888 onnxruntime::Graph::CleanUnusedInitializersAndNodeArgs] Removing initializer 'onnx::Conv_639_zero_point'. It is no longer used by any node.
2026-09-19 15:07:34.7917902 [I:onnxruntime:, graph.cc:4888 onnxruntime::Graph::CleanUnusedInitializersAndNodeArgs] Removing initializer 'onnx::Conv_639_quantized'. It is no longer used by any node.
2026-09-19 15:07:34.7919285 [I:onnxruntime:, graph.cc:4888 onnxruntime::Graph::CleanUnusedInitializersAndNodeArgs] Removing initializer 'onnx::Conv_641_zero_point'. It is no longer used by any node.
2026-09-19 15:07:34.7920285 [I:onnxruntime:, graph.cc:4888 onnxruntime::Graph::CleanUnusedInitializersAndNodeArgs] Removing initializer 'onnx::Conv_641_quantized'. It is no longer used by any node.
2026-09-19 15:07:34.7921484 [I:onnxruntime:, graph.cc:4888 onnxruntime::Graph::CleanUnusedInitializersAndNodeArgs] Removing initializer 'onnx::Conv_642_zero_point'. It is no longer used by any node.
2026-09-19 15:07:34.7922454 [I:onnxruntime:, graph.cc:4888 onnxruntime::Graph::CleanUnusedInitializersAndNodeArgs] Removing initializer 'onnx::Conv_642_quantized'. It is no longer used by any node.
2026-09-19 15:07:34.7992574 [I:onnxruntime:, graph.cc:4888 onnxruntime::Graph::CleanUnusedInitializersAndNodeArgs] Removing initializer '/segment/S5_4/S5_4.3/dwconv/dwconv.2/Relu_output_0_zero_point'. It is no longer used by any node.
2026-09-19 15:07:34.7993876 [I:onnxruntime:, graph.cc:4888 onnxruntime::Graph::CleanUnusedInitializersAndNodeArgs] Removing initializer '/segment/S5_4/S5_4.3/conv2/conv2.0/Conv_output_0_zero_point'. It is no longer used by any node.
2026-09-19 15:07:34.7995165 [I:onnxruntime:, graph.cc:4888 onnxruntime::Graph::CleanUnusedInitializersAndNodeArgs] Removing initializer 'onnx::Conv_644_quantized'. It is no longer used by any node.
2026-09-19 15:07:34.7996185 [I:onnxruntime:, graph.cc:4888 onnxruntime::Graph::CleanUnusedInitializersAndNodeArgs] Removing initializer 'onnx::Conv_645_zero_point'. It is no longer used by any node.
2026-09-19 15:07:34.7997220 [I:onnxruntime:, graph.cc:4888 onnxruntime::Graph::CleanUnusedInitializersAndNodeArgs] Removing initializer 'onnx::Conv_645_quantized'. It is no longer used by any node.
2026-09-19 15:07:34.7998210 [I:onnxruntime:, graph.cc:4888 onnxruntime::Graph::CleanUnusedInitializersAndNodeArgs] Removing initializer '/segment/S5_5/bn/BatchNormalization_output_0_zero_point'. It is no longer used by any node.
2026-09-19 15:07:34.7999663 [I:onnxruntime:, graph.cc:4888 onnxruntime::Graph::CleanUnusedInitializersAndNodeArgs] Removing initializer '/segment/S5_5/bn/BatchNormalization_output_0weights_zero_point'. It is no longer used by any node.
2026-09-19 15:07:34.8000808 [I:onnxruntime:, graph.cc:4888 onnxruntime::Graph::CleanUnusedInitializersAndNodeArgs] Removing initializer '/segment/S5_5/bn/BatchNormalization_output_0weights_quantized'. It is no longer used by any node.
2026-09-19 15:07:34.8002053 [I:onnxruntime:, graph.cc:4888 onnxruntime::Graph::CleanUnusedInitializersAndNodeArgs] Removing initializer 'onnx::Conv_662_quantized'. It is no longer used by any node.
2026-09-19 15:07:34.8003137 [I:onnxruntime:, graph.cc:4888 onnxruntime::Graph::CleanUnusedInitializersAndNodeArgs] Removing initializer 'onnx::Conv_651_zero_point'. It is no longer used by any node.
2026-09-19 15:07:34.8004335 [I:onnxruntime:, graph.cc:4888 onnxruntime::Graph::CleanUnusedInitializersAndNodeArgs] Removing initializer '/segment/S5_5/bn/BatchNormalization_output_0bias_zero_point'. It is no longer used by any node.
2026-09-19 15:07:34.8005641 [I:onnxruntime:, graph.cc:4888 onnxruntime::Graph::CleanUnusedInitializersAndNodeArgs] Removing initializer 'onnx::Conv_651_quantized'. It is no longer used by any node.
2026-09-19 15:07:34.8006632 [I:onnxruntime:, graph.cc:4888 onnxruntime::Graph::CleanUnusedInitializersAndNodeArgs] Removing initializer '/segment/S5_5/bn/BatchNormalization_output_0bias_quantized'. It is no longer used by any node.
2026-09-19 15:07:34.8007923 [I:onnxruntime:, graph.cc:4888 onnxruntime::Graph::CleanUnusedInitializersAndNodeArgs] Removing initializer 'onnx::Conv_650_quantized'. It is no longer used by any node.
2026-09-19 15:07:34.8008896 [I:onnxruntime:, graph.cc:4888 onnxruntime::Graph::CleanUnusedInitializersAndNodeArgs] Removing initializer 'onnx::Conv_647_zero_point'. It is no longer used by any node.
2026-09-19 15:07:34.8009956 [I:onnxruntime:, graph.cc:4888 onnxruntime::Graph::CleanUnusedInitializersAndNodeArgs] Removing initializer 'onnx::Conv_647_quantized'. It is no longer used by any node.
2026-09-19 15:07:34.8010935 [I:onnxruntime:, graph.cc:4888 onnxruntime::Graph::CleanUnusedInitializersAndNodeArgs] Removing initializer 'onnx::Conv_648_quantized'. It is no longer used by any node.
2026-09-19 15:07:34.8012221 [I:onnxruntime:, graph.cc:4888 onnxruntime::Graph::CleanUnusedInitializersAndNodeArgs] Removing initializer '/segment/S5_5/conv_gap/relu/Relu_output_0_zero_point'. It is no longer used by any node.
2026-09-19 15:07:34.8013346 [I:onnxruntime:, graph.cc:4888 onnxruntime::Graph::CleanUnusedInitializersAndNodeArgs] Removing initializer 'onnx::Conv_650_zero_point'. It is no longer used by any node.
2026-09-19 15:07:34.8172491 [I:onnxruntime:, graph.cc:4888 onnxruntime::Graph::CleanUnusedInitializersAndNodeArgs] Removing initializer 'onnx::Conv_659_quantized'. It is no longer used by any node.
2026-09-19 15:07:34.8174674 [I:onnxruntime:, graph.cc:4888 onnxruntime::Graph::CleanUnusedInitializersAndNodeArgs] Removing initializer 'onnx::Conv_660_zero_point'. It is no longer used by any node.
2026-09-19 15:07:34.8177386 [I:onnxruntime:, graph.cc:4888 onnxruntime::Graph::CleanUnusedInitializersAndNodeArgs] Removing initializer 'onnx::Conv_660_quantized'. It is no longer used by any node.
2026-09-19 15:07:34.8179253 [I:onnxruntime:, graph.cc:4888 onnxruntime::Graph::CleanUnusedInitializersAndNodeArgs] Removing initializer '/bga/right2/right2.2/Conv_output_0_zero_point'. It is no longer used by any node.
2026-09-19 15:07:34.8182009 [I:onnxruntime:, graph.cc:4888 onnxruntime::Graph::CleanUnusedInitializersAndNodeArgs] Removing initializer '/bga/Sigmoid_1_output_0_zero_point'. It is no longer used by any node.
2026-09-19 15:07:34.8183722 [I:onnxruntime:, graph.cc:4888 onnxruntime::Graph::CleanUnusedInitializersAndNodeArgs] Removing initializer 'onnx::Conv_669_zero_point'. It is no longer used by any node.
2026-09-19 15:07:34.8184744 [I:onnxruntime:, graph.cc:4888 onnxruntime::Graph::CleanUnusedInitializersAndNodeArgs] Removing initializer '/bga/Mul_output_0_zero_point'. It is no longer used by any node.
2026-09-19 15:07:34.8185780 [I:onnxruntime:, graph.cc:4888 onnxruntime::Graph::CleanUnusedInitializersAndNodeArgs] Removing initializer '/bga/Mul_1_output_0_zero_point'. It is no longer used by any node.
2026-09-19 15:07:34.8186798 [I:onnxruntime:, graph.cc:4888 onnxruntime::Graph::CleanUnusedInitializersAndNodeArgs] Removing initializer 'onnx::Conv_668_quantized'. It is no longer used by any node.
2026-09-19 15:07:34.8187796 [I:onnxruntime:, graph.cc:4888 onnxruntime::Graph::CleanUnusedInitializersAndNodeArgs] Removing initializer '/bga/Add_output_0_zero_point'. It is no longer used by any node.
2026-09-19 15:07:34.8188925 [I:onnxruntime:, graph.cc:4888 onnxruntime::Graph::CleanUnusedInitializersAndNodeArgs] Removing initializer 'onnx::Conv_666_zero_point'. It is no longer used by any node.
2026-09-19 15:07:34.8190588 [I:onnxruntime:, graph.cc:4888 onnxruntime::Graph::CleanUnusedInitializersAndNodeArgs] Removing initializer 'onnx::Conv_668_zero_point'. It is no longer used by any node.
2026-09-19 15:07:34.8192017 [I:onnxruntime:, graph.cc:4888 onnxruntime::Graph::CleanUnusedInitializersAndNodeArgs] Removing initializer 'onnx::Conv_669_quantized'. It is no longer used by any node.
2026-09-19 15:07:34.8193769 [I:onnxruntime:, graph.cc:4888 onnxruntime::Graph::CleanUnusedInitializersAndNodeArgs] Removing initializer '/head/conv/relu/Relu_output_0_zero_point'. It is no longer used by any node.
2026-09-19 15:07:34.8204177 [I:onnxruntime:, inference_session.cc:1465 onnxruntime::InferenceSession::TransformGraph] Running graph optimizations in loop 1 time/s (Graph Optimizations Loop Level : 1)
2026-09-19 15:07:34.8206137 [I:onnxruntime:, graph_transformer.cc:15 onnxruntime::GraphTransformer::Apply] GraphTransformer Level2_RuleBasedTransformer modified: 0 with status: OK
2026-09-19 15:07:34.8207362 [I:onnxruntime:, graph_transformer.cc:15 onnxruntime::GraphTransformer::Apply] GraphTransformer TransposeOptimizer_CPUExecutionProvider modified: 0 with status: OK
2026-09-19 15:07:34.8208538 [I:onnxruntime:, graph_transformer.cc:15 onnxruntime::GraphTransformer::Apply] GraphTransformer QDQS8ToU8Transformer modified: 0 with status: OK
2026-09-19 15:07:34.8209641 [I:onnxruntime:, graph_transformer.cc:15 onnxruntime::GraphTransformer::Apply] GraphTransformer QDQSelectorActionTransformer modified: 0 with status: OK
2026-09-19 15:07:34.8210896 [I:onnxruntime:, graph_transformer.cc:15 onnxruntime::GraphTransformer::Apply] GraphTransformer GemmActivationFusion modified: 0 with status: OK
2026-09-19 15:07:34.8392307 [I:onnxruntime:, graph_transformer.cc:15 onnxruntime::GraphTransformer::Apply] GraphTransformer MatMulIntegerToFloatFusion modified: 0 with status: OK
2026-09-19 15:07:34.8394103 [I:onnxruntime:, graph_transformer.cc:15 onnxruntime::GraphTransformer::Apply] GraphTransformer DynamicQuantizeMatMulFusion modified: 0 with status: OK
2026-09-19 15:07:34.8395780 [I:onnxruntime:, graph_transformer.cc:15 onnxruntime::GraphTransformer::Apply] GraphTransformer ConvActivationFusion modified: 0 with status: OK
2026-09-19 15:07:34.8397413 [I:onnxruntime:, graph_transformer.cc:15 onnxruntime::GraphTransformer::Apply] GraphTransformer GeluFusionL2 modified: 0 with status: OK
2026-09-19 15:07:34.8398947 [I:onnxruntime:, graph_transformer.cc:15 onnxruntime::GraphTransformer::Apply] GraphTransformer LayerNormFusionL2 modified: 0 with status: OK
2026-09-19 15:07:34.8400060 [I:onnxruntime:, graph_transformer.cc:15 onnxruntime::GraphTransformer::Apply] GraphTransformer SimplifiedLayerNormFusion modified: 0 with status: OK
2026-09-19 15:07:34.8401052 [I:onnxruntime:, graph_transformer.cc:15 onnxruntime::GraphTransformer::Apply] GraphTransformer AttentionFusion modified: 0 with status: OK
2026-09-19 15:07:34.8401927 [I:onnxruntime:, graph_transformer.cc:15 onnxruntime::GraphTransformer::Apply] GraphTransformer EmbedLayerNormFusion modified: 0 with status: OK
2026-09-19 15:07:34.8403358 [I:onnxruntime:, graph_transformer.cc:15 onnxruntime::GraphTransformer::Apply] GraphTransformer GatherSliceToSplitFusion modified: 0 with status: OK
2026-09-19 15:07:34.8404283 [I:onnxruntime:, graph_transformer.cc:15 onnxruntime::GraphTransformer::Apply] GraphTransformer GatherToSliceFusion modified: 0 with status: OK
2026-09-19 15:07:34.8405375 [I:onnxruntime:, graph_transformer.cc:15 onnxruntime::GraphTransformer::Apply] GraphTransformer MatmulTransposeFusion modified: 0 with status: OK
2026-09-19 15:07:34.8406473 [I:onnxruntime:, graph_transformer.cc:15 onnxruntime::GraphTransformer::Apply] GraphTransformer BiasGeluFusion modified: 0 with status: OK
2026-09-19 15:07:34.8407317 [I:onnxruntime:, graph_transformer.cc:15 onnxruntime::GraphTransformer::Apply] GraphTransformer GroupQueryAttentionFusion modified: 0 with status: OK
2026-09-19 15:07:34.8408213 [I:onnxruntime:, graph_transformer.cc:15 onnxruntime::GraphTransformer::Apply] GraphTransformer MatMulAddFusion modified: 0 with status: OK
2026-09-19 15:07:34.8409072 [I:onnxruntime:, graph_transformer.cc:15 onnxruntime::GraphTransformer::Apply] GraphTransformer SkipLayerNormFusion modified: 0 with status: OK
2026-09-19 15:07:34.8410174 [I:onnxruntime:, graph_transformer.cc:15 onnxruntime::GraphTransformer::Apply] GraphTransformer FastGeluFusion modified: 0 with status: OK
2026-09-19 15:07:34.8411035 [I:onnxruntime:, graph_transformer.cc:15 onnxruntime::GraphTransformer::Apply] GraphTransformer QuickGeluFusion modified: 0 with status: OK
2026-09-19 15:07:34.8411892 [I:onnxruntime:, graph_transformer.cc:15 onnxruntime::GraphTransformer::Apply] GraphTransformer BiasSoftmaxFusion modified: 0 with status: OK
2026-09-19 15:07:34.8412759 [I:onnxruntime:, graph_transformer.cc:15 onnxruntime::GraphTransformer::Apply] GraphTransformer BiasDropoutFusion modified: 0 with status: OK
2026-09-19 15:07:34.8413714 [I:onnxruntime:, graph_transformer.cc:15 onnxruntime::GraphTransformer::Apply] GraphTransformer MatMulScaleFusion modified: 0 with status: OK
2026-09-19 15:07:34.8414584 [I:onnxruntime:, graph_transformer.cc:15 onnxruntime::GraphTransformer::Apply] GraphTransformer MatMulActivationFusion modified: 0 with status: OK
2026-09-19 15:07:34.8415808 [I:onnxruntime:, graph_transformer.cc:15 onnxruntime::GraphTransformer::Apply] GraphTransformer MatMulNBitsFusion modified: 0 with status: OK
2026-09-19 15:07:34.8416786 [I:onnxruntime:, graph_transformer.cc:15 onnxruntime::GraphTransformer::Apply] GraphTransformer QDQFinalCleanupTransformer modified: 0 with status: OK
2026-09-19 15:07:34.8417946 [I:onnxruntime:, graph_transformer.cc:15 onnxruntime::GraphTransformer::Apply] GraphTransformer NchwcTransformer modified: 0 with status: OK
2026-09-19 15:07:34.8496340 [I:onnxruntime:, graph_transformer.cc:15 onnxruntime::GraphTransformer::Apply] GraphTransformer NhwcTransformer modified: 0 with status: OK
2026-09-19 15:07:34.8498030 [I:onnxruntime:, graph_transformer.cc:15 onnxruntime::GraphTransformer::Apply] GraphTransformer ConvAddActivationFusion modified: 0 with status: OK
2026-09-19 15:07:34.8499715 [I:onnxruntime:, graph_transformer.cc:15 onnxruntime::GraphTransformer::Apply] GraphTransformer RemoveDuplicateCastTransformer modified: 0 with status: OK
2026-09-19 15:07:34.8501373 [I:onnxruntime:, graph_transformer.cc:15 onnxruntime::GraphTransformer::Apply] GraphTransformer CastFloat16Transformer modified: 0 with status: OK
2026-09-19 15:07:34.8503113 [I:onnxruntime:, graph_transformer.cc:15 onnxruntime::GraphTransformer::Apply] GraphTransformer FuseFp16InitializerToFp32NodeTransformer modified: 0 with status: OK
2026-09-19 15:07:34.8504984 [I:onnxruntime:, graph_transformer.cc:15 onnxruntime::GraphTransformer::Apply] GraphTransformer MemcpyTransformer modified: 0 with status: OK
2026-09-19 15:07:34.8506770 [I:onnxruntime:, allocation_planner.cc:2659 onnxruntime::IGraphPartitioner::CreateGraphPartitioner] Use DeviceBasedPartition as default
2026-09-19 15:07:34.8508207 [I:onnxruntime:, session_state_utils.cc:243 onnxruntime::session_state_utils::SaveInitializedTensors] Saving initialized tensors.
2026-09-19 15:07:34.8509366 [I:onnxruntime:, session_state_utils.cc:438 onnxruntime::session_state_utils::SaveInitializedTensors] Done saving initialized tensors
2026-09-19 15:07:35.0477177 [I:onnxruntime:, inference_session.cc:2532 onnxruntime::InferenceSession::Initialize] Session successfully initialized.
AMD_REPORT {"path": "bisenetv2cachekey/vitisai_ep_report.json", "sha256": "d579c499436698cc3770ccba6671f3ba663bf50c8c245245838f4ea628aa0e0a", "report": {"deviceStat": [{"name": "all", "nodeNum": 404, "supportedOpType": ["::Add", "::AveragePool", "::Concat", "::Conv", "::DequantizeLinear", "::GlobalAveragePool", "::HardSigmoid", "::MaxPool", "::Mul", "::QuantizeLinear", "::Relu", "::Resize"]}, {"name": "NPU", "nodeNum": 402, "supportedOpType": ["::Add", "::AveragePool", "::Concat", "::Conv", "::DequantizeLinear", "::GlobalAveragePool", "::HardSigmoid", "::MaxPool", "::Mul", "::QuantizeLinear", "::Relu", "::Resize"]}, {"name": "VITIS_EP_CPU", "nodeNum": 2, "supportedOpType": ["::DequantizeLinear", "::QuantizeLinear"]}], "nodeStat": [{"output": ["image_QuantizeLinear_Output"], "input": ["image", "image_scale", "image_zero_point"], "opType": "QuantizeLinear", "comment": "@6 [image_QuantizeLinear_Output:(ty=2,shape=[1,3,512,512])] QuantizeLinear [image:(ty=1,shape=[1,3,512,512]),image_scale:(ty=1,shape=[]),image_zero_point:(ty=2,shape=[])]", "device": "CPU"}, {"output": ["image_DequantizeLinear_Output/duplicated"], "input": ["image_QuantizeLinear_Output", "image_scale", "image_zero_point"], "opType": "DequantizeLinear", "comment": "@392 [image_DequantizeLinear_Output/duplicated:(ty=1,shape=[1,3,512,512])] DequantizeLinear [image_QuantizeLinear_Output:(ty=2,shape=[1,3,512,512]),image_scale:(ty=1,shape=[]),image_zero_point:(ty=2,shape=[])]", "device": "NPU"}, {"output": ["onnx::Conv_537_DequantizeLinear_Output"], "input": ["onnx::Conv_537_quantized", "/bga/Mul_output_0_scale", "onnx::Conv_537_zero_point"], "opType": "DequantizeLinear", "comment": "@24 [onnx::Conv_537_DequantizeLinear_Output:(ty=1,shape=[16])] DequantizeLinear [onnx::Conv_537_quantized:(ty=3,shape=[16]),/bga/Mul_output_0_scale:(ty=1,shape=[]),onnx::Conv_537_zero_point:(ty=3,shape=[])]", "device": "NPU"}, {"output": ["onnx::Conv_536_DequantizeLinear_Output"], "input": ["onnx::Conv_536_quantized", "onnx::Conv_645_scale", "onnx::Conv_536_zero_point"], "opType": "DequantizeLinear", "comment": "@23 [onnx::Conv_536_DequantizeLinear_Output:(ty=1,shape=[16,3,3,3])] DequantizeLinear [onnx::Conv_536_quantized:(ty=3,shape=[16,3,3,3]),onnx::Conv_645_scale:(ty=1,shape=[]),onnx::Conv_536_zero_point:(ty=3,shape=[])]", "device": "NPU"}, {"output": ["/segment/S1S2/conv/conv/Conv_output_0"], "input": ["image_DequantizeLinear_Output/duplicated", "onnx::Conv_536_DequantizeLinear_Output", "onnx::Conv_537_DequantizeLinear_Output"], "opType": "Conv", "comment": "@115 [/segment/S1S2/conv/conv/Conv_output_0:(ty=1,shape=[1,16,256,256])] Conv [image_DequantizeLinear_Output/duplicated:(ty=1,shape=[1,3,512,512]),onnx::Conv_536_DequantizeLinear_Output:(ty=1,shape=[16,3,3,3]),onnx::Conv_537_DequantizeLinear_Output:(ty=1,shape=[16])]", "device": "NPU"}, {"output": ["/segment/S1S2/conv/relu/Relu_output_0"], "input": ["/segment/S1S2/conv/conv/Conv_output_0"], "opType": "Relu", "comment": "@117 [/segment/S1S2/conv/relu/Relu_output_0:(ty=1,shape=[1,16,256,256])] Relu [/segment/S1S2/conv/conv/Conv_output_0:(ty=1,shape=[1,16,256,256])]", "device": "NPU"}, {"output": ["/segment/S1S2/conv/relu/Relu_output_0_QuantizeLinear_Output"], "input": ["/segment/S1S2/conv/relu/Relu_output_0", "/segment/S3/S3.0/shortcut/shortcut.0/Conv_output_0_scale", "/segment/S1S2/conv/relu/Relu_output_0_zero_point"], "opType": "QuantizeLinear", "comment": "@119 [/segment/S1S2/conv/relu/Relu_output_0_QuantizeLinear_Output:(ty=2,shape=[1,16,256,256])] QuantizeLinear [/segment/S1S2/conv/relu/Relu_output_0:(ty=1,shape=[1,16,256,256]),/segment/S3/S3.0/shortcut/shortcut.0/Conv_output_0_scale:(ty=1,shape=[]),/segment/S1S2/conv/relu/Relu_output_0_zero_point:(ty=2,shape=[])]", "device": "NPU"}, {"output": ["/segment/S1S2/conv/relu/Relu_output_0_DequantizeLinear_Output"], "input": ["/segment/S1S2/conv/relu/Relu_output_0_QuantizeLinear_Output", "/segment/S3/S3.0/shortcut/shortcut.0/Conv_output_0_scale", "/segment/S1S2/conv/relu/Relu_output_0_zero_point"], "opType": "DequantizeLinear", "comment": "@121 [/segment/S1S2/conv/relu/Relu_output_0_DequantizeLinear_Output:(ty=1,shape=[1,16,256,256])] DequantizeLinear [/segment/S1S2/conv/relu/Relu_output_0_QuantizeLinear_Output:(ty=2,shape=[1,16,256,256]),/segment/S3/S3.0/shortcut/shortcut.0/Conv_output_0_scale:(ty=1,shape=[]),/segment/S1S2/conv/relu/Relu_output_0_zero_point:(ty=2,shape=[])]", "device": "NPU"}, {"output": ["onnx::Conv_540_DequantizeLinear_Output"], "input": ["onnx::Conv_540_quantized", "/bga/Mul_output_0_scale", "onnx::Conv_540_zero_point"], "opType": "DequantizeLinear", "comment": "@26 [onnx::Conv_540_DequantizeLinear_Output:(ty=1,shape=[8])] DequantizeLinear [onnx::Conv_540_quantized:(ty=3,shape=[8]),/bga/Mul_output_0_scale:(ty=1,shape=[]),onnx::Conv_540_zero_point:(ty=3,shape=[])]", "device": "NPU"}, {"output": ["onnx::Conv_539_DequantizeLinear_Output"], "input": ["onnx::Conv_539_quantized", "onnx::Conv_581_scale", "onnx::Conv_539_zero_point"], "opType": "DequantizeLinear", "comment": "@25 [onnx::Conv_539_DequantizeLinear_Output:(ty=1,shape=[8,16,1,1])] DequantizeLinear [onnx::Conv_539_quantized:(ty=3,shape=[8,16,1,1]),onnx::Conv_581_scale:(ty=1,shape=[]),onnx::Conv_539_zero_point:(ty=3,shape=[])]", "device": "NPU"}, {"output": ["/segment/S1S2/left/left.0/conv/Conv_output_0"], "input": ["/segment/S1S2/conv/relu/Relu_output_0_DequantizeLinear_Output", "onnx::Conv_539_DequantizeLinear_Output", "onnx::Conv_540_DequantizeLinear_Output"], "opType": "Conv", "comment": "@123 [/segment/S1S2/left/left.0/conv/Conv_output_0:(ty=1,shape=[1,8,256,256])] Conv [/segment/S1S2/conv/relu/Relu_output_0_DequantizeLinear_Output:(ty=1,shape=[1,16,256,256]),onnx::Conv_539_DequantizeLinear_Output:(ty=1,shape=[8,16,1,1]),onnx::Conv_540_DequantizeLinear_Output:(ty=1,shape=[8])]", "device": "NPU"}, {"output": ["/segment/S1S2/left/left.0/relu/Relu_output_0"], "input": ["/segment/S1S2/left/left.0/conv/Conv_output_0"], "opType": "Relu", "comment": "@126 [/segment/S1S2/left/left.0/relu/Relu_output_0:(ty=1,shape=[1,8,256,256])] Relu [/segment/S1S2/left/left.0/conv/Conv_output_0:(ty=1,shape=[1,8,256,256])]", "device": "NPU"}, {"output": ["/segment/S1S2/left/left.0/relu/Relu_output_0_QuantizeLinear_Output"], "input": ["/segment/S1S2/left/left.0/relu/Relu_output_0", "/segment/S1S2/left/left.0/relu/Relu_output_0_scale", "/segment/S1S2/left/left.0/relu/Relu_output_0_zero_point"], "opType": "QuantizeLinear", "comment": "@129 [/segment/S1S2/left/left.0/relu/Relu_output_0_QuantizeLinear_Output:(ty=2,shape=[1,8,256,256])] QuantizeLinear [/segment/S1S2/left/left.0/relu/Relu_output_0:(ty=1,shape=[1,8,256,256]),/segment/S1S2/left/left.0/relu/Relu_output_0_scale:(ty=1,shape=[]),/segment/S1S2/left/left.0/relu/Relu_output_0_zero_point:(ty=2,shape=[])]", "device": "NPU"}, {"output": ["/segment/S1S2/left/left.0/relu/Relu_output_0_DequantizeLinear_Output"], "input": ["/segment/S1S2/left/left.0/relu/Relu_output_0_QuantizeLinear_Output", "/segment/S1S2/left/left.0/relu/Relu_output_0_scale", "/segment/S1S2/left/left.0/relu/Relu_output_0_zero_point"], "opType": "DequantizeLinear", "comment": "@132 [/segment/S1S2/left/left.0/relu/Relu_output_0_DequantizeLinear_Output:(ty=1,shape=[1,8,256,256])] DequantizeLinear [/segment/S1S2/left/left.0/relu/Relu_output_0_QuantizeLinear_Output:(ty=2,shape=[1,8,256,256]),/segment/S1S2/left/left.0/relu/Relu_output_0_scale:(ty=1,shape=[]),/segment/S1S2/left/left.0/relu/Relu_output_0_zero_point:(ty=2,shape=[])]", "device": "NPU"}, {"output": ["onnx::Conv_543_DequantizeLinear_Output"], "input": ["onnx::Conv_543_quantized", "onnx::Conv_645_scale", "onnx::Conv_543_zero_point"], "opType": "DequantizeLinear", "comment": "@28 [onnx::Conv_543_DequantizeLinear_Output:(ty=1,shape=[16])] DequantizeLinear [onnx::Conv_543_quantized:(ty=3,shape=[16]),onnx::Conv_645_scale:(ty=1,shape=[]),onnx::Conv_543_zero_point:(ty=3,shape=[])]", "device": "NPU"}, {"output": ["onnx::Conv_542_DequantizeLinear_Output"], "input": ["onnx::Conv_542_quantized", "image_scale", "onnx::Conv_542_zero_point"], "opType": "DequantizeLinear", "comment": "@27 [onnx::Conv_542_DequantizeLinear_Output:(ty=1,shape=[16,8,3,3])] DequantizeLinear [onnx::Conv_542_quantized:(ty=3,shape=[16,8,3,3]),image_scale:(ty=1,shape=[]),onnx::Conv_542_zero_point:(ty=3,shape=[])]", "device": "NPU"}, {"output": ["/segment/S1S2/left/left.1/conv/Conv_output_0"], "input": ["/segment/S1S2/left/left.0/relu/Relu_output_0_DequantizeLinear_Output", "onnx::Conv_542_DequantizeLinear_Output", "onnx::Conv_543_DequantizeLinear_Output"], "opType": "Conv", "comment": "@134 [/segment/S1S2/left/left.1/conv/Conv_output_0:(ty=1,shape=[1,16,128,128])] Conv [/segment/S1S2/left/left.0/relu/Relu_output_0_DequantizeLinear_Output:(ty=1,shape=[1,8,256,256]),onnx::Conv_542_DequantizeLinear_Output:(ty=1,shape=[16,8,3,3]),onnx::Conv_543_DequantizeLinear_Output:(ty=1,shape=[16])]", "device": "NPU"}, {"output": ["/segment/S1S2/left/left.1/relu/Relu_output_0"], "input": ["/segment/S1S2/left/left.1/conv/Conv_output_0"], "opType": "Relu", "comment": "@136 [/segment/S1S2/left/left.1/relu/Relu_output_0:(ty=1,shape=[1,16,128,128])] Relu [/segment/S1S2/left/left.1/conv/Conv_output_0:(ty=1,shape=[1,16,128,128])]", "device": "NPU"}, {"output": ["/segment/S1S2/left/left.1/relu/Relu_output_0_QuantizeLinear_Output"], "input": ["/segment/S1S2/left/left.1/relu/Relu_output_0", "/segment/S3/S3.0/shortcut/shortcut.0/Conv_output_0_scale", "/segment/S1S2/left/left.1/relu/Relu_output_0_zero_point"], "opType": "QuantizeLinear", "comment": "@138 [/segment/S1S2/left/left.1/relu/Relu_output_0_QuantizeLinear_Output:(ty=2,shape=[1,16,128,128])] QuantizeLinear [/segment/S1S2/left/left.1/relu/Relu_output_0:(ty=1,shape=[1,16,128,128]),/segment/S3/S3.0/shortcut/shortcut.0/Conv_output_0_scale:(ty=1,shape=[]),/segment/S1S2/left/left.1/relu/Relu_output_0_zero_point:(ty=2,shape=[])]", "device": "NPU"}, {"output": ["/segment/S1S2/left/left.1/relu/Relu_output_0_DequantizeLinear_Output"], "input": ["/segment/S1S2/left/left.1/relu/Relu_output_0_QuantizeLinear_Output", "/segment/S3/S3.0/shortcut/shortcut.0/Conv_output_0_scale", "/segment/S1S2/left/left.1/relu/Relu_output_0_zero_point"], "opType": "DequantizeLinear", "comment": "@140 [/segment/S1S2/left/left.1/relu/Relu_output_0_DequantizeLinear_Output:(ty=1,shape=[1,16,128,128])] DequantizeLinear [/segment/S1S2/left/left.1/relu/Relu_output_0_QuantizeLinear_Output:(ty=2,shape=[1,16,128,128]),/segment/S3/S3.0/shortcut/shortcut.0/Conv_output_0_scale:(ty=1,shape=[]),/segment/S1S2/left/left.1/relu/Relu_output_0_zero_point:(ty=2,shape=[])]", "device": "NPU"}, {"output": ["/segment/S1S2/conv/relu/Relu_output_0_DequantizeLinear_Output/duplicated"], "input": ["/segment/S1S2/conv/relu/Relu_output_0_QuantizeLinear_Output", "/segment/S3/S3.0/shortcut/shortcut.0/Conv_output_0_scale", "/segment/S1S2/conv/relu/Relu_output_0_zero_point"], "opType": "DequantizeLinear", "comment": "@393 [/segment/S1S2/conv/relu/Relu_output_0_DequantizeLinear_Output/duplicated:(ty=1,shape=[1,16,256,256])] DequantizeLinear [/segment/S1S2/conv/relu/Relu_output_0_QuantizeLinear_Output:(ty=2,shape=[1,16,256,256]),/segment/S3/S3.0/shortcut/shortcut.0/Conv_output_0_scale:(ty=1,shape=[]),/segment/S1S2/conv/relu/Relu_output_0_zero_point:(ty=2,shape=[])]", "device": "NPU"}, {"output": ["/segment/S1S2/right/MaxPool_output_0"], "input": ["/segment/S1S2/conv/relu/Relu_output_0_DequantizeLinear_Output/duplicated"], "opType": "MaxPool", "comment": "@124 [/segment/S1S2/right/MaxPool_output_0:(ty=1,shape=[1,16,128,128])] MaxPool [/segment/S1S2/conv/relu/Relu_output_0_DequantizeLinear_Output/duplicated:(ty=1,shape=[1,16,256,256])]", "device": "NPU"}, {"output": ["/segment/S1S2/right/MaxPool_output_0_QuantizeLinear_Output"], "input": ["/segment/S1S2/right/MaxPool_output_0", "/segment/S3/S3.0/shortcut/shortcut.0/Conv_output_0_scale", "/segment/S1S2/conv/relu/Relu_output_0_zero_point"], "opType": "QuantizeLinear", "comment": "@127 [/segment/S1S2/right/MaxPool_output_0_QuantizeLinear_Output:(ty=2,shape=[1,16,128,128])] QuantizeLinear [/segment/S1S2/right/MaxPool_output_0:(ty=1,shape=[1,16,128,128]),/segment/S3/S3.0/shortcut/shortcut.0/Conv_output_0_scale:(ty=1,shape=[]),/segment/S1S2/conv/relu/Relu_output_0_zero_point:(ty=2,shape=[])]", "device": "NPU"}, {"output": ["/segment/S1S2/right/MaxPool_output_0_DequantizeLinear_Output"], "input": ["/segment/S1S2/right/MaxPool_output_0_QuantizeLinear_Output", "/segment/S3/S3.0/shortcut/shortcut.0/Conv_output_0_scale", "/segment/S1S2/conv/relu/Relu_output_0_zero_point"], "opType": "DequantizeLinear", "comment": "@130 [/segment/S1S2/right/MaxPool_output_0_DequantizeLinear_Output:(ty=1,shape=[1,16,128,128])] DequantizeLinear [/segment/S1S2/right/MaxPool_output_0_QuantizeLinear_Output:(ty=2,shape=[1,16,128,128]),/segment/S3/S3.0/shortcut/shortcut.0/Conv_output_0_scale:(ty=1,shape=[]),/segment/S1S2/conv/relu/Relu_output_0_zero_point:(ty=2,shape=[])]", "device": "NPU"}, {"output": ["/segment/S1S2/Concat_output_0"], "input": ["/segment/S1S2/left/left.1/relu/Relu_output_0_DequantizeLinear_Output", "/segment/S1S2/right/MaxPool_output_0_DequantizeLinear_Output"], "opType": "Concat", "comment": "@142 [/segment/S1S2/Concat_output_0:(ty=1,shape=[1,32,128,128])] Concat [/segment/S1S2/left/left.1/relu/Relu_output_0_DequantizeLinear_Output:(ty=1,shape=[1,16,128,128]),/segment/S1S2/right/MaxPool_output_0_DequantizeLinear_Output:(ty=1,shape=[1,16,128,128])]", "device": "NPU"}, {"output": ["/segment/S1S2/Concat_output_0_QuantizeLinear_Output"], "input": ["/segment/S1S2/Concat_output_0", "/segment/S3/S3.0/shortcut/shortcut.0/Conv_output_0_scale", "/segment/S1S2/Concat_output_0_zero_point"], "opType": "QuantizeLinear", "comment": "@144 [/segment/S1S2/Concat_output_0_QuantizeLinear_Output:(ty=2,shape=[1,32,128,128])] QuantizeLinear [/segment/S1S2/Concat_output_0:(ty=1,shape=[1,32,128,128]),/segment/S3/S3.0/shortcut/shortcut.0/Conv_output_0_scale:(ty=1,shape=[]),/segment/S1S2/Concat_output_0_zero_point:(ty=2,shape=[])]", "device": "NPU"}, {"output": ["/segment/S1S2/Concat_output_0_DequantizeLinear_Output"], "input": ["/segment/S1S2/Concat_output_0_QuantizeLinear_Output", "/segment/S3/S3.0/shortcut/shortcut.0/Conv_output_0_scale", "/segment/S1S2/Concat_output_0_zero_point"], "opType": "DequantizeLinear", "comment": "@146 [/segment/S1S2/Concat_output_0_DequantizeLinear_Output:(ty=1,shape=[1,32,128,128])] DequantizeLinear [/segment/S1S2/Concat_output_0_QuantizeLinear_Output:(ty=2,shape=[1,32,128,128]),/segment/S3/S3.0/shortcut/shortcut.0/Conv_output_0_scale:(ty=1,shape=[]),/segment/S1S2/Concat_output_0_zero_point:(ty=2,shape=[])]", "device": "NPU"}, {"output": ["onnx::Conv_546_DequantizeLinear_Output"], "input": ["onnx::Conv_546_quantized", "/segment/S1S2/left/left.0/relu/Relu_output_0_scale", "onnx::Conv_546_zero_point"], "opType": "DequantizeLinear", "comment": "@30 [onnx::Conv_546_DequantizeLinear_Output:(ty=1,shape=[16])] DequantizeLinear [onnx::Conv_546_quantized:(ty=3,shape=[16]),/segment/S1S2/left/left.0/relu/Relu_output_0_scale:(ty=1,shape=[]),onnx::Conv_546_zero_point:(ty=3,shape=[])]", "device": "NPU"}, {"output": ["onnx::Conv_545_DequantizeLinear_Output"], "input": ["onnx::Conv_545_quantized", "bga.right2.2.weight_scale", "onnx::Conv_545_zero_point"], "opType": "DequantizeLinear", "comment": "@29 [onnx::Conv_545_DequantizeLinear_Output:(ty=1,shape=[16,32,3,3])] DequantizeLinear [onnx::Conv_545_quantized:(ty=3,shape=[16,32,3,3]),bga.right2.2.weight_scale:(ty=1,shape=[]),onnx::Conv_545_zero_point:(ty=3,shape=[])]", "device": "NPU"}, {"output": ["/segment/S1S2/fuse/conv/Conv_output_0"], "input": ["/segment/S1S2/Concat_output_0_DequantizeLinear_Output", "onnx::Conv_545_DequantizeLinear_Output", "onnx::Conv_546_DequantizeLinear_Output"], "opType": "Conv", "comment": "@148 [/segment/S1S2/fuse/conv/Conv_output_0:(ty=1,shape=[1,16,128,128])] Conv [/segment/S1S2/Concat_output_0_DequantizeLinear_Output:(ty=1,shape=[1,32,128,128]),onnx::Conv_545_DequantizeLinear_Output:(ty=1,shape=[16,32,3,3]),onnx::Conv_546_DequantizeLinear_Output:(ty=1,shape=[16])]", "device": "NPU"}, {"output": ["/segment/S1S2/fuse/relu/Relu_output_0"], "input": ["/segment/S1S2/fuse/conv/Conv_output_0"], "opType": "Relu", "comment": "@150 [/segment/S1S2/fuse/relu/Relu_output_0:(ty=1,shape=[1,16,128,128])] Relu [/segment/S1S2/fuse/conv/Conv_output_0:(ty=1,shape=[1,16,128,128])]", "device": "NPU"}, {"output": ["/segment/S1S2/fuse/relu/Relu_output_0_QuantizeLinear_Output"], "input": ["/segment/S1S2/fuse/relu/Relu_output_0", "/detail/S2/S2.0/relu/Relu_output_0_scale", "/segment/S1S2/fuse/relu/Relu_output_0_zero_point"], "opType": "QuantizeLinear", "comment": "@152 [/segment/S1S2/fuse/relu/Relu_output_0_QuantizeLinear_Output:(ty=2,shape=[1,16,128,128])] QuantizeLinear [/segment/S1S2/fuse/relu/Relu_output_0:(ty=1,shape=[1,16,128,128]),/detail/S2/S2.0/relu/Relu_output_0_scale:(ty=1,shape=[]),/segment/S1S2/fuse/relu/Relu_output_0_zero_point:(ty=2,shape=[])]", "device": "NPU"}, {"output": ["/segment/S1S2/fuse/relu/Relu_output_0_DequantizeLinear_Output"], "input": ["/segment/S1S2/fuse/relu/Relu_output_0_QuantizeLinear_Output", "/detail/S2/S2.0/relu/Relu_output_0_scale", "/segment/S1S2/fuse/relu/Relu_output_0_zero_point"], "opType": "DequantizeLinear", "comment": "@154 [/segment/S1S2/fuse/relu/Relu_output_0_DequantizeLinear_Output:(ty=1,shape=[1,16,128,128])] DequantizeLinear [/segment/S1S2/fuse/relu/Relu_output_0_QuantizeLinear_Output:(ty=2,shape=[1,16,128,128]),/detail/S2/S2.0/relu/Relu_output_0_scale:(ty=1,shape=[]),/segment/S1S2/fuse/relu/Relu_output_0_zero_point:(ty=2,shape=[])]", "device": "NPU"}, {"output": ["onnx::Conv_549_DequantizeLinear_Output"], "input": ["onnx::Conv_549_quantized", "/bga/Mul_output_0_scale", "onnx::Conv_549_zero_point"], "opType": "DequantizeLinear", "comment": "@32 [onnx::Conv_549_DequantizeLinear_Output:(ty=1,shape=[16])] DequantizeLinear [onnx::Conv_549_quantized:(ty=3,shape=[16]),/bga/Mul_output_0_scale:(ty=1,shape=[]),onnx::Conv_549_zero_point:(ty=3,shape=[])]", "device": "NPU"}, {"output": ["onnx::Conv_548_DequantizeLinear_Output"], "input": ["onnx::Conv_548_quantized", "bga.right2.2.weight_scale", "onnx::Conv_548_zero_point"], "opType": "DequantizeLinear", "comment": "@31 [onnx::Conv_548_DequantizeLinear_Output:(ty=1,shape=[16,16,3,3])] DequantizeLinear [onnx::Conv_548_quantized:(ty=3,shape=[16,16,3,3]),bga.right2.2.weight_scale:(ty=1,shape=[]),onnx::Conv_548_zero_point:(ty=3,shape=[])]", "device": "NPU"}, {"output": ["/segment/S3/S3.0/conv1/conv/Conv_output_0"], "input": ["/segment/S1S2/fuse/relu/Relu_output_0_DequantizeLinear_Output", "onnx::Conv_548_DequantizeLinear_Output", "onnx::Conv_549_DequantizeLinear_Output"], "opType": "Conv", "comment": "@156 [/segment/S3/S3.0/conv1/conv/Conv_output_0:(ty=1,shape=[1,16,128,128])] Conv [/segment/S1S2/fuse/relu/Relu_output_0_DequantizeLinear_Output:(ty=1,shape=[1,16,128,128]),onnx::Conv_548_DequantizeLinear_Output:(ty=1,shape=[16,16,3,3]),onnx::Conv_549_DequantizeLinear_Output:(ty=1,shape=[16])]", "device": "NPU"}, {"output": ["/segment/S3/S3.0/conv1/relu/Relu_output_0"], "input": ["/segment/S3/S3.0/conv1/conv/Conv_output_0"], "opType": "Relu", "comment": "@159 [/segment/S3/S3.0/conv1/relu/Relu_output_0:(ty=1,shape=[1,16,128,128])] Relu [/segment/S3/S3.0/conv1/conv/Conv_output_0:(ty=1,shape=[1,16,128,128])]", "device": "NPU"}, {"output": ["/segment/S3/S3.0/conv1/relu/Relu_output_0_QuantizeLinear_Output"], "input": ["/segment/S3/S3.0/conv1/relu/Relu_output_0", "/segment/S1S2/left/left.0/relu/Relu_output_0_scale", "/segment/S3/S3.0/conv1/relu/Relu_output_0_zero_point"], "opType": "QuantizeLinear", "comment": "@162 [/segment/S3/S3.0/conv1/relu/Relu_output_0_QuantizeLinear_Output:(ty=2,shape=[1,16,128,128])] QuantizeLinear [/segment/S3/S3.0/conv1/relu/Relu_output_0:(ty=1,shape=[1,16,128,128]),/segment/S1S2/left/left.0/relu/Relu_output_0_scale:(ty=1,shape=[]),/segment/S3/S3.0/conv1/relu/Relu_output_0_zero_point:(ty=2,shape=[])]", "device": "NPU"}, {"output": ["/segment/S3/S3.0/conv1/relu/Relu_output_0_DequantizeLinear_Output"], "input": ["/segment/S3/S3.0/conv1/relu/Relu_output_0_QuantizeLinear_Output", "/segment/S1S2/left/left.0/relu/Relu_output_0_scale", "/segment/S3/S3.0/conv1/relu/Relu_output_0_zero_point"], "opType": "DequantizeLinear", "comment": "@165 [/segment/S3/S3.0/conv1/relu/Relu_output_0_DequantizeLinear_Output:(ty=1,shape=[1,16,128,128])] DequantizeLinear [/segment/S3/S3.0/conv1/relu/Relu_output_0_QuantizeLinear_Output:(ty=2,shape=[1,16,128,128]),/segment/S1S2/left/left.0/relu/Relu_output_0_scale:(ty=1,shape=[]),/segment/S3/S3.0/conv1/relu/Relu_output_0_zero_point:(ty=2,shape=[])]", "device": "NPU"}, {"output": ["onnx::Conv_552_DequantizeLinear_Output"], "input": ["onnx::Conv_552_quantized", "/bga/Mul_output_0_scale", "onnx::Conv_552_zero_point"], "opType": "DequantizeLinear", "comment": "@34 [onnx::Conv_552_DequantizeLinear_Output:(ty=1,shape=[96])] DequantizeLinear [onnx::Conv_552_quantized:(ty=3,shape=[96]),/bga/Mul_output_0_scale:(ty=1,shape=[]),onnx::Conv_552_zero_point:(ty=3,shape=[])]", "device": "NPU"}, {"output": ["onnx::Conv_551_DequantizeLinear_Output"], "input": ["onnx::Conv_551_quantized", "onnx::Conv_581_scale", "onnx::Conv_551_zero_point"], "opType": "DequantizeLinear", "comment": "@33 [onnx::Conv_551_DequantizeLinear_Output:(ty=1,shape=[96,1,3,3])] DequantizeLinear [onnx::Conv_551_quantized:(ty=3,shape=[96,1,3,3]),onnx::Conv_581_scale:(ty=1,shape=[]),onnx::Conv_551_zero_point:(ty=3,shape=[])]", "device": "NPU"}, {"output": ["/segment/S3/S3.0/dwconv1/dwconv1.0/Conv_output_0"], "input": ["/segment/S3/S3.0/conv1/relu/Relu_output_0_DequantizeLinear_Output", "onnx::Conv_551_DequantizeLinear_Output", "onnx::Conv_552_DequantizeLinear_Output"], "opType": "Conv", "comment": "@168 [/segment/S3/S3.0/dwconv1/dwconv1.0/Conv_output_0:(ty=1,shape=[1,96,64,64])] Conv [/segment/S3/S3.0/conv1/relu/Relu_output_0_DequantizeLinear_Output:(ty=1,shape=[1,16,128,128]),onnx::Conv_551_DequantizeLinear_Output:(ty=1,shape=[96,1,3,3]),onnx::Conv_552_DequantizeLinear_Output:(ty=1,shape=[96])]", "device": "NPU"}, {"output": ["/segment/S3/S3.0/dwconv1/dwconv1.0/Conv_output_0_QuantizeLinear_Output"], "input": ["/segment/S3/S3.0/dwconv1/dwconv1.0/Conv_output_0", "onnx::Conv_645_scale", "/segment/S3/S3.0/dwconv1/dwconv1.0/Conv_output_0_zero_point"], "opType": "QuantizeLinear", "comment": "@171 [/segment/S3/S3.0/dwconv1/dwconv1.0/Conv_output_0_QuantizeLinear_Output:(ty=2,shape=[1,96,64,64])] QuantizeLinear [/segment/S3/S3.0/dwconv1/dwconv1.0/Conv_output_0:(ty=1,shape=[1,96,64,64]),onnx::Conv_645_scale:(ty=1,shape=[]),/segment/S3/S3.0/dwconv1/dwconv1.0/Conv_output_0_zero_point:(ty=2,shape=[])]", "device": "NPU"}, {"output": ["/segment/S3/S3.0/dwconv1/dwconv1.0/Conv_output_0_DequantizeLinear_Output"], "input": ["/segment/S3/S3.0/dwconv1/dwconv1.0/Conv_output_0_QuantizeLinear_Output", "onnx::Conv_645_scale", "/segment/S3/S3.0/dwconv1/dwconv1.0/Conv_output_0_zero_point"], "opType": "DequantizeLinear", "comment": "@174 [/segment/S3/S3.0/dwconv1/dwconv1.0/Conv_output_0_DequantizeLinear_Output:(ty=1,shape=[1,96,64,64])] DequantizeLinear [/segment/S3/S3.0/dwconv1/dwconv1.0/Conv_output_0_QuantizeLinear_Output:(ty=2,shape=[1,96,64,64]),onnx::Conv_645_scale:(ty=1,shape=[]),/segment/S3/S3.0/dwconv1/dwconv1.0/Conv_output_0_zero_point:(ty=2,shape=[])]", "device": "NPU"}, {"output": ["onnx::Conv_555_DequantizeLinear_Output"], "input": ["onnx::Conv_555_quantized", "/bga/Mul_output_0_scale", "onnx::Conv_555_zero_point"], "opType": "DequantizeLinear", "comment": "@36 [onnx::Conv_555_DequantizeLinear_Output:(ty=1,shape=[96])] DequantizeLinear [onnx::Conv_555_quantized:(ty=3,shape=[96]),/bga/Mul_output_0_scale:(ty=1,shape=[]),onnx::Conv_555_zero_point:(ty=3,shape=[])]", "device": "NPU"}, {"output": ["onnx::Conv_554_DequantizeLinear_Output"], "input": ["onnx::Conv_554_quantized", "onnx::Conv_581_scale", "onnx::Conv_554_zero_point"], "opType": "DequantizeLinear", "comment": "@35 [onnx::Conv_554_DequantizeLinear_Output:(ty=1,shape=[96,1,3,3])] DequantizeLinear [onnx::Conv_554_quantized:(ty=3,shape=[96,1,3,3]),onnx::Conv_581_scale:(ty=1,shape=[]),onnx::Conv_554_zero_point:(ty=3,shape=[])]", "device": "NPU"}, {"output": ["/segment/S3/S3.0/dwconv2/dwconv2.0/Conv_output_0"], "input": ["/segment/S3/S3.0/dwconv1/dwconv1.0/Conv_output_0_DequantizeLinear_Output", "onnx::Conv_554_DequantizeLinear_Output", "onnx::Conv_555_DequantizeLinear_Output"], "opType": "Conv", "comment": "@176 [/segment/S3/S3.0/dwconv2/dwconv2.0/Conv_output_0:(ty=1,shape=[1,96,64,64])] Conv [/segment/S3/S3.0/dwconv1/dwconv1.0/Conv_output_0_DequantizeLinear_Output:(ty=1,shape=[1,96,64,64]),onnx::Conv_554_DequantizeLinear_Output:(ty=1,shape=[96,1,3,3]),onnx::Conv_555_DequantizeLinear_Output:(ty=1,shape=[96])]", "device": "NPU"}, {"output": ["/segment/S3/S3.0/dwconv2/dwconv2.2/Relu_output_0"], "input": ["/segment/S3/S3.0/dwconv2/dwconv2.0/Conv_output_0"], "opType": "Relu", "comment": "@178 [/segment/S3/S3.0/dwconv2/dwconv2.2/Relu_output_0:(ty=1,shape=[1,96,64,64])] Relu [/segment/S3/S3.0/dwconv2/dwconv2.0/Conv_output_0:(ty=1,shape=[1,96,64,64])]", "device": "NPU"}, {"output": ["/segment/S3/S3.0/dwconv2/dwconv2.2/Relu_output_0_QuantizeLinear_Output"], "input": ["/segment/S3/S3.0/dwconv2/dwconv2.2/Relu_output_0", "/segment/S1S2/left/left.0/relu/Relu_output_0_scale", "/segment/S3/S3.0/dwconv2/dwconv2.2/Relu_output_0_zero_point"], "opType": "QuantizeLinear", "comment": "@180 [/segment/S3/S3.0/dwconv2/dwconv2.2/Relu_output_0_QuantizeLinear_Output:(ty=2,shape=[1,96,64,64])] QuantizeLinear [/segment/S3/S3.0/dwconv2/dwconv2.2/Relu_output_0:(ty=1,shape=[1,96,64,64]),/segment/S1S2/left/left.0/relu/Relu_output_0_scale:(ty=1,shape=[]),/segment/S3/S3.0/dwconv2/dwconv2.2/Relu_output_0_zero_point:(ty=2,shape=[])]", "device": "NPU"}, {"output": ["/segment/S3/S3.0/dwconv2/dwconv2.2/Relu_output_0_DequantizeLinear_Output"], "input": ["/segment/S3/S3.0/dwconv2/dwconv2.2/Relu_output_0_QuantizeLinear_Output", "/segment/S1S2/left/left.0/relu/Relu_output_0_scale", "/segment/S3/S3.0/dwconv2/dwconv2.2/Relu_output_0_zero_point"], "opType": "DequantizeLinear", "comment": "@182 [/segment/S3/S3.0/dwconv2/dwconv2.2/Relu_output_0_DequantizeLinear_Output:(ty=1,shape=[1,96,64,64])] DequantizeLinear [/segment/S3/S3.0/dwconv2/dwconv2.2/Relu_output_0_QuantizeLinear_Output:(ty=2,shape=[1,96,64,64]),/segment/S1S2/left/left.0/relu/Relu_output_0_scale:(ty=1,shape=[]),/segment/S3/S3.0/dwconv2/dwconv2.2/Relu_output_0_zero_point:(ty=2,shape=[])]", "device": "NPU"}, {"output": ["onnx::Conv_558_DequantizeLinear_Output"], "input": ["onnx::Conv_558_quantized", "onnx::Conv_645_scale", "onnx::Conv_558_zero_point"], "opType": "DequantizeLinear", "comment": "@38 [onnx::Conv_558_DequantizeLinear_Output:(ty=1,shape=[32])] DequantizeLinear [onnx::Conv_558_quantized:(ty=3,shape=[32]),onnx::Conv_645_scale:(ty=1,shape=[]),onnx::Conv_558_zero_point:(ty=3,shape=[])]", "device": "NPU"}, {"output": ["onnx::Conv_557_DequantizeLinear_Output"], "input": ["onnx::Conv_557_quantized", "onnx::Conv_581_scale", "onnx::Conv_557_zero_point"], "opType": "DequantizeLinear", "comment": "@37 [onnx::Conv_557_DequantizeLinear_Output:(ty=1,shape=[32,96,1,1])] DequantizeLinear [onnx::Conv_557_quantized:(ty=3,shape=[32,96,1,1]),onnx::Conv_581_scale:(ty=1,shape=[]),onnx::Conv_557_zero_point:(ty=3,shape=[])]", "device": "NPU"}, {"output": ["/segment/S3/S3.0/conv2/conv2.0/Conv_output_0"], "input": ["/segment/S3/S3.0/dwconv2/dwconv2.2/Relu_output_0_DequantizeLinear_Output", "onnx::Conv_557_DequantizeLinear_Output", "onnx::Conv_558_DequantizeLinear_Output"], "opType": "Conv", "comment": "@184 [/segment/S3/S3.0/conv2/conv2.0/Conv_output_0:(ty=1,shape=[1,32,64,64])] Conv [/segment/S3/S3.0/dwconv2/dwconv2.2/Relu_output_0_DequantizeLinear_Output:(ty=1,shape=[1,96,64,64]),onnx::Conv_557_DequantizeLinear_Output:(ty=1,shape=[32,96,1,1]),onnx::Conv_558_DequantizeLinear_Output:(ty=1,shape=[32])]", "device": "NPU"}, {"output": ["/segment/S3/S3.0/conv2/conv2.0/Conv_output_0_QuantizeLinear_Output"], "input": ["/segment/S3/S3.0/conv2/conv2.0/Conv_output_0", "/detail/S2/S2.0/relu/Relu_output_0_scale", "/segment/S3/S3.0/conv2/conv2.0/Conv_output_0_zero_point"], "opType": "QuantizeLinear", "comment": "@186 [/segment/S3/S3.0/conv2/conv2.0/Conv_output_0_QuantizeLinear_Output:(ty=2,shape=[1,32,64,64])] QuantizeLinear [/segment/S3/S3.0/conv2/conv2.0/Conv_output_0:(ty=1,shape=[1,32,64,64]),/detail/S2/S2.0/relu/Relu_output_0_scale:(ty=1,shape=[]),/segment/S3/S3.0/conv2/conv2.0/Conv_output_0_zero_point:(ty=2,shape=[])]", "device": "NPU"}, {"output": ["/segment/S3/S3.0/conv2/conv2.0/Conv_output_0_DequantizeLinear_Output"], "input": ["/segment/S3/S3.0/conv2/conv2.0/Conv_output_0_QuantizeLinear_Output", "/detail/S2/S2.0/relu/Relu_output_0_scale", "/segment/S3/S3.0/conv2/conv2.0/Conv_output_0_zero_point"], "opType": "DequantizeLinear", "comment": "@189 [/segment/S3/S3.0/conv2/conv2.0/Conv_output_0_DequantizeLinear_Output:(ty=1,shape=[1,32,64,64])] DequantizeLinear [/segment/S3/S3.0/conv2/conv2.0/Conv_output_0_QuantizeLinear_Output:(ty=2,shape=[1,32,64,64]),/detail/S2/S2.0/relu/Relu_output_0_scale:(ty=1,shape=[]),/segment/S3/S3.0/conv2/conv2.0/Conv_output_0_zero_point:(ty=2,shape=[])]", "device": "NPU"}, {"output": ["/segment/S1S2/fuse/relu/Relu_output_0_DequantizeLinear_Output/duplicated"], "input": ["/segment/S1S2/fuse/relu/Relu_output_0_QuantizeLinear_Output", "/detail/S2/S2.0/relu/Relu_output_0_scale", "/segment/S1S2/fuse/relu/Relu_output_0_zero_point"], "opType": "DequantizeLinear", "comment": "@394 [/segment/S1S2/fuse/relu/Relu_output_0_DequantizeLinear_Output/duplicated:(ty=1,shape=[1,16,128,128])] DequantizeLinear [/segment/S1S2/fuse/relu/Relu_output_0_QuantizeLinear_Output:(ty=2,shape=[1,16,128,128]),/detail/S2/S2.0/relu/Relu_output_0_scale:(ty=1,shape=[]),/segment/S1S2/fuse/relu/Relu_output_0_zero_point:(ty=2,shape=[])]", "device": "NPU"}, {"output": ["onnx::Conv_561_DequantizeLinear_Output"], "input": ["onnx::Conv_561_quantized", "onnx::Conv_645_scale", "onnx::Conv_561_zero_point"], "opType": "DequantizeLinear", "comment": "@40 [onnx::Conv_561_DequantizeLinear_Output:(ty=1,shape=[16])] DequantizeLinear [onnx::Conv_561_quantized:(ty=3,shape=[16]),onnx::Conv_645_scale:(ty=1,shape=[]),onnx::Conv_561_zero_point:(ty=3,shape=[])]", "device": "NPU"}, {"output": ["onnx::Conv_560_DequantizeLinear_Output"], "input": ["onnx::Conv_560_quantized", "onnx::Conv_581_scale", "onnx::Conv_560_zero_point"], "opType": "DequantizeLinear", "comment": "@39 [onnx::Conv_560_DequantizeLinear_Output:(ty=1,shape=[16,1,3,3])] DequantizeLinear [onnx::Conv_560_quantized:(ty=3,shape=[16,1,3,3]),onnx::Conv_581_scale:(ty=1,shape=[]),onnx::Conv_560_zero_point:(ty=3,shape=[])]", "device": "NPU"}, {"output": ["/segment/S3/S3.0/shortcut/shortcut.0/Conv_output_0"], "input": ["/segment/S1S2/fuse/relu/Relu_output_0_DequantizeLinear_Output/duplicated", "onnx::Conv_560_DequantizeLinear_Output", "onnx::Conv_561_DequantizeLinear_Output"], "opType": "Conv", "comment": "@157 [/segment/S3/S3.0/shortcut/shortcut.0/Conv_output_0:(ty=1,shape=[1,16,64,64])] Conv [/segment/S1S2/fuse/relu/Relu_output_0_DequantizeLinear_Output/duplicated:(ty=1,shape=[1,16,128,128]),onnx::Conv_560_DequantizeLinear_Output:(ty=1,shape=[16,1,3,3]),onnx::Conv_561_DequantizeLinear_Output:(ty=1,shape=[16])]", "device": "NPU"}, {"output": ["/segment/S3/S3.0/shortcut/shortcut.0/Conv_output_0_QuantizeLinear_Output"], "input": ["/segment/S3/S3.0/shortcut/shortcut.0/Conv_output_0", "/segment/S3/S3.0/shortcut/shortcut.0/Conv_output_0_scale", "/segment/S3/S3.0/shortcut/shortcut.0/Conv_output_0_zero_point"], "opType": "QuantizeLinear", "comment": "@160 [/segment/S3/S3.0/shortcut/shortcut.0/Conv_output_0_QuantizeLinear_Output:(ty=2,shape=[1,16,64,64])] QuantizeLinear [/segment/S3/S3.0/shortcut/shortcut.0/Conv_output_0:(ty=1,shape=[1,16,64,64]),/segment/S3/S3.0/shortcut/shortcut.0/Conv_output_0_scale:(ty=1,shape=[]),/segment/S3/S3.0/shortcut/shortcut.0/Conv_output_0_zero_point:(ty=2,shape=[])]", "device": "NPU"}, {"output": ["/segment/S3/S3.0/shortcut/shortcut.0/Conv_output_0_DequantizeLinear_Output"], "input": ["/segment/S3/S3.0/shortcut/shortcut.0/Conv_output_0_QuantizeLinear_Output", "/segment/S3/S3.0/shortcut/shortcut.0/Conv_output_0_scale", "/segment/S3/S3.0/shortcut/shortcut.0/Conv_output_0_zero_point"], "opType": "DequantizeLinear", "comment": "@163 [/segment/S3/S3.0/shortcut/shortcut.0/Conv_output_0_DequantizeLinear_Output:(ty=1,shape=[1,16,64,64])] DequantizeLinear [/segment/S3/S3.0/shortcut/shortcut.0/Conv_output_0_QuantizeLinear_Output:(ty=2,shape=[1,16,64,64]),/segment/S3/S3.0/shortcut/shortcut.0/Conv_output_0_scale:(ty=1,shape=[]),/segment/S3/S3.0/shortcut/shortcut.0/Conv_output_0_zero_point:(ty=2,shape=[])]", "device": "NPU"}, {"output": ["onnx::Conv_564_DequantizeLinear_Output"], "input": ["onnx::Conv_564_quantized", "/bga/Mul_output_0_scale", "onnx::Conv_564_zero_point"], "opType": "DequantizeLinear", "comment": "@42 [onnx::Conv_564_DequantizeLinear_Output:(ty=1,shape=[32])] DequantizeLinear [onnx::Conv_564_quantized:(ty=3,shape=[32]),/bga/Mul_output_0_scale:(ty=1,shape=[]),onnx::Conv_564_zero_point:(ty=3,shape=[])]", "device": "NPU"}, {"output": ["onnx::Conv_563_DequantizeLinear_Output"], "input": ["onnx::Conv_563_quantized", "onnx::Conv_581_scale", "onnx::Conv_563_zero_point"], "opType": "DequantizeLinear", "comment": "@41 [onnx::Conv_563_DequantizeLinear_Output:(ty=1,shape=[32,16,1,1])] DequantizeLinear [onnx::Conv_563_quantized:(ty=3,shape=[32,16,1,1]),onnx::Conv_581_scale:(ty=1,shape=[]),onnx::Conv_563_zero_point:(ty=3,shape=[])]", "device": "NPU"}, {"output": ["/segment/S3/S3.0/shortcut/shortcut.2/Conv_output_0"], "input": ["/segment/S3/S3.0/shortcut/shortcut.0/Conv_output_0_DequantizeLinear_Output", "onnx::Conv_563_DequantizeLinear_Output", "onnx::Conv_564_DequantizeLinear_Output"], "opType": "Conv", "comment": "@166 [/segment/S3/S3.0/shortcut/shortcut.2/Conv_output_0:(ty=1,shape=[1,32,64,64])] Conv [/segment/S3/S3.0/shortcut/shortcut.0/Conv_output_0_DequantizeLinear_Output:(ty=1,shape=[1,16,64,64]),onnx::Conv_563_DequantizeLinear_Output:(ty=1,shape=[32,16,1,1]),onnx::Conv_564_DequantizeLinear_Output:(ty=1,shape=[32])]", "device": "NPU"}, {"output": ["/segment/S3/S3.0/shortcut/shortcut.2/Conv_output_0_QuantizeLinear_Output"], "input": ["/segment/S3/S3.0/shortcut/shortcut.2/Conv_output_0", "/segment/S3/S3.0/shortcut/shortcut.2/Conv_output_0_scale", "/segment/S3/S3.0/shortcut/shortcut.2/Conv_output_0_zero_point"], "opType": "QuantizeLinear", "comment": "@169 [/segment/S3/S3.0/shortcut/shortcut.2/Conv_output_0_QuantizeLinear_Output:(ty=2,shape=[1,32,64,64])] QuantizeLinear [/segment/S3/S3.0/shortcut/shortcut.2/Conv_output_0:(ty=1,shape=[1,32,64,64]),/segment/S3/S3.0/shortcut/shortcut.2/Conv_output_0_scale:(ty=1,shape=[]),/segment/S3/S3.0/shortcut/shortcut.2/Conv_output_0_zero_point:(ty=2,shape=[])]", "device": "NPU"}, {"output": ["/segment/S3/S3.0/shortcut/shortcut.2/Conv_output_0_DequantizeLinear_Output"], "input": ["/segment/S3/S3.0/shortcut/shortcut.2/Conv_output_0_QuantizeLinear_Output", "/segment/S3/S3.0/shortcut/shortcut.2/Conv_output_0_scale", "/segment/S3/S3.0/shortcut/shortcut.2/Conv_output_0_zero_point"], "opType": "DequantizeLinear", "comment": "@172 [/segment/S3/S3.0/shortcut/shortcut.2/Conv_output_0_DequantizeLinear_Output:(ty=1,shape=[1,32,64,64])] DequantizeLinear [/segment/S3/S3.0/shortcut/shortcut.2/Conv_output_0_QuantizeLinear_Output:(ty=2,shape=[1,32,64,64]),/segment/S3/S3.0/shortcut/shortcut.2/Conv_output_0_scale:(ty=1,shape=[]),/segment/S3/S3.0/shortcut/shortcut.2/Conv_output_0_zero_point:(ty=2,shape=[])]", "device": "NPU"}, {"output": ["/segment/S3/S3.0/Add_output_0"], "input": ["/segment/S3/S3.0/conv2/conv2.0/Conv_output_0_DequantizeLinear_Output", "/segment/S3/S3.0/shortcut/shortcut.2/Conv_output_0_DequantizeLinear_Output"], "opType": "Add", "comment": "@192 [/segment/S3/S3.0/Add_output_0:(ty=1,shape=[1,32,64,64])] Add [/segment/S3/S3.0/conv2/conv2.0/Conv_output_0_DequantizeLinear_Output:(ty=1,shape=[1,32,64,64]),/segment/S3/S3.0/shortcut/shortcut.2/Conv_output_0_DequantizeLinear_Output:(ty=1,shape=[1,32,64,64])]", "device": "NPU"}, {"output": ["/segment/S3/S3.0/relu/Relu_output_0"], "input": ["/segment/S3/S3.0/Add_output_0"], "opType": "Relu", "comment": "@195 [/segment/S3/S3.0/relu/Relu_output_0:(ty=1,shape=[1,32,64,64])] Relu [/segment/S3/S3.0/Add_output_0:(ty=1,shape=[1,32,64,64])]", "device": "NPU"}, {"output": ["/segment/S3/S3.0/relu/Relu_output_0_QuantizeLinear_Output"], "input": ["/segment/S3/S3.0/relu/Relu_output_0", "/detail/S2/S2.0/relu/Relu_output_0_scale", "/segment/S3/S3.0/relu/Relu_output_0_zero_point"], "opType": "QuantizeLinear", "comment": "@198 [/segment/S3/S3.0/relu/Relu_output_0_QuantizeLinear_Output:(ty=2,shape=[1,32,64,64])] QuantizeLinear [/segment/S3/S3.0/relu/Relu_output_0:(ty=1,shape=[1,32,64,64]),/detail/S2/S2.0/relu/Relu_output_0_scale:(ty=1,shape=[]),/segment/S3/S3.0/relu/Relu_output_0_zero_point:(ty=2,shape=[])]", "device": "NPU"}, {"output": ["/segment/S3/S3.0/relu/Relu_output_0_DequantizeLinear_Output/duplicated"], "input": ["/segment/S3/S3.0/relu/Relu_output_0_QuantizeLinear_Output", "/detail/S2/S2.0/relu/Relu_output_0_scale", "/segment/S3/S3.0/relu/Relu_output_0_zero_point"], "opType": "DequantizeLinear", "comment": "@395 [/segment/S3/S3.0/relu/Relu_output_0_DequantizeLinear_Output/duplicated:(ty=1,shape=[1,32,64,64])] DequantizeLinear [/segment/S3/S3.0/relu/Relu_output_0_QuantizeLinear_Output:(ty=2,shape=[1,32,64,64]),/detail/S2/S2.0/relu/Relu_output_0_scale:(ty=1,shape=[]),/segment/S3/S3.0/relu/Relu_output_0_zero_point:(ty=2,shape=[])]", "device": "NPU"}, {"output": ["/segment/S3/S3.0/relu/Relu_output_0_DequantizeLinear_Output"], "input": ["/segment/S3/S3.0/relu/Relu_output_0_QuantizeLinear_Output", "/detail/S2/S2.0/relu/Relu_output_0_scale", "/segment/S3/S3.0/relu/Relu_output_0_zero_point"], "opType": "DequantizeLinear", "comment": "@201 [/segment/S3/S3.0/relu/Relu_output_0_DequantizeLinear_Output:(ty=1,shape=[1,32,64,64])] DequantizeLinear [/segment/S3/S3.0/relu/Relu_output_0_QuantizeLinear_Output:(ty=2,shape=[1,32,64,64]),/detail/S2/S2.0/relu/Relu_output_0_scale:(ty=1,shape=[]),/segment/S3/S3.0/relu/Relu_output_0_zero_point:(ty=2,shape=[])]", "device": "NPU"}, {"output": ["onnx::Conv_567_DequantizeLinear_Output"], "input": ["onnx::Conv_567_quantized", "/bga/Mul_output_0_scale", "onnx::Conv_567_zero_point"], "opType": "DequantizeLinear", "comment": "@44 [onnx::Conv_567_DequantizeLinear_Output:(ty=1,shape=[32])] DequantizeLinear [onnx::Conv_567_quantized:(ty=3,shape=[32]),/bga/Mul_output_0_scale:(ty=1,shape=[]),onnx::Conv_567_zero_point:(ty=3,shape=[])]", "device": "NPU"}, {"output": ["onnx::Conv_566_DequantizeLinear_Output"], "input": ["onnx::Conv_566_quantized", "bga.right2.2.weight_scale", "onnx::Conv_566_zero_point"], "opType": "DequantizeLinear", "comment": "@43 [onnx::Conv_566_DequantizeLinear_Output:(ty=1,shape=[32,32,3,3])] DequantizeLinear [onnx::Conv_566_quantized:(ty=3,shape=[32,32,3,3]),bga.right2.2.weight_scale:(ty=1,shape=[]),onnx::Conv_566_zero_point:(ty=3,shape=[])]", "device": "NPU"}, {"output": ["/segment/S3/S3.1/conv1/conv/Conv_output_0"], "input": ["/segment/S3/S3.0/relu/Relu_output_0_DequantizeLinear_Output", "onnx::Conv_566_DequantizeLinear_Output", "onnx::Conv_567_DequantizeLinear_Output"], "opType": "Conv", "comment": "@204 [/segment/S3/S3.1/conv1/conv/Conv_output_0:(ty=1,shape=[1,32,64,64])] Conv [/segment/S3/S3.0/relu/Relu_output_0_DequantizeLinear_Output:(ty=1,shape=[1,32,64,64]),onnx::Conv_566_DequantizeLinear_Output:(ty=1,shape=[32,32,3,3]),onnx::Conv_567_DequantizeLinear_Output:(ty=1,shape=[32])]", "device": "NPU"}, {"output": ["/segment/S3/S3.1/conv1/relu/Relu_output_0"], "input": ["/segment/S3/S3.1/conv1/conv/Conv_output_0"], "opType": "Relu", "comment": "@205 [/segment/S3/S3.1/conv1/relu/Relu_output_0:(ty=1,shape=[1,32,64,64])] Relu [/segment/S3/S3.1/conv1/conv/Conv_output_0:(ty=1,shape=[1,32,64,64])]", "device": "NPU"}, {"output": ["/segment/S3/S3.1/conv1/relu/Relu_output_0_QuantizeLinear_Output"], "input": ["/segment/S3/S3.1/conv1/relu/Relu_output_0", "/segment/S1S2/left/left.0/relu/Relu_output_0_scale", "/segment/S3/S3.1/conv1/relu/Relu_output_0_zero_point"], "opType": "QuantizeLinear", "comment": "@206 [/segment/S3/S3.1/conv1/relu/Relu_output_0_QuantizeLinear_Output:(ty=2,shape=[1,32,64,64])] QuantizeLinear [/segment/S3/S3.1/conv1/relu/Relu_output_0:(ty=1,shape=[1,32,64,64]),/segment/S1S2/left/left.0/relu/Relu_output_0_scale:(ty=1,shape=[]),/segment/S3/S3.1/conv1/relu/Relu_output_0_zero_point:(ty=2,shape=[])]", "device": "NPU"}, {"output": ["/segment/S3/S3.1/conv1/relu/Relu_output_0_DequantizeLinear_Output"], "input": ["/segment/S3/S3.1/conv1/relu/Relu_output_0_QuantizeLinear_Output", "/segment/S1S2/left/left.0/relu/Relu_output_0_scale", "/segment/S3/S3.1/conv1/relu/Relu_output_0_zero_point"], "opType": "DequantizeLinear", "comment": "@207 [/segment/S3/S3.1/conv1/relu/Relu_output_0_DequantizeLinear_Output:(ty=1,shape=[1,32,64,64])] DequantizeLinear [/segment/S3/S3.1/conv1/relu/Relu_output_0_QuantizeLinear_Output:(ty=2,shape=[1,32,64,64]),/segment/S1S2/left/left.0/relu/Relu_output_0_scale:(ty=1,shape=[]),/segment/S3/S3.1/conv1/relu/Relu_output_0_zero_point:(ty=2,shape=[])]", "device": "NPU"}, {"output": ["onnx::Conv_570_DequantizeLinear_Output"], "input": ["onnx::Conv_570_quantized", "onnx::Conv_645_scale", "onnx::Conv_570_zero_point"], "opType": "DequantizeLinear", "comment": "@46 [onnx::Conv_570_DequantizeLinear_Output:(ty=1,shape=[192])] DequantizeLinear [onnx::Conv_570_quantized:(ty=3,shape=[192]),onnx::Conv_645_scale:(ty=1,shape=[]),onnx::Conv_570_zero_point:(ty=3,shape=[])]", "device": "NPU"}, {"output": ["onnx::Conv_569_DequantizeLinear_Output"], "input": ["onnx::Conv_569_quantized", "/bga/Mul_output_0_scale", "onnx::Conv_569_zero_point"], "opType": "DequantizeLinear", "comment": "@45 [onnx::Conv_569_DequantizeLinear_Output:(ty=1,shape=[192,1,3,3])] DequantizeLinear [onnx::Conv_569_quantized:(ty=3,shape=[192,1,3,3]),/bga/Mul_output_0_scale:(ty=1,shape=[]),onnx::Conv_569_zero_point:(ty=3,shape=[])]", "device": "NPU"}, {"output": ["/segment/S3/S3.1/dwconv/dwconv.0/Conv_output_0"], "input": ["/segment/S3/S3.1/conv1/relu/Relu_output_0_DequantizeLinear_Output", "onnx::Conv_569_DequantizeLinear_Output", "onnx::Conv_570_DequantizeLinear_Output"], "opType": "Conv", "comment": "@208 [/segment/S3/S3.1/dwconv/dwconv.0/Conv_output_0:(ty=1,shape=[1,192,64,64])] Conv [/segment/S3/S3.1/conv1/relu/Relu_output_0_DequantizeLinear_Output:(ty=1,shape=[1,32,64,64]),onnx::Conv_569_DequantizeLinear_Output:(ty=1,shape=[192,1,3,3]),onnx::Conv_570_DequantizeLinear_Output:(ty=1,shape=[192])]", "device": "NPU"}, {"output": ["/segment/S3/S3.1/dwconv/dwconv.2/Relu_output_0"], "input": ["/segment/S3/S3.1/dwconv/dwconv.0/Conv_output_0"], "opType": "Relu", "comment": "@209 [/segment/S3/S3.1/dwconv/dwconv.2/Relu_output_0:(ty=1,shape=[1,192,64,64])] Relu [/segment/S3/S3.1/dwconv/dwconv.0/Conv_output_0:(ty=1,shape=[1,192,64,64])]", "device": "NPU"}, {"output": ["/segment/S3/S3.1/dwconv/dwconv.2/Relu_output_0_QuantizeLinear_Output"], "input": ["/segment/S3/S3.1/dwconv/dwconv.2/Relu_output_0", "/segment/S1S2/left/left.0/relu/Relu_output_0_scale", "/segment/S3/S3.1/dwconv/dwconv.2/Relu_output_0_zero_point"], "opType": "QuantizeLinear", "comment": "@210 [/segment/S3/S3.1/dwconv/dwconv.2/Relu_output_0_QuantizeLinear_Output:(ty=2,shape=[1,192,64,64])] QuantizeLinear [/segment/S3/S3.1/dwconv/dwconv.2/Relu_output_0:(ty=1,shape=[1,192,64,64]),/segment/S1S2/left/left.0/relu/Relu_output_0_scale:(ty=1,shape=[]),/segment/S3/S3.1/dwconv/dwconv.2/Relu_output_0_zero_point:(ty=2,shape=[])]", "device": "NPU"}, {"output": ["/segment/S3/S3.1/dwconv/dwconv.2/Relu_output_0_DequantizeLinear_Output"], "input": ["/segment/S3/S3.1/dwconv/dwconv.2/Relu_output_0_QuantizeLinear_Output", "/segment/S1S2/left/left.0/relu/Relu_output_0_scale", "/segment/S3/S3.1/dwconv/dwconv.2/Relu_output_0_zero_point"], "opType": "DequantizeLinear", "comment": "@211 [/segment/S3/S3.1/dwconv/dwconv.2/Relu_output_0_DequantizeLinear_Output:(ty=1,shape=[1,192,64,64])] DequantizeLinear [/segment/S3/S3.1/dwconv/dwconv.2/Relu_output_0_QuantizeLinear_Output:(ty=2,shape=[1,192,64,64]),/segment/S1S2/left/left.0/relu/Relu_output_0_scale:(ty=1,shape=[]),/segment/S3/S3.1/dwconv/dwconv.2/Relu_output_0_zero_point:(ty=2,shape=[])]", "device": "NPU"}, {"output": ["onnx::Conv_573_DequantizeLinear_Output"], "input": ["onnx::Conv_573_quantized", "/bga/Mul_output_0_scale", "onnx::Conv_573_zero_point"], "opType": "DequantizeLinear", "comment": "@48 [onnx::Conv_573_DequantizeLinear_Output:(ty=1,shape=[32])] DequantizeLinear [onnx::Conv_573_quantized:(ty=3,shape=[32]),/bga/Mul_output_0_scale:(ty=1,shape=[]),onnx::Conv_573_zero_point:(ty=3,shape=[])]", "device": "NPU"}, {"output": ["onnx::Conv_572_DequantizeLinear_Output"], "input": ["onnx::Conv_572_quantized", "onnx::Conv_581_scale", "onnx::Conv_572_zero_point"], "opType": "DequantizeLinear", "comment": "@47 [onnx::Conv_572_DequantizeLinear_Output:(ty=1,shape=[32,192,1,1])] DequantizeLinear [onnx::Conv_572_quantized:(ty=3,shape=[32,192,1,1]),onnx::Conv_581_scale:(ty=1,shape=[]),onnx::Conv_572_zero_point:(ty=3,shape=[])]", "device": "NPU"}, {"output": ["/segment/S3/S3.1/conv2/conv2.0/Conv_output_0"], "input": ["/segment/S3/S3.1/dwconv/dwconv.2/Relu_output_0_DequantizeLinear_Output", "onnx::Conv_572_DequantizeLinear_Output", "onnx::Conv_573_DequantizeLinear_Output"], "opType": "Conv", "comment": "@212 [/segment/S3/S3.1/conv2/conv2.0/Conv_output_0:(ty=1,shape=[1,32,64,64])] Conv [/segment/S3/S3.1/dwconv/dwconv.2/Relu_output_0_DequantizeLinear_Output:(ty=1,shape=[1,192,64,64]),onnx::Conv_572_DequantizeLinear_Output:(ty=1,shape=[32,192,1,1]),onnx::Conv_573_DequantizeLinear_Output:(ty=1,shape=[32])]", "device": "NPU"}, {"output": ["/segment/S3/S3.1/conv2/conv2.0/Conv_output_0_QuantizeLinear_Output"], "input": ["/segment/S3/S3.1/conv2/conv2.0/Conv_output_0", "/segment/S1S2/left/left.0/relu/Relu_output_0_scale", "/segment/S3/S3.1/conv2/conv2.0/Conv_output_0_zero_point"], "opType": "QuantizeLinear", "comment": "@213 [/segment/S3/S3.1/conv2/conv2.0/Conv_output_0_QuantizeLinear_Output:(ty=2,shape=[1,32,64,64])] QuantizeLinear [/segment/S3/S3.1/conv2/conv2.0/Conv_output_0:(ty=1,shape=[1,32,64,64]),/segment/S1S2/left/left.0/relu/Relu_output_0_scale:(ty=1,shape=[]),/segment/S3/S3.1/conv2/conv2.0/Conv_output_0_zero_point:(ty=2,shape=[])]", "device": "NPU"}, {"output": ["/segment/S3/S3.1/conv2/conv2.0/Conv_output_0_DequantizeLinear_Output"], "input": ["/segment/S3/S3.1/conv2/conv2.0/Conv_output_0_QuantizeLinear_Output", "/segment/S1S2/left/left.0/relu/Relu_output_0_scale", "/segment/S3/S3.1/conv2/conv2.0/Conv_output_0_zero_point"], "opType": "DequantizeLinear", "comment": "@214 [/segment/S3/S3.1/conv2/conv2.0/Conv_output_0_DequantizeLinear_Output:(ty=1,shape=[1,32,64,64])] DequantizeLinear [/segment/S3/S3.1/conv2/conv2.0/Conv_output_0_QuantizeLinear_Output:(ty=2,shape=[1,32,64,64]),/segment/S1S2/left/left.0/relu/Relu_output_0_scale:(ty=1,shape=[]),/segment/S3/S3.1/conv2/conv2.0/Conv_output_0_zero_point:(ty=2,shape=[])]", "device": "NPU"}, {"output": ["/segment/S3/S3.1/Add_output_0"], "input": ["/segment/S3/S3.1/conv2/conv2.0/Conv_output_0_DequantizeLinear_Output", "/segment/S3/S3.0/relu/Relu_output_0_DequantizeLinear_Output/duplicated"], "opType": "Add", "comment": "@215 [/segment/S3/S3.1/Add_output_0:(ty=1,shape=[1,32,64,64])] Add [/segment/S3/S3.1/conv2/conv2.0/Conv_output_0_DequantizeLinear_Output:(ty=1,shape=[1,32,64,64]),/segment/S3/S3.0/relu/Relu_output_0_DequantizeLinear_Output/duplicated:(ty=1,shape=[1,32,64,64])]", "device": "NPU"}, {"output": ["/segment/S3/S3.1/relu/Relu_output_0"], "input": ["/segment/S3/S3.1/Add_output_0"], "opType": "Relu", "comment": "@216 [/segment/S3/S3.1/relu/Relu_output_0:(ty=1,shape=[1,32,64,64])] Relu [/segment/S3/S3.1/Add_output_0:(ty=1,shape=[1,32,64,64])]", "device": "NPU"}, {"output": ["/segment/S3/S3.1/relu/Relu_output_0_QuantizeLinear_Output"], "input": ["/segment/S3/S3.1/relu/Relu_output_0", "/detail/S2/S2.0/relu/Relu_output_0_scale", "/segment/S3/S3.1/relu/Relu_output_0_zero_point"], "opType": "QuantizeLinear", "comment": "@217 [/segment/S3/S3.1/relu/Relu_output_0_QuantizeLinear_Output:(ty=2,shape=[1,32,64,64])] QuantizeLinear [/segment/S3/S3.1/relu/Relu_output_0:(ty=1,shape=[1,32,64,64]),/detail/S2/S2.0/relu/Relu_output_0_scale:(ty=1,shape=[]),/segment/S3/S3.1/relu/Relu_output_0_zero_point:(ty=2,shape=[])]", "device": "NPU"}, {"output": ["/segment/S3/S3.1/relu/Relu_output_0_DequantizeLinear_Output"], "input": ["/segment/S3/S3.1/relu/Relu_output_0_QuantizeLinear_Output", "/detail/S2/S2.0/relu/Relu_output_0_scale", "/segment/S3/S3.1/relu/Relu_output_0_zero_point"], "opType": "DequantizeLinear", "comment": "@218 [/segment/S3/S3.1/relu/Relu_output_0_DequantizeLinear_Output:(ty=1,shape=[1,32,64,64])] DequantizeLinear [/segment/S3/S3.1/relu/Relu_output_0_QuantizeLinear_Output:(ty=2,shape=[1,32,64,64]),/detail/S2/S2.0/relu/Relu_output_0_scale:(ty=1,shape=[]),/segment/S3/S3.1/relu/Relu_output_0_zero_point:(ty=2,shape=[])]", "device": "NPU"}, {"output": ["onnx::Conv_576_DequantizeLinear_Output"], "input": ["onnx::Conv_576_quantized", "onnx::Conv_645_scale", "onnx::Conv_576_zero_point"], "opType": "DequantizeLinear", "comment": "@50 [onnx::Conv_576_DequantizeLinear_Output:(ty=1,shape=[32])] DequantizeLinear [onnx::Conv_576_quantized:(ty=3,shape=[32]),onnx::Conv_645_scale:(ty=1,shape=[]),onnx::Conv_576_zero_point:(ty=3,shape=[])]", "device": "NPU"}, {"output": ["onnx::Conv_575_DequantizeLinear_Output"], "input": ["onnx::Conv_575_quantized", "onnx::Conv_602_scale", "onnx::Conv_575_zero_point"], "opType": "DequantizeLinear", "comment": "@49 [onnx::Conv_575_DequantizeLinear_Output:(ty=1,shape=[32,32,3,3])] DequantizeLinear [onnx::Conv_575_quantized:(ty=3,shape=[32,32,3,3]),onnx::Conv_602_scale:(ty=1,shape=[]),onnx::Conv_575_zero_point:(ty=3,shape=[])]", "device": "NPU"}, {"output": ["/segment/S4/S4.0/conv1/conv/Conv_output_0"], "input": ["/segment/S3/S3.1/relu/Relu_output_0_DequantizeLinear_Output", "onnx::Conv_575_DequantizeLinear_Output", "onnx::Conv_576_DequantizeLinear_Output"], "opType": "Conv", "comment": "@219 [/segment/S4/S4.0/conv1/conv/Conv_output_0:(ty=1,shape=[1,32,64,64])] Conv [/segment/S3/S3.1/relu/Relu_output_0_DequantizeLinear_Output:(ty=1,shape=[1,32,64,64]),onnx::Conv_575_DequantizeLinear_Output:(ty=1,shape=[32,32,3,3]),onnx::Conv_576_DequantizeLinear_Output:(ty=1,shape=[32])]", "device": "NPU"}, {"output": ["/segment/S4/S4.0/conv1/relu/Relu_output_0"], "input": ["/segment/S4/S4.0/conv1/conv/Conv_output_0"], "opType": "Relu", "comment": "@221 [/segment/S4/S4.0/conv1/relu/Relu_output_0:(ty=1,shape=[1,32,64,64])] Relu [/segment/S4/S4.0/conv1/conv/Conv_output_0:(ty=1,shape=[1,32,64,64])]", "device": "NPU"}, {"output": ["/segment/S4/S4.0/conv1/relu/Relu_output_0_QuantizeLinear_Output"], "input": ["/segment/S4/S4.0/conv1/relu/Relu_output_0", "/detail/S2/S2.0/relu/Relu_output_0_scale", "/segment/S4/S4.0/conv1/relu/Relu_output_0_zero_point"], "opType": "QuantizeLinear", "comment": "@223 [/segment/S4/S4.0/conv1/relu/Relu_output_0_QuantizeLinear_Output:(ty=2,shape=[1,32,64,64])] QuantizeLinear [/segment/S4/S4.0/conv1/relu/Relu_output_0:(ty=1,shape=[1,32,64,64]),/detail/S2/S2.0/relu/Relu_output_0_scale:(ty=1,shape=[]),/segment/S4/S4.0/conv1/relu/Relu_output_0_zero_point:(ty=2,shape=[])]", "device": "NPU"}, {"output": ["/segment/S4/S4.0/conv1/relu/Relu_output_0_DequantizeLinear_Output"], "input": ["/segment/S4/S4.0/conv1/relu/Relu_output_0_QuantizeLinear_Output", "/detail/S2/S2.0/relu/Relu_output_0_scale", "/segment/S4/S4.0/conv1/relu/Relu_output_0_zero_point"], "opType": "DequantizeLinear", "comment": "@225 [/segment/S4/S4.0/conv1/relu/Relu_output_0_DequantizeLinear_Output:(ty=1,shape=[1,32,64,64])] DequantizeLinear [/segment/S4/S4.0/conv1/relu/Relu_output_0_QuantizeLinear_Output:(ty=2,shape=[1,32,64,64]),/detail/S2/S2.0/relu/Relu_output_0_scale:(ty=1,shape=[]),/segment/S4/S4.0/conv1/relu/Relu_output_0_zero_point:(ty=2,shape=[])]", "device": "NPU"}, {"output": ["onnx::Conv_579_DequantizeLinear_Output"], "input": ["onnx::Conv_579_quantized", "/bga/Mul_output_0_scale", "onnx::Conv_579_zero_point"], "opType": "DequantizeLinear", "comment": "@52 [onnx::Conv_579_DequantizeLinear_Output:(ty=1,shape=[192])] DequantizeLinear [onnx::Conv_579_quantized:(ty=3,shape=[192]),/bga/Mul_output_0_scale:(ty=1,shape=[]),onnx::Conv_579_zero_point:(ty=3,shape=[])]", "device": "NPU"}, {"output": ["onnx::Conv_578_DequantizeLinear_Output"], "input": ["onnx::Conv_578_quantized", "onnx::Conv_581_scale", "onnx::Conv_578_zero_point"], "opType": "DequantizeLinear", "comment": "@51 [onnx::Conv_578_DequantizeLinear_Output:(ty=1,shape=[192,1,3,3])] DequantizeLinear [onnx::Conv_578_quantized:(ty=3,shape=[192,1,3,3]),onnx::Conv_581_scale:(ty=1,shape=[]),onnx::Conv_578_zero_point:(ty=3,shape=[])]", "device": "NPU"}, {"output": ["/segment/S4/S4.0/dwconv1/dwconv1.0/Conv_output_0"], "input": ["/segment/S4/S4.0/conv1/relu/Relu_output_0_DequantizeLinear_Output", "onnx::Conv_578_DequantizeLinear_Output", "onnx::Conv_579_DequantizeLinear_Output"], "opType": "Conv", "comment": "@227 [/segment/S4/S4.0/dwconv1/dwconv1.0/Conv_output_0:(ty=1,shape=[1,192,32,32])] Conv [/segment/S4/S4.0/conv1/relu/Relu_output_0_DequantizeLinear_Output:(ty=1,shape=[1,32,64,64]),onnx::Conv_578_DequantizeLinear_Output:(ty=1,shape=[192,1,3,3]),onnx::Conv_579_DequantizeLinear_Output:(ty=1,shape=[192])]", "device": "NPU"}, {"output": ["/segment/S4/S4.0/dwconv1/dwconv1.0/Conv_output_0_QuantizeLinear_Output"], "input": ["/segment/S4/S4.0/dwconv1/dwconv1.0/Conv_output_0", "/segment/S1S2/left/left.0/relu/Relu_output_0_scale", "/segment/S4/S4.0/dwconv1/dwconv1.0/Conv_output_0_zero_point"], "opType": "QuantizeLinear", "comment": "@229 [/segment/S4/S4.0/dwconv1/dwconv1.0/Conv_output_0_QuantizeLinear_Output:(ty=2,shape=[1,192,32,32])] QuantizeLinear [/segment/S4/S4.0/dwconv1/dwconv1.0/Conv_output_0:(ty=1,shape=[1,192,32,32]),/segment/S1S2/left/left.0/relu/Relu_output_0_scale:(ty=1,shape=[]),/segment/S4/S4.0/dwconv1/dwconv1.0/Conv_output_0_zero_point:(ty=2,shape=[])]", "device": "NPU"}, {"output": ["/segment/S4/S4.0/dwconv1/dwconv1.0/Conv_output_0_DequantizeLinear_Output"], "input": ["/segment/S4/S4.0/dwconv1/dwconv1.0/Conv_output_0_QuantizeLinear_Output", "/segment/S1S2/left/left.0/relu/Relu_output_0_scale", "/segment/S4/S4.0/dwconv1/dwconv1.0/Conv_output_0_zero_point"], "opType": "DequantizeLinear", "comment": "@231 [/segment/S4/S4.0/dwconv1/dwconv1.0/Conv_output_0_DequantizeLinear_Output:(ty=1,shape=[1,192,32,32])] DequantizeLinear [/segment/S4/S4.0/dwconv1/dwconv1.0/Conv_output_0_QuantizeLinear_Output:(ty=2,shape=[1,192,32,32]),/segment/S1S2/left/left.0/relu/Relu_output_0_scale:(ty=1,shape=[]),/segment/S4/S4.0/dwconv1/dwconv1.0/Conv_output_0_zero_point:(ty=2,shape=[])]", "device": "NPU"}, {"output": ["onnx::Conv_582_DequantizeLinear_Output"], "input": ["onnx::Conv_582_quantized", "/bga/Mul_output_0_scale", "onnx::Conv_582_zero_point"], "opType": "DequantizeLinear", "comment": "@54 [onnx::Conv_582_DequantizeLinear_Output:(ty=1,shape=[192])] DequantizeLinear [onnx::Conv_582_quantized:(ty=3,shape=[192]),/bga/Mul_output_0_scale:(ty=1,shape=[]),onnx::Conv_582_zero_point:(ty=3,shape=[])]", "device": "NPU"}, {"output": ["onnx::Conv_581_DequantizeLinear_Output"], "input": ["onnx::Conv_581_quantized", "onnx::Conv_581_scale", "onnx::Conv_581_zero_point"], "opType": "DequantizeLinear", "comment": "@53 [onnx::Conv_581_DequantizeLinear_Output:(ty=1,shape=[192,1,3,3])] DequantizeLinear [onnx::Conv_581_quantized:(ty=3,shape=[192,1,3,3]),onnx::Conv_581_scale:(ty=1,shape=[]),onnx::Conv_581_zero_point:(ty=3,shape=[])]", "device": "NPU"}, {"output": ["/segment/S4/S4.0/dwconv2/dwconv2.0/Conv_output_0"], "input": ["/segment/S4/S4.0/dwconv1/dwconv1.0/Conv_output_0_DequantizeLinear_Output", "onnx::Conv_581_DequantizeLinear_Output", "onnx::Conv_582_DequantizeLinear_Output"], "opType": "Conv", "comment": "@232 [/segment/S4/S4.0/dwconv2/dwconv2.0/Conv_output_0:(ty=1,shape=[1,192,32,32])] Conv [/segment/S4/S4.0/dwconv1/dwconv1.0/Conv_output_0_DequantizeLinear_Output:(ty=1,shape=[1,192,32,32]),onnx::Conv_581_DequantizeLinear_Output:(ty=1,shape=[192,1,3,3]),onnx::Conv_582_DequantizeLinear_Output:(ty=1,shape=[192])]", "device": "NPU"}, {"output": ["/segment/S4/S4.0/dwconv2/dwconv2.2/Relu_output_0"], "input": ["/segment/S4/S4.0/dwconv2/dwconv2.0/Conv_output_0"], "opType": "Relu", "comment": "@233 [/segment/S4/S4.0/dwconv2/dwconv2.2/Relu_output_0:(ty=1,shape=[1,192,32,32])] Relu [/segment/S4/S4.0/dwconv2/dwconv2.0/Conv_output_0:(ty=1,shape=[1,192,32,32])]", "device": "NPU"}, {"output": ["/segment/S4/S4.0/dwconv2/dwconv2.2/Relu_output_0_QuantizeLinear_Output"], "input": ["/segment/S4/S4.0/dwconv2/dwconv2.2/Relu_output_0", "/segment/S1S2/left/left.0/relu/Relu_output_0_scale", "/segment/S4/S4.0/dwconv2/dwconv2.2/Relu_output_0_zero_point"], "opType": "QuantizeLinear", "comment": "@234 [/segment/S4/S4.0/dwconv2/dwconv2.2/Relu_output_0_QuantizeLinear_Output:(ty=2,shape=[1,192,32,32])] QuantizeLinear [/segment/S4/S4.0/dwconv2/dwconv2.2/Relu_output_0:(ty=1,shape=[1,192,32,32]),/segment/S1S2/left/left.0/relu/Relu_output_0_scale:(ty=1,shape=[]),/segment/S4/S4.0/dwconv2/dwconv2.2/Relu_output_0_zero_point:(ty=2,shape=[])]", "device": "NPU"}, {"output": ["/segment/S4/S4.0/dwconv2/dwconv2.2/Relu_output_0_DequantizeLinear_Output"], "input": ["/segment/S4/S4.0/dwconv2/dwconv2.2/Relu_output_0_QuantizeLinear_Output", "/segment/S1S2/left/left.0/relu/Relu_output_0_scale", "/segment/S4/S4.0/dwconv2/dwconv2.2/Relu_output_0_zero_point"], "opType": "DequantizeLinear", "comment": "@235 [/segment/S4/S4.0/dwconv2/dwconv2.2/Relu_output_0_DequantizeLinear_Output:(ty=1,shape=[1,192,32,32])] DequantizeLinear [/segment/S4/S4.0/dwconv2/dwconv2.2/Relu_output_0_QuantizeLinear_Output:(ty=2,shape=[1,192,32,32]),/segment/S1S2/left/left.0/relu/Relu_output_0_scale:(ty=1,shape=[]),/segment/S4/S4.0/dwconv2/dwconv2.2/Relu_output_0_zero_point:(ty=2,shape=[])]", "device": "NPU"}, {"output": ["onnx::Conv_585_DequantizeLinear_Output"], "input": ["onnx::Conv_585_quantized", "onnx::Conv_645_scale", "onnx::Conv_585_zero_point"], "opType": "DequantizeLinear", "comment": "@56 [onnx::Conv_585_DequantizeLinear_Output:(ty=1,shape=[64])] DequantizeLinear [onnx::Conv_585_quantized:(ty=3,shape=[64]),onnx::Conv_645_scale:(ty=1,shape=[]),onnx::Conv_585_zero_point:(ty=3,shape=[])]", "device": "NPU"}, {"output": ["onnx::Conv_584_DequantizeLinear_Output"], "input": ["onnx::Conv_584_quantized", "onnx::Conv_581_scale", "onnx::Conv_584_zero_point"], "opType": "DequantizeLinear", "comment": "@55 [onnx::Conv_584_DequantizeLinear_Output:(ty=1,shape=[64,192,1,1])] DequantizeLinear [onnx::Conv_584_quantized:(ty=3,shape=[64,192,1,1]),onnx::Conv_581_scale:(ty=1,shape=[]),onnx::Conv_584_zero_point:(ty=3,shape=[])]", "device": "NPU"}, {"output": ["/segment/S4/S4.0/conv2/conv2.0/Conv_output_0"], "input": ["/segment/S4/S4.0/dwconv2/dwconv2.2/Relu_output_0_DequantizeLinear_Output", "onnx::Conv_584_DequantizeLinear_Output", "onnx::Conv_585_DequantizeLinear_Output"], "opType": "Conv", "comment": "@236 [/segment/S4/S4.0/conv2/conv2.0/Conv_output_0:(ty=1,shape=[1,64,32,32])] Conv [/segment/S4/S4.0/dwconv2/dwconv2.2/Relu_output_0_DequantizeLinear_Output:(ty=1,shape=[1,192,32,32]),onnx::Conv_584_DequantizeLinear_Output:(ty=1,shape=[64,192,1,1]),onnx::Conv_585_DequantizeLinear_Output:(ty=1,shape=[64])]", "device": "NPU"}, {"output": ["/segment/S4/S4.0/conv2/conv2.0/Conv_output_0_QuantizeLinear_Output"], "input": ["/segment/S4/S4.0/conv2/conv2.0/Conv_output_0", "/segment/S3/S3.0/shortcut/shortcut.0/Conv_output_0_scale", "/segment/S4/S4.0/conv2/conv2.0/Conv_output_0_zero_point"], "opType": "QuantizeLinear", "comment": "@237 [/segment/S4/S4.0/conv2/conv2.0/Conv_output_0_QuantizeLinear_Output:(ty=2,shape=[1,64,32,32])] QuantizeLinear [/segment/S4/S4.0/conv2/conv2.0/Conv_output_0:(ty=1,shape=[1,64,32,32]),/segment/S3/S3.0/shortcut/shortcut.0/Conv_output_0_scale:(ty=1,shape=[]),/segment/S4/S4.0/conv2/conv2.0/Conv_output_0_zero_point:(ty=2,shape=[])]", "device": "NPU"}, {"output": ["/segment/S4/S4.0/conv2/conv2.0/Conv_output_0_DequantizeLinear_Output"], "input": ["/segment/S4/S4.0/conv2/conv2.0/Conv_output_0_QuantizeLinear_Output", "/segment/S3/S3.0/shortcut/shortcut.0/Conv_output_0_scale", "/segment/S4/S4.0/conv2/conv2.0/Conv_output_0_zero_point"], "opType": "DequantizeLinear", "comment": "@238 [/segment/S4/S4.0/conv2/conv2.0/Conv_output_0_DequantizeLinear_Output:(ty=1,shape=[1,64,32,32])] DequantizeLinear [/segment/S4/S4.0/conv2/conv2.0/Conv_output_0_QuantizeLinear_Output:(ty=2,shape=[1,64,32,32]),/segment/S3/S3.0/shortcut/shortcut.0/Conv_output_0_scale:(ty=1,shape=[]),/segment/S4/S4.0/conv2/conv2.0/Conv_output_0_zero_point:(ty=2,shape=[])]", "device": "NPU"}, {"output": ["/segment/S3/S3.1/relu/Relu_output_0_DequantizeLinear_Output/duplicated"], "input": ["/segment/S3/S3.1/relu/Relu_output_0_QuantizeLinear_Output", "/detail/S2/S2.0/relu/Relu_output_0_scale", "/segment/S3/S3.1/relu/Relu_output_0_zero_point"], "opType": "DequantizeLinear", "comment": "@396 [/segment/S3/S3.1/relu/Relu_output_0_DequantizeLinear_Output/duplicated:(ty=1,shape=[1,32,64,64])] DequantizeLinear [/segment/S3/S3.1/relu/Relu_output_0_QuantizeLinear_Output:(ty=2,shape=[1,32,64,64]),/detail/S2/S2.0/relu/Relu_output_0_scale:(ty=1,shape=[]),/segment/S3/S3.1/relu/Relu_output_0_zero_point:(ty=2,shape=[])]", "device": "NPU"}, {"output": ["onnx::Conv_588_DequantizeLinear_Output"], "input": ["onnx::Conv_588_quantized", "onnx::Conv_645_scale", "onnx::Conv_588_zero_point"], "opType": "DequantizeLinear", "comment": "@58 [onnx::Conv_588_DequantizeLinear_Output:(ty=1,shape=[32])] DequantizeLinear [onnx::Conv_588_quantized:(ty=3,shape=[32]),onnx::Conv_645_scale:(ty=1,shape=[]),onnx::Conv_588_zero_point:(ty=3,shape=[])]", "device": "NPU"}, {"output": ["onnx::Conv_587_DequantizeLinear_Output"], "input": ["onnx::Conv_587_quantized", "onnx::Conv_518_scale", "onnx::Conv_587_zero_point"], "opType": "DequantizeLinear", "comment": "@57 [onnx::Conv_587_DequantizeLinear_Output:(ty=1,shape=[32,1,3,3])] DequantizeLinear [onnx::Conv_587_quantized:(ty=3,shape=[32,1,3,3]),onnx::Conv_518_scale:(ty=1,shape=[]),onnx::Conv_587_zero_point:(ty=3,shape=[])]", "device": "NPU"}, {"output": ["/segment/S4/S4.0/shortcut/shortcut.0/Conv_output_0"], "input": ["/segment/S3/S3.1/relu/Relu_output_0_DequantizeLinear_Output/duplicated", "onnx::Conv_587_DequantizeLinear_Output", "onnx::Conv_588_DequantizeLinear_Output"], "opType": "Conv", "comment": "@220 [/segment/S4/S4.0/shortcut/shortcut.0/Conv_output_0:(ty=1,shape=[1,32,32,32])] Conv [/segment/S3/S3.1/relu/Relu_output_0_DequantizeLinear_Output/duplicated:(ty=1,shape=[1,32,64,64]),onnx::Conv_587_DequantizeLinear_Output:(ty=1,shape=[32,1,3,3]),onnx::Conv_588_DequantizeLinear_Output:(ty=1,shape=[32])]", "device": "NPU"}, {"output": ["/segment/S4/S4.0/shortcut/shortcut.0/Conv_output_0_QuantizeLinear_Output"], "input": ["/segment/S4/S4.0/shortcut/shortcut.0/Conv_output_0", "/detail/S2/S2.0/relu/Relu_output_0_scale", "/segment/S4/S4.0/shortcut/shortcut.0/Conv_output_0_zero_point"], "opType": "QuantizeLinear", "comment": "@222 [/segment/S4/S4.0/shortcut/shortcut.0/Conv_output_0_QuantizeLinear_Output:(ty=2,shape=[1,32,32,32])] QuantizeLinear [/segment/S4/S4.0/shortcut/shortcut.0/Conv_output_0:(ty=1,shape=[1,32,32,32]),/detail/S2/S2.0/relu/Relu_output_0_scale:(ty=1,shape=[]),/segment/S4/S4.0/shortcut/shortcut.0/Conv_output_0_zero_point:(ty=2,shape=[])]", "device": "NPU"}, {"output": ["/segment/S4/S4.0/shortcut/shortcut.0/Conv_output_0_DequantizeLinear_Output"], "input": ["/segment/S4/S4.0/shortcut/shortcut.0/Conv_output_0_QuantizeLinear_Output", "/detail/S2/S2.0/relu/Relu_output_0_scale", "/segment/S4/S4.0/shortcut/shortcut.0/Conv_output_0_zero_point"], "opType": "DequantizeLinear", "comment": "@224 [/segment/S4/S4.0/shortcut/shortcut.0/Conv_output_0_DequantizeLinear_Output:(ty=1,shape=[1,32,32,32])] DequantizeLinear [/segment/S4/S4.0/shortcut/shortcut.0/Conv_output_0_QuantizeLinear_Output:(ty=2,shape=[1,32,32,32]),/detail/S2/S2.0/relu/Relu_output_0_scale:(ty=1,shape=[]),/segment/S4/S4.0/shortcut/shortcut.0/Conv_output_0_zero_point:(ty=2,shape=[])]", "device": "NPU"}, {"output": ["onnx::Conv_591_DequantizeLinear_Output"], "input": ["onnx::Conv_591_quantized", "/bga/Mul_output_0_scale", "onnx::Conv_591_zero_point"], "opType": "DequantizeLinear", "comment": "@60 [onnx::Conv_591_DequantizeLinear_Output:(ty=1,shape=[64])] DequantizeLinear [onnx::Conv_591_quantized:(ty=3,shape=[64]),/bga/Mul_output_0_scale:(ty=1,shape=[]),onnx::Conv_591_zero_point:(ty=3,shape=[])]", "device": "NPU"}, {"output": ["onnx::Conv_590_DequantizeLinear_Output"], "input": ["onnx::Conv_590_quantized", "onnx::Conv_518_scale", "onnx::Conv_590_zero_point"], "opType": "DequantizeLinear", "comment": "@59 [onnx::Conv_590_DequantizeLinear_Output:(ty=1,shape=[64,32,1,1])] DequantizeLinear [onnx::Conv_590_quantized:(ty=3,shape=[64,32,1,1]),onnx::Conv_518_scale:(ty=1,shape=[]),onnx::Conv_590_zero_point:(ty=3,shape=[])]", "device": "NPU"}, {"output": ["/segment/S4/S4.0/shortcut/shortcut.2/Conv_output_0"], "input": ["/segment/S4/S4.0/shortcut/shortcut.0/Conv_output_0_DequantizeLinear_Output", "onnx::Conv_590_DequantizeLinear_Output", "onnx::Conv_591_DequantizeLinear_Output"], "opType": "Conv", "comment": "@226 [/segment/S4/S4.0/shortcut/shortcut.2/Conv_output_0:(ty=1,shape=[1,64,32,32])] Conv [/segment/S4/S4.0/shortcut/shortcut.0/Conv_output_0_DequantizeLinear_Output:(ty=1,shape=[1,32,32,32]),onnx::Conv_590_DequantizeLinear_Output:(ty=1,shape=[64,32,1,1]),onnx::Conv_591_DequantizeLinear_Output:(ty=1,shape=[64])]", "device": "NPU"}, {"output": ["/segment/S4/S4.0/shortcut/shortcut.2/Conv_output_0_QuantizeLinear_Output"], "input": ["/segment/S4/S4.0/shortcut/shortcut.2/Conv_output_0", "/detail/S2/S2.0/relu/Relu_output_0_scale", "/segment/S4/S4.0/shortcut/shortcut.2/Conv_output_0_zero_point"], "opType": "QuantizeLinear", "comment": "@228 [/segment/S4/S4.0/shortcut/shortcut.2/Conv_output_0_QuantizeLinear_Output:(ty=2,shape=[1,64,32,32])] QuantizeLinear [/segment/S4/S4.0/shortcut/shortcut.2/Conv_output_0:(ty=1,shape=[1,64,32,32]),/detail/S2/S2.0/relu/Relu_output_0_scale:(ty=1,shape=[]),/segment/S4/S4.0/shortcut/shortcut.2/Conv_output_0_zero_point:(ty=2,shape=[])]", "device": "NPU"}, {"output": ["/segment/S4/S4.0/shortcut/shortcut.2/Conv_output_0_DequantizeLinear_Output"], "input": ["/segment/S4/S4.0/shortcut/shortcut.2/Conv_output_0_QuantizeLinear_Output", "/detail/S2/S2.0/relu/Relu_output_0_scale", "/segment/S4/S4.0/shortcut/shortcut.2/Conv_output_0_zero_point"], "opType": "DequantizeLinear", "comment": "@230 [/segment/S4/S4.0/shortcut/shortcut.2/Conv_output_0_DequantizeLinear_Output:(ty=1,shape=[1,64,32,32])] DequantizeLinear [/segment/S4/S4.0/shortcut/shortcut.2/Conv_output_0_QuantizeLinear_Output:(ty=2,shape=[1,64,32,32]),/detail/S2/S2.0/relu/Relu_output_0_scale:(ty=1,shape=[]),/segment/S4/S4.0/shortcut/shortcut.2/Conv_output_0_zero_point:(ty=2,shape=[])]", "device": "NPU"}, {"output": ["/segment/S4/S4.0/Add_output_0"], "input": ["/segment/S4/S4.0/conv2/conv2.0/Conv_output_0_DequantizeLinear_Output", "/segment/S4/S4.0/shortcut/shortcut.2/Conv_output_0_DequantizeLinear_Output"], "opType": "Add", "comment": "@239 [/segment/S4/S4.0/Add_output_0:(ty=1,shape=[1,64,32,32])] Add [/segment/S4/S4.0/conv2/conv2.0/Conv_output_0_DequantizeLinear_Output:(ty=1,shape=[1,64,32,32]),/segment/S4/S4.0/shortcut/shortcut.2/Conv_output_0_DequantizeLinear_Output:(ty=1,shape=[1,64,32,32])]", "device": "NPU"}, {"output": ["/segment/S4/S4.0/relu/Relu_output_0"], "input": ["/segment/S4/S4.0/Add_output_0"], "opType": "Relu", "comment": "@240 [/segment/S4/S4.0/relu/Relu_output_0:(ty=1,shape=[1,64,32,32])] Relu [/segment/S4/S4.0/Add_output_0:(ty=1,shape=[1,64,32,32])]", "device": "NPU"}, {"output": ["/segment/S4/S4.0/relu/Relu_output_0_QuantizeLinear_Output"], "input": ["/segment/S4/S4.0/relu/Relu_output_0", "/segment/S1S2/left/left.0/relu/Relu_output_0_scale", "/segment/S4/S4.0/relu/Relu_output_0_zero_point"], "opType": "QuantizeLinear", "comment": "@241 [/segment/S4/S4.0/relu/Relu_output_0_QuantizeLinear_Output:(ty=2,shape=[1,64,32,32])] QuantizeLinear [/segment/S4/S4.0/relu/Relu_output_0:(ty=1,shape=[1,64,32,32]),/segment/S1S2/left/left.0/relu/Relu_output_0_scale:(ty=1,shape=[]),/segment/S4/S4.0/relu/Relu_output_0_zero_point:(ty=2,shape=[])]", "device": "NPU"}, {"output": ["/segment/S4/S4.0/relu/Relu_output_0_DequantizeLinear_Output/duplicated"], "input": ["/segment/S4/S4.0/relu/Relu_output_0_QuantizeLinear_Output", "/segment/S1S2/left/left.0/relu/Relu_output_0_scale", "/segment/S4/S4.0/relu/Relu_output_0_zero_point"], "opType": "DequantizeLinear", "comment": "@397 [/segment/S4/S4.0/relu/Relu_output_0_DequantizeLinear_Output/duplicated:(ty=1,shape=[1,64,32,32])] DequantizeLinear [/segment/S4/S4.0/relu/Relu_output_0_QuantizeLinear_Output:(ty=2,shape=[1,64,32,32]),/segment/S1S2/left/left.0/relu/Relu_output_0_scale:(ty=1,shape=[]),/segment/S4/S4.0/relu/Relu_output_0_zero_point:(ty=2,shape=[])]", "device": "NPU"}, {"output": ["/segment/S4/S4.0/relu/Relu_output_0_DequantizeLinear_Output"], "input": ["/segment/S4/S4.0/relu/Relu_output_0_QuantizeLinear_Output", "/segment/S1S2/left/left.0/relu/Relu_output_0_scale", "/segment/S4/S4.0/relu/Relu_output_0_zero_point"], "opType": "DequantizeLinear", "comment": "@242 [/segment/S4/S4.0/relu/Relu_output_0_DequantizeLinear_Output:(ty=1,shape=[1,64,32,32])] DequantizeLinear [/segment/S4/S4.0/relu/Relu_output_0_QuantizeLinear_Output:(ty=2,shape=[1,64,32,32]),/segment/S1S2/left/left.0/relu/Relu_output_0_scale:(ty=1,shape=[]),/segment/S4/S4.0/relu/Relu_output_0_zero_point:(ty=2,shape=[])]", "device": "NPU"}, {"output": ["onnx::Conv_594_DequantizeLinear_Output"], "input": ["onnx::Conv_594_quantized", "/bga/Mul_output_0_scale", "onnx::Conv_594_zero_point"], "opType": "DequantizeLinear", "comment": "@62 [onnx::Conv_594_DequantizeLinear_Output:(ty=1,shape=[64])] DequantizeLinear [onnx::Conv_594_quantized:(ty=3,shape=[64]),/bga/Mul_output_0_scale:(ty=1,shape=[]),onnx::Conv_594_zero_point:(ty=3,shape=[])]", "device": "NPU"}, {"output": ["onnx::Conv_593_DequantizeLinear_Output"], "input": ["onnx::Conv_593_quantized", "head.conv_out.weight_scale", "onnx::Conv_593_zero_point"], "opType": "DequantizeLinear", "comment": "@61 [onnx::Conv_593_DequantizeLinear_Output:(ty=1,shape=[64,64,3,3])] DequantizeLinear [onnx::Conv_593_quantized:(ty=3,shape=[64,64,3,3]),head.conv_out.weight_scale:(ty=1,shape=[]),onnx::Conv_593_zero_point:(ty=3,shape=[])]", "device": "NPU"}, {"output": ["/segment/S4/S4.1/conv1/conv/Conv_output_0"], "input": ["/segment/S4/S4.0/relu/Relu_output_0_DequantizeLinear_Output", "onnx::Conv_593_DequantizeLinear_Output", "onnx::Conv_594_DequantizeLinear_Output"], "opType": "Conv", "comment": "@243 [/segment/S4/S4.1/conv1/conv/Conv_output_0:(ty=1,shape=[1,64,32,32])] Conv [/segment/S4/S4.0/relu/Relu_output_0_DequantizeLinear_Output:(ty=1,shape=[1,64,32,32]),onnx::Conv_593_DequantizeLinear_Output:(ty=1,shape=[64,64,3,3]),onnx::Conv_594_DequantizeLinear_Output:(ty=1,shape=[64])]", "device": "NPU"}, {"output": ["/segment/S4/S4.1/conv1/relu/Relu_output_0"], "input": ["/segment/S4/S4.1/conv1/conv/Conv_output_0"], "opType": "Relu", "comment": "@244 [/segment/S4/S4.1/conv1/relu/Relu_output_0:(ty=1,shape=[1,64,32,32])] Relu [/segment/S4/S4.1/conv1/conv/Conv_output_0:(ty=1,shape=[1,64,32,32])]", "device": "NPU"}, {"output": ["/segment/S4/S4.1/conv1/relu/Relu_output_0_QuantizeLinear_Output"], "input": ["/segment/S4/S4.1/conv1/relu/Relu_output_0", "onnx::Conv_645_scale", "/segment/S4/S4.1/conv1/relu/Relu_output_0_zero_point"], "opType": "QuantizeLinear", "comment": "@245 [/segment/S4/S4.1/conv1/relu/Relu_output_0_QuantizeLinear_Output:(ty=2,shape=[1,64,32,32])] QuantizeLinear [/segment/S4/S4.1/conv1/relu/Relu_output_0:(ty=1,shape=[1,64,32,32]),onnx::Conv_645_scale:(ty=1,shape=[]),/segment/S4/S4.1/conv1/relu/Relu_output_0_zero_point:(ty=2,shape=[])]", "device": "NPU"}, {"output": ["/segment/S4/S4.1/conv1/relu/Relu_output_0_DequantizeLinear_Output"], "input": ["/segment/S4/S4.1/conv1/relu/Relu_output_0_QuantizeLinear_Output", "onnx::Conv_645_scale", "/segment/S4/S4.1/conv1/relu/Relu_output_0_zero_point"], "opType": "DequantizeLinear", "comment": "@246 [/segment/S4/S4.1/conv1/relu/Relu_output_0_DequantizeLinear_Output:(ty=1,shape=[1,64,32,32])] DequantizeLinear [/segment/S4/S4.1/conv1/relu/Relu_output_0_QuantizeLinear_Output:(ty=2,shape=[1,64,32,32]),onnx::Conv_645_scale:(ty=1,shape=[]),/segment/S4/S4.1/conv1/relu/Relu_output_0_zero_point:(ty=2,shape=[])]", "device": "NPU"}, {"output": ["onnx::Conv_597_DequantizeLinear_Output"], "input": ["onnx::Conv_597_quantized", "onnx::Conv_645_scale", "onnx::Conv_597_zero_point"], "opType": "DequantizeLinear", "comment": "@64 [onnx::Conv_597_DequantizeLinear_Output:(ty=1,shape=[384])] DequantizeLinear [onnx::Conv_597_quantized:(ty=3,shape=[384]),onnx::Conv_645_scale:(ty=1,shape=[]),onnx::Conv_597_zero_point:(ty=3,shape=[])]", "device": "NPU"}, {"output": ["onnx::Conv_596_DequantizeLinear_Output"], "input": ["onnx::Conv_596_quantized", "/segment/S1S2/left/left.0/relu/Relu_output_0_scale", "onnx::Conv_596_zero_point"], "opType": "DequantizeLinear", "comment": "@63 [onnx::Conv_596_DequantizeLinear_Output:(ty=1,shape=[384,1,3,3])] DequantizeLinear [onnx::Conv_596_quantized:(ty=3,shape=[384,1,3,3]),/segment/S1S2/left/left.0/relu/Relu_output_0_scale:(ty=1,shape=[]),onnx::Conv_596_zero_point:(ty=3,shape=[])]", "device": "NPU"}, {"output": ["/segment/S4/S4.1/dwconv/dwconv.0/Conv_output_0"], "input": ["/segment/S4/S4.1/conv1/relu/Relu_output_0_DequantizeLinear_Output", "onnx::Conv_596_DequantizeLinear_Output", "onnx::Conv_597_DequantizeLinear_Output"], "opType": "Conv", "comment": "@247 [/segment/S4/S4.1/dwconv/dwconv.0/Conv_output_0:(ty=1,shape=[1,384,32,32])] Conv [/segment/S4/S4.1/conv1/relu/Relu_output_0_DequantizeLinear_Output:(ty=1,shape=[1,64,32,32]),onnx::Conv_596_DequantizeLinear_Output:(ty=1,shape=[384,1,3,3]),onnx::Conv_597_DequantizeLinear_Output:(ty=1,shape=[384])]", "device": "NPU"}, {"output": ["/segment/S4/S4.1/dwconv/dwconv.2/Relu_output_0"], "input": ["/segment/S4/S4.1/dwconv/dwconv.0/Conv_output_0"], "opType": "Relu", "comment": "@248 [/segment/S4/S4.1/dwconv/dwconv.2/Relu_output_0:(ty=1,shape=[1,384,32,32])] Relu [/segment/S4/S4.1/dwconv/dwconv.0/Conv_output_0:(ty=1,shape=[1,384,32,32])]", "device": "NPU"}, {"output": ["/segment/S4/S4.1/dwconv/dwconv.2/Relu_output_0_QuantizeLinear_Output"], "input": ["/segment/S4/S4.1/dwconv/dwconv.2/Relu_output_0", "onnx::Conv_645_scale", "/segment/S4/S4.1/dwconv/dwconv.2/Relu_output_0_zero_point"], "opType": "QuantizeLinear", "comment": "@249 [/segment/S4/S4.1/dwconv/dwconv.2/Relu_output_0_QuantizeLinear_Output:(ty=2,shape=[1,384,32,32])] QuantizeLinear [/segment/S4/S4.1/dwconv/dwconv.2/Relu_output_0:(ty=1,shape=[1,384,32,32]),onnx::Conv_645_scale:(ty=1,shape=[]),/segment/S4/S4.1/dwconv/dwconv.2/Relu_output_0_zero_point:(ty=2,shape=[])]", "device": "NPU"}, {"output": ["/segment/S4/S4.1/dwconv/dwconv.2/Relu_output_0_DequantizeLinear_Output"], "input": ["/segment/S4/S4.1/dwconv/dwconv.2/Relu_output_0_QuantizeLinear_Output", "onnx::Conv_645_scale", "/segment/S4/S4.1/dwconv/dwconv.2/Relu_output_0_zero_point"], "opType": "DequantizeLinear", "comment": "@250 [/segment/S4/S4.1/dwconv/dwconv.2/Relu_output_0_DequantizeLinear_Output:(ty=1,shape=[1,384,32,32])] DequantizeLinear [/segment/S4/S4.1/dwconv/dwconv.2/Relu_output_0_QuantizeLinear_Output:(ty=2,shape=[1,384,32,32]),onnx::Conv_645_scale:(ty=1,shape=[]),/segment/S4/S4.1/dwconv/dwconv.2/Relu_output_0_zero_point:(ty=2,shape=[])]", "device": "NPU"}, {"output": ["onnx::Conv_600_DequantizeLinear_Output"], "input": ["onnx::Conv_600_quantized", "onnx::Conv_645_scale", "onnx::Conv_600_zero_point"], "opType": "DequantizeLinear", "comment": "@66 [onnx::Conv_600_DequantizeLinear_Output:(ty=1,shape=[64])] DequantizeLinear [onnx::Conv_600_quantized:(ty=3,shape=[64]),onnx::Conv_645_scale:(ty=1,shape=[]),onnx::Conv_600_zero_point:(ty=3,shape=[])]", "device": "NPU"}, {"output": ["onnx::Conv_599_DequantizeLinear_Output"], "input": ["onnx::Conv_599_quantized", "image_scale", "onnx::Conv_599_zero_point"], "opType": "DequantizeLinear", "comment": "@65 [onnx::Conv_599_DequantizeLinear_Output:(ty=1,shape=[64,384,1,1])] DequantizeLinear [onnx::Conv_599_quantized:(ty=3,shape=[64,384,1,1]),image_scale:(ty=1,shape=[]),onnx::Conv_599_zero_point:(ty=3,shape=[])]", "device": "NPU"}, {"output": ["/segment/S4/S4.1/conv2/conv2.0/Conv_output_0"], "input": ["/segment/S4/S4.1/dwconv/dwconv.2/Relu_output_0_DequantizeLinear_Output", "onnx::Conv_599_DequantizeLinear_Output", "onnx::Conv_600_DequantizeLinear_Output"], "opType": "Conv", "comment": "@251 [/segment/S4/S4.1/conv2/conv2.0/Conv_output_0:(ty=1,shape=[1,64,32,32])] Conv [/segment/S4/S4.1/dwconv/dwconv.2/Relu_output_0_DequantizeLinear_Output:(ty=1,shape=[1,384,32,32]),onnx::Conv_599_DequantizeLinear_Output:(ty=1,shape=[64,384,1,1]),onnx::Conv_600_DequantizeLinear_Output:(ty=1,shape=[64])]", "device": "NPU"}, {"output": ["/segment/S4/S4.1/conv2/conv2.0/Conv_output_0_QuantizeLinear_Output"], "input": ["/segment/S4/S4.1/conv2/conv2.0/Conv_output_0", "/segment/S1S2/left/left.0/relu/Relu_output_0_scale", "/segment/S4/S4.1/conv2/conv2.0/Conv_output_0_zero_point"], "opType": "QuantizeLinear", "comment": "@252 [/segment/S4/S4.1/conv2/conv2.0/Conv_output_0_QuantizeLinear_Output:(ty=2,shape=[1,64,32,32])] QuantizeLinear [/segment/S4/S4.1/conv2/conv2.0/Conv_output_0:(ty=1,shape=[1,64,32,32]),/segment/S1S2/left/left.0/relu/Relu_output_0_scale:(ty=1,shape=[]),/segment/S4/S4.1/conv2/conv2.0/Conv_output_0_zero_point:(ty=2,shape=[])]", "device": "NPU"}, {"output": ["/segment/S4/S4.1/conv2/conv2.0/Conv_output_0_DequantizeLinear_Output"], "input": ["/segment/S4/S4.1/conv2/conv2.0/Conv_output_0_QuantizeLinear_Output", "/segment/S1S2/left/left.0/relu/Relu_output_0_scale", "/segment/S4/S4.1/conv2/conv2.0/Conv_output_0_zero_point"], "opType": "DequantizeLinear", "comment": "@253 [/segment/S4/S4.1/conv2/conv2.0/Conv_output_0_DequantizeLinear_Output:(ty=1,shape=[1,64,32,32])] DequantizeLinear [/segment/S4/S4.1/conv2/conv2.0/Conv_output_0_QuantizeLinear_Output:(ty=2,shape=[1,64,32,32]),/segment/S1S2/left/left.0/relu/Relu_output_0_scale:(ty=1,shape=[]),/segment/S4/S4.1/conv2/conv2.0/Conv_output_0_zero_point:(ty=2,shape=[])]", "device": "NPU"}, {"output": ["/segment/S4/S4.1/Add_output_0"], "input": ["/segment/S4/S4.1/conv2/conv2.0/Conv_output_0_DequantizeLinear_Output", "/segment/S4/S4.0/relu/Relu_output_0_DequantizeLinear_Output/duplicated"], "opType": "Add", "comment": "@254 [/segment/S4/S4.1/Add_output_0:(ty=1,shape=[1,64,32,32])] Add [/segment/S4/S4.1/conv2/conv2.0/Conv_output_0_DequantizeLinear_Output:(ty=1,shape=[1,64,32,32]),/segment/S4/S4.0/relu/Relu_output_0_DequantizeLinear_Output/duplicated:(ty=1,shape=[1,64,32,32])]", "device": "NPU"}, {"output": ["/segment/S4/S4.1/relu/Relu_output_0"], "input": ["/segment/S4/S4.1/Add_output_0"], "opType": "Relu", "comment": "@255 [/segment/S4/S4.1/relu/Relu_output_0:(ty=1,shape=[1,64,32,32])] Relu [/segment/S4/S4.1/Add_output_0:(ty=1,shape=[1,64,32,32])]", "device": "NPU"}, {"output": ["/segment/S4/S4.1/relu/Relu_output_0_QuantizeLinear_Output"], "input": ["/segment/S4/S4.1/relu/Relu_output_0", "/segment/S1S2/left/left.0/relu/Relu_output_0_scale", "/segment/S4/S4.1/relu/Relu_output_0_zero_point"], "opType": "QuantizeLinear", "comment": "@256 [/segment/S4/S4.1/relu/Relu_output_0_QuantizeLinear_Output:(ty=2,shape=[1,64,32,32])] QuantizeLinear [/segment/S4/S4.1/relu/Relu_output_0:(ty=1,shape=[1,64,32,32]),/segment/S1S2/left/left.0/relu/Relu_output_0_scale:(ty=1,shape=[]),/segment/S4/S4.1/relu/Relu_output_0_zero_point:(ty=2,shape=[])]", "device": "NPU"}, {"output": ["/segment/S4/S4.1/relu/Relu_output_0_DequantizeLinear_Output"], "input": ["/segment/S4/S4.1/relu/Relu_output_0_QuantizeLinear_Output", "/segment/S1S2/left/left.0/relu/Relu_output_0_scale", "/segment/S4/S4.1/relu/Relu_output_0_zero_point"], "opType": "DequantizeLinear", "comment": "@257 [/segment/S4/S4.1/relu/Relu_output_0_DequantizeLinear_Output:(ty=1,shape=[1,64,32,32])] DequantizeLinear [/segment/S4/S4.1/relu/Relu_output_0_QuantizeLinear_Output:(ty=2,shape=[1,64,32,32]),/segment/S1S2/left/left.0/relu/Relu_output_0_scale:(ty=1,shape=[]),/segment/S4/S4.1/relu/Relu_output_0_zero_point:(ty=2,shape=[])]", "device": "NPU"}, {"output": ["onnx::Conv_603_DequantizeLinear_Output"], "input": ["onnx::Conv_603_quantized", "/bga/Mul_output_0_scale", "onnx::Conv_603_zero_point"], "opType": "DequantizeLinear", "comment": "@68 [onnx::Conv_603_DequantizeLinear_Output:(ty=1,shape=[64])] DequantizeLinear [onnx::Conv_603_quantized:(ty=3,shape=[64]),/bga/Mul_output_0_scale:(ty=1,shape=[]),onnx::Conv_603_zero_point:(ty=3,shape=[])]", "device": "NPU"}, {"output": ["onnx::Conv_602_DequantizeLinear_Output"], "input": ["onnx::Conv_602_quantized", "onnx::Conv_602_scale", "onnx::Conv_602_zero_point"], "opType": "DequantizeLinear", "comment": "@67 [onnx::Conv_602_DequantizeLinear_Output:(ty=1,shape=[64,64,3,3])] DequantizeLinear [onnx::Conv_602_quantized:(ty=3,shape=[64,64,3,3]),onnx::Conv_602_scale:(ty=1,shape=[]),onnx::Conv_602_zero_point:(ty=3,shape=[])]", "device": "NPU"}, {"output": ["/segment/S5_4/S5_4.0/conv1/conv/Conv_output_0"], "input": ["/segment/S4/S4.1/relu/Relu_output_0_DequantizeLinear_Output", "onnx::Conv_602_DequantizeLinear_Output", "onnx::Conv_603_DequantizeLinear_Output"], "opType": "Conv", "comment": "@258 [/segment/S5_4/S5_4.0/conv1/conv/Conv_output_0:(ty=1,shape=[1,64,32,32])] Conv [/segment/S4/S4.1/relu/Relu_output_0_DequantizeLinear_Output:(ty=1,shape=[1,64,32,32]),onnx::Conv_602_DequantizeLinear_Output:(ty=1,shape=[64,64,3,3]),onnx::Conv_603_DequantizeLinear_Output:(ty=1,shape=[64])]", "device": "NPU"}, {"output": ["/segment/S5_4/S5_4.0/conv1/relu/Relu_output_0"], "input": ["/segment/S5_4/S5_4.0/conv1/conv/Conv_output_0"], "opType": "Relu", "comment": "@260 [/segment/S5_4/S5_4.0/conv1/relu/Relu_output_0:(ty=1,shape=[1,64,32,32])] Relu [/segment/S5_4/S5_4.0/conv1/conv/Conv_output_0:(ty=1,shape=[1,64,32,32])]", "device": "NPU"}, {"output": ["/segment/S5_4/S5_4.0/conv1/relu/Relu_output_0_QuantizeLinear_Output"], "input": ["/segment/S5_4/S5_4.0/conv1/relu/Relu_output_0", "onnx::Conv_645_scale", "/segment/S5_4/S5_4.0/conv1/relu/Relu_output_0_zero_point"], "opType": "QuantizeLinear", "comment": "@262 [/segment/S5_4/S5_4.0/conv1/relu/Relu_output_0_QuantizeLinear_Output:(ty=2,shape=[1,64,32,32])] QuantizeLinear [/segment/S5_4/S5_4.0/conv1/relu/Relu_output_0:(ty=1,shape=[1,64,32,32]),onnx::Conv_645_scale:(ty=1,shape=[]),/segment/S5_4/S5_4.0/conv1/relu/Relu_output_0_zero_point:(ty=2,shape=[])]", "device": "NPU"}, {"output": ["/segment/S5_4/S5_4.0/conv1/relu/Relu_output_0_DequantizeLinear_Output"], "input": ["/segment/S5_4/S5_4.0/conv1/relu/Relu_output_0_QuantizeLinear_Output", "onnx::Conv_645_scale", "/segment/S5_4/S5_4.0/conv1/relu/Relu_output_0_zero_point"], "opType": "DequantizeLinear", "comment": "@264 [/segment/S5_4/S5_4.0/conv1/relu/Relu_output_0_DequantizeLinear_Output:(ty=1,shape=[1,64,32,32])] DequantizeLinear [/segment/S5_4/S5_4.0/conv1/relu/Relu_output_0_QuantizeLinear_Output:(ty=2,shape=[1,64,32,32]),onnx::Conv_645_scale:(ty=1,shape=[]),/segment/S5_4/S5_4.0/conv1/relu/Relu_output_0_zero_point:(ty=2,shape=[])]", "device": "NPU"}, {"output": ["onnx::Conv_606_DequantizeLinear_Output"], "input": ["onnx::Conv_606_quantized", "/bga/Mul_output_0_scale", "onnx::Conv_606_zero_point"], "opType": "DequantizeLinear", "comment": "@70 [onnx::Conv_606_DequantizeLinear_Output:(ty=1,shape=[384])] DequantizeLinear [onnx::Conv_606_quantized:(ty=3,shape=[384]),/bga/Mul_output_0_scale:(ty=1,shape=[]),onnx::Conv_606_zero_point:(ty=3,shape=[])]", "device": "NPU"}, {"output": ["onnx::Conv_605_DequantizeLinear_Output"], "input": ["onnx::Conv_605_quantized", "onnx::Conv_581_scale", "onnx::Conv_605_zero_point"], "opType": "DequantizeLinear", "comment": "@69 [onnx::Conv_605_DequantizeLinear_Output:(ty=1,shape=[384,1,3,3])] DequantizeLinear [onnx::Conv_605_quantized:(ty=3,shape=[384,1,3,3]),onnx::Conv_581_scale:(ty=1,shape=[]),onnx::Conv_605_zero_point:(ty=3,shape=[])]", "device": "NPU"}, {"output": ["/segment/S5_4/S5_4.0/dwconv1/dwconv1.0/Conv_output_0"], "input": ["/segment/S5_4/S5_4.0/conv1/relu/Relu_output_0_DequantizeLinear_Output", "onnx::Conv_605_DequantizeLinear_Output", "onnx::Conv_606_DequantizeLinear_Output"], "opType": "Conv", "comment": "@266 [/segment/S5_4/S5_4.0/dwconv1/dwconv1.0/Conv_output_0:(ty=1,shape=[1,384,16,16])] Conv [/segment/S5_4/S5_4.0/conv1/relu/Relu_output_0_DequantizeLinear_Output:(ty=1,shape=[1,64,32,32]),onnx::Conv_605_DequantizeLinear_Output:(ty=1,shape=[384,1,3,3]),onnx::Conv_606_DequantizeLinear_Output:(ty=1,shape=[384])]", "device": "NPU"}, {"output": ["/segment/S5_4/S5_4.0/dwconv1/dwconv1.0/Conv_output_0_QuantizeLinear_Output"], "input": ["/segment/S5_4/S5_4.0/dwconv1/dwconv1.0/Conv_output_0", "onnx::Conv_645_scale", "/segment/S5_4/S5_4.0/dwconv1/dwconv1.0/Conv_output_0_zero_point"], "opType": "QuantizeLinear", "comment": "@268 [/segment/S5_4/S5_4.0/dwconv1/dwconv1.0/Conv_output_0_QuantizeLinear_Output:(ty=2,shape=[1,384,16,16])] QuantizeLinear [/segment/S5_4/S5_4.0/dwconv1/dwconv1.0/Conv_output_0:(ty=1,shape=[1,384,16,16]),onnx::Conv_645_scale:(ty=1,shape=[]),/segment/S5_4/S5_4.0/dwconv1/dwconv1.0/Conv_output_0_zero_point:(ty=2,shape=[])]", "device": "NPU"}, {"output": ["/segment/S5_4/S5_4.0/dwconv1/dwconv1.0/Conv_output_0_DequantizeLinear_Output"], "input": ["/segment/S5_4/S5_4.0/dwconv1/dwconv1.0/Conv_output_0_QuantizeLinear_Output", "onnx::Conv_645_scale", "/segment/S5_4/S5_4.0/dwconv1/dwconv1.0/Conv_output_0_zero_point"], "opType": "DequantizeLinear", "comment": "@270 [/segment/S5_4/S5_4.0/dwconv1/dwconv1.0/Conv_output_0_DequantizeLinear_Output:(ty=1,shape=[1,384,16,16])] DequantizeLinear [/segment/S5_4/S5_4.0/dwconv1/dwconv1.0/Conv_output_0_QuantizeLinear_Output:(ty=2,shape=[1,384,16,16]),onnx::Conv_645_scale:(ty=1,shape=[]),/segment/S5_4/S5_4.0/dwconv1/dwconv1.0/Conv_output_0_zero_point:(ty=2,shape=[])]", "device": "NPU"}, {"output": ["onnx::Conv_609_DequantizeLinear_Output"], "input": ["onnx::Conv_609_quantized", "image_scale", "onnx::Conv_609_zero_point"], "opType": "DequantizeLinear", "comment": "@72 [onnx::Conv_609_DequantizeLinear_Output:(ty=1,shape=[384])] DequantizeLinear [onnx::Conv_609_quantized:(ty=3,shape=[384]),image_scale:(ty=1,shape=[]),onnx::Conv_609_zero_point:(ty=3,shape=[])]", "device": "NPU"}, {"output": ["onnx::Conv_608_DequantizeLinear_Output"], "input": ["onnx::Conv_608_quantized", "onnx::Conv_581_scale", "onnx::Conv_608_zero_point"], "opType": "DequantizeLinear", "comment": "@71 [onnx::Conv_608_DequantizeLinear_Output:(ty=1,shape=[384,1,3,3])] DequantizeLinear [onnx::Conv_608_quantized:(ty=3,shape=[384,1,3,3]),onnx::Conv_581_scale:(ty=1,shape=[]),onnx::Conv_608_zero_point:(ty=3,shape=[])]", "device": "NPU"}, {"output": ["/segment/S5_4/S5_4.0/dwconv2/dwconv2.0/Conv_output_0"], "input": ["/segment/S5_4/S5_4.0/dwconv1/dwconv1.0/Conv_output_0_DequantizeLinear_Output", "onnx::Conv_608_DequantizeLinear_Output", "onnx::Conv_609_DequantizeLinear_Output"], "opType": "Conv", "comment": "@271 [/segment/S5_4/S5_4.0/dwconv2/dwconv2.0/Conv_output_0:(ty=1,shape=[1,384,16,16])] Conv [/segment/S5_4/S5_4.0/dwconv1/dwconv1.0/Conv_output_0_DequantizeLinear_Output:(ty=1,shape=[1,384,16,16]),onnx::Conv_608_DequantizeLinear_Output:(ty=1,shape=[384,1,3,3]),onnx::Conv_609_DequantizeLinear_Output:(ty=1,shape=[384])]", "device": "NPU"}, {"output": ["/segment/S5_4/S5_4.0/dwconv2/dwconv2.2/Relu_output_0"], "input": ["/segment/S5_4/S5_4.0/dwconv2/dwconv2.0/Conv_output_0"], "opType": "Relu", "comment": "@272 [/segment/S5_4/S5_4.0/dwconv2/dwconv2.2/Relu_output_0:(ty=1,shape=[1,384,16,16])] Relu [/segment/S5_4/S5_4.0/dwconv2/dwconv2.0/Conv_output_0:(ty=1,shape=[1,384,16,16])]", "device": "NPU"}, {"output": ["/segment/S5_4/S5_4.0/dwconv2/dwconv2.2/Relu_output_0_QuantizeLinear_Output"], "input": ["/segment/S5_4/S5_4.0/dwconv2/dwconv2.2/Relu_output_0", "onnx::Conv_645_scale", "/segment/S5_4/S5_4.0/dwconv2/dwconv2.2/Relu_output_0_zero_point"], "opType": "QuantizeLinear", "comment": "@273 [/segment/S5_4/S5_4.0/dwconv2/dwconv2.2/Relu_output_0_QuantizeLinear_Output:(ty=2,shape=[1,384,16,16])] QuantizeLinear [/segment/S5_4/S5_4.0/dwconv2/dwconv2.2/Relu_output_0:(ty=1,shape=[1,384,16,16]),onnx::Conv_645_scale:(ty=1,shape=[]),/segment/S5_4/S5_4.0/dwconv2/dwconv2.2/Relu_output_0_zero_point:(ty=2,shape=[])]", "device": "NPU"}, {"output": ["/segment/S5_4/S5_4.0/dwconv2/dwconv2.2/Relu_output_0_DequantizeLinear_Output"], "input": ["/segment/S5_4/S5_4.0/dwconv2/dwconv2.2/Relu_output_0_QuantizeLinear_Output", "onnx::Conv_645_scale", "/segment/S5_4/S5_4.0/dwconv2/dwconv2.2/Relu_output_0_zero_point"], "opType": "DequantizeLinear", "comment": "@274 [/segment/S5_4/S5_4.0/dwconv2/dwconv2.2/Relu_output_0_DequantizeLinear_Output:(ty=1,shape=[1,384,16,16])] DequantizeLinear [/segment/S5_4/S5_4.0/dwconv2/dwconv2.2/Relu_output_0_QuantizeLinear_Output:(ty=2,shape=[1,384,16,16]),onnx::Conv_645_scale:(ty=1,shape=[]),/segment/S5_4/S5_4.0/dwconv2/dwconv2.2/Relu_output_0_zero_point:(ty=2,shape=[])]", "device": "NPU"}, {"output": ["onnx::Conv_612_DequantizeLinear_Output"], "input": ["onnx::Conv_612_quantized", "onnx::Conv_645_scale", "onnx::Conv_612_zero_point"], "opType": "DequantizeLinear", "comment": "@74 [onnx::Conv_612_DequantizeLinear_Output:(ty=1,shape=[128])] DequantizeLinear [onnx::Conv_612_quantized:(ty=3,shape=[128]),onnx::Conv_645_scale:(ty=1,shape=[]),onnx::Conv_612_zero_point:(ty=3,shape=[])]", "device": "NPU"}, {"output": ["onnx::Conv_611_DequantizeLinear_Output"], "input": ["onnx::Conv_611_quantized", "onnx::Conv_581_scale", "onnx::Conv_611_zero_point"], "opType": "DequantizeLinear", "comment": "@73 [onnx::Conv_611_DequantizeLinear_Output:(ty=1,shape=[128,384,1,1])] DequantizeLinear [onnx::Conv_611_quantized:(ty=3,shape=[128,384,1,1]),onnx::Conv_581_scale:(ty=1,shape=[]),onnx::Conv_611_zero_point:(ty=3,shape=[])]", "device": "NPU"}, {"output": ["/segment/S5_4/S5_4.0/conv2/conv2.0/Conv_output_0"], "input": ["/segment/S5_4/S5_4.0/dwconv2/dwconv2.2/Relu_output_0_DequantizeLinear_Output", "onnx::Conv_611_DequantizeLinear_Output", "onnx::Conv_612_DequantizeLinear_Output"], "opType": "Conv", "comment": "@275 [/segment/S5_4/S5_4.0/conv2/conv2.0/Conv_output_0:(ty=1,shape=[1,128,16,16])] Conv [/segment/S5_4/S5_4.0/dwconv2/dwconv2.2/Relu_output_0_DequantizeLinear_Output:(ty=1,shape=[1,384,16,16]),onnx::Conv_611_DequantizeLinear_Output:(ty=1,shape=[128,384,1,1]),onnx::Conv_612_DequantizeLinear_Output:(ty=1,shape=[128])]", "device": "NPU"}, {"output": ["/segment/S5_4/S5_4.0/conv2/conv2.0/Conv_output_0_QuantizeLinear_Output"], "input": ["/segment/S5_4/S5_4.0/conv2/conv2.0/Conv_output_0", "/segment/S1S2/left/left.0/relu/Relu_output_0_scale", "/segment/S5_4/S5_4.0/conv2/conv2.0/Conv_output_0_zero_point"], "opType": "QuantizeLinear", "comment": "@276 [/segment/S5_4/S5_4.0/conv2/conv2.0/Conv_output_0_QuantizeLinear_Output:(ty=2,shape=[1,128,16,16])] QuantizeLinear [/segment/S5_4/S5_4.0/conv2/conv2.0/Conv_output_0:(ty=1,shape=[1,128,16,16]),/segment/S1S2/left/left.0/relu/Relu_output_0_scale:(ty=1,shape=[]),/segment/S5_4/S5_4.0/conv2/conv2.0/Conv_output_0_zero_point:(ty=2,shape=[])]", "device": "NPU"}, {"output": ["/segment/S5_4/S5_4.0/conv2/conv2.0/Conv_output_0_DequantizeLinear_Output"], "input": ["/segment/S5_4/S5_4.0/conv2/conv2.0/Conv_output_0_QuantizeLinear_Output", "/segment/S1S2/left/left.0/relu/Relu_output_0_scale", "/segment/S5_4/S5_4.0/conv2/conv2.0/Conv_output_0_zero_point"], "opType": "DequantizeLinear", "comment": "@277 [/segment/S5_4/S5_4.0/conv2/conv2.0/Conv_output_0_DequantizeLinear_Output:(ty=1,shape=[1,128,16,16])] DequantizeLinear [/segment/S5_4/S5_4.0/conv2/conv2.0/Conv_output_0_QuantizeLinear_Output:(ty=2,shape=[1,128,16,16]),/segment/S1S2/left/left.0/relu/Relu_output_0_scale:(ty=1,shape=[]),/segment/S5_4/S5_4.0/conv2/conv2.0/Conv_output_0_zero_point:(ty=2,shape=[])]", "device": "NPU"}, {"output": ["/segment/S4/S4.1/relu/Relu_output_0_DequantizeLinear_Output/duplicated"], "input": ["/segment/S4/S4.1/relu/Relu_output_0_QuantizeLinear_Output", "/segment/S1S2/left/left.0/relu/Relu_output_0_scale", "/segment/S4/S4.1/relu/Relu_output_0_zero_point"], "opType": "DequantizeLinear", "comment": "@398 [/segment/S4/S4.1/relu/Relu_output_0_DequantizeLinear_Output/duplicated:(ty=1,shape=[1,64,32,32])] DequantizeLinear [/segment/S4/S4.1/relu/Relu_output_0_QuantizeLinear_Output:(ty=2,shape=[1,64,32,32]),/segment/S1S2/left/left.0/relu/Relu_output_0_scale:(ty=1,shape=[]),/segment/S4/S4.1/relu/Relu_output_0_zero_point:(ty=2,shape=[])]", "device": "NPU"}, {"output": ["onnx::Conv_615_DequantizeLinear_Output"], "input": ["onnx::Conv_615_quantized", "image_scale", "onnx::Conv_615_zero_point"], "opType": "DequantizeLinear", "comment": "@76 [onnx::Conv_615_DequantizeLinear_Output:(ty=1,shape=[64])] DequantizeLinear [onnx::Conv_615_quantized:(ty=3,shape=[64]),image_scale:(ty=1,shape=[]),onnx::Conv_615_zero_point:(ty=3,shape=[])]", "device": "NPU"}, {"output": ["onnx::Conv_614_DequantizeLinear_Output"], "input": ["onnx::Conv_614_quantized", "bga.right2.2.weight_scale", "onnx::Conv_614_zero_point"], "opType": "DequantizeLinear", "comment": "@75 [onnx::Conv_614_DequantizeLinear_Output:(ty=1,shape=[64,1,3,3])] DequantizeLinear [onnx::Conv_614_quantized:(ty=3,shape=[64,1,3,3]),bga.right2.2.weight_scale:(ty=1,shape=[]),onnx::Conv_614_zero_point:(ty=3,shape=[])]", "device": "NPU"}, {"output": ["/segment/S5_4/S5_4.0/shortcut/shortcut.0/Conv_output_0"], "input": ["/segment/S4/S4.1/relu/Relu_output_0_DequantizeLinear_Output/duplicated", "onnx::Conv_614_DequantizeLinear_Output", "onnx::Conv_615_DequantizeLinear_Output"], "opType": "Conv", "comment": "@259 [/segment/S5_4/S5_4.0/shortcut/shortcut.0/Conv_output_0:(ty=1,shape=[1,64,16,16])] Conv [/segment/S4/S4.1/relu/Relu_output_0_DequantizeLinear_Output/duplicated:(ty=1,shape=[1,64,32,32]),onnx::Conv_614_DequantizeLinear_Output:(ty=1,shape=[64,1,3,3]),onnx::Conv_615_DequantizeLinear_Output:(ty=1,shape=[64])]", "device": "NPU"}, {"output": ["/segment/S5_4/S5_4.0/shortcut/shortcut.0/Conv_output_0_QuantizeLinear_Output"], "input": ["/segment/S5_4/S5_4.0/shortcut/shortcut.0/Conv_output_0", "/segment/S1S2/left/left.0/relu/Relu_output_0_scale", "/segment/S5_4/S5_4.0/shortcut/shortcut.0/Conv_output_0_zero_point"], "opType": "QuantizeLinear", "comment": "@261 [/segment/S5_4/S5_4.0/shortcut/shortcut.0/Conv_output_0_QuantizeLinear_Output:(ty=2,shape=[1,64,16,16])] QuantizeLinear [/segment/S5_4/S5_4.0/shortcut/shortcut.0/Conv_output_0:(ty=1,shape=[1,64,16,16]),/segment/S1S2/left/left.0/relu/Relu_output_0_scale:(ty=1,shape=[]),/segment/S5_4/S5_4.0/shortcut/shortcut.0/Conv_output_0_zero_point:(ty=2,shape=[])]", "device": "NPU"}, {"output": ["/segment/S5_4/S5_4.0/shortcut/shortcut.0/Conv_output_0_DequantizeLinear_Output"], "input": ["/segment/S5_4/S5_4.0/shortcut/shortcut.0/Conv_output_0_QuantizeLinear_Output", "/segment/S1S2/left/left.0/relu/Relu_output_0_scale", "/segment/S5_4/S5_4.0/shortcut/shortcut.0/Conv_output_0_zero_point"], "opType": "DequantizeLinear", "comment": "@263 [/segment/S5_4/S5_4.0/shortcut/shortcut.0/Conv_output_0_DequantizeLinear_Output:(ty=1,shape=[1,64,16,16])] DequantizeLinear [/segment/S5_4/S5_4.0/shortcut/shortcut.0/Conv_output_0_QuantizeLinear_Output:(ty=2,shape=[1,64,16,16]),/segment/S1S2/left/left.0/relu/Relu_output_0_scale:(ty=1,shape=[]),/segment/S5_4/S5_4.0/shortcut/shortcut.0/Conv_output_0_zero_point:(ty=2,shape=[])]", "device": "NPU"}, {"output": ["onnx::Conv_618_DequantizeLinear_Output"], "input": ["onnx::Conv_618_quantized", "/bga/Mul_output_0_scale", "onnx::Conv_618_zero_point"], "opType": "DequantizeLinear", "comment": "@78 [onnx::Conv_618_DequantizeLinear_Output:(ty=1,shape=[128])] DequantizeLinear [onnx::Conv_618_quantized:(ty=3,shape=[128]),/bga/Mul_output_0_scale:(ty=1,shape=[]),onnx::Conv_618_zero_point:(ty=3,shape=[])]", "device": "NPU"}, {"output": ["onnx::Conv_617_DequantizeLinear_Output"], "input": ["onnx::Conv_617_quantized", "onnx::Conv_518_scale", "onnx::Conv_617_zero_point"], "opType": "DequantizeLinear", "comment": "@77 [onnx::Conv_617_DequantizeLinear_Output:(ty=1,shape=[128,64,1,1])] DequantizeLinear [onnx::Conv_617_quantized:(ty=3,shape=[128,64,1,1]),onnx::Conv_518_scale:(ty=1,shape=[]),onnx::Conv_617_zero_point:(ty=3,shape=[])]", "device": "NPU"}, {"output": ["/segment/S5_4/S5_4.0/shortcut/shortcut.2/Conv_output_0"], "input": ["/segment/S5_4/S5_4.0/shortcut/shortcut.0/Conv_output_0_DequantizeLinear_Output", "onnx::Conv_617_DequantizeLinear_Output", "onnx::Conv_618_DequantizeLinear_Output"], "opType": "Conv", "comment": "@265 [/segment/S5_4/S5_4.0/shortcut/shortcut.2/Conv_output_0:(ty=1,shape=[1,128,16,16])] Conv [/segment/S5_4/S5_4.0/shortcut/shortcut.0/Conv_output_0_DequantizeLinear_Output:(ty=1,shape=[1,64,16,16]),onnx::Conv_617_DequantizeLinear_Output:(ty=1,shape=[128,64,1,1]),onnx::Conv_618_DequantizeLinear_Output:(ty=1,shape=[128])]", "device": "NPU"}, {"output": ["/segment/S5_4/S5_4.0/shortcut/shortcut.2/Conv_output_0_QuantizeLinear_Output"], "input": ["/segment/S5_4/S5_4.0/shortcut/shortcut.2/Conv_output_0", "/segment/S1S2/left/left.0/relu/Relu_output_0_scale", "/segment/S5_4/S5_4.0/shortcut/shortcut.2/Conv_output_0_zero_point"], "opType": "QuantizeLinear", "comment": "@267 [/segment/S5_4/S5_4.0/shortcut/shortcut.2/Conv_output_0_QuantizeLinear_Output:(ty=2,shape=[1,128,16,16])] QuantizeLinear [/segment/S5_4/S5_4.0/shortcut/shortcut.2/Conv_output_0:(ty=1,shape=[1,128,16,16]),/segment/S1S2/left/left.0/relu/Relu_output_0_scale:(ty=1,shape=[]),/segment/S5_4/S5_4.0/shortcut/shortcut.2/Conv_output_0_zero_point:(ty=2,shape=[])]", "device": "NPU"}, {"output": ["/segment/S5_4/S5_4.0/shortcut/shortcut.2/Conv_output_0_DequantizeLinear_Output"], "input": ["/segment/S5_4/S5_4.0/shortcut/shortcut.2/Conv_output_0_QuantizeLinear_Output", "/segment/S1S2/left/left.0/relu/Relu_output_0_scale", "/segment/S5_4/S5_4.0/shortcut/shortcut.2/Conv_output_0_zero_point"], "opType": "DequantizeLinear", "comment": "@269 [/segment/S5_4/S5_4.0/shortcut/shortcut.2/Conv_output_0_DequantizeLinear_Output:(ty=1,shape=[1,128,16,16])] DequantizeLinear [/segment/S5_4/S5_4.0/shortcut/shortcut.2/Conv_output_0_QuantizeLinear_Output:(ty=2,shape=[1,128,16,16]),/segment/S1S2/left/left.0/relu/Relu_output_0_scale:(ty=1,shape=[]),/segment/S5_4/S5_4.0/shortcut/shortcut.2/Conv_output_0_zero_point:(ty=2,shape=[])]", "device": "NPU"}, {"output": ["/segment/S5_4/S5_4.0/Add_output_0"], "input": ["/segment/S5_4/S5_4.0/conv2/conv2.0/Conv_output_0_DequantizeLinear_Output", "/segment/S5_4/S5_4.0/shortcut/shortcut.2/Conv_output_0_DequantizeLinear_Output"], "opType": "Add", "comment": "@278 [/segment/S5_4/S5_4.0/Add_output_0:(ty=1,shape=[1,128,16,16])] Add [/segment/S5_4/S5_4.0/conv2/conv2.0/Conv_output_0_DequantizeLinear_Output:(ty=1,shape=[1,128,16,16]),/segment/S5_4/S5_4.0/shortcut/shortcut.2/Conv_output_0_DequantizeLinear_Output:(ty=1,shape=[1,128,16,16])]", "device": "NPU"}, {"output": ["/segment/S5_4/S5_4.0/relu/Relu_output_0"], "input": ["/segment/S5_4/S5_4.0/Add_output_0"], "opType": "Relu", "comment": "@279 [/segment/S5_4/S5_4.0/relu/Relu_output_0:(ty=1,shape=[1,128,16,16])] Relu [/segment/S5_4/S5_4.0/Add_output_0:(ty=1,shape=[1,128,16,16])]", "device": "NPU"}, {"output": ["/segment/S5_4/S5_4.0/relu/Relu_output_0_QuantizeLinear_Output"], "input": ["/segment/S5_4/S5_4.0/relu/Relu_output_0", "/segment/S1S2/left/left.0/relu/Relu_output_0_scale", "/segment/S5_4/S5_4.0/relu/Relu_output_0_zero_point"], "opType": "QuantizeLinear", "comment": "@280 [/segment/S5_4/S5_4.0/relu/Relu_output_0_QuantizeLinear_Output:(ty=2,shape=[1,128,16,16])] QuantizeLinear [/segment/S5_4/S5_4.0/relu/Relu_output_0:(ty=1,shape=[1,128,16,16]),/segment/S1S2/left/left.0/relu/Relu_output_0_scale:(ty=1,shape=[]),/segment/S5_4/S5_4.0/relu/Relu_output_0_zero_point:(ty=2,shape=[])]", "device": "NPU"}, {"output": ["/segment/S5_4/S5_4.0/relu/Relu_output_0_DequantizeLinear_Output/duplicated"], "input": ["/segment/S5_4/S5_4.0/relu/Relu_output_0_QuantizeLinear_Output", "/segment/S1S2/left/left.0/relu/Relu_output_0_scale", "/segment/S5_4/S5_4.0/relu/Relu_output_0_zero_point"], "opType": "DequantizeLinear", "comment": "@399 [/segment/S5_4/S5_4.0/relu/Relu_output_0_DequantizeLinear_Output/duplicated:(ty=1,shape=[1,128,16,16])] DequantizeLinear [/segment/S5_4/S5_4.0/relu/Relu_output_0_QuantizeLinear_Output:(ty=2,shape=[1,128,16,16]),/segment/S1S2/left/left.0/relu/Relu_output_0_scale:(ty=1,shape=[]),/segment/S5_4/S5_4.0/relu/Relu_output_0_zero_point:(ty=2,shape=[])]", "device": "NPU"}, {"output": ["/segment/S5_4/S5_4.0/relu/Relu_output_0_DequantizeLinear_Output"], "input": ["/segment/S5_4/S5_4.0/relu/Relu_output_0_QuantizeLinear_Output", "/segment/S1S2/left/left.0/relu/Relu_output_0_scale", "/segment/S5_4/S5_4.0/relu/Relu_output_0_zero_point"], "opType": "DequantizeLinear", "comment": "@281 [/segment/S5_4/S5_4.0/relu/Relu_output_0_DequantizeLinear_Output:(ty=1,shape=[1,128,16,16])] DequantizeLinear [/segment/S5_4/S5_4.0/relu/Relu_output_0_QuantizeLinear_Output:(ty=2,shape=[1,128,16,16]),/segment/S1S2/left/left.0/relu/Relu_output_0_scale:(ty=1,shape=[]),/segment/S5_4/S5_4.0/relu/Relu_output_0_zero_point:(ty=2,shape=[])]", "device": "NPU"}, {"output": ["onnx::Conv_621_DequantizeLinear_Output"], "input": ["onnx::Conv_621_quantized", "/bga/Mul_output_0_scale", "onnx::Conv_621_zero_point"], "opType": "DequantizeLinear", "comment": "@80 [onnx::Conv_621_DequantizeLinear_Output:(ty=1,shape=[128])] DequantizeLinear [onnx::Conv_621_quantized:(ty=3,shape=[128]),/bga/Mul_output_0_scale:(ty=1,shape=[]),onnx::Conv_621_zero_point:(ty=3,shape=[])]", "device": "NPU"}, {"output": ["onnx::Conv_620_DequantizeLinear_Output"], "input": ["onnx::Conv_620_quantized", "head.conv_out.weight_scale", "onnx::Conv_620_zero_point"], "opType": "DequantizeLinear", "comment": "@79 [onnx::Conv_620_DequantizeLinear_Output:(ty=1,shape=[128,128,3,3])] DequantizeLinear [onnx::Conv_620_quantized:(ty=3,shape=[128,128,3,3]),head.conv_out.weight_scale:(ty=1,shape=[]),onnx::Conv_620_zero_point:(ty=3,shape=[])]", "device": "NPU"}, {"output": ["/segment/S5_4/S5_4.1/conv1/conv/Conv_output_0"], "input": ["/segment/S5_4/S5_4.0/relu/Relu_output_0_DequantizeLinear_Output", "onnx::Conv_620_DequantizeLinear_Output", "onnx::Conv_621_DequantizeLinear_Output"], "opType": "Conv", "comment": "@282 [/segment/S5_4/S5_4.1/conv1/conv/Conv_output_0:(ty=1,shape=[1,128,16,16])] Conv [/segment/S5_4/S5_4.0/relu/Relu_output_0_DequantizeLinear_Output:(ty=1,shape=[1,128,16,16]),onnx::Conv_620_DequantizeLinear_Output:(ty=1,shape=[128,128,3,3]),onnx::Conv_621_DequantizeLinear_Output:(ty=1,shape=[128])]", "device": "NPU"}, {"output": ["/segment/S5_4/S5_4.1/conv1/relu/Relu_output_0"], "input": ["/segment/S5_4/S5_4.1/conv1/conv/Conv_output_0"], "opType": "Relu", "comment": "@283 [/segment/S5_4/S5_4.1/conv1/relu/Relu_output_0:(ty=1,shape=[1,128,16,16])] Relu [/segment/S5_4/S5_4.1/conv1/conv/Conv_output_0:(ty=1,shape=[1,128,16,16])]", "device": "NPU"}, {"output": ["/segment/S5_4/S5_4.1/conv1/relu/Relu_output_0_QuantizeLinear_Output"], "input": ["/segment/S5_4/S5_4.1/conv1/relu/Relu_output_0", "onnx::Conv_645_scale", "/segment/S5_4/S5_4.1/conv1/relu/Relu_output_0_zero_point"], "opType": "QuantizeLinear", "comment": "@284 [/segment/S5_4/S5_4.1/conv1/relu/Relu_output_0_QuantizeLinear_Output:(ty=2,shape=[1,128,16,16])] QuantizeLinear [/segment/S5_4/S5_4.1/conv1/relu/Relu_output_0:(ty=1,shape=[1,128,16,16]),onnx::Conv_645_scale:(ty=1,shape=[]),/segment/S5_4/S5_4.1/conv1/relu/Relu_output_0_zero_point:(ty=2,shape=[])]", "device": "NPU"}, {"output": ["/segment/S5_4/S5_4.1/conv1/relu/Relu_output_0_DequantizeLinear_Output"], "input": ["/segment/S5_4/S5_4.1/conv1/relu/Relu_output_0_QuantizeLinear_Output", "onnx::Conv_645_scale", "/segment/S5_4/S5_4.1/conv1/relu/Relu_output_0_zero_point"], "opType": "DequantizeLinear", "comment": "@285 [/segment/S5_4/S5_4.1/conv1/relu/Relu_output_0_DequantizeLinear_Output:(ty=1,shape=[1,128,16,16])] DequantizeLinear [/segment/S5_4/S5_4.1/conv1/relu/Relu_output_0_QuantizeLinear_Output:(ty=2,shape=[1,128,16,16]),onnx::Conv_645_scale:(ty=1,shape=[]),/segment/S5_4/S5_4.1/conv1/relu/Relu_output_0_zero_point:(ty=2,shape=[])]", "device": "NPU"}, {"output": ["onnx::Conv_624_DequantizeLinear_Output"], "input": ["onnx::Conv_624_quantized", "/bga/Mul_output_0_scale", "onnx::Conv_624_zero_point"], "opType": "DequantizeLinear", "comment": "@82 [onnx::Conv_624_DequantizeLinear_Output:(ty=1,shape=[768])] DequantizeLinear [onnx::Conv_624_quantized:(ty=3,shape=[768]),/bga/Mul_output_0_scale:(ty=1,shape=[]),onnx::Conv_624_zero_point:(ty=3,shape=[])]", "device": "NPU"}, {"output": ["onnx::Conv_623_DequantizeLinear_Output"], "input": ["onnx::Conv_623_quantized", "/bga/Mul_output_0_scale", "onnx::Conv_623_zero_point"], "opType": "DequantizeLinear", "comment": "@81 [onnx::Conv_623_DequantizeLinear_Output:(ty=1,shape=[768,1,3,3])] DequantizeLinear [onnx::Conv_623_quantized:(ty=3,shape=[768,1,3,3]),/bga/Mul_output_0_scale:(ty=1,shape=[]),onnx::Conv_623_zero_point:(ty=3,shape=[])]", "device": "NPU"}, {"output": ["/segment/S5_4/S5_4.1/dwconv/dwconv.0/Conv_output_0"], "input": ["/segment/S5_4/S5_4.1/conv1/relu/Relu_output_0_DequantizeLinear_Output", "onnx::Conv_623_DequantizeLinear_Output", "onnx::Conv_624_DequantizeLinear_Output"], "opType": "Conv", "comment": "@286 [/segment/S5_4/S5_4.1/dwconv/dwconv.0/Conv_output_0:(ty=1,shape=[1,768,16,16])] Conv [/segment/S5_4/S5_4.1/conv1/relu/Relu_output_0_DequantizeLinear_Output:(ty=1,shape=[1,128,16,16]),onnx::Conv_623_DequantizeLinear_Output:(ty=1,shape=[768,1,3,3]),onnx::Conv_624_DequantizeLinear_Output:(ty=1,shape=[768])]", "device": "NPU"}, {"output": ["/segment/S5_4/S5_4.1/dwconv/dwconv.2/Relu_output_0"], "input": ["/segment/S5_4/S5_4.1/dwconv/dwconv.0/Conv_output_0"], "opType": "Relu", "comment": "@287 [/segment/S5_4/S5_4.1/dwconv/dwconv.2/Relu_output_0:(ty=1,shape=[1,768,16,16])] Relu [/segment/S5_4/S5_4.1/dwconv/dwconv.0/Conv_output_0:(ty=1,shape=[1,768,16,16])]", "device": "NPU"}, {"output": ["/segment/S5_4/S5_4.1/dwconv/dwconv.2/Relu_output_0_QuantizeLinear_Output"], "input": ["/segment/S5_4/S5_4.1/dwconv/dwconv.2/Relu_output_0", "onnx::Conv_645_scale", "/segment/S5_4/S5_4.1/dwconv/dwconv.2/Relu_output_0_zero_point"], "opType": "QuantizeLinear", "comment": "@288 [/segment/S5_4/S5_4.1/dwconv/dwconv.2/Relu_output_0_QuantizeLinear_Output:(ty=2,shape=[1,768,16,16])] QuantizeLinear [/segment/S5_4/S5_4.1/dwconv/dwconv.2/Relu_output_0:(ty=1,shape=[1,768,16,16]),onnx::Conv_645_scale:(ty=1,shape=[]),/segment/S5_4/S5_4.1/dwconv/dwconv.2/Relu_output_0_zero_point:(ty=2,shape=[])]", "device": "NPU"}, {"output": ["/segment/S5_4/S5_4.1/dwconv/dwconv.2/Relu_output_0_DequantizeLinear_Output"], "input": ["/segment/S5_4/S5_4.1/dwconv/dwconv.2/Relu_output_0_QuantizeLinear_Output", "onnx::Conv_645_scale", "/segment/S5_4/S5_4.1/dwconv/dwconv.2/Relu_output_0_zero_point"], "opType": "DequantizeLinear", "comment": "@289 [/segment/S5_4/S5_4.1/dwconv/dwconv.2/Relu_output_0_DequantizeLinear_Output:(ty=1,shape=[1,768,16,16])] DequantizeLinear [/segment/S5_4/S5_4.1/dwconv/dwconv.2/Relu_output_0_QuantizeLinear_Output:(ty=2,shape=[1,768,16,16]),onnx::Conv_645_scale:(ty=1,shape=[]),/segment/S5_4/S5_4.1/dwconv/dwconv.2/Relu_output_0_zero_point:(ty=2,shape=[])]", "device": "NPU"}, {"output": ["onnx::Conv_627_DequantizeLinear_Output"], "input": ["onnx::Conv_627_quantized", "/bga/Mul_output_0_scale", "onnx::Conv_627_zero_point"], "opType": "DequantizeLinear", "comment": "@84 [onnx::Conv_627_DequantizeLinear_Output:(ty=1,shape=[128])] DequantizeLinear [onnx::Conv_627_quantized:(ty=3,shape=[128]),/bga/Mul_output_0_scale:(ty=1,shape=[]),onnx::Conv_627_zero_point:(ty=3,shape=[])]", "device": "NPU"}, {"output": ["onnx::Conv_626_DequantizeLinear_Output"], "input": ["onnx::Conv_626_quantized", "onnx::Conv_518_scale", "onnx::Conv_626_zero_point"], "opType": "DequantizeLinear", "comment": "@83 [onnx::Conv_626_DequantizeLinear_Output:(ty=1,shape=[128,768,1,1])] DequantizeLinear [onnx::Conv_626_quantized:(ty=3,shape=[128,768,1,1]),onnx::Conv_518_scale:(ty=1,shape=[]),onnx::Conv_626_zero_point:(ty=3,shape=[])]", "device": "NPU"}, {"output": ["/segment/S5_4/S5_4.1/conv2/conv2.0/Conv_output_0"], "input": ["/segment/S5_4/S5_4.1/dwconv/dwconv.2/Relu_output_0_DequantizeLinear_Output", "onnx::Conv_626_DequantizeLinear_Output", "onnx::Conv_627_DequantizeLinear_Output"], "opType": "Conv", "comment": "@290 [/segment/S5_4/S5_4.1/conv2/conv2.0/Conv_output_0:(ty=1,shape=[1,128,16,16])] Conv [/segment/S5_4/S5_4.1/dwconv/dwconv.2/Relu_output_0_DequantizeLinear_Output:(ty=1,shape=[1,768,16,16]),onnx::Conv_626_DequantizeLinear_Output:(ty=1,shape=[128,768,1,1]),onnx::Conv_627_DequantizeLinear_Output:(ty=1,shape=[128])]", "device": "NPU"}, {"output": ["/segment/S5_4/S5_4.1/conv2/conv2.0/Conv_output_0_QuantizeLinear_Output"], "input": ["/segment/S5_4/S5_4.1/conv2/conv2.0/Conv_output_0", "/segment/S1S2/left/left.0/relu/Relu_output_0_scale", "/segment/S5_4/S5_4.1/conv2/conv2.0/Conv_output_0_zero_point"], "opType": "QuantizeLinear", "comment": "@291 [/segment/S5_4/S5_4.1/conv2/conv2.0/Conv_output_0_QuantizeLinear_Output:(ty=2,shape=[1,128,16,16])] QuantizeLinear [/segment/S5_4/S5_4.1/conv2/conv2.0/Conv_output_0:(ty=1,shape=[1,128,16,16]),/segment/S1S2/left/left.0/relu/Relu_output_0_scale:(ty=1,shape=[]),/segment/S5_4/S5_4.1/conv2/conv2.0/Conv_output_0_zero_point:(ty=2,shape=[])]", "device": "NPU"}, {"output": ["/segment/S5_4/S5_4.1/conv2/conv2.0/Conv_output_0_DequantizeLinear_Output"], "input": ["/segment/S5_4/S5_4.1/conv2/conv2.0/Conv_output_0_QuantizeLinear_Output", "/segment/S1S2/left/left.0/relu/Relu_output_0_scale", "/segment/S5_4/S5_4.1/conv2/conv2.0/Conv_output_0_zero_point"], "opType": "DequantizeLinear", "comment": "@292 [/segment/S5_4/S5_4.1/conv2/conv2.0/Conv_output_0_DequantizeLinear_Output:(ty=1,shape=[1,128,16,16])] DequantizeLinear [/segment/S5_4/S5_4.1/conv2/conv2.0/Conv_output_0_QuantizeLinear_Output:(ty=2,shape=[1,128,16,16]),/segment/S1S2/left/left.0/relu/Relu_output_0_scale:(ty=1,shape=[]),/segment/S5_4/S5_4.1/conv2/conv2.0/Conv_output_0_zero_point:(ty=2,shape=[])]", "device": "NPU"}, {"output": ["/segment/S5_4/S5_4.1/Add_output_0"], "input": ["/segment/S5_4/S5_4.1/conv2/conv2.0/Conv_output_0_DequantizeLinear_Output", "/segment/S5_4/S5_4.0/relu/Relu_output_0_DequantizeLinear_Output/duplicated"], "opType": "Add", "comment": "@293 [/segment/S5_4/S5_4.1/Add_output_0:(ty=1,shape=[1,128,16,16])] Add [/segment/S5_4/S5_4.1/conv2/conv2.0/Conv_output_0_DequantizeLinear_Output:(ty=1,shape=[1,128,16,16]),/segment/S5_4/S5_4.0/relu/Relu_output_0_DequantizeLinear_Output/duplicated:(ty=1,shape=[1,128,16,16])]", "device": "NPU"}, {"output": ["/segment/S5_4/S5_4.1/relu/Relu_output_0"], "input": ["/segment/S5_4/S5_4.1/Add_output_0"], "opType": "Relu", "comment": "@294 [/segment/S5_4/S5_4.1/relu/Relu_output_0:(ty=1,shape=[1,128,16,16])] Relu [/segment/S5_4/S5_4.1/Add_output_0:(ty=1,shape=[1,128,16,16])]", "device": "NPU"}, {"output": ["/segment/S5_4/S5_4.1/relu/Relu_output_0_QuantizeLinear_Output"], "input": ["/segment/S5_4/S5_4.1/relu/Relu_output_0", "/segment/S1S2/left/left.0/relu/Relu_output_0_scale", "/segment/S5_4/S5_4.1/relu/Relu_output_0_zero_point"], "opType": "QuantizeLinear", "comment": "@295 [/segment/S5_4/S5_4.1/relu/Relu_output_0_QuantizeLinear_Output:(ty=2,shape=[1,128,16,16])] QuantizeLinear [/segment/S5_4/S5_4.1/relu/Relu_output_0:(ty=1,shape=[1,128,16,16]),/segment/S1S2/left/left.0/relu/Relu_output_0_scale:(ty=1,shape=[]),/segment/S5_4/S5_4.1/relu/Relu_output_0_zero_point:(ty=2,shape=[])]", "device": "NPU"}, {"output": ["/segment/S5_4/S5_4.1/relu/Relu_output_0_DequantizeLinear_Output/duplicated"], "input": ["/segment/S5_4/S5_4.1/relu/Relu_output_0_QuantizeLinear_Output", "/segment/S1S2/left/left.0/relu/Relu_output_0_scale", "/segment/S5_4/S5_4.1/relu/Relu_output_0_zero_point"], "opType": "DequantizeLinear", "comment": "@400 [/segment/S5_4/S5_4.1/relu/Relu_output_0_DequantizeLinear_Output/duplicated:(ty=1,shape=[1,128,16,16])] DequantizeLinear [/segment/S5_4/S5_4.1/relu/Relu_output_0_QuantizeLinear_Output:(ty=2,shape=[1,128,16,16]),/segment/S1S2/left/left.0/relu/Relu_output_0_scale:(ty=1,shape=[]),/segment/S5_4/S5_4.1/relu/Relu_output_0_zero_point:(ty=2,shape=[])]", "device": "NPU"}, {"output": ["/segment/S5_4/S5_4.1/relu/Relu_output_0_DequantizeLinear_Output"], "input": ["/segment/S5_4/S5_4.1/relu/Relu_output_0_QuantizeLinear_Output", "/segment/S1S2/left/left.0/relu/Relu_output_0_scale", "/segment/S5_4/S5_4.1/relu/Relu_output_0_zero_point"], "opType": "DequantizeLinear", "comment": "@296 [/segment/S5_4/S5_4.1/relu/Relu_output_0_DequantizeLinear_Output:(ty=1,shape=[1,128,16,16])] DequantizeLinear [/segment/S5_4/S5_4.1/relu/Relu_output_0_QuantizeLinear_Output:(ty=2,shape=[1,128,16,16]),/segment/S1S2/left/left.0/relu/Relu_output_0_scale:(ty=1,shape=[]),/segment/S5_4/S5_4.1/relu/Relu_output_0_zero_point:(ty=2,shape=[])]", "device": "NPU"}, {"output": ["onnx::Conv_630_DequantizeLinear_Output"], "input": ["onnx::Conv_630_quantized", "image_scale", "onnx::Conv_630_zero_point"], "opType": "DequantizeLinear", "comment": "@86 [onnx::Conv_630_DequantizeLinear_Output:(ty=1,shape=[128])] DequantizeLinear [onnx::Conv_630_quantized:(ty=3,shape=[128]),image_scale:(ty=1,shape=[]),onnx::Conv_630_zero_point:(ty=3,shape=[])]", "device": "NPU"}, {"output": ["onnx::Conv_629_DequantizeLinear_Output"], "input": ["onnx::Conv_629_quantized", "head.conv_out.weight_scale", "onnx::Conv_629_zero_point"], "opType": "DequantizeLinear", "comment": "@85 [onnx::Conv_629_DequantizeLinear_Output:(ty=1,shape=[128,128,3,3])] DequantizeLinear [onnx::Conv_629_quantized:(ty=3,shape=[128,128,3,3]),head.conv_out.weight_scale:(ty=1,shape=[]),onnx::Conv_629_zero_point:(ty=3,shape=[])]", "device": "NPU"}, {"output": ["/segment/S5_4/S5_4.2/conv1/conv/Conv_output_0"], "input": ["/segment/S5_4/S5_4.1/relu/Relu_output_0_DequantizeLinear_Output", "onnx::Conv_629_DequantizeLinear_Output", "onnx::Conv_630_DequantizeLinear_Output"], "opType": "Conv", "comment": "@297 [/segment/S5_4/S5_4.2/conv1/conv/Conv_output_0:(ty=1,shape=[1,128,16,16])] Conv [/segment/S5_4/S5_4.1/relu/Relu_output_0_DequantizeLinear_Output:(ty=1,shape=[1,128,16,16]),onnx::Conv_629_DequantizeLinear_Output:(ty=1,shape=[128,128,3,3]),onnx::Conv_630_DequantizeLinear_Output:(ty=1,shape=[128])]", "device": "NPU"}, {"output": ["/segment/S5_4/S5_4.2/conv1/relu/Relu_output_0"], "input": ["/segment/S5_4/S5_4.2/conv1/conv/Conv_output_0"], "opType": "Relu", "comment": "@298 [/segment/S5_4/S5_4.2/conv1/relu/Relu_output_0:(ty=1,shape=[1,128,16,16])] Relu [/segment/S5_4/S5_4.2/conv1/conv/Conv_output_0:(ty=1,shape=[1,128,16,16])]", "device": "NPU"}, {"output": ["/segment/S5_4/S5_4.2/conv1/relu/Relu_output_0_QuantizeLinear_Output"], "input": ["/segment/S5_4/S5_4.2/conv1/relu/Relu_output_0", "/bga/Mul_output_0_scale", "/segment/S5_4/S5_4.2/conv1/relu/Relu_output_0_zero_point"], "opType": "QuantizeLinear", "comment": "@299 [/segment/S5_4/S5_4.2/conv1/relu/Relu_output_0_QuantizeLinear_Output:(ty=2,shape=[1,128,16,16])] QuantizeLinear [/segment/S5_4/S5_4.2/conv1/relu/Relu_output_0:(ty=1,shape=[1,128,16,16]),/bga/Mul_output_0_scale:(ty=1,shape=[]),/segment/S5_4/S5_4.2/conv1/relu/Relu_output_0_zero_point:(ty=2,shape=[])]", "device": "NPU"}, {"output": ["/segment/S5_4/S5_4.2/conv1/relu/Relu_output_0_DequantizeLinear_Output"], "input": ["/segment/S5_4/S5_4.2/conv1/relu/Relu_output_0_QuantizeLinear_Output", "/bga/Mul_output_0_scale", "/segment/S5_4/S5_4.2/conv1/relu/Relu_output_0_zero_point"], "opType": "DequantizeLinear", "comment": "@300 [/segment/S5_4/S5_4.2/conv1/relu/Relu_output_0_DequantizeLinear_Output:(ty=1,shape=[1,128,16,16])] DequantizeLinear [/segment/S5_4/S5_4.2/conv1/relu/Relu_output_0_QuantizeLinear_Output:(ty=2,shape=[1,128,16,16]),/bga/Mul_output_0_scale:(ty=1,shape=[]),/segment/S5_4/S5_4.2/conv1/relu/Relu_output_0_zero_point:(ty=2,shape=[])]", "device": "NPU"}, {"output": ["onnx::Conv_633_DequantizeLinear_Output"], "input": ["onnx::Conv_633_quantized", "/bga/Mul_output_0_scale", "onnx::Conv_633_zero_point"], "opType": "DequantizeLinear", "comment": "@88 [onnx::Conv_633_DequantizeLinear_Output:(ty=1,shape=[768])] DequantizeLinear [onnx::Conv_633_quantized:(ty=3,shape=[768]),/bga/Mul_output_0_scale:(ty=1,shape=[]),onnx::Conv_633_zero_point:(ty=3,shape=[])]", "device": "NPU"}, {"output": ["onnx::Conv_632_DequantizeLinear_Output"], "input": ["onnx::Conv_632_quantized", "/segment/S1S2/left/left.0/relu/Relu_output_0_scale", "onnx::Conv_632_zero_point"], "opType": "DequantizeLinear", "comment": "@87 [onnx::Conv_632_DequantizeLinear_Output:(ty=1,shape=[768,1,3,3])] DequantizeLinear [onnx::Conv_632_quantized:(ty=3,shape=[768,1,3,3]),/segment/S1S2/left/left.0/relu/Relu_output_0_scale:(ty=1,shape=[]),onnx::Conv_632_zero_point:(ty=3,shape=[])]", "device": "NPU"}, {"output": ["/segment/S5_4/S5_4.2/dwconv/dwconv.0/Conv_output_0"], "input": ["/segment/S5_4/S5_4.2/conv1/relu/Relu_output_0_DequantizeLinear_Output", "onnx::Conv_632_DequantizeLinear_Output", "onnx::Conv_633_DequantizeLinear_Output"], "opType": "Conv", "comment": "@301 [/segment/S5_4/S5_4.2/dwconv/dwconv.0/Conv_output_0:(ty=1,shape=[1,768,16,16])] Conv [/segment/S5_4/S5_4.2/conv1/relu/Relu_output_0_DequantizeLinear_Output:(ty=1,shape=[1,128,16,16]),onnx::Conv_632_DequantizeLinear_Output:(ty=1,shape=[768,1,3,3]),onnx::Conv_633_DequantizeLinear_Output:(ty=1,shape=[768])]", "device": "NPU"}, {"output": ["/segment/S5_4/S5_4.2/dwconv/dwconv.2/Relu_output_0"], "input": ["/segment/S5_4/S5_4.2/dwconv/dwconv.0/Conv_output_0"], "opType": "Relu", "comment": "@302 [/segment/S5_4/S5_4.2/dwconv/dwconv.2/Relu_output_0:(ty=1,shape=[1,768,16,16])] Relu [/segment/S5_4/S5_4.2/dwconv/dwconv.0/Conv_output_0:(ty=1,shape=[1,768,16,16])]", "device": "NPU"}, {"output": ["/segment/S5_4/S5_4.2/dwconv/dwconv.2/Relu_output_0_QuantizeLinear_Output"], "input": ["/segment/S5_4/S5_4.2/dwconv/dwconv.2/Relu_output_0", "onnx::Conv_645_scale", "/segment/S5_4/S5_4.2/dwconv/dwconv.2/Relu_output_0_zero_point"], "opType": "QuantizeLinear", "comment": "@303 [/segment/S5_4/S5_4.2/dwconv/dwconv.2/Relu_output_0_QuantizeLinear_Output:(ty=2,shape=[1,768,16,16])] QuantizeLinear [/segment/S5_4/S5_4.2/dwconv/dwconv.2/Relu_output_0:(ty=1,shape=[1,768,16,16]),onnx::Conv_645_scale:(ty=1,shape=[]),/segment/S5_4/S5_4.2/dwconv/dwconv.2/Relu_output_0_zero_point:(ty=2,shape=[])]", "device": "NPU"}, {"output": ["/segment/S5_4/S5_4.2/dwconv/dwconv.2/Relu_output_0_DequantizeLinear_Output"], "input": ["/segment/S5_4/S5_4.2/dwconv/dwconv.2/Relu_output_0_QuantizeLinear_Output", "onnx::Conv_645_scale", "/segment/S5_4/S5_4.2/dwconv/dwconv.2/Relu_output_0_zero_point"], "opType": "DequantizeLinear", "comment": "@304 [/segment/S5_4/S5_4.2/dwconv/dwconv.2/Relu_output_0_DequantizeLinear_Output:(ty=1,shape=[1,768,16,16])] DequantizeLinear [/segment/S5_4/S5_4.2/dwconv/dwconv.2/Relu_output_0_QuantizeLinear_Output:(ty=2,shape=[1,768,16,16]),onnx::Conv_645_scale:(ty=1,shape=[]),/segment/S5_4/S5_4.2/dwconv/dwconv.2/Relu_output_0_zero_point:(ty=2,shape=[])]", "device": "NPU"}, {"output": ["onnx::Conv_636_DequantizeLinear_Output"], "input": ["onnx::Conv_636_quantized", "/bga/Mul_output_0_scale", "onnx::Conv_636_zero_point"], "opType": "DequantizeLinear", "comment": "@90 [onnx::Conv_636_DequantizeLinear_Output:(ty=1,shape=[128])] DequantizeLinear [onnx::Conv_636_quantized:(ty=3,shape=[128]),/bga/Mul_output_0_scale:(ty=1,shape=[]),onnx::Conv_636_zero_point:(ty=3,shape=[])]", "device": "NPU"}, {"output": ["onnx::Conv_635_DequantizeLinear_Output"], "input": ["onnx::Conv_635_quantized", "onnx::Conv_518_scale", "onnx::Conv_635_zero_point"], "opType": "DequantizeLinear", "comment": "@89 [onnx::Conv_635_DequantizeLinear_Output:(ty=1,shape=[128,768,1,1])] DequantizeLinear [onnx::Conv_635_quantized:(ty=3,shape=[128,768,1,1]),onnx::Conv_518_scale:(ty=1,shape=[]),onnx::Conv_635_zero_point:(ty=3,shape=[])]", "device": "NPU"}, {"output": ["/segment/S5_4/S5_4.2/conv2/conv2.0/Conv_output_0"], "input": ["/segment/S5_4/S5_4.2/dwconv/dwconv.2/Relu_output_0_DequantizeLinear_Output", "onnx::Conv_635_DequantizeLinear_Output", "onnx::Conv_636_DequantizeLinear_Output"], "opType": "Conv", "comment": "@305 [/segment/S5_4/S5_4.2/conv2/conv2.0/Conv_output_0:(ty=1,shape=[1,128,16,16])] Conv [/segment/S5_4/S5_4.2/dwconv/dwconv.2/Relu_output_0_DequantizeLinear_Output:(ty=1,shape=[1,768,16,16]),onnx::Conv_635_DequantizeLinear_Output:(ty=1,shape=[128,768,1,1]),onnx::Conv_636_DequantizeLinear_Output:(ty=1,shape=[128])]", "device": "NPU"}, {"output": ["/segment/S5_4/S5_4.2/conv2/conv2.0/Conv_output_0_QuantizeLinear_Output"], "input": ["/segment/S5_4/S5_4.2/conv2/conv2.0/Conv_output_0", "onnx::Conv_645_scale", "/segment/S5_4/S5_4.2/conv2/conv2.0/Conv_output_0_zero_point"], "opType": "QuantizeLinear", "comment": "@306 [/segment/S5_4/S5_4.2/conv2/conv2.0/Conv_output_0_QuantizeLinear_Output:(ty=2,shape=[1,128,16,16])] QuantizeLinear [/segment/S5_4/S5_4.2/conv2/conv2.0/Conv_output_0:(ty=1,shape=[1,128,16,16]),onnx::Conv_645_scale:(ty=1,shape=[]),/segment/S5_4/S5_4.2/conv2/conv2.0/Conv_output_0_zero_point:(ty=2,shape=[])]", "device": "NPU"}, {"output": ["/segment/S5_4/S5_4.2/conv2/conv2.0/Conv_output_0_DequantizeLinear_Output"], "input": ["/segment/S5_4/S5_4.2/conv2/conv2.0/Conv_output_0_QuantizeLinear_Output", "onnx::Conv_645_scale", "/segment/S5_4/S5_4.2/conv2/conv2.0/Conv_output_0_zero_point"], "opType": "DequantizeLinear", "comment": "@307 [/segment/S5_4/S5_4.2/conv2/conv2.0/Conv_output_0_DequantizeLinear_Output:(ty=1,shape=[1,128,16,16])] DequantizeLinear [/segment/S5_4/S5_4.2/conv2/conv2.0/Conv_output_0_QuantizeLinear_Output:(ty=2,shape=[1,128,16,16]),onnx::Conv_645_scale:(ty=1,shape=[]),/segment/S5_4/S5_4.2/conv2/conv2.0/Conv_output_0_zero_point:(ty=2,shape=[])]", "device": "NPU"}, {"output": ["/segment/S5_4/S5_4.2/Add_output_0"], "input": ["/segment/S5_4/S5_4.2/conv2/conv2.0/Conv_output_0_DequantizeLinear_Output", "/segment/S5_4/S5_4.1/relu/Relu_output_0_DequantizeLinear_Output/duplicated"], "opType": "Add", "comment": "@308 [/segment/S5_4/S5_4.2/Add_output_0:(ty=1,shape=[1,128,16,16])] Add [/segment/S5_4/S5_4.2/conv2/conv2.0/Conv_output_0_DequantizeLinear_Output:(ty=1,shape=[1,128,16,16]),/segment/S5_4/S5_4.1/relu/Relu_output_0_DequantizeLinear_Output/duplicated:(ty=1,shape=[1,128,16,16])]", "device": "NPU"}, {"output": ["/segment/S5_4/S5_4.2/relu/Relu_output_0"], "input": ["/segment/S5_4/S5_4.2/Add_output_0"], "opType": "Relu", "comment": "@309 [/segment/S5_4/S5_4.2/relu/Relu_output_0:(ty=1,shape=[1,128,16,16])] Relu [/segment/S5_4/S5_4.2/Add_output_0:(ty=1,shape=[1,128,16,16])]", "device": "NPU"}, {"output": ["/segment/S5_4/S5_4.2/relu/Relu_output_0_QuantizeLinear_Output"], "input": ["/segment/S5_4/S5_4.2/relu/Relu_output_0", "/segment/S1S2/left/left.0/relu/Relu_output_0_scale", "/segment/S5_4/S5_4.2/relu/Relu_output_0_zero_point"], "opType": "QuantizeLinear", "comment": "@310 [/segment/S5_4/S5_4.2/relu/Relu_output_0_QuantizeLinear_Output:(ty=2,shape=[1,128,16,16])] QuantizeLinear [/segment/S5_4/S5_4.2/relu/Relu_output_0:(ty=1,shape=[1,128,16,16]),/segment/S1S2/left/left.0/relu/Relu_output_0_scale:(ty=1,shape=[]),/segment/S5_4/S5_4.2/relu/Relu_output_0_zero_point:(ty=2,shape=[])]", "device": "NPU"}, {"output": ["/segment/S5_4/S5_4.2/relu/Relu_output_0_DequantizeLinear_Output/duplicated"], "input": ["/segment/S5_4/S5_4.2/relu/Relu_output_0_QuantizeLinear_Output", "/segment/S1S2/left/left.0/relu/Relu_output_0_scale", "/segment/S5_4/S5_4.2/relu/Relu_output_0_zero_point"], "opType": "DequantizeLinear", "comment": "@401 [/segment/S5_4/S5_4.2/relu/Relu_output_0_DequantizeLinear_Output/duplicated:(ty=1,shape=[1,128,16,16])] DequantizeLinear [/segment/S5_4/S5_4.2/relu/Relu_output_0_QuantizeLinear_Output:(ty=2,shape=[1,128,16,16]),/segment/S1S2/left/left.0/relu/Relu_output_0_scale:(ty=1,shape=[]),/segment/S5_4/S5_4.2/relu/Relu_output_0_zero_point:(ty=2,shape=[])]", "device": "NPU"}, {"output": ["/segment/S5_4/S5_4.2/relu/Relu_output_0_DequantizeLinear_Output"], "input": ["/segment/S5_4/S5_4.2/relu/Relu_output_0_QuantizeLinear_Output", "/segment/S1S2/left/left.0/relu/Relu_output_0_scale", "/segment/S5_4/S5_4.2/relu/Relu_output_0_zero_point"], "opType": "DequantizeLinear", "comment": "@311 [/segment/S5_4/S5_4.2/relu/Relu_output_0_DequantizeLinear_Output:(ty=1,shape=[1,128,16,16])] DequantizeLinear [/segment/S5_4/S5_4.2/relu/Relu_output_0_QuantizeLinear_Output:(ty=2,shape=[1,128,16,16]),/segment/S1S2/left/left.0/relu/Relu_output_0_scale:(ty=1,shape=[]),/segment/S5_4/S5_4.2/relu/Relu_output_0_zero_point:(ty=2,shape=[])]", "device": "NPU"}, {"output": ["onnx::Conv_639_DequantizeLinear_Output"], "input": ["onnx::Conv_639_quantized", "image_scale", "onnx::Conv_639_zero_point"], "opType": "DequantizeLinear", "comment": "@92 [onnx::Conv_639_DequantizeLinear_Output:(ty=1,shape=[128])] DequantizeLinear [onnx::Conv_639_quantized:(ty=3,shape=[128]),image_scale:(ty=1,shape=[]),onnx::Conv_639_zero_point:(ty=3,shape=[])]", "device": "NPU"}, {"output": ["onnx::Conv_638_DequantizeLinear_Output"], "input": ["onnx::Conv_638_quantized", "head.conv_out.weight_scale", "onnx::Conv_638_zero_point"], "opType": "DequantizeLinear", "comment": "@91 [onnx::Conv_638_DequantizeLinear_Output:(ty=1,shape=[128,128,3,3])] DequantizeLinear [onnx::Conv_638_quantized:(ty=3,shape=[128,128,3,3]),head.conv_out.weight_scale:(ty=1,shape=[]),onnx::Conv_638_zero_point:(ty=3,shape=[])]", "device": "NPU"}, {"output": ["/segment/S5_4/S5_4.3/conv1/conv/Conv_output_0"], "input": ["/segment/S5_4/S5_4.2/relu/Relu_output_0_DequantizeLinear_Output", "onnx::Conv_638_DequantizeLinear_Output", "onnx::Conv_639_DequantizeLinear_Output"], "opType": "Conv", "comment": "@312 [/segment/S5_4/S5_4.3/conv1/conv/Conv_output_0:(ty=1,shape=[1,128,16,16])] Conv [/segment/S5_4/S5_4.2/relu/Relu_output_0_DequantizeLinear_Output:(ty=1,shape=[1,128,16,16]),onnx::Conv_638_DequantizeLinear_Output:(ty=1,shape=[128,128,3,3]),onnx::Conv_639_DequantizeLinear_Output:(ty=1,shape=[128])]", "device": "NPU"}, {"output": ["/segment/S5_4/S5_4.3/conv1/relu/Relu_output_0"], "input": ["/segment/S5_4/S5_4.3/conv1/conv/Conv_output_0"], "opType": "Relu", "comment": "@313 [/segment/S5_4/S5_4.3/conv1/relu/Relu_output_0:(ty=1,shape=[1,128,16,16])] Relu [/segment/S5_4/S5_4.3/conv1/conv/Conv_output_0:(ty=1,shape=[1,128,16,16])]", "device": "NPU"}, {"output": ["/segment/S5_4/S5_4.3/conv1/relu/Relu_output_0_QuantizeLinear_Output"], "input": ["/segment/S5_4/S5_4.3/conv1/relu/Relu_output_0", "onnx::Conv_645_scale", "/segment/S5_4/S5_4.3/conv1/relu/Relu_output_0_zero_point"], "opType": "QuantizeLinear", "comment": "@314 [/segment/S5_4/S5_4.3/conv1/relu/Relu_output_0_QuantizeLinear_Output:(ty=2,shape=[1,128,16,16])] QuantizeLinear [/segment/S5_4/S5_4.3/conv1/relu/Relu_output_0:(ty=1,shape=[1,128,16,16]),onnx::Conv_645_scale:(ty=1,shape=[]),/segment/S5_4/S5_4.3/conv1/relu/Relu_output_0_zero_point:(ty=2,shape=[])]", "device": "NPU"}, {"output": ["/segment/S5_4/S5_4.3/conv1/relu/Relu_output_0_DequantizeLinear_Output"], "input": ["/segment/S5_4/S5_4.3/conv1/relu/Relu_output_0_QuantizeLinear_Output", "onnx::Conv_645_scale", "/segment/S5_4/S5_4.3/conv1/relu/Relu_output_0_zero_point"], "opType": "DequantizeLinear", "comment": "@315 [/segment/S5_4/S5_4.3/conv1/relu/Relu_output_0_DequantizeLinear_Output:(ty=1,shape=[1,128,16,16])] DequantizeLinear [/segment/S5_4/S5_4.3/conv1/relu/Relu_output_0_QuantizeLinear_Output:(ty=2,shape=[1,128,16,16]),onnx::Conv_645_scale:(ty=1,shape=[]),/segment/S5_4/S5_4.3/conv1/relu/Relu_output_0_zero_point:(ty=2,shape=[])]", "device": "NPU"}, {"output": ["onnx::Conv_642_DequantizeLinear_Output"], "input": ["onnx::Conv_642_quantized", "/bga/Mul_output_0_scale", "onnx::Conv_642_zero_point"], "opType": "DequantizeLinear", "comment": "@94 [onnx::Conv_642_DequantizeLinear_Output:(ty=1,shape=[768])] DequantizeLinear [onnx::Conv_642_quantized:(ty=3,shape=[768]),/bga/Mul_output_0_scale:(ty=1,shape=[]),onnx::Conv_642_zero_point:(ty=3,shape=[])]", "device": "NPU"}, {"output": ["onnx::Conv_641_DequantizeLinear_Output"], "input": ["onnx::Conv_641_quantized", "/bga/Mul_output_0_scale", "onnx::Conv_641_zero_point"], "opType": "DequantizeLinear", "comment": "@93 [onnx::Conv_641_DequantizeLinear_Output:(ty=1,shape=[768,1,3,3])] DequantizeLinear [onnx::Conv_641_quantized:(ty=3,shape=[768,1,3,3]),/bga/Mul_output_0_scale:(ty=1,shape=[]),onnx::Conv_641_zero_point:(ty=3,shape=[])]", "device": "NPU"}, {"output": ["/segment/S5_4/S5_4.3/dwconv/dwconv.0/Conv_output_0"], "input": ["/segment/S5_4/S5_4.3/conv1/relu/Relu_output_0_DequantizeLinear_Output", "onnx::Conv_641_DequantizeLinear_Output", "onnx::Conv_642_DequantizeLinear_Output"], "opType": "Conv", "comment": "@316 [/segment/S5_4/S5_4.3/dwconv/dwconv.0/Conv_output_0:(ty=1,shape=[1,768,16,16])] Conv [/segment/S5_4/S5_4.3/conv1/relu/Relu_output_0_DequantizeLinear_Output:(ty=1,shape=[1,128,16,16]),onnx::Conv_641_DequantizeLinear_Output:(ty=1,shape=[768,1,3,3]),onnx::Conv_642_DequantizeLinear_Output:(ty=1,shape=[768])]", "device": "NPU"}, {"output": ["/segment/S5_4/S5_4.3/dwconv/dwconv.2/Relu_output_0"], "input": ["/segment/S5_4/S5_4.3/dwconv/dwconv.0/Conv_output_0"], "opType": "Relu", "comment": "@317 [/segment/S5_4/S5_4.3/dwconv/dwconv.2/Relu_output_0:(ty=1,shape=[1,768,16,16])] Relu [/segment/S5_4/S5_4.3/dwconv/dwconv.0/Conv_output_0:(ty=1,shape=[1,768,16,16])]", "device": "NPU"}, {"output": ["/segment/S5_4/S5_4.3/dwconv/dwconv.2/Relu_output_0_QuantizeLinear_Output"], "input": ["/segment/S5_4/S5_4.3/dwconv/dwconv.2/Relu_output_0", "/bga/Mul_output_0_scale", "/segment/S5_4/S5_4.3/dwconv/dwconv.2/Relu_output_0_zero_point"], "opType": "QuantizeLinear", "comment": "@318 [/segment/S5_4/S5_4.3/dwconv/dwconv.2/Relu_output_0_QuantizeLinear_Output:(ty=2,shape=[1,768,16,16])] QuantizeLinear [/segment/S5_4/S5_4.3/dwconv/dwconv.2/Relu_output_0:(ty=1,shape=[1,768,16,16]),/bga/Mul_output_0_scale:(ty=1,shape=[]),/segment/S5_4/S5_4.3/dwconv/dwconv.2/Relu_output_0_zero_point:(ty=2,shape=[])]", "device": "NPU"}, {"output": ["/segment/S5_4/S5_4.3/dwconv/dwconv.2/Relu_output_0_DequantizeLinear_Output"], "input": ["/segment/S5_4/S5_4.3/dwconv/dwconv.2/Relu_output_0_QuantizeLinear_Output", "/bga/Mul_output_0_scale", "/segment/S5_4/S5_4.3/dwconv/dwconv.2/Relu_output_0_zero_point"], "opType": "DequantizeLinear", "comment": "@319 [/segment/S5_4/S5_4.3/dwconv/dwconv.2/Relu_output_0_DequantizeLinear_Output:(ty=1,shape=[1,768,16,16])] DequantizeLinear [/segment/S5_4/S5_4.3/dwconv/dwconv.2/Relu_output_0_QuantizeLinear_Output:(ty=2,shape=[1,768,16,16]),/bga/Mul_output_0_scale:(ty=1,shape=[]),/segment/S5_4/S5_4.3/dwconv/dwconv.2/Relu_output_0_zero_point:(ty=2,shape=[])]", "device": "NPU"}, {"output": ["onnx::Conv_645_DequantizeLinear_Output"], "input": ["onnx::Conv_645_quantized", "onnx::Conv_645_scale", "onnx::Conv_645_zero_point"], "opType": "DequantizeLinear", "comment": "@96 [onnx::Conv_645_DequantizeLinear_Output:(ty=1,shape=[128])] DequantizeLinear [onnx::Conv_645_quantized:(ty=3,shape=[128]),onnx::Conv_645_scale:(ty=1,shape=[]),onnx::Conv_645_zero_point:(ty=3,shape=[])]", "device": "NPU"}, {"output": ["onnx::Conv_644_DequantizeLinear_Output"], "input": ["onnx::Conv_644_quantized", "onnx::Conv_581_scale", "onnx::Conv_644_zero_point"], "opType": "DequantizeLinear", "comment": "@95 [onnx::Conv_644_DequantizeLinear_Output:(ty=1,shape=[128,768,1,1])] DequantizeLinear [onnx::Conv_644_quantized:(ty=3,shape=[128,768,1,1]),onnx::Conv_581_scale:(ty=1,shape=[]),onnx::Conv_644_zero_point:(ty=3,shape=[])]", "device": "NPU"}, {"output": ["/segment/S5_4/S5_4.3/conv2/conv2.0/Conv_output_0"], "input": ["/segment/S5_4/S5_4.3/dwconv/dwconv.2/Relu_output_0_DequantizeLinear_Output", "onnx::Conv_644_DequantizeLinear_Output", "onnx::Conv_645_DequantizeLinear_Output"], "opType": "Conv", "comment": "@320 [/segment/S5_4/S5_4.3/conv2/conv2.0/Conv_output_0:(ty=1,shape=[1,128,16,16])] Conv [/segment/S5_4/S5_4.3/dwconv/dwconv.2/Relu_output_0_DequantizeLinear_Output:(ty=1,shape=[1,768,16,16]),onnx::Conv_644_DequantizeLinear_Output:(ty=1,shape=[128,768,1,1]),onnx::Conv_645_DequantizeLinear_Output:(ty=1,shape=[128])]", "device": "NPU"}, {"output": ["/segment/S5_4/S5_4.3/conv2/conv2.0/Conv_output_0_QuantizeLinear_Output"], "input": ["/segment/S5_4/S5_4.3/conv2/conv2.0/Conv_output_0", "/segment/S1S2/left/left.0/relu/Relu_output_0_scale", "/segment/S5_4/S5_4.3/conv2/conv2.0/Conv_output_0_zero_point"], "opType": "QuantizeLinear", "comment": "@321 [/segment/S5_4/S5_4.3/conv2/conv2.0/Conv_output_0_QuantizeLinear_Output:(ty=2,shape=[1,128,16,16])] QuantizeLinear [/segment/S5_4/S5_4.3/conv2/conv2.0/Conv_output_0:(ty=1,shape=[1,128,16,16]),/segment/S1S2/left/left.0/relu/Relu_output_0_scale:(ty=1,shape=[]),/segment/S5_4/S5_4.3/conv2/conv2.0/Conv_output_0_zero_point:(ty=2,shape=[])]", "device": "NPU"}, {"output": ["/segment/S5_4/S5_4.3/conv2/conv2.0/Conv_output_0_DequantizeLinear_Output"], "input": ["/segment/S5_4/S5_4.3/conv2/conv2.0/Conv_output_0_QuantizeLinear_Output", "/segment/S1S2/left/left.0/relu/Relu_output_0_scale", "/segment/S5_4/S5_4.3/conv2/conv2.0/Conv_output_0_zero_point"], "opType": "DequantizeLinear", "comment": "@322 [/segment/S5_4/S5_4.3/conv2/conv2.0/Conv_output_0_DequantizeLinear_Output:(ty=1,shape=[1,128,16,16])] DequantizeLinear [/segment/S5_4/S5_4.3/conv2/conv2.0/Conv_output_0_QuantizeLinear_Output:(ty=2,shape=[1,128,16,16]),/segment/S1S2/left/left.0/relu/Relu_output_0_scale:(ty=1,shape=[]),/segment/S5_4/S5_4.3/conv2/conv2.0/Conv_output_0_zero_point:(ty=2,shape=[])]", "device": "NPU"}, {"output": ["/segment/S5_4/S5_4.3/Add_output_0"], "input": ["/segment/S5_4/S5_4.3/conv2/conv2.0/Conv_output_0_DequantizeLinear_Output", "/segment/S5_4/S5_4.2/relu/Relu_output_0_DequantizeLinear_Output/duplicated"], "opType": "Add", "comment": "@323 [/segment/S5_4/S5_4.3/Add_output_0:(ty=1,shape=[1,128,16,16])] Add [/segment/S5_4/S5_4.3/conv2/conv2.0/Conv_output_0_DequantizeLinear_Output:(ty=1,shape=[1,128,16,16]),/segment/S5_4/S5_4.2/relu/Relu_output_0_DequantizeLinear_Output/duplicated:(ty=1,shape=[1,128,16,16])]", "device": "NPU"}, {"output": ["/segment/S5_4/S5_4.3/relu/Relu_output_0"], "input": ["/segment/S5_4/S5_4.3/Add_output_0"], "opType": "Relu", "comment": "@324 [/segment/S5_4/S5_4.3/relu/Relu_output_0:(ty=1,shape=[1,128,16,16])] Relu [/segment/S5_4/S5_4.3/Add_output_0:(ty=1,shape=[1,128,16,16])]", "device": "NPU"}, {"output": ["/segment/S5_4/S5_4.3/relu/Relu_output_0_QuantizeLinear_Output"], "input": ["/segment/S5_4/S5_4.3/relu/Relu_output_0", "/segment/S1S2/left/left.0/relu/Relu_output_0_scale", "/segment/S5_4/S5_4.3/relu/Relu_output_0_zero_point"], "opType": "QuantizeLinear", "comment": "@325 [/segment/S5_4/S5_4.3/relu/Relu_output_0_QuantizeLinear_Output:(ty=2,shape=[1,128,16,16])] QuantizeLinear [/segment/S5_4/S5_4.3/relu/Relu_output_0:(ty=1,shape=[1,128,16,16]),/segment/S1S2/left/left.0/relu/Relu_output_0_scale:(ty=1,shape=[]),/segment/S5_4/S5_4.3/relu/Relu_output_0_zero_point:(ty=2,shape=[])]", "device": "NPU"}, {"output": ["/segment/S5_4/S5_4.3/relu/Relu_output_0_DequantizeLinear_Output/duplicated"], "input": ["/segment/S5_4/S5_4.3/relu/Relu_output_0_QuantizeLinear_Output", "/segment/S1S2/left/left.0/relu/Relu_output_0_scale", "/segment/S5_4/S5_4.3/relu/Relu_output_0_zero_point"], "opType": "DequantizeLinear", "comment": "@402 [/segment/S5_4/S5_4.3/relu/Relu_output_0_DequantizeLinear_Output/duplicated:(ty=1,shape=[1,128,16,16])] DequantizeLinear [/segment/S5_4/S5_4.3/relu/Relu_output_0_QuantizeLinear_Output:(ty=2,shape=[1,128,16,16]),/segment/S1S2/left/left.0/relu/Relu_output_0_scale:(ty=1,shape=[]),/segment/S5_4/S5_4.3/relu/Relu_output_0_zero_point:(ty=2,shape=[])]", "device": "NPU"}, {"output": ["/segment/S5_4/S5_4.3/relu/Relu_output_0_DequantizeLinear_Output"], "input": ["/segment/S5_4/S5_4.3/relu/Relu_output_0_QuantizeLinear_Output", "/segment/S1S2/left/left.0/relu/Relu_output_0_scale", "/segment/S5_4/S5_4.3/relu/Relu_output_0_zero_point"], "opType": "DequantizeLinear", "comment": "@326 [/segment/S5_4/S5_4.3/relu/Relu_output_0_DequantizeLinear_Output:(ty=1,shape=[1,128,16,16])] DequantizeLinear [/segment/S5_4/S5_4.3/relu/Relu_output_0_QuantizeLinear_Output:(ty=2,shape=[1,128,16,16]),/segment/S1S2/left/left.0/relu/Relu_output_0_scale:(ty=1,shape=[]),/segment/S5_4/S5_4.3/relu/Relu_output_0_zero_point:(ty=2,shape=[])]", "device": "NPU"}, {"output": ["/segment/S5_5/ReduceMean_output_0_Mul"], "input": ["/segment/S5_4/S5_4.3/relu/Relu_output_0_DequantizeLinear_Output"], "opType": "GlobalAveragePool", "comment": "@327 [/segment/S5_5/ReduceMean_output_0_Mul:(ty=1,shape=[1,128,1,1])] GlobalAveragePool [/segment/S5_4/S5_4.3/relu/Relu_output_0_DequantizeLinear_Output:(ty=1,shape=[1,128,16,16])]", "device": "NPU"}, {"output": ["/segment/S5_5/ReduceMean_output_0_QuantizeLinear_Output"], "input": ["/segment/S5_5/ReduceMean_output_0_Mul", "/segment/S1S2/left/left.0/relu/Relu_output_0_scale", "/segment/S5_5/ReduceMean_output_0_zero_point"], "opType": "QuantizeLinear", "comment": "@328 [/segment/S5_5/ReduceMean_output_0_QuantizeLinear_Output:(ty=2,shape=[1,128,1,1])] QuantizeLinear [/segment/S5_5/ReduceMean_output_0_Mul:(ty=1,shape=[1,128,1,1]),/segment/S1S2/left/left.0/relu/Relu_output_0_scale:(ty=1,shape=[]),/segment/S5_5/ReduceMean_output_0_zero_point:(ty=2,shape=[])]", "device": "NPU"}, {"output": ["/segment/S5_5/ReduceMean_output_0_DequantizeLinear_Output"], "input": ["/segment/S5_5/ReduceMean_output_0_QuantizeLinear_Output", "/segment/S1S2/left/left.0/relu/Relu_output_0_scale", "/segment/S5_5/ReduceMean_output_0_zero_point"], "opType": "DequantizeLinear", "comment": "@329 [/segment/S5_5/ReduceMean_output_0_DequantizeLinear_Output:(ty=1,shape=[1,128,1,1])] DequantizeLinear [/segment/S5_5/ReduceMean_output_0_QuantizeLinear_Output:(ty=2,shape=[1,128,1,1]),/segment/S1S2/left/left.0/relu/Relu_output_0_scale:(ty=1,shape=[]),/segment/S5_5/ReduceMean_output_0_zero_point:(ty=2,shape=[])]", "device": "NPU"}, {"output": ["/segment/S5_5/bn/BatchNormalization_output_0weights_DequantizeLinear_Output"], "input": ["/segment/S5_5/bn/BatchNormalization_output_0weights_quantized", "/segment/S1S2/left/left.0/relu/Relu_output_0_scale", "/segment/S5_5/bn/BatchNormalization_output_0weights_zero_point"], "opType": "DequantizeLinear", "comment": "@1 [/segment/S5_5/bn/BatchNormalization_output_0weights_DequantizeLinear_Output:(ty=1,shape=[128,1,1,1])] DequantizeLinear [/segment/S5_5/bn/BatchNormalization_output_0weights_quantized:(ty=3,shape=[128,1,1,1]),/segment/S1S2/left/left.0/relu/Relu_output_0_scale:(ty=1,shape=[]),/segment/S5_5/bn/BatchNormalization_output_0weights_zero_point:(ty=3,shape=[])]", "device": "NPU"}, {"output": ["/segment/S5_5/bn/BatchNormalization_output_0bias_DequantizeLinear_Output"], "input": ["/segment/S5_5/bn/BatchNormalization_output_0bias_quantized", "/segment/S1S2/left/left.0/relu/Relu_output_0_scale", "/segment/S5_5/bn/BatchNormalization_output_0bias_zero_point"], "opType": "DequantizeLinear", "comment": "@0 [/segment/S5_5/bn/BatchNormalization_output_0bias_DequantizeLinear_Output:(ty=1,shape=[128])] DequantizeLinear [/segment/S5_5/bn/BatchNormalization_output_0bias_quantized:(ty=3,shape=[128]),/segment/S1S2/left/left.0/relu/Relu_output_0_scale:(ty=1,shape=[]),/segment/S5_5/bn/BatchNormalization_output_0bias_zero_point:(ty=3,shape=[])]", "device": "NPU"}, {"output": ["/segment/S5_5/bn/BatchNormalization_output_0"], "input": ["/segment/S5_5/ReduceMean_output_0_DequantizeLinear_Output", "/segment/S5_5/bn/BatchNormalization_output_0weights_DequantizeLinear_Output", "/segment/S5_5/bn/BatchNormalization_output_0bias_DequantizeLinear_Output"], "opType": "Conv", "comment": "@330 [/segment/S5_5/bn/BatchNormalization_output_0:(ty=1,shape=[1,128,1,1])] Conv [/segment/S5_5/ReduceMean_output_0_DequantizeLinear_Output:(ty=1,shape=[1,128,1,1]),/segment/S5_5/bn/BatchNormalization_output_0weights_DequantizeLinear_Output:(ty=1,shape=[128,1,1,1]),/segment/S5_5/bn/BatchNormalization_output_0bias_DequantizeLinear_Output:(ty=1,shape=[128])]", "device": "NPU"}, {"output": ["/segment/S5_5/bn/BatchNormalization_output_0_QuantizeLinear_Output"], "input": ["/segment/S5_5/bn/BatchNormalization_output_0", "/detail/S2/S2.0/relu/Relu_output_0_scale", "/segment/S5_5/bn/BatchNormalization_output_0_zero_point"], "opType": "QuantizeLinear", "comment": "@331 [/segment/S5_5/bn/BatchNormalization_output_0_QuantizeLinear_Output:(ty=2,shape=[1,128,1,1])] QuantizeLinear [/segment/S5_5/bn/BatchNormalization_output_0:(ty=1,shape=[1,128,1,1]),/detail/S2/S2.0/relu/Relu_output_0_scale:(ty=1,shape=[]),/segment/S5_5/bn/BatchNormalization_output_0_zero_point:(ty=2,shape=[])]", "device": "NPU"}, {"output": ["/segment/S5_5/bn/BatchNormalization_output_0_DequantizeLinear_Output"], "input": ["/segment/S5_5/bn/BatchNormalization_output_0_QuantizeLinear_Output", "/detail/S2/S2.0/relu/Relu_output_0_scale", "/segment/S5_5/bn/BatchNormalization_output_0_zero_point"], "opType": "DequantizeLinear", "comment": "@332 [/segment/S5_5/bn/BatchNormalization_output_0_DequantizeLinear_Output:(ty=1,shape=[1,128,1,1])] DequantizeLinear [/segment/S5_5/bn/BatchNormalization_output_0_QuantizeLinear_Output:(ty=2,shape=[1,128,1,1]),/detail/S2/S2.0/relu/Relu_output_0_scale:(ty=1,shape=[]),/segment/S5_5/bn/BatchNormalization_output_0_zero_point:(ty=2,shape=[])]", "device": "NPU"}, {"output": ["onnx::Conv_648_DequantizeLinear_Output"], "input": ["onnx::Conv_648_quantized", "onnx::Conv_645_scale", "onnx::Conv_648_zero_point"], "opType": "DequantizeLinear", "comment": "@98 [onnx::Conv_648_DequantizeLinear_Output:(ty=1,shape=[128])] DequantizeLinear [onnx::Conv_648_quantized:(ty=3,shape=[128]),onnx::Conv_645_scale:(ty=1,shape=[]),onnx::Conv_648_zero_point:(ty=3,shape=[])]", "device": "NPU"}, {"output": ["onnx::Conv_647_DequantizeLinear_Output"], "input": ["onnx::Conv_647_quantized", "bga.right2.2.weight_scale", "onnx::Conv_647_zero_point"], "opType": "DequantizeLinear", "comment": "@97 [onnx::Conv_647_DequantizeLinear_Output:(ty=1,shape=[128,128,1,1])] DequantizeLinear [onnx::Conv_647_quantized:(ty=3,shape=[128,128,1,1]),bga.right2.2.weight_scale:(ty=1,shape=[]),onnx::Conv_647_zero_point:(ty=3,shape=[])]", "device": "NPU"}, {"output": ["/segment/S5_5/conv_gap/conv/Conv_output_0"], "input": ["/segment/S5_5/bn/BatchNormalization_output_0_DequantizeLinear_Output", "onnx::Conv_647_DequantizeLinear_Output", "onnx::Conv_648_DequantizeLinear_Output"], "opType": "Conv", "comment": "@333 [/segment/S5_5/conv_gap/conv/Conv_output_0:(ty=1,shape=[1,128,1,1])] Conv [/segment/S5_5/bn/BatchNormalization_output_0_DequantizeLinear_Output:(ty=1,shape=[1,128,1,1]),onnx::Conv_647_DequantizeLinear_Output:(ty=1,shape=[128,128,1,1]),onnx::Conv_648_DequantizeLinear_Output:(ty=1,shape=[128])]", "device": "NPU"}, {"output": ["/segment/S5_5/conv_gap/relu/Relu_output_0"], "input": ["/segment/S5_5/conv_gap/conv/Conv_output_0"], "opType": "Relu", "comment": "@334 [/segment/S5_5/conv_gap/relu/Relu_output_0:(ty=1,shape=[1,128,1,1])] Relu [/segment/S5_5/conv_gap/conv/Conv_output_0:(ty=1,shape=[1,128,1,1])]", "device": "NPU"}, {"output": ["/segment/S5_5/conv_gap/relu/Relu_output_0_QuantizeLinear_Output"], "input": ["/segment/S5_5/conv_gap/relu/Relu_output_0", "/segment/S1S2/left/left.0/relu/Relu_output_0_scale", "/segment/S5_5/conv_gap/relu/Relu_output_0_zero_point"], "opType": "QuantizeLinear", "comment": "@335 [/segment/S5_5/conv_gap/relu/Relu_output_0_QuantizeLinear_Output:(ty=2,shape=[1,128,1,1])] QuantizeLinear [/segment/S5_5/conv_gap/relu/Relu_output_0:(ty=1,shape=[1,128,1,1]),/segment/S1S2/left/left.0/relu/Relu_output_0_scale:(ty=1,shape=[]),/segment/S5_5/conv_gap/relu/Relu_output_0_zero_point:(ty=2,shape=[])]", "device": "NPU"}, {"output": ["/segment/S5_5/conv_gap/relu/Relu_output_0_DequantizeLinear_Output"], "input": ["/segment/S5_5/conv_gap/relu/Relu_output_0_QuantizeLinear_Output", "/segment/S1S2/left/left.0/relu/Relu_output_0_scale", "/segment/S5_5/conv_gap/relu/Relu_output_0_zero_point"], "opType": "DequantizeLinear", "comment": "@336 [/segment/S5_5/conv_gap/relu/Relu_output_0_DequantizeLinear_Output:(ty=1,shape=[1,128,1,1])] DequantizeLinear [/segment/S5_5/conv_gap/relu/Relu_output_0_QuantizeLinear_Output:(ty=2,shape=[1,128,1,1]),/segment/S1S2/left/left.0/relu/Relu_output_0_scale:(ty=1,shape=[]),/segment/S5_5/conv_gap/relu/Relu_output_0_zero_point:(ty=2,shape=[])]", "device": "NPU"}, {"output": ["/segment/S5_5/Add_output_0"], "input": ["/segment/S5_5/conv_gap/relu/Relu_output_0_DequantizeLinear_Output", "/segment/S5_4/S5_4.3/relu/Relu_output_0_DequantizeLinear_Output/duplicated"], "opType": "Add", "comment": "@337 [/segment/S5_5/Add_output_0:(ty=1,shape=[1,128,16,16])] Add [/segment/S5_5/conv_gap/relu/Relu_output_0_DequantizeLinear_Output:(ty=1,shape=[1,128,1,1]),/segment/S5_4/S5_4.3/relu/Relu_output_0_DequantizeLinear_Output/duplicated:(ty=1,shape=[1,128,16,16])]", "device": "NPU"}, {"output": ["/segment/S5_5/Add_output_0_QuantizeLinear_Output"], "input": ["/segment/S5_5/Add_output_0", "/segment/S1S2/left/left.0/relu/Relu_output_0_scale", "/segment/S5_5/Add_output_0_zero_point"], "opType": "QuantizeLinear", "comment": "@338 [/segment/S5_5/Add_output_0_QuantizeLinear_Output:(ty=2,shape=[1,128,16,16])] QuantizeLinear [/segment/S5_5/Add_output_0:(ty=1,shape=[1,128,16,16]),/segment/S1S2/left/left.0/relu/Relu_output_0_scale:(ty=1,shape=[]),/segment/S5_5/Add_output_0_zero_point:(ty=2,shape=[])]", "device": "NPU"}, {"output": ["/segment/S5_5/Add_output_0_DequantizeLinear_Output"], "input": ["/segment/S5_5/Add_output_0_QuantizeLinear_Output", "/segment/S1S2/left/left.0/relu/Relu_output_0_scale", "/segment/S5_5/Add_output_0_zero_point"], "opType": "DequantizeLinear", "comment": "@339 [/segment/S5_5/Add_output_0_DequantizeLinear_Output:(ty=1,shape=[1,128,16,16])] DequantizeLinear [/segment/S5_5/Add_output_0_QuantizeLinear_Output:(ty=2,shape=[1,128,16,16]),/segment/S1S2/left/left.0/relu/Relu_output_0_scale:(ty=1,shape=[]),/segment/S5_5/Add_output_0_zero_point:(ty=2,shape=[])]", "device": "NPU"}, {"output": ["onnx::Conv_651_DequantizeLinear_Output"], "input": ["onnx::Conv_651_quantized", "onnx::Conv_645_scale", "onnx::Conv_651_zero_point"], "opType": "DequantizeLinear", "comment": "@100 [onnx::Conv_651_DequantizeLinear_Output:(ty=1,shape=[128])] DequantizeLinear [onnx::Conv_651_quantized:(ty=3,shape=[128]),onnx::Conv_645_scale:(ty=1,shape=[]),onnx::Conv_651_zero_point:(ty=3,shape=[])]", "device": "NPU"}, {"output": ["onnx::Conv_650_DequantizeLinear_Output"], "input": ["onnx::Conv_650_quantized", "onnx::Conv_602_scale", "onnx::Conv_650_zero_point"], "opType": "DequantizeLinear", "comment": "@99 [onnx::Conv_650_DequantizeLinear_Output:(ty=1,shape=[128,128,3,3])] DequantizeLinear [onnx::Conv_650_quantized:(ty=3,shape=[128,128,3,3]),onnx::Conv_602_scale:(ty=1,shape=[]),onnx::Conv_650_zero_point:(ty=3,shape=[])]", "device": "NPU"}, {"output": ["/segment/S5_5/conv_last/conv/Conv_output_0"], "input": ["/segment/S5_5/Add_output_0_DequantizeLinear_Output", "onnx::Conv_650_DequantizeLinear_Output", "onnx::Conv_651_DequantizeLinear_Output"], "opType": "Conv", "comment": "@340 [/segment/S5_5/conv_last/conv/Conv_output_0:(ty=1,shape=[1,128,16,16])] Conv [/segment/S5_5/Add_output_0_DequantizeLinear_Output:(ty=1,shape=[1,128,16,16]),onnx::Conv_650_DequantizeLinear_Output:(ty=1,shape=[128,128,3,3]),onnx::Conv_651_DequantizeLinear_Output:(ty=1,shape=[128])]", "device": "NPU"}, {"output": ["/segment/S5_5/conv_last/relu/Relu_output_0"], "input": ["/segment/S5_5/conv_last/conv/Conv_output_0"], "opType": "Relu", "comment": "@341 [/segment/S5_5/conv_last/relu/Relu_output_0:(ty=1,shape=[1,128,16,16])] Relu [/segment/S5_5/conv_last/conv/Conv_output_0:(ty=1,shape=[1,128,16,16])]", "device": "NPU"}, {"output": ["/segment/S5_5/conv_last/relu/Relu_output_0_QuantizeLinear_Output"], "input": ["/segment/S5_5/conv_last/relu/Relu_output_0", "onnx::Conv_645_scale", "/segment/S5_5/conv_last/relu/Relu_output_0_zero_point"], "opType": "QuantizeLinear", "comment": "@342 [/segment/S5_5/conv_last/relu/Relu_output_0_QuantizeLinear_Output:(ty=2,shape=[1,128,16,16])] QuantizeLinear [/segment/S5_5/conv_last/relu/Relu_output_0:(ty=1,shape=[1,128,16,16]),onnx::Conv_645_scale:(ty=1,shape=[]),/segment/S5_5/conv_last/relu/Relu_output_0_zero_point:(ty=2,shape=[])]", "device": "NPU"}, {"output": ["/segment/S5_5/conv_last/relu/Relu_output_0_DequantizeLinear_Output/duplicated"], "input": ["/segment/S5_5/conv_last/relu/Relu_output_0_QuantizeLinear_Output", "onnx::Conv_645_scale", "/segment/S5_5/conv_last/relu/Relu_output_0_zero_point"], "opType": "DequantizeLinear", "comment": "@403 [/segment/S5_5/conv_last/relu/Relu_output_0_DequantizeLinear_Output/duplicated:(ty=1,shape=[1,128,16,16])] DequantizeLinear [/segment/S5_5/conv_last/relu/Relu_output_0_QuantizeLinear_Output:(ty=2,shape=[1,128,16,16]),onnx::Conv_645_scale:(ty=1,shape=[]),/segment/S5_5/conv_last/relu/Relu_output_0_zero_point:(ty=2,shape=[])]", "device": "NPU"}, {"output": ["onnx::Conv_663_DequantizeLinear_Output"], "input": ["onnx::Conv_663_quantized", "onnx::Conv_518_scale", "onnx::Conv_663_zero_point"], "opType": "DequantizeLinear", "comment": "@108 [onnx::Conv_663_DequantizeLinear_Output:(ty=1,shape=[128])] DequantizeLinear [onnx::Conv_663_quantized:(ty=3,shape=[128]),onnx::Conv_518_scale:(ty=1,shape=[]),onnx::Conv_663_zero_point:(ty=3,shape=[])]", "device": "NPU"}, {"output": ["onnx::Conv_662_DequantizeLinear_Output"], "input": ["onnx::Conv_662_quantized", "bga.right2.2.weight_scale", "onnx::Conv_662_zero_point"], "opType": "DequantizeLinear", "comment": "@107 [onnx::Conv_662_DequantizeLinear_Output:(ty=1,shape=[128,1,3,3])] DequantizeLinear [onnx::Conv_662_quantized:(ty=3,shape=[128,1,3,3]),bga.right2.2.weight_scale:(ty=1,shape=[]),onnx::Conv_662_zero_point:(ty=3,shape=[])]", "device": "NPU"}, {"output": ["/bga/right2/right2.0/Conv_output_0"], "input": ["/segment/S5_5/conv_last/relu/Relu_output_0_DequantizeLinear_Output/duplicated", "onnx::Conv_662_DequantizeLinear_Output", "onnx::Conv_663_DequantizeLinear_Output"], "opType": "Conv", "comment": "@345 [/bga/right2/right2.0/Conv_output_0:(ty=1,shape=[1,128,16,16])] Conv [/segment/S5_5/conv_last/relu/Relu_output_0_DequantizeLinear_Output/duplicated:(ty=1,shape=[1,128,16,16]),onnx::Conv_662_DequantizeLinear_Output:(ty=1,shape=[128,1,3,3]),onnx::Conv_663_DequantizeLinear_Output:(ty=1,shape=[128])]", "device": "NPU"}, {"output": ["/bga/right2/right2.0/Conv_output_0_QuantizeLinear_Output"], "input": ["/bga/right2/right2.0/Conv_output_0", "/bga/Mul_output_0_scale", "/bga/right2/right2.0/Conv_output_0_zero_point"], "opType": "QuantizeLinear", "comment": "@347 [/bga/right2/right2.0/Conv_output_0_QuantizeLinear_Output:(ty=2,shape=[1,128,16,16])] QuantizeLinear [/bga/right2/right2.0/Conv_output_0:(ty=1,shape=[1,128,16,16]),/bga/Mul_output_0_scale:(ty=1,shape=[]),/bga/right2/right2.0/Conv_output_0_zero_point:(ty=2,shape=[])]", "device": "NPU"}, {"output": ["/bga/right2/right2.0/Conv_output_0_DequantizeLinear_Output"], "input": ["/bga/right2/right2.0/Conv_output_0_QuantizeLinear_Output", "/bga/Mul_output_0_scale", "/bga/right2/right2.0/Conv_output_0_zero_point"], "opType": "DequantizeLinear", "comment": "@349 [/bga/right2/right2.0/Conv_output_0_DequantizeLinear_Output:(ty=1,shape=[1,128,16,16])] DequantizeLinear [/bga/right2/right2.0/Conv_output_0_QuantizeLinear_Output:(ty=2,shape=[1,128,16,16]),/bga/Mul_output_0_scale:(ty=1,shape=[]),/bga/right2/right2.0/Conv_output_0_zero_point:(ty=2,shape=[])]", "device": "NPU"}, {"output": ["bga.right2.2.weight_DequantizeLinear_Output"], "input": ["bga.right2.2.weight_quantized", "bga.right2.2.weight_scale", "bga.right2.2.weight_zero_point"], "opType": "DequantizeLinear", "comment": "@3 [bga.right2.2.weight_DequantizeLinear_Output:(ty=1,shape=[128,128,1,1])] DequantizeLinear [bga.right2.2.weight_quantized:(ty=3,shape=[128,128,1,1]),bga.right2.2.weight_scale:(ty=1,shape=[]),bga.right2.2.weight_zero_point:(ty=3,shape=[])]", "device": "NPU"}, {"output": ["/bga/right2/right2.2/Conv_output_0"], "input": ["/bga/right2/right2.0/Conv_output_0_DequantizeLinear_Output", "bga.right2.2.weight_DequantizeLinear_Output"], "opType": "Conv", "comment": "@351 [/bga/right2/right2.2/Conv_output_0:(ty=1,shape=[1,128,16,16])] Conv [/bga/right2/right2.0/Conv_output_0_DequantizeLinear_Output:(ty=1,shape=[1,128,16,16]),bga.right2.2.weight_DequantizeLinear_Output:(ty=1,shape=[128,128,1,1])]", "device": "NPU"}, {"output": ["/bga/right2/right2.2/Conv_output_0_QuantizeLinear_Output"], "input": ["/bga/right2/right2.2/Conv_output_0", "image_scale", "/bga/right2/right2.2/Conv_output_0_zero_point"], "opType": "QuantizeLinear", "comment": "@353 [/bga/right2/right2.2/Conv_output_0_QuantizeLinear_Output:(ty=2,shape=[1,128,16,16])] QuantizeLinear [/bga/right2/right2.2/Conv_output_0:(ty=1,shape=[1,128,16,16]),image_scale:(ty=1,shape=[]),/bga/right2/right2.2/Conv_output_0_zero_point:(ty=2,shape=[])]", "device": "NPU"}, {"output": ["/bga/right2/right2.2/Conv_output_0_DequantizeLinear_Output"], "input": ["/bga/right2/right2.2/Conv_output_0_QuantizeLinear_Output", "image_scale", "/bga/right2/right2.2/Conv_output_0_zero_point"], "opType": "DequantizeLinear", "comment": "@355 [/bga/right2/right2.2/Conv_output_0_DequantizeLinear_Output:(ty=1,shape=[1,128,16,16])] DequantizeLinear [/bga/right2/right2.2/Conv_output_0_QuantizeLinear_Output:(ty=2,shape=[1,128,16,16]),image_scale:(ty=1,shape=[]),/bga/right2/right2.2/Conv_output_0_zero_point:(ty=2,shape=[])]", "device": "NPU"}, {"output": ["/bga/Sigmoid_1_output_0_Mul"], "input": ["/bga/right2/right2.2/Conv_output_0_DequantizeLinear_Output"], "opType": "HardSigmoid", "comment": "@387 [/bga/Sigmoid_1_output_0_Mul:(ty=1,shape=[1,128,16,16])] HardSigmoid [/bga/right2/right2.2/Conv_output_0_DequantizeLinear_Output:(ty=1,shape=[1,128,16,16])]", "device": "NPU"}, {"output": ["/bga/Sigmoid_1_output_0"], "input": ["/bga/Sigmoid_1_output_0_Mul", "/bga/Sigmoid_output_0_Scale"], "opType": "Mul", "comment": "@389 [/bga/Sigmoid_1_output_0:(ty=1,shape=[1,128,16,16])] Mul [/bga/Sigmoid_1_output_0_Mul:(ty=1,shape=[1,128,16,16]),/bga/Sigmoid_output_0_Scale:(ty=1,shape=[])]", "device": "NPU"}, {"output": ["/bga/Sigmoid_1_output_0_QuantizeLinear_Output"], "input": ["/bga/Sigmoid_1_output_0", "onnx::Conv_518_scale", "/bga/Sigmoid_1_output_0_zero_point"], "opType": "QuantizeLinear", "comment": "@357 [/bga/Sigmoid_1_output_0_QuantizeLinear_Output:(ty=2,shape=[1,128,16,16])] QuantizeLinear [/bga/Sigmoid_1_output_0:(ty=1,shape=[1,128,16,16]),onnx::Conv_518_scale:(ty=1,shape=[]),/bga/Sigmoid_1_output_0_zero_point:(ty=2,shape=[])]", "device": "NPU"}, {"output": ["/bga/Sigmoid_1_output_0_DequantizeLinear_Output"], "input": ["/bga/Sigmoid_1_output_0_QuantizeLinear_Output", "onnx::Conv_518_scale", "/bga/Sigmoid_1_output_0_zero_point"], "opType": "DequantizeLinear", "comment": "@359 [/bga/Sigmoid_1_output_0_DequantizeLinear_Output:(ty=1,shape=[1,128,16,16])] DequantizeLinear [/bga/Sigmoid_1_output_0_QuantizeLinear_Output:(ty=2,shape=[1,128,16,16]),onnx::Conv_518_scale:(ty=1,shape=[]),/bga/Sigmoid_1_output_0_zero_point:(ty=2,shape=[])]", "device": "NPU"}, {"output": ["image_DequantizeLinear_Output"], "input": ["image_QuantizeLinear_Output", "image_scale", "image_zero_point"], "opType": "DequantizeLinear", "comment": "@113 [image_DequantizeLinear_Output:(ty=1,shape=[1,3,512,512])] DequantizeLinear [image_QuantizeLinear_Output:(ty=2,shape=[1,3,512,512]),image_scale:(ty=1,shape=[]),image_zero_point:(ty=2,shape=[])]", "device": "NPU"}, {"output": ["onnx::Conv_513_DequantizeLinear_Output"], "input": ["onnx::Conv_513_quantized", "image_scale", "onnx::Conv_513_zero_point"], "opType": "DequantizeLinear", "comment": "@8 [onnx::Conv_513_DequantizeLinear_Output:(ty=1,shape=[64])] DequantizeLinear [onnx::Conv_513_quantized:(ty=3,shape=[64]),image_scale:(ty=1,shape=[]),onnx::Conv_513_zero_point:(ty=3,shape=[])]", "device": "NPU"}, {"output": ["onnx::Conv_512_DequantizeLinear_Output"], "input": ["onnx::Conv_512_quantized", "image_scale", "onnx::Conv_512_zero_point"], "opType": "DequantizeLinear", "comment": "@7 [onnx::Conv_512_DequantizeLinear_Output:(ty=1,shape=[64,3,3,3])] DequantizeLinear [onnx::Conv_512_quantized:(ty=3,shape=[64,3,3,3]),image_scale:(ty=1,shape=[]),onnx::Conv_512_zero_point:(ty=3,shape=[])]", "device": "NPU"}, {"output": ["/detail/S1/S1.0/conv/Conv_output_0"], "input": ["image_DequantizeLinear_Output", "onnx::Conv_512_DequantizeLinear_Output", "onnx::Conv_513_DequantizeLinear_Output"], "opType": "Conv", "comment": "@114 [/detail/S1/S1.0/conv/Conv_output_0:(ty=1,shape=[1,64,256,256])] Conv [image_DequantizeLinear_Output:(ty=1,shape=[1,3,512,512]),onnx::Conv_512_DequantizeLinear_Output:(ty=1,shape=[64,3,3,3]),onnx::Conv_513_DequantizeLinear_Output:(ty=1,shape=[64])]", "device": "NPU"}, {"output": ["/detail/S1/S1.0/relu/Relu_output_0"], "input": ["/detail/S1/S1.0/conv/Conv_output_0"], "opType": "Relu", "comment": "@116 [/detail/S1/S1.0/relu/Relu_output_0:(ty=1,shape=[1,64,256,256])] Relu [/detail/S1/S1.0/conv/Conv_output_0:(ty=1,shape=[1,64,256,256])]", "device": "NPU"}, {"output": ["/detail/S1/S1.0/relu/Relu_output_0_QuantizeLinear_Output"], "input": ["/detail/S1/S1.0/relu/Relu_output_0", "/segment/S1S2/left/left.0/relu/Relu_output_0_scale", "/detail/S1/S1.0/relu/Relu_output_0_zero_point"], "opType": "QuantizeLinear", "comment": "@118 [/detail/S1/S1.0/relu/Relu_output_0_QuantizeLinear_Output:(ty=2,shape=[1,64,256,256])] QuantizeLinear [/detail/S1/S1.0/relu/Relu_output_0:(ty=1,shape=[1,64,256,256]),/segment/S1S2/left/left.0/relu/Relu_output_0_scale:(ty=1,shape=[]),/detail/S1/S1.0/relu/Relu_output_0_zero_point:(ty=2,shape=[])]", "device": "NPU"}, {"output": ["/detail/S1/S1.0/relu/Relu_output_0_DequantizeLinear_Output"], "input": ["/detail/S1/S1.0/relu/Relu_output_0_QuantizeLinear_Output", "/segment/S1S2/left/left.0/relu/Relu_output_0_scale", "/detail/S1/S1.0/relu/Relu_output_0_zero_point"], "opType": "DequantizeLinear", "comment": "@120 [/detail/S1/S1.0/relu/Relu_output_0_DequantizeLinear_Output:(ty=1,shape=[1,64,256,256])] DequantizeLinear [/detail/S1/S1.0/relu/Relu_output_0_QuantizeLinear_Output:(ty=2,shape=[1,64,256,256]),/segment/S1S2/left/left.0/relu/Relu_output_0_scale:(ty=1,shape=[]),/detail/S1/S1.0/relu/Relu_output_0_zero_point:(ty=2,shape=[])]", "device": "NPU"}, {"output": ["onnx::Conv_516_DequantizeLinear_Output"], "input": ["onnx::Conv_516_quantized", "/bga/Mul_output_0_scale", "onnx::Conv_516_zero_point"], "opType": "DequantizeLinear", "comment": "@10 [onnx::Conv_516_DequantizeLinear_Output:(ty=1,shape=[64])] DequantizeLinear [onnx::Conv_516_quantized:(ty=3,shape=[64]),/bga/Mul_output_0_scale:(ty=1,shape=[]),onnx::Conv_516_zero_point:(ty=3,shape=[])]", "device": "NPU"}, {"output": ["onnx::Conv_515_DequantizeLinear_Output"], "input": ["onnx::Conv_515_quantized", "onnx::Conv_581_scale", "onnx::Conv_515_zero_point"], "opType": "DequantizeLinear", "comment": "@9 [onnx::Conv_515_DequantizeLinear_Output:(ty=1,shape=[64,64,3,3])] DequantizeLinear [onnx::Conv_515_quantized:(ty=3,shape=[64,64,3,3]),onnx::Conv_581_scale:(ty=1,shape=[]),onnx::Conv_515_zero_point:(ty=3,shape=[])]", "device": "NPU"}, {"output": ["/detail/S1/S1.1/conv/Conv_output_0"], "input": ["/detail/S1/S1.0/relu/Relu_output_0_DequantizeLinear_Output", "onnx::Conv_515_DequantizeLinear_Output", "onnx::Conv_516_DequantizeLinear_Output"], "opType": "Conv", "comment": "@122 [/detail/S1/S1.1/conv/Conv_output_0:(ty=1,shape=[1,64,256,256])] Conv [/detail/S1/S1.0/relu/Relu_output_0_DequantizeLinear_Output:(ty=1,shape=[1,64,256,256]),onnx::Conv_515_DequantizeLinear_Output:(ty=1,shape=[64,64,3,3]),onnx::Conv_516_DequantizeLinear_Output:(ty=1,shape=[64])]", "device": "NPU"}, {"output": ["/detail/S1/S1.1/relu/Relu_output_0"], "input": ["/detail/S1/S1.1/conv/Conv_output_0"], "opType": "Relu", "comment": "@125 [/detail/S1/S1.1/relu/Relu_output_0:(ty=1,shape=[1,64,256,256])] Relu [/detail/S1/S1.1/conv/Conv_output_0:(ty=1,shape=[1,64,256,256])]", "device": "NPU"}, {"output": ["/detail/S1/S1.1/relu/Relu_output_0_QuantizeLinear_Output"], "input": ["/detail/S1/S1.1/relu/Relu_output_0", "/detail/S2/S2.0/relu/Relu_output_0_scale", "/detail/S1/S1.1/relu/Relu_output_0_zero_point"], "opType": "QuantizeLinear", "comment": "@128 [/detail/S1/S1.1/relu/Relu_output_0_QuantizeLinear_Output:(ty=2,shape=[1,64,256,256])] QuantizeLinear [/detail/S1/S1.1/relu/Relu_output_0:(ty=1,shape=[1,64,256,256]),/detail/S2/S2.0/relu/Relu_output_0_scale:(ty=1,shape=[]),/detail/S1/S1.1/relu/Relu_output_0_zero_point:(ty=2,shape=[])]", "device": "NPU"}, {"output": ["/detail/S1/S1.1/relu/Relu_output_0_DequantizeLinear_Output"], "input": ["/detail/S1/S1.1/relu/Relu_output_0_QuantizeLinear_Output", "/detail/S2/S2.0/relu/Relu_output_0_scale", "/detail/S1/S1.1/relu/Relu_output_0_zero_point"], "opType": "DequantizeLinear", "comment": "@131 [/detail/S1/S1.1/relu/Relu_output_0_DequantizeLinear_Output:(ty=1,shape=[1,64,256,256])] DequantizeLinear [/detail/S1/S1.1/relu/Relu_output_0_QuantizeLinear_Output:(ty=2,shape=[1,64,256,256]),/detail/S2/S2.0/relu/Relu_output_0_scale:(ty=1,shape=[]),/detail/S1/S1.1/relu/Relu_output_0_zero_point:(ty=2,shape=[])]", "device": "NPU"}, {"output": ["onnx::Conv_519_DequantizeLinear_Output"], "input": ["onnx::Conv_519_quantized", "onnx::Conv_645_scale", "onnx::Conv_519_zero_point"], "opType": "DequantizeLinear", "comment": "@12 [onnx::Conv_519_DequantizeLinear_Output:(ty=1,shape=[64])] DequantizeLinear [onnx::Conv_519_quantized:(ty=3,shape=[64]),onnx::Conv_645_scale:(ty=1,shape=[]),onnx::Conv_519_zero_point:(ty=3,shape=[])]", "device": "NPU"}, {"output": ["onnx::Conv_518_DequantizeLinear_Output"], "input": ["onnx::Conv_518_quantized", "onnx::Conv_518_scale", "onnx::Conv_518_zero_point"], "opType": "DequantizeLinear", "comment": "@11 [onnx::Conv_518_DequantizeLinear_Output:(ty=1,shape=[64,64,3,3])] DequantizeLinear [onnx::Conv_518_quantized:(ty=3,shape=[64,64,3,3]),onnx::Conv_518_scale:(ty=1,shape=[]),onnx::Conv_518_zero_point:(ty=3,shape=[])]", "device": "NPU"}, {"output": ["/detail/S2/S2.0/conv/Conv_output_0"], "input": ["/detail/S1/S1.1/relu/Relu_output_0_DequantizeLinear_Output", "onnx::Conv_518_DequantizeLinear_Output", "onnx::Conv_519_DequantizeLinear_Output"], "opType": "Conv", "comment": "@133 [/detail/S2/S2.0/conv/Conv_output_0:(ty=1,shape=[1,64,128,128])] Conv [/detail/S1/S1.1/relu/Relu_output_0_DequantizeLinear_Output:(ty=1,shape=[1,64,256,256]),onnx::Conv_518_DequantizeLinear_Output:(ty=1,shape=[64,64,3,3]),onnx::Conv_519_DequantizeLinear_Output:(ty=1,shape=[64])]", "device": "NPU"}, {"output": ["/detail/S2/S2.0/relu/Relu_output_0"], "input": ["/detail/S2/S2.0/conv/Conv_output_0"], "opType": "Relu", "comment": "@135 [/detail/S2/S2.0/relu/Relu_output_0:(ty=1,shape=[1,64,128,128])] Relu [/detail/S2/S2.0/conv/Conv_output_0:(ty=1,shape=[1,64,128,128])]", "device": "NPU"}, {"output": ["/detail/S2/S2.0/relu/Relu_output_0_QuantizeLinear_Output"], "input": ["/detail/S2/S2.0/relu/Relu_output_0", "/detail/S2/S2.0/relu/Relu_output_0_scale", "/detail/S2/S2.0/relu/Relu_output_0_zero_point"], "opType": "QuantizeLinear", "comment": "@137 [/detail/S2/S2.0/relu/Relu_output_0_QuantizeLinear_Output:(ty=2,shape=[1,64,128,128])] QuantizeLinear [/detail/S2/S2.0/relu/Relu_output_0:(ty=1,shape=[1,64,128,128]),/detail/S2/S2.0/relu/Relu_output_0_scale:(ty=1,shape=[]),/detail/S2/S2.0/relu/Relu_output_0_zero_point:(ty=2,shape=[])]", "device": "NPU"}, {"output": ["/detail/S2/S2.0/relu/Relu_output_0_DequantizeLinear_Output"], "input": ["/detail/S2/S2.0/relu/Relu_output_0_QuantizeLinear_Output", "/detail/S2/S2.0/relu/Relu_output_0_scale", "/detail/S2/S2.0/relu/Relu_output_0_zero_point"], "opType": "DequantizeLinear", "comment": "@139 [/detail/S2/S2.0/relu/Relu_output_0_DequantizeLinear_Output:(ty=1,shape=[1,64,128,128])] DequantizeLinear [/detail/S2/S2.0/relu/Relu_output_0_QuantizeLinear_Output:(ty=2,shape=[1,64,128,128]),/detail/S2/S2.0/relu/Relu_output_0_scale:(ty=1,shape=[]),/detail/S2/S2.0/relu/Relu_output_0_zero_point:(ty=2,shape=[])]", "device": "NPU"}, {"output": ["onnx::Conv_522_DequantizeLinear_Output"], "input": ["onnx::Conv_522_quantized", "onnx::Conv_645_scale", "onnx::Conv_522_zero_point"], "opType": "DequantizeLinear", "comment": "@14 [onnx::Conv_522_DequantizeLinear_Output:(ty=1,shape=[64])] DequantizeLinear [onnx::Conv_522_quantized:(ty=3,shape=[64]),onnx::Conv_645_scale:(ty=1,shape=[]),onnx::Conv_522_zero_point:(ty=3,shape=[])]", "device": "NPU"}, {"output": ["onnx::Conv_521_DequantizeLinear_Output"], "input": ["onnx::Conv_521_quantized", "onnx::Conv_518_scale", "onnx::Conv_521_zero_point"], "opType": "DequantizeLinear", "comment": "@13 [onnx::Conv_521_DequantizeLinear_Output:(ty=1,shape=[64,64,3,3])] DequantizeLinear [onnx::Conv_521_quantized:(ty=3,shape=[64,64,3,3]),onnx::Conv_518_scale:(ty=1,shape=[]),onnx::Conv_521_zero_point:(ty=3,shape=[])]", "device": "NPU"}, {"output": ["/detail/S2/S2.1/conv/Conv_output_0"], "input": ["/detail/S2/S2.0/relu/Relu_output_0_DequantizeLinear_Output", "onnx::Conv_521_DequantizeLinear_Output", "onnx::Conv_522_DequantizeLinear_Output"], "opType": "Conv", "comment": "@141 [/detail/S2/S2.1/conv/Conv_output_0:(ty=1,shape=[1,64,128,128])] Conv [/detail/S2/S2.0/relu/Relu_output_0_DequantizeLinear_Output:(ty=1,shape=[1,64,128,128]),onnx::Conv_521_DequantizeLinear_Output:(ty=1,shape=[64,64,3,3]),onnx::Conv_522_DequantizeLinear_Output:(ty=1,shape=[64])]", "device": "NPU"}, {"output": ["/detail/S2/S2.1/relu/Relu_output_0"], "input": ["/detail/S2/S2.1/conv/Conv_output_0"], "opType": "Relu", "comment": "@143 [/detail/S2/S2.1/relu/Relu_output_0:(ty=1,shape=[1,64,128,128])] Relu [/detail/S2/S2.1/conv/Conv_output_0:(ty=1,shape=[1,64,128,128])]", "device": "NPU"}, {"output": ["/detail/S2/S2.1/relu/Relu_output_0_QuantizeLinear_Output"], "input": ["/detail/S2/S2.1/relu/Relu_output_0", "/detail/S2/S2.0/relu/Relu_output_0_scale", "/detail/S2/S2.1/relu/Relu_output_0_zero_point"], "opType": "QuantizeLinear", "comment": "@145 [/detail/S2/S2.1/relu/Relu_output_0_QuantizeLinear_Output:(ty=2,shape=[1,64,128,128])] QuantizeLinear [/detail/S2/S2.1/relu/Relu_output_0:(ty=1,shape=[1,64,128,128]),/detail/S2/S2.0/relu/Relu_output_0_scale:(ty=1,shape=[]),/detail/S2/S2.1/relu/Relu_output_0_zero_point:(ty=2,shape=[])]", "device": "NPU"}, {"output": ["/detail/S2/S2.1/relu/Relu_output_0_DequantizeLinear_Output"], "input": ["/detail/S2/S2.1/relu/Relu_output_0_QuantizeLinear_Output", "/detail/S2/S2.0/relu/Relu_output_0_scale", "/detail/S2/S2.1/relu/Relu_output_0_zero_point"], "opType": "DequantizeLinear", "comment": "@147 [/detail/S2/S2.1/relu/Relu_output_0_DequantizeLinear_Output:(ty=1,shape=[1,64,128,128])] DequantizeLinear [/detail/S2/S2.1/relu/Relu_output_0_QuantizeLinear_Output:(ty=2,shape=[1,64,128,128]),/detail/S2/S2.0/relu/Relu_output_0_scale:(ty=1,shape=[]),/detail/S2/S2.1/relu/Relu_output_0_zero_point:(ty=2,shape=[])]", "device": "NPU"}, {"output": ["onnx::Conv_525_DequantizeLinear_Output"], "input": ["onnx::Conv_525_quantized", "image_scale", "onnx::Conv_525_zero_point"], "opType": "DequantizeLinear", "comment": "@16 [onnx::Conv_525_DequantizeLinear_Output:(ty=1,shape=[64])] DequantizeLinear [onnx::Conv_525_quantized:(ty=3,shape=[64]),image_scale:(ty=1,shape=[]),onnx::Conv_525_zero_point:(ty=3,shape=[])]", "device": "NPU"}, {"output": ["onnx::Conv_524_DequantizeLinear_Output"], "input": ["onnx::Conv_524_quantized", "onnx::Conv_518_scale", "onnx::Conv_524_zero_point"], "opType": "DequantizeLinear", "comment": "@15 [onnx::Conv_524_DequantizeLinear_Output:(ty=1,shape=[64,64,3,3])] DequantizeLinear [onnx::Conv_524_quantized:(ty=3,shape=[64,64,3,3]),onnx::Conv_518_scale:(ty=1,shape=[]),onnx::Conv_524_zero_point:(ty=3,shape=[])]", "device": "NPU"}, {"output": ["/detail/S2/S2.2/conv/Conv_output_0"], "input": ["/detail/S2/S2.1/relu/Relu_output_0_DequantizeLinear_Output", "onnx::Conv_524_DequantizeLinear_Output", "onnx::Conv_525_DequantizeLinear_Output"], "opType": "Conv", "comment": "@149 [/detail/S2/S2.2/conv/Conv_output_0:(ty=1,shape=[1,64,128,128])] Conv [/detail/S2/S2.1/relu/Relu_output_0_DequantizeLinear_Output:(ty=1,shape=[1,64,128,128]),onnx::Conv_524_DequantizeLinear_Output:(ty=1,shape=[64,64,3,3]),onnx::Conv_525_DequantizeLinear_Output:(ty=1,shape=[64])]", "device": "NPU"}, {"output": ["/detail/S2/S2.2/relu/Relu_output_0"], "input": ["/detail/S2/S2.2/conv/Conv_output_0"], "opType": "Relu", "comment": "@151 [/detail/S2/S2.2/relu/Relu_output_0:(ty=1,shape=[1,64,128,128])] Relu [/detail/S2/S2.2/conv/Conv_output_0:(ty=1,shape=[1,64,128,128])]", "device": "NPU"}, {"output": ["/detail/S2/S2.2/relu/Relu_output_0_QuantizeLinear_Output"], "input": ["/detail/S2/S2.2/relu/Relu_output_0", "/detail/S2/S2.0/relu/Relu_output_0_scale", "/detail/S2/S2.2/relu/Relu_output_0_zero_point"], "opType": "QuantizeLinear", "comment": "@153 [/detail/S2/S2.2/relu/Relu_output_0_QuantizeLinear_Output:(ty=2,shape=[1,64,128,128])] QuantizeLinear [/detail/S2/S2.2/relu/Relu_output_0:(ty=1,shape=[1,64,128,128]),/detail/S2/S2.0/relu/Relu_output_0_scale:(ty=1,shape=[]),/detail/S2/S2.2/relu/Relu_output_0_zero_point:(ty=2,shape=[])]", "device": "NPU"}, {"output": ["/detail/S2/S2.2/relu/Relu_output_0_DequantizeLinear_Output"], "input": ["/detail/S2/S2.2/relu/Relu_output_0_QuantizeLinear_Output", "/detail/S2/S2.0/relu/Relu_output_0_scale", "/detail/S2/S2.2/relu/Relu_output_0_zero_point"], "opType": "DequantizeLinear", "comment": "@155 [/detail/S2/S2.2/relu/Relu_output_0_DequantizeLinear_Output:(ty=1,shape=[1,64,128,128])] DequantizeLinear [/detail/S2/S2.2/relu/Relu_output_0_QuantizeLinear_Output:(ty=2,shape=[1,64,128,128]),/detail/S2/S2.0/relu/Relu_output_0_scale:(ty=1,shape=[]),/detail/S2/S2.2/relu/Relu_output_0_zero_point:(ty=2,shape=[])]", "device": "NPU"}, {"output": ["onnx::Conv_528_DequantizeLinear_Output"], "input": ["onnx::Conv_528_quantized", "/bga/Mul_output_0_scale", "onnx::Conv_528_zero_point"], "opType": "DequantizeLinear", "comment": "@18 [onnx::Conv_528_DequantizeLinear_Output:(ty=1,shape=[128])] DequantizeLinear [onnx::Conv_528_quantized:(ty=3,shape=[128]),/bga/Mul_output_0_scale:(ty=1,shape=[]),onnx::Conv_528_zero_point:(ty=3,shape=[])]", "device": "NPU"}, {"output": ["onnx::Conv_527_DequantizeLinear_Output"], "input": ["onnx::Conv_527_quantized", "bga.right2.2.weight_scale", "onnx::Conv_527_zero_point"], "opType": "DequantizeLinear", "comment": "@17 [onnx::Conv_527_DequantizeLinear_Output:(ty=1,shape=[128,64,3,3])] DequantizeLinear [onnx::Conv_527_quantized:(ty=3,shape=[128,64,3,3]),bga.right2.2.weight_scale:(ty=1,shape=[]),onnx::Conv_527_zero_point:(ty=3,shape=[])]", "device": "NPU"}, {"output": ["/detail/S3/S3.0/conv/Conv_output_0"], "input": ["/detail/S2/S2.2/relu/Relu_output_0_DequantizeLinear_Output", "onnx::Conv_527_DequantizeLinear_Output", "onnx::Conv_528_DequantizeLinear_Output"], "opType": "Conv", "comment": "@158 [/detail/S3/S3.0/conv/Conv_output_0:(ty=1,shape=[1,128,64,64])] Conv [/detail/S2/S2.2/relu/Relu_output_0_DequantizeLinear_Output:(ty=1,shape=[1,64,128,128]),onnx::Conv_527_DequantizeLinear_Output:(ty=1,shape=[128,64,3,3]),onnx::Conv_528_DequantizeLinear_Output:(ty=1,shape=[128])]", "device": "NPU"}, {"output": ["/detail/S3/S3.0/relu/Relu_output_0"], "input": ["/detail/S3/S3.0/conv/Conv_output_0"], "opType": "Relu", "comment": "@161 [/detail/S3/S3.0/relu/Relu_output_0:(ty=1,shape=[1,128,64,64])] Relu [/detail/S3/S3.0/conv/Conv_output_0:(ty=1,shape=[1,128,64,64])]", "device": "NPU"}, {"output": ["/detail/S3/S3.0/relu/Relu_output_0_QuantizeLinear_Output"], "input": ["/detail/S3/S3.0/relu/Relu_output_0", "/segment/S1S2/left/left.0/relu/Relu_output_0_scale", "/detail/S3/S3.0/relu/Relu_output_0_zero_point"], "opType": "QuantizeLinear", "comment": "@164 [/detail/S3/S3.0/relu/Relu_output_0_QuantizeLinear_Output:(ty=2,shape=[1,128,64,64])] QuantizeLinear [/detail/S3/S3.0/relu/Relu_output_0:(ty=1,shape=[1,128,64,64]),/segment/S1S2/left/left.0/relu/Relu_output_0_scale:(ty=1,shape=[]),/detail/S3/S3.0/relu/Relu_output_0_zero_point:(ty=2,shape=[])]", "device": "NPU"}, {"output": ["/detail/S3/S3.0/relu/Relu_output_0_DequantizeLinear_Output"], "input": ["/detail/S3/S3.0/relu/Relu_output_0_QuantizeLinear_Output", "/segment/S1S2/left/left.0/relu/Relu_output_0_scale", "/detail/S3/S3.0/relu/Relu_output_0_zero_point"], "opType": "DequantizeLinear", "comment": "@167 [/detail/S3/S3.0/relu/Relu_output_0_DequantizeLinear_Output:(ty=1,shape=[1,128,64,64])] DequantizeLinear [/detail/S3/S3.0/relu/Relu_output_0_QuantizeLinear_Output:(ty=2,shape=[1,128,64,64]),/segment/S1S2/left/left.0/relu/Relu_output_0_scale:(ty=1,shape=[]),/detail/S3/S3.0/relu/Relu_output_0_zero_point:(ty=2,shape=[])]", "device": "NPU"}, {"output": ["onnx::Conv_531_DequantizeLinear_Output"], "input": ["onnx::Conv_531_quantized", "onnx::Conv_645_scale", "onnx::Conv_531_zero_point"], "opType": "DequantizeLinear", "comment": "@20 [onnx::Conv_531_DequantizeLinear_Output:(ty=1,shape=[128])] DequantizeLinear [onnx::Conv_531_quantized:(ty=3,shape=[128]),onnx::Conv_645_scale:(ty=1,shape=[]),onnx::Conv_531_zero_point:(ty=3,shape=[])]", "device": "NPU"}, {"output": ["onnx::Conv_530_DequantizeLinear_Output"], "input": ["onnx::Conv_530_quantized", "bga.right2.2.weight_scale", "onnx::Conv_530_zero_point"], "opType": "DequantizeLinear", "comment": "@19 [onnx::Conv_530_DequantizeLinear_Output:(ty=1,shape=[128,128,3,3])] DequantizeLinear [onnx::Conv_530_quantized:(ty=3,shape=[128,128,3,3]),bga.right2.2.weight_scale:(ty=1,shape=[]),onnx::Conv_530_zero_point:(ty=3,shape=[])]", "device": "NPU"}, {"output": ["/detail/S3/S3.1/conv/Conv_output_0"], "input": ["/detail/S3/S3.0/relu/Relu_output_0_DequantizeLinear_Output", "onnx::Conv_530_DequantizeLinear_Output", "onnx::Conv_531_DequantizeLinear_Output"], "opType": "Conv", "comment": "@170 [/detail/S3/S3.1/conv/Conv_output_0:(ty=1,shape=[1,128,64,64])] Conv [/detail/S3/S3.0/relu/Relu_output_0_DequantizeLinear_Output:(ty=1,shape=[1,128,64,64]),onnx::Conv_530_DequantizeLinear_Output:(ty=1,shape=[128,128,3,3]),onnx::Conv_531_DequantizeLinear_Output:(ty=1,shape=[128])]", "device": "NPU"}, {"output": ["/detail/S3/S3.1/relu/Relu_output_0"], "input": ["/detail/S3/S3.1/conv/Conv_output_0"], "opType": "Relu", "comment": "@173 [/detail/S3/S3.1/relu/Relu_output_0:(ty=1,shape=[1,128,64,64])] Relu [/detail/S3/S3.1/conv/Conv_output_0:(ty=1,shape=[1,128,64,64])]", "device": "NPU"}, {"output": ["/detail/S3/S3.1/relu/Relu_output_0_QuantizeLinear_Output"], "input": ["/detail/S3/S3.1/relu/Relu_output_0", "/segment/S1S2/left/left.0/relu/Relu_output_0_scale", "/detail/S3/S3.1/relu/Relu_output_0_zero_point"], "opType": "QuantizeLinear", "comment": "@175 [/detail/S3/S3.1/relu/Relu_output_0_QuantizeLinear_Output:(ty=2,shape=[1,128,64,64])] QuantizeLinear [/detail/S3/S3.1/relu/Relu_output_0:(ty=1,shape=[1,128,64,64]),/segment/S1S2/left/left.0/relu/Relu_output_0_scale:(ty=1,shape=[]),/detail/S3/S3.1/relu/Relu_output_0_zero_point:(ty=2,shape=[])]", "device": "NPU"}, {"output": ["/detail/S3/S3.1/relu/Relu_output_0_DequantizeLinear_Output"], "input": ["/detail/S3/S3.1/relu/Relu_output_0_QuantizeLinear_Output", "/segment/S1S2/left/left.0/relu/Relu_output_0_scale", "/detail/S3/S3.1/relu/Relu_output_0_zero_point"], "opType": "DequantizeLinear", "comment": "@177 [/detail/S3/S3.1/relu/Relu_output_0_DequantizeLinear_Output:(ty=1,shape=[1,128,64,64])] DequantizeLinear [/detail/S3/S3.1/relu/Relu_output_0_QuantizeLinear_Output:(ty=2,shape=[1,128,64,64]),/segment/S1S2/left/left.0/relu/Relu_output_0_scale:(ty=1,shape=[]),/detail/S3/S3.1/relu/Relu_output_0_zero_point:(ty=2,shape=[])]", "device": "NPU"}, {"output": ["onnx::Conv_534_DequantizeLinear_Output"], "input": ["onnx::Conv_534_quantized", "onnx::Conv_645_scale", "onnx::Conv_534_zero_point"], "opType": "DequantizeLinear", "comment": "@22 [onnx::Conv_534_DequantizeLinear_Output:(ty=1,shape=[128])] DequantizeLinear [onnx::Conv_534_quantized:(ty=3,shape=[128]),onnx::Conv_645_scale:(ty=1,shape=[]),onnx::Conv_534_zero_point:(ty=3,shape=[])]", "device": "NPU"}, {"output": ["onnx::Conv_533_DequantizeLinear_Output"], "input": ["onnx::Conv_533_quantized", "bga.right2.2.weight_scale", "onnx::Conv_533_zero_point"], "opType": "DequantizeLinear", "comment": "@21 [onnx::Conv_533_DequantizeLinear_Output:(ty=1,shape=[128,128,3,3])] DequantizeLinear [onnx::Conv_533_quantized:(ty=3,shape=[128,128,3,3]),bga.right2.2.weight_scale:(ty=1,shape=[]),onnx::Conv_533_zero_point:(ty=3,shape=[])]", "device": "NPU"}, {"output": ["/detail/S3/S3.2/conv/Conv_output_0"], "input": ["/detail/S3/S3.1/relu/Relu_output_0_DequantizeLinear_Output", "onnx::Conv_533_DequantizeLinear_Output", "onnx::Conv_534_DequantizeLinear_Output"], "opType": "Conv", "comment": "@179 [/detail/S3/S3.2/conv/Conv_output_0:(ty=1,shape=[1,128,64,64])] Conv [/detail/S3/S3.1/relu/Relu_output_0_DequantizeLinear_Output:(ty=1,shape=[1,128,64,64]),onnx::Conv_533_DequantizeLinear_Output:(ty=1,shape=[128,128,3,3]),onnx::Conv_534_DequantizeLinear_Output:(ty=1,shape=[128])]", "device": "NPU"}, {"output": ["/detail/S3/S3.2/relu/Relu_output_0"], "input": ["/detail/S3/S3.2/conv/Conv_output_0"], "opType": "Relu", "comment": "@181 [/detail/S3/S3.2/relu/Relu_output_0:(ty=1,shape=[1,128,64,64])] Relu [/detail/S3/S3.2/conv/Conv_output_0:(ty=1,shape=[1,128,64,64])]", "device": "NPU"}, {"output": ["/detail/S3/S3.2/relu/Relu_output_0_QuantizeLinear_Output"], "input": ["/detail/S3/S3.2/relu/Relu_output_0", "/segment/S1S2/left/left.0/relu/Relu_output_0_scale", "/detail/S3/S3.2/relu/Relu_output_0_zero_point"], "opType": "QuantizeLinear", "comment": "@183 [/detail/S3/S3.2/relu/Relu_output_0_QuantizeLinear_Output:(ty=2,shape=[1,128,64,64])] QuantizeLinear [/detail/S3/S3.2/relu/Relu_output_0:(ty=1,shape=[1,128,64,64]),/segment/S1S2/left/left.0/relu/Relu_output_0_scale:(ty=1,shape=[]),/detail/S3/S3.2/relu/Relu_output_0_zero_point:(ty=2,shape=[])]", "device": "NPU"}, {"output": ["/detail/S3/S3.2/relu/Relu_output_0_DequantizeLinear_Output/duplicated"], "input": ["/detail/S3/S3.2/relu/Relu_output_0_QuantizeLinear_Output", "/segment/S1S2/left/left.0/relu/Relu_output_0_scale", "/detail/S3/S3.2/relu/Relu_output_0_zero_point"], "opType": "DequantizeLinear", "comment": "@404 [/detail/S3/S3.2/relu/Relu_output_0_DequantizeLinear_Output/duplicated:(ty=1,shape=[1,128,64,64])] DequantizeLinear [/detail/S3/S3.2/relu/Relu_output_0_QuantizeLinear_Output:(ty=2,shape=[1,128,64,64]),/segment/S1S2/left/left.0/relu/Relu_output_0_scale:(ty=1,shape=[]),/detail/S3/S3.2/relu/Relu_output_0_zero_point:(ty=2,shape=[])]", "device": "NPU"}, {"output": ["onnx::Conv_657_DequantizeLinear_Output"], "input": ["onnx::Conv_657_quantized", "onnx::Conv_645_scale", "onnx::Conv_657_zero_point"], "opType": "DequantizeLinear", "comment": "@104 [onnx::Conv_657_DequantizeLinear_Output:(ty=1,shape=[128])] DequantizeLinear [onnx::Conv_657_quantized:(ty=3,shape=[128]),onnx::Conv_645_scale:(ty=1,shape=[]),onnx::Conv_657_zero_point:(ty=3,shape=[])]", "device": "NPU"}, {"output": ["onnx::Conv_656_DequantizeLinear_Output"], "input": ["onnx::Conv_656_quantized", "onnx::Conv_602_scale", "onnx::Conv_656_zero_point"], "opType": "DequantizeLinear", "comment": "@103 [onnx::Conv_656_DequantizeLinear_Output:(ty=1,shape=[128,128,3,3])] DequantizeLinear [onnx::Conv_656_quantized:(ty=3,shape=[128,128,3,3]),onnx::Conv_602_scale:(ty=1,shape=[]),onnx::Conv_656_zero_point:(ty=3,shape=[])]", "device": "NPU"}, {"output": ["/bga/left2/left2.0/Conv_output_0"], "input": ["/detail/S3/S3.2/relu/Relu_output_0_DequantizeLinear_Output/duplicated", "onnx::Conv_656_DequantizeLinear_Output", "onnx::Conv_657_DequantizeLinear_Output"], "opType": "Conv", "comment": "@188 [/bga/left2/left2.0/Conv_output_0:(ty=1,shape=[1,128,32,32])] Conv [/detail/S3/S3.2/relu/Relu_output_0_DequantizeLinear_Output/duplicated:(ty=1,shape=[1,128,64,64]),onnx::Conv_656_DequantizeLinear_Output:(ty=1,shape=[128,128,3,3]),onnx::Conv_657_DequantizeLinear_Output:(ty=1,shape=[128])]", "device": "NPU"}, {"output": ["/bga/left2/left2.0/Conv_output_0_QuantizeLinear_Output"], "input": ["/bga/left2/left2.0/Conv_output_0", "/detail/S2/S2.0/relu/Relu_output_0_scale", "/bga/left2/left2.0/Conv_output_0_zero_point"], "opType": "QuantizeLinear", "comment": "@191 [/bga/left2/left2.0/Conv_output_0_QuantizeLinear_Output:(ty=2,shape=[1,128,32,32])] QuantizeLinear [/bga/left2/left2.0/Conv_output_0:(ty=1,shape=[1,128,32,32]),/detail/S2/S2.0/relu/Relu_output_0_scale:(ty=1,shape=[]),/bga/left2/left2.0/Conv_output_0_zero_point:(ty=2,shape=[])]", "device": "NPU"}, {"output": ["/bga/left2/left2.0/Conv_output_0_DequantizeLinear_Output"], "input": ["/bga/left2/left2.0/Conv_output_0_QuantizeLinear_Output", "/detail/S2/S2.0/relu/Relu_output_0_scale", "/bga/left2/left2.0/Conv_output_0_zero_point"], "opType": "DequantizeLinear", "comment": "@194 [/bga/left2/left2.0/Conv_output_0_DequantizeLinear_Output:(ty=1,shape=[1,128,32,32])] DequantizeLinear [/bga/left2/left2.0/Conv_output_0_QuantizeLinear_Output:(ty=2,shape=[1,128,32,32]),/detail/S2/S2.0/relu/Relu_output_0_scale:(ty=1,shape=[]),/bga/left2/left2.0/Conv_output_0_zero_point:(ty=2,shape=[])]", "device": "NPU"}, {"output": ["/bga/left2/left2.2/AveragePool_output_0_Mul"], "input": ["/bga/left2/left2.0/Conv_output_0_DequantizeLinear_Output"], "opType": "AveragePool", "comment": "@197 [/bga/left2/left2.2/AveragePool_output_0_Mul:(ty=1,shape=[1,128,16,16])] AveragePool [/bga/left2/left2.0/Conv_output_0_DequantizeLinear_Output:(ty=1,shape=[1,128,32,32])]", "device": "NPU"}, {"output": ["/bga/left2/left2.2/AveragePool_output_0"], "input": ["/bga/left2/left2.2/AveragePool_output_0_Mul", "/bga/left2/left2.2/AveragePool_output_0_Scale"], "opType": "Mul", "comment": "@390 [/bga/left2/left2.2/AveragePool_output_0:(ty=1,shape=[1,128,16,16])] Mul [/bga/left2/left2.2/AveragePool_output_0_Mul:(ty=1,shape=[1,128,16,16]),/bga/left2/left2.2/AveragePool_output_0_Scale:(ty=1,shape=[])]", "device": "NPU"}, {"output": ["/bga/left2/left2.2/AveragePool_output_0_QuantizeLinear_Output"], "input": ["/bga/left2/left2.2/AveragePool_output_0", "/detail/S2/S2.0/relu/Relu_output_0_scale", "/bga/left2/left2.2/AveragePool_output_0_zero_point"], "opType": "QuantizeLinear", "comment": "@200 [/bga/left2/left2.2/AveragePool_output_0_QuantizeLinear_Output:(ty=2,shape=[1,128,16,16])] QuantizeLinear [/bga/left2/left2.2/AveragePool_output_0:(ty=1,shape=[1,128,16,16]),/detail/S2/S2.0/relu/Relu_output_0_scale:(ty=1,shape=[]),/bga/left2/left2.2/AveragePool_output_0_zero_point:(ty=2,shape=[])]", "device": "NPU"}, {"output": ["/bga/left2/left2.2/AveragePool_output_0_DequantizeLinear_Output"], "input": ["/bga/left2/left2.2/AveragePool_output_0_QuantizeLinear_Output", "/detail/S2/S2.0/relu/Relu_output_0_scale", "/bga/left2/left2.2/AveragePool_output_0_zero_point"], "opType": "DequantizeLinear", "comment": "@203 [/bga/left2/left2.2/AveragePool_output_0_DequantizeLinear_Output:(ty=1,shape=[1,128,16,16])] DequantizeLinear [/bga/left2/left2.2/AveragePool_output_0_QuantizeLinear_Output:(ty=2,shape=[1,128,16,16]),/detail/S2/S2.0/relu/Relu_output_0_scale:(ty=1,shape=[]),/bga/left2/left2.2/AveragePool_output_0_zero_point:(ty=2,shape=[])]", "device": "NPU"}, {"output": ["/bga/Mul_1_output_0"], "input": ["/bga/left2/left2.2/AveragePool_output_0_DequantizeLinear_Output", "/bga/Sigmoid_1_output_0_DequantizeLinear_Output"], "opType": "Mul", "comment": "@361 [/bga/Mul_1_output_0:(ty=1,shape=[1,128,16,16])] Mul [/bga/left2/left2.2/AveragePool_output_0_DequantizeLinear_Output:(ty=1,shape=[1,128,16,16]),/bga/Sigmoid_1_output_0_DequantizeLinear_Output:(ty=1,shape=[1,128,16,16])]", "device": "NPU"}, {"output": ["/bga/Mul_1_output_0_QuantizeLinear_Output"], "input": ["/bga/Mul_1_output_0", "/bga/Mul_output_0_scale", "/bga/Mul_1_output_0_zero_point"], "opType": "QuantizeLinear", "comment": "@363 [/bga/Mul_1_output_0_QuantizeLinear_Output:(ty=2,shape=[1,128,16,16])] QuantizeLinear [/bga/Mul_1_output_0:(ty=1,shape=[1,128,16,16]),/bga/Mul_output_0_scale:(ty=1,shape=[]),/bga/Mul_1_output_0_zero_point:(ty=2,shape=[])]", "device": "NPU"}, {"output": ["/bga/Mul_1_output_0_DequantizeLinear_Output"], "input": ["/bga/Mul_1_output_0_QuantizeLinear_Output", "/bga/Mul_output_0_scale", "/bga/Mul_1_output_0_zero_point"], "opType": "DequantizeLinear", "comment": "@365 [/bga/Mul_1_output_0_DequantizeLinear_Output:(ty=1,shape=[1,128,16,16])] DequantizeLinear [/bga/Mul_1_output_0_QuantizeLinear_Output:(ty=2,shape=[1,128,16,16]),/bga/Mul_output_0_scale:(ty=1,shape=[]),/bga/Mul_1_output_0_zero_point:(ty=2,shape=[])]", "device": "NPU"}, {"output": ["/bga/up2/Resize_output_0"], "input": ["/bga/Mul_1_output_0_DequantizeLinear_Output", "VAIP_NOT_EXISTS", "/bga/up1/Constant_output_0"], "opType": "Resize", "comment": "@366 [/bga/up2/Resize_output_0:(ty=1,shape=[1,128,64,64])] Resize [/bga/Mul_1_output_0_DequantizeLinear_Output:(ty=1,shape=[1,128,16,16]),N/A,/bga/up1/Constant_output_0:(ty=1,shape=[4])]", "device": "NPU"}, {"output": ["/bga/up2/Resize_output_0_QuantizeLinear_Output"], "input": ["/bga/up2/Resize_output_0", "/bga/Mul_output_0_scale", "/bga/Mul_1_output_0_zero_point"], "opType": "QuantizeLinear", "comment": "@367 [/bga/up2/Resize_output_0_QuantizeLinear_Output:(ty=2,shape=[1,128,64,64])] QuantizeLinear [/bga/up2/Resize_output_0:(ty=1,shape=[1,128,64,64]),/bga/Mul_output_0_scale:(ty=1,shape=[]),/bga/Mul_1_output_0_zero_point:(ty=2,shape=[])]", "device": "NPU"}, {"output": ["/bga/up2/Resize_output_0_DequantizeLinear_Output"], "input": ["/bga/up2/Resize_output_0_QuantizeLinear_Output", "/bga/Mul_output_0_scale", "/bga/Mul_1_output_0_zero_point"], "opType": "DequantizeLinear", "comment": "@368 [/bga/up2/Resize_output_0_DequantizeLinear_Output:(ty=1,shape=[1,128,64,64])] DequantizeLinear [/bga/up2/Resize_output_0_QuantizeLinear_Output:(ty=2,shape=[1,128,64,64]),/bga/Mul_output_0_scale:(ty=1,shape=[]),/bga/Mul_1_output_0_zero_point:(ty=2,shape=[])]", "device": "NPU"}, {"output": ["/segment/S5_5/conv_last/relu/Relu_output_0_DequantizeLinear_Output"], "input": ["/segment/S5_5/conv_last/relu/Relu_output_0_QuantizeLinear_Output", "onnx::Conv_645_scale", "/segment/S5_5/conv_last/relu/Relu_output_0_zero_point"], "opType": "DequantizeLinear", "comment": "@343 [/segment/S5_5/conv_last/relu/Relu_output_0_DequantizeLinear_Output:(ty=1,shape=[1,128,16,16])] DequantizeLinear [/segment/S5_5/conv_last/relu/Relu_output_0_QuantizeLinear_Output:(ty=2,shape=[1,128,16,16]),onnx::Conv_645_scale:(ty=1,shape=[]),/segment/S5_5/conv_last/relu/Relu_output_0_zero_point:(ty=2,shape=[])]", "device": "NPU"}, {"output": ["onnx::Conv_660_DequantizeLinear_Output"], "input": ["onnx::Conv_660_quantized", "image_scale", "onnx::Conv_660_zero_point"], "opType": "DequantizeLinear", "comment": "@106 [onnx::Conv_660_DequantizeLinear_Output:(ty=1,shape=[128])] DequantizeLinear [onnx::Conv_660_quantized:(ty=3,shape=[128]),image_scale:(ty=1,shape=[]),onnx::Conv_660_zero_point:(ty=3,shape=[])]", "device": "NPU"}, {"output": ["onnx::Conv_659_DequantizeLinear_Output"], "input": ["onnx::Conv_659_quantized", "head.conv_out.weight_scale", "onnx::Conv_659_zero_point"], "opType": "DequantizeLinear", "comment": "@105 [onnx::Conv_659_DequantizeLinear_Output:(ty=1,shape=[128,128,3,3])] DequantizeLinear [onnx::Conv_659_quantized:(ty=3,shape=[128,128,3,3]),head.conv_out.weight_scale:(ty=1,shape=[]),onnx::Conv_659_zero_point:(ty=3,shape=[])]", "device": "NPU"}, {"output": ["/bga/right1/right1.0/Conv_output_0"], "input": ["/segment/S5_5/conv_last/relu/Relu_output_0_DequantizeLinear_Output", "onnx::Conv_659_DequantizeLinear_Output", "onnx::Conv_660_DequantizeLinear_Output"], "opType": "Conv", "comment": "@344 [/bga/right1/right1.0/Conv_output_0:(ty=1,shape=[1,128,16,16])] Conv [/segment/S5_5/conv_last/relu/Relu_output_0_DequantizeLinear_Output:(ty=1,shape=[1,128,16,16]),onnx::Conv_659_DequantizeLinear_Output:(ty=1,shape=[128,128,3,3]),onnx::Conv_660_DequantizeLinear_Output:(ty=1,shape=[128])]", "device": "NPU"}, {"output": ["/bga/right1/right1.0/Conv_output_0_QuantizeLinear_Output"], "input": ["/bga/right1/right1.0/Conv_output_0", "onnx::Conv_645_scale", "/bga/right1/right1.0/Conv_output_0_zero_point"], "opType": "QuantizeLinear", "comment": "@346 [/bga/right1/right1.0/Conv_output_0_QuantizeLinear_Output:(ty=2,shape=[1,128,16,16])] QuantizeLinear [/bga/right1/right1.0/Conv_output_0:(ty=1,shape=[1,128,16,16]),onnx::Conv_645_scale:(ty=1,shape=[]),/bga/right1/right1.0/Conv_output_0_zero_point:(ty=2,shape=[])]", "device": "NPU"}, {"output": ["/bga/right1/right1.0/Conv_output_0_DequantizeLinear_Output"], "input": ["/bga/right1/right1.0/Conv_output_0_QuantizeLinear_Output", "onnx::Conv_645_scale", "/bga/right1/right1.0/Conv_output_0_zero_point"], "opType": "DequantizeLinear", "comment": "@348 [/bga/right1/right1.0/Conv_output_0_DequantizeLinear_Output:(ty=1,shape=[1,128,16,16])] DequantizeLinear [/bga/right1/right1.0/Conv_output_0_QuantizeLinear_Output:(ty=2,shape=[1,128,16,16]),onnx::Conv_645_scale:(ty=1,shape=[]),/bga/right1/right1.0/Conv_output_0_zero_point:(ty=2,shape=[])]", "device": "NPU"}, {"output": ["/bga/up1/Resize_output_0"], "input": ["/bga/right1/right1.0/Conv_output_0_DequantizeLinear_Output", "VAIP_NOT_EXISTS", "/bga/up1/Constant_output_0"], "opType": "Resize", "comment": "@350 [/bga/up1/Resize_output_0:(ty=1,shape=[1,128,64,64])] Resize [/bga/right1/right1.0/Conv_output_0_DequantizeLinear_Output:(ty=1,shape=[1,128,16,16]),N/A,/bga/up1/Constant_output_0:(ty=1,shape=[4])]", "device": "NPU"}, {"output": ["/bga/up1/Resize_output_0_QuantizeLinear_Output"], "input": ["/bga/up1/Resize_output_0", "onnx::Conv_645_scale", "/bga/right1/right1.0/Conv_output_0_zero_point"], "opType": "QuantizeLinear", "comment": "@352 [/bga/up1/Resize_output_0_QuantizeLinear_Output:(ty=2,shape=[1,128,64,64])] QuantizeLinear [/bga/up1/Resize_output_0:(ty=1,shape=[1,128,64,64]),onnx::Conv_645_scale:(ty=1,shape=[]),/bga/right1/right1.0/Conv_output_0_zero_point:(ty=2,shape=[])]", "device": "NPU"}, {"output": ["/bga/up1/Resize_output_0_DequantizeLinear_Output"], "input": ["/bga/up1/Resize_output_0_QuantizeLinear_Output", "onnx::Conv_645_scale", "/bga/right1/right1.0/Conv_output_0_zero_point"], "opType": "DequantizeLinear", "comment": "@354 [/bga/up1/Resize_output_0_DequantizeLinear_Output:(ty=1,shape=[1,128,64,64])] DequantizeLinear [/bga/up1/Resize_output_0_QuantizeLinear_Output:(ty=2,shape=[1,128,64,64]),onnx::Conv_645_scale:(ty=1,shape=[]),/bga/right1/right1.0/Conv_output_0_zero_point:(ty=2,shape=[])]", "device": "NPU"}, {"output": ["/bga/Sigmoid_output_0_Mul"], "input": ["/bga/up1/Resize_output_0_DequantizeLinear_Output"], "opType": "HardSigmoid", "comment": "@386 [/bga/Sigmoid_output_0_Mul:(ty=1,shape=[1,128,64,64])] HardSigmoid [/bga/up1/Resize_output_0_DequantizeLinear_Output:(ty=1,shape=[1,128,64,64])]", "device": "NPU"}, {"output": ["/bga/Sigmoid_output_0"], "input": ["/bga/Sigmoid_output_0_Mul", "/bga/Sigmoid_output_0_Scale"], "opType": "Mul", "comment": "@388 [/bga/Sigmoid_output_0:(ty=1,shape=[1,128,64,64])] Mul [/bga/Sigmoid_output_0_Mul:(ty=1,shape=[1,128,64,64]),/bga/Sigmoid_output_0_Scale:(ty=1,shape=[])]", "device": "NPU"}, {"output": ["/bga/Sigmoid_output_0_QuantizeLinear_Output"], "input": ["/bga/Sigmoid_output_0", "onnx::Conv_518_scale", "/bga/Sigmoid_output_0_zero_point"], "opType": "QuantizeLinear", "comment": "@356 [/bga/Sigmoid_output_0_QuantizeLinear_Output:(ty=2,shape=[1,128,64,64])] QuantizeLinear [/bga/Sigmoid_output_0:(ty=1,shape=[1,128,64,64]),onnx::Conv_518_scale:(ty=1,shape=[]),/bga/Sigmoid_output_0_zero_point:(ty=2,shape=[])]", "device": "NPU"}, {"output": ["/bga/Sigmoid_output_0_DequantizeLinear_Output"], "input": ["/bga/Sigmoid_output_0_QuantizeLinear_Output", "onnx::Conv_518_scale", "/bga/Sigmoid_output_0_zero_point"], "opType": "DequantizeLinear", "comment": "@358 [/bga/Sigmoid_output_0_DequantizeLinear_Output:(ty=1,shape=[1,128,64,64])] DequantizeLinear [/bga/Sigmoid_output_0_QuantizeLinear_Output:(ty=2,shape=[1,128,64,64]),onnx::Conv_518_scale:(ty=1,shape=[]),/bga/Sigmoid_output_0_zero_point:(ty=2,shape=[])]", "device": "NPU"}, {"output": ["/detail/S3/S3.2/relu/Relu_output_0_DequantizeLinear_Output"], "input": ["/detail/S3/S3.2/relu/Relu_output_0_QuantizeLinear_Output", "/segment/S1S2/left/left.0/relu/Relu_output_0_scale", "/detail/S3/S3.2/relu/Relu_output_0_zero_point"], "opType": "DequantizeLinear", "comment": "@185 [/detail/S3/S3.2/relu/Relu_output_0_DequantizeLinear_Output:(ty=1,shape=[1,128,64,64])] DequantizeLinear [/detail/S3/S3.2/relu/Relu_output_0_QuantizeLinear_Output:(ty=2,shape=[1,128,64,64]),/segment/S1S2/left/left.0/relu/Relu_output_0_scale:(ty=1,shape=[]),/detail/S3/S3.2/relu/Relu_output_0_zero_point:(ty=2,shape=[])]", "device": "NPU"}, {"output": ["onnx::Conv_654_DequantizeLinear_Output"], "input": ["onnx::Conv_654_quantized", "onnx::Conv_581_scale", "onnx::Conv_654_zero_point"], "opType": "DequantizeLinear", "comment": "@102 [onnx::Conv_654_DequantizeLinear_Output:(ty=1,shape=[128])] DequantizeLinear [onnx::Conv_654_quantized:(ty=3,shape=[128]),onnx::Conv_581_scale:(ty=1,shape=[]),onnx::Conv_654_zero_point:(ty=3,shape=[])]", "device": "NPU"}, {"output": ["onnx::Conv_653_DequantizeLinear_Output"], "input": ["onnx::Conv_653_quantized", "onnx::Conv_581_scale", "onnx::Conv_653_zero_point"], "opType": "DequantizeLinear", "comment": "@101 [onnx::Conv_653_DequantizeLinear_Output:(ty=1,shape=[128,1,3,3])] DequantizeLinear [onnx::Conv_653_quantized:(ty=3,shape=[128,1,3,3]),onnx::Conv_581_scale:(ty=1,shape=[]),onnx::Conv_653_zero_point:(ty=3,shape=[])]", "device": "NPU"}, {"output": ["/bga/left1/left1.0/Conv_output_0"], "input": ["/detail/S3/S3.2/relu/Relu_output_0_DequantizeLinear_Output", "onnx::Conv_653_DequantizeLinear_Output", "onnx::Conv_654_DequantizeLinear_Output"], "opType": "Conv", "comment": "@187 [/bga/left1/left1.0/Conv_output_0:(ty=1,shape=[1,128,64,64])] Conv [/detail/S3/S3.2/relu/Relu_output_0_DequantizeLinear_Output:(ty=1,shape=[1,128,64,64]),onnx::Conv_653_DequantizeLinear_Output:(ty=1,shape=[128,1,3,3]),onnx::Conv_654_DequantizeLinear_Output:(ty=1,shape=[128])]", "device": "NPU"}, {"output": ["/bga/left1/left1.0/Conv_output_0_QuantizeLinear_Output"], "input": ["/bga/left1/left1.0/Conv_output_0", "onnx::Conv_645_scale", "/bga/left1/left1.0/Conv_output_0_zero_point"], "opType": "QuantizeLinear", "comment": "@190 [/bga/left1/left1.0/Conv_output_0_QuantizeLinear_Output:(ty=2,shape=[1,128,64,64])] QuantizeLinear [/bga/left1/left1.0/Conv_output_0:(ty=1,shape=[1,128,64,64]),onnx::Conv_645_scale:(ty=1,shape=[]),/bga/left1/left1.0/Conv_output_0_zero_point:(ty=2,shape=[])]", "device": "NPU"}, {"output": ["/bga/left1/left1.0/Conv_output_0_DequantizeLinear_Output"], "input": ["/bga/left1/left1.0/Conv_output_0_QuantizeLinear_Output", "onnx::Conv_645_scale", "/bga/left1/left1.0/Conv_output_0_zero_point"], "opType": "DequantizeLinear", "comment": "@193 [/bga/left1/left1.0/Conv_output_0_DequantizeLinear_Output:(ty=1,shape=[1,128,64,64])] DequantizeLinear [/bga/left1/left1.0/Conv_output_0_QuantizeLinear_Output:(ty=2,shape=[1,128,64,64]),onnx::Conv_645_scale:(ty=1,shape=[]),/bga/left1/left1.0/Conv_output_0_zero_point:(ty=2,shape=[])]", "device": "NPU"}, {"output": ["bga.left1.2.weight_DequantizeLinear_Output"], "input": ["bga.left1.2.weight_quantized", "onnx::Conv_581_scale", "bga.left1.2.weight_zero_point"], "opType": "DequantizeLinear", "comment": "@2 [bga.left1.2.weight_DequantizeLinear_Output:(ty=1,shape=[128,128,1,1])] DequantizeLinear [bga.left1.2.weight_quantized:(ty=3,shape=[128,128,1,1]),onnx::Conv_581_scale:(ty=1,shape=[]),bga.left1.2.weight_zero_point:(ty=3,shape=[])]", "device": "NPU"}, {"output": ["/bga/left1/left1.2/Conv_output_0"], "input": ["/bga/left1/left1.0/Conv_output_0_DequantizeLinear_Output", "bga.left1.2.weight_DequantizeLinear_Output"], "opType": "Conv", "comment": "@196 [/bga/left1/left1.2/Conv_output_0:(ty=1,shape=[1,128,64,64])] Conv [/bga/left1/left1.0/Conv_output_0_DequantizeLinear_Output:(ty=1,shape=[1,128,64,64]),bga.left1.2.weight_DequantizeLinear_Output:(ty=1,shape=[128,128,1,1])]", "device": "NPU"}, {"output": ["/bga/left1/left1.2/Conv_output_0_QuantizeLinear_Output"], "input": ["/bga/left1/left1.2/Conv_output_0", "onnx::Conv_645_scale", "/bga/left1/left1.2/Conv_output_0_zero_point"], "opType": "QuantizeLinear", "comment": "@199 [/bga/left1/left1.2/Conv_output_0_QuantizeLinear_Output:(ty=2,shape=[1,128,64,64])] QuantizeLinear [/bga/left1/left1.2/Conv_output_0:(ty=1,shape=[1,128,64,64]),onnx::Conv_645_scale:(ty=1,shape=[]),/bga/left1/left1.2/Conv_output_0_zero_point:(ty=2,shape=[])]", "device": "NPU"}, {"output": ["/bga/left1/left1.2/Conv_output_0_DequantizeLinear_Output"], "input": ["/bga/left1/left1.2/Conv_output_0_QuantizeLinear_Output", "onnx::Conv_645_scale", "/bga/left1/left1.2/Conv_output_0_zero_point"], "opType": "DequantizeLinear", "comment": "@202 [/bga/left1/left1.2/Conv_output_0_DequantizeLinear_Output:(ty=1,shape=[1,128,64,64])] DequantizeLinear [/bga/left1/left1.2/Conv_output_0_QuantizeLinear_Output:(ty=2,shape=[1,128,64,64]),onnx::Conv_645_scale:(ty=1,shape=[]),/bga/left1/left1.2/Conv_output_0_zero_point:(ty=2,shape=[])]", "device": "NPU"}, {"output": ["/bga/Mul_output_0"], "input": ["/bga/left1/left1.2/Conv_output_0_DequantizeLinear_Output", "/bga/Sigmoid_output_0_DequantizeLinear_Output"], "opType": "Mul", "comment": "@360 [/bga/Mul_output_0:(ty=1,shape=[1,128,64,64])] Mul [/bga/left1/left1.2/Conv_output_0_DequantizeLinear_Output:(ty=1,shape=[1,128,64,64]),/bga/Sigmoid_output_0_DequantizeLinear_Output:(ty=1,shape=[1,128,64,64])]", "device": "NPU"}, {"output": ["/bga/Mul_output_0_QuantizeLinear_Output"], "input": ["/bga/Mul_output_0", "/bga/Mul_output_0_scale", "/bga/Mul_output_0_zero_point"], "opType": "QuantizeLinear", "comment": "@362 [/bga/Mul_output_0_QuantizeLinear_Output:(ty=2,shape=[1,128,64,64])] QuantizeLinear [/bga/Mul_output_0:(ty=1,shape=[1,128,64,64]),/bga/Mul_output_0_scale:(ty=1,shape=[]),/bga/Mul_output_0_zero_point:(ty=2,shape=[])]", "device": "NPU"}, {"output": ["/bga/Mul_output_0_DequantizeLinear_Output"], "input": ["/bga/Mul_output_0_QuantizeLinear_Output", "/bga/Mul_output_0_scale", "/bga/Mul_output_0_zero_point"], "opType": "DequantizeLinear", "comment": "@364 [/bga/Mul_output_0_DequantizeLinear_Output:(ty=1,shape=[1,128,64,64])] DequantizeLinear [/bga/Mul_output_0_QuantizeLinear_Output:(ty=2,shape=[1,128,64,64]),/bga/Mul_output_0_scale:(ty=1,shape=[]),/bga/Mul_output_0_zero_point:(ty=2,shape=[])]", "device": "NPU"}, {"output": ["/bga/Add_output_0"], "input": ["/bga/Mul_output_0_DequantizeLinear_Output", "/bga/up2/Resize_output_0_DequantizeLinear_Output"], "opType": "Add", "comment": "@369 [/bga/Add_output_0:(ty=1,shape=[1,128,64,64])] Add [/bga/Mul_output_0_DequantizeLinear_Output:(ty=1,shape=[1,128,64,64]),/bga/up2/Resize_output_0_DequantizeLinear_Output:(ty=1,shape=[1,128,64,64])]", "device": "NPU"}, {"output": ["/bga/Add_output_0_QuantizeLinear_Output"], "input": ["/bga/Add_output_0", "/bga/Mul_output_0_scale", "/bga/Add_output_0_zero_point"], "opType": "QuantizeLinear", "comment": "@370 [/bga/Add_output_0_QuantizeLinear_Output:(ty=2,shape=[1,128,64,64])] QuantizeLinear [/bga/Add_output_0:(ty=1,shape=[1,128,64,64]),/bga/Mul_output_0_scale:(ty=1,shape=[]),/bga/Add_output_0_zero_point:(ty=2,shape=[])]", "device": "NPU"}, {"output": ["/bga/Add_output_0_DequantizeLinear_Output"], "input": ["/bga/Add_output_0_QuantizeLinear_Output", "/bga/Mul_output_0_scale", "/bga/Add_output_0_zero_point"], "opType": "DequantizeLinear", "comment": "@371 [/bga/Add_output_0_DequantizeLinear_Output:(ty=1,shape=[1,128,64,64])] DequantizeLinear [/bga/Add_output_0_QuantizeLinear_Output:(ty=2,shape=[1,128,64,64]),/bga/Mul_output_0_scale:(ty=1,shape=[]),/bga/Add_output_0_zero_point:(ty=2,shape=[])]", "device": "NPU"}, {"output": ["onnx::Conv_666_DequantizeLinear_Output"], "input": ["onnx::Conv_666_quantized", "onnx::Conv_645_scale", "onnx::Conv_666_zero_point"], "opType": "DequantizeLinear", "comment": "@110 [onnx::Conv_666_DequantizeLinear_Output:(ty=1,shape=[128])] DequantizeLinear [onnx::Conv_666_quantized:(ty=3,shape=[128]),onnx::Conv_645_scale:(ty=1,shape=[]),onnx::Conv_666_zero_point:(ty=3,shape=[])]", "device": "NPU"}, {"output": ["onnx::Conv_665_DequantizeLinear_Output"], "input": ["onnx::Conv_665_quantized", "bga.right2.2.weight_scale", "onnx::Conv_665_zero_point"], "opType": "DequantizeLinear", "comment": "@109 [onnx::Conv_665_DequantizeLinear_Output:(ty=1,shape=[128,128,3,3])] DequantizeLinear [onnx::Conv_665_quantized:(ty=3,shape=[128,128,3,3]),bga.right2.2.weight_scale:(ty=1,shape=[]),onnx::Conv_665_zero_point:(ty=3,shape=[])]", "device": "NPU"}, {"output": ["/bga/conv/conv.0/Conv_output_0"], "input": ["/bga/Add_output_0_DequantizeLinear_Output", "onnx::Conv_665_DequantizeLinear_Output", "onnx::Conv_666_DequantizeLinear_Output"], "opType": "Conv", "comment": "@372 [/bga/conv/conv.0/Conv_output_0:(ty=1,shape=[1,128,64,64])] Conv [/bga/Add_output_0_DequantizeLinear_Output:(ty=1,shape=[1,128,64,64]),onnx::Conv_665_DequantizeLinear_Output:(ty=1,shape=[128,128,3,3]),onnx::Conv_666_DequantizeLinear_Output:(ty=1,shape=[128])]", "device": "NPU"}, {"output": ["/bga/conv/conv.2/Relu_output_0"], "input": ["/bga/conv/conv.0/Conv_output_0"], "opType": "Relu", "comment": "@373 [/bga/conv/conv.2/Relu_output_0:(ty=1,shape=[1,128,64,64])] Relu [/bga/conv/conv.0/Conv_output_0:(ty=1,shape=[1,128,64,64])]", "device": "NPU"}, {"output": ["/bga/conv/conv.2/Relu_output_0_QuantizeLinear_Output"], "input": ["/bga/conv/conv.2/Relu_output_0", "onnx::Conv_645_scale", "/bga/conv/conv.2/Relu_output_0_zero_point"], "opType": "QuantizeLinear", "comment": "@374 [/bga/conv/conv.2/Relu_output_0_QuantizeLinear_Output:(ty=2,shape=[1,128,64,64])] QuantizeLinear [/bga/conv/conv.2/Relu_output_0:(ty=1,shape=[1,128,64,64]),onnx::Conv_645_scale:(ty=1,shape=[]),/bga/conv/conv.2/Relu_output_0_zero_point:(ty=2,shape=[])]", "device": "NPU"}, {"output": ["/bga/conv/conv.2/Relu_output_0_DequantizeLinear_Output"], "input": ["/bga/conv/conv.2/Relu_output_0_QuantizeLinear_Output", "onnx::Conv_645_scale", "/bga/conv/conv.2/Relu_output_0_zero_point"], "opType": "DequantizeLinear", "comment": "@375 [/bga/conv/conv.2/Relu_output_0_DequantizeLinear_Output:(ty=1,shape=[1,128,64,64])] DequantizeLinear [/bga/conv/conv.2/Relu_output_0_QuantizeLinear_Output:(ty=2,shape=[1,128,64,64]),onnx::Conv_645_scale:(ty=1,shape=[]),/bga/conv/conv.2/Relu_output_0_zero_point:(ty=2,shape=[])]", "device": "NPU"}, {"output": ["onnx::Conv_669_DequantizeLinear_Output"], "input": ["onnx::Conv_669_quantized", "image_scale", "onnx::Conv_669_zero_point"], "opType": "DequantizeLinear", "comment": "@112 [onnx::Conv_669_DequantizeLinear_Output:(ty=1,shape=[1024])] DequantizeLinear [onnx::Conv_669_quantized:(ty=3,shape=[1024]),image_scale:(ty=1,shape=[]),onnx::Conv_669_zero_point:(ty=3,shape=[])]", "device": "NPU"}, {"output": ["onnx::Conv_668_DequantizeLinear_Output"], "input": ["onnx::Conv_668_quantized", "onnx::Conv_602_scale", "onnx::Conv_668_zero_point"], "opType": "DequantizeLinear", "comment": "@111 [onnx::Conv_668_DequantizeLinear_Output:(ty=1,shape=[1024,128,3,3])] DequantizeLinear [onnx::Conv_668_quantized:(ty=3,shape=[1024,128,3,3]),onnx::Conv_602_scale:(ty=1,shape=[]),onnx::Conv_668_zero_point:(ty=3,shape=[])]", "device": "NPU"}, {"output": ["/head/conv/conv/Conv_output_0"], "input": ["/bga/conv/conv.2/Relu_output_0_DequantizeLinear_Output", "onnx::Conv_668_DequantizeLinear_Output", "onnx::Conv_669_DequantizeLinear_Output"], "opType": "Conv", "comment": "@376 [/head/conv/conv/Conv_output_0:(ty=1,shape=[1,1024,64,64])] Conv [/bga/conv/conv.2/Relu_output_0_DequantizeLinear_Output:(ty=1,shape=[1,128,64,64]),onnx::Conv_668_DequantizeLinear_Output:(ty=1,shape=[1024,128,3,3]),onnx::Conv_669_DequantizeLinear_Output:(ty=1,shape=[1024])]", "device": "NPU"}, {"output": ["/head/conv/relu/Relu_output_0"], "input": ["/head/conv/conv/Conv_output_0"], "opType": "Relu", "comment": "@377 [/head/conv/relu/Relu_output_0:(ty=1,shape=[1,1024,64,64])] Relu [/head/conv/conv/Conv_output_0:(ty=1,shape=[1,1024,64,64])]", "device": "NPU"}, {"output": ["/head/conv/relu/Relu_output_0_QuantizeLinear_Output"], "input": ["/head/conv/relu/Relu_output_0", "image_scale", "/head/conv/relu/Relu_output_0_zero_point"], "opType": "QuantizeLinear", "comment": "@378 [/head/conv/relu/Relu_output_0_QuantizeLinear_Output:(ty=2,shape=[1,1024,64,64])] QuantizeLinear [/head/conv/relu/Relu_output_0:(ty=1,shape=[1,1024,64,64]),image_scale:(ty=1,shape=[]),/head/conv/relu/Relu_output_0_zero_point:(ty=2,shape=[])]", "device": "NPU"}, {"output": ["/head/conv/relu/Relu_output_0_DequantizeLinear_Output"], "input": ["/head/conv/relu/Relu_output_0_QuantizeLinear_Output", "image_scale", "/head/conv/relu/Relu_output_0_zero_point"], "opType": "DequantizeLinear", "comment": "@379 [/head/conv/relu/Relu_output_0_DequantizeLinear_Output:(ty=1,shape=[1,1024,64,64])] DequantizeLinear [/head/conv/relu/Relu_output_0_QuantizeLinear_Output:(ty=2,shape=[1,1024,64,64]),image_scale:(ty=1,shape=[]),/head/conv/relu/Relu_output_0_zero_point:(ty=2,shape=[])]", "device": "NPU"}, {"output": ["head.conv_out.weight_DequantizeLinear_Output"], "input": ["head.conv_out.weight_quantized", "head.conv_out.weight_scale", "head.conv_out.weight_zero_point"], "opType": "DequantizeLinear", "comment": "@5 [head.conv_out.weight_DequantizeLinear_Output:(ty=1,shape=[19,1024,1,1])] DequantizeLinear [head.conv_out.weight_quantized:(ty=3,shape=[19,1024,1,1]),head.conv_out.weight_scale:(ty=1,shape=[]),head.conv_out.weight_zero_point:(ty=3,shape=[])]", "device": "NPU"}, {"output": ["head.conv_out.bias_DequantizeLinear_Output"], "input": ["head.conv_out.bias_quantized", "head.conv_out.bias_scale", "head.conv_out.bias_zero_point"], "opType": "DequantizeLinear", "comment": "@4 [head.conv_out.bias_DequantizeLinear_Output:(ty=1,shape=[19])] DequantizeLinear [head.conv_out.bias_quantized:(ty=3,shape=[19]),head.conv_out.bias_scale:(ty=1,shape=[]),head.conv_out.bias_zero_point:(ty=3,shape=[])]", "device": "NPU"}, {"output": ["/head/conv_out/Conv_output_0"], "input": ["/head/conv/relu/Relu_output_0_DequantizeLinear_Output", "head.conv_out.weight_DequantizeLinear_Output", "head.conv_out.bias_DequantizeLinear_Output"], "opType": "Conv", "comment": "@380 [/head/conv_out/Conv_output_0:(ty=1,shape=[1,19,64,64])] Conv [/head/conv/relu/Relu_output_0_DequantizeLinear_Output:(ty=1,shape=[1,1024,64,64]),head.conv_out.weight_DequantizeLinear_Output:(ty=1,shape=[19,1024,1,1]),head.conv_out.bias_DequantizeLinear_Output:(ty=1,shape=[19])]", "device": "NPU"}, {"output": ["/head/conv_out/Conv_output_0_QuantizeLinear_Output"], "input": ["/head/conv_out/Conv_output_0", "onnx::Conv_518_scale", "/head/conv_out/Conv_output_0_zero_point"], "opType": "QuantizeLinear", "comment": "@381 [/head/conv_out/Conv_output_0_QuantizeLinear_Output:(ty=2,shape=[1,19,64,64])] QuantizeLinear [/head/conv_out/Conv_output_0:(ty=1,shape=[1,19,64,64]),onnx::Conv_518_scale:(ty=1,shape=[]),/head/conv_out/Conv_output_0_zero_point:(ty=2,shape=[])]", "device": "NPU"}, {"output": ["/head/conv_out/Conv_output_0_DequantizeLinear_Output"], "input": ["/head/conv_out/Conv_output_0_QuantizeLinear_Output", "onnx::Conv_518_scale", "/head/conv_out/Conv_output_0_zero_point"], "opType": "DequantizeLinear", "comment": "@382 [/head/conv_out/Conv_output_0_DequantizeLinear_Output:(ty=1,shape=[1,19,64,64])] DequantizeLinear [/head/conv_out/Conv_output_0_QuantizeLinear_Output:(ty=2,shape=[1,19,64,64]),onnx::Conv_518_scale:(ty=1,shape=[]),/head/conv_out/Conv_output_0_zero_point:(ty=2,shape=[])]", "device": "NPU"}, {"output": ["logits_QuantizeLinear_Input"], "input": ["/head/conv_out/Conv_output_0_DequantizeLinear_Output", "VAIP_NOT_EXISTS", "/head/up/Constant_output_0"], "opType": "Resize", "comment": "@383 [logits_QuantizeLinear_Input:(ty=1,shape=[1,19,512,512])] Resize [/head/conv_out/Conv_output_0_DequantizeLinear_Output:(ty=1,shape=[1,19,64,64]),N/A,/head/up/Constant_output_0:(ty=1,shape=[4])]", "device": "NPU"}, {"output": ["logits_QuantizeLinear_Output"], "input": ["logits_QuantizeLinear_Input", "onnx::Conv_518_scale", "/head/conv_out/Conv_output_0_zero_point"], "opType": "QuantizeLinear", "comment": "@384 [logits_QuantizeLinear_Output:(ty=2,shape=[1,19,512,512])] QuantizeLinear [logits_QuantizeLinear_Input:(ty=1,shape=[1,19,512,512]),onnx::Conv_518_scale:(ty=1,shape=[]),/head/conv_out/Conv_output_0_zero_point:(ty=2,shape=[])]", "device": "NPU"}, {"output": ["logits"], "input": ["logits_QuantizeLinear_Output", "onnx::Conv_518_scale", "/head/conv_out/Conv_output_0_zero_point"], "opType": "DequantizeLinear", "comment": "@385 [logits:(ty=1,shape=[1,19,512,512])] DequantizeLinear [logits_QuantizeLinear_Output:(ty=2,shape=[1,19,512,512]),onnx::Conv_518_scale:(ty=1,shape=[]),/head/conv_out/Conv_output_0_zero_point:(ty=2,shape=[])]", "device": "CPU"}], "shapeInfo": [{"name": "image_QuantizeLinear_Output", "shape": ["1", "3", "512", "512"]}, {"name": "image_DequantizeLinear_Output/duplicated", "shape": ["1", "3", "512", "512"]}, {"name": "onnx::Conv_537_DequantizeLinear_Output", "shape": ["16"]}, {"name": "onnx::Conv_536_DequantizeLinear_Output", "shape": ["16", "3", "3", "3"]}, {"name": "/segment/S1S2/conv/conv/Conv_output_0", "shape": ["1", "16", "256", "256"]}, {"name": "/segment/S1S2/conv/relu/Relu_output_0", "shape": ["1", "16", "256", "256"]}, {"name": "/segment/S1S2/conv/relu/Relu_output_0_QuantizeLinear_Output", "shape": ["1", "16", "256", "256"]}, {"name": "/segment/S1S2/conv/relu/Relu_output_0_DequantizeLinear_Output", "shape": ["1", "16", "256", "256"]}, {"name": "onnx::Conv_540_DequantizeLinear_Output", "shape": ["8"]}, {"name": "onnx::Conv_539_DequantizeLinear_Output", "shape": ["8", "16", "1", "1"]}, {"name": "/segment/S1S2/left/left.0/conv/Conv_output_0", "shape": ["1", "8", "256", "256"]}, {"name": "/segment/S1S2/left/left.0/relu/Relu_output_0", "shape": ["1", "8", "256", "256"]}, {"name": "/segment/S1S2/left/left.0/relu/Relu_output_0_QuantizeLinear_Output", "shape": ["1", "8", "256", "256"]}, {"name": "/segment/S1S2/left/left.0/relu/Relu_output_0_DequantizeLinear_Output", "shape": ["1", "8", "256", "256"]}, {"name": "onnx::Conv_543_DequantizeLinear_Output", "shape": ["16"]}, {"name": "onnx::Conv_542_DequantizeLinear_Output", "shape": ["16", "8", "3", "3"]}, {"name": "/segment/S1S2/left/left.1/conv/Conv_output_0", "shape": ["1", "16", "128", "128"]}, {"name": "/segment/S1S2/left/left.1/relu/Relu_output_0", "shape": ["1", "16", "128", "128"]}, {"name": "/segment/S1S2/left/left.1/relu/Relu_output_0_QuantizeLinear_Output", "shape": ["1", "16", "128", "128"]}, {"name": "/segment/S1S2/left/left.1/relu/Relu_output_0_DequantizeLinear_Output", "shape": ["1", "16", "128", "128"]}, {"name": "/segment/S1S2/conv/relu/Relu_output_0_DequantizeLinear_Output/duplicated", "shape": ["1", "16", "256", "256"]}, {"name": "/segment/S1S2/right/MaxPool_output_0", "shape": ["1", "16", "128", "128"]}, {"name": "/segment/S1S2/right/MaxPool_output_0_QuantizeLinear_Output", "shape": ["1", "16", "128", "128"]}, {"name": "/segment/S1S2/right/MaxPool_output_0_DequantizeLinear_Output", "shape": ["1", "16", "128", "128"]}, {"name": "/segment/S1S2/Concat_output_0", "shape": ["1", "32", "128", "128"]}, {"name": "/segment/S1S2/Concat_output_0_QuantizeLinear_Output", "shape": ["1", "32", "128", "128"]}, {"name": "/segment/S1S2/Concat_output_0_DequantizeLinear_Output", "shape": ["1", "32", "128", "128"]}, {"name": "onnx::Conv_546_DequantizeLinear_Output", "shape": ["16"]}, {"name": "onnx::Conv_545_DequantizeLinear_Output", "shape": ["16", "32", "3", "3"]}, {"name": "/segment/S1S2/fuse/conv/Conv_output_0", "shape": ["1", "16", "128", "128"]}, {"name": "/segment/S1S2/fuse/relu/Relu_output_0", "shape": ["1", "16", "128", "128"]}, {"name": "/segment/S1S2/fuse/relu/Relu_output_0_QuantizeLinear_Output", "shape": ["1", "16", "128", "128"]}, {"name": "/segment/S1S2/fuse/relu/Relu_output_0_DequantizeLinear_Output", "shape": ["1", "16", "128", "128"]}, {"name": "onnx::Conv_549_DequantizeLinear_Output", "shape": ["16"]}, {"name": "onnx::Conv_548_DequantizeLinear_Output", "shape": ["16", "16", "3", "3"]}, {"name": "/segment/S3/S3.0/conv1/conv/Conv_output_0", "shape": ["1", "16", "128", "128"]}, {"name": "/segment/S3/S3.0/conv1/relu/Relu_output_0", "shape": ["1", "16", "128", "128"]}, {"name": "/segment/S3/S3.0/conv1/relu/Relu_output_0_QuantizeLinear_Output", "shape": ["1", "16", "128", "128"]}, {"name": "/segment/S3/S3.0/conv1/relu/Relu_output_0_DequantizeLinear_Output", "shape": ["1", "16", "128", "128"]}, {"name": "onnx::Conv_552_DequantizeLinear_Output", "shape": ["96"]}, {"name": "onnx::Conv_551_DequantizeLinear_Output", "shape": ["96", "1", "3", "3"]}, {"name": "/segment/S3/S3.0/dwconv1/dwconv1.0/Conv_output_0", "shape": ["1", "96", "64", "64"]}, {"name": "/segment/S3/S3.0/dwconv1/dwconv1.0/Conv_output_0_QuantizeLinear_Output", "shape": ["1", "96", "64", "64"]}, {"name": "/segment/S3/S3.0/dwconv1/dwconv1.0/Conv_output_0_DequantizeLinear_Output", "shape": ["1", "96", "64", "64"]}, {"name": "onnx::Conv_555_DequantizeLinear_Output", "shape": ["96"]}, {"name": "onnx::Conv_554_DequantizeLinear_Output", "shape": ["96", "1", "3", "3"]}, {"name": "/segment/S3/S3.0/dwconv2/dwconv2.0/Conv_output_0", "shape": ["1", "96", "64", "64"]}, {"name": "/segment/S3/S3.0/dwconv2/dwconv2.2/Relu_output_0", "shape": ["1", "96", "64", "64"]}, {"name": "/segment/S3/S3.0/dwconv2/dwconv2.2/Relu_output_0_QuantizeLinear_Output", "shape": ["1", "96", "64", "64"]}, {"name": "/segment/S3/S3.0/dwconv2/dwconv2.2/Relu_output_0_DequantizeLinear_Output", "shape": ["1", "96", "64", "64"]}, {"name": "onnx::Conv_558_DequantizeLinear_Output", "shape": ["32"]}, {"name": "onnx::Conv_557_DequantizeLinear_Output", "shape": ["32", "96", "1", "1"]}, {"name": "/segment/S3/S3.0/conv2/conv2.0/Conv_output_0", "shape": ["1", "32", "64", "64"]}, {"name": "/segment/S3/S3.0/conv2/conv2.0/Conv_output_0_QuantizeLinear_Output", "shape": ["1", "32", "64", "64"]}, {"name": "/segment/S3/S3.0/conv2/conv2.0/Conv_output_0_DequantizeLinear_Output", "shape": ["1", "32", "64", "64"]}, {"name": "/segment/S1S2/fuse/relu/Relu_output_0_DequantizeLinear_Output/duplicated", "shape": ["1", "16", "128", "128"]}, {"name": "onnx::Conv_561_DequantizeLinear_Output", "shape": ["16"]}, {"name": "onnx::Conv_560_DequantizeLinear_Output", "shape": ["16", "1", "3", "3"]}, {"name": "/segment/S3/S3.0/shortcut/shortcut.0/Conv_output_0", "shape": ["1", "16", "64", "64"]}, {"name": "/segment/S3/S3.0/shortcut/shortcut.0/Conv_output_0_QuantizeLinear_Output", "shape": ["1", "16", "64", "64"]}, {"name": "/segment/S3/S3.0/shortcut/shortcut.0/Conv_output_0_DequantizeLinear_Output", "shape": ["1", "16", "64", "64"]}, {"name": "onnx::Conv_564_DequantizeLinear_Output", "shape": ["32"]}, {"name": "onnx::Conv_563_DequantizeLinear_Output", "shape": ["32", "16", "1", "1"]}, {"name": "/segment/S3/S3.0/shortcut/shortcut.2/Conv_output_0", "shape": ["1", "32", "64", "64"]}, {"name": "/segment/S3/S3.0/shortcut/shortcut.2/Conv_output_0_QuantizeLinear_Output", "shape": ["1", "32", "64", "64"]}, {"name": "/segment/S3/S3.0/shortcut/shortcut.2/Conv_output_0_DequantizeLinear_Output", "shape": ["1", "32", "64", "64"]}, {"name": "/segment/S3/S3.0/Add_output_0", "shape": ["1", "32", "64", "64"]}, {"name": "/segment/S3/S3.0/relu/Relu_output_0", "shape": ["1", "32", "64", "64"]}, {"name": "/segment/S3/S3.0/relu/Relu_output_0_QuantizeLinear_Output", "shape": ["1", "32", "64", "64"]}, {"name": "/segment/S3/S3.0/relu/Relu_output_0_DequantizeLinear_Output/duplicated", "shape": ["1", "32", "64", "64"]}, {"name": "/segment/S3/S3.0/relu/Relu_output_0_DequantizeLinear_Output", "shape": ["1", "32", "64", "64"]}, {"name": "onnx::Conv_567_DequantizeLinear_Output", "shape": ["32"]}, {"name": "onnx::Conv_566_DequantizeLinear_Output", "shape": ["32", "32", "3", "3"]}, {"name": "/segment/S3/S3.1/conv1/conv/Conv_output_0", "shape": ["1", "32", "64", "64"]}, {"name": "/segment/S3/S3.1/conv1/relu/Relu_output_0", "shape": ["1", "32", "64", "64"]}, {"name": "/segment/S3/S3.1/conv1/relu/Relu_output_0_QuantizeLinear_Output", "shape": ["1", "32", "64", "64"]}, {"name": "/segment/S3/S3.1/conv1/relu/Relu_output_0_DequantizeLinear_Output", "shape": ["1", "32", "64", "64"]}, {"name": "onnx::Conv_570_DequantizeLinear_Output", "shape": ["192"]}, {"name": "onnx::Conv_569_DequantizeLinear_Output", "shape": ["192", "1", "3", "3"]}, {"name": "/segment/S3/S3.1/dwconv/dwconv.0/Conv_output_0", "shape": ["1", "192", "64", "64"]}, {"name": "/segment/S3/S3.1/dwconv/dwconv.2/Relu_output_0", "shape": ["1", "192", "64", "64"]}, {"name": "/segment/S3/S3.1/dwconv/dwconv.2/Relu_output_0_QuantizeLinear_Output", "shape": ["1", "192", "64", "64"]}, {"name": "/segment/S3/S3.1/dwconv/dwconv.2/Relu_output_0_DequantizeLinear_Output", "shape": ["1", "192", "64", "64"]}, {"name": "onnx::Conv_573_DequantizeLinear_Output", "shape": ["32"]}, {"name": "onnx::Conv_572_DequantizeLinear_Output", "shape": ["32", "192", "1", "1"]}, {"name": "/segment/S3/S3.1/conv2/conv2.0/Conv_output_0", "shape": ["1", "32", "64", "64"]}, {"name": "/segment/S3/S3.1/conv2/conv2.0/Conv_output_0_QuantizeLinear_Output", "shape": ["1", "32", "64", "64"]}, {"name": "/segment/S3/S3.1/conv2/conv2.0/Conv_output_0_DequantizeLinear_Output", "shape": ["1", "32", "64", "64"]}, {"name": "/segment/S3/S3.1/Add_output_0", "shape": ["1", "32", "64", "64"]}, {"name": "/segment/S3/S3.1/relu/Relu_output_0", "shape": ["1", "32", "64", "64"]}, {"name": "/segment/S3/S3.1/relu/Relu_output_0_QuantizeLinear_Output", "shape": ["1", "32", "64", "64"]}, {"name": "/segment/S3/S3.1/relu/Relu_output_0_DequantizeLinear_Output", "shape": ["1", "32", "64", "64"]}, {"name": "onnx::Conv_576_DequantizeLinear_Output", "shape": ["32"]}, {"name": "onnx::Conv_575_DequantizeLinear_Output", "shape": ["32", "32", "3", "3"]}, {"name": "/segment/S4/S4.0/conv1/conv/Conv_output_0", "shape": ["1", "32", "64", "64"]}, {"name": "/segment/S4/S4.0/conv1/relu/Relu_output_0", "shape": ["1", "32", "64", "64"]}, {"name": "/segment/S4/S4.0/conv1/relu/Relu_output_0_QuantizeLinear_Output", "shape": ["1", "32", "64", "64"]}, {"name": "/segment/S4/S4.0/conv1/relu/Relu_output_0_DequantizeLinear_Output", "shape": ["1", "32", "64", "64"]}, {"name": "onnx::Conv_579_DequantizeLinear_Output", "shape": ["192"]}, {"name": "onnx::Conv_578_DequantizeLinear_Output", "shape": ["192", "1", "3", "3"]}, {"name": "/segment/S4/S4.0/dwconv1/dwconv1.0/Conv_output_0", "shape": ["1", "192", "32", "32"]}, {"name": "/segment/S4/S4.0/dwconv1/dwconv1.0/Conv_output_0_QuantizeLinear_Output", "shape": ["1", "192", "32", "32"]}, {"name": "/segment/S4/S4.0/dwconv1/dwconv1.0/Conv_output_0_DequantizeLinear_Output", "shape": ["1", "192", "32", "32"]}, {"name": "onnx::Conv_582_DequantizeLinear_Output", "shape": ["192"]}, {"name": "onnx::Conv_581_DequantizeLinear_Output", "shape": ["192", "1", "3", "3"]}, {"name": "/segment/S4/S4.0/dwconv2/dwconv2.0/Conv_output_0", "shape": ["1", "192", "32", "32"]}, {"name": "/segment/S4/S4.0/dwconv2/dwconv2.2/Relu_output_0", "shape": ["1", "192", "32", "32"]}, {"name": "/segment/S4/S4.0/dwconv2/dwconv2.2/Relu_output_0_QuantizeLinear_Output", "shape": ["1", "192", "32", "32"]}, {"name": "/segment/S4/S4.0/dwconv2/dwconv2.2/Relu_output_0_DequantizeLinear_Output", "shape": ["1", "192", "32", "32"]}, {"name": "onnx::Conv_585_DequantizeLinear_Output", "shape": ["64"]}, {"name": "onnx::Conv_584_DequantizeLinear_Output", "shape": ["64", "192", "1", "1"]}, {"name": "/segment/S4/S4.0/conv2/conv2.0/Conv_output_0", "shape": ["1", "64", "32", "32"]}, {"name": "/segment/S4/S4.0/conv2/conv2.0/Conv_output_0_QuantizeLinear_Output", "shape": ["1", "64", "32", "32"]}, {"name": "/segment/S4/S4.0/conv2/conv2.0/Conv_output_0_DequantizeLinear_Output", "shape": ["1", "64", "32", "32"]}, {"name": "/segment/S3/S3.1/relu/Relu_output_0_DequantizeLinear_Output/duplicated", "shape": ["1", "32", "64", "64"]}, {"name": "onnx::Conv_588_DequantizeLinear_Output", "shape": ["32"]}, {"name": "onnx::Conv_587_DequantizeLinear_Output", "shape": ["32", "1", "3", "3"]}, {"name": "/segment/S4/S4.0/shortcut/shortcut.0/Conv_output_0", "shape": ["1", "32", "32", "32"]}, {"name": "/segment/S4/S4.0/shortcut/shortcut.0/Conv_output_0_QuantizeLinear_Output", "shape": ["1", "32", "32", "32"]}, {"name": "/segment/S4/S4.0/shortcut/shortcut.0/Conv_output_0_DequantizeLinear_Output", "shape": ["1", "32", "32", "32"]}, {"name": "onnx::Conv_591_DequantizeLinear_Output", "shape": ["64"]}, {"name": "onnx::Conv_590_DequantizeLinear_Output", "shape": ["64", "32", "1", "1"]}, {"name": "/segment/S4/S4.0/shortcut/shortcut.2/Conv_output_0", "shape": ["1", "64", "32", "32"]}, {"name": "/segment/S4/S4.0/shortcut/shortcut.2/Conv_output_0_QuantizeLinear_Output", "shape": ["1", "64", "32", "32"]}, {"name": "/segment/S4/S4.0/shortcut/shortcut.2/Conv_output_0_DequantizeLinear_Output", "shape": ["1", "64", "32", "32"]}, {"name": "/segment/S4/S4.0/Add_output_0", "shape": ["1", "64", "32", "32"]}, {"name": "/segment/S4/S4.0/relu/Relu_output_0", "shape": ["1", "64", "32", "32"]}, {"name": "/segment/S4/S4.0/relu/Relu_output_0_QuantizeLinear_Output", "shape": ["1", "64", "32", "32"]}, {"name": "/segment/S4/S4.0/relu/Relu_output_0_DequantizeLinear_Output/duplicated", "shape": ["1", "64", "32", "32"]}, {"name": "/segment/S4/S4.0/relu/Relu_output_0_DequantizeLinear_Output", "shape": ["1", "64", "32", "32"]}, {"name": "onnx::Conv_594_DequantizeLinear_Output", "shape": ["64"]}, {"name": "onnx::Conv_593_DequantizeLinear_Output", "shape": ["64", "64", "3", "3"]}, {"name": "/segment/S4/S4.1/conv1/conv/Conv_output_0", "shape": ["1", "64", "32", "32"]}, {"name": "/segment/S4/S4.1/conv1/relu/Relu_output_0", "shape": ["1", "64", "32", "32"]}, {"name": "/segment/S4/S4.1/conv1/relu/Relu_output_0_QuantizeLinear_Output", "shape": ["1", "64", "32", "32"]}, {"name": "/segment/S4/S4.1/conv1/relu/Relu_output_0_DequantizeLinear_Output", "shape": ["1", "64", "32", "32"]}, {"name": "onnx::Conv_597_DequantizeLinear_Output", "shape": ["384"]}, {"name": "onnx::Conv_596_DequantizeLinear_Output", "shape": ["384", "1", "3", "3"]}, {"name": "/segment/S4/S4.1/dwconv/dwconv.0/Conv_output_0", "shape": ["1", "384", "32", "32"]}, {"name": "/segment/S4/S4.1/dwconv/dwconv.2/Relu_output_0", "shape": ["1", "384", "32", "32"]}, {"name": "/segment/S4/S4.1/dwconv/dwconv.2/Relu_output_0_QuantizeLinear_Output", "shape": ["1", "384", "32", "32"]}, {"name": "/segment/S4/S4.1/dwconv/dwconv.2/Relu_output_0_DequantizeLinear_Output", "shape": ["1", "384", "32", "32"]}, {"name": "onnx::Conv_600_DequantizeLinear_Output", "shape": ["64"]}, {"name": "onnx::Conv_599_DequantizeLinear_Output", "shape": ["64", "384", "1", "1"]}, {"name": "/segment/S4/S4.1/conv2/conv2.0/Conv_output_0", "shape": ["1", "64", "32", "32"]}, {"name": "/segment/S4/S4.1/conv2/conv2.0/Conv_output_0_QuantizeLinear_Output", "shape": ["1", "64", "32", "32"]}, {"name": "/segment/S4/S4.1/conv2/conv2.0/Conv_output_0_DequantizeLinear_Output", "shape": ["1", "64", "32", "32"]}, {"name": "/segment/S4/S4.1/Add_output_0", "shape": ["1", "64", "32", "32"]}, {"name": "/segment/S4/S4.1/relu/Relu_output_0", "shape": ["1", "64", "32", "32"]}, {"name": "/segment/S4/S4.1/relu/Relu_output_0_QuantizeLinear_Output", "shape": ["1", "64", "32", "32"]}, {"name": "/segment/S4/S4.1/relu/Relu_output_0_DequantizeLinear_Output", "shape": ["1", "64", "32", "32"]}, {"name": "onnx::Conv_603_DequantizeLinear_Output", "shape": ["64"]}, {"name": "onnx::Conv_602_DequantizeLinear_Output", "shape": ["64", "64", "3", "3"]}, {"name": "/segment/S5_4/S5_4.0/conv1/conv/Conv_output_0", "shape": ["1", "64", "32", "32"]}, {"name": "/segment/S5_4/S5_4.0/conv1/relu/Relu_output_0", "shape": ["1", "64", "32", "32"]}, {"name": "/segment/S5_4/S5_4.0/conv1/relu/Relu_output_0_QuantizeLinear_Output", "shape": ["1", "64", "32", "32"]}, {"name": "/segment/S5_4/S5_4.0/conv1/relu/Relu_output_0_DequantizeLinear_Output", "shape": ["1", "64", "32", "32"]}, {"name": "onnx::Conv_606_DequantizeLinear_Output", "shape": ["384"]}, {"name": "onnx::Conv_605_DequantizeLinear_Output", "shape": ["384", "1", "3", "3"]}, {"name": "/segment/S5_4/S5_4.0/dwconv1/dwconv1.0/Conv_output_0", "shape": ["1", "384", "16", "16"]}, {"name": "/segment/S5_4/S5_4.0/dwconv1/dwconv1.0/Conv_output_0_QuantizeLinear_Output", "shape": ["1", "384", "16", "16"]}, {"name": "/segment/S5_4/S5_4.0/dwconv1/dwconv1.0/Conv_output_0_DequantizeLinear_Output", "shape": ["1", "384", "16", "16"]}, {"name": "onnx::Conv_609_DequantizeLinear_Output", "shape": ["384"]}, {"name": "onnx::Conv_608_DequantizeLinear_Output", "shape": ["384", "1", "3", "3"]}, {"name": "/segment/S5_4/S5_4.0/dwconv2/dwconv2.0/Conv_output_0", "shape": ["1", "384", "16", "16"]}, {"name": "/segment/S5_4/S5_4.0/dwconv2/dwconv2.2/Relu_output_0", "shape": ["1", "384", "16", "16"]}, {"name": "/segment/S5_4/S5_4.0/dwconv2/dwconv2.2/Relu_output_0_QuantizeLinear_Output", "shape": ["1", "384", "16", "16"]}, {"name": "/segment/S5_4/S5_4.0/dwconv2/dwconv2.2/Relu_output_0_DequantizeLinear_Output", "shape": ["1", "384", "16", "16"]}, {"name": "onnx::Conv_612_DequantizeLinear_Output", "shape": ["128"]}, {"name": "onnx::Conv_611_DequantizeLinear_Output", "shape": ["128", "384", "1", "1"]}, {"name": "/segment/S5_4/S5_4.0/conv2/conv2.0/Conv_output_0", "shape": ["1", "128", "16", "16"]}, {"name": "/segment/S5_4/S5_4.0/conv2/conv2.0/Conv_output_0_QuantizeLinear_Output", "shape": ["1", "128", "16", "16"]}, {"name": "/segment/S5_4/S5_4.0/conv2/conv2.0/Conv_output_0_DequantizeLinear_Output", "shape": ["1", "128", "16", "16"]}, {"name": "/segment/S4/S4.1/relu/Relu_output_0_DequantizeLinear_Output/duplicated", "shape": ["1", "64", "32", "32"]}, {"name": "onnx::Conv_615_DequantizeLinear_Output", "shape": ["64"]}, {"name": "onnx::Conv_614_DequantizeLinear_Output", "shape": ["64", "1", "3", "3"]}, {"name": "/segment/S5_4/S5_4.0/shortcut/shortcut.0/Conv_output_0", "shape": ["1", "64", "16", "16"]}, {"name": "/segment/S5_4/S5_4.0/shortcut/shortcut.0/Conv_output_0_QuantizeLinear_Output", "shape": ["1", "64", "16", "16"]}, {"name": "/segment/S5_4/S5_4.0/shortcut/shortcut.0/Conv_output_0_DequantizeLinear_Output", "shape": ["1", "64", "16", "16"]}, {"name": "onnx::Conv_618_DequantizeLinear_Output", "shape": ["128"]}, {"name": "onnx::Conv_617_DequantizeLinear_Output", "shape": ["128", "64", "1", "1"]}, {"name": "/segment/S5_4/S5_4.0/shortcut/shortcut.2/Conv_output_0", "shape": ["1", "128", "16", "16"]}, {"name": "/segment/S5_4/S5_4.0/shortcut/shortcut.2/Conv_output_0_QuantizeLinear_Output", "shape": ["1", "128", "16", "16"]}, {"name": "/segment/S5_4/S5_4.0/shortcut/shortcut.2/Conv_output_0_DequantizeLinear_Output", "shape": ["1", "128", "16", "16"]}, {"name": "/segment/S5_4/S5_4.0/Add_output_0", "shape": ["1", "128", "16", "16"]}, {"name": "/segment/S5_4/S5_4.0/relu/Relu_output_0", "shape": ["1", "128", "16", "16"]}, {"name": "/segment/S5_4/S5_4.0/relu/Relu_output_0_QuantizeLinear_Output", "shape": ["1", "128", "16", "16"]}, {"name": "/segment/S5_4/S5_4.0/relu/Relu_output_0_DequantizeLinear_Output/duplicated", "shape": ["1", "128", "16", "16"]}, {"name": "/segment/S5_4/S5_4.0/relu/Relu_output_0_DequantizeLinear_Output", "shape": ["1", "128", "16", "16"]}, {"name": "onnx::Conv_621_DequantizeLinear_Output", "shape": ["128"]}, {"name": "onnx::Conv_620_DequantizeLinear_Output", "shape": ["128", "128", "3", "3"]}, {"name": "/segment/S5_4/S5_4.1/conv1/conv/Conv_output_0", "shape": ["1", "128", "16", "16"]}, {"name": "/segment/S5_4/S5_4.1/conv1/relu/Relu_output_0", "shape": ["1", "128", "16", "16"]}, {"name": "/segment/S5_4/S5_4.1/conv1/relu/Relu_output_0_QuantizeLinear_Output", "shape": ["1", "128", "16", "16"]}, {"name": "/segment/S5_4/S5_4.1/conv1/relu/Relu_output_0_DequantizeLinear_Output", "shape": ["1", "128", "16", "16"]}, {"name": "onnx::Conv_624_DequantizeLinear_Output", "shape": ["768"]}, {"name": "onnx::Conv_623_DequantizeLinear_Output", "shape": ["768", "1", "3", "3"]}, {"name": "/segment/S5_4/S5_4.1/dwconv/dwconv.0/Conv_output_0", "shape": ["1", "768", "16", "16"]}, {"name": "/segment/S5_4/S5_4.1/dwconv/dwconv.2/Relu_output_0", "shape": ["1", "768", "16", "16"]}, {"name": "/segment/S5_4/S5_4.1/dwconv/dwconv.2/Relu_output_0_QuantizeLinear_Output", "shape": ["1", "768", "16", "16"]}, {"name": "/segment/S5_4/S5_4.1/dwconv/dwconv.2/Relu_output_0_DequantizeLinear_Output", "shape": ["1", "768", "16", "16"]}, {"name": "onnx::Conv_627_DequantizeLinear_Output", "shape": ["128"]}, {"name": "onnx::Conv_626_DequantizeLinear_Output", "shape": ["128", "768", "1", "1"]}, {"name": "/segment/S5_4/S5_4.1/conv2/conv2.0/Conv_output_0", "shape": ["1", "128", "16", "16"]}, {"name": "/segment/S5_4/S5_4.1/conv2/conv2.0/Conv_output_0_QuantizeLinear_Output", "shape": ["1", "128", "16", "16"]}, {"name": "/segment/S5_4/S5_4.1/conv2/conv2.0/Conv_output_0_DequantizeLinear_Output", "shape": ["1", "128", "16", "16"]}, {"name": "/segment/S5_4/S5_4.1/Add_output_0", "shape": ["1", "128", "16", "16"]}, {"name": "/segment/S5_4/S5_4.1/relu/Relu_output_0", "shape": ["1", "128", "16", "16"]}, {"name": "/segment/S5_4/S5_4.1/relu/Relu_output_0_QuantizeLinear_Output", "shape": ["1", "128", "16", "16"]}, {"name": "/segment/S5_4/S5_4.1/relu/Relu_output_0_DequantizeLinear_Output/duplicated", "shape": ["1", "128", "16", "16"]}, {"name": "/segment/S5_4/S5_4.1/relu/Relu_output_0_DequantizeLinear_Output", "shape": ["1", "128", "16", "16"]}, {"name": "onnx::Conv_630_DequantizeLinear_Output", "shape": ["128"]}, {"name": "onnx::Conv_629_DequantizeLinear_Output", "shape": ["128", "128", "3", "3"]}, {"name": "/segment/S5_4/S5_4.2/conv1/conv/Conv_output_0", "shape": ["1", "128", "16", "16"]}, {"name": "/segment/S5_4/S5_4.2/conv1/relu/Relu_output_0", "shape": ["1", "128", "16", "16"]}, {"name": "/segment/S5_4/S5_4.2/conv1/relu/Relu_output_0_QuantizeLinear_Output", "shape": ["1", "128", "16", "16"]}, {"name": "/segment/S5_4/S5_4.2/conv1/relu/Relu_output_0_DequantizeLinear_Output", "shape": ["1", "128", "16", "16"]}, {"name": "onnx::Conv_633_DequantizeLinear_Output", "shape": ["768"]}, {"name": "onnx::Conv_632_DequantizeLinear_Output", "shape": ["768", "1", "3", "3"]}, {"name": "/segment/S5_4/S5_4.2/dwconv/dwconv.0/Conv_output_0", "shape": ["1", "768", "16", "16"]}, {"name": "/segment/S5_4/S5_4.2/dwconv/dwconv.2/Relu_output_0", "shape": ["1", "768", "16", "16"]}, {"name": "/segment/S5_4/S5_4.2/dwconv/dwconv.2/Relu_output_0_QuantizeLinear_Output", "shape": ["1", "768", "16", "16"]}, {"name": "/segment/S5_4/S5_4.2/dwconv/dwconv.2/Relu_output_0_DequantizeLinear_Output", "shape": ["1", "768", "16", "16"]}, {"name": "onnx::Conv_636_DequantizeLinear_Output", "shape": ["128"]}, {"name": "onnx::Conv_635_DequantizeLinear_Output", "shape": ["128", "768", "1", "1"]}, {"name": "/segment/S5_4/S5_4.2/conv2/conv2.0/Conv_output_0", "shape": ["1", "128", "16", "16"]}, {"name": "/segment/S5_4/S5_4.2/conv2/conv2.0/Conv_output_0_QuantizeLinear_Output", "shape": ["1", "128", "16", "16"]}, {"name": "/segment/S5_4/S5_4.2/conv2/conv2.0/Conv_output_0_DequantizeLinear_Output", "shape": ["1", "128", "16", "16"]}, {"name": "/segment/S5_4/S5_4.2/Add_output_0", "shape": ["1", "128", "16", "16"]}, {"name": "/segment/S5_4/S5_4.2/relu/Relu_output_0", "shape": ["1", "128", "16", "16"]}, {"name": "/segment/S5_4/S5_4.2/relu/Relu_output_0_QuantizeLinear_Output", "shape": ["1", "128", "16", "16"]}, {"name": "/segment/S5_4/S5_4.2/relu/Relu_output_0_DequantizeLinear_Output/duplicated", "shape": ["1", "128", "16", "16"]}, {"name": "/segment/S5_4/S5_4.2/relu/Relu_output_0_DequantizeLinear_Output", "shape": ["1", "128", "16", "16"]}, {"name": "onnx::Conv_639_DequantizeLinear_Output", "shape": ["128"]}, {"name": "onnx::Conv_638_DequantizeLinear_Output", "shape": ["128", "128", "3", "3"]}, {"name": "/segment/S5_4/S5_4.3/conv1/conv/Conv_output_0", "shape": ["1", "128", "16", "16"]}, {"name": "/segment/S5_4/S5_4.3/conv1/relu/Relu_output_0", "shape": ["1", "128", "16", "16"]}, {"name": "/segment/S5_4/S5_4.3/conv1/relu/Relu_output_0_QuantizeLinear_Output", "shape": ["1", "128", "16", "16"]}, {"name": "/segment/S5_4/S5_4.3/conv1/relu/Relu_output_0_DequantizeLinear_Output", "shape": ["1", "128", "16", "16"]}, {"name": "onnx::Conv_642_DequantizeLinear_Output", "shape": ["768"]}, {"name": "onnx::Conv_641_DequantizeLinear_Output", "shape": ["768", "1", "3", "3"]}, {"name": "/segment/S5_4/S5_4.3/dwconv/dwconv.0/Conv_output_0", "shape": ["1", "768", "16", "16"]}, {"name": "/segment/S5_4/S5_4.3/dwconv/dwconv.2/Relu_output_0", "shape": ["1", "768", "16", "16"]}, {"name": "/segment/S5_4/S5_4.3/dwconv/dwconv.2/Relu_output_0_QuantizeLinear_Output", "shape": ["1", "768", "16", "16"]}, {"name": "/segment/S5_4/S5_4.3/dwconv/dwconv.2/Relu_output_0_DequantizeLinear_Output", "shape": ["1", "768", "16", "16"]}, {"name": "onnx::Conv_645_DequantizeLinear_Output", "shape": ["128"]}, {"name": "onnx::Conv_644_DequantizeLinear_Output", "shape": ["128", "768", "1", "1"]}, {"name": "/segment/S5_4/S5_4.3/conv2/conv2.0/Conv_output_0", "shape": ["1", "128", "16", "16"]}, {"name": "/segment/S5_4/S5_4.3/conv2/conv2.0/Conv_output_0_QuantizeLinear_Output", "shape": ["1", "128", "16", "16"]}, {"name": "/segment/S5_4/S5_4.3/conv2/conv2.0/Conv_output_0_DequantizeLinear_Output", "shape": ["1", "128", "16", "16"]}, {"name": "/segment/S5_4/S5_4.3/Add_output_0", "shape": ["1", "128", "16", "16"]}, {"name": "/segment/S5_4/S5_4.3/relu/Relu_output_0", "shape": ["1", "128", "16", "16"]}, {"name": "/segment/S5_4/S5_4.3/relu/Relu_output_0_QuantizeLinear_Output", "shape": ["1", "128", "16", "16"]}, {"name": "/segment/S5_4/S5_4.3/relu/Relu_output_0_DequantizeLinear_Output/duplicated", "shape": ["1", "128", "16", "16"]}, {"name": "/segment/S5_4/S5_4.3/relu/Relu_output_0_DequantizeLinear_Output", "shape": ["1", "128", "16", "16"]}, {"name": "/segment/S5_5/ReduceMean_output_0_Mul", "shape": ["1", "128", "1", "1"]}, {"name": "/segment/S5_5/ReduceMean_output_0_QuantizeLinear_Output", "shape": ["1", "128", "1", "1"]}, {"name": "/segment/S5_5/ReduceMean_output_0_DequantizeLinear_Output", "shape": ["1", "128", "1", "1"]}, {"name": "/segment/S5_5/bn/BatchNormalization_output_0weights_DequantizeLinear_Output", "shape": ["128", "1", "1", "1"]}, {"name": "/segment/S5_5/bn/BatchNormalization_output_0bias_DequantizeLinear_Output", "shape": ["128"]}, {"name": "/segment/S5_5/bn/BatchNormalization_output_0", "shape": ["1", "128", "1", "1"]}, {"name": "/segment/S5_5/bn/BatchNormalization_output_0_QuantizeLinear_Output", "shape": ["1", "128", "1", "1"]}, {"name": "/segment/S5_5/bn/BatchNormalization_output_0_DequantizeLinear_Output", "shape": ["1", "128", "1", "1"]}, {"name": "onnx::Conv_648_DequantizeLinear_Output", "shape": ["128"]}, {"name": "onnx::Conv_647_DequantizeLinear_Output", "shape": ["128", "128", "1", "1"]}, {"name": "/segment/S5_5/conv_gap/conv/Conv_output_0", "shape": ["1", "128", "1", "1"]}, {"name": "/segment/S5_5/conv_gap/relu/Relu_output_0", "shape": ["1", "128", "1", "1"]}, {"name": "/segment/S5_5/conv_gap/relu/Relu_output_0_QuantizeLinear_Output", "shape": ["1", "128", "1", "1"]}, {"name": "/segment/S5_5/conv_gap/relu/Relu_output_0_DequantizeLinear_Output", "shape": ["1", "128", "1", "1"]}, {"name": "/segment/S5_5/Add_output_0", "shape": ["1", "128", "16", "16"]}, {"name": "/segment/S5_5/Add_output_0_QuantizeLinear_Output", "shape": ["1", "128", "16", "16"]}, {"name": "/segment/S5_5/Add_output_0_DequantizeLinear_Output", "shape": ["1", "128", "16", "16"]}, {"name": "onnx::Conv_651_DequantizeLinear_Output", "shape": ["128"]}, {"name": "onnx::Conv_650_DequantizeLinear_Output", "shape": ["128", "128", "3", "3"]}, {"name": "/segment/S5_5/conv_last/conv/Conv_output_0", "shape": ["1", "128", "16", "16"]}, {"name": "/segment/S5_5/conv_last/relu/Relu_output_0", "shape": ["1", "128", "16", "16"]}, {"name": "/segment/S5_5/conv_last/relu/Relu_output_0_QuantizeLinear_Output", "shape": ["1", "128", "16", "16"]}, {"name": "/segment/S5_5/conv_last/relu/Relu_output_0_DequantizeLinear_Output/duplicated", "shape": ["1", "128", "16", "16"]}, {"name": "onnx::Conv_663_DequantizeLinear_Output", "shape": ["128"]}, {"name": "onnx::Conv_662_DequantizeLinear_Output", "shape": ["128", "1", "3", "3"]}, {"name": "/bga/right2/right2.0/Conv_output_0", "shape": ["1", "128", "16", "16"]}, {"name": "/bga/right2/right2.0/Conv_output_0_QuantizeLinear_Output", "shape": ["1", "128", "16", "16"]}, {"name": "/bga/right2/right2.0/Conv_output_0_DequantizeLinear_Output", "shape": ["1", "128", "16", "16"]}, {"name": "bga.right2.2.weight_DequantizeLinear_Output", "shape": ["128", "128", "1", "1"]}, {"name": "/bga/right2/right2.2/Conv_output_0", "shape": ["1", "128", "16", "16"]}, {"name": "/bga/right2/right2.2/Conv_output_0_QuantizeLinear_Output", "shape": ["1", "128", "16", "16"]}, {"name": "/bga/right2/right2.2/Conv_output_0_DequantizeLinear_Output", "shape": ["1", "128", "16", "16"]}, {"name": "/bga/Sigmoid_1_output_0_Mul", "shape": ["1", "128", "16", "16"]}, {"name": "/bga/Sigmoid_1_output_0", "shape": ["1", "128", "16", "16"]}, {"name": "/bga/Sigmoid_1_output_0_QuantizeLinear_Output", "shape": ["1", "128", "16", "16"]}, {"name": "/bga/Sigmoid_1_output_0_DequantizeLinear_Output", "shape": ["1", "128", "16", "16"]}, {"name": "image_DequantizeLinear_Output", "shape": ["1", "3", "512", "512"]}, {"name": "onnx::Conv_513_DequantizeLinear_Output", "shape": ["64"]}, {"name": "onnx::Conv_512_DequantizeLinear_Output", "shape": ["64", "3", "3", "3"]}, {"name": "/detail/S1/S1.0/conv/Conv_output_0", "shape": ["1", "64", "256", "256"]}, {"name": "/detail/S1/S1.0/relu/Relu_output_0", "shape": ["1", "64", "256", "256"]}, {"name": "/detail/S1/S1.0/relu/Relu_output_0_QuantizeLinear_Output", "shape": ["1", "64", "256", "256"]}, {"name": "/detail/S1/S1.0/relu/Relu_output_0_DequantizeLinear_Output", "shape": ["1", "64", "256", "256"]}, {"name": "onnx::Conv_516_DequantizeLinear_Output", "shape": ["64"]}, {"name": "onnx::Conv_515_DequantizeLinear_Output", "shape": ["64", "64", "3", "3"]}, {"name": "/detail/S1/S1.1/conv/Conv_output_0", "shape": ["1", "64", "256", "256"]}, {"name": "/detail/S1/S1.1/relu/Relu_output_0", "shape": ["1", "64", "256", "256"]}, {"name": "/detail/S1/S1.1/relu/Relu_output_0_QuantizeLinear_Output", "shape": ["1", "64", "256", "256"]}, {"name": "/detail/S1/S1.1/relu/Relu_output_0_DequantizeLinear_Output", "shape": ["1", "64", "256", "256"]}, {"name": "onnx::Conv_519_DequantizeLinear_Output", "shape": ["64"]}, {"name": "onnx::Conv_518_DequantizeLinear_Output", "shape": ["64", "64", "3", "3"]}, {"name": "/detail/S2/S2.0/conv/Conv_output_0", "shape": ["1", "64", "128", "128"]}, {"name": "/detail/S2/S2.0/relu/Relu_output_0", "shape": ["1", "64", "128", "128"]}, {"name": "/detail/S2/S2.0/relu/Relu_output_0_QuantizeLinear_Output", "shape": ["1", "64", "128", "128"]}, {"name": "/detail/S2/S2.0/relu/Relu_output_0_DequantizeLinear_Output", "shape": ["1", "64", "128", "128"]}, {"name": "onnx::Conv_522_DequantizeLinear_Output", "shape": ["64"]}, {"name": "onnx::Conv_521_DequantizeLinear_Output", "shape": ["64", "64", "3", "3"]}, {"name": "/detail/S2/S2.1/conv/Conv_output_0", "shape": ["1", "64", "128", "128"]}, {"name": "/detail/S2/S2.1/relu/Relu_output_0", "shape": ["1", "64", "128", "128"]}, {"name": "/detail/S2/S2.1/relu/Relu_output_0_QuantizeLinear_Output", "shape": ["1", "64", "128", "128"]}, {"name": "/detail/S2/S2.1/relu/Relu_output_0_DequantizeLinear_Output", "shape": ["1", "64", "128", "128"]}, {"name": "onnx::Conv_525_DequantizeLinear_Output", "shape": ["64"]}, {"name": "onnx::Conv_524_DequantizeLinear_Output", "shape": ["64", "64", "3", "3"]}, {"name": "/detail/S2/S2.2/conv/Conv_output_0", "shape": ["1", "64", "128", "128"]}, {"name": "/detail/S2/S2.2/relu/Relu_output_0", "shape": ["1", "64", "128", "128"]}, {"name": "/detail/S2/S2.2/relu/Relu_output_0_QuantizeLinear_Output", "shape": ["1", "64", "128", "128"]}, {"name": "/detail/S2/S2.2/relu/Relu_output_0_DequantizeLinear_Output", "shape": ["1", "64", "128", "128"]}, {"name": "onnx::Conv_528_DequantizeLinear_Output", "shape": ["128"]}, {"name": "onnx::Conv_527_DequantizeLinear_Output", "shape": ["128", "64", "3", "3"]}, {"name": "/detail/S3/S3.0/conv/Conv_output_0", "shape": ["1", "128", "64", "64"]}, {"name": "/detail/S3/S3.0/relu/Relu_output_0", "shape": ["1", "128", "64", "64"]}, {"name": "/detail/S3/S3.0/relu/Relu_output_0_QuantizeLinear_Output", "shape": ["1", "128", "64", "64"]}, {"name": "/detail/S3/S3.0/relu/Relu_output_0_DequantizeLinear_Output", "shape": ["1", "128", "64", "64"]}, {"name": "onnx::Conv_531_DequantizeLinear_Output", "shape": ["128"]}, {"name": "onnx::Conv_530_DequantizeLinear_Output", "shape": ["128", "128", "3", "3"]}, {"name": "/detail/S3/S3.1/conv/Conv_output_0", "shape": ["1", "128", "64", "64"]}, {"name": "/detail/S3/S3.1/relu/Relu_output_0", "shape": ["1", "128", "64", "64"]}, {"name": "/detail/S3/S3.1/relu/Relu_output_0_QuantizeLinear_Output", "shape": ["1", "128", "64", "64"]}, {"name": "/detail/S3/S3.1/relu/Relu_output_0_DequantizeLinear_Output", "shape": ["1", "128", "64", "64"]}, {"name": "onnx::Conv_534_DequantizeLinear_Output", "shape": ["128"]}, {"name": "onnx::Conv_533_DequantizeLinear_Output", "shape": ["128", "128", "3", "3"]}, {"name": "/detail/S3/S3.2/conv/Conv_output_0", "shape": ["1", "128", "64", "64"]}, {"name": "/detail/S3/S3.2/relu/Relu_output_0", "shape": ["1", "128", "64", "64"]}, {"name": "/detail/S3/S3.2/relu/Relu_output_0_QuantizeLinear_Output", "shape": ["1", "128", "64", "64"]}, {"name": "/detail/S3/S3.2/relu/Relu_output_0_DequantizeLinear_Output/duplicated", "shape": ["1", "128", "64", "64"]}, {"name": "onnx::Conv_657_DequantizeLinear_Output", "shape": ["128"]}, {"name": "onnx::Conv_656_DequantizeLinear_Output", "shape": ["128", "128", "3", "3"]}, {"name": "/bga/left2/left2.0/Conv_output_0", "shape": ["1", "128", "32", "32"]}, {"name": "/bga/left2/left2.0/Conv_output_0_QuantizeLinear_Output", "shape": ["1", "128", "32", "32"]}, {"name": "/bga/left2/left2.0/Conv_output_0_DequantizeLinear_Output", "shape": ["1", "128", "32", "32"]}, {"name": "/bga/left2/left2.2/AveragePool_output_0_Mul", "shape": ["1", "128", "16", "16"]}, {"name": "/bga/left2/left2.2/AveragePool_output_0", "shape": ["1", "128", "16", "16"]}, {"name": "/bga/left2/left2.2/AveragePool_output_0_QuantizeLinear_Output", "shape": ["1", "128", "16", "16"]}, {"name": "/bga/left2/left2.2/AveragePool_output_0_DequantizeLinear_Output", "shape": ["1", "128", "16", "16"]}, {"name": "/bga/Mul_1_output_0", "shape": ["1", "128", "16", "16"]}, {"name": "/bga/Mul_1_output_0_QuantizeLinear_Output", "shape": ["1", "128", "16", "16"]}, {"name": "/bga/Mul_1_output_0_DequantizeLinear_Output", "shape": ["1", "128", "16", "16"]}, {"name": "/bga/up2/Resize_output_0", "shape": ["1", "128", "64", "64"]}, {"name": "/bga/up2/Resize_output_0_QuantizeLinear_Output", "shape": ["1", "128", "64", "64"]}, {"name": "/bga/up2/Resize_output_0_DequantizeLinear_Output", "shape": ["1", "128", "64", "64"]}, {"name": "/segment/S5_5/conv_last/relu/Relu_output_0_DequantizeLinear_Output", "shape": ["1", "128", "16", "16"]}, {"name": "onnx::Conv_660_DequantizeLinear_Output", "shape": ["128"]}, {"name": "onnx::Conv_659_DequantizeLinear_Output", "shape": ["128", "128", "3", "3"]}, {"name": "/bga/right1/right1.0/Conv_output_0", "shape": ["1", "128", "16", "16"]}, {"name": "/bga/right1/right1.0/Conv_output_0_QuantizeLinear_Output", "shape": ["1", "128", "16", "16"]}, {"name": "/bga/right1/right1.0/Conv_output_0_DequantizeLinear_Output", "shape": ["1", "128", "16", "16"]}, {"name": "/bga/up1/Resize_output_0", "shape": ["1", "128", "64", "64"]}, {"name": "/bga/up1/Resize_output_0_QuantizeLinear_Output", "shape": ["1", "128", "64", "64"]}, {"name": "/bga/up1/Resize_output_0_DequantizeLinear_Output", "shape": ["1", "128", "64", "64"]}, {"name": "/bga/Sigmoid_output_0_Mul", "shape": ["1", "128", "64", "64"]}, {"name": "/bga/Sigmoid_output_0", "shape": ["1", "128", "64", "64"]}, {"name": "/bga/Sigmoid_output_0_QuantizeLinear_Output", "shape": ["1", "128", "64", "64"]}, {"name": "/bga/Sigmoid_output_0_DequantizeLinear_Output", "shape": ["1", "128", "64", "64"]}, {"name": "/detail/S3/S3.2/relu/Relu_output_0_DequantizeLinear_Output", "shape": ["1", "128", "64", "64"]}, {"name": "onnx::Conv_654_DequantizeLinear_Output", "shape": ["128"]}, {"name": "onnx::Conv_653_DequantizeLinear_Output", "shape": ["128", "1", "3", "3"]}, {"name": "/bga/left1/left1.0/Conv_output_0", "shape": ["1", "128", "64", "64"]}, {"name": "/bga/left1/left1.0/Conv_output_0_QuantizeLinear_Output", "shape": ["1", "128", "64", "64"]}, {"name": "/bga/left1/left1.0/Conv_output_0_DequantizeLinear_Output", "shape": ["1", "128", "64", "64"]}, {"name": "bga.left1.2.weight_DequantizeLinear_Output", "shape": ["128", "128", "1", "1"]}, {"name": "/bga/left1/left1.2/Conv_output_0", "shape": ["1", "128", "64", "64"]}, {"name": "/bga/left1/left1.2/Conv_output_0_QuantizeLinear_Output", "shape": ["1", "128", "64", "64"]}, {"name": "/bga/left1/left1.2/Conv_output_0_DequantizeLinear_Output", "shape": ["1", "128", "64", "64"]}, {"name": "/bga/Mul_output_0", "shape": ["1", "128", "64", "64"]}, {"name": "/bga/Mul_output_0_QuantizeLinear_Output", "shape": ["1", "128", "64", "64"]}, {"name": "/bga/Mul_output_0_DequantizeLinear_Output", "shape": ["1", "128", "64", "64"]}, {"name": "/bga/Add_output_0", "shape": ["1", "128", "64", "64"]}, {"name": "/bga/Add_output_0_QuantizeLinear_Output", "shape": ["1", "128", "64", "64"]}, {"name": "/bga/Add_output_0_DequantizeLinear_Output", "shape": ["1", "128", "64", "64"]}, {"name": "onnx::Conv_666_DequantizeLinear_Output", "shape": ["128"]}, {"name": "onnx::Conv_665_DequantizeLinear_Output", "shape": ["128", "128", "3", "3"]}, {"name": "/bga/conv/conv.0/Conv_output_0", "shape": ["1", "128", "64", "64"]}, {"name": "/bga/conv/conv.2/Relu_output_0", "shape": ["1", "128", "64", "64"]}, {"name": "/bga/conv/conv.2/Relu_output_0_QuantizeLinear_Output", "shape": ["1", "128", "64", "64"]}, {"name": "/bga/conv/conv.2/Relu_output_0_DequantizeLinear_Output", "shape": ["1", "128", "64", "64"]}, {"name": "onnx::Conv_669_DequantizeLinear_Output", "shape": ["1024"]}, {"name": "onnx::Conv_668_DequantizeLinear_Output", "shape": ["1024", "128", "3", "3"]}, {"name": "/head/conv/conv/Conv_output_0", "shape": ["1", "1024", "64", "64"]}, {"name": "/head/conv/relu/Relu_output_0", "shape": ["1", "1024", "64", "64"]}, {"name": "/head/conv/relu/Relu_output_0_QuantizeLinear_Output", "shape": ["1", "1024", "64", "64"]}, {"name": "/head/conv/relu/Relu_output_0_DequantizeLinear_Output", "shape": ["1", "1024", "64", "64"]}, {"name": "head.conv_out.weight_DequantizeLinear_Output", "shape": ["19", "1024", "1", "1"]}, {"name": "head.conv_out.bias_DequantizeLinear_Output", "shape": ["19"]}, {"name": "/head/conv_out/Conv_output_0", "shape": ["1", "19", "64", "64"]}, {"name": "/head/conv_out/Conv_output_0_QuantizeLinear_Output", "shape": ["1", "19", "64", "64"]}, {"name": "/head/conv_out/Conv_output_0_DequantizeLinear_Output", "shape": ["1", "19", "64", "64"]}, {"name": "logits_QuantizeLinear_Input", "shape": ["1", "19", "512", "512"]}, {"name": "logits_QuantizeLinear_Output", "shape": ["1", "19", "512", "512"]}, {"name": "logits", "shape": ["1", "19", "512", "512"]}], "subgraphStat": [{"device": "DPU", "count": 1}]}}
NPU_TIMELINE "\n-----------------------------\n[003d:00:01.1] : NPU Phoenix\n-----------------------------\nAIE Partitions\n  Total Memory Usage: 117 MB\n  Partition Index   : 0\n    Columns: [1, 2, 3, 4]\n    HW Contexts:\n      |PID                 |Ctx ID     |Submissions |Migrations  |Err  |Priority |\n      |Process Name        |Status     |Completions |Suspensions |     |GOPS     |\n      |Memory Usage        |Instr BO   |            |            |     |FPS      |\n      |                    |           |            |            |     |Latency  |\n      |====================|===========|============|============|=====|=========|\n      |60204               |252        |110         |0           |0    |Normal   |\n      |python.exe          |Active     |109         |0           |     |28       |\n      |117 MB              |4128 KB    |            |            |     |N/A      |\n      |                    |           |            |            |     |N/A      |\n      |--------------------|-----------|------------|------------|-----|---------|\n"
NPU_OWNERSHIP {"context_pids": [60204], "owned_pids": [40036, 60204], "foreign_pids": []}
HOST_TIMELINE {"elapsed_seconds": 3.812, "tree_rss_bytes": 383614976, "foreign_peers": []}
NPU_TIMELINE "\n-----------------------------\n[003d:00:01.1] : NPU Phoenix\n-----------------------------\nAIE Partitions\n  Total Memory Usage: 117 MB\n  Partition Index   : 0\n    Columns: [1, 2, 3, 4]\n    HW Contexts:\n      |PID                 |Ctx ID     |Submissions |Migrations  |Err  |Priority |\n      |Process Name        |Status     |Completions |Suspensions |     |GOPS     |\n      |Memory Usage        |Instr BO   |            |            |     |FPS      |\n      |                    |           |            |            |     |Latency  |\n      |====================|===========|============|============|=====|=========|\n      |60204               |252        |814         |0           |0    |Normal   |\n      |python.exe          |Active     |813         |0           |     |28       |\n      |117 MB              |4128 KB    |            |            |     |N/A      |\n      |                    |           |            |            |     |N/A      |\n      |--------------------|-----------|------------|------------|-----|---------|\n"
NPU_OWNERSHIP {"context_pids": [60204], "owned_pids": [40036, 60204], "foreign_pids": []}
HOST_TIMELINE {"elapsed_seconds": 7.594, "tree_rss_bytes": 383619072, "foreign_peers": []}
HOST_TIMELINE {"elapsed_seconds": 11.406, "tree_rss_bytes": 383619072, "foreign_peers": []}
BENCHMARK {"backend": "amd", "warmup": 50, "frames": 500, "image": "data/bisenetv2_val/000000032570.jpg", "mean_ms": 21.687321004923433, "p95_ms": 22.966530016856268, "stages": {"pre_ms": 5.067588998470455, "network_ms": 13.135101403808221, "post_ms": 3.4846306026447564}, "samples_ms": [20.2533999690786, 20.565700018778443, 20.605600089766085, 20.12180001474917, 21.976099931634963, 20.131399971432984, 20.196299999952316, 20.2964999480173, 20.253099966794252, 20.926499972119927, 21.829299977980554, 21.554899984039366, 21.359700011089444, 20.79129999037832, 20.05819999612868, 20.162099972367287, 20.309600047767162, 19.85650009009987, 20.784500055015087, 20.348799997009337, 20.343800075352192, 20.46380005776882, 21.460500080138445, 19.97210003901273, 21.31139999255538, 21.71119989361614, 20.654599997214973, 22.182099986821413, 20.557699957862496, 20.243900013156235, 21.297800005413592, 20.523699931800365, 20.890200044959784, 20.340300048701465, 20.514799980446696, 20.060199894942343, 20.38990007713437, 21.53680007904768, 20.521500031463802, 20.31409996561706, 21.65230002719909, 19.89649992901832, 19.910400034859776, 20.285900100134313, 20.692800055257976, 20.377200096845627, 20.30820003710687, 21.1721999803558, 21.410000044852495, 20.677999942563474, 22.15620002243668, 20.42559999972582, 20.71099996101111, 22.2269999794662, 20.148899988271296, 20.509300054982305, 21.157999988645315, 21.63740003015846, 21.570199984125793, 22.243599989451468, 20.495500066317618, 20.971300080418587, 20.735900034196675, 21.365299937315285, 23.700400022789836, 21.170300082303584, 22.822099970653653, 20.192999974824488, 20.30560001730919, 21.280799992382526, 21.962199942208827, 21.215399960055947, 21.014700061641634, 20.260200020857155, 20.362399984151125, 23.029000032693148, 21.238400018773973, 22.340300027281046, 20.789499976672232, 20.382200018502772, 21.78409998305142, 21.270799916237593, 20.7205000333488, 21.66730002500117, 21.829299977980554, 21.953899995423853, 22.24060008302331, 21.796799963340163, 22.159300046041608, 22.264800034463406, 22.052299929782748, 22.34250004403293, 21.88350004144013, 22.98750006593764, 21.61560009699315, 21.240800037048757, 22.364199976436794, 20.934400032274425, 22.176899947226048, 22.282299934886396, 22.699899971485138, 22.281200042925775, 22.441500099375844, 21.82250004261732, 22.112000035122037, 23.125199950300157, 22.406899952329695, 22.3824999993667, 22.106099990196526, 21.999999997206032, 22.500399965792894, 22.06839993596077, 22.09969994146377, 22.311100037768483, 22.966000018641353, 22.012599976733327, 22.625099983997643, 21.930400049313903, 22.28599996306002, 22.48899999540299, 22.24050008226186, 22.11300004273653, 22.350399987772107, 22.845400031656027, 22.2507999278605, 21.86989993788302, 22.423199960030615, 22.842900012619793, 22.419100045226514, 22.2582999849692, 22.22110005095601, 22.869100095704198, 21.924100001342595, 23.131399997510016, 22.09789992775768, 22.759599960409105, 22.581800003536046, 22.4255999783054, 22.1025999635458, 22.111200029030442, 22.41510001476854, 22.174200043082237, 21.887300070375204, 22.202900028787553, 22.637699963524938, 22.08619995508343, 22.0832999330014, 23.117900011129677, 23.083999985828996, 22.79750001616776, 22.272399975918233, 22.283200058154762, 22.354200016707182, 22.770000039599836, 22.46290002949536, 22.4920999025926, 22.346499958075583, 21.72790002077818, 22.31869997922331, 22.511300048790872, 21.076099947094917, 21.994599956087768, 20.673300023190677, 20.793800009414554, 22.204400040209293, 21.0553000215441, 22.01810001861304, 21.823100047186017, 20.708800060674548, 20.705000031739473, 20.9542999509722, 21.651300019584596, 21.900300052948296, 20.40919999126345, 20.705200033262372, 20.84500005003065, 20.982900052331388, 21.46959991659969, 23.129799985326827, 20.218499936163425, 20.429100026376545, 20.129800075665116, 21.11760003026575, 21.79739996790886, 21.37619990389794, 21.088900044560432, 20.349500002339482, 21.024800022132695, 21.784699987620115, 21.820700028911233, 21.62100002169609, 20.926899975165725, 20.54399996995926, 20.458800019696355, 20.892699947580695, 22.066200035624206, 20.942200091667473, 20.65820002462715, 21.28309989348054, 21.840100060217083, 21.790400031022727, 21.820000023581088, 21.073500043712556, 20.81650006584823, 20.4359000781551, 21.07130002696067, 22.43740006815642, 22.042700089514256, 20.386500051245093, 22.8105999995023, 20.390099962241948, 22.683999966830015, 21.882300032302737, 20.389500074088573, 20.902100019156933, 21.359299891628325, 20.80449997447431, 21.44169993698597, 22.27129996754229, 20.429400028660893, 21.112099988386035, 21.070800023153424, 22.165599977597594, 21.69980003964156, 22.124400013126433, 20.13039996381849, 20.29929996933788, 21.11849992070347, 21.22410002630204, 20.249399938620627, 22.902099997736514, 23.12830009032041, 21.542000002227724, 21.15300006698817, 20.33339999616146, 23.374799988232553, 22.583300014957786, 22.568300017155707, 21.089799934998155, 21.90519997384399, 21.477799979038537, 21.22100000269711, 20.571600063703954, 21.321500069461763, 21.143499994650483, 22.348999977111816, 20.765700028277934, 21.55459998175502, 20.70250001270324, 21.25220000743866, 22.263600025326014, 21.125299972482026, 20.56319999974221, 20.220499951392412, 20.372799946926534, 20.559800090268254, 20.15140000730753, 23.456400027498603, 22.71429996471852, 21.541399997659028, 21.26949990633875, 22.36770000308752, 22.50269998330623, 22.462000022642314, 22.36800000537187, 21.747700055129826, 22.3243999062106, 22.607199964113533, 22.66430004965514, 22.28769997600466, 22.29380002245307, 22.008300060406327, 22.94689998961985, 22.198199992999434, 22.285599960014224, 22.457799990661442, 23.05399999022484, 22.003900026902556, 22.82270009163767, 22.105899988673627, 22.397900000214577, 22.26850006263703, 22.429600008763373, 22.14969997294247, 22.357000038027763, 23.605299997143447, 22.237599943764508, 22.15460001025349, 22.407200071029365, 22.135700099170208, 22.15420000720769, 22.14379992801696, 22.160000051371753, 22.704800008796155, 22.027999977581203, 22.19310007058084, 22.239599958993495, 22.30239997152239, 21.94710006006062, 22.618900053203106, 22.05809997394681, 22.064700024202466, 22.58099999744445, 22.346100071445107, 22.137600113637745, 22.637899965047836, 22.55290001630783, 22.68920000642538, 22.196099977009, 22.321299999020994, 22.55740005057305, 23.27279991004616, 22.159899934194982, 22.29100000113249, 22.519699996337295, 21.97200001683086, 23.22580001782626, 22.267800057306886, 22.128300042822957, 22.45489996857941, 22.556800046004355, 21.927899913862348, 22.312800050713122, 22.633900051005185, 22.11480005644262, 22.095500025898218, 22.56920002400875, 22.10000006016344, 22.390700061805546, 23.032100056298077, 22.331699961796403, 22.610099986195564, 22.852000081911683, 21.26860001590103, 21.645899978466332, 20.936099928803742, 20.296999951824546, 22.017600014805794, 21.065799985080957, 20.874900044873357, 21.134900045581162, 20.701700006611645, 21.245599957183003, 21.477799979038537, 21.901599946431816, 20.231999922543764, 21.56200003810227, 20.44940006453544, 21.78269997239113, 23.523799958638847, 21.916399942710996, 20.72020003106445, 20.29690006747842, 20.46219992917031, 21.208300022408366, 21.777500049211085, 21.107099950313568, 21.682499907910824, 20.104299997910857, 20.470799994654953, 21.434800000861287, 21.2654999922961, 22.034699912182987, 20.99160000216216, 20.36729990504682, 22.568100015632808, 21.546400035731494, 21.027599927037954, 22.16060005594045, 20.43140004388988, 20.633300067856908, 20.84200002718717, 20.810799906030297, 22.4331000354141, 22.343000047840178, 20.42809990234673, 20.401100046001375, 21.14990004338324, 20.56149998679757, 22.370400023646653, 20.838099997490644, 20.442800014279783, 21.402299986220896, 20.18989995121956, 20.57209995109588, 22.209799964912236, 20.805799984373152, 20.19890001975, 21.15599997341633, 21.13809995353222, 21.62839996162802, 21.845599985681474, 21.89980004914105, 21.41950000077486, 21.221900009550154, 20.733200013637543, 20.57940000668168, 21.492899977602065, 21.635100012645125, 22.777099977247417, 20.57240006979555, 21.623800043016672, 23.4759000595659, 21.514799911528826, 21.793800056912005, 20.436400081962347, 20.37060004658997, 20.76630003284663, 21.430399967357516, 21.966599975712597, 21.901700063608587, 21.126700099557638, 20.321400021202862, 22.460400010459125, 21.95449999999255, 22.62559998780489, 20.376400090754032, 20.599700044840574, 21.1837999522686, 20.67120000720024, 21.284200018271804, 20.959599991329014, 21.153800073079765, 20.403800066560507, 23.050500079989433, 22.42870000191033, 21.765399957075715, 20.549400011077523, 20.627400022931397, 20.96760005224496, 20.40810009930283, 20.623599993996322, 22.97659998293966, 22.533099981956184, 22.090500104241073, 22.658600006252527, 22.526699933223426, 23.054699995554984, 22.26690005045384, 23.236699984408915, 23.296600091271102, 22.525900043547153, 22.242599981836975, 22.293100017122924, 22.247899905778468, 22.427599993534386, 22.37209992017597, 22.055999957956374, 24.26410000771284, 22.532899980433285, 22.33680000063032, 22.353400010615587, 22.7097999304533, 22.40189991425723, 22.19899999909103, 22.33499998692423, 22.72370003629476, 22.40340004209429, 22.300499957054853, 22.408499964512885, 22.095499909482896, 22.311900043860078, 21.39590005390346, 21.9499000813812, 22.540500038303435, 22.063200012780726, 22.497900063171983, 22.301899967715144, 22.137599997222424, 23.507899953983724, 22.203000029549003, 22.180499974638224, 22.64059998560697, 22.414700011722744, 22.915099980309606, 22.43879996240139, 22.21069997176528, 22.45960000436753, 22.469299961812794, 22.177599952556193, 22.875099908560514, 21.916799945756793, 22.77230005711317, 21.955200005322695, 22.436299943365157, 22.27180008776486, 22.02290005516261, 22.29079999960959, 21.76179992966354, 21.283900015987456, 22.293999907560647, 22.18540001194924, 21.91310003399849, 22.231800016015768, 22.4018000299111, 22.192299948073924, 22.611199994571507, 22.105100098997355, 22.147500072605908, 22.297200048342347]}
NPU_TIMELINE "\n-----------------------------\n[003d:00:01.1] : NPU Phoenix\n-----------------------------\nAIE Partitions\n  No hardware contexts running on device\n\n"
NPU_OWNERSHIP {"context_pids": [], "owned_pids": [40036, 60204], "foreign_pids": []}
BENCHMARK_OUTPUT {"image": "data/bisenetv2_val/000000032570.jpg", "oracle": {"exact": false, "close": false, "max_abs": 1.296875, "mean_abs": 0.27305070977461965}}
POST_NPU_CONTEXT_WITNESS "\n-----------------------------\n[003d:00:01.1] : NPU Phoenix\n-----------------------------\nAIE Partitions\n  No hardware contexts running on device\n\n"
RESEARCH_PROCESS_RESULT {"exit_code": 0, "stop": null, "peak_tree_rss_bytes": 436383744, "rss_measurement": "maximum observed across sampled descendant working sets; zero observations reported as null", "elapsed_seconds": 13.436999999918044, "foreign_contention_observed": false, "timing_eligible": true}
