RESEARCH_PLATFORM {"machine": "Desktop 2", "cpu": "AMD Ryzen 7 8700G w/ Radeon 780M Graphics", "os": "Windows-11-10.0.26200-SP0", "ram_bytes": 33381138432, "source_sha256": {"tools/research_process.py": "1e356a0b7bd37e6185fe91f4e5e40586bf3b02af144a86318905d6ac6a205e2d", "tools/quant_calib_alphabet.py": "2dc0b2878c564853f340880209a425dfcf63b8536b2b8e9fd32344daade58d37", "tools/xint8_arithmetic_probe.py": "6aa3df08b9870c3c2264b868459d7ffbac3070dddc1349d7c6f3f480075f7041", "scripts/research-lowlevel.sh": "3455ad7933697936487712665505c216891865c6deada647302785f6e37020bd", "scripts/research-iron.sh": "4c863a262646ddab39b5005006ba8e03809895e6386c6310e2fd9d0a9e9609ee", "kernels/memory_placement/probe.py": "e8d990169ad6091fa1b53852e9f61eff495b5def72d35165a5c5cf1759e38898", "kernels/memory_placement/memory_kernels.cc": "182e7af7071a1e851afb4a7ca266069c489aea1fbaaa85eca129708daeba5ba6", "scripts/research-matrix.sh": "739254171629deae822b0ad7dabc875aee19ace56dde77d3e8aab61663f97516", "kernels/memory_placement/gemm.py": "17c905ad66110d3346bbf0db898dfc6b780df59fae1dfb0c1747057ce1e5844e", "kernels/memory_placement/gemm_placement.cc": "f21acf7250b12914ea30cc1f77613239dfa18421a85a1b9a5199017dd916278a", "tools/research_summary.py": "0c00dcceef07053d06731b41a1f1ed58d3ba4ea09f82497de354ce9cef17da20", "tools/research_toolchain.py": "f0a126a24ae213acfaa43460cfd9def0c86d9cb70cfee0228aa271688467b314"}, "commit": "7c9efd5f0d35f23a5ce6d476900660600ab4f10c", "command": ["python", "benchmarks/dense_compare.py", "bench", "--family", "modnet_cut", "--pins", "results/dense/modnet_cut_pins_opt_20260919.json", "--artifacts", "build/dense_validation/final_20260919", "--backend", "amd", "--container", "build/modnet_cut_dense_opt.ignite"], "seconds_limit": 1200.0, "rss_gib_limit": 10.0, "checks_only": false, "free_ram_bytes": 18068410368}
HOST_LOAD busy_cores=1.34 logical_cores=16 free_ram_gb=16.8 sample_sec=1
HOST_LOAD_TOP 0.52 Code:50676 ws_mb=549
HOST_LOAD_TOP 0.2 Code:35868 ws_mb=155
HOST_LOAD_TOP 0.09 Code:48276 ws_mb=482
HOST_LOAD_TOP 0.09 <tool>:52600 ws_mb=299
HOST_LOAD_TOP 0.08 Code:47840 ws_mb=177
HOST_LOAD_VERDICT CLEAR

PRE_NPU_CONTEXT_WITNESS "\n-----------------------------\n[003d:00:01.1] : NPU Phoenix\n-----------------------------\nAIE Partitions\n  No hardware contexts running on device\n\n"
IDENTITY {"family": "modnet_cut", "pins_sha256": "afe74607864f6b2cd95059d7ec88e2b4c8b65233c9bf7717038ac48ea893ae38", "model_sha256": "02e0b993a6aa52244eea912445ccaf827fe785b11d8c6d2a3683e7a25a053ab4", "numpy": "1.26.4", "ort": "1.23.3.dev20260320", "images": 50, "full_set": true, "source_sha256": {"benchmarks/dense_compare.py": "4d5cea291294fac4506c1326f86d6f46ebc696f82324e6576892906d70e01bc1", "src/ignite_xdna/compiler/dense_regions.py": "a671db56b5016a6543ec79c7f0ba4c1a249743e54568c303b60518166063b1ae", "src/ignite_xdna/compiler/graph_ir.py": "541e609395cf2e907d80d4a94e72c6a86285d551b16a5effcbb96a56c56b2b31", "src/ignite_xdna/compiler/engine_schedule.py": "3a91bb06c127462159224e08b0b1473c3d995cde4f3da29a782d4f755ba57118", "src/ignite_xdna/compiler/engine_compile.py": "156d55881fcafb9824a8d5fd74717f0df64512dfd3900c3fae4037e7eae521e2", "src/ignite_xdna/runtime/graph_session.py": "e1335733b5406df04dadb118848f409737d8268037b1ff2979aebf1a8918b9e4", "src/ignite_xdna/runtime/dense_session.py": "d5d5dc14910b1f56734a788e9c4c723162a67f81deaee8d5a394b649d271dd4b", "Ignition/src/ignition/pipelines/dense.py": "7474a5d9aec11893ee12c54f12d85e64036c198abe961b145da590aebf1416b1", "Ignition/src/ignition/pipelines/vision.py": "26521f87a9874a12c993362b2c39590c6b255ef94148155d6a9948ef3258a133", "Ignition/src/ignition/live.py": "e784ec75f686bf7b1f4b94c1ff8eca7cdbbb534977a413908f4bc5c6da1fce50"}}
RYZEN_AI_INSTALLATION_PATH = C:\Program Files\RyzenAI\1.7.1
xclbin: C:\Program Files\RyzenAI\1.7.1\voe-4.0-win_amd64\xclbins\phoenix\4x4.xclbin
onnxruntime 1.23.3.dev20260320  providers: ['VitisAIExecutionProvider', 'DmlExecutionProvider', 'CPUExecutionProvider']
cache:  C:\Users\<user>\PycharmProjects\ignite-xdna\modnetcutcachekey
First run compiles the model. It takes a while and looks frozen. It isn't.
2026-09-19 15:15:27.9342165 [I:onnxruntime:, inference_session.cc:606 onnxruntime::InferenceSession::TraceSessionOptions] Session Options {  execution_mode:0 execution_order:DEFAULT enable_profiling:0 optimized_model_filepath: enable_mem_pattern:1 enable_mem_reuse:1 enable_cpu_mem_arena:1 profile_file_prefix:onnxruntime_profile_ session_logid: session_log_severity_level:1 session_log_verbosity_level:0 max_num_graph_transformation_steps:10 graph_optimization_level:4 intra_op_param:OrtThreadPoolParams { thread_pool_size: 0 auto_set_affinity: 0 allow_spinning: 1 dynamic_block_base_: 0 stack_size: 0 affinity_str:  set_denormal_as_zero: 0 } inter_op_param:OrtThreadPoolParams { thread_pool_size: 0 auto_set_affinity: 0 allow_spinning: 1 dynamic_block_base_: 0 stack_size: 0 affinity_str:  set_denormal_as_zero: 0 } use_per_session_threads:1 thread_pool_allow_spinning:1 use_deterministic_compute:0 ep_selection_policy:0 config_options: {  } }
2026-09-19 15:15:27.9353685 [I:onnxruntime:, inference_session.cc:422 onnxruntime::InferenceSession::ConstructorCommon] Creating and using per session threadpools since use_per_session_threads_ is true
2026-09-19 15:15:27.9354853 [I:onnxruntime:, inference_session.cc:446 onnxruntime::InferenceSession::ConstructorCommon] Dynamic block base set to 0
2026-09-19 15:15:28.0560921 [I:onnxruntime:, inference_session.cc:2042 onnxruntime::InferenceSession::Initialize] Initializing session.
2026-09-19 15:15:28.0562338 [I:onnxruntime:, inference_session.cc:2080 onnxruntime::InferenceSession::Initialize] Adding default CPU execution provider.
2026-09-19 15:15:28.0564435 [I:onnxruntime:, graph_partitioner.cc:1209 onnxruntime::GraphPartitioner::InlineFunctionsAOT] This model does not have any local functions defined. AOT Inlining is not performed
2026-09-19 15:15:28.0569651 [I:onnxruntime:, graph_transformer.cc:15 onnxruntime::GraphTransformer::Apply] GraphTransformer EnsureUniqueDQForNodeUnit modified: 1 with status: OK
2026-09-19 15:15:28.0614367 [I:onnxruntime:, graph_transformer.cc:15 onnxruntime::GraphTransformer::Apply] GraphTransformer Level1_RuleBasedTransformer modified: 1 with status: OK
2026-09-19 15:15:28.0647413 [I:onnxruntime:, graph.cc:4888 onnxruntime::Graph::CleanUnusedInitializersAndNodeArgs] Removing initializer '/lr_branch/se_block/pool/GlobalAveragePool_output_0_Scale'. It is no longer used by any node.
2026-09-19 15:15:28.0653510 [I:onnxruntime:, graph_transformer.cc:15 onnxruntime::GraphTransformer::Apply] GraphTransformer DoubleQDQPairsRemover modified: 0 with status: OK
2026-09-19 15:15:28.0666484 [I:onnxruntime:, constant_sharing.cc:248 onnxruntime::ConstantSharing::ApplyImpl] Total shared scalar initializer count: 219
2026-09-19 15:15:28.0667709 [I:onnxruntime:, graph_transformer.cc:15 onnxruntime::GraphTransformer::Apply] GraphTransformer ConstantSharing modified: 1 with status: OK
2026-09-19 15:15:28.0702239 [I:onnxruntime:, graph_transformer.cc:15 onnxruntime::GraphTransformer::Apply] GraphTransformer CommonSubexpressionElimination modified: 0 with status: OK
2026-09-19 15:15:28.0706188 [I:onnxruntime:, graph_transformer.cc:15 onnxruntime::GraphTransformer::Apply] GraphTransformer ConstantFolding modified: 0 with status: OK
2026-09-19 15:15:28.0708548 [I:onnxruntime:, graph_transformer.cc:15 onnxruntime::GraphTransformer::Apply] GraphTransformer MatMulAddFusion modified: 0 with status: OK
2026-09-19 15:15:28.0710762 [I:onnxruntime:, graph_transformer.cc:15 onnxruntime::GraphTransformer::Apply] GraphTransformer ReshapeFusion modified: 0 with status: OK
2026-09-19 15:15:28.0712144 [I:onnxruntime:, graph_transformer.cc:15 onnxruntime::GraphTransformer::Apply] GraphTransformer FreeDimensionOverrideTransformer modified: 0 with status: OK
2026-09-19 15:15:28.0713539 [I:onnxruntime:, graph_transformer.cc:15 onnxruntime::GraphTransformer::Apply] GraphTransformer GeluFusionL1 modified: 0 with status: OK
2026-09-19 15:15:28.0715558 [I:onnxruntime:, graph_transformer.cc:15 onnxruntime::GraphTransformer::Apply] GraphTransformer LayerNormFusionL1 modified: 0 with status: OK
2026-09-19 15:15:28.0719797 [I:onnxruntime:, graph_transformer.cc:15 onnxruntime::GraphTransformer::Apply] GraphTransformer QDQPropagationTransformer modified: 0 with status: OK
2026-09-19 15:15:28.0722120 [I:onnxruntime:, graph_transformer.cc:15 onnxruntime::GraphTransformer::Apply] GraphTransformer WeightBiasQuantization modified: 0 with status: OK
2026-09-19 15:15:28.0724417 [I:onnxruntime:, graph_transformer.cc:15 onnxruntime::GraphTransformer::Apply] GraphTransformer EnsureUniqueDQForNodeUnit modified: 0 with status: OK
2026-09-19 15:15:28.0726196 [I:onnxruntime:, graph_transformer.cc:15 onnxruntime::GraphTransformer::Apply] GraphTransformer RocmBlasAltImpl modified: 0 with status: OK
2026-09-19 15:15:28.0733868 [I:onnxruntime:, graph_transformer.cc:15 onnxruntime::GraphTransformer::Apply] GraphTransformer TransposeOptimizer modified: 0 with status: OK
2026-09-19 15:15:28.0735911 [I:onnxruntime:, graph_transformer.cc:15 onnxruntime::GraphTransformer::Apply] GraphTransformer Level1_RuleBasedTransformer modified: 0 with status: OK
2026-09-19 15:15:28.0739491 [I:onnxruntime:, graph_transformer.cc:15 onnxruntime::GraphTransformer::Apply] GraphTransformer DoubleQDQPairsRemover modified: 0 with status: OK
2026-09-19 15:15:28.0744729 [I:onnxruntime:, graph_transformer.cc:15 onnxruntime::GraphTransformer::Apply] GraphTransformer CommonSubexpressionElimination modified: 0 with status: OK
2026-09-19 15:15:28.0828458 [I:onnxruntime:, graph_transformer.cc:15 onnxruntime::GraphTransformer::Apply] GraphTransformer ConstantFolding modified: 0 with status: OK
2026-09-19 15:15:28.0831739 [I:onnxruntime:, graph_transformer.cc:15 onnxruntime::GraphTransformer::Apply] GraphTransformer MatMulAddFusion modified: 0 with status: OK
2026-09-19 15:15:28.0834696 [I:onnxruntime:, graph_transformer.cc:15 onnxruntime::GraphTransformer::Apply] GraphTransformer ReshapeFusion modified: 0 with status: OK
2026-09-19 15:15:28.0836281 [I:onnxruntime:, graph_transformer.cc:15 onnxruntime::GraphTransformer::Apply] GraphTransformer FreeDimensionOverrideTransformer modified: 0 with status: OK
2026-09-19 15:15:28.0837650 [I:onnxruntime:, graph_transformer.cc:15 onnxruntime::GraphTransformer::Apply] GraphTransformer GeluFusionL1 modified: 0 with status: OK
2026-09-19 15:15:28.0839332 [I:onnxruntime:, graph_transformer.cc:15 onnxruntime::GraphTransformer::Apply] GraphTransformer LayerNormFusionL1 modified: 0 with status: OK
2026-09-19 15:15:28.0846269 [I:onnxruntime:, graph_transformer.cc:15 onnxruntime::GraphTransformer::Apply] GraphTransformer QDQPropagationTransformer modified: 0 with status: OK
2026-09-19 15:15:28.0849819 [I:onnxruntime:, graph_transformer.cc:15 onnxruntime::GraphTransformer::Apply] GraphTransformer WeightBiasQuantization modified: 0 with status: OK
2026-09-19 15:15:28.0852218 [I:onnxruntime:, graph_transformer.cc:15 onnxruntime::GraphTransformer::Apply] GraphTransformer EnsureUniqueDQForNodeUnit modified: 0 with status: OK
2026-09-19 15:15:28.0854053 [I:onnxruntime:, graph_transformer.cc:15 onnxruntime::GraphTransformer::Apply] GraphTransformer RocmBlasAltImpl modified: 0 with status: OK
2026-09-19 15:15:28.1652276 [I:onnxruntime:, graph.cc:4888 onnxruntime::Graph::CleanUnusedInitializersAndNodeArgs] Removing initializer 'onnx::Conv_683_scale'. It is no longer used by any node.
2026-09-19 15:15:28.1654466 [I:onnxruntime:, graph.cc:4888 onnxruntime::Graph::CleanUnusedInitializersAndNodeArgs] Removing initializer 'onnx::Conv_672_scale'. It is no longer used by any node.
2026-09-19 15:15:28.1656056 [I:onnxruntime:, graph.cc:4888 onnxruntime::Graph::CleanUnusedInitializersAndNodeArgs] Removing initializer '/hr_branch/Constant_output_0'. It is no longer used by any node.
2026-09-19 15:15:28.1657362 [I:onnxruntime:, graph.cc:4888 onnxruntime::Graph::CleanUnusedInitializersAndNodeArgs] Removing initializer 'lr_branch.conv_lr8x.0.weight_zero_point'. It is no longer used by any node.
2026-09-19 15:15:28.1658459 [I:onnxruntime:, graph.cc:4888 onnxruntime::Graph::CleanUnusedInitializersAndNodeArgs] Removing initializer '/hr_branch/conv_hr4x/conv_hr4x.1/Relu_output_0_scale'. It is no longer used by any node.
2026-09-19 15:15:28.1659655 [I:onnxruntime:, graph.cc:4888 onnxruntime::Graph::CleanUnusedInitializersAndNodeArgs] Removing initializer 'onnx::Conv_666_quantized'. It is no longer used by any node.
2026-09-19 15:15:28.1660767 [I:onnxruntime:, graph.cc:4888 onnxruntime::Graph::CleanUnusedInitializersAndNodeArgs] Removing initializer '/lr_branch/backbone/features.6/conv/conv.6/Conv_output_0_zero_point'. It is no longer used by any node.
2026-09-19 15:15:28.1662104 [I:onnxruntime:, graph.cc:4888 onnxruntime::Graph::CleanUnusedInitializersAndNodeArgs] Removing initializer '/lr_branch/backbone/features.0/features.0.2/Constant_output_0'. It is no longer used by any node.
2026-09-19 15:15:28.1663490 [I:onnxruntime:, graph.cc:4888 onnxruntime::Graph::CleanUnusedInitializersAndNodeArgs] Removing initializer 'onnx::Conv_674_scale'. It is no longer used by any node.
2026-09-19 15:15:28.1664587 [I:onnxruntime:, graph.cc:4888 onnxruntime::Graph::CleanUnusedInitializersAndNodeArgs] Removing initializer '/lr_branch/backbone/features.0/features.0.2/Constant_1_output_0'. It is no longer used by any node.
2026-09-19 15:15:28.1665945 [I:onnxruntime:, graph.cc:4888 onnxruntime::Graph::CleanUnusedInitializersAndNodeArgs] Removing initializer 'onnx::Conv_729_quantized'. It is no longer used by any node.
2026-09-19 15:15:28.1667049 [I:onnxruntime:, graph.cc:4888 onnxruntime::Graph::CleanUnusedInitializersAndNodeArgs] Removing initializer 'hr_branch.conv_enc2x.0.weight_quantized'. It is no longer used by any node.
2026-09-19 15:15:28.1668332 [I:onnxruntime:, graph.cc:4888 onnxruntime::Graph::CleanUnusedInitializersAndNodeArgs] Removing initializer 'lr_branch.conv_lr16x.0.weight_scale'. It is no longer used by any node.
2026-09-19 15:15:28.1669540 [I:onnxruntime:, graph.cc:4888 onnxruntime::Graph::CleanUnusedInitializersAndNodeArgs] Removing initializer '/hr_branch/Resize_output_0_zero_point'. It is no longer used by any node.
2026-09-19 15:15:28.1670748 [I:onnxruntime:, graph.cc:4888 onnxruntime::Graph::CleanUnusedInitializersAndNodeArgs] Removing initializer '/lr_branch/Constant_output_0'. It is no longer used by any node.
2026-09-19 15:15:28.1671909 [I:onnxruntime:, graph.cc:4888 onnxruntime::Graph::CleanUnusedInitializersAndNodeArgs] Removing initializer 'onnx::Conv_668_quantized'. It is no longer used by any node.
2026-09-19 15:15:28.1673039 [I:onnxruntime:, graph.cc:4888 onnxruntime::Graph::CleanUnusedInitializersAndNodeArgs] Removing initializer 'onnx::Conv_711_zero_point'. It is no longer used by any node.
2026-09-19 15:15:28.1674195 [I:onnxruntime:, graph.cc:4888 onnxruntime::Graph::CleanUnusedInitializersAndNodeArgs] Removing initializer '/hr_branch/tohr_enc2x/tohr_enc2x.1/Relu_output_0_zero_point'. It is no longer used by any node.
2026-09-19 15:15:28.1675546 [I:onnxruntime:, graph.cc:4888 onnxruntime::Graph::CleanUnusedInitializersAndNodeArgs] Removing initializer 'onnx::Conv_737_zero_point'. It is no longer used by any node.
2026-09-19 15:15:28.1676652 [I:onnxruntime:, graph.cc:4888 onnxruntime::Graph::CleanUnusedInitializersAndNodeArgs] Removing initializer '/lr_branch/backbone/features.16/conv/conv.6/Conv_output_0_zero_point'. It is no longer used by any node.
2026-09-19 15:15:28.1867820 [I:onnxruntime:, graph.cc:4888 onnxruntime::Graph::CleanUnusedInitializersAndNodeArgs] Removing initializer '/lr_branch/backbone/features.17/conv/conv.6/Conv_output_0_zero_point'. It is no longer used by any node.
2026-09-19 15:15:28.1870138 [I:onnxruntime:, graph.cc:4888 onnxruntime::Graph::CleanUnusedInitializersAndNodeArgs] Removing initializer 'lr_branch.se_block.fc.2.weight_quantized'. It is no longer used by any node.
2026-09-19 15:15:28.1872127 [I:onnxruntime:, graph.cc:4888 onnxruntime::Graph::CleanUnusedInitializersAndNodeArgs] Removing initializer 'onnx::Conv_659_zero_point'. It is no longer used by any node.
2026-09-19 15:15:28.1873856 [I:onnxruntime:, graph.cc:4888 onnxruntime::Graph::CleanUnusedInitializersAndNodeArgs] Removing initializer 'onnx::Conv_659_quantized'. It is no longer used by any node.
2026-09-19 15:15:28.1875572 [I:onnxruntime:, graph.cc:4888 onnxruntime::Graph::CleanUnusedInitializersAndNodeArgs] Removing initializer 'onnx::Conv_672_zero_point'. It is no longer used by any node.
2026-09-19 15:15:28.1877567 [I:onnxruntime:, graph.cc:4888 onnxruntime::Graph::CleanUnusedInitializersAndNodeArgs] Removing initializer 'onnx::Conv_696_scale'. It is no longer used by any node.
2026-09-19 15:15:28.1879292 [I:onnxruntime:, graph.cc:4888 onnxruntime::Graph::CleanUnusedInitializersAndNodeArgs] Removing initializer 'onnx::Conv_660_zero_point'. It is no longer used by any node.
2026-09-19 15:15:28.1881286 [I:onnxruntime:, graph.cc:4888 onnxruntime::Graph::CleanUnusedInitializersAndNodeArgs] Removing initializer 'onnx::Conv_660_quantized'. It is no longer used by any node.
2026-09-19 15:15:28.1882318 [I:onnxruntime:, graph.cc:4888 onnxruntime::Graph::CleanUnusedInitializersAndNodeArgs] Removing initializer 'onnx::Conv_675_zero_point'. It is no longer used by any node.
2026-09-19 15:15:28.1883380 [I:onnxruntime:, graph.cc:4888 onnxruntime::Graph::CleanUnusedInitializersAndNodeArgs] Removing initializer '/lr_branch/backbone/features.1/conv/conv.3/Conv_output_0_zero_point'. It is no longer used by any node.
2026-09-19 15:15:28.1884697 [I:onnxruntime:, graph.cc:4888 onnxruntime::Graph::CleanUnusedInitializersAndNodeArgs] Removing initializer '/lr_branch/backbone/features.0/features.0.2/Clip_output_0_zero_point'. It is no longer used by any node.
2026-09-19 15:15:28.1886353 [I:onnxruntime:, graph.cc:4888 onnxruntime::Graph::CleanUnusedInitializersAndNodeArgs] Removing initializer 'onnx::Conv_662_scale'. It is no longer used by any node.
2026-09-19 15:15:28.1887382 [I:onnxruntime:, graph.cc:4888 onnxruntime::Graph::CleanUnusedInitializersAndNodeArgs] Removing initializer 'hr_branch.tohr_enc2x.0.bias_zero_point'. It is no longer used by any node.
2026-09-19 15:15:28.1888481 [I:onnxruntime:, graph.cc:4888 onnxruntime::Graph::CleanUnusedInitializersAndNodeArgs] Removing initializer 'onnx::Conv_662_zero_point'. It is no longer used by any node.
2026-09-19 15:15:28.1889524 [I:onnxruntime:, graph.cc:4888 onnxruntime::Graph::CleanUnusedInitializersAndNodeArgs] Removing initializer '/hr_branch/conv_hr2x/conv_hr2x.7/Relu_output_0_scale'. It is no longer used by any node.
2026-09-19 15:15:28.1891123 [I:onnxruntime:, graph.cc:4888 onnxruntime::Graph::CleanUnusedInitializersAndNodeArgs] Removing initializer 'onnx::Conv_686_quantized'. It is no longer used by any node.
2026-09-19 15:15:28.1892180 [I:onnxruntime:, graph.cc:4888 onnxruntime::Graph::CleanUnusedInitializersAndNodeArgs] Removing initializer 'hr_branch.tohr_enc2x.0.bias_quantized'. It is no longer used by any node.
2026-09-19 15:15:28.1893360 [I:onnxruntime:, graph.cc:4888 onnxruntime::Graph::CleanUnusedInitializersAndNodeArgs] Removing initializer 'onnx::Conv_776_zero_point'. It is no longer used by any node.
2026-09-19 15:15:28.1894428 [I:onnxruntime:, graph.cc:4888 onnxruntime::Graph::CleanUnusedInitializersAndNodeArgs] Removing initializer 'onnx::Conv_792_quantized'. It is no longer used by any node.
2026-09-19 15:15:28.1966234 [I:onnxruntime:, graph.cc:4888 onnxruntime::Graph::CleanUnusedInitializersAndNodeArgs] Removing initializer 'onnx::Conv_662_quantized'. It is no longer used by any node.
2026-09-19 15:15:28.1967574 [I:onnxruntime:, graph.cc:4888 onnxruntime::Graph::CleanUnusedInitializersAndNodeArgs] Removing initializer 'onnx::Conv_722_scale'. It is no longer used by any node.
2026-09-19 15:15:28.1968707 [I:onnxruntime:, graph.cc:4888 onnxruntime::Graph::CleanUnusedInitializersAndNodeArgs] Removing initializer 'onnx::Conv_663_zero_point'. It is no longer used by any node.
2026-09-19 15:15:28.1969849 [I:onnxruntime:, graph.cc:4888 onnxruntime::Graph::CleanUnusedInitializersAndNodeArgs] Removing initializer 'onnx::Conv_663_quantized'. It is no longer used by any node.
2026-09-19 15:15:28.1970988 [I:onnxruntime:, graph.cc:4888 onnxruntime::Graph::CleanUnusedInitializersAndNodeArgs] Removing initializer '/lr_branch/backbone/features.5/conv/conv.6/Conv_output_0_zero_point'. It is no longer used by any node.
2026-09-19 15:15:28.1972373 [I:onnxruntime:, graph.cc:4888 onnxruntime::Graph::CleanUnusedInitializersAndNodeArgs] Removing initializer '/lr_branch/backbone/features.14/conv/conv.6/Conv_output_0_zero_point'. It is no longer used by any node.
2026-09-19 15:15:28.1973785 [I:onnxruntime:, graph.cc:4888 onnxruntime::Graph::CleanUnusedInitializersAndNodeArgs] Removing initializer '/lr_branch/backbone/features.1/conv/conv.2/Clip_output_0_zero_point'. It is no longer used by any node.
2026-09-19 15:15:28.1975112 [I:onnxruntime:, graph.cc:4888 onnxruntime::Graph::CleanUnusedInitializersAndNodeArgs] Removing initializer 'hr_branch.conv_hr4x.4.weight_quantized'. It is no longer used by any node.
2026-09-19 15:15:28.1976278 [I:onnxruntime:, graph.cc:4888 onnxruntime::Graph::CleanUnusedInitializersAndNodeArgs] Removing initializer 'onnx::Conv_734_quantized'. It is no longer used by any node.
2026-09-19 15:15:28.1977401 [I:onnxruntime:, graph.cc:4888 onnxruntime::Graph::CleanUnusedInitializersAndNodeArgs] Removing initializer '/hr_branch/Concat_output_0_zero_point'. It is no longer used by any node.
2026-09-19 15:15:28.1978588 [I:onnxruntime:, graph.cc:4888 onnxruntime::Graph::CleanUnusedInitializersAndNodeArgs] Removing initializer 'onnx::Conv_666_zero_point'. It is no longer used by any node.
2026-09-19 15:15:28.1979718 [I:onnxruntime:, graph.cc:4888 onnxruntime::Graph::CleanUnusedInitializersAndNodeArgs] Removing initializer 'onnx::Conv_665_zero_point'. It is no longer used by any node.
2026-09-19 15:15:28.1980821 [I:onnxruntime:, graph.cc:4888 onnxruntime::Graph::CleanUnusedInitializersAndNodeArgs] Removing initializer 'onnx::Conv_665_quantized'. It is no longer used by any node.
2026-09-19 15:15:28.1981978 [I:onnxruntime:, graph.cc:4888 onnxruntime::Graph::CleanUnusedInitializersAndNodeArgs] Removing initializer 'onnx::Conv_758_scale'. It is no longer used by any node.
2026-09-19 15:15:28.1983081 [I:onnxruntime:, graph.cc:4888 onnxruntime::Graph::CleanUnusedInitializersAndNodeArgs] Removing initializer 'hr_branch.conv_hr2x.2.bias_quantized'. It is no longer used by any node.
2026-09-19 15:15:28.1984797 [I:onnxruntime:, graph.cc:4888 onnxruntime::Graph::CleanUnusedInitializersAndNodeArgs] Removing initializer 'onnx::Conv_669_quantized'. It is no longer used by any node.
2026-09-19 15:15:28.1986017 [I:onnxruntime:, graph.cc:4888 onnxruntime::Graph::CleanUnusedInitializersAndNodeArgs] Removing initializer 'onnx::Conv_690_zero_point'. It is no longer used by any node.
2026-09-19 15:15:28.1987303 [I:onnxruntime:, graph.cc:4888 onnxruntime::Graph::CleanUnusedInitializersAndNodeArgs] Removing initializer 'hr_branch.conv_enc2x.0.weight_zero_point'. It is no longer used by any node.
2026-09-19 15:15:28.1988460 [I:onnxruntime:, graph.cc:4888 onnxruntime::Graph::CleanUnusedInitializersAndNodeArgs] Removing initializer 'onnx::Conv_729_zero_point'. It is no longer used by any node.
2026-09-19 15:15:28.1989644 [I:onnxruntime:, graph.cc:4888 onnxruntime::Graph::CleanUnusedInitializersAndNodeArgs] Removing initializer 'onnx::Conv_668_zero_point'. It is no longer used by any node.
2026-09-19 15:15:28.2141900 [I:onnxruntime:, graph.cc:4888 onnxruntime::Graph::CleanUnusedInitializersAndNodeArgs] Removing initializer 'hr_branch.tohr_enc4x.0.bias_quantized'. It is no longer used by any node.
2026-09-19 15:15:28.2144208 [I:onnxruntime:, graph.cc:4888 onnxruntime::Graph::CleanUnusedInitializersAndNodeArgs] Removing initializer 'onnx::Conv_800_quantized'. It is no longer used by any node.
2026-09-19 15:15:28.2146149 [I:onnxruntime:, graph.cc:4888 onnxruntime::Graph::CleanUnusedInitializersAndNodeArgs] Removing initializer 'hr_branch.tohr_enc2x.0.weight_quantized'. It is no longer used by any node.
2026-09-19 15:15:28.2148189 [I:onnxruntime:, graph.cc:4888 onnxruntime::Graph::CleanUnusedInitializersAndNodeArgs] Removing initializer 'onnx::Conv_669_zero_point'. It is no longer used by any node.
2026-09-19 15:15:28.2150068 [I:onnxruntime:, graph.cc:4888 onnxruntime::Graph::CleanUnusedInitializersAndNodeArgs] Removing initializer 'onnx::Conv_714_quantized'. It is no longer used by any node.
2026-09-19 15:15:28.2151839 [I:onnxruntime:, graph.cc:4888 onnxruntime::Graph::CleanUnusedInitializersAndNodeArgs] Removing initializer 'hr_branch.tohr_enc2x.0.weight_zero_point'. It is no longer used by any node.
2026-09-19 15:15:28.2153994 [I:onnxruntime:, graph.cc:4888 onnxruntime::Graph::CleanUnusedInitializersAndNodeArgs] Removing initializer 'onnx::Conv_756_quantized'. It is no longer used by any node.
2026-09-19 15:15:28.2155997 [I:onnxruntime:, graph.cc:4888 onnxruntime::Graph::CleanUnusedInitializersAndNodeArgs] Removing initializer '/lr_branch/backbone/features.2/conv/conv.2/Clip_output_0_zero_point'. It is no longer used by any node.
2026-09-19 15:15:28.2158497 [I:onnxruntime:, graph.cc:4888 onnxruntime::Graph::CleanUnusedInitializersAndNodeArgs] Removing initializer 'onnx::Conv_671_zero_point'. It is no longer used by any node.
2026-09-19 15:15:28.2161079 [I:onnxruntime:, graph.cc:4888 onnxruntime::Graph::CleanUnusedInitializersAndNodeArgs] Removing initializer 'onnx::Conv_780_zero_point'. It is no longer used by any node.
2026-09-19 15:15:28.2163212 [I:onnxruntime:, graph.cc:4888 onnxruntime::Graph::CleanUnusedInitializersAndNodeArgs] Removing initializer 'onnx::Conv_671_quantized'. It is no longer used by any node.
2026-09-19 15:15:28.2165919 [I:onnxruntime:, graph.cc:4888 onnxruntime::Graph::CleanUnusedInitializersAndNodeArgs] Removing initializer 'lr_branch.conv_lr8x.0.bias_zero_point'. It is no longer used by any node.
2026-09-19 15:15:28.2167732 [I:onnxruntime:, graph.cc:4888 onnxruntime::Graph::CleanUnusedInitializersAndNodeArgs] Removing initializer '/hr_branch/conv_hr2x/conv_hr2x.7/Relu_output_0_zero_point'. It is no longer used by any node.
2026-09-19 15:15:28.2169366 [I:onnxruntime:, graph.cc:4888 onnxruntime::Graph::CleanUnusedInitializersAndNodeArgs] Removing initializer 'onnx::Conv_672_quantized'. It is no longer used by any node.
2026-09-19 15:15:28.2171212 [I:onnxruntime:, graph.cc:4888 onnxruntime::Graph::CleanUnusedInitializersAndNodeArgs] Removing initializer 'onnx::Conv_674_quantized'. It is no longer used by any node.
2026-09-19 15:15:28.2173058 [I:onnxruntime:, graph.cc:4888 onnxruntime::Graph::CleanUnusedInitializersAndNodeArgs] Removing initializer '/lr_branch/backbone/features.2/conv/conv.5/Clip_output_0_zero_point'. It is no longer used by any node.
2026-09-19 15:15:28.2174351 [I:onnxruntime:, graph.cc:4888 onnxruntime::Graph::CleanUnusedInitializersAndNodeArgs] Removing initializer 'onnx::Conv_674_zero_point'. It is no longer used by any node.
2026-09-19 15:15:28.2175497 [I:onnxruntime:, graph.cc:4888 onnxruntime::Graph::CleanUnusedInitializersAndNodeArgs] Removing initializer 'hr_branch.conv_enc2x.0.bias_zero_point'. It is no longer used by any node.
2026-09-19 15:15:28.2176708 [I:onnxruntime:, graph.cc:4888 onnxruntime::Graph::CleanUnusedInitializersAndNodeArgs] Removing initializer 'hr_branch.conv_enc2x.0.bias_quantized'. It is no longer used by any node.
2026-09-19 15:15:28.2312852 [I:onnxruntime:, graph.cc:4888 onnxruntime::Graph::CleanUnusedInitializersAndNodeArgs] Removing initializer 'onnx::Conv_704_zero_point'. It is no longer used by any node.
2026-09-19 15:15:28.2314895 [I:onnxruntime:, graph.cc:4888 onnxruntime::Graph::CleanUnusedInitializersAndNodeArgs] Removing initializer '/lr_branch/backbone/features.2/conv/conv.6/Conv_output_0_zero_point'. It is no longer used by any node.
2026-09-19 15:15:28.2317200 [I:onnxruntime:, graph.cc:4888 onnxruntime::Graph::CleanUnusedInitializersAndNodeArgs] Removing initializer '/lr_branch/backbone/features.12/conv/conv.2/Clip_output_0_zero_point'. It is no longer used by any node.
2026-09-19 15:15:28.2319327 [I:onnxruntime:, graph.cc:4888 onnxruntime::Graph::CleanUnusedInitializersAndNodeArgs] Removing initializer 'onnx::Conv_675_quantized'. It is no longer used by any node.
2026-09-19 15:15:28.2321013 [I:onnxruntime:, graph.cc:4888 onnxruntime::Graph::CleanUnusedInitializersAndNodeArgs] Removing initializer 'onnx::Conv_765_zero_point'. It is no longer used by any node.
2026-09-19 15:15:28.2322847 [I:onnxruntime:, graph.cc:4888 onnxruntime::Graph::CleanUnusedInitializersAndNodeArgs] Removing initializer '/hr_branch/conv_enc2x/conv_enc2x.1/Relu_output_0_zero_point'. It is no longer used by any node.
2026-09-19 15:15:28.2324878 [I:onnxruntime:, graph.cc:4888 onnxruntime::Graph::CleanUnusedInitializersAndNodeArgs] Removing initializer 'onnx::Conv_681_quantized'. It is no longer used by any node.
2026-09-19 15:15:28.2326031 [I:onnxruntime:, graph.cc:4888 onnxruntime::Graph::CleanUnusedInitializersAndNodeArgs] Removing initializer 'onnx::Conv_726_zero_point'. It is no longer used by any node.
2026-09-19 15:15:28.2327144 [I:onnxruntime:, graph.cc:4888 onnxruntime::Graph::CleanUnusedInitializersAndNodeArgs] Removing initializer 'onnx::Conv_770_quantized'. It is no longer used by any node.
2026-09-19 15:15:28.2328269 [I:onnxruntime:, graph.cc:4888 onnxruntime::Graph::CleanUnusedInitializersAndNodeArgs] Removing initializer 'onnx::Conv_750_zero_point'. It is no longer used by any node.
2026-09-19 15:15:28.2329403 [I:onnxruntime:, graph.cc:4888 onnxruntime::Graph::CleanUnusedInitializersAndNodeArgs] Removing initializer 'f_branch.conv_f2x.0.weight_zero_point'. It is no longer used by any node.
2026-09-19 15:15:28.2330892 [I:onnxruntime:, graph.cc:4888 onnxruntime::Graph::CleanUnusedInitializersAndNodeArgs] Removing initializer 'onnx::Conv_677_zero_point'. It is no longer used by any node.
2026-09-19 15:15:28.2332038 [I:onnxruntime:, graph.cc:4888 onnxruntime::Graph::CleanUnusedInitializersAndNodeArgs] Removing initializer 'f_branch.conv_f2x.0.weight_quantized'. It is no longer used by any node.
2026-09-19 15:15:28.2333178 [I:onnxruntime:, graph.cc:4888 onnxruntime::Graph::CleanUnusedInitializersAndNodeArgs] Removing initializer 'onnx::Conv_677_quantized'. It is no longer used by any node.
2026-09-19 15:15:28.2334243 [I:onnxruntime:, graph.cc:4888 onnxruntime::Graph::CleanUnusedInitializersAndNodeArgs] Removing initializer 'onnx::Conv_774_zero_point'. It is no longer used by any node.
2026-09-19 15:15:28.2335309 [I:onnxruntime:, graph.cc:4888 onnxruntime::Graph::CleanUnusedInitializersAndNodeArgs] Removing initializer '/lr_branch/backbone/features.11/conv/conv.2/Clip_output_0_zero_point'. It is no longer used by any node.
2026-09-19 15:15:28.2337544 [I:onnxruntime:, graph.cc:4888 onnxruntime::Graph::CleanUnusedInitializersAndNodeArgs] Removing initializer '/lr_branch/backbone/features.14/conv/conv.5/Clip_output_0_zero_point'. It is no longer used by any node.
2026-09-19 15:15:28.2339838 [I:onnxruntime:, graph.cc:4888 onnxruntime::Graph::CleanUnusedInitializersAndNodeArgs] Removing initializer 'onnx::Conv_717_zero_point'. It is no longer used by any node.
2026-09-19 15:15:28.2341714 [I:onnxruntime:, graph.cc:4888 onnxruntime::Graph::CleanUnusedInitializersAndNodeArgs] Removing initializer 'onnx::Conv_678_zero_point'. It is no longer used by any node.
2026-09-19 15:15:28.2343590 [I:onnxruntime:, graph.cc:4888 onnxruntime::Graph::CleanUnusedInitializersAndNodeArgs] Removing initializer 'onnx::Conv_717_quantized'. It is no longer used by any node.
2026-09-19 15:15:28.2509799 [I:onnxruntime:, graph.cc:4888 onnxruntime::Graph::CleanUnusedInitializersAndNodeArgs] Removing initializer '/hr_branch/conv_hr2x/conv_hr2x.1/Relu_output_0_zero_point'. It is no longer used by any node.
2026-09-19 15:15:28.2512080 [I:onnxruntime:, graph.cc:4888 onnxruntime::Graph::CleanUnusedInitializersAndNodeArgs] Removing initializer 'onnx::Conv_678_quantized'. It is no longer used by any node.
2026-09-19 15:15:28.2514012 [I:onnxruntime:, graph.cc:4888 onnxruntime::Graph::CleanUnusedInitializersAndNodeArgs] Removing initializer '/hr_branch/conv_enc4x/conv_enc4x.1/Relu_output_0_zero_point'. It is no longer used by any node.
2026-09-19 15:15:28.2516107 [I:onnxruntime:, graph.cc:4888 onnxruntime::Graph::CleanUnusedInitializersAndNodeArgs] Removing initializer '/lr_branch/backbone/features.3/conv/conv.2/Clip_output_0_zero_point'. It is no longer used by any node.
2026-09-19 15:15:28.2517474 [I:onnxruntime:, graph.cc:4888 onnxruntime::Graph::CleanUnusedInitializersAndNodeArgs] Removing initializer 'onnx::Conv_780_quantized'. It is no longer used by any node.
2026-09-19 15:15:28.2518622 [I:onnxruntime:, graph.cc:4888 onnxruntime::Graph::CleanUnusedInitializersAndNodeArgs] Removing initializer 'onnx::Conv_680_zero_point'. It is no longer used by any node.
2026-09-19 15:15:28.2519764 [I:onnxruntime:, graph.cc:4888 onnxruntime::Graph::CleanUnusedInitializersAndNodeArgs] Removing initializer 'onnx::Conv_680_quantized'. It is no longer used by any node.
2026-09-19 15:15:28.2520883 [I:onnxruntime:, graph.cc:4888 onnxruntime::Graph::CleanUnusedInitializersAndNodeArgs] Removing initializer 'onnx::Conv_681_zero_point'. It is no longer used by any node.
2026-09-19 15:15:28.2521998 [I:onnxruntime:, graph.cc:4888 onnxruntime::Graph::CleanUnusedInitializersAndNodeArgs] Removing initializer '/lr_branch/backbone/features.3/conv/conv.5/Clip_output_0_zero_point'. It is no longer used by any node.
2026-09-19 15:15:28.2523557 [I:onnxruntime:, graph.cc:4888 onnxruntime::Graph::CleanUnusedInitializersAndNodeArgs] Removing initializer 'hr_branch.conv_hr2x.4.bias_zero_point'. It is no longer used by any node.
2026-09-19 15:15:28.2524657 [I:onnxruntime:, graph.cc:4888 onnxruntime::Graph::CleanUnusedInitializersAndNodeArgs] Removing initializer '/lr_branch/backbone/features.3/conv/conv.6/Conv_output_0_zero_point'. It is no longer used by any node.
2026-09-19 15:15:28.2527088 [I:onnxruntime:, graph.cc:4888 onnxruntime::Graph::CleanUnusedInitializersAndNodeArgs] Removing initializer 'onnx::Conv_755_quantized'. It is no longer used by any node.
2026-09-19 15:15:28.2528443 [I:onnxruntime:, graph.cc:4888 onnxruntime::Graph::CleanUnusedInitializersAndNodeArgs] Removing initializer 'hr_branch.conv_hr4x.4.bias_quantized'. It is no longer used by any node.
2026-09-19 15:15:28.2530365 [I:onnxruntime:, graph.cc:4888 onnxruntime::Graph::CleanUnusedInitializersAndNodeArgs] Removing initializer 'onnx::Conv_683_zero_point'. It is no longer used by any node.
2026-09-19 15:15:28.2532120 [I:onnxruntime:, graph.cc:4888 onnxruntime::Graph::CleanUnusedInitializersAndNodeArgs] Removing initializer 'onnx::Conv_683_quantized'. It is no longer used by any node.
2026-09-19 15:15:28.2533929 [I:onnxruntime:, graph.cc:4888 onnxruntime::Graph::CleanUnusedInitializersAndNodeArgs] Removing initializer 'onnx::Conv_719_zero_point'. It is no longer used by any node.
2026-09-19 15:15:28.2535716 [I:onnxruntime:, graph.cc:4888 onnxruntime::Graph::CleanUnusedInitializersAndNodeArgs] Removing initializer 'f_branch.conv_f2x.0.bias_quantized'. It is no longer used by any node.
2026-09-19 15:15:28.2537537 [I:onnxruntime:, graph.cc:4888 onnxruntime::Graph::CleanUnusedInitializersAndNodeArgs] Removing initializer 'onnx::Conv_684_zero_point'. It is no longer used by any node.
2026-09-19 15:15:28.2539394 [I:onnxruntime:, graph.cc:4888 onnxruntime::Graph::CleanUnusedInitializersAndNodeArgs] Removing initializer 'onnx::Conv_684_quantized'. It is no longer used by any node.
2026-09-19 15:15:28.2621199 [I:onnxruntime:, graph.cc:4888 onnxruntime::Graph::CleanUnusedInitializersAndNodeArgs] Removing initializer '/lr_branch/backbone/features.3/Add_output_0_zero_point'. It is no longer used by any node.
2026-09-19 15:15:28.2623477 [I:onnxruntime:, graph.cc:4888 onnxruntime::Graph::CleanUnusedInitializersAndNodeArgs] Removing initializer 'onnx::Conv_812_quantized'. It is no longer used by any node.
2026-09-19 15:15:28.2625348 [I:onnxruntime:, graph.cc:4888 onnxruntime::Graph::CleanUnusedInitializersAndNodeArgs] Removing initializer 'onnx::Conv_777_quantized'. It is no longer used by any node.
2026-09-19 15:15:28.2627742 [I:onnxruntime:, graph.cc:4888 onnxruntime::Graph::CleanUnusedInitializersAndNodeArgs] Removing initializer 'onnx::Conv_686_zero_point'. It is no longer used by any node.
2026-09-19 15:15:28.2630489 [I:onnxruntime:, graph.cc:4888 onnxruntime::Graph::CleanUnusedInitializersAndNodeArgs] Removing initializer '/lr_branch/backbone/features.10/conv/conv.5/Clip_output_0_zero_point'. It is no longer used by any node.
2026-09-19 15:15:28.2632696 [I:onnxruntime:, graph.cc:4888 onnxruntime::Graph::CleanUnusedInitializersAndNodeArgs] Removing initializer 'onnx::Conv_687_zero_point'. It is no longer used by any node.
2026-09-19 15:15:28.2635571 [I:onnxruntime:, graph.cc:4888 onnxruntime::Graph::CleanUnusedInitializersAndNodeArgs] Removing initializer 'onnx::Conv_687_quantized'. It is no longer used by any node.
2026-09-19 15:15:28.2637185 [I:onnxruntime:, graph.cc:4888 onnxruntime::Graph::CleanUnusedInitializersAndNodeArgs] Removing initializer '/lr_branch/se_block/pool/GlobalAveragePool_output_0_zero_point'. It is no longer used by any node.
2026-09-19 15:15:28.2640525 [I:onnxruntime:, graph.cc:4888 onnxruntime::Graph::CleanUnusedInitializersAndNodeArgs] Removing initializer 'onnx::Conv_741_quantized'. It is no longer used by any node.
2026-09-19 15:15:28.2642463 [I:onnxruntime:, graph.cc:4888 onnxruntime::Graph::CleanUnusedInitializersAndNodeArgs] Removing initializer 'onnx::Conv_803_zero_point'. It is no longer used by any node.
2026-09-19 15:15:28.2644587 [I:onnxruntime:, graph.cc:4888 onnxruntime::Graph::CleanUnusedInitializersAndNodeArgs] Removing initializer 'hr_branch.tohr_enc4x.0.weight_zero_point'. It is no longer used by any node.
2026-09-19 15:15:28.2647002 [I:onnxruntime:, graph.cc:4888 onnxruntime::Graph::CleanUnusedInitializersAndNodeArgs] Removing initializer 'onnx::Conv_803_quantized'. It is no longer used by any node.
2026-09-19 15:15:28.2649125 [I:onnxruntime:, graph.cc:4888 onnxruntime::Graph::CleanUnusedInitializersAndNodeArgs] Removing initializer 'hr_branch.tohr_enc4x.0.weight_quantized'. It is no longer used by any node.
2026-09-19 15:15:28.2650805 [I:onnxruntime:, graph.cc:4888 onnxruntime::Graph::CleanUnusedInitializersAndNodeArgs] Removing initializer 'lr_branch.conv_lr8x.0.bias_quantized'. It is no longer used by any node.
2026-09-19 15:15:28.2652315 [I:onnxruntime:, graph.cc:4888 onnxruntime::Graph::CleanUnusedInitializersAndNodeArgs] Removing initializer 'hr_branch.tohr_enc4x.0.bias_zero_point'. It is no longer used by any node.
2026-09-19 15:15:28.2654005 [I:onnxruntime:, graph.cc:4888 onnxruntime::Graph::CleanUnusedInitializersAndNodeArgs] Removing initializer 'onnx::Conv_800_zero_point'. It is no longer used by any node.
2026-09-19 15:15:28.2655579 [I:onnxruntime:, graph.cc:4888 onnxruntime::Graph::CleanUnusedInitializersAndNodeArgs] Removing initializer '/lr_branch/backbone/features.4/conv/conv.2/Clip_output_0_zero_point'. It is no longer used by any node.
2026-09-19 15:15:28.2657465 [I:onnxruntime:, graph.cc:4888 onnxruntime::Graph::CleanUnusedInitializersAndNodeArgs] Removing initializer 'onnx::Conv_741_zero_point'. It is no longer used by any node.
2026-09-19 15:15:28.2658959 [I:onnxruntime:, graph.cc:4888 onnxruntime::Graph::CleanUnusedInitializersAndNodeArgs] Removing initializer '/hr_branch/tohr_enc4x/tohr_enc4x.1/Relu_output_0_zero_point'. It is no longer used by any node.
2026-09-19 15:15:28.2660761 [I:onnxruntime:, graph.cc:4888 onnxruntime::Graph::CleanUnusedInitializersAndNodeArgs] Removing initializer '/lr_branch/backbone/features.16/conv/conv.5/Clip_output_0_zero_point'. It is no longer used by any node.
2026-09-19 15:15:28.2767128 [I:onnxruntime:, graph.cc:4888 onnxruntime::Graph::CleanUnusedInitializersAndNodeArgs] Removing initializer 'onnx::Conv_689_zero_point'. It is no longer used by any node.
2026-09-19 15:15:28.2769124 [I:onnxruntime:, graph.cc:4888 onnxruntime::Graph::CleanUnusedInitializersAndNodeArgs] Removing initializer '/lr_branch/backbone/features.9/conv/conv.6/Conv_output_0_zero_point'. It is no longer used by any node.
2026-09-19 15:15:28.2771266 [I:onnxruntime:, graph.cc:4888 onnxruntime::Graph::CleanUnusedInitializersAndNodeArgs] Removing initializer 'onnx::Conv_689_quantized'. It is no longer used by any node.
2026-09-19 15:15:28.2773066 [I:onnxruntime:, graph.cc:4888 onnxruntime::Graph::CleanUnusedInitializersAndNodeArgs] Removing initializer '/lr_branch/backbone/features.14/conv/conv.2/Clip_output_0_zero_point'. It is no longer used by any node.
2026-09-19 15:15:28.2775775 [I:onnxruntime:, graph.cc:4888 onnxruntime::Graph::CleanUnusedInitializersAndNodeArgs] Removing initializer 'onnx::Conv_690_quantized'. It is no longer used by any node.
2026-09-19 15:15:28.2777580 [I:onnxruntime:, graph.cc:4888 onnxruntime::Graph::CleanUnusedInitializersAndNodeArgs] Removing initializer '/hr_branch/Concat_1_output_0_zero_point'. It is no longer used by any node.
2026-09-19 15:15:28.2779921 [I:onnxruntime:, graph.cc:4888 onnxruntime::Graph::CleanUnusedInitializersAndNodeArgs] Removing initializer '/lr_branch/backbone/features.10/Add_output_0_zero_point'. It is no longer used by any node.
2026-09-19 15:15:28.2782260 [I:onnxruntime:, graph.cc:4888 onnxruntime::Graph::CleanUnusedInitializersAndNodeArgs] Removing initializer 'onnx::Conv_726_quantized'. It is no longer used by any node.
2026-09-19 15:15:28.2783756 [I:onnxruntime:, graph.cc:4888 onnxruntime::Graph::CleanUnusedInitializersAndNodeArgs] Removing initializer '/lr_branch/backbone/features.4/conv/conv.5/Clip_output_0_zero_point'. It is no longer used by any node.
2026-09-19 15:15:28.2785120 [I:onnxruntime:, graph.cc:4888 onnxruntime::Graph::CleanUnusedInitializersAndNodeArgs] Removing initializer 'onnx::Conv_776_quantized'. It is no longer used by any node.
2026-09-19 15:15:28.2786227 [I:onnxruntime:, graph.cc:4888 onnxruntime::Graph::CleanUnusedInitializersAndNodeArgs] Removing initializer 'hr_branch.conv_enc4x.0.weight_zero_point'. It is no longer used by any node.
2026-09-19 15:15:28.2787421 [I:onnxruntime:, graph.cc:4888 onnxruntime::Graph::CleanUnusedInitializersAndNodeArgs] Removing initializer 'hr_branch.conv_enc4x.0.weight_quantized'. It is no longer used by any node.
2026-09-19 15:15:28.2789069 [I:onnxruntime:, graph.cc:4888 onnxruntime::Graph::CleanUnusedInitializersAndNodeArgs] Removing initializer 'onnx::Conv_767_zero_point'. It is no longer used by any node.
2026-09-19 15:15:28.2790156 [I:onnxruntime:, graph.cc:4888 onnxruntime::Graph::CleanUnusedInitializersAndNodeArgs] Removing initializer 'hr_branch.conv_enc4x.0.bias_zero_point'. It is no longer used by any node.
2026-09-19 15:15:28.2791259 [I:onnxruntime:, graph.cc:4888 onnxruntime::Graph::CleanUnusedInitializersAndNodeArgs] Removing initializer 'hr_branch.conv_enc4x.0.bias_quantized'. It is no longer used by any node.
2026-09-19 15:15:28.2792358 [I:onnxruntime:, graph.cc:4888 onnxruntime::Graph::CleanUnusedInitializersAndNodeArgs] Removing initializer '/lr_branch/backbone/features.4/conv/conv.6/Conv_output_0_zero_point'. It is no longer used by any node.
2026-09-19 15:15:28.2793642 [I:onnxruntime:, graph.cc:4888 onnxruntime::Graph::CleanUnusedInitializersAndNodeArgs] Removing initializer 'onnx::Conv_692_zero_point'. It is no longer used by any node.
2026-09-19 15:15:28.2794852 [I:onnxruntime:, graph.cc:4888 onnxruntime::Graph::CleanUnusedInitializersAndNodeArgs] Removing initializer 'onnx::Conv_692_quantized'. It is no longer used by any node.
2026-09-19 15:15:28.2796199 [I:onnxruntime:, graph.cc:4888 onnxruntime::Graph::CleanUnusedInitializersAndNodeArgs] Removing initializer 'onnx::Conv_750_quantized'. It is no longer used by any node.
2026-09-19 15:15:28.2926092 [I:onnxruntime:, graph.cc:4888 onnxruntime::Graph::CleanUnusedInitializersAndNodeArgs] Removing initializer 'onnx::Conv_693_zero_point'. It is no longer used by any node.
2026-09-19 15:15:28.2928085 [I:onnxruntime:, graph.cc:4888 onnxruntime::Graph::CleanUnusedInitializersAndNodeArgs] Removing initializer 'onnx::Conv_693_quantized'. It is no longer used by any node.
2026-09-19 15:15:28.2929916 [I:onnxruntime:, graph.cc:4888 onnxruntime::Graph::CleanUnusedInitializersAndNodeArgs] Removing initializer 'lr_branch.conv_lr16x.0.weight_quantized'. It is no longer used by any node.
2026-09-19 15:15:28.2932000 [I:onnxruntime:, graph.cc:4888 onnxruntime::Graph::CleanUnusedInitializersAndNodeArgs] Removing initializer 'lr_branch.se_block.fc.0.weight_scale'. It is no longer used by any node.
2026-09-19 15:15:28.2934225 [I:onnxruntime:, graph.cc:4888 onnxruntime::Graph::CleanUnusedInitializersAndNodeArgs] Removing initializer 'onnx::Conv_695_zero_point'. It is no longer used by any node.
2026-09-19 15:15:28.2936427 [I:onnxruntime:, graph.cc:4888 onnxruntime::Graph::CleanUnusedInitializersAndNodeArgs] Removing initializer 'lr_branch.se_block.fc.0.weight_zero_point'. It is no longer used by any node.
2026-09-19 15:15:28.2937767 [I:onnxruntime:, graph.cc:4888 onnxruntime::Graph::CleanUnusedInitializersAndNodeArgs] Removing initializer 'onnx::Conv_695_quantized'. It is no longer used by any node.
2026-09-19 15:15:28.2938783 [I:onnxruntime:, graph.cc:4888 onnxruntime::Graph::CleanUnusedInitializersAndNodeArgs] Removing initializer 'lr_branch.se_block.fc.0.weight_quantized'. It is no longer used by any node.
2026-09-19 15:15:28.2939871 [I:onnxruntime:, graph.cc:4888 onnxruntime::Graph::CleanUnusedInitializersAndNodeArgs] Removing initializer 'onnx::Conv_696_zero_point'. It is no longer used by any node.
2026-09-19 15:15:28.2941234 [I:onnxruntime:, graph.cc:4888 onnxruntime::Graph::CleanUnusedInitializersAndNodeArgs] Removing initializer 'onnx::Conv_696_quantized'. It is no longer used by any node.
2026-09-19 15:15:28.2942542 [I:onnxruntime:, graph.cc:4888 onnxruntime::Graph::CleanUnusedInitializersAndNodeArgs] Removing initializer '/hr_branch/conv_hr4x/conv_hr4x.5/Relu_output_0_zero_point'. It is no longer used by any node.
2026-09-19 15:15:28.2944110 [I:onnxruntime:, graph.cc:4888 onnxruntime::Graph::CleanUnusedInitializersAndNodeArgs] Removing initializer '/lr_branch/backbone/features.5/conv/conv.2/Clip_output_0_zero_point'. It is no longer used by any node.
2026-09-19 15:15:28.2945596 [I:onnxruntime:, graph.cc:4888 onnxruntime::Graph::CleanUnusedInitializersAndNodeArgs] Removing initializer '/lr_branch/conv_lr16x/conv_lr16x.1/Relu_output_0_zero_point'. It is no longer used by any node.
2026-09-19 15:15:28.2946741 [I:onnxruntime:, graph.cc:4888 onnxruntime::Graph::CleanUnusedInitializersAndNodeArgs] Removing initializer 'onnx::Conv_698_zero_point'. It is no longer used by any node.
2026-09-19 15:15:28.2947738 [I:onnxruntime:, graph.cc:4888 onnxruntime::Graph::CleanUnusedInitializersAndNodeArgs] Removing initializer 'onnx::Conv_698_quantized'. It is no longer used by any node.
2026-09-19 15:15:28.2949439 [I:onnxruntime:, graph.cc:4888 onnxruntime::Graph::CleanUnusedInitializersAndNodeArgs] Removing initializer 'onnx::Conv_801_zero_point'. It is no longer used by any node.
2026-09-19 15:15:28.2950478 [I:onnxruntime:, graph.cc:4888 onnxruntime::Graph::CleanUnusedInitializersAndNodeArgs] Removing initializer 'onnx::Conv_699_zero_point'. It is no longer used by any node.
2026-09-19 15:15:28.2951488 [I:onnxruntime:, graph.cc:4888 onnxruntime::Graph::CleanUnusedInitializersAndNodeArgs] Removing initializer 'onnx::Conv_699_quantized'. It is no longer used by any node.
2026-09-19 15:15:28.2952490 [I:onnxruntime:, graph.cc:4888 onnxruntime::Graph::CleanUnusedInitializersAndNodeArgs] Removing initializer 'onnx::Conv_789_zero_point'. It is no longer used by any node.
2026-09-19 15:15:28.3074255 [I:onnxruntime:, graph.cc:4888 onnxruntime::Graph::CleanUnusedInitializersAndNodeArgs] Removing initializer '/lr_branch/backbone/features.5/conv/conv.5/Clip_output_0_zero_point'. It is no longer used by any node.
2026-09-19 15:15:28.3076709 [I:onnxruntime:, graph.cc:4888 onnxruntime::Graph::CleanUnusedInitializersAndNodeArgs] Removing initializer 'onnx::Conv_702_zero_point'. It is no longer used by any node.
2026-09-19 15:15:28.3078601 [I:onnxruntime:, graph.cc:4888 onnxruntime::Graph::CleanUnusedInitializersAndNodeArgs] Removing initializer '/f_branch/Concat_output_0_zero_point'. It is no longer used by any node.
2026-09-19 15:15:28.3080554 [I:onnxruntime:, graph.cc:4888 onnxruntime::Graph::CleanUnusedInitializersAndNodeArgs] Removing initializer 'onnx::Conv_701_zero_point'. It is no longer used by any node.
2026-09-19 15:15:28.3081926 [I:onnxruntime:, graph.cc:4888 onnxruntime::Graph::CleanUnusedInitializersAndNodeArgs] Removing initializer 'onnx::Conv_701_quantized'. It is no longer used by any node.
2026-09-19 15:15:28.3084049 [I:onnxruntime:, graph.cc:4888 onnxruntime::Graph::CleanUnusedInitializersAndNodeArgs] Removing initializer 'onnx::Conv_783_zero_point'. It is no longer used by any node.
2026-09-19 15:15:28.3085996 [I:onnxruntime:, graph.cc:4888 onnxruntime::Graph::CleanUnusedInitializersAndNodeArgs] Removing initializer 'onnx::Conv_702_quantized'. It is no longer used by any node.
2026-09-19 15:15:28.3087179 [I:onnxruntime:, graph.cc:4888 onnxruntime::Graph::CleanUnusedInitializersAndNodeArgs] Removing initializer '/lr_branch/se_block/Mul_output_0_zero_point'. It is no longer used by any node.
2026-09-19 15:15:28.3088445 [I:onnxruntime:, graph.cc:4888 onnxruntime::Graph::CleanUnusedInitializersAndNodeArgs] Removing initializer '/lr_branch/backbone/features.5/Add_output_0_zero_point'. It is no longer used by any node.
2026-09-19 15:15:28.3092298 [I:onnxruntime:, graph.cc:4888 onnxruntime::Graph::CleanUnusedInitializersAndNodeArgs] Removing initializer 'onnx::Conv_771_zero_point'. It is no longer used by any node.
2026-09-19 15:15:28.3094360 [I:onnxruntime:, graph.cc:4888 onnxruntime::Graph::CleanUnusedInitializersAndNodeArgs] Removing initializer 'onnx::Conv_704_quantized'. It is no longer used by any node.
2026-09-19 15:15:28.3096304 [I:onnxruntime:, graph.cc:4888 onnxruntime::Graph::CleanUnusedInitializersAndNodeArgs] Removing initializer 'onnx::Conv_705_zero_point'. It is no longer used by any node.
2026-09-19 15:15:28.3098180 [I:onnxruntime:, graph.cc:4888 onnxruntime::Graph::CleanUnusedInitializersAndNodeArgs] Removing initializer 'onnx::Conv_705_quantized'. It is no longer used by any node.
2026-09-19 15:15:28.3100033 [I:onnxruntime:, graph.cc:4888 onnxruntime::Graph::CleanUnusedInitializersAndNodeArgs] Removing initializer '/lr_branch/backbone/features.12/Add_output_0_zero_point'. It is no longer used by any node.
2026-09-19 15:15:28.3103054 [I:onnxruntime:, graph.cc:4888 onnxruntime::Graph::CleanUnusedInitializersAndNodeArgs] Removing initializer '/lr_branch/backbone/features.6/conv/conv.2/Clip_output_0_zero_point'. It is no longer used by any node.
2026-09-19 15:15:28.3105739 [I:onnxruntime:, graph.cc:4888 onnxruntime::Graph::CleanUnusedInitializersAndNodeArgs] Removing initializer 'onnx::Conv_707_zero_point'. It is no longer used by any node.
2026-09-19 15:15:28.3107029 [I:onnxruntime:, graph.cc:4888 onnxruntime::Graph::CleanUnusedInitializersAndNodeArgs] Removing initializer 'onnx::Conv_723_zero_point'. It is no longer used by any node.
2026-09-19 15:15:28.3108523 [I:onnxruntime:, graph.cc:4888 onnxruntime::Graph::CleanUnusedInitializersAndNodeArgs] Removing initializer 'onnx::Conv_707_quantized'. It is no longer used by any node.
2026-09-19 15:15:28.3109495 [I:onnxruntime:, graph.cc:4888 onnxruntime::Graph::CleanUnusedInitializersAndNodeArgs] Removing initializer 'onnx::Conv_708_zero_point'. It is no longer used by any node.
2026-09-19 15:15:28.3110495 [I:onnxruntime:, graph.cc:4888 onnxruntime::Graph::CleanUnusedInitializersAndNodeArgs] Removing initializer 'onnx::Conv_708_quantized'. It is no longer used by any node.
2026-09-19 15:15:28.3227508 [I:onnxruntime:, graph.cc:4888 onnxruntime::Graph::CleanUnusedInitializersAndNodeArgs] Removing initializer 'hr_branch.conv_hr2x.0.bias_zero_point'. It is no longer used by any node.
2026-09-19 15:15:28.3229952 [I:onnxruntime:, graph.cc:4888 onnxruntime::Graph::CleanUnusedInitializersAndNodeArgs] Removing initializer '/lr_branch/backbone/features.6/conv/conv.5/Clip_output_0_zero_point'. It is no longer used by any node.
2026-09-19 15:15:28.3232447 [I:onnxruntime:, graph.cc:4888 onnxruntime::Graph::CleanUnusedInitializersAndNodeArgs] Removing initializer 'onnx::Conv_779_quantized'. It is no longer used by any node.
2026-09-19 15:15:28.3234528 [I:onnxruntime:, graph.cc:4888 onnxruntime::Graph::CleanUnusedInitializersAndNodeArgs] Removing initializer 'onnx::Conv_788_zero_point'. It is no longer used by any node.
2026-09-19 15:15:28.3237323 [I:onnxruntime:, graph.cc:4888 onnxruntime::Graph::CleanUnusedInitializersAndNodeArgs] Removing initializer 'onnx::Conv_710_zero_point'. It is no longer used by any node.
2026-09-19 15:15:28.3238514 [I:onnxruntime:, graph.cc:4888 onnxruntime::Graph::CleanUnusedInitializersAndNodeArgs] Removing initializer 'onnx::Conv_710_quantized'. It is no longer used by any node.
2026-09-19 15:15:28.3240393 [I:onnxruntime:, graph.cc:4888 onnxruntime::Graph::CleanUnusedInitializersAndNodeArgs] Removing initializer 'onnx::Conv_711_quantized'. It is no longer used by any node.
2026-09-19 15:15:28.3242372 [I:onnxruntime:, graph.cc:4888 onnxruntime::Graph::CleanUnusedInitializersAndNodeArgs] Removing initializer '/lr_branch/backbone/features.6/Add_output_0_zero_point'. It is no longer used by any node.
2026-09-19 15:15:28.3243978 [I:onnxruntime:, graph.cc:4888 onnxruntime::Graph::CleanUnusedInitializersAndNodeArgs] Removing initializer 'onnx::Conv_713_zero_point'. It is no longer used by any node.
2026-09-19 15:15:28.3245216 [I:onnxruntime:, graph.cc:4888 onnxruntime::Graph::CleanUnusedInitializersAndNodeArgs] Removing initializer '/lr_branch/backbone/features.10/conv/conv.2/Clip_output_0_zero_point'. It is no longer used by any node.
2026-09-19 15:15:28.3246374 [I:onnxruntime:, graph.cc:4888 onnxruntime::Graph::CleanUnusedInitializersAndNodeArgs] Removing initializer 'onnx::Conv_713_quantized'. It is no longer used by any node.
2026-09-19 15:15:28.3247335 [I:onnxruntime:, graph.cc:4888 onnxruntime::Graph::CleanUnusedInitializersAndNodeArgs] Removing initializer 'lr_branch.conv_lr16x.0.bias_quantized'. It is no longer used by any node.
2026-09-19 15:15:28.3249786 [I:onnxruntime:, graph.cc:4888 onnxruntime::Graph::CleanUnusedInitializersAndNodeArgs] Removing initializer 'onnx::Conv_714_zero_point'. It is no longer used by any node.
2026-09-19 15:15:28.3251539 [I:onnxruntime:, graph.cc:4888 onnxruntime::Graph::CleanUnusedInitializersAndNodeArgs] Removing initializer '/lr_branch/backbone/features.7/conv/conv.2/Clip_output_0_zero_point'. It is no longer used by any node.
2026-09-19 15:15:28.3254561 [I:onnxruntime:, graph.cc:4888 onnxruntime::Graph::CleanUnusedInitializersAndNodeArgs] Removing initializer 'onnx::Conv_716_zero_point'. It is no longer used by any node.
2026-09-19 15:15:28.3256346 [I:onnxruntime:, graph.cc:4888 onnxruntime::Graph::CleanUnusedInitializersAndNodeArgs] Removing initializer 'onnx::Conv_716_quantized'. It is no longer used by any node.
2026-09-19 15:15:28.3259223 [I:onnxruntime:, graph.cc:4888 onnxruntime::Graph::CleanUnusedInitializersAndNodeArgs] Removing initializer '/lr_branch/backbone/features.7/conv/conv.5/Clip_output_0_zero_point'. It is no longer used by any node.
2026-09-19 15:15:28.3261288 [I:onnxruntime:, graph.cc:4888 onnxruntime::Graph::CleanUnusedInitializersAndNodeArgs] Removing initializer 'onnx::Conv_762_zero_point'. It is no longer used by any node.
2026-09-19 15:15:28.3262376 [I:onnxruntime:, graph.cc:4888 onnxruntime::Graph::CleanUnusedInitializersAndNodeArgs] Removing initializer 'onnx::Conv_786_zero_point'. It is no longer used by any node.
2026-09-19 15:15:28.3354493 [I:onnxruntime:, graph.cc:4888 onnxruntime::Graph::CleanUnusedInitializersAndNodeArgs] Removing initializer '/lr_branch/backbone/features.7/conv/conv.6/Conv_output_0_zero_point'. It is no longer used by any node.
2026-09-19 15:15:28.3356861 [I:onnxruntime:, graph.cc:4888 onnxruntime::Graph::CleanUnusedInitializersAndNodeArgs] Removing initializer 'onnx::Conv_773_quantized'. It is no longer used by any node.
2026-09-19 15:15:28.3358707 [I:onnxruntime:, graph.cc:4888 onnxruntime::Graph::CleanUnusedInitializersAndNodeArgs] Removing initializer 'onnx::Conv_719_quantized'. It is no longer used by any node.
2026-09-19 15:15:28.3360566 [I:onnxruntime:, graph.cc:4888 onnxruntime::Graph::CleanUnusedInitializersAndNodeArgs] Removing initializer 'onnx::Conv_720_zero_point'. It is no longer used by any node.
2026-09-19 15:15:28.3362308 [I:onnxruntime:, graph.cc:4888 onnxruntime::Graph::CleanUnusedInitializersAndNodeArgs] Removing initializer 'onnx::Conv_759_quantized'. It is no longer used by any node.
2026-09-19 15:15:28.3364909 [I:onnxruntime:, graph.cc:4888 onnxruntime::Graph::CleanUnusedInitializersAndNodeArgs] Removing initializer 'onnx::Conv_720_quantized'. It is no longer used by any node.
2026-09-19 15:15:28.3366657 [I:onnxruntime:, graph.cc:4888 onnxruntime::Graph::CleanUnusedInitializersAndNodeArgs] Removing initializer 'onnx::Conv_722_zero_point'. It is no longer used by any node.
2026-09-19 15:15:28.3368395 [I:onnxruntime:, graph.cc:4888 onnxruntime::Graph::CleanUnusedInitializersAndNodeArgs] Removing initializer 'onnx::Conv_722_quantized'. It is no longer used by any node.
2026-09-19 15:15:28.3369531 [I:onnxruntime:, graph.cc:4888 onnxruntime::Graph::CleanUnusedInitializersAndNodeArgs] Removing initializer 'onnx::Conv_723_quantized'. It is no longer used by any node.
2026-09-19 15:15:28.3371144 [I:onnxruntime:, graph.cc:4888 onnxruntime::Graph::CleanUnusedInitializersAndNodeArgs] Removing initializer 'hr_branch.conv_hr2x.0.weight_quantized'. It is no longer used by any node.
2026-09-19 15:15:28.3373505 [I:onnxruntime:, graph.cc:4888 onnxruntime::Graph::CleanUnusedInitializersAndNodeArgs] Removing initializer '/lr_branch/backbone/features.8/conv/conv.2/Clip_output_0_zero_point'. It is no longer used by any node.
2026-09-19 15:15:28.3374848 [I:onnxruntime:, graph.cc:4888 onnxruntime::Graph::CleanUnusedInitializersAndNodeArgs] Removing initializer 'onnx::Conv_725_zero_point'. It is no longer used by any node.
2026-09-19 15:15:28.3375896 [I:onnxruntime:, graph.cc:4888 onnxruntime::Graph::CleanUnusedInitializersAndNodeArgs] Removing initializer 'onnx::Conv_806_quantized'. It is no longer used by any node.
2026-09-19 15:15:28.3377036 [I:onnxruntime:, graph.cc:4888 onnxruntime::Graph::CleanUnusedInitializersAndNodeArgs] Removing initializer 'onnx::Conv_725_quantized'. It is no longer used by any node.
2026-09-19 15:15:28.3378027 [I:onnxruntime:, graph.cc:4888 onnxruntime::Graph::CleanUnusedInitializersAndNodeArgs] Removing initializer '/lr_branch/backbone/features.8/conv/conv.5/Clip_output_0_zero_point'. It is no longer used by any node.
2026-09-19 15:15:28.3379530 [I:onnxruntime:, graph.cc:4888 onnxruntime::Graph::CleanUnusedInitializersAndNodeArgs] Removing initializer '/lr_branch/backbone/features.8/conv/conv.6/Conv_output_0_zero_point'. It is no longer used by any node.
2026-09-19 15:15:28.3381070 [I:onnxruntime:, graph.cc:4888 onnxruntime::Graph::CleanUnusedInitializersAndNodeArgs] Removing initializer 'onnx::Conv_732_quantized'. It is no longer used by any node.
2026-09-19 15:15:28.3382083 [I:onnxruntime:, graph.cc:4888 onnxruntime::Graph::CleanUnusedInitializersAndNodeArgs] Removing initializer 'f_branch.conv_f.2.weight_quantized'. It is no longer used by any node.
2026-09-19 15:15:28.3383143 [I:onnxruntime:, graph.cc:4888 onnxruntime::Graph::CleanUnusedInitializersAndNodeArgs] Removing initializer '/lr_branch/backbone/features.11/conv/conv.5/Clip_output_0_zero_point'. It is no longer used by any node.
2026-09-19 15:15:28.3384327 [I:onnxruntime:, graph.cc:4888 onnxruntime::Graph::CleanUnusedInitializersAndNodeArgs] Removing initializer 'onnx::Conv_728_zero_point'. It is no longer used by any node.
2026-09-19 15:15:28.3526959 [I:onnxruntime:, graph.cc:4888 onnxruntime::Graph::CleanUnusedInitializersAndNodeArgs] Removing initializer 'onnx::Conv_728_quantized'. It is no longer used by any node.
2026-09-19 15:15:28.3528933 [I:onnxruntime:, graph.cc:4888 onnxruntime::Graph::CleanUnusedInitializersAndNodeArgs] Removing initializer '/lr_branch/backbone/features.8/Add_output_0_zero_point'. It is no longer used by any node.
2026-09-19 15:15:28.3535918 [I:onnxruntime:, graph.cc:4888 onnxruntime::Graph::CleanUnusedInitializersAndNodeArgs] Removing initializer 'onnx::Conv_731_zero_point'. It is no longer used by any node.
2026-09-19 15:15:28.3537173 [I:onnxruntime:, graph.cc:4888 onnxruntime::Graph::CleanUnusedInitializersAndNodeArgs] Removing initializer 'onnx::Conv_731_quantized'. It is no longer used by any node.
2026-09-19 15:15:28.3538248 [I:onnxruntime:, graph.cc:4888 onnxruntime::Graph::CleanUnusedInitializersAndNodeArgs] Removing initializer 'onnx::Conv_809_quantized'. It is no longer used by any node.
2026-09-19 15:15:28.3539320 [I:onnxruntime:, graph.cc:4888 onnxruntime::Graph::CleanUnusedInitializersAndNodeArgs] Removing initializer 'onnx::Conv_732_zero_point'. It is no longer used by any node.
2026-09-19 15:15:28.3540456 [I:onnxruntime:, graph.cc:4888 onnxruntime::Graph::CleanUnusedInitializersAndNodeArgs] Removing initializer '/lr_branch/backbone/features.9/conv/conv.2/Clip_output_0_zero_point'. It is no longer used by any node.
2026-09-19 15:15:28.3541735 [I:onnxruntime:, graph.cc:4888 onnxruntime::Graph::CleanUnusedInitializersAndNodeArgs] Removing initializer 'hr_branch.conv_hr4x.4.weight_zero_point'. It is no longer used by any node.
2026-09-19 15:15:28.3543125 [I:onnxruntime:, graph.cc:4888 onnxruntime::Graph::CleanUnusedInitializersAndNodeArgs] Removing initializer 'onnx::Conv_734_zero_point'. It is no longer used by any node.
2026-09-19 15:15:28.3544327 [I:onnxruntime:, graph.cc:4888 onnxruntime::Graph::CleanUnusedInitializersAndNodeArgs] Removing initializer 'onnx::Conv_735_zero_point'. It is no longer used by any node.
2026-09-19 15:15:28.3545529 [I:onnxruntime:, graph.cc:4888 onnxruntime::Graph::CleanUnusedInitializersAndNodeArgs] Removing initializer 'onnx::Conv_735_quantized'. It is no longer used by any node.
2026-09-19 15:15:28.3546550 [I:onnxruntime:, graph.cc:4888 onnxruntime::Graph::CleanUnusedInitializersAndNodeArgs] Removing initializer '/lr_branch/backbone/features.13/conv/conv.5/Clip_output_0_zero_point'. It is no longer used by any node.
2026-09-19 15:15:28.3548378 [I:onnxruntime:, graph.cc:4888 onnxruntime::Graph::CleanUnusedInitializersAndNodeArgs] Removing initializer '/lr_branch/backbone/features.9/conv/conv.5/Clip_output_0_zero_point'. It is no longer used by any node.
2026-09-19 15:15:28.3549629 [I:onnxruntime:, graph.cc:4888 onnxruntime::Graph::CleanUnusedInitializersAndNodeArgs] Removing initializer 'onnx::Conv_737_quantized'. It is no longer used by any node.
2026-09-19 15:15:28.3550987 [I:onnxruntime:, graph.cc:4888 onnxruntime::Graph::CleanUnusedInitializersAndNodeArgs] Removing initializer 'onnx::Conv_738_zero_point'. It is no longer used by any node.
2026-09-19 15:15:28.3552041 [I:onnxruntime:, graph.cc:4888 onnxruntime::Graph::CleanUnusedInitializersAndNodeArgs] Removing initializer 'onnx::Conv_738_quantized'. It is no longer used by any node.
2026-09-19 15:15:28.3553896 [I:onnxruntime:, graph.cc:4888 onnxruntime::Graph::CleanUnusedInitializersAndNodeArgs] Removing initializer '/lr_branch/backbone/features.9/Add_output_0_zero_point'. It is no longer used by any node.
2026-09-19 15:15:28.3555042 [I:onnxruntime:, graph.cc:4888 onnxruntime::Graph::CleanUnusedInitializersAndNodeArgs] Removing initializer 'onnx::Conv_740_zero_point'. It is no longer used by any node.
2026-09-19 15:15:28.3556043 [I:onnxruntime:, graph.cc:4888 onnxruntime::Graph::CleanUnusedInitializersAndNodeArgs] Removing initializer 'onnx::Conv_740_quantized'. It is no longer used by any node.
2026-09-19 15:15:28.3657051 [I:onnxruntime:, graph.cc:4888 onnxruntime::Graph::CleanUnusedInitializersAndNodeArgs] Removing initializer 'onnx::Conv_743_zero_point'. It is no longer used by any node.
2026-09-19 15:15:28.3658443 [I:onnxruntime:, graph.cc:4888 onnxruntime::Graph::CleanUnusedInitializersAndNodeArgs] Removing initializer 'onnx::Conv_743_quantized'. It is no longer used by any node.
2026-09-19 15:15:28.3659565 [I:onnxruntime:, graph.cc:4888 onnxruntime::Graph::CleanUnusedInitializersAndNodeArgs] Removing initializer 'onnx::Conv_744_zero_point'. It is no longer used by any node.
2026-09-19 15:15:28.3660715 [I:onnxruntime:, graph.cc:4888 onnxruntime::Graph::CleanUnusedInitializersAndNodeArgs] Removing initializer 'onnx::Conv_744_quantized'. It is no longer used by any node.
2026-09-19 15:15:28.3662162 [I:onnxruntime:, graph.cc:4888 onnxruntime::Graph::CleanUnusedInitializersAndNodeArgs] Removing initializer '/lr_branch/backbone/features.10/conv/conv.6/Conv_output_0_zero_point'. It is no longer used by any node.
2026-09-19 15:15:28.3663765 [I:onnxruntime:, graph.cc:4888 onnxruntime::Graph::CleanUnusedInitializersAndNodeArgs] Removing initializer 'onnx::Conv_746_zero_point'. It is no longer used by any node.
2026-09-19 15:15:28.3664860 [I:onnxruntime:, graph.cc:4888 onnxruntime::Graph::CleanUnusedInitializersAndNodeArgs] Removing initializer 'onnx::Conv_746_quantized'. It is no longer used by any node.
2026-09-19 15:15:28.3665951 [I:onnxruntime:, graph.cc:4888 onnxruntime::Graph::CleanUnusedInitializersAndNodeArgs] Removing initializer 'hr_branch.conv_hr4x.0.bias_quantized'. It is no longer used by any node.
2026-09-19 15:15:28.3667100 [I:onnxruntime:, graph.cc:4888 onnxruntime::Graph::CleanUnusedInitializersAndNodeArgs] Removing initializer 'onnx::Conv_747_zero_point'. It is no longer used by any node.
2026-09-19 15:15:28.3668180 [I:onnxruntime:, graph.cc:4888 onnxruntime::Graph::CleanUnusedInitializersAndNodeArgs] Removing initializer 'onnx::Conv_747_quantized'. It is no longer used by any node.
2026-09-19 15:15:28.3669654 [I:onnxruntime:, graph.cc:4888 onnxruntime::Graph::CleanUnusedInitializersAndNodeArgs] Removing initializer 'onnx::Conv_749_zero_point'. It is no longer used by any node.
2026-09-19 15:15:28.3671116 [I:onnxruntime:, graph.cc:4888 onnxruntime::Graph::CleanUnusedInitializersAndNodeArgs] Removing initializer 'onnx::Conv_749_quantized'. It is no longer used by any node.
2026-09-19 15:15:28.3672250 [I:onnxruntime:, graph.cc:4888 onnxruntime::Graph::CleanUnusedInitializersAndNodeArgs] Removing initializer 'onnx::Conv_752_zero_point'. It is no longer used by any node.
2026-09-19 15:15:28.3673357 [I:onnxruntime:, graph.cc:4888 onnxruntime::Graph::CleanUnusedInitializersAndNodeArgs] Removing initializer 'onnx::Conv_752_quantized'. It is no longer used by any node.
2026-09-19 15:15:28.3674714 [I:onnxruntime:, graph.cc:4888 onnxruntime::Graph::CleanUnusedInitializersAndNodeArgs] Removing initializer 'onnx::Conv_753_zero_point'. It is no longer used by any node.
2026-09-19 15:15:28.3675802 [I:onnxruntime:, graph.cc:4888 onnxruntime::Graph::CleanUnusedInitializersAndNodeArgs] Removing initializer '/f_branch/conv_f/conv_f.1/Relu_output_0_zero_point'. It is no longer used by any node.
2026-09-19 15:15:28.3677028 [I:onnxruntime:, graph.cc:4888 onnxruntime::Graph::CleanUnusedInitializersAndNodeArgs] Removing initializer 'onnx::Conv_753_quantized'. It is no longer used by any node.
2026-09-19 15:15:28.3678298 [I:onnxruntime:, graph.cc:4888 onnxruntime::Graph::CleanUnusedInitializersAndNodeArgs] Removing initializer '/lr_branch/backbone/features.11/conv/conv.6/Conv_output_0_zero_point'. It is no longer used by any node.
2026-09-19 15:15:28.3679548 [I:onnxruntime:, graph.cc:4888 onnxruntime::Graph::CleanUnusedInitializersAndNodeArgs] Removing initializer '/lr_branch/backbone/features.12/conv/conv.5/Clip_output_0_zero_point'. It is no longer used by any node.
2026-09-19 15:15:28.3681503 [I:onnxruntime:, graph.cc:4888 onnxruntime::Graph::CleanUnusedInitializersAndNodeArgs] Removing initializer 'onnx::Conv_755_zero_point'. It is no longer used by any node.
2026-09-19 15:15:28.3869426 [I:onnxruntime:, graph.cc:4888 onnxruntime::Graph::CleanUnusedInitializersAndNodeArgs] Removing initializer 'onnx::Conv_756_zero_point'. It is no longer used by any node.
2026-09-19 15:15:28.3871720 [I:onnxruntime:, graph.cc:4888 onnxruntime::Graph::CleanUnusedInitializersAndNodeArgs] Removing initializer '/hr_branch/Concat_3_output_0_zero_point'. It is no longer used by any node.
2026-09-19 15:15:28.3873704 [I:onnxruntime:, graph.cc:4888 onnxruntime::Graph::CleanUnusedInitializersAndNodeArgs] Removing initializer '/lr_branch/backbone/features.13/conv/conv.2/Clip_output_0_zero_point'. It is no longer used by any node.
2026-09-19 15:15:28.3876642 [I:onnxruntime:, graph.cc:4888 onnxruntime::Graph::CleanUnusedInitializersAndNodeArgs] Removing initializer 'onnx::Conv_758_zero_point'. It is no longer used by any node.
2026-09-19 15:15:28.3879467 [I:onnxruntime:, graph.cc:4888 onnxruntime::Graph::CleanUnusedInitializersAndNodeArgs] Removing initializer 'onnx::Conv_758_quantized'. It is no longer used by any node.
2026-09-19 15:15:28.3881271 [I:onnxruntime:, graph.cc:4888 onnxruntime::Graph::CleanUnusedInitializersAndNodeArgs] Removing initializer 'onnx::Conv_759_zero_point'. It is no longer used by any node.
2026-09-19 15:15:28.3883046 [I:onnxruntime:, graph.cc:4888 onnxruntime::Graph::CleanUnusedInitializersAndNodeArgs] Removing initializer 'onnx::Conv_761_zero_point'. It is no longer used by any node.
2026-09-19 15:15:28.3884855 [I:onnxruntime:, graph.cc:4888 onnxruntime::Graph::CleanUnusedInitializersAndNodeArgs] Removing initializer '/lr_branch/backbone/features.13/conv/conv.6/Conv_output_0_zero_point'. It is no longer used by any node.
2026-09-19 15:15:28.3888012 [I:onnxruntime:, graph.cc:4888 onnxruntime::Graph::CleanUnusedInitializersAndNodeArgs] Removing initializer 'onnx::Conv_761_quantized'. It is no longer used by any node.
2026-09-19 15:15:28.3890298 [I:onnxruntime:, graph.cc:4888 onnxruntime::Graph::CleanUnusedInitializersAndNodeArgs] Removing initializer 'onnx::Conv_762_quantized'. It is no longer used by any node.
2026-09-19 15:15:28.3893658 [I:onnxruntime:, graph.cc:4888 onnxruntime::Graph::CleanUnusedInitializersAndNodeArgs] Removing initializer '/lr_branch/backbone/features.12/conv/conv.6/Conv_output_0_zero_point'. It is no longer used by any node.
2026-09-19 15:15:28.3895966 [I:onnxruntime:, graph.cc:4888 onnxruntime::Graph::CleanUnusedInitializersAndNodeArgs] Removing initializer 'onnx::Conv_792_zero_point'. It is no longer used by any node.
2026-09-19 15:15:28.3899105 [I:onnxruntime:, graph.cc:4888 onnxruntime::Graph::CleanUnusedInitializersAndNodeArgs] Removing initializer 'onnx::Conv_764_zero_point'. It is no longer used by any node.
2026-09-19 15:15:28.3900227 [I:onnxruntime:, graph.cc:4888 onnxruntime::Graph::CleanUnusedInitializersAndNodeArgs] Removing initializer 'onnx::Conv_782_quantized'. It is no longer used by any node.
2026-09-19 15:15:28.3901356 [I:onnxruntime:, graph.cc:4888 onnxruntime::Graph::CleanUnusedInitializersAndNodeArgs] Removing initializer 'onnx::Conv_764_quantized'. It is no longer used by any node.
2026-09-19 15:15:28.3902463 [I:onnxruntime:, graph.cc:4888 onnxruntime::Graph::CleanUnusedInitializersAndNodeArgs] Removing initializer 'onnx::Conv_812_zero_point'. It is no longer used by any node.
2026-09-19 15:15:28.3903658 [I:onnxruntime:, graph.cc:4888 onnxruntime::Graph::CleanUnusedInitializersAndNodeArgs] Removing initializer '/lr_branch/backbone/features.15/conv/conv.5/Clip_output_0_zero_point'. It is no longer used by any node.
2026-09-19 15:15:28.3905559 [I:onnxruntime:, graph.cc:4888 onnxruntime::Graph::CleanUnusedInitializersAndNodeArgs] Removing initializer 'f_branch.conv_f.0.bias_zero_point'. It is no longer used by any node.
2026-09-19 15:15:28.3908106 [I:onnxruntime:, graph.cc:4888 onnxruntime::Graph::CleanUnusedInitializersAndNodeArgs] Removing initializer 'onnx::Conv_801_quantized'. It is no longer used by any node.
2026-09-19 15:15:28.4021926 [I:onnxruntime:, graph.cc:4888 onnxruntime::Graph::CleanUnusedInitializersAndNodeArgs] Removing initializer 'onnx::Conv_785_zero_point'. It is no longer used by any node.
2026-09-19 15:15:28.4023905 [I:onnxruntime:, graph.cc:4888 onnxruntime::Graph::CleanUnusedInitializersAndNodeArgs] Removing initializer 'onnx::Conv_765_quantized'. It is no longer used by any node.
2026-09-19 15:15:28.4025873 [I:onnxruntime:, graph.cc:4888 onnxruntime::Graph::CleanUnusedInitializersAndNodeArgs] Removing initializer 'onnx::Conv_767_quantized'. It is no longer used by any node.
2026-09-19 15:15:28.4027552 [I:onnxruntime:, graph.cc:4888 onnxruntime::Graph::CleanUnusedInitializersAndNodeArgs] Removing initializer 'onnx::Conv_768_zero_point'. It is no longer used by any node.
2026-09-19 15:15:28.4029148 [I:onnxruntime:, graph.cc:4888 onnxruntime::Graph::CleanUnusedInitializersAndNodeArgs] Removing initializer 'onnx::Conv_768_quantized'. It is no longer used by any node.
2026-09-19 15:15:28.4030559 [I:onnxruntime:, graph.cc:4888 onnxruntime::Graph::CleanUnusedInitializersAndNodeArgs] Removing initializer 'onnx::Conv_770_zero_point'. It is no longer used by any node.
2026-09-19 15:15:28.4031635 [I:onnxruntime:, graph.cc:4888 onnxruntime::Graph::CleanUnusedInitializersAndNodeArgs] Removing initializer 'onnx::Conv_771_quantized'. It is no longer used by any node.
2026-09-19 15:15:28.4033051 [I:onnxruntime:, graph.cc:4888 onnxruntime::Graph::CleanUnusedInitializersAndNodeArgs] Removing initializer 'onnx::Conv_773_zero_point'. It is no longer used by any node.
2026-09-19 15:15:28.4034074 [I:onnxruntime:, graph.cc:4888 onnxruntime::Graph::CleanUnusedInitializersAndNodeArgs] Removing initializer 'onnx::Conv_774_quantized'. It is no longer used by any node.
2026-09-19 15:15:28.4035495 [I:onnxruntime:, graph.cc:4888 onnxruntime::Graph::CleanUnusedInitializersAndNodeArgs] Removing initializer '/lr_branch/backbone/features.13/Add_output_0_zero_point'. It is no longer used by any node.
2026-09-19 15:15:28.4036693 [I:onnxruntime:, graph.cc:4888 onnxruntime::Graph::CleanUnusedInitializersAndNodeArgs] Removing initializer 'onnx::Conv_777_zero_point'. It is no longer used by any node.
2026-09-19 15:15:28.4038046 [I:onnxruntime:, graph.cc:4888 onnxruntime::Graph::CleanUnusedInitializersAndNodeArgs] Removing initializer '/hr_branch/Concat_2_output_0_zero_point'. It is no longer used by any node.
2026-09-19 15:15:28.4039603 [I:onnxruntime:, graph.cc:4888 onnxruntime::Graph::CleanUnusedInitializersAndNodeArgs] Removing initializer 'onnx::Conv_779_zero_point'. It is no longer used by any node.
2026-09-19 15:15:28.4041514 [I:onnxruntime:, graph.cc:4888 onnxruntime::Graph::CleanUnusedInitializersAndNodeArgs] Removing initializer 'onnx::Conv_813_quantized'. It is no longer used by any node.
2026-09-19 15:15:28.4043308 [I:onnxruntime:, graph.cc:4888 onnxruntime::Graph::CleanUnusedInitializersAndNodeArgs] Removing initializer 'onnx::Conv_782_zero_point'. It is no longer used by any node.
2026-09-19 15:15:28.4045112 [I:onnxruntime:, graph.cc:4888 onnxruntime::Graph::CleanUnusedInitializersAndNodeArgs] Removing initializer 'onnx::Conv_783_quantized'. It is no longer used by any node.
2026-09-19 15:15:28.4046857 [I:onnxruntime:, graph.cc:4888 onnxruntime::Graph::CleanUnusedInitializersAndNodeArgs] Removing initializer 'onnx::Conv_785_quantized'. It is no longer used by any node.
2026-09-19 15:15:28.4048986 [I:onnxruntime:, graph.cc:4888 onnxruntime::Graph::CleanUnusedInitializersAndNodeArgs] Removing initializer 'onnx::Conv_786_quantized'. It is no longer used by any node.
2026-09-19 15:15:28.4051423 [I:onnxruntime:, graph.cc:4888 onnxruntime::Graph::CleanUnusedInitializersAndNodeArgs] Removing initializer '/f_branch/Concat_1_output_0_zero_point'. It is no longer used by any node.
2026-09-19 15:15:28.4053176 [I:onnxruntime:, graph.cc:4888 onnxruntime::Graph::CleanUnusedInitializersAndNodeArgs] Removing initializer '/lr_branch/backbone/features.15/conv/conv.2/Clip_output_0_zero_point'. It is no longer used by any node.
2026-09-19 15:15:28.4224496 [I:onnxruntime:, graph.cc:4888 onnxruntime::Graph::CleanUnusedInitializersAndNodeArgs] Removing initializer 'hr_branch.conv_hr2x.0.bias_quantized'. It is no longer used by any node.
2026-09-19 15:15:28.4226697 [I:onnxruntime:, graph.cc:4888 onnxruntime::Graph::CleanUnusedInitializersAndNodeArgs] Removing initializer 'onnx::Conv_788_quantized'. It is no longer used by any node.
2026-09-19 15:15:28.4228480 [I:onnxruntime:, graph.cc:4888 onnxruntime::Graph::CleanUnusedInitializersAndNodeArgs] Removing initializer 'onnx::Conv_807_zero_point'. It is no longer used by any node.
2026-09-19 15:15:28.4230232 [I:onnxruntime:, graph.cc:4888 onnxruntime::Graph::CleanUnusedInitializersAndNodeArgs] Removing initializer 'onnx::Conv_789_quantized'. It is no longer used by any node.
2026-09-19 15:15:28.4232472 [I:onnxruntime:, graph.cc:4888 onnxruntime::Graph::CleanUnusedInitializersAndNodeArgs] Removing initializer '/lr_branch/backbone/features.15/conv/conv.6/Conv_output_0_zero_point'. It is no longer used by any node.
2026-09-19 15:15:28.4234225 [I:onnxruntime:, graph.cc:4888 onnxruntime::Graph::CleanUnusedInitializersAndNodeArgs] Removing initializer 'onnx::Conv_791_zero_point'. It is no longer used by any node.
2026-09-19 15:15:28.4235223 [I:onnxruntime:, graph.cc:4888 onnxruntime::Graph::CleanUnusedInitializersAndNodeArgs] Removing initializer 'onnx::Conv_791_quantized'. It is no longer used by any node.
2026-09-19 15:15:28.4236231 [I:onnxruntime:, graph.cc:4888 onnxruntime::Graph::CleanUnusedInitializersAndNodeArgs] Removing initializer '/lr_branch/backbone/features.15/Add_output_0_zero_point'. It is no longer used by any node.
2026-09-19 15:15:28.4237803 [I:onnxruntime:, graph.cc:4888 onnxruntime::Graph::CleanUnusedInitializersAndNodeArgs] Removing initializer 'onnx::Conv_794_zero_point'. It is no longer used by any node.
2026-09-19 15:15:28.4238799 [I:onnxruntime:, graph.cc:4888 onnxruntime::Graph::CleanUnusedInitializersAndNodeArgs] Removing initializer 'onnx::Conv_794_quantized'. It is no longer used by any node.
2026-09-19 15:15:28.4239795 [I:onnxruntime:, graph.cc:4888 onnxruntime::Graph::CleanUnusedInitializersAndNodeArgs] Removing initializer 'onnx::Conv_795_zero_point'. It is no longer used by any node.
2026-09-19 15:15:28.4241117 [I:onnxruntime:, graph.cc:4888 onnxruntime::Graph::CleanUnusedInitializersAndNodeArgs] Removing initializer 'onnx::Conv_795_quantized'. It is no longer used by any node.
2026-09-19 15:15:28.4242781 [I:onnxruntime:, graph.cc:4888 onnxruntime::Graph::CleanUnusedInitializersAndNodeArgs] Removing initializer '/lr_branch/backbone/features.16/conv/conv.2/Clip_output_0_zero_point'. It is no longer used by any node.
2026-09-19 15:15:28.4244375 [I:onnxruntime:, graph.cc:4888 onnxruntime::Graph::CleanUnusedInitializersAndNodeArgs] Removing initializer 'onnx::Conv_797_zero_point'. It is no longer used by any node.
2026-09-19 15:15:28.4245813 [I:onnxruntime:, graph.cc:4888 onnxruntime::Graph::CleanUnusedInitializersAndNodeArgs] Removing initializer '/hr_branch/conv_hr4x/conv_hr4x.1/Relu_output_0_zero_point'. It is no longer used by any node.
2026-09-19 15:15:28.4247781 [I:onnxruntime:, graph.cc:4888 onnxruntime::Graph::CleanUnusedInitializersAndNodeArgs] Removing initializer 'onnx::Conv_797_quantized'. It is no longer used by any node.
2026-09-19 15:15:28.4249462 [I:onnxruntime:, graph.cc:4888 onnxruntime::Graph::CleanUnusedInitializersAndNodeArgs] Removing initializer '/hr_branch/conv_hr4x/conv_hr4x.3/Relu_output_0_zero_point'. It is no longer used by any node.
2026-09-19 15:15:28.4252177 [I:onnxruntime:, graph.cc:4888 onnxruntime::Graph::CleanUnusedInitializersAndNodeArgs] Removing initializer '/lr_branch/backbone/features.17/conv/conv.2/Clip_output_0_zero_point'. It is no longer used by any node.
2026-09-19 15:15:28.4254213 [I:onnxruntime:, graph.cc:4888 onnxruntime::Graph::CleanUnusedInitializersAndNodeArgs] Removing initializer 'onnx::Conv_798_zero_point'. It is no longer used by any node.
2026-09-19 15:15:28.4255884 [I:onnxruntime:, graph.cc:4888 onnxruntime::Graph::CleanUnusedInitializersAndNodeArgs] Removing initializer 'onnx::Conv_798_quantized'. It is no longer used by any node.
2026-09-19 15:15:28.4335337 [I:onnxruntime:, graph.cc:4888 onnxruntime::Graph::CleanUnusedInitializersAndNodeArgs] Removing initializer '/hr_branch/conv_hr2x/conv_hr2x.5/Relu_output_0_zero_point'. It is no longer used by any node.
2026-09-19 15:15:28.4337586 [I:onnxruntime:, graph.cc:4888 onnxruntime::Graph::CleanUnusedInitializersAndNodeArgs] Removing initializer '/lr_branch/backbone/features.16/Add_output_0_zero_point'. It is no longer used by any node.
2026-09-19 15:15:28.4339648 [I:onnxruntime:, graph.cc:4888 onnxruntime::Graph::CleanUnusedInitializersAndNodeArgs] Removing initializer '/lr_branch/se_block/fc/fc.3/Sigmoid_output_0_zero_point'. It is no longer used by any node.
2026-09-19 15:15:28.4341332 [I:onnxruntime:, graph.cc:4888 onnxruntime::Graph::CleanUnusedInitializersAndNodeArgs] Removing initializer 'onnx::Conv_804_zero_point'. It is no longer used by any node.
2026-09-19 15:15:28.4342719 [I:onnxruntime:, graph.cc:4888 onnxruntime::Graph::CleanUnusedInitializersAndNodeArgs] Removing initializer 'onnx::Conv_804_quantized'. It is no longer used by any node.
2026-09-19 15:15:28.4343729 [I:onnxruntime:, graph.cc:4888 onnxruntime::Graph::CleanUnusedInitializersAndNodeArgs] Removing initializer 'onnx::Conv_806_zero_point'. It is no longer used by any node.
2026-09-19 15:15:28.4344730 [I:onnxruntime:, graph.cc:4888 onnxruntime::Graph::CleanUnusedInitializersAndNodeArgs] Removing initializer '/lr_branch/se_block/fc/fc.2/Conv_output_0_zero_point'. It is no longer used by any node.
2026-09-19 15:15:28.4346247 [I:onnxruntime:, graph.cc:4888 onnxruntime::Graph::CleanUnusedInitializersAndNodeArgs] Removing initializer 'onnx::Conv_807_quantized'. It is no longer used by any node.
2026-09-19 15:15:28.4347230 [I:onnxruntime:, graph.cc:4888 onnxruntime::Graph::CleanUnusedInitializersAndNodeArgs] Removing initializer '/lr_branch/backbone/features.17/conv/conv.5/Clip_output_0_zero_point'. It is no longer used by any node.
2026-09-19 15:15:28.4348731 [I:onnxruntime:, graph.cc:4888 onnxruntime::Graph::CleanUnusedInitializersAndNodeArgs] Removing initializer 'onnx::Conv_809_zero_point'. It is no longer used by any node.
2026-09-19 15:15:28.4349726 [I:onnxruntime:, graph.cc:4888 onnxruntime::Graph::CleanUnusedInitializersAndNodeArgs] Removing initializer 'onnx::Conv_810_zero_point'. It is no longer used by any node.
2026-09-19 15:15:28.4350716 [I:onnxruntime:, graph.cc:4888 onnxruntime::Graph::CleanUnusedInitializersAndNodeArgs] Removing initializer 'onnx::Conv_810_quantized'. It is no longer used by any node.
2026-09-19 15:15:28.4352092 [I:onnxruntime:, graph.cc:4888 onnxruntime::Graph::CleanUnusedInitializersAndNodeArgs] Removing initializer 'onnx::Conv_813_zero_point'. It is no longer used by any node.
2026-09-19 15:15:28.4353834 [I:onnxruntime:, graph.cc:4888 onnxruntime::Graph::CleanUnusedInitializersAndNodeArgs] Removing initializer 'hr_branch.conv_hr2x.4.weight_quantized'. It is no longer used by any node.
2026-09-19 15:15:28.4355850 [I:onnxruntime:, graph.cc:4888 onnxruntime::Graph::CleanUnusedInitializersAndNodeArgs] Removing initializer '/lr_branch/backbone/features.18/features.18.2/Clip_output_0_zero_point'. It is no longer used by any node.
2026-09-19 15:15:28.4357957 [I:onnxruntime:, graph.cc:4888 onnxruntime::Graph::CleanUnusedInitializersAndNodeArgs] Removing initializer '/lr_branch/se_block/fc/fc.1/Relu_output_0_zero_point'. It is no longer used by any node.
2026-09-19 15:15:28.4359835 [I:onnxruntime:, graph.cc:4888 onnxruntime::Graph::CleanUnusedInitializersAndNodeArgs] Removing initializer 'lr_branch.se_block.fc.2.weight_zero_point'. It is no longer used by any node.
2026-09-19 15:15:28.4362385 [I:onnxruntime:, graph.cc:4888 onnxruntime::Graph::CleanUnusedInitializersAndNodeArgs] Removing initializer 'lr_branch.conv_lr16x.0.weight_zero_point'. It is no longer used by any node.
2026-09-19 15:15:28.4364155 [I:onnxruntime:, graph.cc:4888 onnxruntime::Graph::CleanUnusedInitializersAndNodeArgs] Removing initializer 'lr_branch.conv_lr16x.0.bias_zero_point'. It is no longer used by any node.
2026-09-19 15:15:28.4447901 [I:onnxruntime:, graph.cc:4888 onnxruntime::Graph::CleanUnusedInitializersAndNodeArgs] Removing initializer 'lr_branch.conv_lr8x.0.weight_quantized'. It is no longer used by any node.
2026-09-19 15:15:28.4450135 [I:onnxruntime:, graph.cc:4888 onnxruntime::Graph::CleanUnusedInitializersAndNodeArgs] Removing initializer '/lr_branch/conv_lr8x/conv_lr8x.1/Relu_output_0_zero_point'. It is no longer used by any node.
2026-09-19 15:15:28.4452384 [I:onnxruntime:, graph.cc:4888 onnxruntime::Graph::CleanUnusedInitializersAndNodeArgs] Removing initializer 'f_branch.conv_lr4x.0.weight_zero_point'. It is no longer used by any node.
2026-09-19 15:15:28.4454222 [I:onnxruntime:, graph.cc:4888 onnxruntime::Graph::CleanUnusedInitializersAndNodeArgs] Removing initializer 'f_branch.conv_lr4x.0.weight_quantized'. It is no longer used by any node.
2026-09-19 15:15:28.4456714 [I:onnxruntime:, graph.cc:4888 onnxruntime::Graph::CleanUnusedInitializersAndNodeArgs] Removing initializer 'f_branch.conv_lr4x.0.bias_zero_point'. It is no longer used by any node.
2026-09-19 15:15:28.4459516 [I:onnxruntime:, graph.cc:4888 onnxruntime::Graph::CleanUnusedInitializersAndNodeArgs] Removing initializer 'f_branch.conv_lr4x.0.bias_quantized'. It is no longer used by any node.
2026-09-19 15:15:28.4461317 [I:onnxruntime:, graph.cc:4888 onnxruntime::Graph::CleanUnusedInitializersAndNodeArgs] Removing initializer 'hr_branch.conv_hr4x.0.weight_zero_point'. It is no longer used by any node.
2026-09-19 15:15:28.4462465 [I:onnxruntime:, graph.cc:4888 onnxruntime::Graph::CleanUnusedInitializersAndNodeArgs] Removing initializer 'hr_branch.conv_hr4x.0.weight_quantized'. It is no longer used by any node.
2026-09-19 15:15:28.4463650 [I:onnxruntime:, graph.cc:4888 onnxruntime::Graph::CleanUnusedInitializersAndNodeArgs] Removing initializer 'hr_branch.conv_hr4x.0.bias_zero_point'. It is no longer used by any node.
2026-09-19 15:15:28.4467040 [I:onnxruntime:, graph.cc:4888 onnxruntime::Graph::CleanUnusedInitializersAndNodeArgs] Removing initializer '/f_branch/conv_lr4x/conv_lr4x.1/Relu_output_0_zero_point'. It is no longer used by any node.
2026-09-19 15:15:28.4469362 [I:onnxruntime:, graph.cc:4888 onnxruntime::Graph::CleanUnusedInitializersAndNodeArgs] Removing initializer 'hr_branch.conv_hr4x.2.weight_zero_point'. It is no longer used by any node.
2026-09-19 15:15:28.4471386 [I:onnxruntime:, graph.cc:4888 onnxruntime::Graph::CleanUnusedInitializersAndNodeArgs] Removing initializer 'hr_branch.conv_hr4x.2.weight_quantized'. It is no longer used by any node.
2026-09-19 15:15:28.4474053 [I:onnxruntime:, graph.cc:4888 onnxruntime::Graph::CleanUnusedInitializersAndNodeArgs] Removing initializer 'hr_branch.conv_hr4x.2.bias_zero_point'. It is no longer used by any node.
2026-09-19 15:15:28.4475311 [I:onnxruntime:, graph.cc:4888 onnxruntime::Graph::CleanUnusedInitializersAndNodeArgs] Removing initializer 'hr_branch.conv_hr4x.2.bias_quantized'. It is no longer used by any node.
2026-09-19 15:15:28.4477131 [I:onnxruntime:, graph.cc:4888 onnxruntime::Graph::CleanUnusedInitializersAndNodeArgs] Removing initializer 'hr_branch.conv_hr4x.4.bias_zero_point'. It is no longer used by any node.
2026-09-19 15:15:28.4479230 [I:onnxruntime:, graph.cc:4888 onnxruntime::Graph::CleanUnusedInitializersAndNodeArgs] Removing initializer 'hr_branch.conv_hr2x.0.weight_zero_point'. It is no longer used by any node.
2026-09-19 15:15:28.4480534 [I:onnxruntime:, graph.cc:4888 onnxruntime::Graph::CleanUnusedInitializersAndNodeArgs] Removing initializer 'hr_branch.conv_hr2x.2.weight_zero_point'. It is no longer used by any node.
2026-09-19 15:15:28.4483650 [I:onnxruntime:, graph.cc:4888 onnxruntime::Graph::CleanUnusedInitializersAndNodeArgs] Removing initializer 'hr_branch.conv_hr2x.2.weight_quantized'. It is no longer used by any node.
2026-09-19 15:15:28.4484783 [I:onnxruntime:, graph.cc:4888 onnxruntime::Graph::CleanUnusedInitializersAndNodeArgs] Removing initializer 'hr_branch.conv_hr2x.2.bias_zero_point'. It is no longer used by any node.
2026-09-19 15:15:28.4760874 [I:onnxruntime:, graph.cc:4888 onnxruntime::Graph::CleanUnusedInitializersAndNodeArgs] Removing initializer '/hr_branch/conv_hr2x/conv_hr2x.3/Relu_output_0_zero_point'. It is no longer used by any node.
2026-09-19 15:15:28.4762398 [I:onnxruntime:, graph.cc:4888 onnxruntime::Graph::CleanUnusedInitializersAndNodeArgs] Removing initializer 'hr_branch.conv_hr2x.4.weight_zero_point'. It is no longer used by any node.
2026-09-19 15:15:28.4763781 [I:onnxruntime:, graph.cc:4888 onnxruntime::Graph::CleanUnusedInitializersAndNodeArgs] Removing initializer 'hr_branch.conv_hr2x.4.bias_quantized'. It is no longer used by any node.
2026-09-19 15:15:28.4765422 [I:onnxruntime:, graph.cc:4888 onnxruntime::Graph::CleanUnusedInitializersAndNodeArgs] Removing initializer 'hr_branch.conv_hr2x.6.weight_zero_point'. It is no longer used by any node.
2026-09-19 15:15:28.4767035 [I:onnxruntime:, graph.cc:4888 onnxruntime::Graph::CleanUnusedInitializersAndNodeArgs] Removing initializer 'f_branch.conv_f.2.weight_zero_point'. It is no longer used by any node.
2026-09-19 15:15:28.4768628 [I:onnxruntime:, graph.cc:4888 onnxruntime::Graph::CleanUnusedInitializersAndNodeArgs] Removing initializer 'hr_branch.conv_hr2x.6.weight_quantized'. It is no longer used by any node.
2026-09-19 15:15:28.4770252 [I:onnxruntime:, graph.cc:4888 onnxruntime::Graph::CleanUnusedInitializersAndNodeArgs] Removing initializer 'hr_branch.conv_hr2x.6.bias_zero_point'. It is no longer used by any node.
2026-09-19 15:15:28.4771877 [I:onnxruntime:, graph.cc:4888 onnxruntime::Graph::CleanUnusedInitializersAndNodeArgs] Removing initializer 'hr_branch.conv_hr2x.6.bias_quantized'. It is no longer used by any node.
2026-09-19 15:15:28.4773598 [I:onnxruntime:, graph.cc:4888 onnxruntime::Graph::CleanUnusedInitializersAndNodeArgs] Removing initializer 'f_branch.conv_f2x.0.bias_zero_point'. It is no longer used by any node.
2026-09-19 15:15:28.4775198 [I:onnxruntime:, graph.cc:4888 onnxruntime::Graph::CleanUnusedInitializersAndNodeArgs] Removing initializer '/f_branch/conv_f2x/conv_f2x.1/Relu_output_0_zero_point'. It is no longer used by any node.
2026-09-19 15:15:28.4777004 [I:onnxruntime:, graph.cc:4888 onnxruntime::Graph::CleanUnusedInitializersAndNodeArgs] Removing initializer 'f_branch.conv_f.2.bias_zero_point'. It is no longer used by any node.
2026-09-19 15:15:28.4778844 [I:onnxruntime:, graph.cc:4888 onnxruntime::Graph::CleanUnusedInitializersAndNodeArgs] Removing initializer 'f_branch.conv_f.0.weight_zero_point'. It is no longer used by any node.
2026-09-19 15:15:28.4780278 [I:onnxruntime:, graph.cc:4888 onnxruntime::Graph::CleanUnusedInitializersAndNodeArgs] Removing initializer 'f_branch.conv_f.0.weight_quantized'. It is no longer used by any node.
2026-09-19 15:15:28.4781349 [I:onnxruntime:, graph.cc:4888 onnxruntime::Graph::CleanUnusedInitializersAndNodeArgs] Removing initializer 'f_branch.conv_f.0.bias_quantized'. It is no longer used by any node.
2026-09-19 15:15:28.4782388 [I:onnxruntime:, graph.cc:4888 onnxruntime::Graph::CleanUnusedInitializersAndNodeArgs] Removing initializer 'f_branch.conv_f.2.bias_quantized'. It is no longer used by any node.
2026-09-19 15:15:28.4783942 [I:onnxruntime:, graph.cc:4888 onnxruntime::Graph::CleanUnusedInitializersAndNodeArgs] Removing initializer '/lr_branch/se_block/fc/fc.3/Sigmoid_output_0_Scale'. It is no longer used by any node.
2026-09-19 15:15:28.4797215 [I:onnxruntime:, inference_session.cc:1465 onnxruntime::InferenceSession::TransformGraph] Running graph optimizations in loop 1 time/s (Graph Optimizations Loop Level : 1)
2026-09-19 15:15:28.4799779 [I:onnxruntime:, graph_transformer.cc:15 onnxruntime::GraphTransformer::Apply] GraphTransformer Level2_RuleBasedTransformer modified: 0 with status: OK
2026-09-19 15:15:28.4802352 [I:onnxruntime:, graph_transformer.cc:15 onnxruntime::GraphTransformer::Apply] GraphTransformer TransposeOptimizer_CPUExecutionProvider modified: 0 with status: OK
2026-09-19 15:15:28.4910385 [I:onnxruntime:, graph_transformer.cc:15 onnxruntime::GraphTransformer::Apply] GraphTransformer QDQS8ToU8Transformer modified: 0 with status: OK
2026-09-19 15:15:28.4911795 [I:onnxruntime:, graph_transformer.cc:15 onnxruntime::GraphTransformer::Apply] GraphTransformer QDQSelectorActionTransformer modified: 0 with status: OK
2026-09-19 15:15:28.4912906 [I:onnxruntime:, graph_transformer.cc:15 onnxruntime::GraphTransformer::Apply] GraphTransformer GemmActivationFusion modified: 0 with status: OK
2026-09-19 15:15:28.4913927 [I:onnxruntime:, graph_transformer.cc:15 onnxruntime::GraphTransformer::Apply] GraphTransformer MatMulIntegerToFloatFusion modified: 0 with status: OK
2026-09-19 15:15:28.4914995 [I:onnxruntime:, graph_transformer.cc:15 onnxruntime::GraphTransformer::Apply] GraphTransformer DynamicQuantizeMatMulFusion modified: 0 with status: OK
2026-09-19 15:15:28.4916046 [I:onnxruntime:, graph_transformer.cc:15 onnxruntime::GraphTransformer::Apply] GraphTransformer ConvActivationFusion modified: 0 with status: OK
2026-09-19 15:15:28.4917495 [I:onnxruntime:, graph_transformer.cc:15 onnxruntime::GraphTransformer::Apply] GraphTransformer GeluFusionL2 modified: 0 with status: OK
2026-09-19 15:15:28.4918731 [I:onnxruntime:, graph_transformer.cc:15 onnxruntime::GraphTransformer::Apply] GraphTransformer LayerNormFusionL2 modified: 0 with status: OK
2026-09-19 15:15:28.4919687 [I:onnxruntime:, graph_transformer.cc:15 onnxruntime::GraphTransformer::Apply] GraphTransformer SimplifiedLayerNormFusion modified: 0 with status: OK
2026-09-19 15:15:28.4920663 [I:onnxruntime:, graph_transformer.cc:15 onnxruntime::GraphTransformer::Apply] GraphTransformer AttentionFusion modified: 0 with status: OK
2026-09-19 15:15:28.4922056 [I:onnxruntime:, graph_transformer.cc:15 onnxruntime::GraphTransformer::Apply] GraphTransformer EmbedLayerNormFusion modified: 0 with status: OK
2026-09-19 15:15:28.4923415 [I:onnxruntime:, graph_transformer.cc:15 onnxruntime::GraphTransformer::Apply] GraphTransformer GatherSliceToSplitFusion modified: 0 with status: OK
2026-09-19 15:15:28.4924376 [I:onnxruntime:, graph_transformer.cc:15 onnxruntime::GraphTransformer::Apply] GraphTransformer GatherToSliceFusion modified: 0 with status: OK
2026-09-19 15:15:28.4925320 [I:onnxruntime:, graph_transformer.cc:15 onnxruntime::GraphTransformer::Apply] GraphTransformer MatmulTransposeFusion modified: 0 with status: OK
2026-09-19 15:15:28.4926632 [I:onnxruntime:, graph_transformer.cc:15 onnxruntime::GraphTransformer::Apply] GraphTransformer BiasGeluFusion modified: 0 with status: OK
2026-09-19 15:15:28.4927803 [I:onnxruntime:, graph_transformer.cc:15 onnxruntime::GraphTransformer::Apply] GraphTransformer GroupQueryAttentionFusion modified: 0 with status: OK
2026-09-19 15:15:28.4928937 [I:onnxruntime:, graph_transformer.cc:15 onnxruntime::GraphTransformer::Apply] GraphTransformer MatMulAddFusion modified: 0 with status: OK
2026-09-19 15:15:28.4930135 [I:onnxruntime:, graph_transformer.cc:15 onnxruntime::GraphTransformer::Apply] GraphTransformer SkipLayerNormFusion modified: 0 with status: OK
2026-09-19 15:15:28.4931105 [I:onnxruntime:, graph_transformer.cc:15 onnxruntime::GraphTransformer::Apply] GraphTransformer FastGeluFusion modified: 0 with status: OK
2026-09-19 15:15:28.4932476 [I:onnxruntime:, graph_transformer.cc:15 onnxruntime::GraphTransformer::Apply] GraphTransformer QuickGeluFusion modified: 0 with status: OK
2026-09-19 15:15:28.4933526 [I:onnxruntime:, graph_transformer.cc:15 onnxruntime::GraphTransformer::Apply] GraphTransformer BiasSoftmaxFusion modified: 0 with status: OK
2026-09-19 15:15:28.4934422 [I:onnxruntime:, graph_transformer.cc:15 onnxruntime::GraphTransformer::Apply] GraphTransformer BiasDropoutFusion modified: 0 with status: OK
2026-09-19 15:15:28.4935302 [I:onnxruntime:, graph_transformer.cc:15 onnxruntime::GraphTransformer::Apply] GraphTransformer MatMulScaleFusion modified: 0 with status: OK
2026-09-19 15:15:28.4936493 [I:onnxruntime:, graph_transformer.cc:15 onnxruntime::GraphTransformer::Apply] GraphTransformer MatMulActivationFusion modified: 0 with status: OK
2026-09-19 15:15:28.5133293 [I:onnxruntime:, graph_transformer.cc:15 onnxruntime::GraphTransformer::Apply] GraphTransformer MatMulNBitsFusion modified: 0 with status: OK
2026-09-19 15:15:28.5135112 [I:onnxruntime:, graph_transformer.cc:15 onnxruntime::GraphTransformer::Apply] GraphTransformer QDQFinalCleanupTransformer modified: 0 with status: OK
2026-09-19 15:15:28.5136846 [I:onnxruntime:, graph_transformer.cc:15 onnxruntime::GraphTransformer::Apply] GraphTransformer NchwcTransformer modified: 0 with status: OK
2026-09-19 15:15:28.5138660 [I:onnxruntime:, graph_transformer.cc:15 onnxruntime::GraphTransformer::Apply] GraphTransformer NhwcTransformer modified: 0 with status: OK
2026-09-19 15:15:28.5140243 [I:onnxruntime:, graph_transformer.cc:15 onnxruntime::GraphTransformer::Apply] GraphTransformer ConvAddActivationFusion modified: 0 with status: OK
2026-09-19 15:15:28.5142367 [I:onnxruntime:, graph_transformer.cc:15 onnxruntime::GraphTransformer::Apply] GraphTransformer RemoveDuplicateCastTransformer modified: 0 with status: OK
2026-09-19 15:15:28.5143951 [I:onnxruntime:, graph_transformer.cc:15 onnxruntime::GraphTransformer::Apply] GraphTransformer CastFloat16Transformer modified: 0 with status: OK
2026-09-19 15:15:28.5145707 [I:onnxruntime:, graph_transformer.cc:15 onnxruntime::GraphTransformer::Apply] GraphTransformer FuseFp16InitializerToFp32NodeTransformer modified: 0 with status: OK
2026-09-19 15:15:28.5146712 [I:onnxruntime:, graph_transformer.cc:15 onnxruntime::GraphTransformer::Apply] GraphTransformer MemcpyTransformer modified: 0 with status: OK
[0;93m2026-09-19 15:15:28.5147713 [W:onnxruntime:, session_state.cc:1316 onnxruntime::VerifyEachNodeIsAssignedToAnEp] Some nodes were not assigned to the preferred execution providers which may or may not have an negative impact on performance. e.g. ORT explicitly assigns shape related ops to CPU to improve perf.[m
[0;93m2026-09-19 15:15:28.5149953 [W:onnxruntime:, session_state.cc:1318 onnxruntime::VerifyEachNodeIsAssignedToAnEp] Rerunning with verbose output on a non-minimal build will show node assignments.[m
2026-09-19 15:15:28.5151717 [I:onnxruntime:, allocation_planner.cc:2659 onnxruntime::IGraphPartitioner::CreateGraphPartitioner] Use DeviceBasedPartition as default
2026-09-19 15:15:28.5153231 [I:onnxruntime:, session_state_utils.cc:243 onnxruntime::session_state_utils::SaveInitializedTensors] Saving initialized tensors.
2026-09-19 15:15:28.5154512 [I:onnxruntime:, session_state_utils.cc:438 onnxruntime::session_state_utils::SaveInitializedTensors] Done saving initialized tensors
2026-09-19 15:15:28.7422156 [I:onnxruntime:, inference_session.cc:2532 onnxruntime::InferenceSession::Initialize] Session successfully initialized.
AMD_REPORT {"path": "modnetcutcachekey/vitisai_ep_report.json", "sha256": "65a3443ec337f43c485546652841d0a6b2b1b413bed20dc4a07243119a976031", "report": {"deviceStat": [{"name": "all", "nodeNum": 507, "supportedOpType": ["::Add", "::Clip", "::Concat", "::Conv", "::DequantizeLinear", "::GlobalAveragePool", "::HardSigmoid", "::Mul", "::QuantizeLinear", "::Relu", "::Resize"]}, {"name": "CPU", "nodeNum": 1, "supportedOpType": ["::Resize"]}, {"name": "NPU", "nodeNum": 502, "supportedOpType": ["::Add", "::Clip", "::Concat", "::Conv", "::DequantizeLinear", "::GlobalAveragePool", "::HardSigmoid", "::Mul", "::QuantizeLinear", "::Relu", "::Resize"]}, {"name": "VITIS_EP_CPU", "nodeNum": 4, "supportedOpType": ["::DequantizeLinear", "::QuantizeLinear"]}], "nodeStat": [{"output": ["input_QuantizeLinear_Output"], "input": ["input", "input_scale", "input_zero_point"], "opType": "QuantizeLinear", "comment": "@30 [input_QuantizeLinear_Output:(ty=2,shape=[1,3,512,512])] QuantizeLinear [input:(ty=1,shape=[1,3,512,512]),input_scale:(ty=1,shape=[]),input_zero_point:(ty=2,shape=[])]", "device": "CPU"}, {"output": ["input_DequantizeLinear_Output/duplicated_token_2"], "input": ["input_QuantizeLinear_Output", "input_scale", "input_zero_point"], "opType": "DequantizeLinear", "comment": "@492 [input_DequantizeLinear_Output/duplicated_token_2:(ty=1,shape=[1,3,512,512])] DequantizeLinear [input_QuantizeLinear_Output:(ty=2,shape=[1,3,512,512]),input_scale:(ty=1,shape=[]),input_zero_point:(ty=2,shape=[])]", "device": "NPU"}, {"output": ["input_DequantizeLinear_Output/duplicated_token_0"], "input": ["input_QuantizeLinear_Output", "input_scale", "input_zero_point"], "opType": "DequantizeLinear", "comment": "@491 [input_DequantizeLinear_Output/duplicated_token_0:(ty=1,shape=[1,3,512,512])] DequantizeLinear [input_QuantizeLinear_Output:(ty=2,shape=[1,3,512,512]),input_scale:(ty=1,shape=[]),input_zero_point:(ty=2,shape=[])]", "device": "NPU"}, {"output": ["onnx::Conv_660_DequantizeLinear_Output"], "input": ["onnx::Conv_660_quantized", "onnx::Conv_674_scale", "onnx::Conv_660_zero_point"], "opType": "DequantizeLinear", "comment": "@38 [onnx::Conv_660_DequantizeLinear_Output:(ty=1,shape=[32])] DequantizeLinear [onnx::Conv_660_quantized:(ty=3,shape=[32]),onnx::Conv_674_scale:(ty=1,shape=[]),onnx::Conv_660_zero_point:(ty=3,shape=[])]", "device": "NPU"}, {"output": ["onnx::Conv_659_DequantizeLinear_Output"], "input": ["onnx::Conv_659_quantized", "onnx::Conv_683_scale", "onnx::Conv_659_zero_point"], "opType": "DequantizeLinear", "comment": "@37 [onnx::Conv_659_DequantizeLinear_Output:(ty=1,shape=[32,3,3,3])] DequantizeLinear [onnx::Conv_659_quantized:(ty=3,shape=[32,3,3,3]),onnx::Conv_683_scale:(ty=1,shape=[]),onnx::Conv_659_zero_point:(ty=3,shape=[])]", "device": "NPU"}, {"output": ["/lr_branch/backbone/features.0/features.0.0/Conv_output_0"], "input": ["input_DequantizeLinear_Output/duplicated_token_0", "onnx::Conv_659_DequantizeLinear_Output", "onnx::Conv_660_DequantizeLinear_Output"], "opType": "Conv", "comment": "@144 [/lr_branch/backbone/features.0/features.0.0/Conv_output_0:(ty=1,shape=[1,32,256,256])] Conv [input_DequantizeLinear_Output/duplicated_token_0:(ty=1,shape=[1,3,512,512]),onnx::Conv_659_DequantizeLinear_Output:(ty=1,shape=[32,3,3,3]),onnx::Conv_660_DequantizeLinear_Output:(ty=1,shape=[32])]", "device": "NPU"}, {"output": ["/lr_branch/backbone/features.0/features.0.2/Clip_output_0"], "input": ["/lr_branch/backbone/features.0/features.0.0/Conv_output_0", "/lr_branch/backbone/features.0/features.0.2/Constant_output_0", "/lr_branch/backbone/features.0/features.0.2/Constant_1_output_0"], "opType": "Clip", "comment": "@147 [/lr_branch/backbone/features.0/features.0.2/Clip_output_0:(ty=1,shape=[1,32,256,256])] Clip [/lr_branch/backbone/features.0/features.0.0/Conv_output_0:(ty=1,shape=[1,32,256,256]),/lr_branch/backbone/features.0/features.0.2/Constant_output_0:(ty=1,shape=[]),/lr_branch/backbone/features.0/features.0.2/Constant_1_output_0:(ty=1,shape=[])]", "device": "NPU"}, {"output": ["/lr_branch/backbone/features.0/features.0.2/Clip_output_0_QuantizeLinear_Output"], "input": ["/lr_branch/backbone/features.0/features.0.2/Clip_output_0", "onnx::Conv_672_scale", "/lr_branch/backbone/features.0/features.0.2/Clip_output_0_zero_point"], "opType": "QuantizeLinear", "comment": "@150 [/lr_branch/backbone/features.0/features.0.2/Clip_output_0_QuantizeLinear_Output:(ty=2,shape=[1,32,256,256])] QuantizeLinear [/lr_branch/backbone/features.0/features.0.2/Clip_output_0:(ty=1,shape=[1,32,256,256]),onnx::Conv_672_scale:(ty=1,shape=[]),/lr_branch/backbone/features.0/features.0.2/Clip_output_0_zero_point:(ty=2,shape=[])]", "device": "NPU"}, {"output": ["/lr_branch/backbone/features.0/features.0.2/Clip_output_0_DequantizeLinear_Output"], "input": ["/lr_branch/backbone/features.0/features.0.2/Clip_output_0_QuantizeLinear_Output", "onnx::Conv_672_scale", "/lr_branch/backbone/features.0/features.0.2/Clip_output_0_zero_point"], "opType": "DequantizeLinear", "comment": "@151 [/lr_branch/backbone/features.0/features.0.2/Clip_output_0_DequantizeLinear_Output:(ty=1,shape=[1,32,256,256])] DequantizeLinear [/lr_branch/backbone/features.0/features.0.2/Clip_output_0_QuantizeLinear_Output:(ty=2,shape=[1,32,256,256]),onnx::Conv_672_scale:(ty=1,shape=[]),/lr_branch/backbone/features.0/features.0.2/Clip_output_0_zero_point:(ty=2,shape=[])]", "device": "NPU"}, {"output": ["onnx::Conv_663_DequantizeLinear_Output"], "input": ["onnx::Conv_663_quantized", "onnx::Conv_672_scale", "onnx::Conv_663_zero_point"], "opType": "DequantizeLinear", "comment": "@40 [onnx::Conv_663_DequantizeLinear_Output:(ty=1,shape=[32])] DequantizeLinear [onnx::Conv_663_quantized:(ty=3,shape=[32]),onnx::Conv_672_scale:(ty=1,shape=[]),onnx::Conv_663_zero_point:(ty=3,shape=[])]", "device": "NPU"}, {"output": ["onnx::Conv_662_DequantizeLinear_Output"], "input": ["onnx::Conv_662_quantized", "onnx::Conv_662_scale", "onnx::Conv_662_zero_point"], "opType": "DequantizeLinear", "comment": "@39 [onnx::Conv_662_DequantizeLinear_Output:(ty=1,shape=[32,1,3,3])] DequantizeLinear [onnx::Conv_662_quantized:(ty=3,shape=[32,1,3,3]),onnx::Conv_662_scale:(ty=1,shape=[]),onnx::Conv_662_zero_point:(ty=3,shape=[])]", "device": "NPU"}, {"output": ["/lr_branch/backbone/features.1/conv/conv.0/Conv_output_0"], "input": ["/lr_branch/backbone/features.0/features.0.2/Clip_output_0_DequantizeLinear_Output", "onnx::Conv_662_DequantizeLinear_Output", "onnx::Conv_663_DequantizeLinear_Output"], "opType": "Conv", "comment": "@152 [/lr_branch/backbone/features.1/conv/conv.0/Conv_output_0:(ty=1,shape=[1,32,256,256])] Conv [/lr_branch/backbone/features.0/features.0.2/Clip_output_0_DequantizeLinear_Output:(ty=1,shape=[1,32,256,256]),onnx::Conv_662_DequantizeLinear_Output:(ty=1,shape=[32,1,3,3]),onnx::Conv_663_DequantizeLinear_Output:(ty=1,shape=[32])]", "device": "NPU"}, {"output": ["/lr_branch/backbone/features.1/conv/conv.2/Clip_output_0"], "input": ["/lr_branch/backbone/features.1/conv/conv.0/Conv_output_0", "/lr_branch/backbone/features.0/features.0.2/Constant_output_0", "/lr_branch/backbone/features.0/features.0.2/Constant_1_output_0"], "opType": "Clip", "comment": "@153 [/lr_branch/backbone/features.1/conv/conv.2/Clip_output_0:(ty=1,shape=[1,32,256,256])] Clip [/lr_branch/backbone/features.1/conv/conv.0/Conv_output_0:(ty=1,shape=[1,32,256,256]),/lr_branch/backbone/features.0/features.0.2/Constant_output_0:(ty=1,shape=[]),/lr_branch/backbone/features.0/features.0.2/Constant_1_output_0:(ty=1,shape=[])]", "device": "NPU"}, {"output": ["/lr_branch/backbone/features.1/conv/conv.2/Clip_output_0_QuantizeLinear_Output"], "input": ["/lr_branch/backbone/features.1/conv/conv.2/Clip_output_0", "/lr_branch/backbone/features.2/conv/conv.5/Clip_output_0_scale", "/lr_branch/backbone/features.1/conv/conv.2/Clip_output_0_zero_point"], "opType": "QuantizeLinear", "comment": "@154 [/lr_branch/backbone/features.1/conv/conv.2/Clip_output_0_QuantizeLinear_Output:(ty=2,shape=[1,32,256,256])] QuantizeLinear [/lr_branch/backbone/features.1/conv/conv.2/Clip_output_0:(ty=1,shape=[1,32,256,256]),/lr_branch/backbone/features.2/conv/conv.5/Clip_output_0_scale:(ty=1,shape=[]),/lr_branch/backbone/features.1/conv/conv.2/Clip_output_0_zero_point:(ty=2,shape=[])]", "device": "NPU"}, {"output": ["/lr_branch/backbone/features.1/conv/conv.2/Clip_output_0_DequantizeLinear_Output"], "input": ["/lr_branch/backbone/features.1/conv/conv.2/Clip_output_0_QuantizeLinear_Output", "/lr_branch/backbone/features.2/conv/conv.5/Clip_output_0_scale", "/lr_branch/backbone/features.1/conv/conv.2/Clip_output_0_zero_point"], "opType": "DequantizeLinear", "comment": "@155 [/lr_branch/backbone/features.1/conv/conv.2/Clip_output_0_DequantizeLinear_Output:(ty=1,shape=[1,32,256,256])] DequantizeLinear [/lr_branch/backbone/features.1/conv/conv.2/Clip_output_0_QuantizeLinear_Output:(ty=2,shape=[1,32,256,256]),/lr_branch/backbone/features.2/conv/conv.5/Clip_output_0_scale:(ty=1,shape=[]),/lr_branch/backbone/features.1/conv/conv.2/Clip_output_0_zero_point:(ty=2,shape=[])]", "device": "NPU"}, {"output": ["onnx::Conv_666_DequantizeLinear_Output"], "input": ["onnx::Conv_666_quantized", "/lr_branch/backbone/features.2/conv/conv.5/Clip_output_0_scale", "onnx::Conv_666_zero_point"], "opType": "DequantizeLinear", "comment": "@42 [onnx::Conv_666_DequantizeLinear_Output:(ty=1,shape=[16])] DequantizeLinear [onnx::Conv_666_quantized:(ty=3,shape=[16]),/lr_branch/backbone/features.2/conv/conv.5/Clip_output_0_scale:(ty=1,shape=[]),onnx::Conv_666_zero_point:(ty=3,shape=[])]", "device": "NPU"}, {"output": ["onnx::Conv_665_DequantizeLinear_Output"], "input": ["onnx::Conv_665_quantized", "onnx::Conv_674_scale", "onnx::Conv_665_zero_point"], "opType": "DequantizeLinear", "comment": "@41 [onnx::Conv_665_DequantizeLinear_Output:(ty=1,shape=[16,32,1,1])] DequantizeLinear [onnx::Conv_665_quantized:(ty=3,shape=[16,32,1,1]),onnx::Conv_674_scale:(ty=1,shape=[]),onnx::Conv_665_zero_point:(ty=3,shape=[])]", "device": "NPU"}, {"output": ["/lr_branch/backbone/features.1/conv/conv.3/Conv_output_0"], "input": ["/lr_branch/backbone/features.1/conv/conv.2/Clip_output_0_DequantizeLinear_Output", "onnx::Conv_665_DequantizeLinear_Output", "onnx::Conv_666_DequantizeLinear_Output"], "opType": "Conv", "comment": "@156 [/lr_branch/backbone/features.1/conv/conv.3/Conv_output_0:(ty=1,shape=[1,16,256,256])] Conv [/lr_branch/backbone/features.1/conv/conv.2/Clip_output_0_DequantizeLinear_Output:(ty=1,shape=[1,32,256,256]),onnx::Conv_665_DequantizeLinear_Output:(ty=1,shape=[16,32,1,1]),onnx::Conv_666_DequantizeLinear_Output:(ty=1,shape=[16])]", "device": "NPU"}, {"output": ["/lr_branch/backbone/features.1/conv/conv.3/Conv_output_0_QuantizeLinear_Output"], "input": ["/lr_branch/backbone/features.1/conv/conv.3/Conv_output_0", "/lr_branch/backbone/features.2/conv/conv.5/Clip_output_0_scale", "/lr_branch/backbone/features.1/conv/conv.3/Conv_output_0_zero_point"], "opType": "QuantizeLinear", "comment": "@157 [/lr_branch/backbone/features.1/conv/conv.3/Conv_output_0_QuantizeLinear_Output:(ty=2,shape=[1,16,256,256])] QuantizeLinear [/lr_branch/backbone/features.1/conv/conv.3/Conv_output_0:(ty=1,shape=[1,16,256,256]),/lr_branch/backbone/features.2/conv/conv.5/Clip_output_0_scale:(ty=1,shape=[]),/lr_branch/backbone/features.1/conv/conv.3/Conv_output_0_zero_point:(ty=2,shape=[])]", "device": "NPU"}, {"output": ["/lr_branch/backbone/features.1/conv/conv.3/Conv_output_0_DequantizeLinear_Output/duplicated"], "input": ["/lr_branch/backbone/features.1/conv/conv.3/Conv_output_0_QuantizeLinear_Output", "/lr_branch/backbone/features.2/conv/conv.5/Clip_output_0_scale", "/lr_branch/backbone/features.1/conv/conv.3/Conv_output_0_zero_point"], "opType": "DequantizeLinear", "comment": "@493 [/lr_branch/backbone/features.1/conv/conv.3/Conv_output_0_DequantizeLinear_Output/duplicated:(ty=1,shape=[1,16,256,256])] DequantizeLinear [/lr_branch/backbone/features.1/conv/conv.3/Conv_output_0_QuantizeLinear_Output:(ty=2,shape=[1,16,256,256]),/lr_branch/backbone/features.2/conv/conv.5/Clip_output_0_scale:(ty=1,shape=[]),/lr_branch/backbone/features.1/conv/conv.3/Conv_output_0_zero_point:(ty=2,shape=[])]", "device": "NPU"}, {"output": ["hr_branch.tohr_enc2x.0.weight_DequantizeLinear_Output"], "input": ["hr_branch.tohr_enc2x.0.weight_quantized", "onnx::Conv_683_scale", "hr_branch.tohr_enc2x.0.weight_zero_point"], "opType": "DequantizeLinear", "comment": "@27 [hr_branch.tohr_enc2x.0.weight_DequantizeLinear_Output:(ty=1,shape=[32,16,1,1])] DequantizeLinear [hr_branch.tohr_enc2x.0.weight_quantized:(ty=3,shape=[32,16,1,1]),onnx::Conv_683_scale:(ty=1,shape=[]),hr_branch.tohr_enc2x.0.weight_zero_point:(ty=3,shape=[])]", "device": "NPU"}, {"output": ["hr_branch.tohr_enc2x.0.bias_DequantizeLinear_Output"], "input": ["hr_branch.tohr_enc2x.0.bias_quantized", "/lr_branch/backbone/features.2/conv/conv.5/Clip_output_0_scale", "hr_branch.tohr_enc2x.0.bias_zero_point"], "opType": "DequantizeLinear", "comment": "@26 [hr_branch.tohr_enc2x.0.bias_DequantizeLinear_Output:(ty=1,shape=[32])] DequantizeLinear [hr_branch.tohr_enc2x.0.bias_quantized:(ty=3,shape=[32]),/lr_branch/backbone/features.2/conv/conv.5/Clip_output_0_scale:(ty=1,shape=[]),hr_branch.tohr_enc2x.0.bias_zero_point:(ty=3,shape=[])]", "device": "NPU"}, {"output": ["/hr_branch/tohr_enc2x/tohr_enc2x.0/Conv_output_0"], "input": ["/lr_branch/backbone/features.1/conv/conv.3/Conv_output_0_DequantizeLinear_Output/duplicated", "hr_branch.tohr_enc2x.0.weight_DequantizeLinear_Output", "hr_branch.tohr_enc2x.0.bias_DequantizeLinear_Output"], "opType": "Conv", "comment": "@160 [/hr_branch/tohr_enc2x/tohr_enc2x.0/Conv_output_0:(ty=1,shape=[1,32,256,256])] Conv [/lr_branch/backbone/features.1/conv/conv.3/Conv_output_0_DequantizeLinear_Output/duplicated:(ty=1,shape=[1,16,256,256]),hr_branch.tohr_enc2x.0.weight_DequantizeLinear_Output:(ty=1,shape=[32,16,1,1]),hr_branch.tohr_enc2x.0.bias_DequantizeLinear_Output:(ty=1,shape=[32])]", "device": "NPU"}, {"output": ["/hr_branch/tohr_enc2x/tohr_enc2x.1/Relu_output_0"], "input": ["/hr_branch/tohr_enc2x/tohr_enc2x.0/Conv_output_0"], "opType": "Relu", "comment": "@162 [/hr_branch/tohr_enc2x/tohr_enc2x.1/Relu_output_0:(ty=1,shape=[1,32,256,256])] Relu [/hr_branch/tohr_enc2x/tohr_enc2x.0/Conv_output_0:(ty=1,shape=[1,32,256,256])]", "device": "NPU"}, {"output": ["/hr_branch/tohr_enc2x/tohr_enc2x.1/Relu_output_0_QuantizeLinear_Output"], "input": ["/hr_branch/tohr_enc2x/tohr_enc2x.1/Relu_output_0", "input_scale", "/hr_branch/tohr_enc2x/tohr_enc2x.1/Relu_output_0_zero_point"], "opType": "QuantizeLinear", "comment": "@164 [/hr_branch/tohr_enc2x/tohr_enc2x.1/Relu_output_0_QuantizeLinear_Output:(ty=2,shape=[1,32,256,256])] QuantizeLinear [/hr_branch/tohr_enc2x/tohr_enc2x.1/Relu_output_0:(ty=1,shape=[1,32,256,256]),input_scale:(ty=1,shape=[]),/hr_branch/tohr_enc2x/tohr_enc2x.1/Relu_output_0_zero_point:(ty=2,shape=[])]", "device": "NPU"}, {"output": ["/hr_branch/tohr_enc2x/tohr_enc2x.1/Relu_output_0_DequantizeLinear_Output/duplicated"], "input": ["/hr_branch/tohr_enc2x/tohr_enc2x.1/Relu_output_0_QuantizeLinear_Output", "input_scale", "/hr_branch/tohr_enc2x/tohr_enc2x.1/Relu_output_0_zero_point"], "opType": "DequantizeLinear", "comment": "@507 [/hr_branch/tohr_enc2x/tohr_enc2x.1/Relu_output_0_DequantizeLinear_Output/duplicated:(ty=1,shape=[1,32,256,256])] DequantizeLinear [/hr_branch/tohr_enc2x/tohr_enc2x.1/Relu_output_0_QuantizeLinear_Output:(ty=2,shape=[1,32,256,256]),input_scale:(ty=1,shape=[]),/hr_branch/tohr_enc2x/tohr_enc2x.1/Relu_output_0_zero_point:(ty=2,shape=[])]", "device": "NPU"}, {"output": ["/lr_branch/backbone/features.1/conv/conv.3/Conv_output_0_DequantizeLinear_Output"], "input": ["/lr_branch/backbone/features.1/conv/conv.3/Conv_output_0_QuantizeLinear_Output", "/lr_branch/backbone/features.2/conv/conv.5/Clip_output_0_scale", "/lr_branch/backbone/features.1/conv/conv.3/Conv_output_0_zero_point"], "opType": "DequantizeLinear", "comment": "@158 [/lr_branch/backbone/features.1/conv/conv.3/Conv_output_0_DequantizeLinear_Output:(ty=1,shape=[1,16,256,256])] DequantizeLinear [/lr_branch/backbone/features.1/conv/conv.3/Conv_output_0_QuantizeLinear_Output:(ty=2,shape=[1,16,256,256]),/lr_branch/backbone/features.2/conv/conv.5/Clip_output_0_scale:(ty=1,shape=[]),/lr_branch/backbone/features.1/conv/conv.3/Conv_output_0_zero_point:(ty=2,shape=[])]", "device": "NPU"}, {"output": ["onnx::Conv_669_DequantizeLinear_Output"], "input": ["onnx::Conv_669_quantized", "onnx::Conv_662_scale", "onnx::Conv_669_zero_point"], "opType": "DequantizeLinear", "comment": "@44 [onnx::Conv_669_DequantizeLinear_Output:(ty=1,shape=[96])] DequantizeLinear [onnx::Conv_669_quantized:(ty=3,shape=[96]),onnx::Conv_662_scale:(ty=1,shape=[]),onnx::Conv_669_zero_point:(ty=3,shape=[])]", "device": "NPU"}, {"output": ["onnx::Conv_668_DequantizeLinear_Output"], "input": ["onnx::Conv_668_quantized", "/lr_branch/backbone/features.2/conv/conv.5/Clip_output_0_scale", "onnx::Conv_668_zero_point"], "opType": "DequantizeLinear", "comment": "@43 [onnx::Conv_668_DequantizeLinear_Output:(ty=1,shape=[96,16,1,1])] DequantizeLinear [onnx::Conv_668_quantized:(ty=3,shape=[96,16,1,1]),/lr_branch/backbone/features.2/conv/conv.5/Clip_output_0_scale:(ty=1,shape=[]),onnx::Conv_668_zero_point:(ty=3,shape=[])]", "device": "NPU"}, {"output": ["/lr_branch/backbone/features.2/conv/conv.0/Conv_output_0"], "input": ["/lr_branch/backbone/features.1/conv/conv.3/Conv_output_0_DequantizeLinear_Output", "onnx::Conv_668_DequantizeLinear_Output", "onnx::Conv_669_DequantizeLinear_Output"], "opType": "Conv", "comment": "@159 [/lr_branch/backbone/features.2/conv/conv.0/Conv_output_0:(ty=1,shape=[1,96,256,256])] Conv [/lr_branch/backbone/features.1/conv/conv.3/Conv_output_0_DequantizeLinear_Output:(ty=1,shape=[1,16,256,256]),onnx::Conv_668_DequantizeLinear_Output:(ty=1,shape=[96,16,1,1]),onnx::Conv_669_DequantizeLinear_Output:(ty=1,shape=[96])]", "device": "NPU"}, {"output": ["/lr_branch/backbone/features.2/conv/conv.2/Clip_output_0"], "input": ["/lr_branch/backbone/features.2/conv/conv.0/Conv_output_0", "/lr_branch/backbone/features.0/features.0.2/Constant_output_0", "/lr_branch/backbone/features.0/features.0.2/Constant_1_output_0"], "opType": "Clip", "comment": "@161 [/lr_branch/backbone/features.2/conv/conv.2/Clip_output_0:(ty=1,shape=[1,96,256,256])] Clip [/lr_branch/backbone/features.2/conv/conv.0/Conv_output_0:(ty=1,shape=[1,96,256,256]),/lr_branch/backbone/features.0/features.0.2/Constant_output_0:(ty=1,shape=[]),/lr_branch/backbone/features.0/features.0.2/Constant_1_output_0:(ty=1,shape=[])]", "device": "NPU"}, {"output": ["/lr_branch/backbone/features.2/conv/conv.2/Clip_output_0_QuantizeLinear_Output"], "input": ["/lr_branch/backbone/features.2/conv/conv.2/Clip_output_0", "/lr_branch/backbone/features.2/conv/conv.5/Clip_output_0_scale", "/lr_branch/backbone/features.2/conv/conv.2/Clip_output_0_zero_point"], "opType": "QuantizeLinear", "comment": "@163 [/lr_branch/backbone/features.2/conv/conv.2/Clip_output_0_QuantizeLinear_Output:(ty=2,shape=[1,96,256,256])] QuantizeLinear [/lr_branch/backbone/features.2/conv/conv.2/Clip_output_0:(ty=1,shape=[1,96,256,256]),/lr_branch/backbone/features.2/conv/conv.5/Clip_output_0_scale:(ty=1,shape=[]),/lr_branch/backbone/features.2/conv/conv.2/Clip_output_0_zero_point:(ty=2,shape=[])]", "device": "NPU"}, {"output": ["/lr_branch/backbone/features.2/conv/conv.2/Clip_output_0_DequantizeLinear_Output"], "input": ["/lr_branch/backbone/features.2/conv/conv.2/Clip_output_0_QuantizeLinear_Output", "/lr_branch/backbone/features.2/conv/conv.5/Clip_output_0_scale", "/lr_branch/backbone/features.2/conv/conv.2/Clip_output_0_zero_point"], "opType": "DequantizeLinear", "comment": "@165 [/lr_branch/backbone/features.2/conv/conv.2/Clip_output_0_DequantizeLinear_Output:(ty=1,shape=[1,96,256,256])] DequantizeLinear [/lr_branch/backbone/features.2/conv/conv.2/Clip_output_0_QuantizeLinear_Output:(ty=2,shape=[1,96,256,256]),/lr_branch/backbone/features.2/conv/conv.5/Clip_output_0_scale:(ty=1,shape=[]),/lr_branch/backbone/features.2/conv/conv.2/Clip_output_0_zero_point:(ty=2,shape=[])]", "device": "NPU"}, {"output": ["onnx::Conv_672_DequantizeLinear_Output"], "input": ["onnx::Conv_672_quantized", "onnx::Conv_672_scale", "onnx::Conv_672_zero_point"], "opType": "DequantizeLinear", "comment": "@46 [onnx::Conv_672_DequantizeLinear_Output:(ty=1,shape=[96])] DequantizeLinear [onnx::Conv_672_quantized:(ty=3,shape=[96]),onnx::Conv_672_scale:(ty=1,shape=[]),onnx::Conv_672_zero_point:(ty=3,shape=[])]", "device": "NPU"}, {"output": ["onnx::Conv_671_DequantizeLinear_Output"], "input": ["onnx::Conv_671_quantized", "/hr_branch/conv_hr4x/conv_hr4x.1/Relu_output_0_scale", "onnx::Conv_671_zero_point"], "opType": "DequantizeLinear", "comment": "@45 [onnx::Conv_671_DequantizeLinear_Output:(ty=1,shape=[96,1,3,3])] DequantizeLinear [onnx::Conv_671_quantized:(ty=3,shape=[96,1,3,3]),/hr_branch/conv_hr4x/conv_hr4x.1/Relu_output_0_scale:(ty=1,shape=[]),onnx::Conv_671_zero_point:(ty=3,shape=[])]", "device": "NPU"}, {"output": ["/lr_branch/backbone/features.2/conv/conv.3/Conv_output_0"], "input": ["/lr_branch/backbone/features.2/conv/conv.2/Clip_output_0_DequantizeLinear_Output", "onnx::Conv_671_DequantizeLinear_Output", "onnx::Conv_672_DequantizeLinear_Output"], "opType": "Conv", "comment": "@167 [/lr_branch/backbone/features.2/conv/conv.3/Conv_output_0:(ty=1,shape=[1,96,128,128])] Conv [/lr_branch/backbone/features.2/conv/conv.2/Clip_output_0_DequantizeLinear_Output:(ty=1,shape=[1,96,256,256]),onnx::Conv_671_DequantizeLinear_Output:(ty=1,shape=[96,1,3,3]),onnx::Conv_672_DequantizeLinear_Output:(ty=1,shape=[96])]", "device": "NPU"}, {"output": ["/lr_branch/backbone/features.2/conv/conv.5/Clip_output_0"], "input": ["/lr_branch/backbone/features.2/conv/conv.3/Conv_output_0", "/lr_branch/backbone/features.0/features.0.2/Constant_output_0", "/lr_branch/backbone/features.0/features.0.2/Constant_1_output_0"], "opType": "Clip", "comment": "@169 [/lr_branch/backbone/features.2/conv/conv.5/Clip_output_0:(ty=1,shape=[1,96,128,128])] Clip [/lr_branch/backbone/features.2/conv/conv.3/Conv_output_0:(ty=1,shape=[1,96,128,128]),/lr_branch/backbone/features.0/features.0.2/Constant_output_0:(ty=1,shape=[]),/lr_branch/backbone/features.0/features.0.2/Constant_1_output_0:(ty=1,shape=[])]", "device": "NPU"}, {"output": ["/lr_branch/backbone/features.2/conv/conv.5/Clip_output_0_QuantizeLinear_Output"], "input": ["/lr_branch/backbone/features.2/conv/conv.5/Clip_output_0", "/lr_branch/backbone/features.2/conv/conv.5/Clip_output_0_scale", "/lr_branch/backbone/features.2/conv/conv.5/Clip_output_0_zero_point"], "opType": "QuantizeLinear", "comment": "@171 [/lr_branch/backbone/features.2/conv/conv.5/Clip_output_0_QuantizeLinear_Output:(ty=2,shape=[1,96,128,128])] QuantizeLinear [/lr_branch/backbone/features.2/conv/conv.5/Clip_output_0:(ty=1,shape=[1,96,128,128]),/lr_branch/backbone/features.2/conv/conv.5/Clip_output_0_scale:(ty=1,shape=[]),/lr_branch/backbone/features.2/conv/conv.5/Clip_output_0_zero_point:(ty=2,shape=[])]", "device": "NPU"}, {"output": ["/lr_branch/backbone/features.2/conv/conv.5/Clip_output_0_DequantizeLinear_Output"], "input": ["/lr_branch/backbone/features.2/conv/conv.5/Clip_output_0_QuantizeLinear_Output", "/lr_branch/backbone/features.2/conv/conv.5/Clip_output_0_scale", "/lr_branch/backbone/features.2/conv/conv.5/Clip_output_0_zero_point"], "opType": "DequantizeLinear", "comment": "@173 [/lr_branch/backbone/features.2/conv/conv.5/Clip_output_0_DequantizeLinear_Output:(ty=1,shape=[1,96,128,128])] DequantizeLinear [/lr_branch/backbone/features.2/conv/conv.5/Clip_output_0_QuantizeLinear_Output:(ty=2,shape=[1,96,128,128]),/lr_branch/backbone/features.2/conv/conv.5/Clip_output_0_scale:(ty=1,shape=[]),/lr_branch/backbone/features.2/conv/conv.5/Clip_output_0_zero_point:(ty=2,shape=[])]", "device": "NPU"}, {"output": ["onnx::Conv_675_DequantizeLinear_Output"], "input": ["onnx::Conv_675_quantized", "onnx::Conv_683_scale", "onnx::Conv_675_zero_point"], "opType": "DequantizeLinear", "comment": "@48 [onnx::Conv_675_DequantizeLinear_Output:(ty=1,shape=[24])] DequantizeLinear [onnx::Conv_675_quantized:(ty=3,shape=[24]),onnx::Conv_683_scale:(ty=1,shape=[]),onnx::Conv_675_zero_point:(ty=3,shape=[])]", "device": "NPU"}, {"output": ["onnx::Conv_674_DequantizeLinear_Output"], "input": ["onnx::Conv_674_quantized", "onnx::Conv_674_scale", "onnx::Conv_674_zero_point"], "opType": "DequantizeLinear", "comment": "@47 [onnx::Conv_674_DequantizeLinear_Output:(ty=1,shape=[24,96,1,1])] DequantizeLinear [onnx::Conv_674_quantized:(ty=3,shape=[24,96,1,1]),onnx::Conv_674_scale:(ty=1,shape=[]),onnx::Conv_674_zero_point:(ty=3,shape=[])]", "device": "NPU"}, {"output": ["/lr_branch/backbone/features.2/conv/conv.6/Conv_output_0"], "input": ["/lr_branch/backbone/features.2/conv/conv.5/Clip_output_0_DequantizeLinear_Output", "onnx::Conv_674_DequantizeLinear_Output", "onnx::Conv_675_DequantizeLinear_Output"], "opType": "Conv", "comment": "@175 [/lr_branch/backbone/features.2/conv/conv.6/Conv_output_0:(ty=1,shape=[1,24,128,128])] Conv [/lr_branch/backbone/features.2/conv/conv.5/Clip_output_0_DequantizeLinear_Output:(ty=1,shape=[1,96,128,128]),onnx::Conv_674_DequantizeLinear_Output:(ty=1,shape=[24,96,1,1]),onnx::Conv_675_DequantizeLinear_Output:(ty=1,shape=[24])]", "device": "NPU"}, {"output": ["/lr_branch/backbone/features.2/conv/conv.6/Conv_output_0_QuantizeLinear_Output"], "input": ["/lr_branch/backbone/features.2/conv/conv.6/Conv_output_0", "onnx::Conv_672_scale", "/lr_branch/backbone/features.2/conv/conv.6/Conv_output_0_zero_point"], "opType": "QuantizeLinear", "comment": "@177 [/lr_branch/backbone/features.2/conv/conv.6/Conv_output_0_QuantizeLinear_Output:(ty=2,shape=[1,24,128,128])] QuantizeLinear [/lr_branch/backbone/features.2/conv/conv.6/Conv_output_0:(ty=1,shape=[1,24,128,128]),onnx::Conv_672_scale:(ty=1,shape=[]),/lr_branch/backbone/features.2/conv/conv.6/Conv_output_0_zero_point:(ty=2,shape=[])]", "device": "NPU"}, {"output": ["/lr_branch/backbone/features.2/conv/conv.6/Conv_output_0_DequantizeLinear_Output/duplicated"], "input": ["/lr_branch/backbone/features.2/conv/conv.6/Conv_output_0_QuantizeLinear_Output", "onnx::Conv_672_scale", "/lr_branch/backbone/features.2/conv/conv.6/Conv_output_0_zero_point"], "opType": "DequantizeLinear", "comment": "@494 [/lr_branch/backbone/features.2/conv/conv.6/Conv_output_0_DequantizeLinear_Output/duplicated:(ty=1,shape=[1,24,128,128])] DequantizeLinear [/lr_branch/backbone/features.2/conv/conv.6/Conv_output_0_QuantizeLinear_Output:(ty=2,shape=[1,24,128,128]),onnx::Conv_672_scale:(ty=1,shape=[]),/lr_branch/backbone/features.2/conv/conv.6/Conv_output_0_zero_point:(ty=2,shape=[])]", "device": "NPU"}, {"output": ["/lr_branch/backbone/features.2/conv/conv.6/Conv_output_0_DequantizeLinear_Output"], "input": ["/lr_branch/backbone/features.2/conv/conv.6/Conv_output_0_QuantizeLinear_Output", "onnx::Conv_672_scale", "/lr_branch/backbone/features.2/conv/conv.6/Conv_output_0_zero_point"], "opType": "DequantizeLinear", "comment": "@179 [/lr_branch/backbone/features.2/conv/conv.6/Conv_output_0_DequantizeLinear_Output:(ty=1,shape=[1,24,128,128])] DequantizeLinear [/lr_branch/backbone/features.2/conv/conv.6/Conv_output_0_QuantizeLinear_Output:(ty=2,shape=[1,24,128,128]),onnx::Conv_672_scale:(ty=1,shape=[]),/lr_branch/backbone/features.2/conv/conv.6/Conv_output_0_zero_point:(ty=2,shape=[])]", "device": "NPU"}, {"output": ["onnx::Conv_678_DequantizeLinear_Output"], "input": ["onnx::Conv_678_quantized", "onnx::Conv_674_scale", "onnx::Conv_678_zero_point"], "opType": "DequantizeLinear", "comment": "@50 [onnx::Conv_678_DequantizeLinear_Output:(ty=1,shape=[144])] DequantizeLinear [onnx::Conv_678_quantized:(ty=3,shape=[144]),onnx::Conv_674_scale:(ty=1,shape=[]),onnx::Conv_678_zero_point:(ty=3,shape=[])]", "device": "NPU"}, {"output": ["onnx::Conv_677_DequantizeLinear_Output"], "input": ["onnx::Conv_677_quantized", "onnx::Conv_696_scale", "onnx::Conv_677_zero_point"], "opType": "DequantizeLinear", "comment": "@49 [onnx::Conv_677_DequantizeLinear_Output:(ty=1,shape=[144,24,1,1])] DequantizeLinear [onnx::Conv_677_quantized:(ty=3,shape=[144,24,1,1]),onnx::Conv_696_scale:(ty=1,shape=[]),onnx::Conv_677_zero_point:(ty=3,shape=[])]", "device": "NPU"}, {"output": ["/lr_branch/backbone/features.3/conv/conv.0/Conv_output_0"], "input": ["/lr_branch/backbone/features.2/conv/conv.6/Conv_output_0_DequantizeLinear_Output", "onnx::Conv_677_DequantizeLinear_Output", "onnx::Conv_678_DequantizeLinear_Output"], "opType": "Conv", "comment": "@181 [/lr_branch/backbone/features.3/conv/conv.0/Conv_output_0:(ty=1,shape=[1,144,128,128])] Conv [/lr_branch/backbone/features.2/conv/conv.6/Conv_output_0_DequantizeLinear_Output:(ty=1,shape=[1,24,128,128]),onnx::Conv_677_DequantizeLinear_Output:(ty=1,shape=[144,24,1,1]),onnx::Conv_678_DequantizeLinear_Output:(ty=1,shape=[144])]", "device": "NPU"}, {"output": ["/lr_branch/backbone/features.3/conv/conv.2/Clip_output_0"], "input": ["/lr_branch/backbone/features.3/conv/conv.0/Conv_output_0", "/lr_branch/backbone/features.0/features.0.2/Constant_output_0", "/lr_branch/backbone/features.0/features.0.2/Constant_1_output_0"], "opType": "Clip", "comment": "@182 [/lr_branch/backbone/features.3/conv/conv.2/Clip_output_0:(ty=1,shape=[1,144,128,128])] Clip [/lr_branch/backbone/features.3/conv/conv.0/Conv_output_0:(ty=1,shape=[1,144,128,128]),/lr_branch/backbone/features.0/features.0.2/Constant_output_0:(ty=1,shape=[]),/lr_branch/backbone/features.0/features.0.2/Constant_1_output_0:(ty=1,shape=[])]", "device": "NPU"}, {"output": ["/lr_branch/backbone/features.3/conv/conv.2/Clip_output_0_QuantizeLinear_Output"], "input": ["/lr_branch/backbone/features.3/conv/conv.2/Clip_output_0", "onnx::Conv_683_scale", "/lr_branch/backbone/features.3/conv/conv.2/Clip_output_0_zero_point"], "opType": "QuantizeLinear", "comment": "@183 [/lr_branch/backbone/features.3/conv/conv.2/Clip_output_0_QuantizeLinear_Output:(ty=2,shape=[1,144,128,128])] QuantizeLinear [/lr_branch/backbone/features.3/conv/conv.2/Clip_output_0:(ty=1,shape=[1,144,128,128]),onnx::Conv_683_scale:(ty=1,shape=[]),/lr_branch/backbone/features.3/conv/conv.2/Clip_output_0_zero_point:(ty=2,shape=[])]", "device": "NPU"}, {"output": ["/lr_branch/backbone/features.3/conv/conv.2/Clip_output_0_DequantizeLinear_Output"], "input": ["/lr_branch/backbone/features.3/conv/conv.2/Clip_output_0_QuantizeLinear_Output", "onnx::Conv_683_scale", "/lr_branch/backbone/features.3/conv/conv.2/Clip_output_0_zero_point"], "opType": "DequantizeLinear", "comment": "@184 [/lr_branch/backbone/features.3/conv/conv.2/Clip_output_0_DequantizeLinear_Output:(ty=1,shape=[1,144,128,128])] DequantizeLinear [/lr_branch/backbone/features.3/conv/conv.2/Clip_output_0_QuantizeLinear_Output:(ty=2,shape=[1,144,128,128]),onnx::Conv_683_scale:(ty=1,shape=[]),/lr_branch/backbone/features.3/conv/conv.2/Clip_output_0_zero_point:(ty=2,shape=[])]", "device": "NPU"}, {"output": ["onnx::Conv_681_DequantizeLinear_Output"], "input": ["onnx::Conv_681_quantized", "onnx::Conv_672_scale", "onnx::Conv_681_zero_point"], "opType": "DequantizeLinear", "comment": "@52 [onnx::Conv_681_DequantizeLinear_Output:(ty=1,shape=[144])] DequantizeLinear [onnx::Conv_681_quantized:(ty=3,shape=[144]),onnx::Conv_672_scale:(ty=1,shape=[]),onnx::Conv_681_zero_point:(ty=3,shape=[])]", "device": "NPU"}, {"output": ["onnx::Conv_680_DequantizeLinear_Output"], "input": ["onnx::Conv_680_quantized", "/hr_branch/conv_hr4x/conv_hr4x.1/Relu_output_0_scale", "onnx::Conv_680_zero_point"], "opType": "DequantizeLinear", "comment": "@51 [onnx::Conv_680_DequantizeLinear_Output:(ty=1,shape=[144,1,3,3])] DequantizeLinear [onnx::Conv_680_quantized:(ty=3,shape=[144,1,3,3]),/hr_branch/conv_hr4x/conv_hr4x.1/Relu_output_0_scale:(ty=1,shape=[]),onnx::Conv_680_zero_point:(ty=3,shape=[])]", "device": "NPU"}, {"output": ["/lr_branch/backbone/features.3/conv/conv.3/Conv_output_0"], "input": ["/lr_branch/backbone/features.3/conv/conv.2/Clip_output_0_DequantizeLinear_Output", "onnx::Conv_680_DequantizeLinear_Output", "onnx::Conv_681_DequantizeLinear_Output"], "opType": "Conv", "comment": "@185 [/lr_branch/backbone/features.3/conv/conv.3/Conv_output_0:(ty=1,shape=[1,144,128,128])] Conv [/lr_branch/backbone/features.3/conv/conv.2/Clip_output_0_DequantizeLinear_Output:(ty=1,shape=[1,144,128,128]),onnx::Conv_680_DequantizeLinear_Output:(ty=1,shape=[144,1,3,3]),onnx::Conv_681_DequantizeLinear_Output:(ty=1,shape=[144])]", "device": "NPU"}, {"output": ["/lr_branch/backbone/features.3/conv/conv.5/Clip_output_0"], "input": ["/lr_branch/backbone/features.3/conv/conv.3/Conv_output_0", "/lr_branch/backbone/features.0/features.0.2/Constant_output_0", "/lr_branch/backbone/features.0/features.0.2/Constant_1_output_0"], "opType": "Clip", "comment": "@186 [/lr_branch/backbone/features.3/conv/conv.5/Clip_output_0:(ty=1,shape=[1,144,128,128])] Clip [/lr_branch/backbone/features.3/conv/conv.3/Conv_output_0:(ty=1,shape=[1,144,128,128]),/lr_branch/backbone/features.0/features.0.2/Constant_output_0:(ty=1,shape=[]),/lr_branch/backbone/features.0/features.0.2/Constant_1_output_0:(ty=1,shape=[])]", "device": "NPU"}, {"output": ["/lr_branch/backbone/features.3/conv/conv.5/Clip_output_0_QuantizeLinear_Output"], "input": ["/lr_branch/backbone/features.3/conv/conv.5/Clip_output_0", "onnx::Conv_672_scale", "/lr_branch/backbone/features.3/conv/conv.5/Clip_output_0_zero_point"], "opType": "QuantizeLinear", "comment": "@187 [/lr_branch/backbone/features.3/conv/conv.5/Clip_output_0_QuantizeLinear_Output:(ty=2,shape=[1,144,128,128])] QuantizeLinear [/lr_branch/backbone/features.3/conv/conv.5/Clip_output_0:(ty=1,shape=[1,144,128,128]),onnx::Conv_672_scale:(ty=1,shape=[]),/lr_branch/backbone/features.3/conv/conv.5/Clip_output_0_zero_point:(ty=2,shape=[])]", "device": "NPU"}, {"output": ["/lr_branch/backbone/features.3/conv/conv.5/Clip_output_0_DequantizeLinear_Output"], "input": ["/lr_branch/backbone/features.3/conv/conv.5/Clip_output_0_QuantizeLinear_Output", "onnx::Conv_672_scale", "/lr_branch/backbone/features.3/conv/conv.5/Clip_output_0_zero_point"], "opType": "DequantizeLinear", "comment": "@188 [/lr_branch/backbone/features.3/conv/conv.5/Clip_output_0_DequantizeLinear_Output:(ty=1,shape=[1,144,128,128])] DequantizeLinear [/lr_branch/backbone/features.3/conv/conv.5/Clip_output_0_QuantizeLinear_Output:(ty=2,shape=[1,144,128,128]),onnx::Conv_672_scale:(ty=1,shape=[]),/lr_branch/backbone/features.3/conv/conv.5/Clip_output_0_zero_point:(ty=2,shape=[])]", "device": "NPU"}, {"output": ["onnx::Conv_684_DequantizeLinear_Output"], "input": ["onnx::Conv_684_quantized", "onnx::Conv_672_scale", "onnx::Conv_684_zero_point"], "opType": "DequantizeLinear", "comment": "@54 [onnx::Conv_684_DequantizeLinear_Output:(ty=1,shape=[24])] DequantizeLinear [onnx::Conv_684_quantized:(ty=3,shape=[24]),onnx::Conv_672_scale:(ty=1,shape=[]),onnx::Conv_684_zero_point:(ty=3,shape=[])]", "device": "NPU"}, {"output": ["onnx::Conv_683_DequantizeLinear_Output"], "input": ["onnx::Conv_683_quantized", "onnx::Conv_683_scale", "onnx::Conv_683_zero_point"], "opType": "DequantizeLinear", "comment": "@53 [onnx::Conv_683_DequantizeLinear_Output:(ty=1,shape=[24,144,1,1])] DequantizeLinear [onnx::Conv_683_quantized:(ty=3,shape=[24,144,1,1]),onnx::Conv_683_scale:(ty=1,shape=[]),onnx::Conv_683_zero_point:(ty=3,shape=[])]", "device": "NPU"}, {"output": ["/lr_branch/backbone/features.3/conv/conv.6/Conv_output_0"], "input": ["/lr_branch/backbone/features.3/conv/conv.5/Clip_output_0_DequantizeLinear_Output", "onnx::Conv_683_DequantizeLinear_Output", "onnx::Conv_684_DequantizeLinear_Output"], "opType": "Conv", "comment": "@189 [/lr_branch/backbone/features.3/conv/conv.6/Conv_output_0:(ty=1,shape=[1,24,128,128])] Conv [/lr_branch/backbone/features.3/conv/conv.5/Clip_output_0_DequantizeLinear_Output:(ty=1,shape=[1,144,128,128]),onnx::Conv_683_DequantizeLinear_Output:(ty=1,shape=[24,144,1,1]),onnx::Conv_684_DequantizeLinear_Output:(ty=1,shape=[24])]", "device": "NPU"}, {"output": ["/lr_branch/backbone/features.3/conv/conv.6/Conv_output_0_QuantizeLinear_Output"], "input": ["/lr_branch/backbone/features.3/conv/conv.6/Conv_output_0", "/lr_branch/backbone/features.2/conv/conv.5/Clip_output_0_scale", "/lr_branch/backbone/features.3/conv/conv.6/Conv_output_0_zero_point"], "opType": "QuantizeLinear", "comment": "@190 [/lr_branch/backbone/features.3/conv/conv.6/Conv_output_0_QuantizeLinear_Output:(ty=2,shape=[1,24,128,128])] QuantizeLinear [/lr_branch/backbone/features.3/conv/conv.6/Conv_output_0:(ty=1,shape=[1,24,128,128]),/lr_branch/backbone/features.2/conv/conv.5/Clip_output_0_scale:(ty=1,shape=[]),/lr_branch/backbone/features.3/conv/conv.6/Conv_output_0_zero_point:(ty=2,shape=[])]", "device": "NPU"}, {"output": ["/lr_branch/backbone/features.3/conv/conv.6/Conv_output_0_DequantizeLinear_Output"], "input": ["/lr_branch/backbone/features.3/conv/conv.6/Conv_output_0_QuantizeLinear_Output", "/lr_branch/backbone/features.2/conv/conv.5/Clip_output_0_scale", "/lr_branch/backbone/features.3/conv/conv.6/Conv_output_0_zero_point"], "opType": "DequantizeLinear", "comment": "@191 [/lr_branch/backbone/features.3/conv/conv.6/Conv_output_0_DequantizeLinear_Output:(ty=1,shape=[1,24,128,128])] DequantizeLinear [/lr_branch/backbone/features.3/conv/conv.6/Conv_output_0_QuantizeLinear_Output:(ty=2,shape=[1,24,128,128]),/lr_branch/backbone/features.2/conv/conv.5/Clip_output_0_scale:(ty=1,shape=[]),/lr_branch/backbone/features.3/conv/conv.6/Conv_output_0_zero_point:(ty=2,shape=[])]", "device": "NPU"}, {"output": ["/lr_branch/backbone/features.3/Add_output_0"], "input": ["/lr_branch/backbone/features.2/conv/conv.6/Conv_output_0_DequantizeLinear_Output/duplicated", "/lr_branch/backbone/features.3/conv/conv.6/Conv_output_0_DequantizeLinear_Output"], "opType": "Add", "comment": "@192 [/lr_branch/backbone/features.3/Add_output_0:(ty=1,shape=[1,24,128,128])] Add [/lr_branch/backbone/features.2/conv/conv.6/Conv_output_0_DequantizeLinear_Output/duplicated:(ty=1,shape=[1,24,128,128]),/lr_branch/backbone/features.3/conv/conv.6/Conv_output_0_DequantizeLinear_Output:(ty=1,shape=[1,24,128,128])]", "device": "NPU"}, {"output": ["/lr_branch/backbone/features.3/Add_output_0_QuantizeLinear_Output"], "input": ["/lr_branch/backbone/features.3/Add_output_0", "/lr_branch/backbone/features.2/conv/conv.5/Clip_output_0_scale", "/lr_branch/backbone/features.3/Add_output_0_zero_point"], "opType": "QuantizeLinear", "comment": "@193 [/lr_branch/backbone/features.3/Add_output_0_QuantizeLinear_Output:(ty=2,shape=[1,24,128,128])] QuantizeLinear [/lr_branch/backbone/features.3/Add_output_0:(ty=1,shape=[1,24,128,128]),/lr_branch/backbone/features.2/conv/conv.5/Clip_output_0_scale:(ty=1,shape=[]),/lr_branch/backbone/features.3/Add_output_0_zero_point:(ty=2,shape=[])]", "device": "NPU"}, {"output": ["/lr_branch/backbone/features.3/Add_output_0_DequantizeLinear_Output"], "input": ["/lr_branch/backbone/features.3/Add_output_0_QuantizeLinear_Output", "/lr_branch/backbone/features.2/conv/conv.5/Clip_output_0_scale", "/lr_branch/backbone/features.3/Add_output_0_zero_point"], "opType": "DequantizeLinear", "comment": "@194 [/lr_branch/backbone/features.3/Add_output_0_DequantizeLinear_Output:(ty=1,shape=[1,24,128,128])] DequantizeLinear [/lr_branch/backbone/features.3/Add_output_0_QuantizeLinear_Output:(ty=2,shape=[1,24,128,128]),/lr_branch/backbone/features.2/conv/conv.5/Clip_output_0_scale:(ty=1,shape=[]),/lr_branch/backbone/features.3/Add_output_0_zero_point:(ty=2,shape=[])]", "device": "NPU"}, {"output": ["onnx::Conv_687_DequantizeLinear_Output"], "input": ["onnx::Conv_687_quantized", "onnx::Conv_696_scale", "onnx::Conv_687_zero_point"], "opType": "DequantizeLinear", "comment": "@56 [onnx::Conv_687_DequantizeLinear_Output:(ty=1,shape=[144])] DequantizeLinear [onnx::Conv_687_quantized:(ty=3,shape=[144]),onnx::Conv_696_scale:(ty=1,shape=[]),onnx::Conv_687_zero_point:(ty=3,shape=[])]", "device": "NPU"}, {"output": ["onnx::Conv_686_DequantizeLinear_Output"], "input": ["onnx::Conv_686_quantized", "onnx::Conv_696_scale", "onnx::Conv_686_zero_point"], "opType": "DequantizeLinear", "comment": "@55 [onnx::Conv_686_DequantizeLinear_Output:(ty=1,shape=[144,24,1,1])] DequantizeLinear [onnx::Conv_686_quantized:(ty=3,shape=[144,24,1,1]),onnx::Conv_696_scale:(ty=1,shape=[]),onnx::Conv_686_zero_point:(ty=3,shape=[])]", "device": "NPU"}, {"output": ["/lr_branch/backbone/features.4/conv/conv.0/Conv_output_0"], "input": ["/lr_branch/backbone/features.3/Add_output_0_DequantizeLinear_Output", "onnx::Conv_686_DequantizeLinear_Output", "onnx::Conv_687_DequantizeLinear_Output"], "opType": "Conv", "comment": "@195 [/lr_branch/backbone/features.4/conv/conv.0/Conv_output_0:(ty=1,shape=[1,144,128,128])] Conv [/lr_branch/backbone/features.3/Add_output_0_DequantizeLinear_Output:(ty=1,shape=[1,24,128,128]),onnx::Conv_686_DequantizeLinear_Output:(ty=1,shape=[144,24,1,1]),onnx::Conv_687_DequantizeLinear_Output:(ty=1,shape=[144])]", "device": "NPU"}, {"output": ["/lr_branch/backbone/features.4/conv/conv.2/Clip_output_0"], "input": ["/lr_branch/backbone/features.4/conv/conv.0/Conv_output_0", "/lr_branch/backbone/features.0/features.0.2/Constant_output_0", "/lr_branch/backbone/features.0/features.0.2/Constant_1_output_0"], "opType": "Clip", "comment": "@197 [/lr_branch/backbone/features.4/conv/conv.2/Clip_output_0:(ty=1,shape=[1,144,128,128])] Clip [/lr_branch/backbone/features.4/conv/conv.0/Conv_output_0:(ty=1,shape=[1,144,128,128]),/lr_branch/backbone/features.0/features.0.2/Constant_output_0:(ty=1,shape=[]),/lr_branch/backbone/features.0/features.0.2/Constant_1_output_0:(ty=1,shape=[])]", "device": "NPU"}, {"output": ["/lr_branch/backbone/features.4/conv/conv.2/Clip_output_0_QuantizeLinear_Output"], "input": ["/lr_branch/backbone/features.4/conv/conv.2/Clip_output_0", "onnx::Conv_672_scale", "/lr_branch/backbone/features.4/conv/conv.2/Clip_output_0_zero_point"], "opType": "QuantizeLinear", "comment": "@199 [/lr_branch/backbone/features.4/conv/conv.2/Clip_output_0_QuantizeLinear_Output:(ty=2,shape=[1,144,128,128])] QuantizeLinear [/lr_branch/backbone/features.4/conv/conv.2/Clip_output_0:(ty=1,shape=[1,144,128,128]),onnx::Conv_672_scale:(ty=1,shape=[]),/lr_branch/backbone/features.4/conv/conv.2/Clip_output_0_zero_point:(ty=2,shape=[])]", "device": "NPU"}, {"output": ["/lr_branch/backbone/features.4/conv/conv.2/Clip_output_0_DequantizeLinear_Output"], "input": ["/lr_branch/backbone/features.4/conv/conv.2/Clip_output_0_QuantizeLinear_Output", "onnx::Conv_672_scale", "/lr_branch/backbone/features.4/conv/conv.2/Clip_output_0_zero_point"], "opType": "DequantizeLinear", "comment": "@201 [/lr_branch/backbone/features.4/conv/conv.2/Clip_output_0_DequantizeLinear_Output:(ty=1,shape=[1,144,128,128])] DequantizeLinear [/lr_branch/backbone/features.4/conv/conv.2/Clip_output_0_QuantizeLinear_Output:(ty=2,shape=[1,144,128,128]),onnx::Conv_672_scale:(ty=1,shape=[]),/lr_branch/backbone/features.4/conv/conv.2/Clip_output_0_zero_point:(ty=2,shape=[])]", "device": "NPU"}, {"output": ["onnx::Conv_690_DequantizeLinear_Output"], "input": ["onnx::Conv_690_quantized", "onnx::Conv_672_scale", "onnx::Conv_690_zero_point"], "opType": "DequantizeLinear", "comment": "@58 [onnx::Conv_690_DequantizeLinear_Output:(ty=1,shape=[144])] DequantizeLinear [onnx::Conv_690_quantized:(ty=3,shape=[144]),onnx::Conv_672_scale:(ty=1,shape=[]),onnx::Conv_690_zero_point:(ty=3,shape=[])]", "device": "NPU"}, {"output": ["onnx::Conv_689_DequantizeLinear_Output"], "input": ["onnx::Conv_689_quantized", "onnx::Conv_672_scale", "onnx::Conv_689_zero_point"], "opType": "DequantizeLinear", "comment": "@57 [onnx::Conv_689_DequantizeLinear_Output:(ty=1,shape=[144,1,3,3])] DequantizeLinear [onnx::Conv_689_quantized:(ty=3,shape=[144,1,3,3]),onnx::Conv_672_scale:(ty=1,shape=[]),onnx::Conv_689_zero_point:(ty=3,shape=[])]", "device": "NPU"}, {"output": ["/lr_branch/backbone/features.4/conv/conv.3/Conv_output_0"], "input": ["/lr_branch/backbone/features.4/conv/conv.2/Clip_output_0_DequantizeLinear_Output", "onnx::Conv_689_DequantizeLinear_Output", "onnx::Conv_690_DequantizeLinear_Output"], "opType": "Conv", "comment": "@203 [/lr_branch/backbone/features.4/conv/conv.3/Conv_output_0:(ty=1,shape=[1,144,64,64])] Conv [/lr_branch/backbone/features.4/conv/conv.2/Clip_output_0_DequantizeLinear_Output:(ty=1,shape=[1,144,128,128]),onnx::Conv_689_DequantizeLinear_Output:(ty=1,shape=[144,1,3,3]),onnx::Conv_690_DequantizeLinear_Output:(ty=1,shape=[144])]", "device": "NPU"}, {"output": ["/lr_branch/backbone/features.4/conv/conv.5/Clip_output_0"], "input": ["/lr_branch/backbone/features.4/conv/conv.3/Conv_output_0", "/lr_branch/backbone/features.0/features.0.2/Constant_output_0", "/lr_branch/backbone/features.0/features.0.2/Constant_1_output_0"], "opType": "Clip", "comment": "@205 [/lr_branch/backbone/features.4/conv/conv.5/Clip_output_0:(ty=1,shape=[1,144,64,64])] Clip [/lr_branch/backbone/features.4/conv/conv.3/Conv_output_0:(ty=1,shape=[1,144,64,64]),/lr_branch/backbone/features.0/features.0.2/Constant_output_0:(ty=1,shape=[]),/lr_branch/backbone/features.0/features.0.2/Constant_1_output_0:(ty=1,shape=[])]", "device": "NPU"}, {"output": ["/lr_branch/backbone/features.4/conv/conv.5/Clip_output_0_QuantizeLinear_Output"], "input": ["/lr_branch/backbone/features.4/conv/conv.5/Clip_output_0", "onnx::Conv_672_scale", "/lr_branch/backbone/features.4/conv/conv.5/Clip_output_0_zero_point"], "opType": "QuantizeLinear", "comment": "@207 [/lr_branch/backbone/features.4/conv/conv.5/Clip_output_0_QuantizeLinear_Output:(ty=2,shape=[1,144,64,64])] QuantizeLinear [/lr_branch/backbone/features.4/conv/conv.5/Clip_output_0:(ty=1,shape=[1,144,64,64]),onnx::Conv_672_scale:(ty=1,shape=[]),/lr_branch/backbone/features.4/conv/conv.5/Clip_output_0_zero_point:(ty=2,shape=[])]", "device": "NPU"}, {"output": ["/lr_branch/backbone/features.4/conv/conv.5/Clip_output_0_DequantizeLinear_Output"], "input": ["/lr_branch/backbone/features.4/conv/conv.5/Clip_output_0_QuantizeLinear_Output", "onnx::Conv_672_scale", "/lr_branch/backbone/features.4/conv/conv.5/Clip_output_0_zero_point"], "opType": "DequantizeLinear", "comment": "@209 [/lr_branch/backbone/features.4/conv/conv.5/Clip_output_0_DequantizeLinear_Output:(ty=1,shape=[1,144,64,64])] DequantizeLinear [/lr_branch/backbone/features.4/conv/conv.5/Clip_output_0_QuantizeLinear_Output:(ty=2,shape=[1,144,64,64]),onnx::Conv_672_scale:(ty=1,shape=[]),/lr_branch/backbone/features.4/conv/conv.5/Clip_output_0_zero_point:(ty=2,shape=[])]", "device": "NPU"}, {"output": ["onnx::Conv_693_DequantizeLinear_Output"], "input": ["onnx::Conv_693_quantized", "onnx::Conv_672_scale", "onnx::Conv_693_zero_point"], "opType": "DequantizeLinear", "comment": "@60 [onnx::Conv_693_DequantizeLinear_Output:(ty=1,shape=[32])] DequantizeLinear [onnx::Conv_693_quantized:(ty=3,shape=[32]),onnx::Conv_672_scale:(ty=1,shape=[]),onnx::Conv_693_zero_point:(ty=3,shape=[])]", "device": "NPU"}, {"output": ["onnx::Conv_692_DequantizeLinear_Output"], "input": ["onnx::Conv_692_quantized", "onnx::Conv_674_scale", "onnx::Conv_692_zero_point"], "opType": "DequantizeLinear", "comment": "@59 [onnx::Conv_692_DequantizeLinear_Output:(ty=1,shape=[32,144,1,1])] DequantizeLinear [onnx::Conv_692_quantized:(ty=3,shape=[32,144,1,1]),onnx::Conv_674_scale:(ty=1,shape=[]),onnx::Conv_692_zero_point:(ty=3,shape=[])]", "device": "NPU"}, {"output": ["/lr_branch/backbone/features.4/conv/conv.6/Conv_output_0"], "input": ["/lr_branch/backbone/features.4/conv/conv.5/Clip_output_0_DequantizeLinear_Output", "onnx::Conv_692_DequantizeLinear_Output", "onnx::Conv_693_DequantizeLinear_Output"], "opType": "Conv", "comment": "@211 [/lr_branch/backbone/features.4/conv/conv.6/Conv_output_0:(ty=1,shape=[1,32,64,64])] Conv [/lr_branch/backbone/features.4/conv/conv.5/Clip_output_0_DequantizeLinear_Output:(ty=1,shape=[1,144,64,64]),onnx::Conv_692_DequantizeLinear_Output:(ty=1,shape=[32,144,1,1]),onnx::Conv_693_DequantizeLinear_Output:(ty=1,shape=[32])]", "device": "NPU"}, {"output": ["/lr_branch/backbone/features.4/conv/conv.6/Conv_output_0_QuantizeLinear_Output"], "input": ["/lr_branch/backbone/features.4/conv/conv.6/Conv_output_0", "onnx::Conv_672_scale", "/lr_branch/backbone/features.4/conv/conv.6/Conv_output_0_zero_point"], "opType": "QuantizeLinear", "comment": "@213 [/lr_branch/backbone/features.4/conv/conv.6/Conv_output_0_QuantizeLinear_Output:(ty=2,shape=[1,32,64,64])] QuantizeLinear [/lr_branch/backbone/features.4/conv/conv.6/Conv_output_0:(ty=1,shape=[1,32,64,64]),onnx::Conv_672_scale:(ty=1,shape=[]),/lr_branch/backbone/features.4/conv/conv.6/Conv_output_0_zero_point:(ty=2,shape=[])]", "device": "NPU"}, {"output": ["/lr_branch/backbone/features.4/conv/conv.6/Conv_output_0_DequantizeLinear_Output/duplicated"], "input": ["/lr_branch/backbone/features.4/conv/conv.6/Conv_output_0_QuantizeLinear_Output", "onnx::Conv_672_scale", "/lr_branch/backbone/features.4/conv/conv.6/Conv_output_0_zero_point"], "opType": "DequantizeLinear", "comment": "@496 [/lr_branch/backbone/features.4/conv/conv.6/Conv_output_0_DequantizeLinear_Output/duplicated:(ty=1,shape=[1,32,64,64])] DequantizeLinear [/lr_branch/backbone/features.4/conv/conv.6/Conv_output_0_QuantizeLinear_Output:(ty=2,shape=[1,32,64,64]),onnx::Conv_672_scale:(ty=1,shape=[]),/lr_branch/backbone/features.4/conv/conv.6/Conv_output_0_zero_point:(ty=2,shape=[])]", "device": "NPU"}, {"output": ["/lr_branch/backbone/features.4/conv/conv.6/Conv_output_0_DequantizeLinear_Output"], "input": ["/lr_branch/backbone/features.4/conv/conv.6/Conv_output_0_QuantizeLinear_Output", "onnx::Conv_672_scale", "/lr_branch/backbone/features.4/conv/conv.6/Conv_output_0_zero_point"], "opType": "DequantizeLinear", "comment": "@215 [/lr_branch/backbone/features.4/conv/conv.6/Conv_output_0_DequantizeLinear_Output:(ty=1,shape=[1,32,64,64])] DequantizeLinear [/lr_branch/backbone/features.4/conv/conv.6/Conv_output_0_QuantizeLinear_Output:(ty=2,shape=[1,32,64,64]),onnx::Conv_672_scale:(ty=1,shape=[]),/lr_branch/backbone/features.4/conv/conv.6/Conv_output_0_zero_point:(ty=2,shape=[])]", "device": "NPU"}, {"output": ["onnx::Conv_696_DequantizeLinear_Output"], "input": ["onnx::Conv_696_quantized", "onnx::Conv_696_scale", "onnx::Conv_696_zero_point"], "opType": "DequantizeLinear", "comment": "@62 [onnx::Conv_696_DequantizeLinear_Output:(ty=1,shape=[192])] DequantizeLinear [onnx::Conv_696_quantized:(ty=3,shape=[192]),onnx::Conv_696_scale:(ty=1,shape=[]),onnx::Conv_696_zero_point:(ty=3,shape=[])]", "device": "NPU"}, {"output": ["onnx::Conv_695_DequantizeLinear_Output"], "input": ["onnx::Conv_695_quantized", "onnx::Conv_758_scale", "onnx::Conv_695_zero_point"], "opType": "DequantizeLinear", "comment": "@61 [onnx::Conv_695_DequantizeLinear_Output:(ty=1,shape=[192,32,1,1])] DequantizeLinear [onnx::Conv_695_quantized:(ty=3,shape=[192,32,1,1]),onnx::Conv_758_scale:(ty=1,shape=[]),onnx::Conv_695_zero_point:(ty=3,shape=[])]", "device": "NPU"}, {"output": ["/lr_branch/backbone/features.5/conv/conv.0/Conv_output_0"], "input": ["/lr_branch/backbone/features.4/conv/conv.6/Conv_output_0_DequantizeLinear_Output", "onnx::Conv_695_DequantizeLinear_Output", "onnx::Conv_696_DequantizeLinear_Output"], "opType": "Conv", "comment": "@217 [/lr_branch/backbone/features.5/conv/conv.0/Conv_output_0:(ty=1,shape=[1,192,64,64])] Conv [/lr_branch/backbone/features.4/conv/conv.6/Conv_output_0_DequantizeLinear_Output:(ty=1,shape=[1,32,64,64]),onnx::Conv_695_DequantizeLinear_Output:(ty=1,shape=[192,32,1,1]),onnx::Conv_696_DequantizeLinear_Output:(ty=1,shape=[192])]", "device": "NPU"}, {"output": ["/lr_branch/backbone/features.5/conv/conv.2/Clip_output_0"], "input": ["/lr_branch/backbone/features.5/conv/conv.0/Conv_output_0", "/lr_branch/backbone/features.0/features.0.2/Constant_output_0", "/lr_branch/backbone/features.0/features.0.2/Constant_1_output_0"], "opType": "Clip", "comment": "@218 [/lr_branch/backbone/features.5/conv/conv.2/Clip_output_0:(ty=1,shape=[1,192,64,64])] Clip [/lr_branch/backbone/features.5/conv/conv.0/Conv_output_0:(ty=1,shape=[1,192,64,64]),/lr_branch/backbone/features.0/features.0.2/Constant_output_0:(ty=1,shape=[]),/lr_branch/backbone/features.0/features.0.2/Constant_1_output_0:(ty=1,shape=[])]", "device": "NPU"}, {"output": ["/lr_branch/backbone/features.5/conv/conv.2/Clip_output_0_QuantizeLinear_Output"], "input": ["/lr_branch/backbone/features.5/conv/conv.2/Clip_output_0", "onnx::Conv_683_scale", "/lr_branch/backbone/features.5/conv/conv.2/Clip_output_0_zero_point"], "opType": "QuantizeLinear", "comment": "@219 [/lr_branch/backbone/features.5/conv/conv.2/Clip_output_0_QuantizeLinear_Output:(ty=2,shape=[1,192,64,64])] QuantizeLinear [/lr_branch/backbone/features.5/conv/conv.2/Clip_output_0:(ty=1,shape=[1,192,64,64]),onnx::Conv_683_scale:(ty=1,shape=[]),/lr_branch/backbone/features.5/conv/conv.2/Clip_output_0_zero_point:(ty=2,shape=[])]", "device": "NPU"}, {"output": ["/lr_branch/backbone/features.5/conv/conv.2/Clip_output_0_DequantizeLinear_Output"], "input": ["/lr_branch/backbone/features.5/conv/conv.2/Clip_output_0_QuantizeLinear_Output", "onnx::Conv_683_scale", "/lr_branch/backbone/features.5/conv/conv.2/Clip_output_0_zero_point"], "opType": "DequantizeLinear", "comment": "@220 [/lr_branch/backbone/features.5/conv/conv.2/Clip_output_0_DequantizeLinear_Output:(ty=1,shape=[1,192,64,64])] DequantizeLinear [/lr_branch/backbone/features.5/conv/conv.2/Clip_output_0_QuantizeLinear_Output:(ty=2,shape=[1,192,64,64]),onnx::Conv_683_scale:(ty=1,shape=[]),/lr_branch/backbone/features.5/conv/conv.2/Clip_output_0_zero_point:(ty=2,shape=[])]", "device": "NPU"}, {"output": ["onnx::Conv_699_DequantizeLinear_Output"], "input": ["onnx::Conv_699_quantized", "/lr_branch/backbone/features.2/conv/conv.5/Clip_output_0_scale", "onnx::Conv_699_zero_point"], "opType": "DequantizeLinear", "comment": "@64 [onnx::Conv_699_DequantizeLinear_Output:(ty=1,shape=[192])] DequantizeLinear [onnx::Conv_699_quantized:(ty=3,shape=[192]),/lr_branch/backbone/features.2/conv/conv.5/Clip_output_0_scale:(ty=1,shape=[]),onnx::Conv_699_zero_point:(ty=3,shape=[])]", "device": "NPU"}, {"output": ["onnx::Conv_698_DequantizeLinear_Output"], "input": ["onnx::Conv_698_quantized", "/lr_branch/backbone/features.2/conv/conv.5/Clip_output_0_scale", "onnx::Conv_698_zero_point"], "opType": "DequantizeLinear", "comment": "@63 [onnx::Conv_698_DequantizeLinear_Output:(ty=1,shape=[192,1,3,3])] DequantizeLinear [onnx::Conv_698_quantized:(ty=3,shape=[192,1,3,3]),/lr_branch/backbone/features.2/conv/conv.5/Clip_output_0_scale:(ty=1,shape=[]),onnx::Conv_698_zero_point:(ty=3,shape=[])]", "device": "NPU"}, {"output": ["/lr_branch/backbone/features.5/conv/conv.3/Conv_output_0"], "input": ["/lr_branch/backbone/features.5/conv/conv.2/Clip_output_0_DequantizeLinear_Output", "onnx::Conv_698_DequantizeLinear_Output", "onnx::Conv_699_DequantizeLinear_Output"], "opType": "Conv", "comment": "@221 [/lr_branch/backbone/features.5/conv/conv.3/Conv_output_0:(ty=1,shape=[1,192,64,64])] Conv [/lr_branch/backbone/features.5/conv/conv.2/Clip_output_0_DequantizeLinear_Output:(ty=1,shape=[1,192,64,64]),onnx::Conv_698_DequantizeLinear_Output:(ty=1,shape=[192,1,3,3]),onnx::Conv_699_DequantizeLinear_Output:(ty=1,shape=[192])]", "device": "NPU"}, {"output": ["/lr_branch/backbone/features.5/conv/conv.5/Clip_output_0"], "input": ["/lr_branch/backbone/features.5/conv/conv.3/Conv_output_0", "/lr_branch/backbone/features.0/features.0.2/Constant_output_0", "/lr_branch/backbone/features.0/features.0.2/Constant_1_output_0"], "opType": "Clip", "comment": "@222 [/lr_branch/backbone/features.5/conv/conv.5/Clip_output_0:(ty=1,shape=[1,192,64,64])] Clip [/lr_branch/backbone/features.5/conv/conv.3/Conv_output_0:(ty=1,shape=[1,192,64,64]),/lr_branch/backbone/features.0/features.0.2/Constant_output_0:(ty=1,shape=[]),/lr_branch/backbone/features.0/features.0.2/Constant_1_output_0:(ty=1,shape=[])]", "device": "NPU"}, {"output": ["/lr_branch/backbone/features.5/conv/conv.5/Clip_output_0_QuantizeLinear_Output"], "input": ["/lr_branch/backbone/features.5/conv/conv.5/Clip_output_0", "onnx::Conv_683_scale", "/lr_branch/backbone/features.5/conv/conv.5/Clip_output_0_zero_point"], "opType": "QuantizeLinear", "comment": "@223 [/lr_branch/backbone/features.5/conv/conv.5/Clip_output_0_QuantizeLinear_Output:(ty=2,shape=[1,192,64,64])] QuantizeLinear [/lr_branch/backbone/features.5/conv/conv.5/Clip_output_0:(ty=1,shape=[1,192,64,64]),onnx::Conv_683_scale:(ty=1,shape=[]),/lr_branch/backbone/features.5/conv/conv.5/Clip_output_0_zero_point:(ty=2,shape=[])]", "device": "NPU"}, {"output": ["/lr_branch/backbone/features.5/conv/conv.5/Clip_output_0_DequantizeLinear_Output"], "input": ["/lr_branch/backbone/features.5/conv/conv.5/Clip_output_0_QuantizeLinear_Output", "onnx::Conv_683_scale", "/lr_branch/backbone/features.5/conv/conv.5/Clip_output_0_zero_point"], "opType": "DequantizeLinear", "comment": "@224 [/lr_branch/backbone/features.5/conv/conv.5/Clip_output_0_DequantizeLinear_Output:(ty=1,shape=[1,192,64,64])] DequantizeLinear [/lr_branch/backbone/features.5/conv/conv.5/Clip_output_0_QuantizeLinear_Output:(ty=2,shape=[1,192,64,64]),onnx::Conv_683_scale:(ty=1,shape=[]),/lr_branch/backbone/features.5/conv/conv.5/Clip_output_0_zero_point:(ty=2,shape=[])]", "device": "NPU"}, {"output": ["onnx::Conv_702_DequantizeLinear_Output"], "input": ["onnx::Conv_702_quantized", "onnx::Conv_674_scale", "onnx::Conv_702_zero_point"], "opType": "DequantizeLinear", "comment": "@66 [onnx::Conv_702_DequantizeLinear_Output:(ty=1,shape=[32])] DequantizeLinear [onnx::Conv_702_quantized:(ty=3,shape=[32]),onnx::Conv_674_scale:(ty=1,shape=[]),onnx::Conv_702_zero_point:(ty=3,shape=[])]", "device": "NPU"}, {"output": ["onnx::Conv_701_DequantizeLinear_Output"], "input": ["onnx::Conv_701_quantized", "onnx::Conv_674_scale", "onnx::Conv_701_zero_point"], "opType": "DequantizeLinear", "comment": "@65 [onnx::Conv_701_DequantizeLinear_Output:(ty=1,shape=[32,192,1,1])] DequantizeLinear [onnx::Conv_701_quantized:(ty=3,shape=[32,192,1,1]),onnx::Conv_674_scale:(ty=1,shape=[]),onnx::Conv_701_zero_point:(ty=3,shape=[])]", "device": "NPU"}, {"output": ["/lr_branch/backbone/features.5/conv/conv.6/Conv_output_0"], "input": ["/lr_branch/backbone/features.5/conv/conv.5/Clip_output_0_DequantizeLinear_Output", "onnx::Conv_701_DequantizeLinear_Output", "onnx::Conv_702_DequantizeLinear_Output"], "opType": "Conv", "comment": "@225 [/lr_branch/backbone/features.5/conv/conv.6/Conv_output_0:(ty=1,shape=[1,32,64,64])] Conv [/lr_branch/backbone/features.5/conv/conv.5/Clip_output_0_DequantizeLinear_Output:(ty=1,shape=[1,192,64,64]),onnx::Conv_701_DequantizeLinear_Output:(ty=1,shape=[32,192,1,1]),onnx::Conv_702_DequantizeLinear_Output:(ty=1,shape=[32])]", "device": "NPU"}, {"output": ["/lr_branch/backbone/features.5/conv/conv.6/Conv_output_0_QuantizeLinear_Output"], "input": ["/lr_branch/backbone/features.5/conv/conv.6/Conv_output_0", "onnx::Conv_672_scale", "/lr_branch/backbone/features.5/conv/conv.6/Conv_output_0_zero_point"], "opType": "QuantizeLinear", "comment": "@226 [/lr_branch/backbone/features.5/conv/conv.6/Conv_output_0_QuantizeLinear_Output:(ty=2,shape=[1,32,64,64])] QuantizeLinear [/lr_branch/backbone/features.5/conv/conv.6/Conv_output_0:(ty=1,shape=[1,32,64,64]),onnx::Conv_672_scale:(ty=1,shape=[]),/lr_branch/backbone/features.5/conv/conv.6/Conv_output_0_zero_point:(ty=2,shape=[])]", "device": "NPU"}, {"output": ["/lr_branch/backbone/features.5/conv/conv.6/Conv_output_0_DequantizeLinear_Output"], "input": ["/lr_branch/backbone/features.5/conv/conv.6/Conv_output_0_QuantizeLinear_Output", "onnx::Conv_672_scale", "/lr_branch/backbone/features.5/conv/conv.6/Conv_output_0_zero_point"], "opType": "DequantizeLinear", "comment": "@227 [/lr_branch/backbone/features.5/conv/conv.6/Conv_output_0_DequantizeLinear_Output:(ty=1,shape=[1,32,64,64])] DequantizeLinear [/lr_branch/backbone/features.5/conv/conv.6/Conv_output_0_QuantizeLinear_Output:(ty=2,shape=[1,32,64,64]),onnx::Conv_672_scale:(ty=1,shape=[]),/lr_branch/backbone/features.5/conv/conv.6/Conv_output_0_zero_point:(ty=2,shape=[])]", "device": "NPU"}, {"output": ["/lr_branch/backbone/features.5/Add_output_0"], "input": ["/lr_branch/backbone/features.4/conv/conv.6/Conv_output_0_DequantizeLinear_Output/duplicated", "/lr_branch/backbone/features.5/conv/conv.6/Conv_output_0_DequantizeLinear_Output"], "opType": "Add", "comment": "@228 [/lr_branch/backbone/features.5/Add_output_0:(ty=1,shape=[1,32,64,64])] Add [/lr_branch/backbone/features.4/conv/conv.6/Conv_output_0_DequantizeLinear_Output/duplicated:(ty=1,shape=[1,32,64,64]),/lr_branch/backbone/features.5/conv/conv.6/Conv_output_0_DequantizeLinear_Output:(ty=1,shape=[1,32,64,64])]", "device": "NPU"}, {"output": ["/lr_branch/backbone/features.5/Add_output_0_QuantizeLinear_Output"], "input": ["/lr_branch/backbone/features.5/Add_output_0", "/lr_branch/backbone/features.2/conv/conv.5/Clip_output_0_scale", "/lr_branch/backbone/features.5/Add_output_0_zero_point"], "opType": "QuantizeLinear", "comment": "@229 [/lr_branch/backbone/features.5/Add_output_0_QuantizeLinear_Output:(ty=2,shape=[1,32,64,64])] QuantizeLinear [/lr_branch/backbone/features.5/Add_output_0:(ty=1,shape=[1,32,64,64]),/lr_branch/backbone/features.2/conv/conv.5/Clip_output_0_scale:(ty=1,shape=[]),/lr_branch/backbone/features.5/Add_output_0_zero_point:(ty=2,shape=[])]", "device": "NPU"}, {"output": ["/lr_branch/backbone/features.5/Add_output_0_DequantizeLinear_Output/duplicated"], "input": ["/lr_branch/backbone/features.5/Add_output_0_QuantizeLinear_Output", "/lr_branch/backbone/features.2/conv/conv.5/Clip_output_0_scale", "/lr_branch/backbone/features.5/Add_output_0_zero_point"], "opType": "DequantizeLinear", "comment": "@497 [/lr_branch/backbone/features.5/Add_output_0_DequantizeLinear_Output/duplicated:(ty=1,shape=[1,32,64,64])] DequantizeLinear [/lr_branch/backbone/features.5/Add_output_0_QuantizeLinear_Output:(ty=2,shape=[1,32,64,64]),/lr_branch/backbone/features.2/conv/conv.5/Clip_output_0_scale:(ty=1,shape=[]),/lr_branch/backbone/features.5/Add_output_0_zero_point:(ty=2,shape=[])]", "device": "NPU"}, {"output": ["/lr_branch/backbone/features.5/Add_output_0_DequantizeLinear_Output"], "input": ["/lr_branch/backbone/features.5/Add_output_0_QuantizeLinear_Output", "/lr_branch/backbone/features.2/conv/conv.5/Clip_output_0_scale", "/lr_branch/backbone/features.5/Add_output_0_zero_point"], "opType": "DequantizeLinear", "comment": "@230 [/lr_branch/backbone/features.5/Add_output_0_DequantizeLinear_Output:(ty=1,shape=[1,32,64,64])] DequantizeLinear [/lr_branch/backbone/features.5/Add_output_0_QuantizeLinear_Output:(ty=2,shape=[1,32,64,64]),/lr_branch/backbone/features.2/conv/conv.5/Clip_output_0_scale:(ty=1,shape=[]),/lr_branch/backbone/features.5/Add_output_0_zero_point:(ty=2,shape=[])]", "device": "NPU"}, {"output": ["onnx::Conv_705_DequantizeLinear_Output"], "input": ["onnx::Conv_705_quantized", "onnx::Conv_696_scale", "onnx::Conv_705_zero_point"], "opType": "DequantizeLinear", "comment": "@68 [onnx::Conv_705_DequantizeLinear_Output:(ty=1,shape=[192])] DequantizeLinear [onnx::Conv_705_quantized:(ty=3,shape=[192]),onnx::Conv_696_scale:(ty=1,shape=[]),onnx::Conv_705_zero_point:(ty=3,shape=[])]", "device": "NPU"}, {"output": ["onnx::Conv_704_DequantizeLinear_Output"], "input": ["onnx::Conv_704_quantized", "onnx::Conv_722_scale", "onnx::Conv_704_zero_point"], "opType": "DequantizeLinear", "comment": "@67 [onnx::Conv_704_DequantizeLinear_Output:(ty=1,shape=[192,32,1,1])] DequantizeLinear [onnx::Conv_704_quantized:(ty=3,shape=[192,32,1,1]),onnx::Conv_722_scale:(ty=1,shape=[]),onnx::Conv_704_zero_point:(ty=3,shape=[])]", "device": "NPU"}, {"output": ["/lr_branch/backbone/features.6/conv/conv.0/Conv_output_0"], "input": ["/lr_branch/backbone/features.5/Add_output_0_DequantizeLinear_Output", "onnx::Conv_704_DequantizeLinear_Output", "onnx::Conv_705_DequantizeLinear_Output"], "opType": "Conv", "comment": "@231 [/lr_branch/backbone/features.6/conv/conv.0/Conv_output_0:(ty=1,shape=[1,192,64,64])] Conv [/lr_branch/backbone/features.5/Add_output_0_DequantizeLinear_Output:(ty=1,shape=[1,32,64,64]),onnx::Conv_704_DequantizeLinear_Output:(ty=1,shape=[192,32,1,1]),onnx::Conv_705_DequantizeLinear_Output:(ty=1,shape=[192])]", "device": "NPU"}, {"output": ["/lr_branch/backbone/features.6/conv/conv.2/Clip_output_0"], "input": ["/lr_branch/backbone/features.6/conv/conv.0/Conv_output_0", "/lr_branch/backbone/features.0/features.0.2/Constant_output_0", "/lr_branch/backbone/features.0/features.0.2/Constant_1_output_0"], "opType": "Clip", "comment": "@232 [/lr_branch/backbone/features.6/conv/conv.2/Clip_output_0:(ty=1,shape=[1,192,64,64])] Clip [/lr_branch/backbone/features.6/conv/conv.0/Conv_output_0:(ty=1,shape=[1,192,64,64]),/lr_branch/backbone/features.0/features.0.2/Constant_output_0:(ty=1,shape=[]),/lr_branch/backbone/features.0/features.0.2/Constant_1_output_0:(ty=1,shape=[])]", "device": "NPU"}, {"output": ["/lr_branch/backbone/features.6/conv/conv.2/Clip_output_0_QuantizeLinear_Output"], "input": ["/lr_branch/backbone/features.6/conv/conv.2/Clip_output_0", "onnx::Conv_683_scale", "/lr_branch/backbone/features.6/conv/conv.2/Clip_output_0_zero_point"], "opType": "QuantizeLinear", "comment": "@233 [/lr_branch/backbone/features.6/conv/conv.2/Clip_output_0_QuantizeLinear_Output:(ty=2,shape=[1,192,64,64])] QuantizeLinear [/lr_branch/backbone/features.6/conv/conv.2/Clip_output_0:(ty=1,shape=[1,192,64,64]),onnx::Conv_683_scale:(ty=1,shape=[]),/lr_branch/backbone/features.6/conv/conv.2/Clip_output_0_zero_point:(ty=2,shape=[])]", "device": "NPU"}, {"output": ["/lr_branch/backbone/features.6/conv/conv.2/Clip_output_0_DequantizeLinear_Output"], "input": ["/lr_branch/backbone/features.6/conv/conv.2/Clip_output_0_QuantizeLinear_Output", "onnx::Conv_683_scale", "/lr_branch/backbone/features.6/conv/conv.2/Clip_output_0_zero_point"], "opType": "DequantizeLinear", "comment": "@234 [/lr_branch/backbone/features.6/conv/conv.2/Clip_output_0_DequantizeLinear_Output:(ty=1,shape=[1,192,64,64])] DequantizeLinear [/lr_branch/backbone/features.6/conv/conv.2/Clip_output_0_QuantizeLinear_Output:(ty=2,shape=[1,192,64,64]),onnx::Conv_683_scale:(ty=1,shape=[]),/lr_branch/backbone/features.6/conv/conv.2/Clip_output_0_zero_point:(ty=2,shape=[])]", "device": "NPU"}, {"output": ["onnx::Conv_708_DequantizeLinear_Output"], "input": ["onnx::Conv_708_quantized", "onnx::Conv_683_scale", "onnx::Conv_708_zero_point"], "opType": "DequantizeLinear", "comment": "@70 [onnx::Conv_708_DequantizeLinear_Output:(ty=1,shape=[192])] DequantizeLinear [onnx::Conv_708_quantized:(ty=3,shape=[192]),onnx::Conv_683_scale:(ty=1,shape=[]),onnx::Conv_708_zero_point:(ty=3,shape=[])]", "device": "NPU"}, {"output": ["onnx::Conv_707_DequantizeLinear_Output"], "input": ["onnx::Conv_707_quantized", "/lr_branch/backbone/features.2/conv/conv.5/Clip_output_0_scale", "onnx::Conv_707_zero_point"], "opType": "DequantizeLinear", "comment": "@69 [onnx::Conv_707_DequantizeLinear_Output:(ty=1,shape=[192,1,3,3])] DequantizeLinear [onnx::Conv_707_quantized:(ty=3,shape=[192,1,3,3]),/lr_branch/backbone/features.2/conv/conv.5/Clip_output_0_scale:(ty=1,shape=[]),onnx::Conv_707_zero_point:(ty=3,shape=[])]", "device": "NPU"}, {"output": ["/lr_branch/backbone/features.6/conv/conv.3/Conv_output_0"], "input": ["/lr_branch/backbone/features.6/conv/conv.2/Clip_output_0_DequantizeLinear_Output", "onnx::Conv_707_DequantizeLinear_Output", "onnx::Conv_708_DequantizeLinear_Output"], "opType": "Conv", "comment": "@235 [/lr_branch/backbone/features.6/conv/conv.3/Conv_output_0:(ty=1,shape=[1,192,64,64])] Conv [/lr_branch/backbone/features.6/conv/conv.2/Clip_output_0_DequantizeLinear_Output:(ty=1,shape=[1,192,64,64]),onnx::Conv_707_DequantizeLinear_Output:(ty=1,shape=[192,1,3,3]),onnx::Conv_708_DequantizeLinear_Output:(ty=1,shape=[192])]", "device": "NPU"}, {"output": ["/lr_branch/backbone/features.6/conv/conv.5/Clip_output_0"], "input": ["/lr_branch/backbone/features.6/conv/conv.3/Conv_output_0", "/lr_branch/backbone/features.0/features.0.2/Constant_output_0", "/lr_branch/backbone/features.0/features.0.2/Constant_1_output_0"], "opType": "Clip", "comment": "@236 [/lr_branch/backbone/features.6/conv/conv.5/Clip_output_0:(ty=1,shape=[1,192,64,64])] Clip [/lr_branch/backbone/features.6/conv/conv.3/Conv_output_0:(ty=1,shape=[1,192,64,64]),/lr_branch/backbone/features.0/features.0.2/Constant_output_0:(ty=1,shape=[]),/lr_branch/backbone/features.0/features.0.2/Constant_1_output_0:(ty=1,shape=[])]", "device": "NPU"}, {"output": ["/lr_branch/backbone/features.6/conv/conv.5/Clip_output_0_QuantizeLinear_Output"], "input": ["/lr_branch/backbone/features.6/conv/conv.5/Clip_output_0", "onnx::Conv_683_scale", "/lr_branch/backbone/features.6/conv/conv.5/Clip_output_0_zero_point"], "opType": "QuantizeLinear", "comment": "@237 [/lr_branch/backbone/features.6/conv/conv.5/Clip_output_0_QuantizeLinear_Output:(ty=2,shape=[1,192,64,64])] QuantizeLinear [/lr_branch/backbone/features.6/conv/conv.5/Clip_output_0:(ty=1,shape=[1,192,64,64]),onnx::Conv_683_scale:(ty=1,shape=[]),/lr_branch/backbone/features.6/conv/conv.5/Clip_output_0_zero_point:(ty=2,shape=[])]", "device": "NPU"}, {"output": ["/lr_branch/backbone/features.6/conv/conv.5/Clip_output_0_DequantizeLinear_Output"], "input": ["/lr_branch/backbone/features.6/conv/conv.5/Clip_output_0_QuantizeLinear_Output", "onnx::Conv_683_scale", "/lr_branch/backbone/features.6/conv/conv.5/Clip_output_0_zero_point"], "opType": "DequantizeLinear", "comment": "@238 [/lr_branch/backbone/features.6/conv/conv.5/Clip_output_0_DequantizeLinear_Output:(ty=1,shape=[1,192,64,64])] DequantizeLinear [/lr_branch/backbone/features.6/conv/conv.5/Clip_output_0_QuantizeLinear_Output:(ty=2,shape=[1,192,64,64]),onnx::Conv_683_scale:(ty=1,shape=[]),/lr_branch/backbone/features.6/conv/conv.5/Clip_output_0_zero_point:(ty=2,shape=[])]", "device": "NPU"}, {"output": ["onnx::Conv_711_DequantizeLinear_Output"], "input": ["onnx::Conv_711_quantized", "onnx::Conv_674_scale", "onnx::Conv_711_zero_point"], "opType": "DequantizeLinear", "comment": "@72 [onnx::Conv_711_DequantizeLinear_Output:(ty=1,shape=[32])] DequantizeLinear [onnx::Conv_711_quantized:(ty=3,shape=[32]),onnx::Conv_674_scale:(ty=1,shape=[]),onnx::Conv_711_zero_point:(ty=3,shape=[])]", "device": "NPU"}, {"output": ["onnx::Conv_710_DequantizeLinear_Output"], "input": ["onnx::Conv_710_quantized", "onnx::Conv_674_scale", "onnx::Conv_710_zero_point"], "opType": "DequantizeLinear", "comment": "@71 [onnx::Conv_710_DequantizeLinear_Output:(ty=1,shape=[32,192,1,1])] DequantizeLinear [onnx::Conv_710_quantized:(ty=3,shape=[32,192,1,1]),onnx::Conv_674_scale:(ty=1,shape=[]),onnx::Conv_710_zero_point:(ty=3,shape=[])]", "device": "NPU"}, {"output": ["/lr_branch/backbone/features.6/conv/conv.6/Conv_output_0"], "input": ["/lr_branch/backbone/features.6/conv/conv.5/Clip_output_0_DequantizeLinear_Output", "onnx::Conv_710_DequantizeLinear_Output", "onnx::Conv_711_DequantizeLinear_Output"], "opType": "Conv", "comment": "@239 [/lr_branch/backbone/features.6/conv/conv.6/Conv_output_0:(ty=1,shape=[1,32,64,64])] Conv [/lr_branch/backbone/features.6/conv/conv.5/Clip_output_0_DequantizeLinear_Output:(ty=1,shape=[1,192,64,64]),onnx::Conv_710_DequantizeLinear_Output:(ty=1,shape=[32,192,1,1]),onnx::Conv_711_DequantizeLinear_Output:(ty=1,shape=[32])]", "device": "NPU"}, {"output": ["/lr_branch/backbone/features.6/conv/conv.6/Conv_output_0_QuantizeLinear_Output"], "input": ["/lr_branch/backbone/features.6/conv/conv.6/Conv_output_0", "onnx::Conv_672_scale", "/lr_branch/backbone/features.6/conv/conv.6/Conv_output_0_zero_point"], "opType": "QuantizeLinear", "comment": "@240 [/lr_branch/backbone/features.6/conv/conv.6/Conv_output_0_QuantizeLinear_Output:(ty=2,shape=[1,32,64,64])] QuantizeLinear [/lr_branch/backbone/features.6/conv/conv.6/Conv_output_0:(ty=1,shape=[1,32,64,64]),onnx::Conv_672_scale:(ty=1,shape=[]),/lr_branch/backbone/features.6/conv/conv.6/Conv_output_0_zero_point:(ty=2,shape=[])]", "device": "NPU"}, {"output": ["/lr_branch/backbone/features.6/conv/conv.6/Conv_output_0_DequantizeLinear_Output"], "input": ["/lr_branch/backbone/features.6/conv/conv.6/Conv_output_0_QuantizeLinear_Output", "onnx::Conv_672_scale", "/lr_branch/backbone/features.6/conv/conv.6/Conv_output_0_zero_point"], "opType": "DequantizeLinear", "comment": "@241 [/lr_branch/backbone/features.6/conv/conv.6/Conv_output_0_DequantizeLinear_Output:(ty=1,shape=[1,32,64,64])] DequantizeLinear [/lr_branch/backbone/features.6/conv/conv.6/Conv_output_0_QuantizeLinear_Output:(ty=2,shape=[1,32,64,64]),onnx::Conv_672_scale:(ty=1,shape=[]),/lr_branch/backbone/features.6/conv/conv.6/Conv_output_0_zero_point:(ty=2,shape=[])]", "device": "NPU"}, {"output": ["/lr_branch/backbone/features.6/Add_output_0"], "input": ["/lr_branch/backbone/features.5/Add_output_0_DequantizeLinear_Output/duplicated", "/lr_branch/backbone/features.6/conv/conv.6/Conv_output_0_DequantizeLinear_Output"], "opType": "Add", "comment": "@242 [/lr_branch/backbone/features.6/Add_output_0:(ty=1,shape=[1,32,64,64])] Add [/lr_branch/backbone/features.5/Add_output_0_DequantizeLinear_Output/duplicated:(ty=1,shape=[1,32,64,64]),/lr_branch/backbone/features.6/conv/conv.6/Conv_output_0_DequantizeLinear_Output:(ty=1,shape=[1,32,64,64])]", "device": "NPU"}, {"output": ["/lr_branch/backbone/features.6/Add_output_0_QuantizeLinear_Output"], "input": ["/lr_branch/backbone/features.6/Add_output_0", "/lr_branch/backbone/features.2/conv/conv.5/Clip_output_0_scale", "/lr_branch/backbone/features.6/Add_output_0_zero_point"], "opType": "QuantizeLinear", "comment": "@243 [/lr_branch/backbone/features.6/Add_output_0_QuantizeLinear_Output:(ty=2,shape=[1,32,64,64])] QuantizeLinear [/lr_branch/backbone/features.6/Add_output_0:(ty=1,shape=[1,32,64,64]),/lr_branch/backbone/features.2/conv/conv.5/Clip_output_0_scale:(ty=1,shape=[]),/lr_branch/backbone/features.6/Add_output_0_zero_point:(ty=2,shape=[])]", "device": "NPU"}, {"output": ["/lr_branch/backbone/features.6/Add_output_0_DequantizeLinear_Output"], "input": ["/lr_branch/backbone/features.6/Add_output_0_QuantizeLinear_Output", "/lr_branch/backbone/features.2/conv/conv.5/Clip_output_0_scale", "/lr_branch/backbone/features.6/Add_output_0_zero_point"], "opType": "DequantizeLinear", "comment": "@244 [/lr_branch/backbone/features.6/Add_output_0_DequantizeLinear_Output:(ty=1,shape=[1,32,64,64])] DequantizeLinear [/lr_branch/backbone/features.6/Add_output_0_QuantizeLinear_Output:(ty=2,shape=[1,32,64,64]),/lr_branch/backbone/features.2/conv/conv.5/Clip_output_0_scale:(ty=1,shape=[]),/lr_branch/backbone/features.6/Add_output_0_zero_point:(ty=2,shape=[])]", "device": "NPU"}, {"output": ["onnx::Conv_714_DequantizeLinear_Output"], "input": ["onnx::Conv_714_quantized", "onnx::Conv_696_scale", "onnx::Conv_714_zero_point"], "opType": "DequantizeLinear", "comment": "@74 [onnx::Conv_714_DequantizeLinear_Output:(ty=1,shape=[192])] DequantizeLinear [onnx::Conv_714_quantized:(ty=3,shape=[192]),onnx::Conv_696_scale:(ty=1,shape=[]),onnx::Conv_714_zero_point:(ty=3,shape=[])]", "device": "NPU"}, {"output": ["onnx::Conv_713_DequantizeLinear_Output"], "input": ["onnx::Conv_713_quantized", "onnx::Conv_758_scale", "onnx::Conv_713_zero_point"], "opType": "DequantizeLinear", "comment": "@73 [onnx::Conv_713_DequantizeLinear_Output:(ty=1,shape=[192,32,1,1])] DequantizeLinear [onnx::Conv_713_quantized:(ty=3,shape=[192,32,1,1]),onnx::Conv_758_scale:(ty=1,shape=[]),onnx::Conv_713_zero_point:(ty=3,shape=[])]", "device": "NPU"}, {"output": ["/lr_branch/backbone/features.7/conv/conv.0/Conv_output_0"], "input": ["/lr_branch/backbone/features.6/Add_output_0_DequantizeLinear_Output", "onnx::Conv_713_DequantizeLinear_Output", "onnx::Conv_714_DequantizeLinear_Output"], "opType": "Conv", "comment": "@245 [/lr_branch/backbone/features.7/conv/conv.0/Conv_output_0:(ty=1,shape=[1,192,64,64])] Conv [/lr_branch/backbone/features.6/Add_output_0_DequantizeLinear_Output:(ty=1,shape=[1,32,64,64]),onnx::Conv_713_DequantizeLinear_Output:(ty=1,shape=[192,32,1,1]),onnx::Conv_714_DequantizeLinear_Output:(ty=1,shape=[192])]", "device": "NPU"}, {"output": ["/lr_branch/backbone/features.7/conv/conv.2/Clip_output_0"], "input": ["/lr_branch/backbone/features.7/conv/conv.0/Conv_output_0", "/lr_branch/backbone/features.0/features.0.2/Constant_output_0", "/lr_branch/backbone/features.0/features.0.2/Constant_1_output_0"], "opType": "Clip", "comment": "@246 [/lr_branch/backbone/features.7/conv/conv.2/Clip_output_0:(ty=1,shape=[1,192,64,64])] Clip [/lr_branch/backbone/features.7/conv/conv.0/Conv_output_0:(ty=1,shape=[1,192,64,64]),/lr_branch/backbone/features.0/features.0.2/Constant_output_0:(ty=1,shape=[]),/lr_branch/backbone/features.0/features.0.2/Constant_1_output_0:(ty=1,shape=[])]", "device": "NPU"}, {"output": ["/lr_branch/backbone/features.7/conv/conv.2/Clip_output_0_QuantizeLinear_Output"], "input": ["/lr_branch/backbone/features.7/conv/conv.2/Clip_output_0", "onnx::Conv_683_scale", "/lr_branch/backbone/features.7/conv/conv.2/Clip_output_0_zero_point"], "opType": "QuantizeLinear", "comment": "@247 [/lr_branch/backbone/features.7/conv/conv.2/Clip_output_0_QuantizeLinear_Output:(ty=2,shape=[1,192,64,64])] QuantizeLinear [/lr_branch/backbone/features.7/conv/conv.2/Clip_output_0:(ty=1,shape=[1,192,64,64]),onnx::Conv_683_scale:(ty=1,shape=[]),/lr_branch/backbone/features.7/conv/conv.2/Clip_output_0_zero_point:(ty=2,shape=[])]", "device": "NPU"}, {"output": ["/lr_branch/backbone/features.7/conv/conv.2/Clip_output_0_DequantizeLinear_Output"], "input": ["/lr_branch/backbone/features.7/conv/conv.2/Clip_output_0_QuantizeLinear_Output", "onnx::Conv_683_scale", "/lr_branch/backbone/features.7/conv/conv.2/Clip_output_0_zero_point"], "opType": "DequantizeLinear", "comment": "@248 [/lr_branch/backbone/features.7/conv/conv.2/Clip_output_0_DequantizeLinear_Output:(ty=1,shape=[1,192,64,64])] DequantizeLinear [/lr_branch/backbone/features.7/conv/conv.2/Clip_output_0_QuantizeLinear_Output:(ty=2,shape=[1,192,64,64]),onnx::Conv_683_scale:(ty=1,shape=[]),/lr_branch/backbone/features.7/conv/conv.2/Clip_output_0_zero_point:(ty=2,shape=[])]", "device": "NPU"}, {"output": ["onnx::Conv_717_DequantizeLinear_Output"], "input": ["onnx::Conv_717_quantized", "onnx::Conv_672_scale", "onnx::Conv_717_zero_point"], "opType": "DequantizeLinear", "comment": "@76 [onnx::Conv_717_DequantizeLinear_Output:(ty=1,shape=[192])] DequantizeLinear [onnx::Conv_717_quantized:(ty=3,shape=[192]),onnx::Conv_672_scale:(ty=1,shape=[]),onnx::Conv_717_zero_point:(ty=3,shape=[])]", "device": "NPU"}, {"output": ["onnx::Conv_716_DequantizeLinear_Output"], "input": ["onnx::Conv_716_quantized", "onnx::Conv_672_scale", "onnx::Conv_716_zero_point"], "opType": "DequantizeLinear", "comment": "@75 [onnx::Conv_716_DequantizeLinear_Output:(ty=1,shape=[192,1,3,3])] DequantizeLinear [onnx::Conv_716_quantized:(ty=3,shape=[192,1,3,3]),onnx::Conv_672_scale:(ty=1,shape=[]),onnx::Conv_716_zero_point:(ty=3,shape=[])]", "device": "NPU"}, {"output": ["/lr_branch/backbone/features.7/conv/conv.3/Conv_output_0"], "input": ["/lr_branch/backbone/features.7/conv/conv.2/Clip_output_0_DequantizeLinear_Output", "onnx::Conv_716_DequantizeLinear_Output", "onnx::Conv_717_DequantizeLinear_Output"], "opType": "Conv", "comment": "@249 [/lr_branch/backbone/features.7/conv/conv.3/Conv_output_0:(ty=1,shape=[1,192,32,32])] Conv [/lr_branch/backbone/features.7/conv/conv.2/Clip_output_0_DequantizeLinear_Output:(ty=1,shape=[1,192,64,64]),onnx::Conv_716_DequantizeLinear_Output:(ty=1,shape=[192,1,3,3]),onnx::Conv_717_DequantizeLinear_Output:(ty=1,shape=[192])]", "device": "NPU"}, {"output": ["/lr_branch/backbone/features.7/conv/conv.5/Clip_output_0"], "input": ["/lr_branch/backbone/features.7/conv/conv.3/Conv_output_0", "/lr_branch/backbone/features.0/features.0.2/Constant_output_0", "/lr_branch/backbone/features.0/features.0.2/Constant_1_output_0"], "opType": "Clip", "comment": "@250 [/lr_branch/backbone/features.7/conv/conv.5/Clip_output_0:(ty=1,shape=[1,192,32,32])] Clip [/lr_branch/backbone/features.7/conv/conv.3/Conv_output_0:(ty=1,shape=[1,192,32,32]),/lr_branch/backbone/features.0/features.0.2/Constant_output_0:(ty=1,shape=[]),/lr_branch/backbone/features.0/features.0.2/Constant_1_output_0:(ty=1,shape=[])]", "device": "NPU"}, {"output": ["/lr_branch/backbone/features.7/conv/conv.5/Clip_output_0_QuantizeLinear_Output"], "input": ["/lr_branch/backbone/features.7/conv/conv.5/Clip_output_0", "onnx::Conv_672_scale", "/lr_branch/backbone/features.7/conv/conv.5/Clip_output_0_zero_point"], "opType": "QuantizeLinear", "comment": "@251 [/lr_branch/backbone/features.7/conv/conv.5/Clip_output_0_QuantizeLinear_Output:(ty=2,shape=[1,192,32,32])] QuantizeLinear [/lr_branch/backbone/features.7/conv/conv.5/Clip_output_0:(ty=1,shape=[1,192,32,32]),onnx::Conv_672_scale:(ty=1,shape=[]),/lr_branch/backbone/features.7/conv/conv.5/Clip_output_0_zero_point:(ty=2,shape=[])]", "device": "NPU"}, {"output": ["/lr_branch/backbone/features.7/conv/conv.5/Clip_output_0_DequantizeLinear_Output"], "input": ["/lr_branch/backbone/features.7/conv/conv.5/Clip_output_0_QuantizeLinear_Output", "onnx::Conv_672_scale", "/lr_branch/backbone/features.7/conv/conv.5/Clip_output_0_zero_point"], "opType": "DequantizeLinear", "comment": "@252 [/lr_branch/backbone/features.7/conv/conv.5/Clip_output_0_DequantizeLinear_Output:(ty=1,shape=[1,192,32,32])] DequantizeLinear [/lr_branch/backbone/features.7/conv/conv.5/Clip_output_0_QuantizeLinear_Output:(ty=2,shape=[1,192,32,32]),onnx::Conv_672_scale:(ty=1,shape=[]),/lr_branch/backbone/features.7/conv/conv.5/Clip_output_0_zero_point:(ty=2,shape=[])]", "device": "NPU"}, {"output": ["onnx::Conv_720_DequantizeLinear_Output"], "input": ["onnx::Conv_720_quantized", "onnx::Conv_683_scale", "onnx::Conv_720_zero_point"], "opType": "DequantizeLinear", "comment": "@78 [onnx::Conv_720_DequantizeLinear_Output:(ty=1,shape=[64])] DequantizeLinear [onnx::Conv_720_quantized:(ty=3,shape=[64]),onnx::Conv_683_scale:(ty=1,shape=[]),onnx::Conv_720_zero_point:(ty=3,shape=[])]", "device": "NPU"}, {"output": ["onnx::Conv_719_DequantizeLinear_Output"], "input": ["onnx::Conv_719_quantized", "onnx::Conv_696_scale", "onnx::Conv_719_zero_point"], "opType": "DequantizeLinear", "comment": "@77 [onnx::Conv_719_DequantizeLinear_Output:(ty=1,shape=[64,192,1,1])] DequantizeLinear [onnx::Conv_719_quantized:(ty=3,shape=[64,192,1,1]),onnx::Conv_696_scale:(ty=1,shape=[]),onnx::Conv_719_zero_point:(ty=3,shape=[])]", "device": "NPU"}, {"output": ["/lr_branch/backbone/features.7/conv/conv.6/Conv_output_0"], "input": ["/lr_branch/backbone/features.7/conv/conv.5/Clip_output_0_DequantizeLinear_Output", "onnx::Conv_719_DequantizeLinear_Output", "onnx::Conv_720_DequantizeLinear_Output"], "opType": "Conv", "comment": "@253 [/lr_branch/backbone/features.7/conv/conv.6/Conv_output_0:(ty=1,shape=[1,64,32,32])] Conv [/lr_branch/backbone/features.7/conv/conv.5/Clip_output_0_DequantizeLinear_Output:(ty=1,shape=[1,192,32,32]),onnx::Conv_719_DequantizeLinear_Output:(ty=1,shape=[64,192,1,1]),onnx::Conv_720_DequantizeLinear_Output:(ty=1,shape=[64])]", "device": "NPU"}, {"output": ["/lr_branch/backbone/features.7/conv/conv.6/Conv_output_0_QuantizeLinear_Output"], "input": ["/lr_branch/backbone/features.7/conv/conv.6/Conv_output_0", "onnx::Conv_672_scale", "/lr_branch/backbone/features.7/conv/conv.6/Conv_output_0_zero_point"], "opType": "QuantizeLinear", "comment": "@254 [/lr_branch/backbone/features.7/conv/conv.6/Conv_output_0_QuantizeLinear_Output:(ty=2,shape=[1,64,32,32])] QuantizeLinear [/lr_branch/backbone/features.7/conv/conv.6/Conv_output_0:(ty=1,shape=[1,64,32,32]),onnx::Conv_672_scale:(ty=1,shape=[]),/lr_branch/backbone/features.7/conv/conv.6/Conv_output_0_zero_point:(ty=2,shape=[])]", "device": "NPU"}, {"output": ["/lr_branch/backbone/features.7/conv/conv.6/Conv_output_0_DequantizeLinear_Output/duplicated"], "input": ["/lr_branch/backbone/features.7/conv/conv.6/Conv_output_0_QuantizeLinear_Output", "onnx::Conv_672_scale", "/lr_branch/backbone/features.7/conv/conv.6/Conv_output_0_zero_point"], "opType": "DequantizeLinear", "comment": "@498 [/lr_branch/backbone/features.7/conv/conv.6/Conv_output_0_DequantizeLinear_Output/duplicated:(ty=1,shape=[1,64,32,32])] DequantizeLinear [/lr_branch/backbone/features.7/conv/conv.6/Conv_output_0_QuantizeLinear_Output:(ty=2,shape=[1,64,32,32]),onnx::Conv_672_scale:(ty=1,shape=[]),/lr_branch/backbone/features.7/conv/conv.6/Conv_output_0_zero_point:(ty=2,shape=[])]", "device": "NPU"}, {"output": ["/lr_branch/backbone/features.7/conv/conv.6/Conv_output_0_DequantizeLinear_Output"], "input": ["/lr_branch/backbone/features.7/conv/conv.6/Conv_output_0_QuantizeLinear_Output", "onnx::Conv_672_scale", "/lr_branch/backbone/features.7/conv/conv.6/Conv_output_0_zero_point"], "opType": "DequantizeLinear", "comment": "@255 [/lr_branch/backbone/features.7/conv/conv.6/Conv_output_0_DequantizeLinear_Output:(ty=1,shape=[1,64,32,32])] DequantizeLinear [/lr_branch/backbone/features.7/conv/conv.6/Conv_output_0_QuantizeLinear_Output:(ty=2,shape=[1,64,32,32]),onnx::Conv_672_scale:(ty=1,shape=[]),/lr_branch/backbone/features.7/conv/conv.6/Conv_output_0_zero_point:(ty=2,shape=[])]", "device": "NPU"}, {"output": ["onnx::Conv_723_DequantizeLinear_Output"], "input": ["onnx::Conv_723_quantized", "onnx::Conv_696_scale", "onnx::Conv_723_zero_point"], "opType": "DequantizeLinear", "comment": "@80 [onnx::Conv_723_DequantizeLinear_Output:(ty=1,shape=[384])] DequantizeLinear [onnx::Conv_723_quantized:(ty=3,shape=[384]),onnx::Conv_696_scale:(ty=1,shape=[]),onnx::Conv_723_zero_point:(ty=3,shape=[])]", "device": "NPU"}, {"output": ["onnx::Conv_722_DequantizeLinear_Output"], "input": ["onnx::Conv_722_quantized", "onnx::Conv_722_scale", "onnx::Conv_722_zero_point"], "opType": "DequantizeLinear", "comment": "@79 [onnx::Conv_722_DequantizeLinear_Output:(ty=1,shape=[384,64,1,1])] DequantizeLinear [onnx::Conv_722_quantized:(ty=3,shape=[384,64,1,1]),onnx::Conv_722_scale:(ty=1,shape=[]),onnx::Conv_722_zero_point:(ty=3,shape=[])]", "device": "NPU"}, {"output": ["/lr_branch/backbone/features.8/conv/conv.0/Conv_output_0"], "input": ["/lr_branch/backbone/features.7/conv/conv.6/Conv_output_0_DequantizeLinear_Output", "onnx::Conv_722_DequantizeLinear_Output", "onnx::Conv_723_DequantizeLinear_Output"], "opType": "Conv", "comment": "@256 [/lr_branch/backbone/features.8/conv/conv.0/Conv_output_0:(ty=1,shape=[1,384,32,32])] Conv [/lr_branch/backbone/features.7/conv/conv.6/Conv_output_0_DequantizeLinear_Output:(ty=1,shape=[1,64,32,32]),onnx::Conv_722_DequantizeLinear_Output:(ty=1,shape=[384,64,1,1]),onnx::Conv_723_DequantizeLinear_Output:(ty=1,shape=[384])]", "device": "NPU"}, {"output": ["/lr_branch/backbone/features.8/conv/conv.2/Clip_output_0"], "input": ["/lr_branch/backbone/features.8/conv/conv.0/Conv_output_0", "/lr_branch/backbone/features.0/features.0.2/Constant_output_0", "/lr_branch/backbone/features.0/features.0.2/Constant_1_output_0"], "opType": "Clip", "comment": "@257 [/lr_branch/backbone/features.8/conv/conv.2/Clip_output_0:(ty=1,shape=[1,384,32,32])] Clip [/lr_branch/backbone/features.8/conv/conv.0/Conv_output_0:(ty=1,shape=[1,384,32,32]),/lr_branch/backbone/features.0/features.0.2/Constant_output_0:(ty=1,shape=[]),/lr_branch/backbone/features.0/features.0.2/Constant_1_output_0:(ty=1,shape=[])]", "device": "NPU"}, {"output": ["/lr_branch/backbone/features.8/conv/conv.2/Clip_output_0_QuantizeLinear_Output"], "input": ["/lr_branch/backbone/features.8/conv/conv.2/Clip_output_0", "onnx::Conv_674_scale", "/lr_branch/backbone/features.8/conv/conv.2/Clip_output_0_zero_point"], "opType": "QuantizeLinear", "comment": "@258 [/lr_branch/backbone/features.8/conv/conv.2/Clip_output_0_QuantizeLinear_Output:(ty=2,shape=[1,384,32,32])] QuantizeLinear [/lr_branch/backbone/features.8/conv/conv.2/Clip_output_0:(ty=1,shape=[1,384,32,32]),onnx::Conv_674_scale:(ty=1,shape=[]),/lr_branch/backbone/features.8/conv/conv.2/Clip_output_0_zero_point:(ty=2,shape=[])]", "device": "NPU"}, {"output": ["/lr_branch/backbone/features.8/conv/conv.2/Clip_output_0_DequantizeLinear_Output"], "input": ["/lr_branch/backbone/features.8/conv/conv.2/Clip_output_0_QuantizeLinear_Output", "onnx::Conv_674_scale", "/lr_branch/backbone/features.8/conv/conv.2/Clip_output_0_zero_point"], "opType": "DequantizeLinear", "comment": "@259 [/lr_branch/backbone/features.8/conv/conv.2/Clip_output_0_DequantizeLinear_Output:(ty=1,shape=[1,384,32,32])] DequantizeLinear [/lr_branch/backbone/features.8/conv/conv.2/Clip_output_0_QuantizeLinear_Output:(ty=2,shape=[1,384,32,32]),onnx::Conv_674_scale:(ty=1,shape=[]),/lr_branch/backbone/features.8/conv/conv.2/Clip_output_0_zero_point:(ty=2,shape=[])]", "device": "NPU"}, {"output": ["onnx::Conv_726_DequantizeLinear_Output"], "input": ["onnx::Conv_726_quantized", "onnx::Conv_683_scale", "onnx::Conv_726_zero_point"], "opType": "DequantizeLinear", "comment": "@82 [onnx::Conv_726_DequantizeLinear_Output:(ty=1,shape=[384])] DequantizeLinear [onnx::Conv_726_quantized:(ty=3,shape=[384]),onnx::Conv_683_scale:(ty=1,shape=[]),onnx::Conv_726_zero_point:(ty=3,shape=[])]", "device": "NPU"}, {"output": ["onnx::Conv_725_DequantizeLinear_Output"], "input": ["onnx::Conv_725_quantized", "/lr_branch/backbone/features.2/conv/conv.5/Clip_output_0_scale", "onnx::Conv_725_zero_point"], "opType": "DequantizeLinear", "comment": "@81 [onnx::Conv_725_DequantizeLinear_Output:(ty=1,shape=[384,1,3,3])] DequantizeLinear [onnx::Conv_725_quantized:(ty=3,shape=[384,1,3,3]),/lr_branch/backbone/features.2/conv/conv.5/Clip_output_0_scale:(ty=1,shape=[]),onnx::Conv_725_zero_point:(ty=3,shape=[])]", "device": "NPU"}, {"output": ["/lr_branch/backbone/features.8/conv/conv.3/Conv_output_0"], "input": ["/lr_branch/backbone/features.8/conv/conv.2/Clip_output_0_DequantizeLinear_Output", "onnx::Conv_725_DequantizeLinear_Output", "onnx::Conv_726_DequantizeLinear_Output"], "opType": "Conv", "comment": "@260 [/lr_branch/backbone/features.8/conv/conv.3/Conv_output_0:(ty=1,shape=[1,384,32,32])] Conv [/lr_branch/backbone/features.8/conv/conv.2/Clip_output_0_DequantizeLinear_Output:(ty=1,shape=[1,384,32,32]),onnx::Conv_725_DequantizeLinear_Output:(ty=1,shape=[384,1,3,3]),onnx::Conv_726_DequantizeLinear_Output:(ty=1,shape=[384])]", "device": "NPU"}, {"output": ["/lr_branch/backbone/features.8/conv/conv.5/Clip_output_0"], "input": ["/lr_branch/backbone/features.8/conv/conv.3/Conv_output_0", "/lr_branch/backbone/features.0/features.0.2/Constant_output_0", "/lr_branch/backbone/features.0/features.0.2/Constant_1_output_0"], "opType": "Clip", "comment": "@261 [/lr_branch/backbone/features.8/conv/conv.5/Clip_output_0:(ty=1,shape=[1,384,32,32])] Clip [/lr_branch/backbone/features.8/conv/conv.3/Conv_output_0:(ty=1,shape=[1,384,32,32]),/lr_branch/backbone/features.0/features.0.2/Constant_output_0:(ty=1,shape=[]),/lr_branch/backbone/features.0/features.0.2/Constant_1_output_0:(ty=1,shape=[])]", "device": "NPU"}, {"output": ["/lr_branch/backbone/features.8/conv/conv.5/Clip_output_0_QuantizeLinear_Output"], "input": ["/lr_branch/backbone/features.8/conv/conv.5/Clip_output_0", "onnx::Conv_683_scale", "/lr_branch/backbone/features.8/conv/conv.5/Clip_output_0_zero_point"], "opType": "QuantizeLinear", "comment": "@262 [/lr_branch/backbone/features.8/conv/conv.5/Clip_output_0_QuantizeLinear_Output:(ty=2,shape=[1,384,32,32])] QuantizeLinear [/lr_branch/backbone/features.8/conv/conv.5/Clip_output_0:(ty=1,shape=[1,384,32,32]),onnx::Conv_683_scale:(ty=1,shape=[]),/lr_branch/backbone/features.8/conv/conv.5/Clip_output_0_zero_point:(ty=2,shape=[])]", "device": "NPU"}, {"output": ["/lr_branch/backbone/features.8/conv/conv.5/Clip_output_0_DequantizeLinear_Output"], "input": ["/lr_branch/backbone/features.8/conv/conv.5/Clip_output_0_QuantizeLinear_Output", "onnx::Conv_683_scale", "/lr_branch/backbone/features.8/conv/conv.5/Clip_output_0_zero_point"], "opType": "DequantizeLinear", "comment": "@263 [/lr_branch/backbone/features.8/conv/conv.5/Clip_output_0_DequantizeLinear_Output:(ty=1,shape=[1,384,32,32])] DequantizeLinear [/lr_branch/backbone/features.8/conv/conv.5/Clip_output_0_QuantizeLinear_Output:(ty=2,shape=[1,384,32,32]),onnx::Conv_683_scale:(ty=1,shape=[]),/lr_branch/backbone/features.8/conv/conv.5/Clip_output_0_zero_point:(ty=2,shape=[])]", "device": "NPU"}, {"output": ["onnx::Conv_729_DequantizeLinear_Output"], "input": ["onnx::Conv_729_quantized", "onnx::Conv_683_scale", "onnx::Conv_729_zero_point"], "opType": "DequantizeLinear", "comment": "@84 [onnx::Conv_729_DequantizeLinear_Output:(ty=1,shape=[64])] DequantizeLinear [onnx::Conv_729_quantized:(ty=3,shape=[64]),onnx::Conv_683_scale:(ty=1,shape=[]),onnx::Conv_729_zero_point:(ty=3,shape=[])]", "device": "NPU"}, {"output": ["onnx::Conv_728_DequantizeLinear_Output"], "input": ["onnx::Conv_728_quantized", "onnx::Conv_674_scale", "onnx::Conv_728_zero_point"], "opType": "DequantizeLinear", "comment": "@83 [onnx::Conv_728_DequantizeLinear_Output:(ty=1,shape=[64,384,1,1])] DequantizeLinear [onnx::Conv_728_quantized:(ty=3,shape=[64,384,1,1]),onnx::Conv_674_scale:(ty=1,shape=[]),onnx::Conv_728_zero_point:(ty=3,shape=[])]", "device": "NPU"}, {"output": ["/lr_branch/backbone/features.8/conv/conv.6/Conv_output_0"], "input": ["/lr_branch/backbone/features.8/conv/conv.5/Clip_output_0_DequantizeLinear_Output", "onnx::Conv_728_DequantizeLinear_Output", "onnx::Conv_729_DequantizeLinear_Output"], "opType": "Conv", "comment": "@264 [/lr_branch/backbone/features.8/conv/conv.6/Conv_output_0:(ty=1,shape=[1,64,32,32])] Conv [/lr_branch/backbone/features.8/conv/conv.5/Clip_output_0_DequantizeLinear_Output:(ty=1,shape=[1,384,32,32]),onnx::Conv_728_DequantizeLinear_Output:(ty=1,shape=[64,384,1,1]),onnx::Conv_729_DequantizeLinear_Output:(ty=1,shape=[64])]", "device": "NPU"}, {"output": ["/lr_branch/backbone/features.8/conv/conv.6/Conv_output_0_QuantizeLinear_Output"], "input": ["/lr_branch/backbone/features.8/conv/conv.6/Conv_output_0", "onnx::Conv_672_scale", "/lr_branch/backbone/features.8/conv/conv.6/Conv_output_0_zero_point"], "opType": "QuantizeLinear", "comment": "@265 [/lr_branch/backbone/features.8/conv/conv.6/Conv_output_0_QuantizeLinear_Output:(ty=2,shape=[1,64,32,32])] QuantizeLinear [/lr_branch/backbone/features.8/conv/conv.6/Conv_output_0:(ty=1,shape=[1,64,32,32]),onnx::Conv_672_scale:(ty=1,shape=[]),/lr_branch/backbone/features.8/conv/conv.6/Conv_output_0_zero_point:(ty=2,shape=[])]", "device": "NPU"}, {"output": ["/lr_branch/backbone/features.8/conv/conv.6/Conv_output_0_DequantizeLinear_Output"], "input": ["/lr_branch/backbone/features.8/conv/conv.6/Conv_output_0_QuantizeLinear_Output", "onnx::Conv_672_scale", "/lr_branch/backbone/features.8/conv/conv.6/Conv_output_0_zero_point"], "opType": "DequantizeLinear", "comment": "@266 [/lr_branch/backbone/features.8/conv/conv.6/Conv_output_0_DequantizeLinear_Output:(ty=1,shape=[1,64,32,32])] DequantizeLinear [/lr_branch/backbone/features.8/conv/conv.6/Conv_output_0_QuantizeLinear_Output:(ty=2,shape=[1,64,32,32]),onnx::Conv_672_scale:(ty=1,shape=[]),/lr_branch/backbone/features.8/conv/conv.6/Conv_output_0_zero_point:(ty=2,shape=[])]", "device": "NPU"}, {"output": ["/lr_branch/backbone/features.8/Add_output_0"], "input": ["/lr_branch/backbone/features.7/conv/conv.6/Conv_output_0_DequantizeLinear_Output/duplicated", "/lr_branch/backbone/features.8/conv/conv.6/Conv_output_0_DequantizeLinear_Output"], "opType": "Add", "comment": "@267 [/lr_branch/backbone/features.8/Add_output_0:(ty=1,shape=[1,64,32,32])] Add [/lr_branch/backbone/features.7/conv/conv.6/Conv_output_0_DequantizeLinear_Output/duplicated:(ty=1,shape=[1,64,32,32]),/lr_branch/backbone/features.8/conv/conv.6/Conv_output_0_DequantizeLinear_Output:(ty=1,shape=[1,64,32,32])]", "device": "NPU"}, {"output": ["/lr_branch/backbone/features.8/Add_output_0_QuantizeLinear_Output"], "input": ["/lr_branch/backbone/features.8/Add_output_0", "onnx::Conv_672_scale", "/lr_branch/backbone/features.8/Add_output_0_zero_point"], "opType": "QuantizeLinear", "comment": "@268 [/lr_branch/backbone/features.8/Add_output_0_QuantizeLinear_Output:(ty=2,shape=[1,64,32,32])] QuantizeLinear [/lr_branch/backbone/features.8/Add_output_0:(ty=1,shape=[1,64,32,32]),onnx::Conv_672_scale:(ty=1,shape=[]),/lr_branch/backbone/features.8/Add_output_0_zero_point:(ty=2,shape=[])]", "device": "NPU"}, {"output": ["/lr_branch/backbone/features.8/Add_output_0_DequantizeLinear_Output/duplicated"], "input": ["/lr_branch/backbone/features.8/Add_output_0_QuantizeLinear_Output", "onnx::Conv_672_scale", "/lr_branch/backbone/features.8/Add_output_0_zero_point"], "opType": "DequantizeLinear", "comment": "@499 [/lr_branch/backbone/features.8/Add_output_0_DequantizeLinear_Output/duplicated:(ty=1,shape=[1,64,32,32])] DequantizeLinear [/lr_branch/backbone/features.8/Add_output_0_QuantizeLinear_Output:(ty=2,shape=[1,64,32,32]),onnx::Conv_672_scale:(ty=1,shape=[]),/lr_branch/backbone/features.8/Add_output_0_zero_point:(ty=2,shape=[])]", "device": "NPU"}, {"output": ["/lr_branch/backbone/features.8/Add_output_0_DequantizeLinear_Output"], "input": ["/lr_branch/backbone/features.8/Add_output_0_QuantizeLinear_Output", "onnx::Conv_672_scale", "/lr_branch/backbone/features.8/Add_output_0_zero_point"], "opType": "DequantizeLinear", "comment": "@269 [/lr_branch/backbone/features.8/Add_output_0_DequantizeLinear_Output:(ty=1,shape=[1,64,32,32])] DequantizeLinear [/lr_branch/backbone/features.8/Add_output_0_QuantizeLinear_Output:(ty=2,shape=[1,64,32,32]),onnx::Conv_672_scale:(ty=1,shape=[]),/lr_branch/backbone/features.8/Add_output_0_zero_point:(ty=2,shape=[])]", "device": "NPU"}, {"output": ["onnx::Conv_732_DequantizeLinear_Output"], "input": ["onnx::Conv_732_quantized", "onnx::Conv_696_scale", "onnx::Conv_732_zero_point"], "opType": "DequantizeLinear", "comment": "@86 [onnx::Conv_732_DequantizeLinear_Output:(ty=1,shape=[384])] DequantizeLinear [onnx::Conv_732_quantized:(ty=3,shape=[384]),onnx::Conv_696_scale:(ty=1,shape=[]),onnx::Conv_732_zero_point:(ty=3,shape=[])]", "device": "NPU"}, {"output": ["onnx::Conv_731_DequantizeLinear_Output"], "input": ["onnx::Conv_731_quantized", "onnx::Conv_722_scale", "onnx::Conv_731_zero_point"], "opType": "DequantizeLinear", "comment": "@85 [onnx::Conv_731_DequantizeLinear_Output:(ty=1,shape=[384,64,1,1])] DequantizeLinear [onnx::Conv_731_quantized:(ty=3,shape=[384,64,1,1]),onnx::Conv_722_scale:(ty=1,shape=[]),onnx::Conv_731_zero_point:(ty=3,shape=[])]", "device": "NPU"}, {"output": ["/lr_branch/backbone/features.9/conv/conv.0/Conv_output_0"], "input": ["/lr_branch/backbone/features.8/Add_output_0_DequantizeLinear_Output", "onnx::Conv_731_DequantizeLinear_Output", "onnx::Conv_732_DequantizeLinear_Output"], "opType": "Conv", "comment": "@270 [/lr_branch/backbone/features.9/conv/conv.0/Conv_output_0:(ty=1,shape=[1,384,32,32])] Conv [/lr_branch/backbone/features.8/Add_output_0_DequantizeLinear_Output:(ty=1,shape=[1,64,32,32]),onnx::Conv_731_DequantizeLinear_Output:(ty=1,shape=[384,64,1,1]),onnx::Conv_732_DequantizeLinear_Output:(ty=1,shape=[384])]", "device": "NPU"}, {"output": ["/lr_branch/backbone/features.9/conv/conv.2/Clip_output_0"], "input": ["/lr_branch/backbone/features.9/conv/conv.0/Conv_output_0", "/lr_branch/backbone/features.0/features.0.2/Constant_output_0", "/lr_branch/backbone/features.0/features.0.2/Constant_1_output_0"], "opType": "Clip", "comment": "@271 [/lr_branch/backbone/features.9/conv/conv.2/Clip_output_0:(ty=1,shape=[1,384,32,32])] Clip [/lr_branch/backbone/features.9/conv/conv.0/Conv_output_0:(ty=1,shape=[1,384,32,32]),/lr_branch/backbone/features.0/features.0.2/Constant_output_0:(ty=1,shape=[]),/lr_branch/backbone/features.0/features.0.2/Constant_1_output_0:(ty=1,shape=[])]", "device": "NPU"}, {"output": ["/lr_branch/backbone/features.9/conv/conv.2/Clip_output_0_QuantizeLinear_Output"], "input": ["/lr_branch/backbone/features.9/conv/conv.2/Clip_output_0", "onnx::Conv_674_scale", "/lr_branch/backbone/features.9/conv/conv.2/Clip_output_0_zero_point"], "opType": "QuantizeLinear", "comment": "@272 [/lr_branch/backbone/features.9/conv/conv.2/Clip_output_0_QuantizeLinear_Output:(ty=2,shape=[1,384,32,32])] QuantizeLinear [/lr_branch/backbone/features.9/conv/conv.2/Clip_output_0:(ty=1,shape=[1,384,32,32]),onnx::Conv_674_scale:(ty=1,shape=[]),/lr_branch/backbone/features.9/conv/conv.2/Clip_output_0_zero_point:(ty=2,shape=[])]", "device": "NPU"}, {"output": ["/lr_branch/backbone/features.9/conv/conv.2/Clip_output_0_DequantizeLinear_Output"], "input": ["/lr_branch/backbone/features.9/conv/conv.2/Clip_output_0_QuantizeLinear_Output", "onnx::Conv_674_scale", "/lr_branch/backbone/features.9/conv/conv.2/Clip_output_0_zero_point"], "opType": "DequantizeLinear", "comment": "@273 [/lr_branch/backbone/features.9/conv/conv.2/Clip_output_0_DequantizeLinear_Output:(ty=1,shape=[1,384,32,32])] DequantizeLinear [/lr_branch/backbone/features.9/conv/conv.2/Clip_output_0_QuantizeLinear_Output:(ty=2,shape=[1,384,32,32]),onnx::Conv_674_scale:(ty=1,shape=[]),/lr_branch/backbone/features.9/conv/conv.2/Clip_output_0_zero_point:(ty=2,shape=[])]", "device": "NPU"}, {"output": ["onnx::Conv_735_DequantizeLinear_Output"], "input": ["onnx::Conv_735_quantized", "onnx::Conv_674_scale", "onnx::Conv_735_zero_point"], "opType": "DequantizeLinear", "comment": "@88 [onnx::Conv_735_DequantizeLinear_Output:(ty=1,shape=[384])] DequantizeLinear [onnx::Conv_735_quantized:(ty=3,shape=[384]),onnx::Conv_674_scale:(ty=1,shape=[]),onnx::Conv_735_zero_point:(ty=3,shape=[])]", "device": "NPU"}, {"output": ["onnx::Conv_734_DequantizeLinear_Output"], "input": ["onnx::Conv_734_quantized", "onnx::Conv_672_scale", "onnx::Conv_734_zero_point"], "opType": "DequantizeLinear", "comment": "@87 [onnx::Conv_734_DequantizeLinear_Output:(ty=1,shape=[384,1,3,3])] DequantizeLinear [onnx::Conv_734_quantized:(ty=3,shape=[384,1,3,3]),onnx::Conv_672_scale:(ty=1,shape=[]),onnx::Conv_734_zero_point:(ty=3,shape=[])]", "device": "NPU"}, {"output": ["/lr_branch/backbone/features.9/conv/conv.3/Conv_output_0"], "input": ["/lr_branch/backbone/features.9/conv/conv.2/Clip_output_0_DequantizeLinear_Output", "onnx::Conv_734_DequantizeLinear_Output", "onnx::Conv_735_DequantizeLinear_Output"], "opType": "Conv", "comment": "@274 [/lr_branch/backbone/features.9/conv/conv.3/Conv_output_0:(ty=1,shape=[1,384,32,32])] Conv [/lr_branch/backbone/features.9/conv/conv.2/Clip_output_0_DequantizeLinear_Output:(ty=1,shape=[1,384,32,32]),onnx::Conv_734_DequantizeLinear_Output:(ty=1,shape=[384,1,3,3]),onnx::Conv_735_DequantizeLinear_Output:(ty=1,shape=[384])]", "device": "NPU"}, {"output": ["/lr_branch/backbone/features.9/conv/conv.5/Clip_output_0"], "input": ["/lr_branch/backbone/features.9/conv/conv.3/Conv_output_0", "/lr_branch/backbone/features.0/features.0.2/Constant_output_0", "/lr_branch/backbone/features.0/features.0.2/Constant_1_output_0"], "opType": "Clip", "comment": "@275 [/lr_branch/backbone/features.9/conv/conv.5/Clip_output_0:(ty=1,shape=[1,384,32,32])] Clip [/lr_branch/backbone/features.9/conv/conv.3/Conv_output_0:(ty=1,shape=[1,384,32,32]),/lr_branch/backbone/features.0/features.0.2/Constant_output_0:(ty=1,shape=[]),/lr_branch/backbone/features.0/features.0.2/Constant_1_output_0:(ty=1,shape=[])]", "device": "NPU"}, {"output": ["/lr_branch/backbone/features.9/conv/conv.5/Clip_output_0_QuantizeLinear_Output"], "input": ["/lr_branch/backbone/features.9/conv/conv.5/Clip_output_0", "onnx::Conv_683_scale", "/lr_branch/backbone/features.9/conv/conv.5/Clip_output_0_zero_point"], "opType": "QuantizeLinear", "comment": "@276 [/lr_branch/backbone/features.9/conv/conv.5/Clip_output_0_QuantizeLinear_Output:(ty=2,shape=[1,384,32,32])] QuantizeLinear [/lr_branch/backbone/features.9/conv/conv.5/Clip_output_0:(ty=1,shape=[1,384,32,32]),onnx::Conv_683_scale:(ty=1,shape=[]),/lr_branch/backbone/features.9/conv/conv.5/Clip_output_0_zero_point:(ty=2,shape=[])]", "device": "NPU"}, {"output": ["/lr_branch/backbone/features.9/conv/conv.5/Clip_output_0_DequantizeLinear_Output"], "input": ["/lr_branch/backbone/features.9/conv/conv.5/Clip_output_0_QuantizeLinear_Output", "onnx::Conv_683_scale", "/lr_branch/backbone/features.9/conv/conv.5/Clip_output_0_zero_point"], "opType": "DequantizeLinear", "comment": "@277 [/lr_branch/backbone/features.9/conv/conv.5/Clip_output_0_DequantizeLinear_Output:(ty=1,shape=[1,384,32,32])] DequantizeLinear [/lr_branch/backbone/features.9/conv/conv.5/Clip_output_0_QuantizeLinear_Output:(ty=2,shape=[1,384,32,32]),onnx::Conv_683_scale:(ty=1,shape=[]),/lr_branch/backbone/features.9/conv/conv.5/Clip_output_0_zero_point:(ty=2,shape=[])]", "device": "NPU"}, {"output": ["onnx::Conv_738_DequantizeLinear_Output"], "input": ["onnx::Conv_738_quantized", "onnx::Conv_683_scale", "onnx::Conv_738_zero_point"], "opType": "DequantizeLinear", "comment": "@90 [onnx::Conv_738_DequantizeLinear_Output:(ty=1,shape=[64])] DequantizeLinear [onnx::Conv_738_quantized:(ty=3,shape=[64]),onnx::Conv_683_scale:(ty=1,shape=[]),onnx::Conv_738_zero_point:(ty=3,shape=[])]", "device": "NPU"}, {"output": ["onnx::Conv_737_DequantizeLinear_Output"], "input": ["onnx::Conv_737_quantized", "onnx::Conv_674_scale", "onnx::Conv_737_zero_point"], "opType": "DequantizeLinear", "comment": "@89 [onnx::Conv_737_DequantizeLinear_Output:(ty=1,shape=[64,384,1,1])] DequantizeLinear [onnx::Conv_737_quantized:(ty=3,shape=[64,384,1,1]),onnx::Conv_674_scale:(ty=1,shape=[]),onnx::Conv_737_zero_point:(ty=3,shape=[])]", "device": "NPU"}, {"output": ["/lr_branch/backbone/features.9/conv/conv.6/Conv_output_0"], "input": ["/lr_branch/backbone/features.9/conv/conv.5/Clip_output_0_DequantizeLinear_Output", "onnx::Conv_737_DequantizeLinear_Output", "onnx::Conv_738_DequantizeLinear_Output"], "opType": "Conv", "comment": "@278 [/lr_branch/backbone/features.9/conv/conv.6/Conv_output_0:(ty=1,shape=[1,64,32,32])] Conv [/lr_branch/backbone/features.9/conv/conv.5/Clip_output_0_DequantizeLinear_Output:(ty=1,shape=[1,384,32,32]),onnx::Conv_737_DequantizeLinear_Output:(ty=1,shape=[64,384,1,1]),onnx::Conv_738_DequantizeLinear_Output:(ty=1,shape=[64])]", "device": "NPU"}, {"output": ["/lr_branch/backbone/features.9/conv/conv.6/Conv_output_0_QuantizeLinear_Output"], "input": ["/lr_branch/backbone/features.9/conv/conv.6/Conv_output_0", "onnx::Conv_683_scale", "/lr_branch/backbone/features.9/conv/conv.6/Conv_output_0_zero_point"], "opType": "QuantizeLinear", "comment": "@279 [/lr_branch/backbone/features.9/conv/conv.6/Conv_output_0_QuantizeLinear_Output:(ty=2,shape=[1,64,32,32])] QuantizeLinear [/lr_branch/backbone/features.9/conv/conv.6/Conv_output_0:(ty=1,shape=[1,64,32,32]),onnx::Conv_683_scale:(ty=1,shape=[]),/lr_branch/backbone/features.9/conv/conv.6/Conv_output_0_zero_point:(ty=2,shape=[])]", "device": "NPU"}, {"output": ["/lr_branch/backbone/features.9/conv/conv.6/Conv_output_0_DequantizeLinear_Output"], "input": ["/lr_branch/backbone/features.9/conv/conv.6/Conv_output_0_QuantizeLinear_Output", "onnx::Conv_683_scale", "/lr_branch/backbone/features.9/conv/conv.6/Conv_output_0_zero_point"], "opType": "DequantizeLinear", "comment": "@280 [/lr_branch/backbone/features.9/conv/conv.6/Conv_output_0_DequantizeLinear_Output:(ty=1,shape=[1,64,32,32])] DequantizeLinear [/lr_branch/backbone/features.9/conv/conv.6/Conv_output_0_QuantizeLinear_Output:(ty=2,shape=[1,64,32,32]),onnx::Conv_683_scale:(ty=1,shape=[]),/lr_branch/backbone/features.9/conv/conv.6/Conv_output_0_zero_point:(ty=2,shape=[])]", "device": "NPU"}, {"output": ["/lr_branch/backbone/features.9/Add_output_0"], "input": ["/lr_branch/backbone/features.8/Add_output_0_DequantizeLinear_Output/duplicated", "/lr_branch/backbone/features.9/conv/conv.6/Conv_output_0_DequantizeLinear_Output"], "opType": "Add", "comment": "@281 [/lr_branch/backbone/features.9/Add_output_0:(ty=1,shape=[1,64,32,32])] Add [/lr_branch/backbone/features.8/Add_output_0_DequantizeLinear_Output/duplicated:(ty=1,shape=[1,64,32,32]),/lr_branch/backbone/features.9/conv/conv.6/Conv_output_0_DequantizeLinear_Output:(ty=1,shape=[1,64,32,32])]", "device": "NPU"}, {"output": ["/lr_branch/backbone/features.9/Add_output_0_QuantizeLinear_Output"], "input": ["/lr_branch/backbone/features.9/Add_output_0", "onnx::Conv_672_scale", "/lr_branch/backbone/features.9/Add_output_0_zero_point"], "opType": "QuantizeLinear", "comment": "@282 [/lr_branch/backbone/features.9/Add_output_0_QuantizeLinear_Output:(ty=2,shape=[1,64,32,32])] QuantizeLinear [/lr_branch/backbone/features.9/Add_output_0:(ty=1,shape=[1,64,32,32]),onnx::Conv_672_scale:(ty=1,shape=[]),/lr_branch/backbone/features.9/Add_output_0_zero_point:(ty=2,shape=[])]", "device": "NPU"}, {"output": ["/lr_branch/backbone/features.9/Add_output_0_DequantizeLinear_Output/duplicated"], "input": ["/lr_branch/backbone/features.9/Add_output_0_QuantizeLinear_Output", "onnx::Conv_672_scale", "/lr_branch/backbone/features.9/Add_output_0_zero_point"], "opType": "DequantizeLinear", "comment": "@500 [/lr_branch/backbone/features.9/Add_output_0_DequantizeLinear_Output/duplicated:(ty=1,shape=[1,64,32,32])] DequantizeLinear [/lr_branch/backbone/features.9/Add_output_0_QuantizeLinear_Output:(ty=2,shape=[1,64,32,32]),onnx::Conv_672_scale:(ty=1,shape=[]),/lr_branch/backbone/features.9/Add_output_0_zero_point:(ty=2,shape=[])]", "device": "NPU"}, {"output": ["/lr_branch/backbone/features.9/Add_output_0_DequantizeLinear_Output"], "input": ["/lr_branch/backbone/features.9/Add_output_0_QuantizeLinear_Output", "onnx::Conv_672_scale", "/lr_branch/backbone/features.9/Add_output_0_zero_point"], "opType": "DequantizeLinear", "comment": "@283 [/lr_branch/backbone/features.9/Add_output_0_DequantizeLinear_Output:(ty=1,shape=[1,64,32,32])] DequantizeLinear [/lr_branch/backbone/features.9/Add_output_0_QuantizeLinear_Output:(ty=2,shape=[1,64,32,32]),onnx::Conv_672_scale:(ty=1,shape=[]),/lr_branch/backbone/features.9/Add_output_0_zero_point:(ty=2,shape=[])]", "device": "NPU"}, {"output": ["onnx::Conv_741_DequantizeLinear_Output"], "input": ["onnx::Conv_741_quantized", "onnx::Conv_696_scale", "onnx::Conv_741_zero_point"], "opType": "DequantizeLinear", "comment": "@92 [onnx::Conv_741_DequantizeLinear_Output:(ty=1,shape=[384])] DequantizeLinear [onnx::Conv_741_quantized:(ty=3,shape=[384]),onnx::Conv_696_scale:(ty=1,shape=[]),onnx::Conv_741_zero_point:(ty=3,shape=[])]", "device": "NPU"}, {"output": ["onnx::Conv_740_DequantizeLinear_Output"], "input": ["onnx::Conv_740_quantized", "onnx::Conv_722_scale", "onnx::Conv_740_zero_point"], "opType": "DequantizeLinear", "comment": "@91 [onnx::Conv_740_DequantizeLinear_Output:(ty=1,shape=[384,64,1,1])] DequantizeLinear [onnx::Conv_740_quantized:(ty=3,shape=[384,64,1,1]),onnx::Conv_722_scale:(ty=1,shape=[]),onnx::Conv_740_zero_point:(ty=3,shape=[])]", "device": "NPU"}, {"output": ["/lr_branch/backbone/features.10/conv/conv.0/Conv_output_0"], "input": ["/lr_branch/backbone/features.9/Add_output_0_DequantizeLinear_Output", "onnx::Conv_740_DequantizeLinear_Output", "onnx::Conv_741_DequantizeLinear_Output"], "opType": "Conv", "comment": "@284 [/lr_branch/backbone/features.10/conv/conv.0/Conv_output_0:(ty=1,shape=[1,384,32,32])] Conv [/lr_branch/backbone/features.9/Add_output_0_DequantizeLinear_Output:(ty=1,shape=[1,64,32,32]),onnx::Conv_740_DequantizeLinear_Output:(ty=1,shape=[384,64,1,1]),onnx::Conv_741_DequantizeLinear_Output:(ty=1,shape=[384])]", "device": "NPU"}, {"output": ["/lr_branch/backbone/features.10/conv/conv.2/Clip_output_0"], "input": ["/lr_branch/backbone/features.10/conv/conv.0/Conv_output_0", "/lr_branch/backbone/features.0/features.0.2/Constant_output_0", "/lr_branch/backbone/features.0/features.0.2/Constant_1_output_0"], "opType": "Clip", "comment": "@285 [/lr_branch/backbone/features.10/conv/conv.2/Clip_output_0:(ty=1,shape=[1,384,32,32])] Clip [/lr_branch/backbone/features.10/conv/conv.0/Conv_output_0:(ty=1,shape=[1,384,32,32]),/lr_branch/backbone/features.0/features.0.2/Constant_output_0:(ty=1,shape=[]),/lr_branch/backbone/features.0/features.0.2/Constant_1_output_0:(ty=1,shape=[])]", "device": "NPU"}, {"output": ["/lr_branch/backbone/features.10/conv/conv.2/Clip_output_0_QuantizeLinear_Output"], "input": ["/lr_branch/backbone/features.10/conv/conv.2/Clip_output_0", "onnx::Conv_674_scale", "/lr_branch/backbone/features.10/conv/conv.2/Clip_output_0_zero_point"], "opType": "QuantizeLinear", "comment": "@286 [/lr_branch/backbone/features.10/conv/conv.2/Clip_output_0_QuantizeLinear_Output:(ty=2,shape=[1,384,32,32])] QuantizeLinear [/lr_branch/backbone/features.10/conv/conv.2/Clip_output_0:(ty=1,shape=[1,384,32,32]),onnx::Conv_674_scale:(ty=1,shape=[]),/lr_branch/backbone/features.10/conv/conv.2/Clip_output_0_zero_point:(ty=2,shape=[])]", "device": "NPU"}, {"output": ["/lr_branch/backbone/features.10/conv/conv.2/Clip_output_0_DequantizeLinear_Output"], "input": ["/lr_branch/backbone/features.10/conv/conv.2/Clip_output_0_QuantizeLinear_Output", "onnx::Conv_674_scale", "/lr_branch/backbone/features.10/conv/conv.2/Clip_output_0_zero_point"], "opType": "DequantizeLinear", "comment": "@287 [/lr_branch/backbone/features.10/conv/conv.2/Clip_output_0_DequantizeLinear_Output:(ty=1,shape=[1,384,32,32])] DequantizeLinear [/lr_branch/backbone/features.10/conv/conv.2/Clip_output_0_QuantizeLinear_Output:(ty=2,shape=[1,384,32,32]),onnx::Conv_674_scale:(ty=1,shape=[]),/lr_branch/backbone/features.10/conv/conv.2/Clip_output_0_zero_point:(ty=2,shape=[])]", "device": "NPU"}, {"output": ["onnx::Conv_744_DequantizeLinear_Output"], "input": ["onnx::Conv_744_quantized", "onnx::Conv_683_scale", "onnx::Conv_744_zero_point"], "opType": "DequantizeLinear", "comment": "@94 [onnx::Conv_744_DequantizeLinear_Output:(ty=1,shape=[384])] DequantizeLinear [onnx::Conv_744_quantized:(ty=3,shape=[384]),onnx::Conv_683_scale:(ty=1,shape=[]),onnx::Conv_744_zero_point:(ty=3,shape=[])]", "device": "NPU"}, {"output": ["onnx::Conv_743_DequantizeLinear_Output"], "input": ["onnx::Conv_743_quantized", "onnx::Conv_672_scale", "onnx::Conv_743_zero_point"], "opType": "DequantizeLinear", "comment": "@93 [onnx::Conv_743_DequantizeLinear_Output:(ty=1,shape=[384,1,3,3])] DequantizeLinear [onnx::Conv_743_quantized:(ty=3,shape=[384,1,3,3]),onnx::Conv_672_scale:(ty=1,shape=[]),onnx::Conv_743_zero_point:(ty=3,shape=[])]", "device": "NPU"}, {"output": ["/lr_branch/backbone/features.10/conv/conv.3/Conv_output_0"], "input": ["/lr_branch/backbone/features.10/conv/conv.2/Clip_output_0_DequantizeLinear_Output", "onnx::Conv_743_DequantizeLinear_Output", "onnx::Conv_744_DequantizeLinear_Output"], "opType": "Conv", "comment": "@288 [/lr_branch/backbone/features.10/conv/conv.3/Conv_output_0:(ty=1,shape=[1,384,32,32])] Conv [/lr_branch/backbone/features.10/conv/conv.2/Clip_output_0_DequantizeLinear_Output:(ty=1,shape=[1,384,32,32]),onnx::Conv_743_DequantizeLinear_Output:(ty=1,shape=[384,1,3,3]),onnx::Conv_744_DequantizeLinear_Output:(ty=1,shape=[384])]", "device": "NPU"}, {"output": ["/lr_branch/backbone/features.10/conv/conv.5/Clip_output_0"], "input": ["/lr_branch/backbone/features.10/conv/conv.3/Conv_output_0", "/lr_branch/backbone/features.0/features.0.2/Constant_output_0", "/lr_branch/backbone/features.0/features.0.2/Constant_1_output_0"], "opType": "Clip", "comment": "@289 [/lr_branch/backbone/features.10/conv/conv.5/Clip_output_0:(ty=1,shape=[1,384,32,32])] Clip [/lr_branch/backbone/features.10/conv/conv.3/Conv_output_0:(ty=1,shape=[1,384,32,32]),/lr_branch/backbone/features.0/features.0.2/Constant_output_0:(ty=1,shape=[]),/lr_branch/backbone/features.0/features.0.2/Constant_1_output_0:(ty=1,shape=[])]", "device": "NPU"}, {"output": ["/lr_branch/backbone/features.10/conv/conv.5/Clip_output_0_QuantizeLinear_Output"], "input": ["/lr_branch/backbone/features.10/conv/conv.5/Clip_output_0", "onnx::Conv_683_scale", "/lr_branch/backbone/features.10/conv/conv.5/Clip_output_0_zero_point"], "opType": "QuantizeLinear", "comment": "@290 [/lr_branch/backbone/features.10/conv/conv.5/Clip_output_0_QuantizeLinear_Output:(ty=2,shape=[1,384,32,32])] QuantizeLinear [/lr_branch/backbone/features.10/conv/conv.5/Clip_output_0:(ty=1,shape=[1,384,32,32]),onnx::Conv_683_scale:(ty=1,shape=[]),/lr_branch/backbone/features.10/conv/conv.5/Clip_output_0_zero_point:(ty=2,shape=[])]", "device": "NPU"}, {"output": ["/lr_branch/backbone/features.10/conv/conv.5/Clip_output_0_DequantizeLinear_Output"], "input": ["/lr_branch/backbone/features.10/conv/conv.5/Clip_output_0_QuantizeLinear_Output", "onnx::Conv_683_scale", "/lr_branch/backbone/features.10/conv/conv.5/Clip_output_0_zero_point"], "opType": "DequantizeLinear", "comment": "@291 [/lr_branch/backbone/features.10/conv/conv.5/Clip_output_0_DequantizeLinear_Output:(ty=1,shape=[1,384,32,32])] DequantizeLinear [/lr_branch/backbone/features.10/conv/conv.5/Clip_output_0_QuantizeLinear_Output:(ty=2,shape=[1,384,32,32]),onnx::Conv_683_scale:(ty=1,shape=[]),/lr_branch/backbone/features.10/conv/conv.5/Clip_output_0_zero_point:(ty=2,shape=[])]", "device": "NPU"}, {"output": ["onnx::Conv_747_DequantizeLinear_Output"], "input": ["onnx::Conv_747_quantized", "onnx::Conv_683_scale", "onnx::Conv_747_zero_point"], "opType": "DequantizeLinear", "comment": "@96 [onnx::Conv_747_DequantizeLinear_Output:(ty=1,shape=[64])] DequantizeLinear [onnx::Conv_747_quantized:(ty=3,shape=[64]),onnx::Conv_683_scale:(ty=1,shape=[]),onnx::Conv_747_zero_point:(ty=3,shape=[])]", "device": "NPU"}, {"output": ["onnx::Conv_746_DequantizeLinear_Output"], "input": ["onnx::Conv_746_quantized", "onnx::Conv_674_scale", "onnx::Conv_746_zero_point"], "opType": "DequantizeLinear", "comment": "@95 [onnx::Conv_746_DequantizeLinear_Output:(ty=1,shape=[64,384,1,1])] DequantizeLinear [onnx::Conv_746_quantized:(ty=3,shape=[64,384,1,1]),onnx::Conv_674_scale:(ty=1,shape=[]),onnx::Conv_746_zero_point:(ty=3,shape=[])]", "device": "NPU"}, {"output": ["/lr_branch/backbone/features.10/conv/conv.6/Conv_output_0"], "input": ["/lr_branch/backbone/features.10/conv/conv.5/Clip_output_0_DequantizeLinear_Output", "onnx::Conv_746_DequantizeLinear_Output", "onnx::Conv_747_DequantizeLinear_Output"], "opType": "Conv", "comment": "@292 [/lr_branch/backbone/features.10/conv/conv.6/Conv_output_0:(ty=1,shape=[1,64,32,32])] Conv [/lr_branch/backbone/features.10/conv/conv.5/Clip_output_0_DequantizeLinear_Output:(ty=1,shape=[1,384,32,32]),onnx::Conv_746_DequantizeLinear_Output:(ty=1,shape=[64,384,1,1]),onnx::Conv_747_DequantizeLinear_Output:(ty=1,shape=[64])]", "device": "NPU"}, {"output": ["/lr_branch/backbone/features.10/conv/conv.6/Conv_output_0_QuantizeLinear_Output"], "input": ["/lr_branch/backbone/features.10/conv/conv.6/Conv_output_0", "onnx::Conv_683_scale", "/lr_branch/backbone/features.10/conv/conv.6/Conv_output_0_zero_point"], "opType": "QuantizeLinear", "comment": "@293 [/lr_branch/backbone/features.10/conv/conv.6/Conv_output_0_QuantizeLinear_Output:(ty=2,shape=[1,64,32,32])] QuantizeLinear [/lr_branch/backbone/features.10/conv/conv.6/Conv_output_0:(ty=1,shape=[1,64,32,32]),onnx::Conv_683_scale:(ty=1,shape=[]),/lr_branch/backbone/features.10/conv/conv.6/Conv_output_0_zero_point:(ty=2,shape=[])]", "device": "NPU"}, {"output": ["/lr_branch/backbone/features.10/conv/conv.6/Conv_output_0_DequantizeLinear_Output"], "input": ["/lr_branch/backbone/features.10/conv/conv.6/Conv_output_0_QuantizeLinear_Output", "onnx::Conv_683_scale", "/lr_branch/backbone/features.10/conv/conv.6/Conv_output_0_zero_point"], "opType": "DequantizeLinear", "comment": "@294 [/lr_branch/backbone/features.10/conv/conv.6/Conv_output_0_DequantizeLinear_Output:(ty=1,shape=[1,64,32,32])] DequantizeLinear [/lr_branch/backbone/features.10/conv/conv.6/Conv_output_0_QuantizeLinear_Output:(ty=2,shape=[1,64,32,32]),onnx::Conv_683_scale:(ty=1,shape=[]),/lr_branch/backbone/features.10/conv/conv.6/Conv_output_0_zero_point:(ty=2,shape=[])]", "device": "NPU"}, {"output": ["/lr_branch/backbone/features.10/Add_output_0"], "input": ["/lr_branch/backbone/features.9/Add_output_0_DequantizeLinear_Output/duplicated", "/lr_branch/backbone/features.10/conv/conv.6/Conv_output_0_DequantizeLinear_Output"], "opType": "Add", "comment": "@295 [/lr_branch/backbone/features.10/Add_output_0:(ty=1,shape=[1,64,32,32])] Add [/lr_branch/backbone/features.9/Add_output_0_DequantizeLinear_Output/duplicated:(ty=1,shape=[1,64,32,32]),/lr_branch/backbone/features.10/conv/conv.6/Conv_output_0_DequantizeLinear_Output:(ty=1,shape=[1,64,32,32])]", "device": "NPU"}, {"output": ["/lr_branch/backbone/features.10/Add_output_0_QuantizeLinear_Output"], "input": ["/lr_branch/backbone/features.10/Add_output_0", "onnx::Conv_672_scale", "/lr_branch/backbone/features.10/Add_output_0_zero_point"], "opType": "QuantizeLinear", "comment": "@296 [/lr_branch/backbone/features.10/Add_output_0_QuantizeLinear_Output:(ty=2,shape=[1,64,32,32])] QuantizeLinear [/lr_branch/backbone/features.10/Add_output_0:(ty=1,shape=[1,64,32,32]),onnx::Conv_672_scale:(ty=1,shape=[]),/lr_branch/backbone/features.10/Add_output_0_zero_point:(ty=2,shape=[])]", "device": "NPU"}, {"output": ["/lr_branch/backbone/features.10/Add_output_0_DequantizeLinear_Output"], "input": ["/lr_branch/backbone/features.10/Add_output_0_QuantizeLinear_Output", "onnx::Conv_672_scale", "/lr_branch/backbone/features.10/Add_output_0_zero_point"], "opType": "DequantizeLinear", "comment": "@297 [/lr_branch/backbone/features.10/Add_output_0_DequantizeLinear_Output:(ty=1,shape=[1,64,32,32])] DequantizeLinear [/lr_branch/backbone/features.10/Add_output_0_QuantizeLinear_Output:(ty=2,shape=[1,64,32,32]),onnx::Conv_672_scale:(ty=1,shape=[]),/lr_branch/backbone/features.10/Add_output_0_zero_point:(ty=2,shape=[])]", "device": "NPU"}, {"output": ["onnx::Conv_750_DequantizeLinear_Output"], "input": ["onnx::Conv_750_quantized", "onnx::Conv_696_scale", "onnx::Conv_750_zero_point"], "opType": "DequantizeLinear", "comment": "@98 [onnx::Conv_750_DequantizeLinear_Output:(ty=1,shape=[384])] DequantizeLinear [onnx::Conv_750_quantized:(ty=3,shape=[384]),onnx::Conv_696_scale:(ty=1,shape=[]),onnx::Conv_750_zero_point:(ty=3,shape=[])]", "device": "NPU"}, {"output": ["onnx::Conv_749_DequantizeLinear_Output"], "input": ["onnx::Conv_749_quantized", "onnx::Conv_722_scale", "onnx::Conv_749_zero_point"], "opType": "DequantizeLinear", "comment": "@97 [onnx::Conv_749_DequantizeLinear_Output:(ty=1,shape=[384,64,1,1])] DequantizeLinear [onnx::Conv_749_quantized:(ty=3,shape=[384,64,1,1]),onnx::Conv_722_scale:(ty=1,shape=[]),onnx::Conv_749_zero_point:(ty=3,shape=[])]", "device": "NPU"}, {"output": ["/lr_branch/backbone/features.11/conv/conv.0/Conv_output_0"], "input": ["/lr_branch/backbone/features.10/Add_output_0_DequantizeLinear_Output", "onnx::Conv_749_DequantizeLinear_Output", "onnx::Conv_750_DequantizeLinear_Output"], "opType": "Conv", "comment": "@298 [/lr_branch/backbone/features.11/conv/conv.0/Conv_output_0:(ty=1,shape=[1,384,32,32])] Conv [/lr_branch/backbone/features.10/Add_output_0_DequantizeLinear_Output:(ty=1,shape=[1,64,32,32]),onnx::Conv_749_DequantizeLinear_Output:(ty=1,shape=[384,64,1,1]),onnx::Conv_750_DequantizeLinear_Output:(ty=1,shape=[384])]", "device": "NPU"}, {"output": ["/lr_branch/backbone/features.11/conv/conv.2/Clip_output_0"], "input": ["/lr_branch/backbone/features.11/conv/conv.0/Conv_output_0", "/lr_branch/backbone/features.0/features.0.2/Constant_output_0", "/lr_branch/backbone/features.0/features.0.2/Constant_1_output_0"], "opType": "Clip", "comment": "@299 [/lr_branch/backbone/features.11/conv/conv.2/Clip_output_0:(ty=1,shape=[1,384,32,32])] Clip [/lr_branch/backbone/features.11/conv/conv.0/Conv_output_0:(ty=1,shape=[1,384,32,32]),/lr_branch/backbone/features.0/features.0.2/Constant_output_0:(ty=1,shape=[]),/lr_branch/backbone/features.0/features.0.2/Constant_1_output_0:(ty=1,shape=[])]", "device": "NPU"}, {"output": ["/lr_branch/backbone/features.11/conv/conv.2/Clip_output_0_QuantizeLinear_Output"], "input": ["/lr_branch/backbone/features.11/conv/conv.2/Clip_output_0", "onnx::Conv_674_scale", "/lr_branch/backbone/features.11/conv/conv.2/Clip_output_0_zero_point"], "opType": "QuantizeLinear", "comment": "@300 [/lr_branch/backbone/features.11/conv/conv.2/Clip_output_0_QuantizeLinear_Output:(ty=2,shape=[1,384,32,32])] QuantizeLinear [/lr_branch/backbone/features.11/conv/conv.2/Clip_output_0:(ty=1,shape=[1,384,32,32]),onnx::Conv_674_scale:(ty=1,shape=[]),/lr_branch/backbone/features.11/conv/conv.2/Clip_output_0_zero_point:(ty=2,shape=[])]", "device": "NPU"}, {"output": ["/lr_branch/backbone/features.11/conv/conv.2/Clip_output_0_DequantizeLinear_Output"], "input": ["/lr_branch/backbone/features.11/conv/conv.2/Clip_output_0_QuantizeLinear_Output", "onnx::Conv_674_scale", "/lr_branch/backbone/features.11/conv/conv.2/Clip_output_0_zero_point"], "opType": "DequantizeLinear", "comment": "@301 [/lr_branch/backbone/features.11/conv/conv.2/Clip_output_0_DequantizeLinear_Output:(ty=1,shape=[1,384,32,32])] DequantizeLinear [/lr_branch/backbone/features.11/conv/conv.2/Clip_output_0_QuantizeLinear_Output:(ty=2,shape=[1,384,32,32]),onnx::Conv_674_scale:(ty=1,shape=[]),/lr_branch/backbone/features.11/conv/conv.2/Clip_output_0_zero_point:(ty=2,shape=[])]", "device": "NPU"}, {"output": ["onnx::Conv_753_DequantizeLinear_Output"], "input": ["onnx::Conv_753_quantized", "onnx::Conv_683_scale", "onnx::Conv_753_zero_point"], "opType": "DequantizeLinear", "comment": "@100 [onnx::Conv_753_DequantizeLinear_Output:(ty=1,shape=[384])] DequantizeLinear [onnx::Conv_753_quantized:(ty=3,shape=[384]),onnx::Conv_683_scale:(ty=1,shape=[]),onnx::Conv_753_zero_point:(ty=3,shape=[])]", "device": "NPU"}, {"output": ["onnx::Conv_752_DequantizeLinear_Output"], "input": ["onnx::Conv_752_quantized", "onnx::Conv_672_scale", "onnx::Conv_752_zero_point"], "opType": "DequantizeLinear", "comment": "@99 [onnx::Conv_752_DequantizeLinear_Output:(ty=1,shape=[384,1,3,3])] DequantizeLinear [onnx::Conv_752_quantized:(ty=3,shape=[384,1,3,3]),onnx::Conv_672_scale:(ty=1,shape=[]),onnx::Conv_752_zero_point:(ty=3,shape=[])]", "device": "NPU"}, {"output": ["/lr_branch/backbone/features.11/conv/conv.3/Conv_output_0"], "input": ["/lr_branch/backbone/features.11/conv/conv.2/Clip_output_0_DequantizeLinear_Output", "onnx::Conv_752_DequantizeLinear_Output", "onnx::Conv_753_DequantizeLinear_Output"], "opType": "Conv", "comment": "@302 [/lr_branch/backbone/features.11/conv/conv.3/Conv_output_0:(ty=1,shape=[1,384,32,32])] Conv [/lr_branch/backbone/features.11/conv/conv.2/Clip_output_0_DequantizeLinear_Output:(ty=1,shape=[1,384,32,32]),onnx::Conv_752_DequantizeLinear_Output:(ty=1,shape=[384,1,3,3]),onnx::Conv_753_DequantizeLinear_Output:(ty=1,shape=[384])]", "device": "NPU"}, {"output": ["/lr_branch/backbone/features.11/conv/conv.5/Clip_output_0"], "input": ["/lr_branch/backbone/features.11/conv/conv.3/Conv_output_0", "/lr_branch/backbone/features.0/features.0.2/Constant_output_0", "/lr_branch/backbone/features.0/features.0.2/Constant_1_output_0"], "opType": "Clip", "comment": "@303 [/lr_branch/backbone/features.11/conv/conv.5/Clip_output_0:(ty=1,shape=[1,384,32,32])] Clip [/lr_branch/backbone/features.11/conv/conv.3/Conv_output_0:(ty=1,shape=[1,384,32,32]),/lr_branch/backbone/features.0/features.0.2/Constant_output_0:(ty=1,shape=[]),/lr_branch/backbone/features.0/features.0.2/Constant_1_output_0:(ty=1,shape=[])]", "device": "NPU"}, {"output": ["/lr_branch/backbone/features.11/conv/conv.5/Clip_output_0_QuantizeLinear_Output"], "input": ["/lr_branch/backbone/features.11/conv/conv.5/Clip_output_0", "onnx::Conv_672_scale", "/lr_branch/backbone/features.11/conv/conv.5/Clip_output_0_zero_point"], "opType": "QuantizeLinear", "comment": "@304 [/lr_branch/backbone/features.11/conv/conv.5/Clip_output_0_QuantizeLinear_Output:(ty=2,shape=[1,384,32,32])] QuantizeLinear [/lr_branch/backbone/features.11/conv/conv.5/Clip_output_0:(ty=1,shape=[1,384,32,32]),onnx::Conv_672_scale:(ty=1,shape=[]),/lr_branch/backbone/features.11/conv/conv.5/Clip_output_0_zero_point:(ty=2,shape=[])]", "device": "NPU"}, {"output": ["/lr_branch/backbone/features.11/conv/conv.5/Clip_output_0_DequantizeLinear_Output"], "input": ["/lr_branch/backbone/features.11/conv/conv.5/Clip_output_0_QuantizeLinear_Output", "onnx::Conv_672_scale", "/lr_branch/backbone/features.11/conv/conv.5/Clip_output_0_zero_point"], "opType": "DequantizeLinear", "comment": "@305 [/lr_branch/backbone/features.11/conv/conv.5/Clip_output_0_DequantizeLinear_Output:(ty=1,shape=[1,384,32,32])] DequantizeLinear [/lr_branch/backbone/features.11/conv/conv.5/Clip_output_0_QuantizeLinear_Output:(ty=2,shape=[1,384,32,32]),onnx::Conv_672_scale:(ty=1,shape=[]),/lr_branch/backbone/features.11/conv/conv.5/Clip_output_0_zero_point:(ty=2,shape=[])]", "device": "NPU"}, {"output": ["onnx::Conv_756_DequantizeLinear_Output"], "input": ["onnx::Conv_756_quantized", "onnx::Conv_674_scale", "onnx::Conv_756_zero_point"], "opType": "DequantizeLinear", "comment": "@102 [onnx::Conv_756_DequantizeLinear_Output:(ty=1,shape=[96])] DequantizeLinear [onnx::Conv_756_quantized:(ty=3,shape=[96]),onnx::Conv_674_scale:(ty=1,shape=[]),onnx::Conv_756_zero_point:(ty=3,shape=[])]", "device": "NPU"}, {"output": ["onnx::Conv_755_DequantizeLinear_Output"], "input": ["onnx::Conv_755_quantized", "onnx::Conv_696_scale", "onnx::Conv_755_zero_point"], "opType": "DequantizeLinear", "comment": "@101 [onnx::Conv_755_DequantizeLinear_Output:(ty=1,shape=[96,384,1,1])] DequantizeLinear [onnx::Conv_755_quantized:(ty=3,shape=[96,384,1,1]),onnx::Conv_696_scale:(ty=1,shape=[]),onnx::Conv_755_zero_point:(ty=3,shape=[])]", "device": "NPU"}, {"output": ["/lr_branch/backbone/features.11/conv/conv.6/Conv_output_0"], "input": ["/lr_branch/backbone/features.11/conv/conv.5/Clip_output_0_DequantizeLinear_Output", "onnx::Conv_755_DequantizeLinear_Output", "onnx::Conv_756_DequantizeLinear_Output"], "opType": "Conv", "comment": "@306 [/lr_branch/backbone/features.11/conv/conv.6/Conv_output_0:(ty=1,shape=[1,96,32,32])] Conv [/lr_branch/backbone/features.11/conv/conv.5/Clip_output_0_DequantizeLinear_Output:(ty=1,shape=[1,384,32,32]),onnx::Conv_755_DequantizeLinear_Output:(ty=1,shape=[96,384,1,1]),onnx::Conv_756_DequantizeLinear_Output:(ty=1,shape=[96])]", "device": "NPU"}, {"output": ["/lr_branch/backbone/features.11/conv/conv.6/Conv_output_0_QuantizeLinear_Output"], "input": ["/lr_branch/backbone/features.11/conv/conv.6/Conv_output_0", "onnx::Conv_683_scale", "/lr_branch/backbone/features.11/conv/conv.6/Conv_output_0_zero_point"], "opType": "QuantizeLinear", "comment": "@307 [/lr_branch/backbone/features.11/conv/conv.6/Conv_output_0_QuantizeLinear_Output:(ty=2,shape=[1,96,32,32])] QuantizeLinear [/lr_branch/backbone/features.11/conv/conv.6/Conv_output_0:(ty=1,shape=[1,96,32,32]),onnx::Conv_683_scale:(ty=1,shape=[]),/lr_branch/backbone/features.11/conv/conv.6/Conv_output_0_zero_point:(ty=2,shape=[])]", "device": "NPU"}, {"output": ["/lr_branch/backbone/features.11/conv/conv.6/Conv_output_0_DequantizeLinear_Output/duplicated"], "input": ["/lr_branch/backbone/features.11/conv/conv.6/Conv_output_0_QuantizeLinear_Output", "onnx::Conv_683_scale", "/lr_branch/backbone/features.11/conv/conv.6/Conv_output_0_zero_point"], "opType": "DequantizeLinear", "comment": "@501 [/lr_branch/backbone/features.11/conv/conv.6/Conv_output_0_DequantizeLinear_Output/duplicated:(ty=1,shape=[1,96,32,32])] DequantizeLinear [/lr_branch/backbone/features.11/conv/conv.6/Conv_output_0_QuantizeLinear_Output:(ty=2,shape=[1,96,32,32]),onnx::Conv_683_scale:(ty=1,shape=[]),/lr_branch/backbone/features.11/conv/conv.6/Conv_output_0_zero_point:(ty=2,shape=[])]", "device": "NPU"}, {"output": ["/lr_branch/backbone/features.11/conv/conv.6/Conv_output_0_DequantizeLinear_Output"], "input": ["/lr_branch/backbone/features.11/conv/conv.6/Conv_output_0_QuantizeLinear_Output", "onnx::Conv_683_scale", "/lr_branch/backbone/features.11/conv/conv.6/Conv_output_0_zero_point"], "opType": "DequantizeLinear", "comment": "@308 [/lr_branch/backbone/features.11/conv/conv.6/Conv_output_0_DequantizeLinear_Output:(ty=1,shape=[1,96,32,32])] DequantizeLinear [/lr_branch/backbone/features.11/conv/conv.6/Conv_output_0_QuantizeLinear_Output:(ty=2,shape=[1,96,32,32]),onnx::Conv_683_scale:(ty=1,shape=[]),/lr_branch/backbone/features.11/conv/conv.6/Conv_output_0_zero_point:(ty=2,shape=[])]", "device": "NPU"}, {"output": ["onnx::Conv_759_DequantizeLinear_Output"], "input": ["onnx::Conv_759_quantized", "onnx::Conv_696_scale", "onnx::Conv_759_zero_point"], "opType": "DequantizeLinear", "comment": "@104 [onnx::Conv_759_DequantizeLinear_Output:(ty=1,shape=[576])] DequantizeLinear [onnx::Conv_759_quantized:(ty=3,shape=[576]),onnx::Conv_696_scale:(ty=1,shape=[]),onnx::Conv_759_zero_point:(ty=3,shape=[])]", "device": "NPU"}, {"output": ["onnx::Conv_758_DequantizeLinear_Output"], "input": ["onnx::Conv_758_quantized", "onnx::Conv_758_scale", "onnx::Conv_758_zero_point"], "opType": "DequantizeLinear", "comment": "@103 [onnx::Conv_758_DequantizeLinear_Output:(ty=1,shape=[576,96,1,1])] DequantizeLinear [onnx::Conv_758_quantized:(ty=3,shape=[576,96,1,1]),onnx::Conv_758_scale:(ty=1,shape=[]),onnx::Conv_758_zero_point:(ty=3,shape=[])]", "device": "NPU"}, {"output": ["/lr_branch/backbone/features.12/conv/conv.0/Conv_output_0"], "input": ["/lr_branch/backbone/features.11/conv/conv.6/Conv_output_0_DequantizeLinear_Output", "onnx::Conv_758_DequantizeLinear_Output", "onnx::Conv_759_DequantizeLinear_Output"], "opType": "Conv", "comment": "@309 [/lr_branch/backbone/features.12/conv/conv.0/Conv_output_0:(ty=1,shape=[1,576,32,32])] Conv [/lr_branch/backbone/features.11/conv/conv.6/Conv_output_0_DequantizeLinear_Output:(ty=1,shape=[1,96,32,32]),onnx::Conv_758_DequantizeLinear_Output:(ty=1,shape=[576,96,1,1]),onnx::Conv_759_DequantizeLinear_Output:(ty=1,shape=[576])]", "device": "NPU"}, {"output": ["/lr_branch/backbone/features.12/conv/conv.2/Clip_output_0"], "input": ["/lr_branch/backbone/features.12/conv/conv.0/Conv_output_0", "/lr_branch/backbone/features.0/features.0.2/Constant_output_0", "/lr_branch/backbone/features.0/features.0.2/Constant_1_output_0"], "opType": "Clip", "comment": "@310 [/lr_branch/backbone/features.12/conv/conv.2/Clip_output_0:(ty=1,shape=[1,576,32,32])] Clip [/lr_branch/backbone/features.12/conv/conv.0/Conv_output_0:(ty=1,shape=[1,576,32,32]),/lr_branch/backbone/features.0/features.0.2/Constant_output_0:(ty=1,shape=[]),/lr_branch/backbone/features.0/features.0.2/Constant_1_output_0:(ty=1,shape=[])]", "device": "NPU"}, {"output": ["/lr_branch/backbone/features.12/conv/conv.2/Clip_output_0_QuantizeLinear_Output"], "input": ["/lr_branch/backbone/features.12/conv/conv.2/Clip_output_0", "onnx::Conv_674_scale", "/lr_branch/backbone/features.12/conv/conv.2/Clip_output_0_zero_point"], "opType": "QuantizeLinear", "comment": "@311 [/lr_branch/backbone/features.12/conv/conv.2/Clip_output_0_QuantizeLinear_Output:(ty=2,shape=[1,576,32,32])] QuantizeLinear [/lr_branch/backbone/features.12/conv/conv.2/Clip_output_0:(ty=1,shape=[1,576,32,32]),onnx::Conv_674_scale:(ty=1,shape=[]),/lr_branch/backbone/features.12/conv/conv.2/Clip_output_0_zero_point:(ty=2,shape=[])]", "device": "NPU"}, {"output": ["/lr_branch/backbone/features.12/conv/conv.2/Clip_output_0_DequantizeLinear_Output"], "input": ["/lr_branch/backbone/features.12/conv/conv.2/Clip_output_0_QuantizeLinear_Output", "onnx::Conv_674_scale", "/lr_branch/backbone/features.12/conv/conv.2/Clip_output_0_zero_point"], "opType": "DequantizeLinear", "comment": "@312 [/lr_branch/backbone/features.12/conv/conv.2/Clip_output_0_DequantizeLinear_Output:(ty=1,shape=[1,576,32,32])] DequantizeLinear [/lr_branch/backbone/features.12/conv/conv.2/Clip_output_0_QuantizeLinear_Output:(ty=2,shape=[1,576,32,32]),onnx::Conv_674_scale:(ty=1,shape=[]),/lr_branch/backbone/features.12/conv/conv.2/Clip_output_0_zero_point:(ty=2,shape=[])]", "device": "NPU"}, {"output": ["onnx::Conv_762_DequantizeLinear_Output"], "input": ["onnx::Conv_762_quantized", "onnx::Conv_674_scale", "onnx::Conv_762_zero_point"], "opType": "DequantizeLinear", "comment": "@106 [onnx::Conv_762_DequantizeLinear_Output:(ty=1,shape=[576])] DequantizeLinear [onnx::Conv_762_quantized:(ty=3,shape=[576]),onnx::Conv_674_scale:(ty=1,shape=[]),onnx::Conv_762_zero_point:(ty=3,shape=[])]", "device": "NPU"}, {"output": ["onnx::Conv_761_DequantizeLinear_Output"], "input": ["onnx::Conv_761_quantized", "/lr_branch/backbone/features.2/conv/conv.5/Clip_output_0_scale", "onnx::Conv_761_zero_point"], "opType": "DequantizeLinear", "comment": "@105 [onnx::Conv_761_DequantizeLinear_Output:(ty=1,shape=[576,1,3,3])] DequantizeLinear [onnx::Conv_761_quantized:(ty=3,shape=[576,1,3,3]),/lr_branch/backbone/features.2/conv/conv.5/Clip_output_0_scale:(ty=1,shape=[]),onnx::Conv_761_zero_point:(ty=3,shape=[])]", "device": "NPU"}, {"output": ["/lr_branch/backbone/features.12/conv/conv.3/Conv_output_0"], "input": ["/lr_branch/backbone/features.12/conv/conv.2/Clip_output_0_DequantizeLinear_Output", "onnx::Conv_761_DequantizeLinear_Output", "onnx::Conv_762_DequantizeLinear_Output"], "opType": "Conv", "comment": "@313 [/lr_branch/backbone/features.12/conv/conv.3/Conv_output_0:(ty=1,shape=[1,576,32,32])] Conv [/lr_branch/backbone/features.12/conv/conv.2/Clip_output_0_DequantizeLinear_Output:(ty=1,shape=[1,576,32,32]),onnx::Conv_761_DequantizeLinear_Output:(ty=1,shape=[576,1,3,3]),onnx::Conv_762_DequantizeLinear_Output:(ty=1,shape=[576])]", "device": "NPU"}, {"output": ["/lr_branch/backbone/features.12/conv/conv.5/Clip_output_0"], "input": ["/lr_branch/backbone/features.12/conv/conv.3/Conv_output_0", "/lr_branch/backbone/features.0/features.0.2/Constant_output_0", "/lr_branch/backbone/features.0/features.0.2/Constant_1_output_0"], "opType": "Clip", "comment": "@314 [/lr_branch/backbone/features.12/conv/conv.5/Clip_output_0:(ty=1,shape=[1,576,32,32])] Clip [/lr_branch/backbone/features.12/conv/conv.3/Conv_output_0:(ty=1,shape=[1,576,32,32]),/lr_branch/backbone/features.0/features.0.2/Constant_output_0:(ty=1,shape=[]),/lr_branch/backbone/features.0/features.0.2/Constant_1_output_0:(ty=1,shape=[])]", "device": "NPU"}, {"output": ["/lr_branch/backbone/features.12/conv/conv.5/Clip_output_0_QuantizeLinear_Output"], "input": ["/lr_branch/backbone/features.12/conv/conv.5/Clip_output_0", "onnx::Conv_683_scale", "/lr_branch/backbone/features.12/conv/conv.5/Clip_output_0_zero_point"], "opType": "QuantizeLinear", "comment": "@315 [/lr_branch/backbone/features.12/conv/conv.5/Clip_output_0_QuantizeLinear_Output:(ty=2,shape=[1,576,32,32])] QuantizeLinear [/lr_branch/backbone/features.12/conv/conv.5/Clip_output_0:(ty=1,shape=[1,576,32,32]),onnx::Conv_683_scale:(ty=1,shape=[]),/lr_branch/backbone/features.12/conv/conv.5/Clip_output_0_zero_point:(ty=2,shape=[])]", "device": "NPU"}, {"output": ["/lr_branch/backbone/features.12/conv/conv.5/Clip_output_0_DequantizeLinear_Output"], "input": ["/lr_branch/backbone/features.12/conv/conv.5/Clip_output_0_QuantizeLinear_Output", "onnx::Conv_683_scale", "/lr_branch/backbone/features.12/conv/conv.5/Clip_output_0_zero_point"], "opType": "DequantizeLinear", "comment": "@316 [/lr_branch/backbone/features.12/conv/conv.5/Clip_output_0_DequantizeLinear_Output:(ty=1,shape=[1,576,32,32])] DequantizeLinear [/lr_branch/backbone/features.12/conv/conv.5/Clip_output_0_QuantizeLinear_Output:(ty=2,shape=[1,576,32,32]),onnx::Conv_683_scale:(ty=1,shape=[]),/lr_branch/backbone/features.12/conv/conv.5/Clip_output_0_zero_point:(ty=2,shape=[])]", "device": "NPU"}, {"output": ["onnx::Conv_765_DequantizeLinear_Output"], "input": ["onnx::Conv_765_quantized", "onnx::Conv_683_scale", "onnx::Conv_765_zero_point"], "opType": "DequantizeLinear", "comment": "@108 [onnx::Conv_765_DequantizeLinear_Output:(ty=1,shape=[96])] DequantizeLinear [onnx::Conv_765_quantized:(ty=3,shape=[96]),onnx::Conv_683_scale:(ty=1,shape=[]),onnx::Conv_765_zero_point:(ty=3,shape=[])]", "device": "NPU"}, {"output": ["onnx::Conv_764_DequantizeLinear_Output"], "input": ["onnx::Conv_764_quantized", "onnx::Conv_696_scale", "onnx::Conv_764_zero_point"], "opType": "DequantizeLinear", "comment": "@107 [onnx::Conv_764_DequantizeLinear_Output:(ty=1,shape=[96,576,1,1])] DequantizeLinear [onnx::Conv_764_quantized:(ty=3,shape=[96,576,1,1]),onnx::Conv_696_scale:(ty=1,shape=[]),onnx::Conv_764_zero_point:(ty=3,shape=[])]", "device": "NPU"}, {"output": ["/lr_branch/backbone/features.12/conv/conv.6/Conv_output_0"], "input": ["/lr_branch/backbone/features.12/conv/conv.5/Clip_output_0_DequantizeLinear_Output", "onnx::Conv_764_DequantizeLinear_Output", "onnx::Conv_765_DequantizeLinear_Output"], "opType": "Conv", "comment": "@317 [/lr_branch/backbone/features.12/conv/conv.6/Conv_output_0:(ty=1,shape=[1,96,32,32])] Conv [/lr_branch/backbone/features.12/conv/conv.5/Clip_output_0_DequantizeLinear_Output:(ty=1,shape=[1,576,32,32]),onnx::Conv_764_DequantizeLinear_Output:(ty=1,shape=[96,576,1,1]),onnx::Conv_765_DequantizeLinear_Output:(ty=1,shape=[96])]", "device": "NPU"}, {"output": ["/lr_branch/backbone/features.12/conv/conv.6/Conv_output_0_QuantizeLinear_Output"], "input": ["/lr_branch/backbone/features.12/conv/conv.6/Conv_output_0", "onnx::Conv_683_scale", "/lr_branch/backbone/features.12/conv/conv.6/Conv_output_0_zero_point"], "opType": "QuantizeLinear", "comment": "@318 [/lr_branch/backbone/features.12/conv/conv.6/Conv_output_0_QuantizeLinear_Output:(ty=2,shape=[1,96,32,32])] QuantizeLinear [/lr_branch/backbone/features.12/conv/conv.6/Conv_output_0:(ty=1,shape=[1,96,32,32]),onnx::Conv_683_scale:(ty=1,shape=[]),/lr_branch/backbone/features.12/conv/conv.6/Conv_output_0_zero_point:(ty=2,shape=[])]", "device": "NPU"}, {"output": ["/lr_branch/backbone/features.12/conv/conv.6/Conv_output_0_DequantizeLinear_Output"], "input": ["/lr_branch/backbone/features.12/conv/conv.6/Conv_output_0_QuantizeLinear_Output", "onnx::Conv_683_scale", "/lr_branch/backbone/features.12/conv/conv.6/Conv_output_0_zero_point"], "opType": "DequantizeLinear", "comment": "@319 [/lr_branch/backbone/features.12/conv/conv.6/Conv_output_0_DequantizeLinear_Output:(ty=1,shape=[1,96,32,32])] DequantizeLinear [/lr_branch/backbone/features.12/conv/conv.6/Conv_output_0_QuantizeLinear_Output:(ty=2,shape=[1,96,32,32]),onnx::Conv_683_scale:(ty=1,shape=[]),/lr_branch/backbone/features.12/conv/conv.6/Conv_output_0_zero_point:(ty=2,shape=[])]", "device": "NPU"}, {"output": ["/lr_branch/backbone/features.12/Add_output_0"], "input": ["/lr_branch/backbone/features.11/conv/conv.6/Conv_output_0_DequantizeLinear_Output/duplicated", "/lr_branch/backbone/features.12/conv/conv.6/Conv_output_0_DequantizeLinear_Output"], "opType": "Add", "comment": "@320 [/lr_branch/backbone/features.12/Add_output_0:(ty=1,shape=[1,96,32,32])] Add [/lr_branch/backbone/features.11/conv/conv.6/Conv_output_0_DequantizeLinear_Output/duplicated:(ty=1,shape=[1,96,32,32]),/lr_branch/backbone/features.12/conv/conv.6/Conv_output_0_DequantizeLinear_Output:(ty=1,shape=[1,96,32,32])]", "device": "NPU"}, {"output": ["/lr_branch/backbone/features.12/Add_output_0_QuantizeLinear_Output"], "input": ["/lr_branch/backbone/features.12/Add_output_0", "onnx::Conv_672_scale", "/lr_branch/backbone/features.12/Add_output_0_zero_point"], "opType": "QuantizeLinear", "comment": "@321 [/lr_branch/backbone/features.12/Add_output_0_QuantizeLinear_Output:(ty=2,shape=[1,96,32,32])] QuantizeLinear [/lr_branch/backbone/features.12/Add_output_0:(ty=1,shape=[1,96,32,32]),onnx::Conv_672_scale:(ty=1,shape=[]),/lr_branch/backbone/features.12/Add_output_0_zero_point:(ty=2,shape=[])]", "device": "NPU"}, {"output": ["/lr_branch/backbone/features.12/Add_output_0_DequantizeLinear_Output/duplicated"], "input": ["/lr_branch/backbone/features.12/Add_output_0_QuantizeLinear_Output", "onnx::Conv_672_scale", "/lr_branch/backbone/features.12/Add_output_0_zero_point"], "opType": "DequantizeLinear", "comment": "@502 [/lr_branch/backbone/features.12/Add_output_0_DequantizeLinear_Output/duplicated:(ty=1,shape=[1,96,32,32])] DequantizeLinear [/lr_branch/backbone/features.12/Add_output_0_QuantizeLinear_Output:(ty=2,shape=[1,96,32,32]),onnx::Conv_672_scale:(ty=1,shape=[]),/lr_branch/backbone/features.12/Add_output_0_zero_point:(ty=2,shape=[])]", "device": "NPU"}, {"output": ["/lr_branch/backbone/features.12/Add_output_0_DequantizeLinear_Output"], "input": ["/lr_branch/backbone/features.12/Add_output_0_QuantizeLinear_Output", "onnx::Conv_672_scale", "/lr_branch/backbone/features.12/Add_output_0_zero_point"], "opType": "DequantizeLinear", "comment": "@322 [/lr_branch/backbone/features.12/Add_output_0_DequantizeLinear_Output:(ty=1,shape=[1,96,32,32])] DequantizeLinear [/lr_branch/backbone/features.12/Add_output_0_QuantizeLinear_Output:(ty=2,shape=[1,96,32,32]),onnx::Conv_672_scale:(ty=1,shape=[]),/lr_branch/backbone/features.12/Add_output_0_zero_point:(ty=2,shape=[])]", "device": "NPU"}, {"output": ["onnx::Conv_768_DequantizeLinear_Output"], "input": ["onnx::Conv_768_quantized", "onnx::Conv_674_scale", "onnx::Conv_768_zero_point"], "opType": "DequantizeLinear", "comment": "@110 [onnx::Conv_768_DequantizeLinear_Output:(ty=1,shape=[576])] DequantizeLinear [onnx::Conv_768_quantized:(ty=3,shape=[576]),onnx::Conv_674_scale:(ty=1,shape=[]),onnx::Conv_768_zero_point:(ty=3,shape=[])]", "device": "NPU"}, {"output": ["onnx::Conv_767_DequantizeLinear_Output"], "input": ["onnx::Conv_767_quantized", "onnx::Conv_722_scale", "onnx::Conv_767_zero_point"], "opType": "DequantizeLinear", "comment": "@109 [onnx::Conv_767_DequantizeLinear_Output:(ty=1,shape=[576,96,1,1])] DequantizeLinear [onnx::Conv_767_quantized:(ty=3,shape=[576,96,1,1]),onnx::Conv_722_scale:(ty=1,shape=[]),onnx::Conv_767_zero_point:(ty=3,shape=[])]", "device": "NPU"}, {"output": ["/lr_branch/backbone/features.13/conv/conv.0/Conv_output_0"], "input": ["/lr_branch/backbone/features.12/Add_output_0_DequantizeLinear_Output", "onnx::Conv_767_DequantizeLinear_Output", "onnx::Conv_768_DequantizeLinear_Output"], "opType": "Conv", "comment": "@323 [/lr_branch/backbone/features.13/conv/conv.0/Conv_output_0:(ty=1,shape=[1,576,32,32])] Conv [/lr_branch/backbone/features.12/Add_output_0_DequantizeLinear_Output:(ty=1,shape=[1,96,32,32]),onnx::Conv_767_DequantizeLinear_Output:(ty=1,shape=[576,96,1,1]),onnx::Conv_768_DequantizeLinear_Output:(ty=1,shape=[576])]", "device": "NPU"}, {"output": ["/lr_branch/backbone/features.13/conv/conv.2/Clip_output_0"], "input": ["/lr_branch/backbone/features.13/conv/conv.0/Conv_output_0", "/lr_branch/backbone/features.0/features.0.2/Constant_output_0", "/lr_branch/backbone/features.0/features.0.2/Constant_1_output_0"], "opType": "Clip", "comment": "@324 [/lr_branch/backbone/features.13/conv/conv.2/Clip_output_0:(ty=1,shape=[1,576,32,32])] Clip [/lr_branch/backbone/features.13/conv/conv.0/Conv_output_0:(ty=1,shape=[1,576,32,32]),/lr_branch/backbone/features.0/features.0.2/Constant_output_0:(ty=1,shape=[]),/lr_branch/backbone/features.0/features.0.2/Constant_1_output_0:(ty=1,shape=[])]", "device": "NPU"}, {"output": ["/lr_branch/backbone/features.13/conv/conv.2/Clip_output_0_QuantizeLinear_Output"], "input": ["/lr_branch/backbone/features.13/conv/conv.2/Clip_output_0", "onnx::Conv_674_scale", "/lr_branch/backbone/features.13/conv/conv.2/Clip_output_0_zero_point"], "opType": "QuantizeLinear", "comment": "@325 [/lr_branch/backbone/features.13/conv/conv.2/Clip_output_0_QuantizeLinear_Output:(ty=2,shape=[1,576,32,32])] QuantizeLinear [/lr_branch/backbone/features.13/conv/conv.2/Clip_output_0:(ty=1,shape=[1,576,32,32]),onnx::Conv_674_scale:(ty=1,shape=[]),/lr_branch/backbone/features.13/conv/conv.2/Clip_output_0_zero_point:(ty=2,shape=[])]", "device": "NPU"}, {"output": ["/lr_branch/backbone/features.13/conv/conv.2/Clip_output_0_DequantizeLinear_Output"], "input": ["/lr_branch/backbone/features.13/conv/conv.2/Clip_output_0_QuantizeLinear_Output", "onnx::Conv_674_scale", "/lr_branch/backbone/features.13/conv/conv.2/Clip_output_0_zero_point"], "opType": "DequantizeLinear", "comment": "@326 [/lr_branch/backbone/features.13/conv/conv.2/Clip_output_0_DequantizeLinear_Output:(ty=1,shape=[1,576,32,32])] DequantizeLinear [/lr_branch/backbone/features.13/conv/conv.2/Clip_output_0_QuantizeLinear_Output:(ty=2,shape=[1,576,32,32]),onnx::Conv_674_scale:(ty=1,shape=[]),/lr_branch/backbone/features.13/conv/conv.2/Clip_output_0_zero_point:(ty=2,shape=[])]", "device": "NPU"}, {"output": ["onnx::Conv_771_DequantizeLinear_Output"], "input": ["onnx::Conv_771_quantized", "onnx::Conv_683_scale", "onnx::Conv_771_zero_point"], "opType": "DequantizeLinear", "comment": "@112 [onnx::Conv_771_DequantizeLinear_Output:(ty=1,shape=[576])] DequantizeLinear [onnx::Conv_771_quantized:(ty=3,shape=[576]),onnx::Conv_683_scale:(ty=1,shape=[]),onnx::Conv_771_zero_point:(ty=3,shape=[])]", "device": "NPU"}, {"output": ["onnx::Conv_770_DequantizeLinear_Output"], "input": ["onnx::Conv_770_quantized", "/lr_branch/backbone/features.2/conv/conv.5/Clip_output_0_scale", "onnx::Conv_770_zero_point"], "opType": "DequantizeLinear", "comment": "@111 [onnx::Conv_770_DequantizeLinear_Output:(ty=1,shape=[576,1,3,3])] DequantizeLinear [onnx::Conv_770_quantized:(ty=3,shape=[576,1,3,3]),/lr_branch/backbone/features.2/conv/conv.5/Clip_output_0_scale:(ty=1,shape=[]),onnx::Conv_770_zero_point:(ty=3,shape=[])]", "device": "NPU"}, {"output": ["/lr_branch/backbone/features.13/conv/conv.3/Conv_output_0"], "input": ["/lr_branch/backbone/features.13/conv/conv.2/Clip_output_0_DequantizeLinear_Output", "onnx::Conv_770_DequantizeLinear_Output", "onnx::Conv_771_DequantizeLinear_Output"], "opType": "Conv", "comment": "@327 [/lr_branch/backbone/features.13/conv/conv.3/Conv_output_0:(ty=1,shape=[1,576,32,32])] Conv [/lr_branch/backbone/features.13/conv/conv.2/Clip_output_0_DequantizeLinear_Output:(ty=1,shape=[1,576,32,32]),onnx::Conv_770_DequantizeLinear_Output:(ty=1,shape=[576,1,3,3]),onnx::Conv_771_DequantizeLinear_Output:(ty=1,shape=[576])]", "device": "NPU"}, {"output": ["/lr_branch/backbone/features.13/conv/conv.5/Clip_output_0"], "input": ["/lr_branch/backbone/features.13/conv/conv.3/Conv_output_0", "/lr_branch/backbone/features.0/features.0.2/Constant_output_0", "/lr_branch/backbone/features.0/features.0.2/Constant_1_output_0"], "opType": "Clip", "comment": "@328 [/lr_branch/backbone/features.13/conv/conv.5/Clip_output_0:(ty=1,shape=[1,576,32,32])] Clip [/lr_branch/backbone/features.13/conv/conv.3/Conv_output_0:(ty=1,shape=[1,576,32,32]),/lr_branch/backbone/features.0/features.0.2/Constant_output_0:(ty=1,shape=[]),/lr_branch/backbone/features.0/features.0.2/Constant_1_output_0:(ty=1,shape=[])]", "device": "NPU"}, {"output": ["/lr_branch/backbone/features.13/conv/conv.5/Clip_output_0_QuantizeLinear_Output"], "input": ["/lr_branch/backbone/features.13/conv/conv.5/Clip_output_0", "onnx::Conv_672_scale", "/lr_branch/backbone/features.13/conv/conv.5/Clip_output_0_zero_point"], "opType": "QuantizeLinear", "comment": "@329 [/lr_branch/backbone/features.13/conv/conv.5/Clip_output_0_QuantizeLinear_Output:(ty=2,shape=[1,576,32,32])] QuantizeLinear [/lr_branch/backbone/features.13/conv/conv.5/Clip_output_0:(ty=1,shape=[1,576,32,32]),onnx::Conv_672_scale:(ty=1,shape=[]),/lr_branch/backbone/features.13/conv/conv.5/Clip_output_0_zero_point:(ty=2,shape=[])]", "device": "NPU"}, {"output": ["/lr_branch/backbone/features.13/conv/conv.5/Clip_output_0_DequantizeLinear_Output"], "input": ["/lr_branch/backbone/features.13/conv/conv.5/Clip_output_0_QuantizeLinear_Output", "onnx::Conv_672_scale", "/lr_branch/backbone/features.13/conv/conv.5/Clip_output_0_zero_point"], "opType": "DequantizeLinear", "comment": "@330 [/lr_branch/backbone/features.13/conv/conv.5/Clip_output_0_DequantizeLinear_Output:(ty=1,shape=[1,576,32,32])] DequantizeLinear [/lr_branch/backbone/features.13/conv/conv.5/Clip_output_0_QuantizeLinear_Output:(ty=2,shape=[1,576,32,32]),onnx::Conv_672_scale:(ty=1,shape=[]),/lr_branch/backbone/features.13/conv/conv.5/Clip_output_0_zero_point:(ty=2,shape=[])]", "device": "NPU"}, {"output": ["onnx::Conv_774_DequantizeLinear_Output"], "input": ["onnx::Conv_774_quantized", "onnx::Conv_683_scale", "onnx::Conv_774_zero_point"], "opType": "DequantizeLinear", "comment": "@114 [onnx::Conv_774_DequantizeLinear_Output:(ty=1,shape=[96])] DequantizeLinear [onnx::Conv_774_quantized:(ty=3,shape=[96]),onnx::Conv_683_scale:(ty=1,shape=[]),onnx::Conv_774_zero_point:(ty=3,shape=[])]", "device": "NPU"}, {"output": ["onnx::Conv_773_DequantizeLinear_Output"], "input": ["onnx::Conv_773_quantized", "onnx::Conv_674_scale", "onnx::Conv_773_zero_point"], "opType": "DequantizeLinear", "comment": "@113 [onnx::Conv_773_DequantizeLinear_Output:(ty=1,shape=[96,576,1,1])] DequantizeLinear [onnx::Conv_773_quantized:(ty=3,shape=[96,576,1,1]),onnx::Conv_674_scale:(ty=1,shape=[]),onnx::Conv_773_zero_point:(ty=3,shape=[])]", "device": "NPU"}, {"output": ["/lr_branch/backbone/features.13/conv/conv.6/Conv_output_0"], "input": ["/lr_branch/backbone/features.13/conv/conv.5/Clip_output_0_DequantizeLinear_Output", "onnx::Conv_773_DequantizeLinear_Output", "onnx::Conv_774_DequantizeLinear_Output"], "opType": "Conv", "comment": "@331 [/lr_branch/backbone/features.13/conv/conv.6/Conv_output_0:(ty=1,shape=[1,96,32,32])] Conv [/lr_branch/backbone/features.13/conv/conv.5/Clip_output_0_DequantizeLinear_Output:(ty=1,shape=[1,576,32,32]),onnx::Conv_773_DequantizeLinear_Output:(ty=1,shape=[96,576,1,1]),onnx::Conv_774_DequantizeLinear_Output:(ty=1,shape=[96])]", "device": "NPU"}, {"output": ["/lr_branch/backbone/features.13/conv/conv.6/Conv_output_0_QuantizeLinear_Output"], "input": ["/lr_branch/backbone/features.13/conv/conv.6/Conv_output_0", "/lr_branch/backbone/features.2/conv/conv.5/Clip_output_0_scale", "/lr_branch/backbone/features.13/conv/conv.6/Conv_output_0_zero_point"], "opType": "QuantizeLinear", "comment": "@332 [/lr_branch/backbone/features.13/conv/conv.6/Conv_output_0_QuantizeLinear_Output:(ty=2,shape=[1,96,32,32])] QuantizeLinear [/lr_branch/backbone/features.13/conv/conv.6/Conv_output_0:(ty=1,shape=[1,96,32,32]),/lr_branch/backbone/features.2/conv/conv.5/Clip_output_0_scale:(ty=1,shape=[]),/lr_branch/backbone/features.13/conv/conv.6/Conv_output_0_zero_point:(ty=2,shape=[])]", "device": "NPU"}, {"output": ["/lr_branch/backbone/features.13/conv/conv.6/Conv_output_0_DequantizeLinear_Output"], "input": ["/lr_branch/backbone/features.13/conv/conv.6/Conv_output_0_QuantizeLinear_Output", "/lr_branch/backbone/features.2/conv/conv.5/Clip_output_0_scale", "/lr_branch/backbone/features.13/conv/conv.6/Conv_output_0_zero_point"], "opType": "DequantizeLinear", "comment": "@333 [/lr_branch/backbone/features.13/conv/conv.6/Conv_output_0_DequantizeLinear_Output:(ty=1,shape=[1,96,32,32])] DequantizeLinear [/lr_branch/backbone/features.13/conv/conv.6/Conv_output_0_QuantizeLinear_Output:(ty=2,shape=[1,96,32,32]),/lr_branch/backbone/features.2/conv/conv.5/Clip_output_0_scale:(ty=1,shape=[]),/lr_branch/backbone/features.13/conv/conv.6/Conv_output_0_zero_point:(ty=2,shape=[])]", "device": "NPU"}, {"output": ["/lr_branch/backbone/features.13/Add_output_0"], "input": ["/lr_branch/backbone/features.12/Add_output_0_DequantizeLinear_Output/duplicated", "/lr_branch/backbone/features.13/conv/conv.6/Conv_output_0_DequantizeLinear_Output"], "opType": "Add", "comment": "@334 [/lr_branch/backbone/features.13/Add_output_0:(ty=1,shape=[1,96,32,32])] Add [/lr_branch/backbone/features.12/Add_output_0_DequantizeLinear_Output/duplicated:(ty=1,shape=[1,96,32,32]),/lr_branch/backbone/features.13/conv/conv.6/Conv_output_0_DequantizeLinear_Output:(ty=1,shape=[1,96,32,32])]", "device": "NPU"}, {"output": ["/lr_branch/backbone/features.13/Add_output_0_QuantizeLinear_Output"], "input": ["/lr_branch/backbone/features.13/Add_output_0", "/lr_branch/backbone/features.2/conv/conv.5/Clip_output_0_scale", "/lr_branch/backbone/features.13/Add_output_0_zero_point"], "opType": "QuantizeLinear", "comment": "@335 [/lr_branch/backbone/features.13/Add_output_0_QuantizeLinear_Output:(ty=2,shape=[1,96,32,32])] QuantizeLinear [/lr_branch/backbone/features.13/Add_output_0:(ty=1,shape=[1,96,32,32]),/lr_branch/backbone/features.2/conv/conv.5/Clip_output_0_scale:(ty=1,shape=[]),/lr_branch/backbone/features.13/Add_output_0_zero_point:(ty=2,shape=[])]", "device": "NPU"}, {"output": ["/lr_branch/backbone/features.13/Add_output_0_DequantizeLinear_Output"], "input": ["/lr_branch/backbone/features.13/Add_output_0_QuantizeLinear_Output", "/lr_branch/backbone/features.2/conv/conv.5/Clip_output_0_scale", "/lr_branch/backbone/features.13/Add_output_0_zero_point"], "opType": "DequantizeLinear", "comment": "@336 [/lr_branch/backbone/features.13/Add_output_0_DequantizeLinear_Output:(ty=1,shape=[1,96,32,32])] DequantizeLinear [/lr_branch/backbone/features.13/Add_output_0_QuantizeLinear_Output:(ty=2,shape=[1,96,32,32]),/lr_branch/backbone/features.2/conv/conv.5/Clip_output_0_scale:(ty=1,shape=[]),/lr_branch/backbone/features.13/Add_output_0_zero_point:(ty=2,shape=[])]", "device": "NPU"}, {"output": ["onnx::Conv_777_DequantizeLinear_Output"], "input": ["onnx::Conv_777_quantized", "onnx::Conv_674_scale", "onnx::Conv_777_zero_point"], "opType": "DequantizeLinear", "comment": "@116 [onnx::Conv_777_DequantizeLinear_Output:(ty=1,shape=[576])] DequantizeLinear [onnx::Conv_777_quantized:(ty=3,shape=[576]),onnx::Conv_674_scale:(ty=1,shape=[]),onnx::Conv_777_zero_point:(ty=3,shape=[])]", "device": "NPU"}, {"output": ["onnx::Conv_776_DequantizeLinear_Output"], "input": ["onnx::Conv_776_quantized", "onnx::Conv_722_scale", "onnx::Conv_776_zero_point"], "opType": "DequantizeLinear", "comment": "@115 [onnx::Conv_776_DequantizeLinear_Output:(ty=1,shape=[576,96,1,1])] DequantizeLinear [onnx::Conv_776_quantized:(ty=3,shape=[576,96,1,1]),onnx::Conv_722_scale:(ty=1,shape=[]),onnx::Conv_776_zero_point:(ty=3,shape=[])]", "device": "NPU"}, {"output": ["/lr_branch/backbone/features.14/conv/conv.0/Conv_output_0"], "input": ["/lr_branch/backbone/features.13/Add_output_0_DequantizeLinear_Output", "onnx::Conv_776_DequantizeLinear_Output", "onnx::Conv_777_DequantizeLinear_Output"], "opType": "Conv", "comment": "@337 [/lr_branch/backbone/features.14/conv/conv.0/Conv_output_0:(ty=1,shape=[1,576,32,32])] Conv [/lr_branch/backbone/features.13/Add_output_0_DequantizeLinear_Output:(ty=1,shape=[1,96,32,32]),onnx::Conv_776_DequantizeLinear_Output:(ty=1,shape=[576,96,1,1]),onnx::Conv_777_DequantizeLinear_Output:(ty=1,shape=[576])]", "device": "NPU"}, {"output": ["/lr_branch/backbone/features.14/conv/conv.2/Clip_output_0"], "input": ["/lr_branch/backbone/features.14/conv/conv.0/Conv_output_0", "/lr_branch/backbone/features.0/features.0.2/Constant_output_0", "/lr_branch/backbone/features.0/features.0.2/Constant_1_output_0"], "opType": "Clip", "comment": "@338 [/lr_branch/backbone/features.14/conv/conv.2/Clip_output_0:(ty=1,shape=[1,576,32,32])] Clip [/lr_branch/backbone/features.14/conv/conv.0/Conv_output_0:(ty=1,shape=[1,576,32,32]),/lr_branch/backbone/features.0/features.0.2/Constant_output_0:(ty=1,shape=[]),/lr_branch/backbone/features.0/features.0.2/Constant_1_output_0:(ty=1,shape=[])]", "device": "NPU"}, {"output": ["/lr_branch/backbone/features.14/conv/conv.2/Clip_output_0_QuantizeLinear_Output"], "input": ["/lr_branch/backbone/features.14/conv/conv.2/Clip_output_0", "onnx::Conv_683_scale", "/lr_branch/backbone/features.14/conv/conv.2/Clip_output_0_zero_point"], "opType": "QuantizeLinear", "comment": "@339 [/lr_branch/backbone/features.14/conv/conv.2/Clip_output_0_QuantizeLinear_Output:(ty=2,shape=[1,576,32,32])] QuantizeLinear [/lr_branch/backbone/features.14/conv/conv.2/Clip_output_0:(ty=1,shape=[1,576,32,32]),onnx::Conv_683_scale:(ty=1,shape=[]),/lr_branch/backbone/features.14/conv/conv.2/Clip_output_0_zero_point:(ty=2,shape=[])]", "device": "NPU"}, {"output": ["/lr_branch/backbone/features.14/conv/conv.2/Clip_output_0_DequantizeLinear_Output"], "input": ["/lr_branch/backbone/features.14/conv/conv.2/Clip_output_0_QuantizeLinear_Output", "onnx::Conv_683_scale", "/lr_branch/backbone/features.14/conv/conv.2/Clip_output_0_zero_point"], "opType": "DequantizeLinear", "comment": "@340 [/lr_branch/backbone/features.14/conv/conv.2/Clip_output_0_DequantizeLinear_Output:(ty=1,shape=[1,576,32,32])] DequantizeLinear [/lr_branch/backbone/features.14/conv/conv.2/Clip_output_0_QuantizeLinear_Output:(ty=2,shape=[1,576,32,32]),onnx::Conv_683_scale:(ty=1,shape=[]),/lr_branch/backbone/features.14/conv/conv.2/Clip_output_0_zero_point:(ty=2,shape=[])]", "device": "NPU"}, {"output": ["onnx::Conv_780_DequantizeLinear_Output"], "input": ["onnx::Conv_780_quantized", "onnx::Conv_683_scale", "onnx::Conv_780_zero_point"], "opType": "DequantizeLinear", "comment": "@118 [onnx::Conv_780_DequantizeLinear_Output:(ty=1,shape=[576])] DequantizeLinear [onnx::Conv_780_quantized:(ty=3,shape=[576]),onnx::Conv_683_scale:(ty=1,shape=[]),onnx::Conv_780_zero_point:(ty=3,shape=[])]", "device": "NPU"}, {"output": ["onnx::Conv_779_DequantizeLinear_Output"], "input": ["onnx::Conv_779_quantized", "/lr_branch/backbone/features.2/conv/conv.5/Clip_output_0_scale", "onnx::Conv_779_zero_point"], "opType": "DequantizeLinear", "comment": "@117 [onnx::Conv_779_DequantizeLinear_Output:(ty=1,shape=[576,1,3,3])] DequantizeLinear [onnx::Conv_779_quantized:(ty=3,shape=[576,1,3,3]),/lr_branch/backbone/features.2/conv/conv.5/Clip_output_0_scale:(ty=1,shape=[]),onnx::Conv_779_zero_point:(ty=3,shape=[])]", "device": "NPU"}, {"output": ["/lr_branch/backbone/features.14/conv/conv.3/Conv_output_0"], "input": ["/lr_branch/backbone/features.14/conv/conv.2/Clip_output_0_DequantizeLinear_Output", "onnx::Conv_779_DequantizeLinear_Output", "onnx::Conv_780_DequantizeLinear_Output"], "opType": "Conv", "comment": "@341 [/lr_branch/backbone/features.14/conv/conv.3/Conv_output_0:(ty=1,shape=[1,576,16,16])] Conv [/lr_branch/backbone/features.14/conv/conv.2/Clip_output_0_DequantizeLinear_Output:(ty=1,shape=[1,576,32,32]),onnx::Conv_779_DequantizeLinear_Output:(ty=1,shape=[576,1,3,3]),onnx::Conv_780_DequantizeLinear_Output:(ty=1,shape=[576])]", "device": "NPU"}, {"output": ["/lr_branch/backbone/features.14/conv/conv.5/Clip_output_0"], "input": ["/lr_branch/backbone/features.14/conv/conv.3/Conv_output_0", "/lr_branch/backbone/features.0/features.0.2/Constant_output_0", "/lr_branch/backbone/features.0/features.0.2/Constant_1_output_0"], "opType": "Clip", "comment": "@342 [/lr_branch/backbone/features.14/conv/conv.5/Clip_output_0:(ty=1,shape=[1,576,16,16])] Clip [/lr_branch/backbone/features.14/conv/conv.3/Conv_output_0:(ty=1,shape=[1,576,16,16]),/lr_branch/backbone/features.0/features.0.2/Constant_output_0:(ty=1,shape=[]),/lr_branch/backbone/features.0/features.0.2/Constant_1_output_0:(ty=1,shape=[])]", "device": "NPU"}, {"output": ["/lr_branch/backbone/features.14/conv/conv.5/Clip_output_0_QuantizeLinear_Output"], "input": ["/lr_branch/backbone/features.14/conv/conv.5/Clip_output_0", "onnx::Conv_672_scale", "/lr_branch/backbone/features.14/conv/conv.5/Clip_output_0_zero_point"], "opType": "QuantizeLinear", "comment": "@343 [/lr_branch/backbone/features.14/conv/conv.5/Clip_output_0_QuantizeLinear_Output:(ty=2,shape=[1,576,16,16])] QuantizeLinear [/lr_branch/backbone/features.14/conv/conv.5/Clip_output_0:(ty=1,shape=[1,576,16,16]),onnx::Conv_672_scale:(ty=1,shape=[]),/lr_branch/backbone/features.14/conv/conv.5/Clip_output_0_zero_point:(ty=2,shape=[])]", "device": "NPU"}, {"output": ["/lr_branch/backbone/features.14/conv/conv.5/Clip_output_0_DequantizeLinear_Output"], "input": ["/lr_branch/backbone/features.14/conv/conv.5/Clip_output_0_QuantizeLinear_Output", "onnx::Conv_672_scale", "/lr_branch/backbone/features.14/conv/conv.5/Clip_output_0_zero_point"], "opType": "DequantizeLinear", "comment": "@344 [/lr_branch/backbone/features.14/conv/conv.5/Clip_output_0_DequantizeLinear_Output:(ty=1,shape=[1,576,16,16])] DequantizeLinear [/lr_branch/backbone/features.14/conv/conv.5/Clip_output_0_QuantizeLinear_Output:(ty=2,shape=[1,576,16,16]),onnx::Conv_672_scale:(ty=1,shape=[]),/lr_branch/backbone/features.14/conv/conv.5/Clip_output_0_zero_point:(ty=2,shape=[])]", "device": "NPU"}, {"output": ["onnx::Conv_783_DequantizeLinear_Output"], "input": ["onnx::Conv_783_quantized", "onnx::Conv_674_scale", "onnx::Conv_783_zero_point"], "opType": "DequantizeLinear", "comment": "@120 [onnx::Conv_783_DequantizeLinear_Output:(ty=1,shape=[160])] DequantizeLinear [onnx::Conv_783_quantized:(ty=3,shape=[160]),onnx::Conv_674_scale:(ty=1,shape=[]),onnx::Conv_783_zero_point:(ty=3,shape=[])]", "device": "NPU"}, {"output": ["onnx::Conv_782_DequantizeLinear_Output"], "input": ["onnx::Conv_782_quantized", "onnx::Conv_758_scale", "onnx::Conv_782_zero_point"], "opType": "DequantizeLinear", "comment": "@119 [onnx::Conv_782_DequantizeLinear_Output:(ty=1,shape=[160,576,1,1])] DequantizeLinear [onnx::Conv_782_quantized:(ty=3,shape=[160,576,1,1]),onnx::Conv_758_scale:(ty=1,shape=[]),onnx::Conv_782_zero_point:(ty=3,shape=[])]", "device": "NPU"}, {"output": ["/lr_branch/backbone/features.14/conv/conv.6/Conv_output_0"], "input": ["/lr_branch/backbone/features.14/conv/conv.5/Clip_output_0_DequantizeLinear_Output", "onnx::Conv_782_DequantizeLinear_Output", "onnx::Conv_783_DequantizeLinear_Output"], "opType": "Conv", "comment": "@345 [/lr_branch/backbone/features.14/conv/conv.6/Conv_output_0:(ty=1,shape=[1,160,16,16])] Conv [/lr_branch/backbone/features.14/conv/conv.5/Clip_output_0_DequantizeLinear_Output:(ty=1,shape=[1,576,16,16]),onnx::Conv_782_DequantizeLinear_Output:(ty=1,shape=[160,576,1,1]),onnx::Conv_783_DequantizeLinear_Output:(ty=1,shape=[160])]", "device": "NPU"}, {"output": ["/lr_branch/backbone/features.14/conv/conv.6/Conv_output_0_QuantizeLinear_Output"], "input": ["/lr_branch/backbone/features.14/conv/conv.6/Conv_output_0", "/lr_branch/backbone/features.2/conv/conv.5/Clip_output_0_scale", "/lr_branch/backbone/features.14/conv/conv.6/Conv_output_0_zero_point"], "opType": "QuantizeLinear", "comment": "@346 [/lr_branch/backbone/features.14/conv/conv.6/Conv_output_0_QuantizeLinear_Output:(ty=2,shape=[1,160,16,16])] QuantizeLinear [/lr_branch/backbone/features.14/conv/conv.6/Conv_output_0:(ty=1,shape=[1,160,16,16]),/lr_branch/backbone/features.2/conv/conv.5/Clip_output_0_scale:(ty=1,shape=[]),/lr_branch/backbone/features.14/conv/conv.6/Conv_output_0_zero_point:(ty=2,shape=[])]", "device": "NPU"}, {"output": ["/lr_branch/backbone/features.14/conv/conv.6/Conv_output_0_DequantizeLinear_Output/duplicated"], "input": ["/lr_branch/backbone/features.14/conv/conv.6/Conv_output_0_QuantizeLinear_Output", "/lr_branch/backbone/features.2/conv/conv.5/Clip_output_0_scale", "/lr_branch/backbone/features.14/conv/conv.6/Conv_output_0_zero_point"], "opType": "DequantizeLinear", "comment": "@503 [/lr_branch/backbone/features.14/conv/conv.6/Conv_output_0_DequantizeLinear_Output/duplicated:(ty=1,shape=[1,160,16,16])] DequantizeLinear [/lr_branch/backbone/features.14/conv/conv.6/Conv_output_0_QuantizeLinear_Output:(ty=2,shape=[1,160,16,16]),/lr_branch/backbone/features.2/conv/conv.5/Clip_output_0_scale:(ty=1,shape=[]),/lr_branch/backbone/features.14/conv/conv.6/Conv_output_0_zero_point:(ty=2,shape=[])]", "device": "NPU"}, {"output": ["/lr_branch/backbone/features.14/conv/conv.6/Conv_output_0_DequantizeLinear_Output"], "input": ["/lr_branch/backbone/features.14/conv/conv.6/Conv_output_0_QuantizeLinear_Output", "/lr_branch/backbone/features.2/conv/conv.5/Clip_output_0_scale", "/lr_branch/backbone/features.14/conv/conv.6/Conv_output_0_zero_point"], "opType": "DequantizeLinear", "comment": "@347 [/lr_branch/backbone/features.14/conv/conv.6/Conv_output_0_DequantizeLinear_Output:(ty=1,shape=[1,160,16,16])] DequantizeLinear [/lr_branch/backbone/features.14/conv/conv.6/Conv_output_0_QuantizeLinear_Output:(ty=2,shape=[1,160,16,16]),/lr_branch/backbone/features.2/conv/conv.5/Clip_output_0_scale:(ty=1,shape=[]),/lr_branch/backbone/features.14/conv/conv.6/Conv_output_0_zero_point:(ty=2,shape=[])]", "device": "NPU"}, {"output": ["onnx::Conv_786_DequantizeLinear_Output"], "input": ["onnx::Conv_786_quantized", "onnx::Conv_696_scale", "onnx::Conv_786_zero_point"], "opType": "DequantizeLinear", "comment": "@122 [onnx::Conv_786_DequantizeLinear_Output:(ty=1,shape=[960])] DequantizeLinear [onnx::Conv_786_quantized:(ty=3,shape=[960]),onnx::Conv_696_scale:(ty=1,shape=[]),onnx::Conv_786_zero_point:(ty=3,shape=[])]", "device": "NPU"}, {"output": ["onnx::Conv_785_DequantizeLinear_Output"], "input": ["onnx::Conv_785_quantized", "onnx::Conv_722_scale", "onnx::Conv_785_zero_point"], "opType": "DequantizeLinear", "comment": "@121 [onnx::Conv_785_DequantizeLinear_Output:(ty=1,shape=[960,160,1,1])] DequantizeLinear [onnx::Conv_785_quantized:(ty=3,shape=[960,160,1,1]),onnx::Conv_722_scale:(ty=1,shape=[]),onnx::Conv_785_zero_point:(ty=3,shape=[])]", "device": "NPU"}, {"output": ["/lr_branch/backbone/features.15/conv/conv.0/Conv_output_0"], "input": ["/lr_branch/backbone/features.14/conv/conv.6/Conv_output_0_DequantizeLinear_Output", "onnx::Conv_785_DequantizeLinear_Output", "onnx::Conv_786_DequantizeLinear_Output"], "opType": "Conv", "comment": "@348 [/lr_branch/backbone/features.15/conv/conv.0/Conv_output_0:(ty=1,shape=[1,960,16,16])] Conv [/lr_branch/backbone/features.14/conv/conv.6/Conv_output_0_DequantizeLinear_Output:(ty=1,shape=[1,160,16,16]),onnx::Conv_785_DequantizeLinear_Output:(ty=1,shape=[960,160,1,1]),onnx::Conv_786_DequantizeLinear_Output:(ty=1,shape=[960])]", "device": "NPU"}, {"output": ["/lr_branch/backbone/features.15/conv/conv.2/Clip_output_0"], "input": ["/lr_branch/backbone/features.15/conv/conv.0/Conv_output_0", "/lr_branch/backbone/features.0/features.0.2/Constant_output_0", "/lr_branch/backbone/features.0/features.0.2/Constant_1_output_0"], "opType": "Clip", "comment": "@349 [/lr_branch/backbone/features.15/conv/conv.2/Clip_output_0:(ty=1,shape=[1,960,16,16])] Clip [/lr_branch/backbone/features.15/conv/conv.0/Conv_output_0:(ty=1,shape=[1,960,16,16]),/lr_branch/backbone/features.0/features.0.2/Constant_output_0:(ty=1,shape=[]),/lr_branch/backbone/features.0/features.0.2/Constant_1_output_0:(ty=1,shape=[])]", "device": "NPU"}, {"output": ["/lr_branch/backbone/features.15/conv/conv.2/Clip_output_0_QuantizeLinear_Output"], "input": ["/lr_branch/backbone/features.15/conv/conv.2/Clip_output_0", "onnx::Conv_683_scale", "/lr_branch/backbone/features.15/conv/conv.2/Clip_output_0_zero_point"], "opType": "QuantizeLinear", "comment": "@350 [/lr_branch/backbone/features.15/conv/conv.2/Clip_output_0_QuantizeLinear_Output:(ty=2,shape=[1,960,16,16])] QuantizeLinear [/lr_branch/backbone/features.15/conv/conv.2/Clip_output_0:(ty=1,shape=[1,960,16,16]),onnx::Conv_683_scale:(ty=1,shape=[]),/lr_branch/backbone/features.15/conv/conv.2/Clip_output_0_zero_point:(ty=2,shape=[])]", "device": "NPU"}, {"output": ["/lr_branch/backbone/features.15/conv/conv.2/Clip_output_0_DequantizeLinear_Output"], "input": ["/lr_branch/backbone/features.15/conv/conv.2/Clip_output_0_QuantizeLinear_Output", "onnx::Conv_683_scale", "/lr_branch/backbone/features.15/conv/conv.2/Clip_output_0_zero_point"], "opType": "DequantizeLinear", "comment": "@351 [/lr_branch/backbone/features.15/conv/conv.2/Clip_output_0_DequantizeLinear_Output:(ty=1,shape=[1,960,16,16])] DequantizeLinear [/lr_branch/backbone/features.15/conv/conv.2/Clip_output_0_QuantizeLinear_Output:(ty=2,shape=[1,960,16,16]),onnx::Conv_683_scale:(ty=1,shape=[]),/lr_branch/backbone/features.15/conv/conv.2/Clip_output_0_zero_point:(ty=2,shape=[])]", "device": "NPU"}, {"output": ["onnx::Conv_789_DequantizeLinear_Output"], "input": ["onnx::Conv_789_quantized", "onnx::Conv_674_scale", "onnx::Conv_789_zero_point"], "opType": "DequantizeLinear", "comment": "@124 [onnx::Conv_789_DequantizeLinear_Output:(ty=1,shape=[960])] DequantizeLinear [onnx::Conv_789_quantized:(ty=3,shape=[960]),onnx::Conv_674_scale:(ty=1,shape=[]),onnx::Conv_789_zero_point:(ty=3,shape=[])]", "device": "NPU"}, {"output": ["onnx::Conv_788_DequantizeLinear_Output"], "input": ["onnx::Conv_788_quantized", "/lr_branch/backbone/features.2/conv/conv.5/Clip_output_0_scale", "onnx::Conv_788_zero_point"], "opType": "DequantizeLinear", "comment": "@123 [onnx::Conv_788_DequantizeLinear_Output:(ty=1,shape=[960,1,3,3])] DequantizeLinear [onnx::Conv_788_quantized:(ty=3,shape=[960,1,3,3]),/lr_branch/backbone/features.2/conv/conv.5/Clip_output_0_scale:(ty=1,shape=[]),onnx::Conv_788_zero_point:(ty=3,shape=[])]", "device": "NPU"}, {"output": ["/lr_branch/backbone/features.15/conv/conv.3/Conv_output_0"], "input": ["/lr_branch/backbone/features.15/conv/conv.2/Clip_output_0_DequantizeLinear_Output", "onnx::Conv_788_DequantizeLinear_Output", "onnx::Conv_789_DequantizeLinear_Output"], "opType": "Conv", "comment": "@352 [/lr_branch/backbone/features.15/conv/conv.3/Conv_output_0:(ty=1,shape=[1,960,16,16])] Conv [/lr_branch/backbone/features.15/conv/conv.2/Clip_output_0_DequantizeLinear_Output:(ty=1,shape=[1,960,16,16]),onnx::Conv_788_DequantizeLinear_Output:(ty=1,shape=[960,1,3,3]),onnx::Conv_789_DequantizeLinear_Output:(ty=1,shape=[960])]", "device": "NPU"}, {"output": ["/lr_branch/backbone/features.15/conv/conv.5/Clip_output_0"], "input": ["/lr_branch/backbone/features.15/conv/conv.3/Conv_output_0", "/lr_branch/backbone/features.0/features.0.2/Constant_output_0", "/lr_branch/backbone/features.0/features.0.2/Constant_1_output_0"], "opType": "Clip", "comment": "@353 [/lr_branch/backbone/features.15/conv/conv.5/Clip_output_0:(ty=1,shape=[1,960,16,16])] Clip [/lr_branch/backbone/features.15/conv/conv.3/Conv_output_0:(ty=1,shape=[1,960,16,16]),/lr_branch/backbone/features.0/features.0.2/Constant_output_0:(ty=1,shape=[]),/lr_branch/backbone/features.0/features.0.2/Constant_1_output_0:(ty=1,shape=[])]", "device": "NPU"}, {"output": ["/lr_branch/backbone/features.15/conv/conv.5/Clip_output_0_QuantizeLinear_Output"], "input": ["/lr_branch/backbone/features.15/conv/conv.5/Clip_output_0", "onnx::Conv_672_scale", "/lr_branch/backbone/features.15/conv/conv.5/Clip_output_0_zero_point"], "opType": "QuantizeLinear", "comment": "@354 [/lr_branch/backbone/features.15/conv/conv.5/Clip_output_0_QuantizeLinear_Output:(ty=2,shape=[1,960,16,16])] QuantizeLinear [/lr_branch/backbone/features.15/conv/conv.5/Clip_output_0:(ty=1,shape=[1,960,16,16]),onnx::Conv_672_scale:(ty=1,shape=[]),/lr_branch/backbone/features.15/conv/conv.5/Clip_output_0_zero_point:(ty=2,shape=[])]", "device": "NPU"}, {"output": ["/lr_branch/backbone/features.15/conv/conv.5/Clip_output_0_DequantizeLinear_Output"], "input": ["/lr_branch/backbone/features.15/conv/conv.5/Clip_output_0_QuantizeLinear_Output", "onnx::Conv_672_scale", "/lr_branch/backbone/features.15/conv/conv.5/Clip_output_0_zero_point"], "opType": "DequantizeLinear", "comment": "@355 [/lr_branch/backbone/features.15/conv/conv.5/Clip_output_0_DequantizeLinear_Output:(ty=1,shape=[1,960,16,16])] DequantizeLinear [/lr_branch/backbone/features.15/conv/conv.5/Clip_output_0_QuantizeLinear_Output:(ty=2,shape=[1,960,16,16]),onnx::Conv_672_scale:(ty=1,shape=[]),/lr_branch/backbone/features.15/conv/conv.5/Clip_output_0_zero_point:(ty=2,shape=[])]", "device": "NPU"}, {"output": ["onnx::Conv_792_DequantizeLinear_Output"], "input": ["onnx::Conv_792_quantized", "onnx::Conv_674_scale", "onnx::Conv_792_zero_point"], "opType": "DequantizeLinear", "comment": "@126 [onnx::Conv_792_DequantizeLinear_Output:(ty=1,shape=[160])] DequantizeLinear [onnx::Conv_792_quantized:(ty=3,shape=[160]),onnx::Conv_674_scale:(ty=1,shape=[]),onnx::Conv_792_zero_point:(ty=3,shape=[])]", "device": "NPU"}, {"output": ["onnx::Conv_791_DequantizeLinear_Output"], "input": ["onnx::Conv_791_quantized", "onnx::Conv_758_scale", "onnx::Conv_791_zero_point"], "opType": "DequantizeLinear", "comment": "@125 [onnx::Conv_791_DequantizeLinear_Output:(ty=1,shape=[160,960,1,1])] DequantizeLinear [onnx::Conv_791_quantized:(ty=3,shape=[160,960,1,1]),onnx::Conv_758_scale:(ty=1,shape=[]),onnx::Conv_791_zero_point:(ty=3,shape=[])]", "device": "NPU"}, {"output": ["/lr_branch/backbone/features.15/conv/conv.6/Conv_output_0"], "input": ["/lr_branch/backbone/features.15/conv/conv.5/Clip_output_0_DequantizeLinear_Output", "onnx::Conv_791_DequantizeLinear_Output", "onnx::Conv_792_DequantizeLinear_Output"], "opType": "Conv", "comment": "@356 [/lr_branch/backbone/features.15/conv/conv.6/Conv_output_0:(ty=1,shape=[1,160,16,16])] Conv [/lr_branch/backbone/features.15/conv/conv.5/Clip_output_0_DequantizeLinear_Output:(ty=1,shape=[1,960,16,16]),onnx::Conv_791_DequantizeLinear_Output:(ty=1,shape=[160,960,1,1]),onnx::Conv_792_DequantizeLinear_Output:(ty=1,shape=[160])]", "device": "NPU"}, {"output": ["/lr_branch/backbone/features.15/conv/conv.6/Conv_output_0_QuantizeLinear_Output"], "input": ["/lr_branch/backbone/features.15/conv/conv.6/Conv_output_0", "onnx::Conv_672_scale", "/lr_branch/backbone/features.15/conv/conv.6/Conv_output_0_zero_point"], "opType": "QuantizeLinear", "comment": "@357 [/lr_branch/backbone/features.15/conv/conv.6/Conv_output_0_QuantizeLinear_Output:(ty=2,shape=[1,160,16,16])] QuantizeLinear [/lr_branch/backbone/features.15/conv/conv.6/Conv_output_0:(ty=1,shape=[1,160,16,16]),onnx::Conv_672_scale:(ty=1,shape=[]),/lr_branch/backbone/features.15/conv/conv.6/Conv_output_0_zero_point:(ty=2,shape=[])]", "device": "NPU"}, {"output": ["/lr_branch/backbone/features.15/conv/conv.6/Conv_output_0_DequantizeLinear_Output"], "input": ["/lr_branch/backbone/features.15/conv/conv.6/Conv_output_0_QuantizeLinear_Output", "onnx::Conv_672_scale", "/lr_branch/backbone/features.15/conv/conv.6/Conv_output_0_zero_point"], "opType": "DequantizeLinear", "comment": "@358 [/lr_branch/backbone/features.15/conv/conv.6/Conv_output_0_DequantizeLinear_Output:(ty=1,shape=[1,160,16,16])] DequantizeLinear [/lr_branch/backbone/features.15/conv/conv.6/Conv_output_0_QuantizeLinear_Output:(ty=2,shape=[1,160,16,16]),onnx::Conv_672_scale:(ty=1,shape=[]),/lr_branch/backbone/features.15/conv/conv.6/Conv_output_0_zero_point:(ty=2,shape=[])]", "device": "NPU"}, {"output": ["/lr_branch/backbone/features.15/Add_output_0"], "input": ["/lr_branch/backbone/features.14/conv/conv.6/Conv_output_0_DequantizeLinear_Output/duplicated", "/lr_branch/backbone/features.15/conv/conv.6/Conv_output_0_DequantizeLinear_Output"], "opType": "Add", "comment": "@359 [/lr_branch/backbone/features.15/Add_output_0:(ty=1,shape=[1,160,16,16])] Add [/lr_branch/backbone/features.14/conv/conv.6/Conv_output_0_DequantizeLinear_Output/duplicated:(ty=1,shape=[1,160,16,16]),/lr_branch/backbone/features.15/conv/conv.6/Conv_output_0_DequantizeLinear_Output:(ty=1,shape=[1,160,16,16])]", "device": "NPU"}, {"output": ["/lr_branch/backbone/features.15/Add_output_0_QuantizeLinear_Output"], "input": ["/lr_branch/backbone/features.15/Add_output_0", "/lr_branch/backbone/features.2/conv/conv.5/Clip_output_0_scale", "/lr_branch/backbone/features.15/Add_output_0_zero_point"], "opType": "QuantizeLinear", "comment": "@360 [/lr_branch/backbone/features.15/Add_output_0_QuantizeLinear_Output:(ty=2,shape=[1,160,16,16])] QuantizeLinear [/lr_branch/backbone/features.15/Add_output_0:(ty=1,shape=[1,160,16,16]),/lr_branch/backbone/features.2/conv/conv.5/Clip_output_0_scale:(ty=1,shape=[]),/lr_branch/backbone/features.15/Add_output_0_zero_point:(ty=2,shape=[])]", "device": "NPU"}, {"output": ["/lr_branch/backbone/features.15/Add_output_0_DequantizeLinear_Output/duplicated"], "input": ["/lr_branch/backbone/features.15/Add_output_0_QuantizeLinear_Output", "/lr_branch/backbone/features.2/conv/conv.5/Clip_output_0_scale", "/lr_branch/backbone/features.15/Add_output_0_zero_point"], "opType": "DequantizeLinear", "comment": "@504 [/lr_branch/backbone/features.15/Add_output_0_DequantizeLinear_Output/duplicated:(ty=1,shape=[1,160,16,16])] DequantizeLinear [/lr_branch/backbone/features.15/Add_output_0_QuantizeLinear_Output:(ty=2,shape=[1,160,16,16]),/lr_branch/backbone/features.2/conv/conv.5/Clip_output_0_scale:(ty=1,shape=[]),/lr_branch/backbone/features.15/Add_output_0_zero_point:(ty=2,shape=[])]", "device": "NPU"}, {"output": ["/lr_branch/backbone/features.15/Add_output_0_DequantizeLinear_Output"], "input": ["/lr_branch/backbone/features.15/Add_output_0_QuantizeLinear_Output", "/lr_branch/backbone/features.2/conv/conv.5/Clip_output_0_scale", "/lr_branch/backbone/features.15/Add_output_0_zero_point"], "opType": "DequantizeLinear", "comment": "@361 [/lr_branch/backbone/features.15/Add_output_0_DequantizeLinear_Output:(ty=1,shape=[1,160,16,16])] DequantizeLinear [/lr_branch/backbone/features.15/Add_output_0_QuantizeLinear_Output:(ty=2,shape=[1,160,16,16]),/lr_branch/backbone/features.2/conv/conv.5/Clip_output_0_scale:(ty=1,shape=[]),/lr_branch/backbone/features.15/Add_output_0_zero_point:(ty=2,shape=[])]", "device": "NPU"}, {"output": ["onnx::Conv_795_DequantizeLinear_Output"], "input": ["onnx::Conv_795_quantized", "onnx::Conv_758_scale", "onnx::Conv_795_zero_point"], "opType": "DequantizeLinear", "comment": "@128 [onnx::Conv_795_DequantizeLinear_Output:(ty=1,shape=[960])] DequantizeLinear [onnx::Conv_795_quantized:(ty=3,shape=[960]),onnx::Conv_758_scale:(ty=1,shape=[]),onnx::Conv_795_zero_point:(ty=3,shape=[])]", "device": "NPU"}, {"output": ["onnx::Conv_794_DequantizeLinear_Output"], "input": ["onnx::Conv_794_quantized", "onnx::Conv_722_scale", "onnx::Conv_794_zero_point"], "opType": "DequantizeLinear", "comment": "@127 [onnx::Conv_794_DequantizeLinear_Output:(ty=1,shape=[960,160,1,1])] DequantizeLinear [onnx::Conv_794_quantized:(ty=3,shape=[960,160,1,1]),onnx::Conv_722_scale:(ty=1,shape=[]),onnx::Conv_794_zero_point:(ty=3,shape=[])]", "device": "NPU"}, {"output": ["/lr_branch/backbone/features.16/conv/conv.0/Conv_output_0"], "input": ["/lr_branch/backbone/features.15/Add_output_0_DequantizeLinear_Output", "onnx::Conv_794_DequantizeLinear_Output", "onnx::Conv_795_DequantizeLinear_Output"], "opType": "Conv", "comment": "@362 [/lr_branch/backbone/features.16/conv/conv.0/Conv_output_0:(ty=1,shape=[1,960,16,16])] Conv [/lr_branch/backbone/features.15/Add_output_0_DequantizeLinear_Output:(ty=1,shape=[1,160,16,16]),onnx::Conv_794_DequantizeLinear_Output:(ty=1,shape=[960,160,1,1]),onnx::Conv_795_DequantizeLinear_Output:(ty=1,shape=[960])]", "device": "NPU"}, {"output": ["/lr_branch/backbone/features.16/conv/conv.2/Clip_output_0"], "input": ["/lr_branch/backbone/features.16/conv/conv.0/Conv_output_0", "/lr_branch/backbone/features.0/features.0.2/Constant_output_0", "/lr_branch/backbone/features.0/features.0.2/Constant_1_output_0"], "opType": "Clip", "comment": "@363 [/lr_branch/backbone/features.16/conv/conv.2/Clip_output_0:(ty=1,shape=[1,960,16,16])] Clip [/lr_branch/backbone/features.16/conv/conv.0/Conv_output_0:(ty=1,shape=[1,960,16,16]),/lr_branch/backbone/features.0/features.0.2/Constant_output_0:(ty=1,shape=[]),/lr_branch/backbone/features.0/features.0.2/Constant_1_output_0:(ty=1,shape=[])]", "device": "NPU"}, {"output": ["/lr_branch/backbone/features.16/conv/conv.2/Clip_output_0_QuantizeLinear_Output"], "input": ["/lr_branch/backbone/features.16/conv/conv.2/Clip_output_0", "onnx::Conv_672_scale", "/lr_branch/backbone/features.16/conv/conv.2/Clip_output_0_zero_point"], "opType": "QuantizeLinear", "comment": "@364 [/lr_branch/backbone/features.16/conv/conv.2/Clip_output_0_QuantizeLinear_Output:(ty=2,shape=[1,960,16,16])] QuantizeLinear [/lr_branch/backbone/features.16/conv/conv.2/Clip_output_0:(ty=1,shape=[1,960,16,16]),onnx::Conv_672_scale:(ty=1,shape=[]),/lr_branch/backbone/features.16/conv/conv.2/Clip_output_0_zero_point:(ty=2,shape=[])]", "device": "NPU"}, {"output": ["/lr_branch/backbone/features.16/conv/conv.2/Clip_output_0_DequantizeLinear_Output"], "input": ["/lr_branch/backbone/features.16/conv/conv.2/Clip_output_0_QuantizeLinear_Output", "onnx::Conv_672_scale", "/lr_branch/backbone/features.16/conv/conv.2/Clip_output_0_zero_point"], "opType": "DequantizeLinear", "comment": "@365 [/lr_branch/backbone/features.16/conv/conv.2/Clip_output_0_DequantizeLinear_Output:(ty=1,shape=[1,960,16,16])] DequantizeLinear [/lr_branch/backbone/features.16/conv/conv.2/Clip_output_0_QuantizeLinear_Output:(ty=2,shape=[1,960,16,16]),onnx::Conv_672_scale:(ty=1,shape=[]),/lr_branch/backbone/features.16/conv/conv.2/Clip_output_0_zero_point:(ty=2,shape=[])]", "device": "NPU"}, {"output": ["onnx::Conv_798_DequantizeLinear_Output"], "input": ["onnx::Conv_798_quantized", "onnx::Conv_683_scale", "onnx::Conv_798_zero_point"], "opType": "DequantizeLinear", "comment": "@130 [onnx::Conv_798_DequantizeLinear_Output:(ty=1,shape=[960])] DequantizeLinear [onnx::Conv_798_quantized:(ty=3,shape=[960]),onnx::Conv_683_scale:(ty=1,shape=[]),onnx::Conv_798_zero_point:(ty=3,shape=[])]", "device": "NPU"}, {"output": ["onnx::Conv_797_DequantizeLinear_Output"], "input": ["onnx::Conv_797_quantized", "/lr_branch/backbone/features.2/conv/conv.5/Clip_output_0_scale", "onnx::Conv_797_zero_point"], "opType": "DequantizeLinear", "comment": "@129 [onnx::Conv_797_DequantizeLinear_Output:(ty=1,shape=[960,1,3,3])] DequantizeLinear [onnx::Conv_797_quantized:(ty=3,shape=[960,1,3,3]),/lr_branch/backbone/features.2/conv/conv.5/Clip_output_0_scale:(ty=1,shape=[]),onnx::Conv_797_zero_point:(ty=3,shape=[])]", "device": "NPU"}, {"output": ["/lr_branch/backbone/features.16/conv/conv.3/Conv_output_0"], "input": ["/lr_branch/backbone/features.16/conv/conv.2/Clip_output_0_DequantizeLinear_Output", "onnx::Conv_797_DequantizeLinear_Output", "onnx::Conv_798_DequantizeLinear_Output"], "opType": "Conv", "comment": "@366 [/lr_branch/backbone/features.16/conv/conv.3/Conv_output_0:(ty=1,shape=[1,960,16,16])] Conv [/lr_branch/backbone/features.16/conv/conv.2/Clip_output_0_DequantizeLinear_Output:(ty=1,shape=[1,960,16,16]),onnx::Conv_797_DequantizeLinear_Output:(ty=1,shape=[960,1,3,3]),onnx::Conv_798_DequantizeLinear_Output:(ty=1,shape=[960])]", "device": "NPU"}, {"output": ["/lr_branch/backbone/features.16/conv/conv.5/Clip_output_0"], "input": ["/lr_branch/backbone/features.16/conv/conv.3/Conv_output_0", "/lr_branch/backbone/features.0/features.0.2/Constant_output_0", "/lr_branch/backbone/features.0/features.0.2/Constant_1_output_0"], "opType": "Clip", "comment": "@367 [/lr_branch/backbone/features.16/conv/conv.5/Clip_output_0:(ty=1,shape=[1,960,16,16])] Clip [/lr_branch/backbone/features.16/conv/conv.3/Conv_output_0:(ty=1,shape=[1,960,16,16]),/lr_branch/backbone/features.0/features.0.2/Constant_output_0:(ty=1,shape=[]),/lr_branch/backbone/features.0/features.0.2/Constant_1_output_0:(ty=1,shape=[])]", "device": "NPU"}, {"output": ["/lr_branch/backbone/features.16/conv/conv.5/Clip_output_0_QuantizeLinear_Output"], "input": ["/lr_branch/backbone/features.16/conv/conv.5/Clip_output_0", "onnx::Conv_672_scale", "/lr_branch/backbone/features.16/conv/conv.5/Clip_output_0_zero_point"], "opType": "QuantizeLinear", "comment": "@368 [/lr_branch/backbone/features.16/conv/conv.5/Clip_output_0_QuantizeLinear_Output:(ty=2,shape=[1,960,16,16])] QuantizeLinear [/lr_branch/backbone/features.16/conv/conv.5/Clip_output_0:(ty=1,shape=[1,960,16,16]),onnx::Conv_672_scale:(ty=1,shape=[]),/lr_branch/backbone/features.16/conv/conv.5/Clip_output_0_zero_point:(ty=2,shape=[])]", "device": "NPU"}, {"output": ["/lr_branch/backbone/features.16/conv/conv.5/Clip_output_0_DequantizeLinear_Output"], "input": ["/lr_branch/backbone/features.16/conv/conv.5/Clip_output_0_QuantizeLinear_Output", "onnx::Conv_672_scale", "/lr_branch/backbone/features.16/conv/conv.5/Clip_output_0_zero_point"], "opType": "DequantizeLinear", "comment": "@369 [/lr_branch/backbone/features.16/conv/conv.5/Clip_output_0_DequantizeLinear_Output:(ty=1,shape=[1,960,16,16])] DequantizeLinear [/lr_branch/backbone/features.16/conv/conv.5/Clip_output_0_QuantizeLinear_Output:(ty=2,shape=[1,960,16,16]),onnx::Conv_672_scale:(ty=1,shape=[]),/lr_branch/backbone/features.16/conv/conv.5/Clip_output_0_zero_point:(ty=2,shape=[])]", "device": "NPU"}, {"output": ["onnx::Conv_801_DequantizeLinear_Output"], "input": ["onnx::Conv_801_quantized", "onnx::Conv_683_scale", "onnx::Conv_801_zero_point"], "opType": "DequantizeLinear", "comment": "@132 [onnx::Conv_801_DequantizeLinear_Output:(ty=1,shape=[160])] DequantizeLinear [onnx::Conv_801_quantized:(ty=3,shape=[160]),onnx::Conv_683_scale:(ty=1,shape=[]),onnx::Conv_801_zero_point:(ty=3,shape=[])]", "device": "NPU"}, {"output": ["onnx::Conv_800_DequantizeLinear_Output"], "input": ["onnx::Conv_800_quantized", "onnx::Conv_696_scale", "onnx::Conv_800_zero_point"], "opType": "DequantizeLinear", "comment": "@131 [onnx::Conv_800_DequantizeLinear_Output:(ty=1,shape=[160,960,1,1])] DequantizeLinear [onnx::Conv_800_quantized:(ty=3,shape=[160,960,1,1]),onnx::Conv_696_scale:(ty=1,shape=[]),onnx::Conv_800_zero_point:(ty=3,shape=[])]", "device": "NPU"}, {"output": ["/lr_branch/backbone/features.16/conv/conv.6/Conv_output_0"], "input": ["/lr_branch/backbone/features.16/conv/conv.5/Clip_output_0_DequantizeLinear_Output", "onnx::Conv_800_DequantizeLinear_Output", "onnx::Conv_801_DequantizeLinear_Output"], "opType": "Conv", "comment": "@370 [/lr_branch/backbone/features.16/conv/conv.6/Conv_output_0:(ty=1,shape=[1,160,16,16])] Conv [/lr_branch/backbone/features.16/conv/conv.5/Clip_output_0_DequantizeLinear_Output:(ty=1,shape=[1,960,16,16]),onnx::Conv_800_DequantizeLinear_Output:(ty=1,shape=[160,960,1,1]),onnx::Conv_801_DequantizeLinear_Output:(ty=1,shape=[160])]", "device": "NPU"}, {"output": ["/lr_branch/backbone/features.16/conv/conv.6/Conv_output_0_QuantizeLinear_Output"], "input": ["/lr_branch/backbone/features.16/conv/conv.6/Conv_output_0", "/hr_branch/conv_hr4x/conv_hr4x.1/Relu_output_0_scale", "/lr_branch/backbone/features.16/conv/conv.6/Conv_output_0_zero_point"], "opType": "QuantizeLinear", "comment": "@371 [/lr_branch/backbone/features.16/conv/conv.6/Conv_output_0_QuantizeLinear_Output:(ty=2,shape=[1,160,16,16])] QuantizeLinear [/lr_branch/backbone/features.16/conv/conv.6/Conv_output_0:(ty=1,shape=[1,160,16,16]),/hr_branch/conv_hr4x/conv_hr4x.1/Relu_output_0_scale:(ty=1,shape=[]),/lr_branch/backbone/features.16/conv/conv.6/Conv_output_0_zero_point:(ty=2,shape=[])]", "device": "NPU"}, {"output": ["/lr_branch/backbone/features.16/conv/conv.6/Conv_output_0_DequantizeLinear_Output"], "input": ["/lr_branch/backbone/features.16/conv/conv.6/Conv_output_0_QuantizeLinear_Output", "/hr_branch/conv_hr4x/conv_hr4x.1/Relu_output_0_scale", "/lr_branch/backbone/features.16/conv/conv.6/Conv_output_0_zero_point"], "opType": "DequantizeLinear", "comment": "@372 [/lr_branch/backbone/features.16/conv/conv.6/Conv_output_0_DequantizeLinear_Output:(ty=1,shape=[1,160,16,16])] DequantizeLinear [/lr_branch/backbone/features.16/conv/conv.6/Conv_output_0_QuantizeLinear_Output:(ty=2,shape=[1,160,16,16]),/hr_branch/conv_hr4x/conv_hr4x.1/Relu_output_0_scale:(ty=1,shape=[]),/lr_branch/backbone/features.16/conv/conv.6/Conv_output_0_zero_point:(ty=2,shape=[])]", "device": "NPU"}, {"output": ["/lr_branch/backbone/features.16/Add_output_0"], "input": ["/lr_branch/backbone/features.15/Add_output_0_DequantizeLinear_Output/duplicated", "/lr_branch/backbone/features.16/conv/conv.6/Conv_output_0_DequantizeLinear_Output"], "opType": "Add", "comment": "@373 [/lr_branch/backbone/features.16/Add_output_0:(ty=1,shape=[1,160,16,16])] Add [/lr_branch/backbone/features.15/Add_output_0_DequantizeLinear_Output/duplicated:(ty=1,shape=[1,160,16,16]),/lr_branch/backbone/features.16/conv/conv.6/Conv_output_0_DequantizeLinear_Output:(ty=1,shape=[1,160,16,16])]", "device": "NPU"}, {"output": ["/lr_branch/backbone/features.16/Add_output_0_QuantizeLinear_Output"], "input": ["/lr_branch/backbone/features.16/Add_output_0", "/hr_branch/conv_hr4x/conv_hr4x.1/Relu_output_0_scale", "/lr_branch/backbone/features.16/Add_output_0_zero_point"], "opType": "QuantizeLinear", "comment": "@374 [/lr_branch/backbone/features.16/Add_output_0_QuantizeLinear_Output:(ty=2,shape=[1,160,16,16])] QuantizeLinear [/lr_branch/backbone/features.16/Add_output_0:(ty=1,shape=[1,160,16,16]),/hr_branch/conv_hr4x/conv_hr4x.1/Relu_output_0_scale:(ty=1,shape=[]),/lr_branch/backbone/features.16/Add_output_0_zero_point:(ty=2,shape=[])]", "device": "NPU"}, {"output": ["/lr_branch/backbone/features.16/Add_output_0_DequantizeLinear_Output"], "input": ["/lr_branch/backbone/features.16/Add_output_0_QuantizeLinear_Output", "/hr_branch/conv_hr4x/conv_hr4x.1/Relu_output_0_scale", "/lr_branch/backbone/features.16/Add_output_0_zero_point"], "opType": "DequantizeLinear", "comment": "@375 [/lr_branch/backbone/features.16/Add_output_0_DequantizeLinear_Output:(ty=1,shape=[1,160,16,16])] DequantizeLinear [/lr_branch/backbone/features.16/Add_output_0_QuantizeLinear_Output:(ty=2,shape=[1,160,16,16]),/hr_branch/conv_hr4x/conv_hr4x.1/Relu_output_0_scale:(ty=1,shape=[]),/lr_branch/backbone/features.16/Add_output_0_zero_point:(ty=2,shape=[])]", "device": "NPU"}, {"output": ["onnx::Conv_804_DequantizeLinear_Output"], "input": ["onnx::Conv_804_quantized", "onnx::Conv_696_scale", "onnx::Conv_804_zero_point"], "opType": "DequantizeLinear", "comment": "@134 [onnx::Conv_804_DequantizeLinear_Output:(ty=1,shape=[960])] DequantizeLinear [onnx::Conv_804_quantized:(ty=3,shape=[960]),onnx::Conv_696_scale:(ty=1,shape=[]),onnx::Conv_804_zero_point:(ty=3,shape=[])]", "device": "NPU"}, {"output": ["onnx::Conv_803_DequantizeLinear_Output"], "input": ["onnx::Conv_803_quantized", "onnx::Conv_722_scale", "onnx::Conv_803_zero_point"], "opType": "DequantizeLinear", "comment": "@133 [onnx::Conv_803_DequantizeLinear_Output:(ty=1,shape=[960,160,1,1])] DequantizeLinear [onnx::Conv_803_quantized:(ty=3,shape=[960,160,1,1]),onnx::Conv_722_scale:(ty=1,shape=[]),onnx::Conv_803_zero_point:(ty=3,shape=[])]", "device": "NPU"}, {"output": ["/lr_branch/backbone/features.17/conv/conv.0/Conv_output_0"], "input": ["/lr_branch/backbone/features.16/Add_output_0_DequantizeLinear_Output", "onnx::Conv_803_DequantizeLinear_Output", "onnx::Conv_804_DequantizeLinear_Output"], "opType": "Conv", "comment": "@376 [/lr_branch/backbone/features.17/conv/conv.0/Conv_output_0:(ty=1,shape=[1,960,16,16])] Conv [/lr_branch/backbone/features.16/Add_output_0_DequantizeLinear_Output:(ty=1,shape=[1,160,16,16]),onnx::Conv_803_DequantizeLinear_Output:(ty=1,shape=[960,160,1,1]),onnx::Conv_804_DequantizeLinear_Output:(ty=1,shape=[960])]", "device": "NPU"}, {"output": ["/lr_branch/backbone/features.17/conv/conv.2/Clip_output_0"], "input": ["/lr_branch/backbone/features.17/conv/conv.0/Conv_output_0", "/lr_branch/backbone/features.0/features.0.2/Constant_output_0", "/lr_branch/backbone/features.0/features.0.2/Constant_1_output_0"], "opType": "Clip", "comment": "@377 [/lr_branch/backbone/features.17/conv/conv.2/Clip_output_0:(ty=1,shape=[1,960,16,16])] Clip [/lr_branch/backbone/features.17/conv/conv.0/Conv_output_0:(ty=1,shape=[1,960,16,16]),/lr_branch/backbone/features.0/features.0.2/Constant_output_0:(ty=1,shape=[]),/lr_branch/backbone/features.0/features.0.2/Constant_1_output_0:(ty=1,shape=[])]", "device": "NPU"}, {"output": ["/lr_branch/backbone/features.17/conv/conv.2/Clip_output_0_QuantizeLinear_Output"], "input": ["/lr_branch/backbone/features.17/conv/conv.2/Clip_output_0", "onnx::Conv_683_scale", "/lr_branch/backbone/features.17/conv/conv.2/Clip_output_0_zero_point"], "opType": "QuantizeLinear", "comment": "@378 [/lr_branch/backbone/features.17/conv/conv.2/Clip_output_0_QuantizeLinear_Output:(ty=2,shape=[1,960,16,16])] QuantizeLinear [/lr_branch/backbone/features.17/conv/conv.2/Clip_output_0:(ty=1,shape=[1,960,16,16]),onnx::Conv_683_scale:(ty=1,shape=[]),/lr_branch/backbone/features.17/conv/conv.2/Clip_output_0_zero_point:(ty=2,shape=[])]", "device": "NPU"}, {"output": ["/lr_branch/backbone/features.17/conv/conv.2/Clip_output_0_DequantizeLinear_Output"], "input": ["/lr_branch/backbone/features.17/conv/conv.2/Clip_output_0_QuantizeLinear_Output", "onnx::Conv_683_scale", "/lr_branch/backbone/features.17/conv/conv.2/Clip_output_0_zero_point"], "opType": "DequantizeLinear", "comment": "@379 [/lr_branch/backbone/features.17/conv/conv.2/Clip_output_0_DequantizeLinear_Output:(ty=1,shape=[1,960,16,16])] DequantizeLinear [/lr_branch/backbone/features.17/conv/conv.2/Clip_output_0_QuantizeLinear_Output:(ty=2,shape=[1,960,16,16]),onnx::Conv_683_scale:(ty=1,shape=[]),/lr_branch/backbone/features.17/conv/conv.2/Clip_output_0_zero_point:(ty=2,shape=[])]", "device": "NPU"}, {"output": ["onnx::Conv_807_DequantizeLinear_Output"], "input": ["onnx::Conv_807_quantized", "onnx::Conv_683_scale", "onnx::Conv_807_zero_point"], "opType": "DequantizeLinear", "comment": "@136 [onnx::Conv_807_DequantizeLinear_Output:(ty=1,shape=[960])] DequantizeLinear [onnx::Conv_807_quantized:(ty=3,shape=[960]),onnx::Conv_683_scale:(ty=1,shape=[]),onnx::Conv_807_zero_point:(ty=3,shape=[])]", "device": "NPU"}, {"output": ["onnx::Conv_806_DequantizeLinear_Output"], "input": ["onnx::Conv_806_quantized", "/hr_branch/conv_hr4x/conv_hr4x.1/Relu_output_0_scale", "onnx::Conv_806_zero_point"], "opType": "DequantizeLinear", "comment": "@135 [onnx::Conv_806_DequantizeLinear_Output:(ty=1,shape=[960,1,3,3])] DequantizeLinear [onnx::Conv_806_quantized:(ty=3,shape=[960,1,3,3]),/hr_branch/conv_hr4x/conv_hr4x.1/Relu_output_0_scale:(ty=1,shape=[]),onnx::Conv_806_zero_point:(ty=3,shape=[])]", "device": "NPU"}, {"output": ["/lr_branch/backbone/features.17/conv/conv.3/Conv_output_0"], "input": ["/lr_branch/backbone/features.17/conv/conv.2/Clip_output_0_DequantizeLinear_Output", "onnx::Conv_806_DequantizeLinear_Output", "onnx::Conv_807_DequantizeLinear_Output"], "opType": "Conv", "comment": "@380 [/lr_branch/backbone/features.17/conv/conv.3/Conv_output_0:(ty=1,shape=[1,960,16,16])] Conv [/lr_branch/backbone/features.17/conv/conv.2/Clip_output_0_DequantizeLinear_Output:(ty=1,shape=[1,960,16,16]),onnx::Conv_806_DequantizeLinear_Output:(ty=1,shape=[960,1,3,3]),onnx::Conv_807_DequantizeLinear_Output:(ty=1,shape=[960])]", "device": "NPU"}, {"output": ["/lr_branch/backbone/features.17/conv/conv.5/Clip_output_0"], "input": ["/lr_branch/backbone/features.17/conv/conv.3/Conv_output_0", "/lr_branch/backbone/features.0/features.0.2/Constant_output_0", "/lr_branch/backbone/features.0/features.0.2/Constant_1_output_0"], "opType": "Clip", "comment": "@381 [/lr_branch/backbone/features.17/conv/conv.5/Clip_output_0:(ty=1,shape=[1,960,16,16])] Clip [/lr_branch/backbone/features.17/conv/conv.3/Conv_output_0:(ty=1,shape=[1,960,16,16]),/lr_branch/backbone/features.0/features.0.2/Constant_output_0:(ty=1,shape=[]),/lr_branch/backbone/features.0/features.0.2/Constant_1_output_0:(ty=1,shape=[])]", "device": "NPU"}, {"output": ["/lr_branch/backbone/features.17/conv/conv.5/Clip_output_0_QuantizeLinear_Output"], "input": ["/lr_branch/backbone/features.17/conv/conv.5/Clip_output_0", "onnx::Conv_683_scale", "/lr_branch/backbone/features.17/conv/conv.5/Clip_output_0_zero_point"], "opType": "QuantizeLinear", "comment": "@382 [/lr_branch/backbone/features.17/conv/conv.5/Clip_output_0_QuantizeLinear_Output:(ty=2,shape=[1,960,16,16])] QuantizeLinear [/lr_branch/backbone/features.17/conv/conv.5/Clip_output_0:(ty=1,shape=[1,960,16,16]),onnx::Conv_683_scale:(ty=1,shape=[]),/lr_branch/backbone/features.17/conv/conv.5/Clip_output_0_zero_point:(ty=2,shape=[])]", "device": "NPU"}, {"output": ["/lr_branch/backbone/features.17/conv/conv.5/Clip_output_0_DequantizeLinear_Output"], "input": ["/lr_branch/backbone/features.17/conv/conv.5/Clip_output_0_QuantizeLinear_Output", "onnx::Conv_683_scale", "/lr_branch/backbone/features.17/conv/conv.5/Clip_output_0_zero_point"], "opType": "DequantizeLinear", "comment": "@383 [/lr_branch/backbone/features.17/conv/conv.5/Clip_output_0_DequantizeLinear_Output:(ty=1,shape=[1,960,16,16])] DequantizeLinear [/lr_branch/backbone/features.17/conv/conv.5/Clip_output_0_QuantizeLinear_Output:(ty=2,shape=[1,960,16,16]),onnx::Conv_683_scale:(ty=1,shape=[]),/lr_branch/backbone/features.17/conv/conv.5/Clip_output_0_zero_point:(ty=2,shape=[])]", "device": "NPU"}, {"output": ["onnx::Conv_810_DequantizeLinear_Output"], "input": ["onnx::Conv_810_quantized", "onnx::Conv_683_scale", "onnx::Conv_810_zero_point"], "opType": "DequantizeLinear", "comment": "@138 [onnx::Conv_810_DequantizeLinear_Output:(ty=1,shape=[320])] DequantizeLinear [onnx::Conv_810_quantized:(ty=3,shape=[320]),onnx::Conv_683_scale:(ty=1,shape=[]),onnx::Conv_810_zero_point:(ty=3,shape=[])]", "device": "NPU"}, {"output": ["onnx::Conv_809_DequantizeLinear_Output"], "input": ["onnx::Conv_809_quantized", "onnx::Conv_696_scale", "onnx::Conv_809_zero_point"], "opType": "DequantizeLinear", "comment": "@137 [onnx::Conv_809_DequantizeLinear_Output:(ty=1,shape=[320,960,1,1])] DequantizeLinear [onnx::Conv_809_quantized:(ty=3,shape=[320,960,1,1]),onnx::Conv_696_scale:(ty=1,shape=[]),onnx::Conv_809_zero_point:(ty=3,shape=[])]", "device": "NPU"}, {"output": ["/lr_branch/backbone/features.17/conv/conv.6/Conv_output_0"], "input": ["/lr_branch/backbone/features.17/conv/conv.5/Clip_output_0_DequantizeLinear_Output", "onnx::Conv_809_DequantizeLinear_Output", "onnx::Conv_810_DequantizeLinear_Output"], "opType": "Conv", "comment": "@384 [/lr_branch/backbone/features.17/conv/conv.6/Conv_output_0:(ty=1,shape=[1,320,16,16])] Conv [/lr_branch/backbone/features.17/conv/conv.5/Clip_output_0_DequantizeLinear_Output:(ty=1,shape=[1,960,16,16]),onnx::Conv_809_DequantizeLinear_Output:(ty=1,shape=[320,960,1,1]),onnx::Conv_810_DequantizeLinear_Output:(ty=1,shape=[320])]", "device": "NPU"}, {"output": ["/lr_branch/backbone/features.17/conv/conv.6/Conv_output_0_QuantizeLinear_Output"], "input": ["/lr_branch/backbone/features.17/conv/conv.6/Conv_output_0", "onnx::Conv_672_scale", "/lr_branch/backbone/features.17/conv/conv.6/Conv_output_0_zero_point"], "opType": "QuantizeLinear", "comment": "@385 [/lr_branch/backbone/features.17/conv/conv.6/Conv_output_0_QuantizeLinear_Output:(ty=2,shape=[1,320,16,16])] QuantizeLinear [/lr_branch/backbone/features.17/conv/conv.6/Conv_output_0:(ty=1,shape=[1,320,16,16]),onnx::Conv_672_scale:(ty=1,shape=[]),/lr_branch/backbone/features.17/conv/conv.6/Conv_output_0_zero_point:(ty=2,shape=[])]", "device": "NPU"}, {"output": ["/lr_branch/backbone/features.17/conv/conv.6/Conv_output_0_DequantizeLinear_Output"], "input": ["/lr_branch/backbone/features.17/conv/conv.6/Conv_output_0_QuantizeLinear_Output", "onnx::Conv_672_scale", "/lr_branch/backbone/features.17/conv/conv.6/Conv_output_0_zero_point"], "opType": "DequantizeLinear", "comment": "@386 [/lr_branch/backbone/features.17/conv/conv.6/Conv_output_0_DequantizeLinear_Output:(ty=1,shape=[1,320,16,16])] DequantizeLinear [/lr_branch/backbone/features.17/conv/conv.6/Conv_output_0_QuantizeLinear_Output:(ty=2,shape=[1,320,16,16]),onnx::Conv_672_scale:(ty=1,shape=[]),/lr_branch/backbone/features.17/conv/conv.6/Conv_output_0_zero_point:(ty=2,shape=[])]", "device": "NPU"}, {"output": ["onnx::Conv_813_DequantizeLinear_Output"], "input": ["onnx::Conv_813_quantized", "onnx::Conv_696_scale", "onnx::Conv_813_zero_point"], "opType": "DequantizeLinear", "comment": "@140 [onnx::Conv_813_DequantizeLinear_Output:(ty=1,shape=[1280])] DequantizeLinear [onnx::Conv_813_quantized:(ty=3,shape=[1280]),onnx::Conv_696_scale:(ty=1,shape=[]),onnx::Conv_813_zero_point:(ty=3,shape=[])]", "device": "NPU"}, {"output": ["onnx::Conv_812_DequantizeLinear_Output"], "input": ["onnx::Conv_812_quantized", "onnx::Conv_696_scale", "onnx::Conv_812_zero_point"], "opType": "DequantizeLinear", "comment": "@139 [onnx::Conv_812_DequantizeLinear_Output:(ty=1,shape=[1280,320,1,1])] DequantizeLinear [onnx::Conv_812_quantized:(ty=3,shape=[1280,320,1,1]),onnx::Conv_696_scale:(ty=1,shape=[]),onnx::Conv_812_zero_point:(ty=3,shape=[])]", "device": "NPU"}, {"output": ["/lr_branch/backbone/features.18/features.18.0/Conv_output_0"], "input": ["/lr_branch/backbone/features.17/conv/conv.6/Conv_output_0_DequantizeLinear_Output", "onnx::Conv_812_DequantizeLinear_Output", "onnx::Conv_813_DequantizeLinear_Output"], "opType": "Conv", "comment": "@387 [/lr_branch/backbone/features.18/features.18.0/Conv_output_0:(ty=1,shape=[1,1280,16,16])] Conv [/lr_branch/backbone/features.17/conv/conv.6/Conv_output_0_DequantizeLinear_Output:(ty=1,shape=[1,320,16,16]),onnx::Conv_812_DequantizeLinear_Output:(ty=1,shape=[1280,320,1,1]),onnx::Conv_813_DequantizeLinear_Output:(ty=1,shape=[1280])]", "device": "NPU"}, {"output": ["/lr_branch/backbone/features.18/features.18.2/Clip_output_0"], "input": ["/lr_branch/backbone/features.18/features.18.0/Conv_output_0", "/lr_branch/backbone/features.0/features.0.2/Constant_output_0", "/lr_branch/backbone/features.0/features.0.2/Constant_1_output_0"], "opType": "Clip", "comment": "@388 [/lr_branch/backbone/features.18/features.18.2/Clip_output_0:(ty=1,shape=[1,1280,16,16])] Clip [/lr_branch/backbone/features.18/features.18.0/Conv_output_0:(ty=1,shape=[1,1280,16,16]),/lr_branch/backbone/features.0/features.0.2/Constant_output_0:(ty=1,shape=[]),/lr_branch/backbone/features.0/features.0.2/Constant_1_output_0:(ty=1,shape=[])]", "device": "NPU"}, {"output": ["/lr_branch/backbone/features.18/features.18.2/Clip_output_0_QuantizeLinear_Output"], "input": ["/lr_branch/backbone/features.18/features.18.2/Clip_output_0", "/lr_branch/backbone/features.2/conv/conv.5/Clip_output_0_scale", "/lr_branch/backbone/features.18/features.18.2/Clip_output_0_zero_point"], "opType": "QuantizeLinear", "comment": "@389 [/lr_branch/backbone/features.18/features.18.2/Clip_output_0_QuantizeLinear_Output:(ty=2,shape=[1,1280,16,16])] QuantizeLinear [/lr_branch/backbone/features.18/features.18.2/Clip_output_0:(ty=1,shape=[1,1280,16,16]),/lr_branch/backbone/features.2/conv/conv.5/Clip_output_0_scale:(ty=1,shape=[]),/lr_branch/backbone/features.18/features.18.2/Clip_output_0_zero_point:(ty=2,shape=[])]", "device": "NPU"}, {"output": ["/lr_branch/backbone/features.18/features.18.2/Clip_output_0_DequantizeLinear_Output/duplicated"], "input": ["/lr_branch/backbone/features.18/features.18.2/Clip_output_0_QuantizeLinear_Output", "/lr_branch/backbone/features.2/conv/conv.5/Clip_output_0_scale", "/lr_branch/backbone/features.18/features.18.2/Clip_output_0_zero_point"], "opType": "DequantizeLinear", "comment": "@505 [/lr_branch/backbone/features.18/features.18.2/Clip_output_0_DequantizeLinear_Output/duplicated:(ty=1,shape=[1,1280,16,16])] DequantizeLinear [/lr_branch/backbone/features.18/features.18.2/Clip_output_0_QuantizeLinear_Output:(ty=2,shape=[1,1280,16,16]),/lr_branch/backbone/features.2/conv/conv.5/Clip_output_0_scale:(ty=1,shape=[]),/lr_branch/backbone/features.18/features.18.2/Clip_output_0_zero_point:(ty=2,shape=[])]", "device": "NPU"}, {"output": ["/lr_branch/backbone/features.18/features.18.2/Clip_output_0_DequantizeLinear_Output"], "input": ["/lr_branch/backbone/features.18/features.18.2/Clip_output_0_QuantizeLinear_Output", "/lr_branch/backbone/features.2/conv/conv.5/Clip_output_0_scale", "/lr_branch/backbone/features.18/features.18.2/Clip_output_0_zero_point"], "opType": "DequantizeLinear", "comment": "@390 [/lr_branch/backbone/features.18/features.18.2/Clip_output_0_DequantizeLinear_Output:(ty=1,shape=[1,1280,16,16])] DequantizeLinear [/lr_branch/backbone/features.18/features.18.2/Clip_output_0_QuantizeLinear_Output:(ty=2,shape=[1,1280,16,16]),/lr_branch/backbone/features.2/conv/conv.5/Clip_output_0_scale:(ty=1,shape=[]),/lr_branch/backbone/features.18/features.18.2/Clip_output_0_zero_point:(ty=2,shape=[])]", "device": "NPU"}, {"output": ["/lr_branch/se_block/pool/GlobalAveragePool_output_0_Mul"], "input": ["/lr_branch/backbone/features.18/features.18.2/Clip_output_0_DequantizeLinear_Output"], "opType": "GlobalAveragePool", "comment": "@391 [/lr_branch/se_block/pool/GlobalAveragePool_output_0_Mul:(ty=1,shape=[1,1280,1,1])] GlobalAveragePool [/lr_branch/backbone/features.18/features.18.2/Clip_output_0_DequantizeLinear_Output:(ty=1,shape=[1,1280,16,16])]", "device": "NPU"}, {"output": ["/lr_branch/se_block/pool/GlobalAveragePool_output_0_QuantizeLinear_Output"], "input": ["/lr_branch/se_block/pool/GlobalAveragePool_output_0_Mul", "/lr_branch/backbone/features.2/conv/conv.5/Clip_output_0_scale", "/lr_branch/se_block/pool/GlobalAveragePool_output_0_zero_point"], "opType": "QuantizeLinear", "comment": "@392 [/lr_branch/se_block/pool/GlobalAveragePool_output_0_QuantizeLinear_Output:(ty=2,shape=[1,1280,1,1])] QuantizeLinear [/lr_branch/se_block/pool/GlobalAveragePool_output_0_Mul:(ty=1,shape=[1,1280,1,1]),/lr_branch/backbone/features.2/conv/conv.5/Clip_output_0_scale:(ty=1,shape=[]),/lr_branch/se_block/pool/GlobalAveragePool_output_0_zero_point:(ty=2,shape=[])]", "device": "NPU"}, {"output": ["/lr_branch/se_block/pool/GlobalAveragePool_output_0_DequantizeLinear_Output"], "input": ["/lr_branch/se_block/pool/GlobalAveragePool_output_0_QuantizeLinear_Output", "/lr_branch/backbone/features.2/conv/conv.5/Clip_output_0_scale", "/lr_branch/se_block/pool/GlobalAveragePool_output_0_zero_point"], "opType": "DequantizeLinear", "comment": "@393 [/lr_branch/se_block/pool/GlobalAveragePool_output_0_DequantizeLinear_Output:(ty=1,shape=[1,1280,1,1])] DequantizeLinear [/lr_branch/se_block/pool/GlobalAveragePool_output_0_QuantizeLinear_Output:(ty=2,shape=[1,1280,1,1]),/lr_branch/backbone/features.2/conv/conv.5/Clip_output_0_scale:(ty=1,shape=[]),/lr_branch/se_block/pool/GlobalAveragePool_output_0_zero_point:(ty=2,shape=[])]", "device": "NPU"}, {"output": ["lr_branch.se_block.fc.0.weight_DequantizeLinear_Output"], "input": ["lr_branch.se_block.fc.0.weight_quantized", "lr_branch.se_block.fc.0.weight_scale", "lr_branch.se_block.fc.0.weight_zero_point"], "opType": "DequantizeLinear", "comment": "@35 [lr_branch.se_block.fc.0.weight_DequantizeLinear_Output:(ty=1,shape=[320,1280,1,1])] DequantizeLinear [lr_branch.se_block.fc.0.weight_quantized:(ty=3,shape=[320,1280,1,1]),lr_branch.se_block.fc.0.weight_scale:(ty=1,shape=[]),lr_branch.se_block.fc.0.weight_zero_point:(ty=3,shape=[])]", "device": "NPU"}, {"output": ["/lr_branch/se_block/fc/fc.0/Conv_output_0"], "input": ["/lr_branch/se_block/pool/GlobalAveragePool_output_0_DequantizeLinear_Output", "lr_branch.se_block.fc.0.weight_DequantizeLinear_Output"], "opType": "Conv", "comment": "@394 [/lr_branch/se_block/fc/fc.0/Conv_output_0:(ty=1,shape=[1,320,1,1])] Conv [/lr_branch/se_block/pool/GlobalAveragePool_output_0_DequantizeLinear_Output:(ty=1,shape=[1,1280,1,1]),lr_branch.se_block.fc.0.weight_DequantizeLinear_Output:(ty=1,shape=[320,1280,1,1])]", "device": "NPU"}, {"output": ["/lr_branch/se_block/fc/fc.1/Relu_output_0"], "input": ["/lr_branch/se_block/fc/fc.0/Conv_output_0"], "opType": "Relu", "comment": "@395 [/lr_branch/se_block/fc/fc.1/Relu_output_0:(ty=1,shape=[1,320,1,1])] Relu [/lr_branch/se_block/fc/fc.0/Conv_output_0:(ty=1,shape=[1,320,1,1])]", "device": "NPU"}, {"output": ["/lr_branch/se_block/fc/fc.1/Relu_output_0_QuantizeLinear_Output"], "input": ["/lr_branch/se_block/fc/fc.1/Relu_output_0", "onnx::Conv_672_scale", "/lr_branch/se_block/fc/fc.1/Relu_output_0_zero_point"], "opType": "QuantizeLinear", "comment": "@396 [/lr_branch/se_block/fc/fc.1/Relu_output_0_QuantizeLinear_Output:(ty=2,shape=[1,320,1,1])] QuantizeLinear [/lr_branch/se_block/fc/fc.1/Relu_output_0:(ty=1,shape=[1,320,1,1]),onnx::Conv_672_scale:(ty=1,shape=[]),/lr_branch/se_block/fc/fc.1/Relu_output_0_zero_point:(ty=2,shape=[])]", "device": "NPU"}, {"output": ["/lr_branch/se_block/fc/fc.1/Relu_output_0_DequantizeLinear_Output"], "input": ["/lr_branch/se_block/fc/fc.1/Relu_output_0_QuantizeLinear_Output", "onnx::Conv_672_scale", "/lr_branch/se_block/fc/fc.1/Relu_output_0_zero_point"], "opType": "DequantizeLinear", "comment": "@397 [/lr_branch/se_block/fc/fc.1/Relu_output_0_DequantizeLinear_Output:(ty=1,shape=[1,320,1,1])] DequantizeLinear [/lr_branch/se_block/fc/fc.1/Relu_output_0_QuantizeLinear_Output:(ty=2,shape=[1,320,1,1]),onnx::Conv_672_scale:(ty=1,shape=[]),/lr_branch/se_block/fc/fc.1/Relu_output_0_zero_point:(ty=2,shape=[])]", "device": "NPU"}, {"output": ["lr_branch.se_block.fc.2.weight_DequantizeLinear_Output"], "input": ["lr_branch.se_block.fc.2.weight_quantized", "onnx::Conv_722_scale", "lr_branch.se_block.fc.2.weight_zero_point"], "opType": "DequantizeLinear", "comment": "@36 [lr_branch.se_block.fc.2.weight_DequantizeLinear_Output:(ty=1,shape=[1280,320,1,1])] DequantizeLinear [lr_branch.se_block.fc.2.weight_quantized:(ty=3,shape=[1280,320,1,1]),onnx::Conv_722_scale:(ty=1,shape=[]),lr_branch.se_block.fc.2.weight_zero_point:(ty=3,shape=[])]", "device": "NPU"}, {"output": ["/lr_branch/se_block/fc/fc.2/Conv_output_0"], "input": ["/lr_branch/se_block/fc/fc.1/Relu_output_0_DequantizeLinear_Output", "lr_branch.se_block.fc.2.weight_DequantizeLinear_Output"], "opType": "Conv", "comment": "@398 [/lr_branch/se_block/fc/fc.2/Conv_output_0:(ty=1,shape=[1,1280,1,1])] Conv [/lr_branch/se_block/fc/fc.1/Relu_output_0_DequantizeLinear_Output:(ty=1,shape=[1,320,1,1]),lr_branch.se_block.fc.2.weight_DequantizeLinear_Output:(ty=1,shape=[1280,320,1,1])]", "device": "NPU"}, {"output": ["/lr_branch/se_block/fc/fc.2/Conv_output_0_QuantizeLinear_Output"], "input": ["/lr_branch/se_block/fc/fc.2/Conv_output_0", "onnx::Conv_672_scale", "/lr_branch/se_block/fc/fc.2/Conv_output_0_zero_point"], "opType": "QuantizeLinear", "comment": "@399 [/lr_branch/se_block/fc/fc.2/Conv_output_0_QuantizeLinear_Output:(ty=2,shape=[1,1280,1,1])] QuantizeLinear [/lr_branch/se_block/fc/fc.2/Conv_output_0:(ty=1,shape=[1,1280,1,1]),onnx::Conv_672_scale:(ty=1,shape=[]),/lr_branch/se_block/fc/fc.2/Conv_output_0_zero_point:(ty=2,shape=[])]", "device": "NPU"}, {"output": ["/lr_branch/se_block/fc/fc.2/Conv_output_0_DequantizeLinear_Output"], "input": ["/lr_branch/se_block/fc/fc.2/Conv_output_0_QuantizeLinear_Output", "onnx::Conv_672_scale", "/lr_branch/se_block/fc/fc.2/Conv_output_0_zero_point"], "opType": "DequantizeLinear", "comment": "@400 [/lr_branch/se_block/fc/fc.2/Conv_output_0_DequantizeLinear_Output:(ty=1,shape=[1,1280,1,1])] DequantizeLinear [/lr_branch/se_block/fc/fc.2/Conv_output_0_QuantizeLinear_Output:(ty=2,shape=[1,1280,1,1]),onnx::Conv_672_scale:(ty=1,shape=[]),/lr_branch/se_block/fc/fc.2/Conv_output_0_zero_point:(ty=2,shape=[])]", "device": "NPU"}, {"output": ["/lr_branch/se_block/fc/fc.3/Sigmoid_output_0_Mul"], "input": ["/lr_branch/se_block/fc/fc.2/Conv_output_0_DequantizeLinear_Output"], "opType": "HardSigmoid", "comment": "@487 [/lr_branch/se_block/fc/fc.3/Sigmoid_output_0_Mul:(ty=1,shape=[1,1280,1,1])] HardSigmoid [/lr_branch/se_block/fc/fc.2/Conv_output_0_DequantizeLinear_Output:(ty=1,shape=[1,1280,1,1])]", "device": "NPU"}, {"output": ["/lr_branch/se_block/fc/fc.3/Sigmoid_output_0"], "input": ["/lr_branch/se_block/fc/fc.3/Sigmoid_output_0_Mul", "/lr_branch/se_block/fc/fc.3/Sigmoid_output_0_Scale"], "opType": "Mul", "comment": "@488 [/lr_branch/se_block/fc/fc.3/Sigmoid_output_0:(ty=1,shape=[1,1280,1,1])] Mul [/lr_branch/se_block/fc/fc.3/Sigmoid_output_0_Mul:(ty=1,shape=[1,1280,1,1]),/lr_branch/se_block/fc/fc.3/Sigmoid_output_0_Scale:(ty=1,shape=[])]", "device": "NPU"}, {"output": ["/lr_branch/se_block/fc/fc.3/Sigmoid_output_0_QuantizeLinear_Output"], "input": ["/lr_branch/se_block/fc/fc.3/Sigmoid_output_0", "onnx::Conv_674_scale", "/lr_branch/se_block/fc/fc.3/Sigmoid_output_0_zero_point"], "opType": "QuantizeLinear", "comment": "@401 [/lr_branch/se_block/fc/fc.3/Sigmoid_output_0_QuantizeLinear_Output:(ty=2,shape=[1,1280,1,1])] QuantizeLinear [/lr_branch/se_block/fc/fc.3/Sigmoid_output_0:(ty=1,shape=[1,1280,1,1]),onnx::Conv_674_scale:(ty=1,shape=[]),/lr_branch/se_block/fc/fc.3/Sigmoid_output_0_zero_point:(ty=2,shape=[])]", "device": "NPU"}, {"output": ["/lr_branch/se_block/fc/fc.3/Sigmoid_output_0_DequantizeLinear_Output"], "input": ["/lr_branch/se_block/fc/fc.3/Sigmoid_output_0_QuantizeLinear_Output", "onnx::Conv_674_scale", "/lr_branch/se_block/fc/fc.3/Sigmoid_output_0_zero_point"], "opType": "DequantizeLinear", "comment": "@402 [/lr_branch/se_block/fc/fc.3/Sigmoid_output_0_DequantizeLinear_Output:(ty=1,shape=[1,1280,1,1])] DequantizeLinear [/lr_branch/se_block/fc/fc.3/Sigmoid_output_0_QuantizeLinear_Output:(ty=2,shape=[1,1280,1,1]),onnx::Conv_674_scale:(ty=1,shape=[]),/lr_branch/se_block/fc/fc.3/Sigmoid_output_0_zero_point:(ty=2,shape=[])]", "device": "NPU"}, {"output": ["/lr_branch/se_block/Mul_output_0"], "input": ["/lr_branch/backbone/features.18/features.18.2/Clip_output_0_DequantizeLinear_Output/duplicated", "/lr_branch/se_block/fc/fc.3/Sigmoid_output_0_DequantizeLinear_Output"], "opType": "Mul", "comment": "@403 [/lr_branch/se_block/Mul_output_0:(ty=1,shape=[1,1280,16,16])] Mul [/lr_branch/backbone/features.18/features.18.2/Clip_output_0_DequantizeLinear_Output/duplicated:(ty=1,shape=[1,1280,16,16]),/lr_branch/se_block/fc/fc.3/Sigmoid_output_0_DequantizeLinear_Output:(ty=1,shape=[1,1280,1,1])]", "device": "NPU"}, {"output": ["/lr_branch/se_block/Mul_output_0_QuantizeLinear_Output"], "input": ["/lr_branch/se_block/Mul_output_0", "onnx::Conv_672_scale", "/lr_branch/se_block/Mul_output_0_zero_point"], "opType": "QuantizeLinear", "comment": "@404 [/lr_branch/se_block/Mul_output_0_QuantizeLinear_Output:(ty=2,shape=[1,1280,16,16])] QuantizeLinear [/lr_branch/se_block/Mul_output_0:(ty=1,shape=[1,1280,16,16]),onnx::Conv_672_scale:(ty=1,shape=[]),/lr_branch/se_block/Mul_output_0_zero_point:(ty=2,shape=[])]", "device": "NPU"}, {"output": ["/lr_branch/se_block/Mul_output_0_DequantizeLinear_Output"], "input": ["/lr_branch/se_block/Mul_output_0_QuantizeLinear_Output", "onnx::Conv_672_scale", "/lr_branch/se_block/Mul_output_0_zero_point"], "opType": "DequantizeLinear", "comment": "@405 [/lr_branch/se_block/Mul_output_0_DequantizeLinear_Output:(ty=1,shape=[1,1280,16,16])] DequantizeLinear [/lr_branch/se_block/Mul_output_0_QuantizeLinear_Output:(ty=2,shape=[1,1280,16,16]),onnx::Conv_672_scale:(ty=1,shape=[]),/lr_branch/se_block/Mul_output_0_zero_point:(ty=2,shape=[])]", "device": "NPU"}, {"output": ["/lr_branch/Resize_output_0"], "input": ["/lr_branch/se_block/Mul_output_0_DequantizeLinear_Output", "VAIP_NOT_EXISTS", "/lr_branch/Constant_output_0"], "opType": "Resize", "comment": "@406 [/lr_branch/Resize_output_0:(ty=1,shape=[1,1280,32,32])] Resize [/lr_branch/se_block/Mul_output_0_DequantizeLinear_Output:(ty=1,shape=[1,1280,16,16]),N/A,/lr_branch/Constant_output_0:(ty=1,shape=[4])]", "device": "NPU"}, {"output": ["/lr_branch/Resize_output_0_QuantizeLinear_Output"], "input": ["/lr_branch/Resize_output_0", "onnx::Conv_672_scale", "/lr_branch/se_block/Mul_output_0_zero_point"], "opType": "QuantizeLinear", "comment": "@407 [/lr_branch/Resize_output_0_QuantizeLinear_Output:(ty=2,shape=[1,1280,32,32])] QuantizeLinear [/lr_branch/Resize_output_0:(ty=1,shape=[1,1280,32,32]),onnx::Conv_672_scale:(ty=1,shape=[]),/lr_branch/se_block/Mul_output_0_zero_point:(ty=2,shape=[])]", "device": "NPU"}, {"output": ["/lr_branch/Resize_output_0_DequantizeLinear_Output"], "input": ["/lr_branch/Resize_output_0_QuantizeLinear_Output", "onnx::Conv_672_scale", "/lr_branch/se_block/Mul_output_0_zero_point"], "opType": "DequantizeLinear", "comment": "@408 [/lr_branch/Resize_output_0_DequantizeLinear_Output:(ty=1,shape=[1,1280,32,32])] DequantizeLinear [/lr_branch/Resize_output_0_QuantizeLinear_Output:(ty=2,shape=[1,1280,32,32]),onnx::Conv_672_scale:(ty=1,shape=[]),/lr_branch/se_block/Mul_output_0_zero_point:(ty=2,shape=[])]", "device": "NPU"}, {"output": ["lr_branch.conv_lr16x.0.weight_DequantizeLinear_Output"], "input": ["lr_branch.conv_lr16x.0.weight_quantized", "lr_branch.conv_lr16x.0.weight_scale", "lr_branch.conv_lr16x.0.weight_zero_point"], "opType": "DequantizeLinear", "comment": "@32 [lr_branch.conv_lr16x.0.weight_DequantizeLinear_Output:(ty=1,shape=[96,1280,5,5])] DequantizeLinear [lr_branch.conv_lr16x.0.weight_quantized:(ty=3,shape=[96,1280,5,5]),lr_branch.conv_lr16x.0.weight_scale:(ty=1,shape=[]),lr_branch.conv_lr16x.0.weight_zero_point:(ty=3,shape=[])]", "device": "NPU"}, {"output": ["lr_branch.conv_lr16x.0.bias_DequantizeLinear_Output"], "input": ["lr_branch.conv_lr16x.0.bias_quantized", "onnx::Conv_683_scale", "lr_branch.conv_lr16x.0.bias_zero_point"], "opType": "DequantizeLinear", "comment": "@31 [lr_branch.conv_lr16x.0.bias_DequantizeLinear_Output:(ty=1,shape=[96])] DequantizeLinear [lr_branch.conv_lr16x.0.bias_quantized:(ty=3,shape=[96]),onnx::Conv_683_scale:(ty=1,shape=[]),lr_branch.conv_lr16x.0.bias_zero_point:(ty=3,shape=[])]", "device": "NPU"}, {"output": ["/lr_branch/conv_lr16x/conv_lr16x.0/Conv_output_0"], "input": ["/lr_branch/Resize_output_0_DequantizeLinear_Output", "lr_branch.conv_lr16x.0.weight_DequantizeLinear_Output", "lr_branch.conv_lr16x.0.bias_DequantizeLinear_Output"], "opType": "Conv", "comment": "@409 [/lr_branch/conv_lr16x/conv_lr16x.0/Conv_output_0:(ty=1,shape=[1,96,32,32])] Conv [/lr_branch/Resize_output_0_DequantizeLinear_Output:(ty=1,shape=[1,1280,32,32]),lr_branch.conv_lr16x.0.weight_DequantizeLinear_Output:(ty=1,shape=[96,1280,5,5]),lr_branch.conv_lr16x.0.bias_DequantizeLinear_Output:(ty=1,shape=[96])]", "device": "NPU"}, {"output": ["/lr_branch/conv_lr16x/conv_lr16x.1/Relu_output_0"], "input": ["/lr_branch/conv_lr16x/conv_lr16x.0/Conv_output_0"], "opType": "Relu", "comment": "@410 [/lr_branch/conv_lr16x/conv_lr16x.1/Relu_output_0:(ty=1,shape=[1,96,32,32])] Relu [/lr_branch/conv_lr16x/conv_lr16x.0/Conv_output_0:(ty=1,shape=[1,96,32,32])]", "device": "NPU"}, {"output": ["/lr_branch/conv_lr16x/conv_lr16x.1/Relu_output_0_QuantizeLinear_Output"], "input": ["/lr_branch/conv_lr16x/conv_lr16x.1/Relu_output_0", "/lr_branch/backbone/features.2/conv/conv.5/Clip_output_0_scale", "/lr_branch/conv_lr16x/conv_lr16x.1/Relu_output_0_zero_point"], "opType": "QuantizeLinear", "comment": "@411 [/lr_branch/conv_lr16x/conv_lr16x.1/Relu_output_0_QuantizeLinear_Output:(ty=2,shape=[1,96,32,32])] QuantizeLinear [/lr_branch/conv_lr16x/conv_lr16x.1/Relu_output_0:(ty=1,shape=[1,96,32,32]),/lr_branch/backbone/features.2/conv/conv.5/Clip_output_0_scale:(ty=1,shape=[]),/lr_branch/conv_lr16x/conv_lr16x.1/Relu_output_0_zero_point:(ty=2,shape=[])]", "device": "NPU"}, {"output": ["/lr_branch/conv_lr16x/conv_lr16x.1/Relu_output_0_DequantizeLinear_Output"], "input": ["/lr_branch/conv_lr16x/conv_lr16x.1/Relu_output_0_QuantizeLinear_Output", "/lr_branch/backbone/features.2/conv/conv.5/Clip_output_0_scale", "/lr_branch/conv_lr16x/conv_lr16x.1/Relu_output_0_zero_point"], "opType": "DequantizeLinear", "comment": "@412 [/lr_branch/conv_lr16x/conv_lr16x.1/Relu_output_0_DequantizeLinear_Output:(ty=1,shape=[1,96,32,32])] DequantizeLinear [/lr_branch/conv_lr16x/conv_lr16x.1/Relu_output_0_QuantizeLinear_Output:(ty=2,shape=[1,96,32,32]),/lr_branch/backbone/features.2/conv/conv.5/Clip_output_0_scale:(ty=1,shape=[]),/lr_branch/conv_lr16x/conv_lr16x.1/Relu_output_0_zero_point:(ty=2,shape=[])]", "device": "NPU"}, {"output": ["/lr_branch/Resize_1_output_0"], "input": ["/lr_branch/conv_lr16x/conv_lr16x.1/Relu_output_0_DequantizeLinear_Output", "VAIP_NOT_EXISTS", "/lr_branch/Constant_output_0"], "opType": "Resize", "comment": "@413 [/lr_branch/Resize_1_output_0:(ty=1,shape=[1,96,64,64])] Resize [/lr_branch/conv_lr16x/conv_lr16x.1/Relu_output_0_DequantizeLinear_Output:(ty=1,shape=[1,96,32,32]),N/A,/lr_branch/Constant_output_0:(ty=1,shape=[4])]", "device": "NPU"}, {"output": ["/lr_branch/Resize_1_output_0_QuantizeLinear_Output"], "input": ["/lr_branch/Resize_1_output_0", "/lr_branch/backbone/features.2/conv/conv.5/Clip_output_0_scale", "/lr_branch/conv_lr16x/conv_lr16x.1/Relu_output_0_zero_point"], "opType": "QuantizeLinear", "comment": "@414 [/lr_branch/Resize_1_output_0_QuantizeLinear_Output:(ty=2,shape=[1,96,64,64])] QuantizeLinear [/lr_branch/Resize_1_output_0:(ty=1,shape=[1,96,64,64]),/lr_branch/backbone/features.2/conv/conv.5/Clip_output_0_scale:(ty=1,shape=[]),/lr_branch/conv_lr16x/conv_lr16x.1/Relu_output_0_zero_point:(ty=2,shape=[])]", "device": "NPU"}, {"output": ["/lr_branch/Resize_1_output_0_DequantizeLinear_Output"], "input": ["/lr_branch/Resize_1_output_0_QuantizeLinear_Output", "/lr_branch/backbone/features.2/conv/conv.5/Clip_output_0_scale", "/lr_branch/conv_lr16x/conv_lr16x.1/Relu_output_0_zero_point"], "opType": "DequantizeLinear", "comment": "@415 [/lr_branch/Resize_1_output_0_DequantizeLinear_Output:(ty=1,shape=[1,96,64,64])] DequantizeLinear [/lr_branch/Resize_1_output_0_QuantizeLinear_Output:(ty=2,shape=[1,96,64,64]),/lr_branch/backbone/features.2/conv/conv.5/Clip_output_0_scale:(ty=1,shape=[]),/lr_branch/conv_lr16x/conv_lr16x.1/Relu_output_0_zero_point:(ty=2,shape=[])]", "device": "NPU"}, {"output": ["lr_branch.conv_lr8x.0.weight_DequantizeLinear_Output"], "input": ["lr_branch.conv_lr8x.0.weight_quantized", "onnx::Conv_722_scale", "lr_branch.conv_lr8x.0.weight_zero_point"], "opType": "DequantizeLinear", "comment": "@34 [lr_branch.conv_lr8x.0.weight_DequantizeLinear_Output:(ty=1,shape=[32,96,5,5])] DequantizeLinear [lr_branch.conv_lr8x.0.weight_quantized:(ty=3,shape=[32,96,5,5]),onnx::Conv_722_scale:(ty=1,shape=[]),lr_branch.conv_lr8x.0.weight_zero_point:(ty=3,shape=[])]", "device": "NPU"}, {"output": ["lr_branch.conv_lr8x.0.bias_DequantizeLinear_Output"], "input": ["lr_branch.conv_lr8x.0.bias_quantized", "onnx::Conv_683_scale", "lr_branch.conv_lr8x.0.bias_zero_point"], "opType": "DequantizeLinear", "comment": "@33 [lr_branch.conv_lr8x.0.bias_DequantizeLinear_Output:(ty=1,shape=[32])] DequantizeLinear [lr_branch.conv_lr8x.0.bias_quantized:(ty=3,shape=[32]),onnx::Conv_683_scale:(ty=1,shape=[]),lr_branch.conv_lr8x.0.bias_zero_point:(ty=3,shape=[])]", "device": "NPU"}, {"output": ["/lr_branch/conv_lr8x/conv_lr8x.0/Conv_output_0"], "input": ["/lr_branch/Resize_1_output_0_DequantizeLinear_Output", "lr_branch.conv_lr8x.0.weight_DequantizeLinear_Output", "lr_branch.conv_lr8x.0.bias_DequantizeLinear_Output"], "opType": "Conv", "comment": "@416 [/lr_branch/conv_lr8x/conv_lr8x.0/Conv_output_0:(ty=1,shape=[1,32,64,64])] Conv [/lr_branch/Resize_1_output_0_DequantizeLinear_Output:(ty=1,shape=[1,96,64,64]),lr_branch.conv_lr8x.0.weight_DequantizeLinear_Output:(ty=1,shape=[32,96,5,5]),lr_branch.conv_lr8x.0.bias_DequantizeLinear_Output:(ty=1,shape=[32])]", "device": "NPU"}, {"output": ["/lr_branch/conv_lr8x/conv_lr8x.1/Relu_output_0"], "input": ["/lr_branch/conv_lr8x/conv_lr8x.0/Conv_output_0"], "opType": "Relu", "comment": "@417 [/lr_branch/conv_lr8x/conv_lr8x.1/Relu_output_0:(ty=1,shape=[1,32,64,64])] Relu [/lr_branch/conv_lr8x/conv_lr8x.0/Conv_output_0:(ty=1,shape=[1,32,64,64])]", "device": "NPU"}, {"output": ["/lr_branch/conv_lr8x/conv_lr8x.1/Relu_output_0_QuantizeLinear_Output"], "input": ["/lr_branch/conv_lr8x/conv_lr8x.1/Relu_output_0", "/lr_branch/backbone/features.2/conv/conv.5/Clip_output_0_scale", "/lr_branch/conv_lr8x/conv_lr8x.1/Relu_output_0_zero_point"], "opType": "QuantizeLinear", "comment": "@418 [/lr_branch/conv_lr8x/conv_lr8x.1/Relu_output_0_QuantizeLinear_Output:(ty=2,shape=[1,32,64,64])] QuantizeLinear [/lr_branch/conv_lr8x/conv_lr8x.1/Relu_output_0:(ty=1,shape=[1,32,64,64]),/lr_branch/backbone/features.2/conv/conv.5/Clip_output_0_scale:(ty=1,shape=[]),/lr_branch/conv_lr8x/conv_lr8x.1/Relu_output_0_zero_point:(ty=2,shape=[])]", "device": "NPU"}, {"output": ["/lr_branch/conv_lr8x/conv_lr8x.1/Relu_output_0_DequantizeLinear_Output"], "input": ["/lr_branch/conv_lr8x/conv_lr8x.1/Relu_output_0_QuantizeLinear_Output", "/lr_branch/backbone/features.2/conv/conv.5/Clip_output_0_scale", "/lr_branch/conv_lr8x/conv_lr8x.1/Relu_output_0_zero_point"], "opType": "DequantizeLinear", "comment": "@419 [/lr_branch/conv_lr8x/conv_lr8x.1/Relu_output_0_DequantizeLinear_Output:(ty=1,shape=[1,32,64,64])] DequantizeLinear [/lr_branch/conv_lr8x/conv_lr8x.1/Relu_output_0_QuantizeLinear_Output:(ty=2,shape=[1,32,64,64]),/lr_branch/backbone/features.2/conv/conv.5/Clip_output_0_scale:(ty=1,shape=[]),/lr_branch/conv_lr8x/conv_lr8x.1/Relu_output_0_zero_point:(ty=2,shape=[])]", "device": "NPU"}, {"output": ["/hr_branch/Resize_2_output_0"], "input": ["/lr_branch/conv_lr8x/conv_lr8x.1/Relu_output_0_DequantizeLinear_Output", "VAIP_NOT_EXISTS", "/lr_branch/Constant_output_0"], "opType": "Resize", "comment": "@420 [/hr_branch/Resize_2_output_0:(ty=1,shape=[1,32,128,128])] Resize [/lr_branch/conv_lr8x/conv_lr8x.1/Relu_output_0_DequantizeLinear_Output:(ty=1,shape=[1,32,64,64]),N/A,/lr_branch/Constant_output_0:(ty=1,shape=[4])]", "device": "NPU"}, {"output": ["/hr_branch/Resize_2_output_0_QuantizeLinear_Output"], "input": ["/hr_branch/Resize_2_output_0", "/lr_branch/backbone/features.2/conv/conv.5/Clip_output_0_scale", "/lr_branch/conv_lr8x/conv_lr8x.1/Relu_output_0_zero_point"], "opType": "QuantizeLinear", "comment": "@421 [/hr_branch/Resize_2_output_0_QuantizeLinear_Output:(ty=2,shape=[1,32,128,128])] QuantizeLinear [/hr_branch/Resize_2_output_0:(ty=1,shape=[1,32,128,128]),/lr_branch/backbone/features.2/conv/conv.5/Clip_output_0_scale:(ty=1,shape=[]),/lr_branch/conv_lr8x/conv_lr8x.1/Relu_output_0_zero_point:(ty=2,shape=[])]", "device": "NPU"}, {"output": ["/hr_branch/Resize_2_output_0_DequantizeLinear_Output"], "input": ["/hr_branch/Resize_2_output_0_QuantizeLinear_Output", "/lr_branch/backbone/features.2/conv/conv.5/Clip_output_0_scale", "/lr_branch/conv_lr8x/conv_lr8x.1/Relu_output_0_zero_point"], "opType": "DequantizeLinear", "comment": "@422 [/hr_branch/Resize_2_output_0_DequantizeLinear_Output:(ty=1,shape=[1,32,128,128])] DequantizeLinear [/hr_branch/Resize_2_output_0_QuantizeLinear_Output:(ty=2,shape=[1,32,128,128]),/lr_branch/backbone/features.2/conv/conv.5/Clip_output_0_scale:(ty=1,shape=[]),/lr_branch/conv_lr8x/conv_lr8x.1/Relu_output_0_zero_point:(ty=2,shape=[])]", "device": "NPU"}, {"output": ["/lr_branch/backbone/features.3/Add_output_0_DequantizeLinear_Output/duplicated"], "input": ["/lr_branch/backbone/features.3/Add_output_0_QuantizeLinear_Output", "/lr_branch/backbone/features.2/conv/conv.5/Clip_output_0_scale", "/lr_branch/backbone/features.3/Add_output_0_zero_point"], "opType": "DequantizeLinear", "comment": "@495 [/lr_branch/backbone/features.3/Add_output_0_DequantizeLinear_Output/duplicated:(ty=1,shape=[1,24,128,128])] DequantizeLinear [/lr_branch/backbone/features.3/Add_output_0_QuantizeLinear_Output:(ty=2,shape=[1,24,128,128]),/lr_branch/backbone/features.2/conv/conv.5/Clip_output_0_scale:(ty=1,shape=[]),/lr_branch/backbone/features.3/Add_output_0_zero_point:(ty=2,shape=[])]", "device": "NPU"}, {"output": ["hr_branch.tohr_enc4x.0.weight_DequantizeLinear_Output"], "input": ["hr_branch.tohr_enc4x.0.weight_quantized", "onnx::Conv_674_scale", "hr_branch.tohr_enc4x.0.weight_zero_point"], "opType": "DequantizeLinear", "comment": "@29 [hr_branch.tohr_enc4x.0.weight_DequantizeLinear_Output:(ty=1,shape=[32,24,1,1])] DequantizeLinear [hr_branch.tohr_enc4x.0.weight_quantized:(ty=3,shape=[32,24,1,1]),onnx::Conv_674_scale:(ty=1,shape=[]),hr_branch.tohr_enc4x.0.weight_zero_point:(ty=3,shape=[])]", "device": "NPU"}, {"output": ["hr_branch.tohr_enc4x.0.bias_DequantizeLinear_Output"], "input": ["hr_branch.tohr_enc4x.0.bias_quantized", "onnx::Conv_683_scale", "hr_branch.tohr_enc4x.0.bias_zero_point"], "opType": "DequantizeLinear", "comment": "@28 [hr_branch.tohr_enc4x.0.bias_DequantizeLinear_Output:(ty=1,shape=[32])] DequantizeLinear [hr_branch.tohr_enc4x.0.bias_quantized:(ty=3,shape=[32]),onnx::Conv_683_scale:(ty=1,shape=[]),hr_branch.tohr_enc4x.0.bias_zero_point:(ty=3,shape=[])]", "device": "NPU"}, {"output": ["/hr_branch/tohr_enc4x/tohr_enc4x.0/Conv_output_0"], "input": ["/lr_branch/backbone/features.3/Add_output_0_DequantizeLinear_Output/duplicated", "hr_branch.tohr_enc4x.0.weight_DequantizeLinear_Output", "hr_branch.tohr_enc4x.0.bias_DequantizeLinear_Output"], "opType": "Conv", "comment": "@196 [/hr_branch/tohr_enc4x/tohr_enc4x.0/Conv_output_0:(ty=1,shape=[1,32,128,128])] Conv [/lr_branch/backbone/features.3/Add_output_0_DequantizeLinear_Output/duplicated:(ty=1,shape=[1,24,128,128]),hr_branch.tohr_enc4x.0.weight_DequantizeLinear_Output:(ty=1,shape=[32,24,1,1]),hr_branch.tohr_enc4x.0.bias_DequantizeLinear_Output:(ty=1,shape=[32])]", "device": "NPU"}, {"output": ["/hr_branch/tohr_enc4x/tohr_enc4x.1/Relu_output_0"], "input": ["/hr_branch/tohr_enc4x/tohr_enc4x.0/Conv_output_0"], "opType": "Relu", "comment": "@198 [/hr_branch/tohr_enc4x/tohr_enc4x.1/Relu_output_0:(ty=1,shape=[1,32,128,128])] Relu [/hr_branch/tohr_enc4x/tohr_enc4x.0/Conv_output_0:(ty=1,shape=[1,32,128,128])]", "device": "NPU"}, {"output": ["/hr_branch/tohr_enc4x/tohr_enc4x.1/Relu_output_0_QuantizeLinear_Output"], "input": ["/hr_branch/tohr_enc4x/tohr_enc4x.1/Relu_output_0", "/lr_branch/backbone/features.2/conv/conv.5/Clip_output_0_scale", "/hr_branch/tohr_enc4x/tohr_enc4x.1/Relu_output_0_zero_point"], "opType": "QuantizeLinear", "comment": "@200 [/hr_branch/tohr_enc4x/tohr_enc4x.1/Relu_output_0_QuantizeLinear_Output:(ty=2,shape=[1,32,128,128])] QuantizeLinear [/hr_branch/tohr_enc4x/tohr_enc4x.1/Relu_output_0:(ty=1,shape=[1,32,128,128]),/lr_branch/backbone/features.2/conv/conv.5/Clip_output_0_scale:(ty=1,shape=[]),/hr_branch/tohr_enc4x/tohr_enc4x.1/Relu_output_0_zero_point:(ty=2,shape=[])]", "device": "NPU"}, {"output": ["/hr_branch/tohr_enc4x/tohr_enc4x.1/Relu_output_0_DequantizeLinear_Output"], "input": ["/hr_branch/tohr_enc4x/tohr_enc4x.1/Relu_output_0_QuantizeLinear_Output", "/lr_branch/backbone/features.2/conv/conv.5/Clip_output_0_scale", "/hr_branch/tohr_enc4x/tohr_enc4x.1/Relu_output_0_zero_point"], "opType": "DequantizeLinear", "comment": "@202 [/hr_branch/tohr_enc4x/tohr_enc4x.1/Relu_output_0_DequantizeLinear_Output:(ty=1,shape=[1,32,128,128])] DequantizeLinear [/hr_branch/tohr_enc4x/tohr_enc4x.1/Relu_output_0_QuantizeLinear_Output:(ty=2,shape=[1,32,128,128]),/lr_branch/backbone/features.2/conv/conv.5/Clip_output_0_scale:(ty=1,shape=[]),/hr_branch/tohr_enc4x/tohr_enc4x.1/Relu_output_0_zero_point:(ty=2,shape=[])]", "device": "NPU"}, {"output": ["/hr_branch/tohr_enc2x/tohr_enc2x.1/Relu_output_0_DequantizeLinear_Output"], "input": ["/hr_branch/tohr_enc2x/tohr_enc2x.1/Relu_output_0_QuantizeLinear_Output", "input_scale", "/hr_branch/tohr_enc2x/tohr_enc2x.1/Relu_output_0_zero_point"], "opType": "DequantizeLinear", "comment": "@166 [/hr_branch/tohr_enc2x/tohr_enc2x.1/Relu_output_0_DequantizeLinear_Output:(ty=1,shape=[1,32,256,256])] DequantizeLinear [/hr_branch/tohr_enc2x/tohr_enc2x.1/Relu_output_0_QuantizeLinear_Output:(ty=2,shape=[1,32,256,256]),input_scale:(ty=1,shape=[]),/hr_branch/tohr_enc2x/tohr_enc2x.1/Relu_output_0_zero_point:(ty=2,shape=[])]", "device": "NPU"}, {"output": ["input_DequantizeLinear_Output"], "input": ["input_QuantizeLinear_Output", "input_scale", "input_zero_point"], "opType": "DequantizeLinear", "comment": "@141 [input_DequantizeLinear_Output:(ty=1,shape=[1,3,512,512])] DequantizeLinear [input_QuantizeLinear_Output:(ty=2,shape=[1,3,512,512]),input_scale:(ty=1,shape=[]),input_zero_point:(ty=2,shape=[])]", "device": "NPU"}, {"output": ["/hr_branch/Resize_output_0"], "input": ["input_DequantizeLinear_Output", "VAIP_NOT_EXISTS", "/hr_branch/Constant_output_0"], "opType": "Resize", "comment": "@142 [/hr_branch/Resize_output_0:(ty=1,shape=[1,3,256,256])] Resize [input_DequantizeLinear_Output:(ty=1,shape=[1,3,512,512]),N/A,/hr_branch/Constant_output_0:(ty=1,shape=[4])]", "device": "NPU"}, {"output": ["/hr_branch/Resize_output_0_QuantizeLinear_Output"], "input": ["/hr_branch/Resize_output_0", "input_scale", "/hr_branch/Resize_output_0_zero_point"], "opType": "QuantizeLinear", "comment": "@145 [/hr_branch/Resize_output_0_QuantizeLinear_Output:(ty=2,shape=[1,3,256,256])] QuantizeLinear [/hr_branch/Resize_output_0:(ty=1,shape=[1,3,256,256]),input_scale:(ty=1,shape=[]),/hr_branch/Resize_output_0_zero_point:(ty=2,shape=[])]", "device": "NPU"}, {"output": ["/hr_branch/Resize_output_0_DequantizeLinear_Output"], "input": ["/hr_branch/Resize_output_0_QuantizeLinear_Output", "input_scale", "/hr_branch/Resize_output_0_zero_point"], "opType": "DequantizeLinear", "comment": "@148 [/hr_branch/Resize_output_0_DequantizeLinear_Output:(ty=1,shape=[1,3,256,256])] DequantizeLinear [/hr_branch/Resize_output_0_QuantizeLinear_Output:(ty=2,shape=[1,3,256,256]),input_scale:(ty=1,shape=[]),/hr_branch/Resize_output_0_zero_point:(ty=2,shape=[])]", "device": "NPU"}, {"output": ["/hr_branch/Concat_output_0"], "input": ["/hr_branch/Resize_output_0_DequantizeLinear_Output", "/hr_branch/tohr_enc2x/tohr_enc2x.1/Relu_output_0_DequantizeLinear_Output"], "opType": "Concat", "comment": "@168 [/hr_branch/Concat_output_0:(ty=1,shape=[1,35,256,256])] Concat [/hr_branch/Resize_output_0_DequantizeLinear_Output:(ty=1,shape=[1,3,256,256]),/hr_branch/tohr_enc2x/tohr_enc2x.1/Relu_output_0_DequantizeLinear_Output:(ty=1,shape=[1,32,256,256])]", "device": "NPU"}, {"output": ["/hr_branch/Concat_output_0_QuantizeLinear_Output"], "input": ["/hr_branch/Concat_output_0", "input_scale", "/hr_branch/Concat_output_0_zero_point"], "opType": "QuantizeLinear", "comment": "@170 [/hr_branch/Concat_output_0_QuantizeLinear_Output:(ty=2,shape=[1,35,256,256])] QuantizeLinear [/hr_branch/Concat_output_0:(ty=1,shape=[1,35,256,256]),input_scale:(ty=1,shape=[]),/hr_branch/Concat_output_0_zero_point:(ty=2,shape=[])]", "device": "NPU"}, {"output": ["/hr_branch/Concat_output_0_DequantizeLinear_Output"], "input": ["/hr_branch/Concat_output_0_QuantizeLinear_Output", "input_scale", "/hr_branch/Concat_output_0_zero_point"], "opType": "DequantizeLinear", "comment": "@172 [/hr_branch/Concat_output_0_DequantizeLinear_Output:(ty=1,shape=[1,35,256,256])] DequantizeLinear [/hr_branch/Concat_output_0_QuantizeLinear_Output:(ty=2,shape=[1,35,256,256]),input_scale:(ty=1,shape=[]),/hr_branch/Concat_output_0_zero_point:(ty=2,shape=[])]", "device": "NPU"}, {"output": ["hr_branch.conv_enc2x.0.weight_DequantizeLinear_Output"], "input": ["hr_branch.conv_enc2x.0.weight_quantized", "onnx::Conv_758_scale", "hr_branch.conv_enc2x.0.weight_zero_point"], "opType": "DequantizeLinear", "comment": "@9 [hr_branch.conv_enc2x.0.weight_DequantizeLinear_Output:(ty=1,shape=[32,35,3,3])] DequantizeLinear [hr_branch.conv_enc2x.0.weight_quantized:(ty=3,shape=[32,35,3,3]),onnx::Conv_758_scale:(ty=1,shape=[]),hr_branch.conv_enc2x.0.weight_zero_point:(ty=3,shape=[])]", "device": "NPU"}, {"output": ["hr_branch.conv_enc2x.0.bias_DequantizeLinear_Output"], "input": ["hr_branch.conv_enc2x.0.bias_quantized", "onnx::Conv_683_scale", "hr_branch.conv_enc2x.0.bias_zero_point"], "opType": "DequantizeLinear", "comment": "@8 [hr_branch.conv_enc2x.0.bias_DequantizeLinear_Output:(ty=1,shape=[32])] DequantizeLinear [hr_branch.conv_enc2x.0.bias_quantized:(ty=3,shape=[32]),onnx::Conv_683_scale:(ty=1,shape=[]),hr_branch.conv_enc2x.0.bias_zero_point:(ty=3,shape=[])]", "device": "NPU"}, {"output": ["/hr_branch/conv_enc2x/conv_enc2x.0/Conv_output_0"], "input": ["/hr_branch/Concat_output_0_DequantizeLinear_Output", "hr_branch.conv_enc2x.0.weight_DequantizeLinear_Output", "hr_branch.conv_enc2x.0.bias_DequantizeLinear_Output"], "opType": "Conv", "comment": "@174 [/hr_branch/conv_enc2x/conv_enc2x.0/Conv_output_0:(ty=1,shape=[1,32,128,128])] Conv [/hr_branch/Concat_output_0_DequantizeLinear_Output:(ty=1,shape=[1,35,256,256]),hr_branch.conv_enc2x.0.weight_DequantizeLinear_Output:(ty=1,shape=[32,35,3,3]),hr_branch.conv_enc2x.0.bias_DequantizeLinear_Output:(ty=1,shape=[32])]", "device": "NPU"}, {"output": ["/hr_branch/conv_enc2x/conv_enc2x.1/Relu_output_0"], "input": ["/hr_branch/conv_enc2x/conv_enc2x.0/Conv_output_0"], "opType": "Relu", "comment": "@176 [/hr_branch/conv_enc2x/conv_enc2x.1/Relu_output_0:(ty=1,shape=[1,32,128,128])] Relu [/hr_branch/conv_enc2x/conv_enc2x.0/Conv_output_0:(ty=1,shape=[1,32,128,128])]", "device": "NPU"}, {"output": ["/hr_branch/conv_enc2x/conv_enc2x.1/Relu_output_0_QuantizeLinear_Output"], "input": ["/hr_branch/conv_enc2x/conv_enc2x.1/Relu_output_0", "/lr_branch/backbone/features.2/conv/conv.5/Clip_output_0_scale", "/hr_branch/conv_enc2x/conv_enc2x.1/Relu_output_0_zero_point"], "opType": "QuantizeLinear", "comment": "@178 [/hr_branch/conv_enc2x/conv_enc2x.1/Relu_output_0_QuantizeLinear_Output:(ty=2,shape=[1,32,128,128])] QuantizeLinear [/hr_branch/conv_enc2x/conv_enc2x.1/Relu_output_0:(ty=1,shape=[1,32,128,128]),/lr_branch/backbone/features.2/conv/conv.5/Clip_output_0_scale:(ty=1,shape=[]),/hr_branch/conv_enc2x/conv_enc2x.1/Relu_output_0_zero_point:(ty=2,shape=[])]", "device": "NPU"}, {"output": ["/hr_branch/conv_enc2x/conv_enc2x.1/Relu_output_0_DequantizeLinear_Output"], "input": ["/hr_branch/conv_enc2x/conv_enc2x.1/Relu_output_0_QuantizeLinear_Output", "/lr_branch/backbone/features.2/conv/conv.5/Clip_output_0_scale", "/hr_branch/conv_enc2x/conv_enc2x.1/Relu_output_0_zero_point"], "opType": "DequantizeLinear", "comment": "@180 [/hr_branch/conv_enc2x/conv_enc2x.1/Relu_output_0_DequantizeLinear_Output:(ty=1,shape=[1,32,128,128])] DequantizeLinear [/hr_branch/conv_enc2x/conv_enc2x.1/Relu_output_0_QuantizeLinear_Output:(ty=2,shape=[1,32,128,128]),/lr_branch/backbone/features.2/conv/conv.5/Clip_output_0_scale:(ty=1,shape=[]),/hr_branch/conv_enc2x/conv_enc2x.1/Relu_output_0_zero_point:(ty=2,shape=[])]", "device": "NPU"}, {"output": ["/hr_branch/Concat_1_output_0"], "input": ["/hr_branch/conv_enc2x/conv_enc2x.1/Relu_output_0_DequantizeLinear_Output", "/hr_branch/tohr_enc4x/tohr_enc4x.1/Relu_output_0_DequantizeLinear_Output"], "opType": "Concat", "comment": "@204 [/hr_branch/Concat_1_output_0:(ty=1,shape=[1,64,128,128])] Concat [/hr_branch/conv_enc2x/conv_enc2x.1/Relu_output_0_DequantizeLinear_Output:(ty=1,shape=[1,32,128,128]),/hr_branch/tohr_enc4x/tohr_enc4x.1/Relu_output_0_DequantizeLinear_Output:(ty=1,shape=[1,32,128,128])]", "device": "NPU"}, {"output": ["/hr_branch/Concat_1_output_0_QuantizeLinear_Output"], "input": ["/hr_branch/Concat_1_output_0", "/lr_branch/backbone/features.2/conv/conv.5/Clip_output_0_scale", "/hr_branch/Concat_1_output_0_zero_point"], "opType": "QuantizeLinear", "comment": "@206 [/hr_branch/Concat_1_output_0_QuantizeLinear_Output:(ty=2,shape=[1,64,128,128])] QuantizeLinear [/hr_branch/Concat_1_output_0:(ty=1,shape=[1,64,128,128]),/lr_branch/backbone/features.2/conv/conv.5/Clip_output_0_scale:(ty=1,shape=[]),/hr_branch/Concat_1_output_0_zero_point:(ty=2,shape=[])]", "device": "NPU"}, {"output": ["/hr_branch/Concat_1_output_0_DequantizeLinear_Output"], "input": ["/hr_branch/Concat_1_output_0_QuantizeLinear_Output", "/lr_branch/backbone/features.2/conv/conv.5/Clip_output_0_scale", "/hr_branch/Concat_1_output_0_zero_point"], "opType": "DequantizeLinear", "comment": "@208 [/hr_branch/Concat_1_output_0_DequantizeLinear_Output:(ty=1,shape=[1,64,128,128])] DequantizeLinear [/hr_branch/Concat_1_output_0_QuantizeLinear_Output:(ty=2,shape=[1,64,128,128]),/lr_branch/backbone/features.2/conv/conv.5/Clip_output_0_scale:(ty=1,shape=[]),/hr_branch/Concat_1_output_0_zero_point:(ty=2,shape=[])]", "device": "NPU"}, {"output": ["hr_branch.conv_enc4x.0.weight_DequantizeLinear_Output"], "input": ["hr_branch.conv_enc4x.0.weight_quantized", "onnx::Conv_758_scale", "hr_branch.conv_enc4x.0.weight_zero_point"], "opType": "DequantizeLinear", "comment": "@11 [hr_branch.conv_enc4x.0.weight_DequantizeLinear_Output:(ty=1,shape=[64,64,3,3])] DequantizeLinear [hr_branch.conv_enc4x.0.weight_quantized:(ty=3,shape=[64,64,3,3]),onnx::Conv_758_scale:(ty=1,shape=[]),hr_branch.conv_enc4x.0.weight_zero_point:(ty=3,shape=[])]", "device": "NPU"}, {"output": ["hr_branch.conv_enc4x.0.bias_DequantizeLinear_Output"], "input": ["hr_branch.conv_enc4x.0.bias_quantized", "onnx::Conv_683_scale", "hr_branch.conv_enc4x.0.bias_zero_point"], "opType": "DequantizeLinear", "comment": "@10 [hr_branch.conv_enc4x.0.bias_DequantizeLinear_Output:(ty=1,shape=[64])] DequantizeLinear [hr_branch.conv_enc4x.0.bias_quantized:(ty=3,shape=[64]),onnx::Conv_683_scale:(ty=1,shape=[]),hr_branch.conv_enc4x.0.bias_zero_point:(ty=3,shape=[])]", "device": "NPU"}, {"output": ["/hr_branch/conv_enc4x/conv_enc4x.0/Conv_output_0"], "input": ["/hr_branch/Concat_1_output_0_DequantizeLinear_Output", "hr_branch.conv_enc4x.0.weight_DequantizeLinear_Output", "hr_branch.conv_enc4x.0.bias_DequantizeLinear_Output"], "opType": "Conv", "comment": "@210 [/hr_branch/conv_enc4x/conv_enc4x.0/Conv_output_0:(ty=1,shape=[1,64,128,128])] Conv [/hr_branch/Concat_1_output_0_DequantizeLinear_Output:(ty=1,shape=[1,64,128,128]),hr_branch.conv_enc4x.0.weight_DequantizeLinear_Output:(ty=1,shape=[64,64,3,3]),hr_branch.conv_enc4x.0.bias_DequantizeLinear_Output:(ty=1,shape=[64])]", "device": "NPU"}, {"output": ["/hr_branch/conv_enc4x/conv_enc4x.1/Relu_output_0"], "input": ["/hr_branch/conv_enc4x/conv_enc4x.0/Conv_output_0"], "opType": "Relu", "comment": "@212 [/hr_branch/conv_enc4x/conv_enc4x.1/Relu_output_0:(ty=1,shape=[1,64,128,128])] Relu [/hr_branch/conv_enc4x/conv_enc4x.0/Conv_output_0:(ty=1,shape=[1,64,128,128])]", "device": "NPU"}, {"output": ["/hr_branch/conv_enc4x/conv_enc4x.1/Relu_output_0_QuantizeLinear_Output"], "input": ["/hr_branch/conv_enc4x/conv_enc4x.1/Relu_output_0", "/lr_branch/backbone/features.2/conv/conv.5/Clip_output_0_scale", "/hr_branch/conv_enc4x/conv_enc4x.1/Relu_output_0_zero_point"], "opType": "QuantizeLinear", "comment": "@214 [/hr_branch/conv_enc4x/conv_enc4x.1/Relu_output_0_QuantizeLinear_Output:(ty=2,shape=[1,64,128,128])] QuantizeLinear [/hr_branch/conv_enc4x/conv_enc4x.1/Relu_output_0:(ty=1,shape=[1,64,128,128]),/lr_branch/backbone/features.2/conv/conv.5/Clip_output_0_scale:(ty=1,shape=[]),/hr_branch/conv_enc4x/conv_enc4x.1/Relu_output_0_zero_point:(ty=2,shape=[])]", "device": "NPU"}, {"output": ["/hr_branch/conv_enc4x/conv_enc4x.1/Relu_output_0_DequantizeLinear_Output"], "input": ["/hr_branch/conv_enc4x/conv_enc4x.1/Relu_output_0_QuantizeLinear_Output", "/lr_branch/backbone/features.2/conv/conv.5/Clip_output_0_scale", "/hr_branch/conv_enc4x/conv_enc4x.1/Relu_output_0_zero_point"], "opType": "DequantizeLinear", "comment": "@216 [/hr_branch/conv_enc4x/conv_enc4x.1/Relu_output_0_DequantizeLinear_Output:(ty=1,shape=[1,64,128,128])] DequantizeLinear [/hr_branch/conv_enc4x/conv_enc4x.1/Relu_output_0_QuantizeLinear_Output:(ty=2,shape=[1,64,128,128]),/lr_branch/backbone/features.2/conv/conv.5/Clip_output_0_scale:(ty=1,shape=[]),/hr_branch/conv_enc4x/conv_enc4x.1/Relu_output_0_zero_point:(ty=2,shape=[])]", "device": "NPU"}, {"output": ["input_DequantizeLinear_Output/duplicated"], "input": ["input_QuantizeLinear_Output", "input_scale", "input_zero_point"], "opType": "DequantizeLinear", "comment": "@490 [input_DequantizeLinear_Output/duplicated:(ty=1,shape=[1,3,512,512])] DequantizeLinear [input_QuantizeLinear_Output:(ty=2,shape=[1,3,512,512]),input_scale:(ty=1,shape=[]),input_zero_point:(ty=2,shape=[])]", "device": "CPU"}, {"output": ["/hr_branch/Resize_1_output_0"], "input": ["input_DequantizeLinear_Output/duplicated", "VAIP_NOT_EXISTS", "/hr_branch/Constant_1_output_0"], "opType": "Resize", "comment": "@143 [/hr_branch/Resize_1_output_0:(ty=1,shape=[1,3,128,128])] Resize [input_DequantizeLinear_Output/duplicated:(ty=1,shape=[1,3,512,512]),N/A,/hr_branch/Constant_1_output_0:(ty=1,shape=[4])]", "device": "CPU"}, {"output": ["/hr_branch/Resize_1_output_0_QuantizeLinear_Output"], "input": ["/hr_branch/Resize_1_output_0", "/lr_branch/backbone/features.2/conv/conv.5/Clip_output_0_scale", "/hr_branch/Resize_1_output_0_zero_point"], "opType": "QuantizeLinear", "comment": "@146 [/hr_branch/Resize_1_output_0_QuantizeLinear_Output:(ty=2,shape=[1,3,128,128])] QuantizeLinear [/hr_branch/Resize_1_output_0:(ty=1,shape=[1,3,128,128]),/lr_branch/backbone/features.2/conv/conv.5/Clip_output_0_scale:(ty=1,shape=[]),/hr_branch/Resize_1_output_0_zero_point:(ty=2,shape=[])]", "device": "CPU"}, {"output": ["/hr_branch/Resize_1_output_0_DequantizeLinear_Output"], "input": ["/hr_branch/Resize_1_output_0_QuantizeLinear_Output", "/lr_branch/backbone/features.2/conv/conv.5/Clip_output_0_scale", "/hr_branch/Resize_1_output_0_zero_point"], "opType": "DequantizeLinear", "comment": "@149 [/hr_branch/Resize_1_output_0_DequantizeLinear_Output:(ty=1,shape=[1,3,128,128])] DequantizeLinear [/hr_branch/Resize_1_output_0_QuantizeLinear_Output:(ty=2,shape=[1,3,128,128]),/lr_branch/backbone/features.2/conv/conv.5/Clip_output_0_scale:(ty=1,shape=[]),/hr_branch/Resize_1_output_0_zero_point:(ty=2,shape=[])]", "device": "NPU"}, {"output": ["/hr_branch/Concat_2_output_0"], "input": ["/hr_branch/conv_enc4x/conv_enc4x.1/Relu_output_0_DequantizeLinear_Output", "/hr_branch/Resize_2_output_0_DequantizeLinear_Output", "/hr_branch/Resize_1_output_0_DequantizeLinear_Output"], "opType": "Concat", "comment": "@423 [/hr_branch/Concat_2_output_0:(ty=1,shape=[1,99,128,128])] Concat [/hr_branch/conv_enc4x/conv_enc4x.1/Relu_output_0_DequantizeLinear_Output:(ty=1,shape=[1,64,128,128]),/hr_branch/Resize_2_output_0_DequantizeLinear_Output:(ty=1,shape=[1,32,128,128]),/hr_branch/Resize_1_output_0_DequantizeLinear_Output:(ty=1,shape=[1,3,128,128])]", "device": "NPU"}, {"output": ["/hr_branch/Concat_2_output_0_QuantizeLinear_Output"], "input": ["/hr_branch/Concat_2_output_0", "/lr_branch/backbone/features.2/conv/conv.5/Clip_output_0_scale", "/hr_branch/Concat_2_output_0_zero_point"], "opType": "QuantizeLinear", "comment": "@425 [/hr_branch/Concat_2_output_0_QuantizeLinear_Output:(ty=2,shape=[1,99,128,128])] QuantizeLinear [/hr_branch/Concat_2_output_0:(ty=1,shape=[1,99,128,128]),/lr_branch/backbone/features.2/conv/conv.5/Clip_output_0_scale:(ty=1,shape=[]),/hr_branch/Concat_2_output_0_zero_point:(ty=2,shape=[])]", "device": "NPU"}, {"output": ["/hr_branch/Concat_2_output_0_DequantizeLinear_Output"], "input": ["/hr_branch/Concat_2_output_0_QuantizeLinear_Output", "/lr_branch/backbone/features.2/conv/conv.5/Clip_output_0_scale", "/hr_branch/Concat_2_output_0_zero_point"], "opType": "DequantizeLinear", "comment": "@427 [/hr_branch/Concat_2_output_0_DequantizeLinear_Output:(ty=1,shape=[1,99,128,128])] DequantizeLinear [/hr_branch/Concat_2_output_0_QuantizeLinear_Output:(ty=2,shape=[1,99,128,128]),/lr_branch/backbone/features.2/conv/conv.5/Clip_output_0_scale:(ty=1,shape=[]),/hr_branch/Concat_2_output_0_zero_point:(ty=2,shape=[])]", "device": "NPU"}, {"output": ["hr_branch.conv_hr4x.0.weight_DequantizeLinear_Output"], "input": ["hr_branch.conv_hr4x.0.weight_quantized", "onnx::Conv_758_scale", "hr_branch.conv_hr4x.0.weight_zero_point"], "opType": "DequantizeLinear", "comment": "@21 [hr_branch.conv_hr4x.0.weight_DequantizeLinear_Output:(ty=1,shape=[64,99,3,3])] DequantizeLinear [hr_branch.conv_hr4x.0.weight_quantized:(ty=3,shape=[64,99,3,3]),onnx::Conv_758_scale:(ty=1,shape=[]),hr_branch.conv_hr4x.0.weight_zero_point:(ty=3,shape=[])]", "device": "NPU"}, {"output": ["hr_branch.conv_hr4x.0.bias_DequantizeLinear_Output"], "input": ["hr_branch.conv_hr4x.0.bias_quantized", "onnx::Conv_674_scale", "hr_branch.conv_hr4x.0.bias_zero_point"], "opType": "DequantizeLinear", "comment": "@20 [hr_branch.conv_hr4x.0.bias_DequantizeLinear_Output:(ty=1,shape=[64])] DequantizeLinear [hr_branch.conv_hr4x.0.bias_quantized:(ty=3,shape=[64]),onnx::Conv_674_scale:(ty=1,shape=[]),hr_branch.conv_hr4x.0.bias_zero_point:(ty=3,shape=[])]", "device": "NPU"}, {"output": ["/hr_branch/conv_hr4x/conv_hr4x.0/Conv_output_0"], "input": ["/hr_branch/Concat_2_output_0_DequantizeLinear_Output", "hr_branch.conv_hr4x.0.weight_DequantizeLinear_Output", "hr_branch.conv_hr4x.0.bias_DequantizeLinear_Output"], "opType": "Conv", "comment": "@429 [/hr_branch/conv_hr4x/conv_hr4x.0/Conv_output_0:(ty=1,shape=[1,64,128,128])] Conv [/hr_branch/Concat_2_output_0_DequantizeLinear_Output:(ty=1,shape=[1,99,128,128]),hr_branch.conv_hr4x.0.weight_DequantizeLinear_Output:(ty=1,shape=[64,99,3,3]),hr_branch.conv_hr4x.0.bias_DequantizeLinear_Output:(ty=1,shape=[64])]", "device": "NPU"}, {"output": ["/hr_branch/conv_hr4x/conv_hr4x.1/Relu_output_0"], "input": ["/hr_branch/conv_hr4x/conv_hr4x.0/Conv_output_0"], "opType": "Relu", "comment": "@431 [/hr_branch/conv_hr4x/conv_hr4x.1/Relu_output_0:(ty=1,shape=[1,64,128,128])] Relu [/hr_branch/conv_hr4x/conv_hr4x.0/Conv_output_0:(ty=1,shape=[1,64,128,128])]", "device": "NPU"}, {"output": ["/hr_branch/conv_hr4x/conv_hr4x.1/Relu_output_0_QuantizeLinear_Output"], "input": ["/hr_branch/conv_hr4x/conv_hr4x.1/Relu_output_0", "/hr_branch/conv_hr4x/conv_hr4x.1/Relu_output_0_scale", "/hr_branch/conv_hr4x/conv_hr4x.1/Relu_output_0_zero_point"], "opType": "QuantizeLinear", "comment": "@433 [/hr_branch/conv_hr4x/conv_hr4x.1/Relu_output_0_QuantizeLinear_Output:(ty=2,shape=[1,64,128,128])] QuantizeLinear [/hr_branch/conv_hr4x/conv_hr4x.1/Relu_output_0:(ty=1,shape=[1,64,128,128]),/hr_branch/conv_hr4x/conv_hr4x.1/Relu_output_0_scale:(ty=1,shape=[]),/hr_branch/conv_hr4x/conv_hr4x.1/Relu_output_0_zero_point:(ty=2,shape=[])]", "device": "NPU"}, {"output": ["/hr_branch/conv_hr4x/conv_hr4x.1/Relu_output_0_DequantizeLinear_Output"], "input": ["/hr_branch/conv_hr4x/conv_hr4x.1/Relu_output_0_QuantizeLinear_Output", "/hr_branch/conv_hr4x/conv_hr4x.1/Relu_output_0_scale", "/hr_branch/conv_hr4x/conv_hr4x.1/Relu_output_0_zero_point"], "opType": "DequantizeLinear", "comment": "@435 [/hr_branch/conv_hr4x/conv_hr4x.1/Relu_output_0_DequantizeLinear_Output:(ty=1,shape=[1,64,128,128])] DequantizeLinear [/hr_branch/conv_hr4x/conv_hr4x.1/Relu_output_0_QuantizeLinear_Output:(ty=2,shape=[1,64,128,128]),/hr_branch/conv_hr4x/conv_hr4x.1/Relu_output_0_scale:(ty=1,shape=[]),/hr_branch/conv_hr4x/conv_hr4x.1/Relu_output_0_zero_point:(ty=2,shape=[])]", "device": "NPU"}, {"output": ["hr_branch.conv_hr4x.2.weight_DequantizeLinear_Output"], "input": ["hr_branch.conv_hr4x.2.weight_quantized", "onnx::Conv_696_scale", "hr_branch.conv_hr4x.2.weight_zero_point"], "opType": "DequantizeLinear", "comment": "@23 [hr_branch.conv_hr4x.2.weight_DequantizeLinear_Output:(ty=1,shape=[64,64,3,3])] DequantizeLinear [hr_branch.conv_hr4x.2.weight_quantized:(ty=3,shape=[64,64,3,3]),onnx::Conv_696_scale:(ty=1,shape=[]),hr_branch.conv_hr4x.2.weight_zero_point:(ty=3,shape=[])]", "device": "NPU"}, {"output": ["hr_branch.conv_hr4x.2.bias_DequantizeLinear_Output"], "input": ["hr_branch.conv_hr4x.2.bias_quantized", "onnx::Conv_674_scale", "hr_branch.conv_hr4x.2.bias_zero_point"], "opType": "DequantizeLinear", "comment": "@22 [hr_branch.conv_hr4x.2.bias_DequantizeLinear_Output:(ty=1,shape=[64])] DequantizeLinear [hr_branch.conv_hr4x.2.bias_quantized:(ty=3,shape=[64]),onnx::Conv_674_scale:(ty=1,shape=[]),hr_branch.conv_hr4x.2.bias_zero_point:(ty=3,shape=[])]", "device": "NPU"}, {"output": ["/hr_branch/conv_hr4x/conv_hr4x.2/Conv_output_0"], "input": ["/hr_branch/conv_hr4x/conv_hr4x.1/Relu_output_0_DequantizeLinear_Output", "hr_branch.conv_hr4x.2.weight_DequantizeLinear_Output", "hr_branch.conv_hr4x.2.bias_DequantizeLinear_Output"], "opType": "Conv", "comment": "@437 [/hr_branch/conv_hr4x/conv_hr4x.2/Conv_output_0:(ty=1,shape=[1,64,128,128])] Conv [/hr_branch/conv_hr4x/conv_hr4x.1/Relu_output_0_DequantizeLinear_Output:(ty=1,shape=[1,64,128,128]),hr_branch.conv_hr4x.2.weight_DequantizeLinear_Output:(ty=1,shape=[64,64,3,3]),hr_branch.conv_hr4x.2.bias_DequantizeLinear_Output:(ty=1,shape=[64])]", "device": "NPU"}, {"output": ["/hr_branch/conv_hr4x/conv_hr4x.3/Relu_output_0"], "input": ["/hr_branch/conv_hr4x/conv_hr4x.2/Conv_output_0"], "opType": "Relu", "comment": "@438 [/hr_branch/conv_hr4x/conv_hr4x.3/Relu_output_0:(ty=1,shape=[1,64,128,128])] Relu [/hr_branch/conv_hr4x/conv_hr4x.2/Conv_output_0:(ty=1,shape=[1,64,128,128])]", "device": "NPU"}, {"output": ["/hr_branch/conv_hr4x/conv_hr4x.3/Relu_output_0_QuantizeLinear_Output"], "input": ["/hr_branch/conv_hr4x/conv_hr4x.3/Relu_output_0", "/hr_branch/conv_hr4x/conv_hr4x.1/Relu_output_0_scale", "/hr_branch/conv_hr4x/conv_hr4x.3/Relu_output_0_zero_point"], "opType": "QuantizeLinear", "comment": "@439 [/hr_branch/conv_hr4x/conv_hr4x.3/Relu_output_0_QuantizeLinear_Output:(ty=2,shape=[1,64,128,128])] QuantizeLinear [/hr_branch/conv_hr4x/conv_hr4x.3/Relu_output_0:(ty=1,shape=[1,64,128,128]),/hr_branch/conv_hr4x/conv_hr4x.1/Relu_output_0_scale:(ty=1,shape=[]),/hr_branch/conv_hr4x/conv_hr4x.3/Relu_output_0_zero_point:(ty=2,shape=[])]", "device": "NPU"}, {"output": ["/hr_branch/conv_hr4x/conv_hr4x.3/Relu_output_0_DequantizeLinear_Output"], "input": ["/hr_branch/conv_hr4x/conv_hr4x.3/Relu_output_0_QuantizeLinear_Output", "/hr_branch/conv_hr4x/conv_hr4x.1/Relu_output_0_scale", "/hr_branch/conv_hr4x/conv_hr4x.3/Relu_output_0_zero_point"], "opType": "DequantizeLinear", "comment": "@440 [/hr_branch/conv_hr4x/conv_hr4x.3/Relu_output_0_DequantizeLinear_Output:(ty=1,shape=[1,64,128,128])] DequantizeLinear [/hr_branch/conv_hr4x/conv_hr4x.3/Relu_output_0_QuantizeLinear_Output:(ty=2,shape=[1,64,128,128]),/hr_branch/conv_hr4x/conv_hr4x.1/Relu_output_0_scale:(ty=1,shape=[]),/hr_branch/conv_hr4x/conv_hr4x.3/Relu_output_0_zero_point:(ty=2,shape=[])]", "device": "NPU"}, {"output": ["hr_branch.conv_hr4x.4.weight_DequantizeLinear_Output"], "input": ["hr_branch.conv_hr4x.4.weight_quantized", "onnx::Conv_696_scale", "hr_branch.conv_hr4x.4.weight_zero_point"], "opType": "DequantizeLinear", "comment": "@25 [hr_branch.conv_hr4x.4.weight_DequantizeLinear_Output:(ty=1,shape=[32,64,3,3])] DequantizeLinear [hr_branch.conv_hr4x.4.weight_quantized:(ty=3,shape=[32,64,3,3]),onnx::Conv_696_scale:(ty=1,shape=[]),hr_branch.conv_hr4x.4.weight_zero_point:(ty=3,shape=[])]", "device": "NPU"}, {"output": ["hr_branch.conv_hr4x.4.bias_DequantizeLinear_Output"], "input": ["hr_branch.conv_hr4x.4.bias_quantized", "onnx::Conv_683_scale", "hr_branch.conv_hr4x.4.bias_zero_point"], "opType": "DequantizeLinear", "comment": "@24 [hr_branch.conv_hr4x.4.bias_DequantizeLinear_Output:(ty=1,shape=[32])] DequantizeLinear [hr_branch.conv_hr4x.4.bias_quantized:(ty=3,shape=[32]),onnx::Conv_683_scale:(ty=1,shape=[]),hr_branch.conv_hr4x.4.bias_zero_point:(ty=3,shape=[])]", "device": "NPU"}, {"output": ["/hr_branch/conv_hr4x/conv_hr4x.4/Conv_output_0"], "input": ["/hr_branch/conv_hr4x/conv_hr4x.3/Relu_output_0_DequantizeLinear_Output", "hr_branch.conv_hr4x.4.weight_DequantizeLinear_Output", "hr_branch.conv_hr4x.4.bias_DequantizeLinear_Output"], "opType": "Conv", "comment": "@441 [/hr_branch/conv_hr4x/conv_hr4x.4/Conv_output_0:(ty=1,shape=[1,32,128,128])] Conv [/hr_branch/conv_hr4x/conv_hr4x.3/Relu_output_0_DequantizeLinear_Output:(ty=1,shape=[1,64,128,128]),hr_branch.conv_hr4x.4.weight_DequantizeLinear_Output:(ty=1,shape=[32,64,3,3]),hr_branch.conv_hr4x.4.bias_DequantizeLinear_Output:(ty=1,shape=[32])]", "device": "NPU"}, {"output": ["/hr_branch/conv_hr4x/conv_hr4x.5/Relu_output_0"], "input": ["/hr_branch/conv_hr4x/conv_hr4x.4/Conv_output_0"], "opType": "Relu", "comment": "@442 [/hr_branch/conv_hr4x/conv_hr4x.5/Relu_output_0:(ty=1,shape=[1,32,128,128])] Relu [/hr_branch/conv_hr4x/conv_hr4x.4/Conv_output_0:(ty=1,shape=[1,32,128,128])]", "device": "NPU"}, {"output": ["/hr_branch/conv_hr4x/conv_hr4x.5/Relu_output_0_QuantizeLinear_Output"], "input": ["/hr_branch/conv_hr4x/conv_hr4x.5/Relu_output_0", "input_scale", "/hr_branch/conv_hr4x/conv_hr4x.5/Relu_output_0_zero_point"], "opType": "QuantizeLinear", "comment": "@443 [/hr_branch/conv_hr4x/conv_hr4x.5/Relu_output_0_QuantizeLinear_Output:(ty=2,shape=[1,32,128,128])] QuantizeLinear [/hr_branch/conv_hr4x/conv_hr4x.5/Relu_output_0:(ty=1,shape=[1,32,128,128]),input_scale:(ty=1,shape=[]),/hr_branch/conv_hr4x/conv_hr4x.5/Relu_output_0_zero_point:(ty=2,shape=[])]", "device": "NPU"}, {"output": ["/hr_branch/conv_hr4x/conv_hr4x.5/Relu_output_0_DequantizeLinear_Output"], "input": ["/hr_branch/conv_hr4x/conv_hr4x.5/Relu_output_0_QuantizeLinear_Output", "input_scale", "/hr_branch/conv_hr4x/conv_hr4x.5/Relu_output_0_zero_point"], "opType": "DequantizeLinear", "comment": "@444 [/hr_branch/conv_hr4x/conv_hr4x.5/Relu_output_0_DequantizeLinear_Output:(ty=1,shape=[1,32,128,128])] DequantizeLinear [/hr_branch/conv_hr4x/conv_hr4x.5/Relu_output_0_QuantizeLinear_Output:(ty=2,shape=[1,32,128,128]),input_scale:(ty=1,shape=[]),/hr_branch/conv_hr4x/conv_hr4x.5/Relu_output_0_zero_point:(ty=2,shape=[])]", "device": "NPU"}, {"output": ["/hr_branch/Resize_3_output_0"], "input": ["/hr_branch/conv_hr4x/conv_hr4x.5/Relu_output_0_DequantizeLinear_Output", "VAIP_NOT_EXISTS", "/lr_branch/Constant_output_0"], "opType": "Resize", "comment": "@445 [/hr_branch/Resize_3_output_0:(ty=1,shape=[1,32,256,256])] Resize [/hr_branch/conv_hr4x/conv_hr4x.5/Relu_output_0_DequantizeLinear_Output:(ty=1,shape=[1,32,128,128]),N/A,/lr_branch/Constant_output_0:(ty=1,shape=[4])]", "device": "NPU"}, {"output": ["/hr_branch/Resize_3_output_0_QuantizeLinear_Output"], "input": ["/hr_branch/Resize_3_output_0", "input_scale", "/hr_branch/conv_hr4x/conv_hr4x.5/Relu_output_0_zero_point"], "opType": "QuantizeLinear", "comment": "@446 [/hr_branch/Resize_3_output_0_QuantizeLinear_Output:(ty=2,shape=[1,32,256,256])] QuantizeLinear [/hr_branch/Resize_3_output_0:(ty=1,shape=[1,32,256,256]),input_scale:(ty=1,shape=[]),/hr_branch/conv_hr4x/conv_hr4x.5/Relu_output_0_zero_point:(ty=2,shape=[])]", "device": "NPU"}, {"output": ["/hr_branch/Resize_3_output_0_DequantizeLinear_Output"], "input": ["/hr_branch/Resize_3_output_0_QuantizeLinear_Output", "input_scale", "/hr_branch/conv_hr4x/conv_hr4x.5/Relu_output_0_zero_point"], "opType": "DequantizeLinear", "comment": "@447 [/hr_branch/Resize_3_output_0_DequantizeLinear_Output:(ty=1,shape=[1,32,256,256])] DequantizeLinear [/hr_branch/Resize_3_output_0_QuantizeLinear_Output:(ty=2,shape=[1,32,256,256]),input_scale:(ty=1,shape=[]),/hr_branch/conv_hr4x/conv_hr4x.5/Relu_output_0_zero_point:(ty=2,shape=[])]", "device": "NPU"}, {"output": ["/hr_branch/Concat_3_output_0"], "input": ["/hr_branch/Resize_3_output_0_DequantizeLinear_Output", "/hr_branch/tohr_enc2x/tohr_enc2x.1/Relu_output_0_DequantizeLinear_Output/duplicated"], "opType": "Concat", "comment": "@448 [/hr_branch/Concat_3_output_0:(ty=1,shape=[1,64,256,256])] Concat [/hr_branch/Resize_3_output_0_DequantizeLinear_Output:(ty=1,shape=[1,32,256,256]),/hr_branch/tohr_enc2x/tohr_enc2x.1/Relu_output_0_DequantizeLinear_Output/duplicated:(ty=1,shape=[1,32,256,256])]", "device": "NPU"}, {"output": ["/hr_branch/Concat_3_output_0_QuantizeLinear_Output"], "input": ["/hr_branch/Concat_3_output_0", "input_scale", "/hr_branch/Concat_3_output_0_zero_point"], "opType": "QuantizeLinear", "comment": "@449 [/hr_branch/Concat_3_output_0_QuantizeLinear_Output:(ty=2,shape=[1,64,256,256])] QuantizeLinear [/hr_branch/Concat_3_output_0:(ty=1,shape=[1,64,256,256]),input_scale:(ty=1,shape=[]),/hr_branch/Concat_3_output_0_zero_point:(ty=2,shape=[])]", "device": "NPU"}, {"output": ["/hr_branch/Concat_3_output_0_DequantizeLinear_Output"], "input": ["/hr_branch/Concat_3_output_0_QuantizeLinear_Output", "input_scale", "/hr_branch/Concat_3_output_0_zero_point"], "opType": "DequantizeLinear", "comment": "@450 [/hr_branch/Concat_3_output_0_DequantizeLinear_Output:(ty=1,shape=[1,64,256,256])] DequantizeLinear [/hr_branch/Concat_3_output_0_QuantizeLinear_Output:(ty=2,shape=[1,64,256,256]),input_scale:(ty=1,shape=[]),/hr_branch/Concat_3_output_0_zero_point:(ty=2,shape=[])]", "device": "NPU"}, {"output": ["hr_branch.conv_hr2x.0.weight_DequantizeLinear_Output"], "input": ["hr_branch.conv_hr2x.0.weight_quantized", "onnx::Conv_696_scale", "hr_branch.conv_hr2x.0.weight_zero_point"], "opType": "DequantizeLinear", "comment": "@13 [hr_branch.conv_hr2x.0.weight_DequantizeLinear_Output:(ty=1,shape=[64,64,3,3])] DequantizeLinear [hr_branch.conv_hr2x.0.weight_quantized:(ty=3,shape=[64,64,3,3]),onnx::Conv_696_scale:(ty=1,shape=[]),hr_branch.conv_hr2x.0.weight_zero_point:(ty=3,shape=[])]", "device": "NPU"}, {"output": ["hr_branch.conv_hr2x.0.bias_DequantizeLinear_Output"], "input": ["hr_branch.conv_hr2x.0.bias_quantized", "onnx::Conv_674_scale", "hr_branch.conv_hr2x.0.bias_zero_point"], "opType": "DequantizeLinear", "comment": "@12 [hr_branch.conv_hr2x.0.bias_DequantizeLinear_Output:(ty=1,shape=[64])] DequantizeLinear [hr_branch.conv_hr2x.0.bias_quantized:(ty=3,shape=[64]),onnx::Conv_674_scale:(ty=1,shape=[]),hr_branch.conv_hr2x.0.bias_zero_point:(ty=3,shape=[])]", "device": "NPU"}, {"output": ["/hr_branch/conv_hr2x/conv_hr2x.0/Conv_output_0"], "input": ["/hr_branch/Concat_3_output_0_DequantizeLinear_Output", "hr_branch.conv_hr2x.0.weight_DequantizeLinear_Output", "hr_branch.conv_hr2x.0.bias_DequantizeLinear_Output"], "opType": "Conv", "comment": "@451 [/hr_branch/conv_hr2x/conv_hr2x.0/Conv_output_0:(ty=1,shape=[1,64,256,256])] Conv [/hr_branch/Concat_3_output_0_DequantizeLinear_Output:(ty=1,shape=[1,64,256,256]),hr_branch.conv_hr2x.0.weight_DequantizeLinear_Output:(ty=1,shape=[64,64,3,3]),hr_branch.conv_hr2x.0.bias_DequantizeLinear_Output:(ty=1,shape=[64])]", "device": "NPU"}, {"output": ["/hr_branch/conv_hr2x/conv_hr2x.1/Relu_output_0"], "input": ["/hr_branch/conv_hr2x/conv_hr2x.0/Conv_output_0"], "opType": "Relu", "comment": "@452 [/hr_branch/conv_hr2x/conv_hr2x.1/Relu_output_0:(ty=1,shape=[1,64,256,256])] Relu [/hr_branch/conv_hr2x/conv_hr2x.0/Conv_output_0:(ty=1,shape=[1,64,256,256])]", "device": "NPU"}, {"output": ["/hr_branch/conv_hr2x/conv_hr2x.1/Relu_output_0_QuantizeLinear_Output"], "input": ["/hr_branch/conv_hr2x/conv_hr2x.1/Relu_output_0", "input_scale", "/hr_branch/conv_hr2x/conv_hr2x.1/Relu_output_0_zero_point"], "opType": "QuantizeLinear", "comment": "@453 [/hr_branch/conv_hr2x/conv_hr2x.1/Relu_output_0_QuantizeLinear_Output:(ty=2,shape=[1,64,256,256])] QuantizeLinear [/hr_branch/conv_hr2x/conv_hr2x.1/Relu_output_0:(ty=1,shape=[1,64,256,256]),input_scale:(ty=1,shape=[]),/hr_branch/conv_hr2x/conv_hr2x.1/Relu_output_0_zero_point:(ty=2,shape=[])]", "device": "NPU"}, {"output": ["/hr_branch/conv_hr2x/conv_hr2x.1/Relu_output_0_DequantizeLinear_Output"], "input": ["/hr_branch/conv_hr2x/conv_hr2x.1/Relu_output_0_QuantizeLinear_Output", "input_scale", "/hr_branch/conv_hr2x/conv_hr2x.1/Relu_output_0_zero_point"], "opType": "DequantizeLinear", "comment": "@454 [/hr_branch/conv_hr2x/conv_hr2x.1/Relu_output_0_DequantizeLinear_Output:(ty=1,shape=[1,64,256,256])] DequantizeLinear [/hr_branch/conv_hr2x/conv_hr2x.1/Relu_output_0_QuantizeLinear_Output:(ty=2,shape=[1,64,256,256]),input_scale:(ty=1,shape=[]),/hr_branch/conv_hr2x/conv_hr2x.1/Relu_output_0_zero_point:(ty=2,shape=[])]", "device": "NPU"}, {"output": ["hr_branch.conv_hr2x.2.weight_DequantizeLinear_Output"], "input": ["hr_branch.conv_hr2x.2.weight_quantized", "onnx::Conv_696_scale", "hr_branch.conv_hr2x.2.weight_zero_point"], "opType": "DequantizeLinear", "comment": "@15 [hr_branch.conv_hr2x.2.weight_DequantizeLinear_Output:(ty=1,shape=[32,64,3,3])] DequantizeLinear [hr_branch.conv_hr2x.2.weight_quantized:(ty=3,shape=[32,64,3,3]),onnx::Conv_696_scale:(ty=1,shape=[]),hr_branch.conv_hr2x.2.weight_zero_point:(ty=3,shape=[])]", "device": "NPU"}, {"output": ["hr_branch.conv_hr2x.2.bias_DequantizeLinear_Output"], "input": ["hr_branch.conv_hr2x.2.bias_quantized", "onnx::Conv_674_scale", "hr_branch.conv_hr2x.2.bias_zero_point"], "opType": "DequantizeLinear", "comment": "@14 [hr_branch.conv_hr2x.2.bias_DequantizeLinear_Output:(ty=1,shape=[32])] DequantizeLinear [hr_branch.conv_hr2x.2.bias_quantized:(ty=3,shape=[32]),onnx::Conv_674_scale:(ty=1,shape=[]),hr_branch.conv_hr2x.2.bias_zero_point:(ty=3,shape=[])]", "device": "NPU"}, {"output": ["/hr_branch/conv_hr2x/conv_hr2x.2/Conv_output_0"], "input": ["/hr_branch/conv_hr2x/conv_hr2x.1/Relu_output_0_DequantizeLinear_Output", "hr_branch.conv_hr2x.2.weight_DequantizeLinear_Output", "hr_branch.conv_hr2x.2.bias_DequantizeLinear_Output"], "opType": "Conv", "comment": "@455 [/hr_branch/conv_hr2x/conv_hr2x.2/Conv_output_0:(ty=1,shape=[1,32,256,256])] Conv [/hr_branch/conv_hr2x/conv_hr2x.1/Relu_output_0_DequantizeLinear_Output:(ty=1,shape=[1,64,256,256]),hr_branch.conv_hr2x.2.weight_DequantizeLinear_Output:(ty=1,shape=[32,64,3,3]),hr_branch.conv_hr2x.2.bias_DequantizeLinear_Output:(ty=1,shape=[32])]", "device": "NPU"}, {"output": ["/hr_branch/conv_hr2x/conv_hr2x.3/Relu_output_0"], "input": ["/hr_branch/conv_hr2x/conv_hr2x.2/Conv_output_0"], "opType": "Relu", "comment": "@456 [/hr_branch/conv_hr2x/conv_hr2x.3/Relu_output_0:(ty=1,shape=[1,32,256,256])] Relu [/hr_branch/conv_hr2x/conv_hr2x.2/Conv_output_0:(ty=1,shape=[1,32,256,256])]", "device": "NPU"}, {"output": ["/hr_branch/conv_hr2x/conv_hr2x.3/Relu_output_0_QuantizeLinear_Output"], "input": ["/hr_branch/conv_hr2x/conv_hr2x.3/Relu_output_0", "input_scale", "/hr_branch/conv_hr2x/conv_hr2x.3/Relu_output_0_zero_point"], "opType": "QuantizeLinear", "comment": "@457 [/hr_branch/conv_hr2x/conv_hr2x.3/Relu_output_0_QuantizeLinear_Output:(ty=2,shape=[1,32,256,256])] QuantizeLinear [/hr_branch/conv_hr2x/conv_hr2x.3/Relu_output_0:(ty=1,shape=[1,32,256,256]),input_scale:(ty=1,shape=[]),/hr_branch/conv_hr2x/conv_hr2x.3/Relu_output_0_zero_point:(ty=2,shape=[])]", "device": "NPU"}, {"output": ["/hr_branch/conv_hr2x/conv_hr2x.3/Relu_output_0_DequantizeLinear_Output"], "input": ["/hr_branch/conv_hr2x/conv_hr2x.3/Relu_output_0_QuantizeLinear_Output", "input_scale", "/hr_branch/conv_hr2x/conv_hr2x.3/Relu_output_0_zero_point"], "opType": "DequantizeLinear", "comment": "@458 [/hr_branch/conv_hr2x/conv_hr2x.3/Relu_output_0_DequantizeLinear_Output:(ty=1,shape=[1,32,256,256])] DequantizeLinear [/hr_branch/conv_hr2x/conv_hr2x.3/Relu_output_0_QuantizeLinear_Output:(ty=2,shape=[1,32,256,256]),input_scale:(ty=1,shape=[]),/hr_branch/conv_hr2x/conv_hr2x.3/Relu_output_0_zero_point:(ty=2,shape=[])]", "device": "NPU"}, {"output": ["hr_branch.conv_hr2x.4.weight_DequantizeLinear_Output"], "input": ["hr_branch.conv_hr2x.4.weight_quantized", "onnx::Conv_696_scale", "hr_branch.conv_hr2x.4.weight_zero_point"], "opType": "DequantizeLinear", "comment": "@17 [hr_branch.conv_hr2x.4.weight_DequantizeLinear_Output:(ty=1,shape=[32,32,3,3])] DequantizeLinear [hr_branch.conv_hr2x.4.weight_quantized:(ty=3,shape=[32,32,3,3]),onnx::Conv_696_scale:(ty=1,shape=[]),hr_branch.conv_hr2x.4.weight_zero_point:(ty=3,shape=[])]", "device": "NPU"}, {"output": ["hr_branch.conv_hr2x.4.bias_DequantizeLinear_Output"], "input": ["hr_branch.conv_hr2x.4.bias_quantized", "onnx::Conv_674_scale", "hr_branch.conv_hr2x.4.bias_zero_point"], "opType": "DequantizeLinear", "comment": "@16 [hr_branch.conv_hr2x.4.bias_DequantizeLinear_Output:(ty=1,shape=[32])] DequantizeLinear [hr_branch.conv_hr2x.4.bias_quantized:(ty=3,shape=[32]),onnx::Conv_674_scale:(ty=1,shape=[]),hr_branch.conv_hr2x.4.bias_zero_point:(ty=3,shape=[])]", "device": "NPU"}, {"output": ["/hr_branch/conv_hr2x/conv_hr2x.4/Conv_output_0"], "input": ["/hr_branch/conv_hr2x/conv_hr2x.3/Relu_output_0_DequantizeLinear_Output", "hr_branch.conv_hr2x.4.weight_DequantizeLinear_Output", "hr_branch.conv_hr2x.4.bias_DequantizeLinear_Output"], "opType": "Conv", "comment": "@459 [/hr_branch/conv_hr2x/conv_hr2x.4/Conv_output_0:(ty=1,shape=[1,32,256,256])] Conv [/hr_branch/conv_hr2x/conv_hr2x.3/Relu_output_0_DequantizeLinear_Output:(ty=1,shape=[1,32,256,256]),hr_branch.conv_hr2x.4.weight_DequantizeLinear_Output:(ty=1,shape=[32,32,3,3]),hr_branch.conv_hr2x.4.bias_DequantizeLinear_Output:(ty=1,shape=[32])]", "device": "NPU"}, {"output": ["/hr_branch/conv_hr2x/conv_hr2x.5/Relu_output_0"], "input": ["/hr_branch/conv_hr2x/conv_hr2x.4/Conv_output_0"], "opType": "Relu", "comment": "@460 [/hr_branch/conv_hr2x/conv_hr2x.5/Relu_output_0:(ty=1,shape=[1,32,256,256])] Relu [/hr_branch/conv_hr2x/conv_hr2x.4/Conv_output_0:(ty=1,shape=[1,32,256,256])]", "device": "NPU"}, {"output": ["/hr_branch/conv_hr2x/conv_hr2x.5/Relu_output_0_QuantizeLinear_Output"], "input": ["/hr_branch/conv_hr2x/conv_hr2x.5/Relu_output_0", "input_scale", "/hr_branch/conv_hr2x/conv_hr2x.5/Relu_output_0_zero_point"], "opType": "QuantizeLinear", "comment": "@461 [/hr_branch/conv_hr2x/conv_hr2x.5/Relu_output_0_QuantizeLinear_Output:(ty=2,shape=[1,32,256,256])] QuantizeLinear [/hr_branch/conv_hr2x/conv_hr2x.5/Relu_output_0:(ty=1,shape=[1,32,256,256]),input_scale:(ty=1,shape=[]),/hr_branch/conv_hr2x/conv_hr2x.5/Relu_output_0_zero_point:(ty=2,shape=[])]", "device": "NPU"}, {"output": ["/hr_branch/conv_hr2x/conv_hr2x.5/Relu_output_0_DequantizeLinear_Output"], "input": ["/hr_branch/conv_hr2x/conv_hr2x.5/Relu_output_0_QuantizeLinear_Output", "input_scale", "/hr_branch/conv_hr2x/conv_hr2x.5/Relu_output_0_zero_point"], "opType": "DequantizeLinear", "comment": "@462 [/hr_branch/conv_hr2x/conv_hr2x.5/Relu_output_0_DequantizeLinear_Output:(ty=1,shape=[1,32,256,256])] DequantizeLinear [/hr_branch/conv_hr2x/conv_hr2x.5/Relu_output_0_QuantizeLinear_Output:(ty=2,shape=[1,32,256,256]),input_scale:(ty=1,shape=[]),/hr_branch/conv_hr2x/conv_hr2x.5/Relu_output_0_zero_point:(ty=2,shape=[])]", "device": "NPU"}, {"output": ["hr_branch.conv_hr2x.6.weight_DequantizeLinear_Output"], "input": ["hr_branch.conv_hr2x.6.weight_quantized", "onnx::Conv_696_scale", "hr_branch.conv_hr2x.6.weight_zero_point"], "opType": "DequantizeLinear", "comment": "@19 [hr_branch.conv_hr2x.6.weight_DequantizeLinear_Output:(ty=1,shape=[32,32,3,3])] DequantizeLinear [hr_branch.conv_hr2x.6.weight_quantized:(ty=3,shape=[32,32,3,3]),onnx::Conv_696_scale:(ty=1,shape=[]),hr_branch.conv_hr2x.6.weight_zero_point:(ty=3,shape=[])]", "device": "NPU"}, {"output": ["hr_branch.conv_hr2x.6.bias_DequantizeLinear_Output"], "input": ["hr_branch.conv_hr2x.6.bias_quantized", "onnx::Conv_674_scale", "hr_branch.conv_hr2x.6.bias_zero_point"], "opType": "DequantizeLinear", "comment": "@18 [hr_branch.conv_hr2x.6.bias_DequantizeLinear_Output:(ty=1,shape=[32])] DequantizeLinear [hr_branch.conv_hr2x.6.bias_quantized:(ty=3,shape=[32]),onnx::Conv_674_scale:(ty=1,shape=[]),hr_branch.conv_hr2x.6.bias_zero_point:(ty=3,shape=[])]", "device": "NPU"}, {"output": ["/hr_branch/conv_hr2x/conv_hr2x.6/Conv_output_0"], "input": ["/hr_branch/conv_hr2x/conv_hr2x.5/Relu_output_0_DequantizeLinear_Output", "hr_branch.conv_hr2x.6.weight_DequantizeLinear_Output", "hr_branch.conv_hr2x.6.bias_DequantizeLinear_Output"], "opType": "Conv", "comment": "@463 [/hr_branch/conv_hr2x/conv_hr2x.6/Conv_output_0:(ty=1,shape=[1,32,256,256])] Conv [/hr_branch/conv_hr2x/conv_hr2x.5/Relu_output_0_DequantizeLinear_Output:(ty=1,shape=[1,32,256,256]),hr_branch.conv_hr2x.6.weight_DequantizeLinear_Output:(ty=1,shape=[32,32,3,3]),hr_branch.conv_hr2x.6.bias_DequantizeLinear_Output:(ty=1,shape=[32])]", "device": "NPU"}, {"output": ["/hr_branch/conv_hr2x/conv_hr2x.7/Relu_output_0"], "input": ["/hr_branch/conv_hr2x/conv_hr2x.6/Conv_output_0"], "opType": "Relu", "comment": "@464 [/hr_branch/conv_hr2x/conv_hr2x.7/Relu_output_0:(ty=1,shape=[1,32,256,256])] Relu [/hr_branch/conv_hr2x/conv_hr2x.6/Conv_output_0:(ty=1,shape=[1,32,256,256])]", "device": "NPU"}, {"output": ["/hr_branch/conv_hr2x/conv_hr2x.7/Relu_output_0_QuantizeLinear_Output"], "input": ["/hr_branch/conv_hr2x/conv_hr2x.7/Relu_output_0", "/hr_branch/conv_hr2x/conv_hr2x.7/Relu_output_0_scale", "/hr_branch/conv_hr2x/conv_hr2x.7/Relu_output_0_zero_point"], "opType": "QuantizeLinear", "comment": "@465 [/hr_branch/conv_hr2x/conv_hr2x.7/Relu_output_0_QuantizeLinear_Output:(ty=2,shape=[1,32,256,256])] QuantizeLinear [/hr_branch/conv_hr2x/conv_hr2x.7/Relu_output_0:(ty=1,shape=[1,32,256,256]),/hr_branch/conv_hr2x/conv_hr2x.7/Relu_output_0_scale:(ty=1,shape=[]),/hr_branch/conv_hr2x/conv_hr2x.7/Relu_output_0_zero_point:(ty=2,shape=[])]", "device": "NPU"}, {"output": ["/hr_branch/conv_hr2x/conv_hr2x.7/Relu_output_0_DequantizeLinear_Output"], "input": ["/hr_branch/conv_hr2x/conv_hr2x.7/Relu_output_0_QuantizeLinear_Output", "/hr_branch/conv_hr2x/conv_hr2x.7/Relu_output_0_scale", "/hr_branch/conv_hr2x/conv_hr2x.7/Relu_output_0_zero_point"], "opType": "DequantizeLinear", "comment": "@466 [/hr_branch/conv_hr2x/conv_hr2x.7/Relu_output_0_DequantizeLinear_Output:(ty=1,shape=[1,32,256,256])] DequantizeLinear [/hr_branch/conv_hr2x/conv_hr2x.7/Relu_output_0_QuantizeLinear_Output:(ty=2,shape=[1,32,256,256]),/hr_branch/conv_hr2x/conv_hr2x.7/Relu_output_0_scale:(ty=1,shape=[]),/hr_branch/conv_hr2x/conv_hr2x.7/Relu_output_0_zero_point:(ty=2,shape=[])]", "device": "NPU"}, {"output": ["/hr_branch/Resize_2_output_0_DequantizeLinear_Output/duplicated"], "input": ["/hr_branch/Resize_2_output_0_QuantizeLinear_Output", "/lr_branch/backbone/features.2/conv/conv.5/Clip_output_0_scale", "/lr_branch/conv_lr8x/conv_lr8x.1/Relu_output_0_zero_point"], "opType": "DequantizeLinear", "comment": "@506 [/hr_branch/Resize_2_output_0_DequantizeLinear_Output/duplicated:(ty=1,shape=[1,32,128,128])] DequantizeLinear [/hr_branch/Resize_2_output_0_QuantizeLinear_Output:(ty=2,shape=[1,32,128,128]),/lr_branch/backbone/features.2/conv/conv.5/Clip_output_0_scale:(ty=1,shape=[]),/lr_branch/conv_lr8x/conv_lr8x.1/Relu_output_0_zero_point:(ty=2,shape=[])]", "device": "NPU"}, {"output": ["f_branch.conv_lr4x.0.weight_DequantizeLinear_Output"], "input": ["f_branch.conv_lr4x.0.weight_quantized", "onnx::Conv_722_scale", "f_branch.conv_lr4x.0.weight_zero_point"], "opType": "DequantizeLinear", "comment": "@7 [f_branch.conv_lr4x.0.weight_DequantizeLinear_Output:(ty=1,shape=[32,32,5,5])] DequantizeLinear [f_branch.conv_lr4x.0.weight_quantized:(ty=3,shape=[32,32,5,5]),onnx::Conv_722_scale:(ty=1,shape=[]),f_branch.conv_lr4x.0.weight_zero_point:(ty=3,shape=[])]", "device": "NPU"}, {"output": ["f_branch.conv_lr4x.0.bias_DequantizeLinear_Output"], "input": ["f_branch.conv_lr4x.0.bias_quantized", "onnx::Conv_683_scale", "f_branch.conv_lr4x.0.bias_zero_point"], "opType": "DequantizeLinear", "comment": "@6 [f_branch.conv_lr4x.0.bias_DequantizeLinear_Output:(ty=1,shape=[32])] DequantizeLinear [f_branch.conv_lr4x.0.bias_quantized:(ty=3,shape=[32]),onnx::Conv_683_scale:(ty=1,shape=[]),f_branch.conv_lr4x.0.bias_zero_point:(ty=3,shape=[])]", "device": "NPU"}, {"output": ["/f_branch/conv_lr4x/conv_lr4x.0/Conv_output_0"], "input": ["/hr_branch/Resize_2_output_0_DequantizeLinear_Output/duplicated", "f_branch.conv_lr4x.0.weight_DequantizeLinear_Output", "f_branch.conv_lr4x.0.bias_DequantizeLinear_Output"], "opType": "Conv", "comment": "@424 [/f_branch/conv_lr4x/conv_lr4x.0/Conv_output_0:(ty=1,shape=[1,32,128,128])] Conv [/hr_branch/Resize_2_output_0_DequantizeLinear_Output/duplicated:(ty=1,shape=[1,32,128,128]),f_branch.conv_lr4x.0.weight_DequantizeLinear_Output:(ty=1,shape=[32,32,5,5]),f_branch.conv_lr4x.0.bias_DequantizeLinear_Output:(ty=1,shape=[32])]", "device": "NPU"}, {"output": ["/f_branch/conv_lr4x/conv_lr4x.1/Relu_output_0"], "input": ["/f_branch/conv_lr4x/conv_lr4x.0/Conv_output_0"], "opType": "Relu", "comment": "@426 [/f_branch/conv_lr4x/conv_lr4x.1/Relu_output_0:(ty=1,shape=[1,32,128,128])] Relu [/f_branch/conv_lr4x/conv_lr4x.0/Conv_output_0:(ty=1,shape=[1,32,128,128])]", "device": "NPU"}, {"output": ["/f_branch/conv_lr4x/conv_lr4x.1/Relu_output_0_QuantizeLinear_Output"], "input": ["/f_branch/conv_lr4x/conv_lr4x.1/Relu_output_0", "/hr_branch/conv_hr2x/conv_hr2x.7/Relu_output_0_scale", "/f_branch/conv_lr4x/conv_lr4x.1/Relu_output_0_zero_point"], "opType": "QuantizeLinear", "comment": "@428 [/f_branch/conv_lr4x/conv_lr4x.1/Relu_output_0_QuantizeLinear_Output:(ty=2,shape=[1,32,128,128])] QuantizeLinear [/f_branch/conv_lr4x/conv_lr4x.1/Relu_output_0:(ty=1,shape=[1,32,128,128]),/hr_branch/conv_hr2x/conv_hr2x.7/Relu_output_0_scale:(ty=1,shape=[]),/f_branch/conv_lr4x/conv_lr4x.1/Relu_output_0_zero_point:(ty=2,shape=[])]", "device": "NPU"}, {"output": ["/f_branch/conv_lr4x/conv_lr4x.1/Relu_output_0_DequantizeLinear_Output"], "input": ["/f_branch/conv_lr4x/conv_lr4x.1/Relu_output_0_QuantizeLinear_Output", "/hr_branch/conv_hr2x/conv_hr2x.7/Relu_output_0_scale", "/f_branch/conv_lr4x/conv_lr4x.1/Relu_output_0_zero_point"], "opType": "DequantizeLinear", "comment": "@430 [/f_branch/conv_lr4x/conv_lr4x.1/Relu_output_0_DequantizeLinear_Output:(ty=1,shape=[1,32,128,128])] DequantizeLinear [/f_branch/conv_lr4x/conv_lr4x.1/Relu_output_0_QuantizeLinear_Output:(ty=2,shape=[1,32,128,128]),/hr_branch/conv_hr2x/conv_hr2x.7/Relu_output_0_scale:(ty=1,shape=[]),/f_branch/conv_lr4x/conv_lr4x.1/Relu_output_0_zero_point:(ty=2,shape=[])]", "device": "NPU"}, {"output": ["/f_branch/Resize_1_output_0"], "input": ["/f_branch/conv_lr4x/conv_lr4x.1/Relu_output_0_DequantizeLinear_Output", "VAIP_NOT_EXISTS", "/lr_branch/Constant_output_0"], "opType": "Resize", "comment": "@432 [/f_branch/Resize_1_output_0:(ty=1,shape=[1,32,256,256])] Resize [/f_branch/conv_lr4x/conv_lr4x.1/Relu_output_0_DequantizeLinear_Output:(ty=1,shape=[1,32,128,128]),N/A,/lr_branch/Constant_output_0:(ty=1,shape=[4])]", "device": "NPU"}, {"output": ["/f_branch/Resize_1_output_0_QuantizeLinear_Output"], "input": ["/f_branch/Resize_1_output_0", "/hr_branch/conv_hr2x/conv_hr2x.7/Relu_output_0_scale", "/f_branch/conv_lr4x/conv_lr4x.1/Relu_output_0_zero_point"], "opType": "QuantizeLinear", "comment": "@434 [/f_branch/Resize_1_output_0_QuantizeLinear_Output:(ty=2,shape=[1,32,256,256])] QuantizeLinear [/f_branch/Resize_1_output_0:(ty=1,shape=[1,32,256,256]),/hr_branch/conv_hr2x/conv_hr2x.7/Relu_output_0_scale:(ty=1,shape=[]),/f_branch/conv_lr4x/conv_lr4x.1/Relu_output_0_zero_point:(ty=2,shape=[])]", "device": "NPU"}, {"output": ["/f_branch/Resize_1_output_0_DequantizeLinear_Output"], "input": ["/f_branch/Resize_1_output_0_QuantizeLinear_Output", "/hr_branch/conv_hr2x/conv_hr2x.7/Relu_output_0_scale", "/f_branch/conv_lr4x/conv_lr4x.1/Relu_output_0_zero_point"], "opType": "DequantizeLinear", "comment": "@436 [/f_branch/Resize_1_output_0_DequantizeLinear_Output:(ty=1,shape=[1,32,256,256])] DequantizeLinear [/f_branch/Resize_1_output_0_QuantizeLinear_Output:(ty=2,shape=[1,32,256,256]),/hr_branch/conv_hr2x/conv_hr2x.7/Relu_output_0_scale:(ty=1,shape=[]),/f_branch/conv_lr4x/conv_lr4x.1/Relu_output_0_zero_point:(ty=2,shape=[])]", "device": "NPU"}, {"output": ["/f_branch/Concat_output_0"], "input": ["/f_branch/Resize_1_output_0_DequantizeLinear_Output", "/hr_branch/conv_hr2x/conv_hr2x.7/Relu_output_0_DequantizeLinear_Output"], "opType": "Concat", "comment": "@467 [/f_branch/Concat_output_0:(ty=1,shape=[1,64,256,256])] Concat [/f_branch/Resize_1_output_0_DequantizeLinear_Output:(ty=1,shape=[1,32,256,256]),/hr_branch/conv_hr2x/conv_hr2x.7/Relu_output_0_DequantizeLinear_Output:(ty=1,shape=[1,32,256,256])]", "device": "NPU"}, {"output": ["/f_branch/Concat_output_0_QuantizeLinear_Output"], "input": ["/f_branch/Concat_output_0", "/hr_branch/conv_hr2x/conv_hr2x.7/Relu_output_0_scale", "/f_branch/Concat_output_0_zero_point"], "opType": "QuantizeLinear", "comment": "@468 [/f_branch/Concat_output_0_QuantizeLinear_Output:(ty=2,shape=[1,64,256,256])] QuantizeLinear [/f_branch/Concat_output_0:(ty=1,shape=[1,64,256,256]),/hr_branch/conv_hr2x/conv_hr2x.7/Relu_output_0_scale:(ty=1,shape=[]),/f_branch/Concat_output_0_zero_point:(ty=2,shape=[])]", "device": "NPU"}, {"output": ["/f_branch/Concat_output_0_DequantizeLinear_Output"], "input": ["/f_branch/Concat_output_0_QuantizeLinear_Output", "/hr_branch/conv_hr2x/conv_hr2x.7/Relu_output_0_scale", "/f_branch/Concat_output_0_zero_point"], "opType": "DequantizeLinear", "comment": "@469 [/f_branch/Concat_output_0_DequantizeLinear_Output:(ty=1,shape=[1,64,256,256])] DequantizeLinear [/f_branch/Concat_output_0_QuantizeLinear_Output:(ty=2,shape=[1,64,256,256]),/hr_branch/conv_hr2x/conv_hr2x.7/Relu_output_0_scale:(ty=1,shape=[]),/f_branch/Concat_output_0_zero_point:(ty=2,shape=[])]", "device": "NPU"}, {"output": ["f_branch.conv_f2x.0.weight_DequantizeLinear_Output"], "input": ["f_branch.conv_f2x.0.weight_quantized", "onnx::Conv_758_scale", "f_branch.conv_f2x.0.weight_zero_point"], "opType": "DequantizeLinear", "comment": "@5 [f_branch.conv_f2x.0.weight_DequantizeLinear_Output:(ty=1,shape=[32,64,3,3])] DequantizeLinear [f_branch.conv_f2x.0.weight_quantized:(ty=3,shape=[32,64,3,3]),onnx::Conv_758_scale:(ty=1,shape=[]),f_branch.conv_f2x.0.weight_zero_point:(ty=3,shape=[])]", "device": "NPU"}, {"output": ["f_branch.conv_f2x.0.bias_DequantizeLinear_Output"], "input": ["f_branch.conv_f2x.0.bias_quantized", "onnx::Conv_674_scale", "f_branch.conv_f2x.0.bias_zero_point"], "opType": "DequantizeLinear", "comment": "@4 [f_branch.conv_f2x.0.bias_DequantizeLinear_Output:(ty=1,shape=[32])] DequantizeLinear [f_branch.conv_f2x.0.bias_quantized:(ty=3,shape=[32]),onnx::Conv_674_scale:(ty=1,shape=[]),f_branch.conv_f2x.0.bias_zero_point:(ty=3,shape=[])]", "device": "NPU"}, {"output": ["/f_branch/conv_f2x/conv_f2x.0/Conv_output_0"], "input": ["/f_branch/Concat_output_0_DequantizeLinear_Output", "f_branch.conv_f2x.0.weight_DequantizeLinear_Output", "f_branch.conv_f2x.0.bias_DequantizeLinear_Output"], "opType": "Conv", "comment": "@470 [/f_branch/conv_f2x/conv_f2x.0/Conv_output_0:(ty=1,shape=[1,32,256,256])] Conv [/f_branch/Concat_output_0_DequantizeLinear_Output:(ty=1,shape=[1,64,256,256]),f_branch.conv_f2x.0.weight_DequantizeLinear_Output:(ty=1,shape=[32,64,3,3]),f_branch.conv_f2x.0.bias_DequantizeLinear_Output:(ty=1,shape=[32])]", "device": "NPU"}, {"output": ["/f_branch/conv_f2x/conv_f2x.1/Relu_output_0"], "input": ["/f_branch/conv_f2x/conv_f2x.0/Conv_output_0"], "opType": "Relu", "comment": "@471 [/f_branch/conv_f2x/conv_f2x.1/Relu_output_0:(ty=1,shape=[1,32,256,256])] Relu [/f_branch/conv_f2x/conv_f2x.0/Conv_output_0:(ty=1,shape=[1,32,256,256])]", "device": "NPU"}, {"output": ["/f_branch/conv_f2x/conv_f2x.1/Relu_output_0_QuantizeLinear_Output"], "input": ["/f_branch/conv_f2x/conv_f2x.1/Relu_output_0", "input_scale", "/f_branch/conv_f2x/conv_f2x.1/Relu_output_0_zero_point"], "opType": "QuantizeLinear", "comment": "@472 [/f_branch/conv_f2x/conv_f2x.1/Relu_output_0_QuantizeLinear_Output:(ty=2,shape=[1,32,256,256])] QuantizeLinear [/f_branch/conv_f2x/conv_f2x.1/Relu_output_0:(ty=1,shape=[1,32,256,256]),input_scale:(ty=1,shape=[]),/f_branch/conv_f2x/conv_f2x.1/Relu_output_0_zero_point:(ty=2,shape=[])]", "device": "NPU"}, {"output": ["/f_branch/conv_f2x/conv_f2x.1/Relu_output_0_DequantizeLinear_Output"], "input": ["/f_branch/conv_f2x/conv_f2x.1/Relu_output_0_QuantizeLinear_Output", "input_scale", "/f_branch/conv_f2x/conv_f2x.1/Relu_output_0_zero_point"], "opType": "DequantizeLinear", "comment": "@473 [/f_branch/conv_f2x/conv_f2x.1/Relu_output_0_DequantizeLinear_Output:(ty=1,shape=[1,32,256,256])] DequantizeLinear [/f_branch/conv_f2x/conv_f2x.1/Relu_output_0_QuantizeLinear_Output:(ty=2,shape=[1,32,256,256]),input_scale:(ty=1,shape=[]),/f_branch/conv_f2x/conv_f2x.1/Relu_output_0_zero_point:(ty=2,shape=[])]", "device": "NPU"}, {"output": ["/f_branch/Resize_2_output_0"], "input": ["/f_branch/conv_f2x/conv_f2x.1/Relu_output_0_DequantizeLinear_Output", "VAIP_NOT_EXISTS", "/lr_branch/Constant_output_0"], "opType": "Resize", "comment": "@474 [/f_branch/Resize_2_output_0:(ty=1,shape=[1,32,512,512])] Resize [/f_branch/conv_f2x/conv_f2x.1/Relu_output_0_DequantizeLinear_Output:(ty=1,shape=[1,32,256,256]),N/A,/lr_branch/Constant_output_0:(ty=1,shape=[4])]", "device": "NPU"}, {"output": ["/f_branch/Resize_2_output_0_QuantizeLinear_Output"], "input": ["/f_branch/Resize_2_output_0", "input_scale", "/f_branch/conv_f2x/conv_f2x.1/Relu_output_0_zero_point"], "opType": "QuantizeLinear", "comment": "@475 [/f_branch/Resize_2_output_0_QuantizeLinear_Output:(ty=2,shape=[1,32,512,512])] QuantizeLinear [/f_branch/Resize_2_output_0:(ty=1,shape=[1,32,512,512]),input_scale:(ty=1,shape=[]),/f_branch/conv_f2x/conv_f2x.1/Relu_output_0_zero_point:(ty=2,shape=[])]", "device": "NPU"}, {"output": ["/f_branch/Resize_2_output_0_DequantizeLinear_Output"], "input": ["/f_branch/Resize_2_output_0_QuantizeLinear_Output", "input_scale", "/f_branch/conv_f2x/conv_f2x.1/Relu_output_0_zero_point"], "opType": "DequantizeLinear", "comment": "@476 [/f_branch/Resize_2_output_0_DequantizeLinear_Output:(ty=1,shape=[1,32,512,512])] DequantizeLinear [/f_branch/Resize_2_output_0_QuantizeLinear_Output:(ty=2,shape=[1,32,512,512]),input_scale:(ty=1,shape=[]),/f_branch/conv_f2x/conv_f2x.1/Relu_output_0_zero_point:(ty=2,shape=[])]", "device": "NPU"}, {"output": ["/f_branch/Concat_1_output_0"], "input": ["/f_branch/Resize_2_output_0_DequantizeLinear_Output", "input_DequantizeLinear_Output/duplicated_token_2"], "opType": "Concat", "comment": "@477 [/f_branch/Concat_1_output_0:(ty=1,shape=[1,35,512,512])] Concat [/f_branch/Resize_2_output_0_DequantizeLinear_Output:(ty=1,shape=[1,32,512,512]),input_DequantizeLinear_Output/duplicated_token_2:(ty=1,shape=[1,3,512,512])]", "device": "NPU"}, {"output": ["/f_branch/Concat_1_output_0_QuantizeLinear_Output"], "input": ["/f_branch/Concat_1_output_0", "input_scale", "/f_branch/Concat_1_output_0_zero_point"], "opType": "QuantizeLinear", "comment": "@478 [/f_branch/Concat_1_output_0_QuantizeLinear_Output:(ty=2,shape=[1,35,512,512])] QuantizeLinear [/f_branch/Concat_1_output_0:(ty=1,shape=[1,35,512,512]),input_scale:(ty=1,shape=[]),/f_branch/Concat_1_output_0_zero_point:(ty=2,shape=[])]", "device": "NPU"}, {"output": ["/f_branch/Concat_1_output_0_DequantizeLinear_Output"], "input": ["/f_branch/Concat_1_output_0_QuantizeLinear_Output", "input_scale", "/f_branch/Concat_1_output_0_zero_point"], "opType": "DequantizeLinear", "comment": "@479 [/f_branch/Concat_1_output_0_DequantizeLinear_Output:(ty=1,shape=[1,35,512,512])] DequantizeLinear [/f_branch/Concat_1_output_0_QuantizeLinear_Output:(ty=2,shape=[1,35,512,512]),input_scale:(ty=1,shape=[]),/f_branch/Concat_1_output_0_zero_point:(ty=2,shape=[])]", "device": "NPU"}, {"output": ["f_branch.conv_f.0.weight_DequantizeLinear_Output"], "input": ["f_branch.conv_f.0.weight_quantized", "onnx::Conv_674_scale", "f_branch.conv_f.0.weight_zero_point"], "opType": "DequantizeLinear", "comment": "@1 [f_branch.conv_f.0.weight_DequantizeLinear_Output:(ty=1,shape=[16,35,3,3])] DequantizeLinear [f_branch.conv_f.0.weight_quantized:(ty=3,shape=[16,35,3,3]),onnx::Conv_674_scale:(ty=1,shape=[]),f_branch.conv_f.0.weight_zero_point:(ty=3,shape=[])]", "device": "NPU"}, {"output": ["f_branch.conv_f.0.bias_DequantizeLinear_Output"], "input": ["f_branch.conv_f.0.bias_quantized", "onnx::Conv_683_scale", "f_branch.conv_f.0.bias_zero_point"], "opType": "DequantizeLinear", "comment": "@0 [f_branch.conv_f.0.bias_DequantizeLinear_Output:(ty=1,shape=[16])] DequantizeLinear [f_branch.conv_f.0.bias_quantized:(ty=3,shape=[16]),onnx::Conv_683_scale:(ty=1,shape=[]),f_branch.conv_f.0.bias_zero_point:(ty=3,shape=[])]", "device": "NPU"}, {"output": ["/f_branch/conv_f/conv_f.0/Conv_output_0"], "input": ["/f_branch/Concat_1_output_0_DequantizeLinear_Output", "f_branch.conv_f.0.weight_DequantizeLinear_Output", "f_branch.conv_f.0.bias_DequantizeLinear_Output"], "opType": "Conv", "comment": "@480 [/f_branch/conv_f/conv_f.0/Conv_output_0:(ty=1,shape=[1,16,512,512])] Conv [/f_branch/Concat_1_output_0_DequantizeLinear_Output:(ty=1,shape=[1,35,512,512]),f_branch.conv_f.0.weight_DequantizeLinear_Output:(ty=1,shape=[16,35,3,3]),f_branch.conv_f.0.bias_DequantizeLinear_Output:(ty=1,shape=[16])]", "device": "NPU"}, {"output": ["/f_branch/conv_f/conv_f.1/Relu_output_0"], "input": ["/f_branch/conv_f/conv_f.0/Conv_output_0"], "opType": "Relu", "comment": "@481 [/f_branch/conv_f/conv_f.1/Relu_output_0:(ty=1,shape=[1,16,512,512])] Relu [/f_branch/conv_f/conv_f.0/Conv_output_0:(ty=1,shape=[1,16,512,512])]", "device": "NPU"}, {"output": ["/f_branch/conv_f/conv_f.1/Relu_output_0_QuantizeLinear_Output"], "input": ["/f_branch/conv_f/conv_f.1/Relu_output_0", "onnx::Conv_662_scale", "/f_branch/conv_f/conv_f.1/Relu_output_0_zero_point"], "opType": "QuantizeLinear", "comment": "@482 [/f_branch/conv_f/conv_f.1/Relu_output_0_QuantizeLinear_Output:(ty=2,shape=[1,16,512,512])] QuantizeLinear [/f_branch/conv_f/conv_f.1/Relu_output_0:(ty=1,shape=[1,16,512,512]),onnx::Conv_662_scale:(ty=1,shape=[]),/f_branch/conv_f/conv_f.1/Relu_output_0_zero_point:(ty=2,shape=[])]", "device": "NPU"}, {"output": ["/f_branch/conv_f/conv_f.1/Relu_output_0_DequantizeLinear_Output"], "input": ["/f_branch/conv_f/conv_f.1/Relu_output_0_QuantizeLinear_Output", "onnx::Conv_662_scale", "/f_branch/conv_f/conv_f.1/Relu_output_0_zero_point"], "opType": "DequantizeLinear", "comment": "@483 [/f_branch/conv_f/conv_f.1/Relu_output_0_DequantizeLinear_Output:(ty=1,shape=[1,16,512,512])] DequantizeLinear [/f_branch/conv_f/conv_f.1/Relu_output_0_QuantizeLinear_Output:(ty=2,shape=[1,16,512,512]),onnx::Conv_662_scale:(ty=1,shape=[]),/f_branch/conv_f/conv_f.1/Relu_output_0_zero_point:(ty=2,shape=[])]", "device": "NPU"}, {"output": ["f_branch.conv_f.2.weight_DequantizeLinear_Output"], "input": ["f_branch.conv_f.2.weight_quantized", "onnx::Conv_683_scale", "f_branch.conv_f.2.weight_zero_point"], "opType": "DequantizeLinear", "comment": "@3 [f_branch.conv_f.2.weight_DequantizeLinear_Output:(ty=1,shape=[1,16,1,1])] DequantizeLinear [f_branch.conv_f.2.weight_quantized:(ty=3,shape=[1,16,1,1]),onnx::Conv_683_scale:(ty=1,shape=[]),f_branch.conv_f.2.weight_zero_point:(ty=3,shape=[])]", "device": "NPU"}, {"output": ["f_branch.conv_f.2.bias_DequantizeLinear_Output"], "input": ["f_branch.conv_f.2.bias_quantized", "onnx::Conv_722_scale", "f_branch.conv_f.2.bias_zero_point"], "opType": "DequantizeLinear", "comment": "@2 [f_branch.conv_f.2.bias_DequantizeLinear_Output:(ty=1,shape=[1])] DequantizeLinear [f_branch.conv_f.2.bias_quantized:(ty=3,shape=[1]),onnx::Conv_722_scale:(ty=1,shape=[]),f_branch.conv_f.2.bias_zero_point:(ty=3,shape=[])]", "device": "NPU"}, {"output": ["logits_QuantizeLinear_Input"], "input": ["/f_branch/conv_f/conv_f.1/Relu_output_0_DequantizeLinear_Output", "f_branch.conv_f.2.weight_DequantizeLinear_Output", "f_branch.conv_f.2.bias_DequantizeLinear_Output"], "opType": "Conv", "comment": "@484 [logits_QuantizeLinear_Input:(ty=1,shape=[1,1,512,512])] Conv [/f_branch/conv_f/conv_f.1/Relu_output_0_DequantizeLinear_Output:(ty=1,shape=[1,16,512,512]),f_branch.conv_f.2.weight_DequantizeLinear_Output:(ty=1,shape=[1,16,1,1]),f_branch.conv_f.2.bias_DequantizeLinear_Output:(ty=1,shape=[1])]", "device": "NPU"}, {"output": ["logits_QuantizeLinear_Output"], "input": ["logits_QuantizeLinear_Input", "logits_scale", "logits_zero_point"], "opType": "QuantizeLinear", "comment": "@485 [logits_QuantizeLinear_Output:(ty=2,shape=[1,1,512,512])] QuantizeLinear [logits_QuantizeLinear_Input:(ty=1,shape=[1,1,512,512]),logits_scale:(ty=1,shape=[]),logits_zero_point:(ty=2,shape=[])]", "device": "NPU"}, {"output": ["logits"], "input": ["logits_QuantizeLinear_Output", "logits_scale", "logits_zero_point"], "opType": "DequantizeLinear", "comment": "@486 [logits:(ty=1,shape=[1,1,512,512])] DequantizeLinear [logits_QuantizeLinear_Output:(ty=2,shape=[1,1,512,512]),logits_scale:(ty=1,shape=[]),logits_zero_point:(ty=2,shape=[])]", "device": "CPU"}], "shapeInfo": [{"name": "input_QuantizeLinear_Output", "shape": ["1", "3", "512", "512"]}, {"name": "input_DequantizeLinear_Output/duplicated_token_2", "shape": ["1", "3", "512", "512"]}, {"name": "input_DequantizeLinear_Output/duplicated_token_0", "shape": ["1", "3", "512", "512"]}, {"name": "onnx::Conv_660_DequantizeLinear_Output", "shape": ["32"]}, {"name": "onnx::Conv_659_DequantizeLinear_Output", "shape": ["32", "3", "3", "3"]}, {"name": "/lr_branch/backbone/features.0/features.0.0/Conv_output_0", "shape": ["1", "32", "256", "256"]}, {"name": "/lr_branch/backbone/features.0/features.0.2/Clip_output_0", "shape": ["1", "32", "256", "256"]}, {"name": "/lr_branch/backbone/features.0/features.0.2/Clip_output_0_QuantizeLinear_Output", "shape": ["1", "32", "256", "256"]}, {"name": "/lr_branch/backbone/features.0/features.0.2/Clip_output_0_DequantizeLinear_Output", "shape": ["1", "32", "256", "256"]}, {"name": "onnx::Conv_663_DequantizeLinear_Output", "shape": ["32"]}, {"name": "onnx::Conv_662_DequantizeLinear_Output", "shape": ["32", "1", "3", "3"]}, {"name": "/lr_branch/backbone/features.1/conv/conv.0/Conv_output_0", "shape": ["1", "32", "256", "256"]}, {"name": "/lr_branch/backbone/features.1/conv/conv.2/Clip_output_0", "shape": ["1", "32", "256", "256"]}, {"name": "/lr_branch/backbone/features.1/conv/conv.2/Clip_output_0_QuantizeLinear_Output", "shape": ["1", "32", "256", "256"]}, {"name": "/lr_branch/backbone/features.1/conv/conv.2/Clip_output_0_DequantizeLinear_Output", "shape": ["1", "32", "256", "256"]}, {"name": "onnx::Conv_666_DequantizeLinear_Output", "shape": ["16"]}, {"name": "onnx::Conv_665_DequantizeLinear_Output", "shape": ["16", "32", "1", "1"]}, {"name": "/lr_branch/backbone/features.1/conv/conv.3/Conv_output_0", "shape": ["1", "16", "256", "256"]}, {"name": "/lr_branch/backbone/features.1/conv/conv.3/Conv_output_0_QuantizeLinear_Output", "shape": ["1", "16", "256", "256"]}, {"name": "/lr_branch/backbone/features.1/conv/conv.3/Conv_output_0_DequantizeLinear_Output/duplicated", "shape": ["1", "16", "256", "256"]}, {"name": "hr_branch.tohr_enc2x.0.weight_DequantizeLinear_Output", "shape": ["32", "16", "1", "1"]}, {"name": "hr_branch.tohr_enc2x.0.bias_DequantizeLinear_Output", "shape": ["32"]}, {"name": "/hr_branch/tohr_enc2x/tohr_enc2x.0/Conv_output_0", "shape": ["1", "32", "256", "256"]}, {"name": "/hr_branch/tohr_enc2x/tohr_enc2x.1/Relu_output_0", "shape": ["1", "32", "256", "256"]}, {"name": "/hr_branch/tohr_enc2x/tohr_enc2x.1/Relu_output_0_QuantizeLinear_Output", "shape": ["1", "32", "256", "256"]}, {"name": "/hr_branch/tohr_enc2x/tohr_enc2x.1/Relu_output_0_DequantizeLinear_Output/duplicated", "shape": ["1", "32", "256", "256"]}, {"name": "/lr_branch/backbone/features.1/conv/conv.3/Conv_output_0_DequantizeLinear_Output", "shape": ["1", "16", "256", "256"]}, {"name": "onnx::Conv_669_DequantizeLinear_Output", "shape": ["96"]}, {"name": "onnx::Conv_668_DequantizeLinear_Output", "shape": ["96", "16", "1", "1"]}, {"name": "/lr_branch/backbone/features.2/conv/conv.0/Conv_output_0", "shape": ["1", "96", "256", "256"]}, {"name": "/lr_branch/backbone/features.2/conv/conv.2/Clip_output_0", "shape": ["1", "96", "256", "256"]}, {"name": "/lr_branch/backbone/features.2/conv/conv.2/Clip_output_0_QuantizeLinear_Output", "shape": ["1", "96", "256", "256"]}, {"name": "/lr_branch/backbone/features.2/conv/conv.2/Clip_output_0_DequantizeLinear_Output", "shape": ["1", "96", "256", "256"]}, {"name": "onnx::Conv_672_DequantizeLinear_Output", "shape": ["96"]}, {"name": "onnx::Conv_671_DequantizeLinear_Output", "shape": ["96", "1", "3", "3"]}, {"name": "/lr_branch/backbone/features.2/conv/conv.3/Conv_output_0", "shape": ["1", "96", "128", "128"]}, {"name": "/lr_branch/backbone/features.2/conv/conv.5/Clip_output_0", "shape": ["1", "96", "128", "128"]}, {"name": "/lr_branch/backbone/features.2/conv/conv.5/Clip_output_0_QuantizeLinear_Output", "shape": ["1", "96", "128", "128"]}, {"name": "/lr_branch/backbone/features.2/conv/conv.5/Clip_output_0_DequantizeLinear_Output", "shape": ["1", "96", "128", "128"]}, {"name": "onnx::Conv_675_DequantizeLinear_Output", "shape": ["24"]}, {"name": "onnx::Conv_674_DequantizeLinear_Output", "shape": ["24", "96", "1", "1"]}, {"name": "/lr_branch/backbone/features.2/conv/conv.6/Conv_output_0", "shape": ["1", "24", "128", "128"]}, {"name": "/lr_branch/backbone/features.2/conv/conv.6/Conv_output_0_QuantizeLinear_Output", "shape": ["1", "24", "128", "128"]}, {"name": "/lr_branch/backbone/features.2/conv/conv.6/Conv_output_0_DequantizeLinear_Output/duplicated", "shape": ["1", "24", "128", "128"]}, {"name": "/lr_branch/backbone/features.2/conv/conv.6/Conv_output_0_DequantizeLinear_Output", "shape": ["1", "24", "128", "128"]}, {"name": "onnx::Conv_678_DequantizeLinear_Output", "shape": ["144"]}, {"name": "onnx::Conv_677_DequantizeLinear_Output", "shape": ["144", "24", "1", "1"]}, {"name": "/lr_branch/backbone/features.3/conv/conv.0/Conv_output_0", "shape": ["1", "144", "128", "128"]}, {"name": "/lr_branch/backbone/features.3/conv/conv.2/Clip_output_0", "shape": ["1", "144", "128", "128"]}, {"name": "/lr_branch/backbone/features.3/conv/conv.2/Clip_output_0_QuantizeLinear_Output", "shape": ["1", "144", "128", "128"]}, {"name": "/lr_branch/backbone/features.3/conv/conv.2/Clip_output_0_DequantizeLinear_Output", "shape": ["1", "144", "128", "128"]}, {"name": "onnx::Conv_681_DequantizeLinear_Output", "shape": ["144"]}, {"name": "onnx::Conv_680_DequantizeLinear_Output", "shape": ["144", "1", "3", "3"]}, {"name": "/lr_branch/backbone/features.3/conv/conv.3/Conv_output_0", "shape": ["1", "144", "128", "128"]}, {"name": "/lr_branch/backbone/features.3/conv/conv.5/Clip_output_0", "shape": ["1", "144", "128", "128"]}, {"name": "/lr_branch/backbone/features.3/conv/conv.5/Clip_output_0_QuantizeLinear_Output", "shape": ["1", "144", "128", "128"]}, {"name": "/lr_branch/backbone/features.3/conv/conv.5/Clip_output_0_DequantizeLinear_Output", "shape": ["1", "144", "128", "128"]}, {"name": "onnx::Conv_684_DequantizeLinear_Output", "shape": ["24"]}, {"name": "onnx::Conv_683_DequantizeLinear_Output", "shape": ["24", "144", "1", "1"]}, {"name": "/lr_branch/backbone/features.3/conv/conv.6/Conv_output_0", "shape": ["1", "24", "128", "128"]}, {"name": "/lr_branch/backbone/features.3/conv/conv.6/Conv_output_0_QuantizeLinear_Output", "shape": ["1", "24", "128", "128"]}, {"name": "/lr_branch/backbone/features.3/conv/conv.6/Conv_output_0_DequantizeLinear_Output", "shape": ["1", "24", "128", "128"]}, {"name": "/lr_branch/backbone/features.3/Add_output_0", "shape": ["1", "24", "128", "128"]}, {"name": "/lr_branch/backbone/features.3/Add_output_0_QuantizeLinear_Output", "shape": ["1", "24", "128", "128"]}, {"name": "/lr_branch/backbone/features.3/Add_output_0_DequantizeLinear_Output", "shape": ["1", "24", "128", "128"]}, {"name": "onnx::Conv_687_DequantizeLinear_Output", "shape": ["144"]}, {"name": "onnx::Conv_686_DequantizeLinear_Output", "shape": ["144", "24", "1", "1"]}, {"name": "/lr_branch/backbone/features.4/conv/conv.0/Conv_output_0", "shape": ["1", "144", "128", "128"]}, {"name": "/lr_branch/backbone/features.4/conv/conv.2/Clip_output_0", "shape": ["1", "144", "128", "128"]}, {"name": "/lr_branch/backbone/features.4/conv/conv.2/Clip_output_0_QuantizeLinear_Output", "shape": ["1", "144", "128", "128"]}, {"name": "/lr_branch/backbone/features.4/conv/conv.2/Clip_output_0_DequantizeLinear_Output", "shape": ["1", "144", "128", "128"]}, {"name": "onnx::Conv_690_DequantizeLinear_Output", "shape": ["144"]}, {"name": "onnx::Conv_689_DequantizeLinear_Output", "shape": ["144", "1", "3", "3"]}, {"name": "/lr_branch/backbone/features.4/conv/conv.3/Conv_output_0", "shape": ["1", "144", "64", "64"]}, {"name": "/lr_branch/backbone/features.4/conv/conv.5/Clip_output_0", "shape": ["1", "144", "64", "64"]}, {"name": "/lr_branch/backbone/features.4/conv/conv.5/Clip_output_0_QuantizeLinear_Output", "shape": ["1", "144", "64", "64"]}, {"name": "/lr_branch/backbone/features.4/conv/conv.5/Clip_output_0_DequantizeLinear_Output", "shape": ["1", "144", "64", "64"]}, {"name": "onnx::Conv_693_DequantizeLinear_Output", "shape": ["32"]}, {"name": "onnx::Conv_692_DequantizeLinear_Output", "shape": ["32", "144", "1", "1"]}, {"name": "/lr_branch/backbone/features.4/conv/conv.6/Conv_output_0", "shape": ["1", "32", "64", "64"]}, {"name": "/lr_branch/backbone/features.4/conv/conv.6/Conv_output_0_QuantizeLinear_Output", "shape": ["1", "32", "64", "64"]}, {"name": "/lr_branch/backbone/features.4/conv/conv.6/Conv_output_0_DequantizeLinear_Output/duplicated", "shape": ["1", "32", "64", "64"]}, {"name": "/lr_branch/backbone/features.4/conv/conv.6/Conv_output_0_DequantizeLinear_Output", "shape": ["1", "32", "64", "64"]}, {"name": "onnx::Conv_696_DequantizeLinear_Output", "shape": ["192"]}, {"name": "onnx::Conv_695_DequantizeLinear_Output", "shape": ["192", "32", "1", "1"]}, {"name": "/lr_branch/backbone/features.5/conv/conv.0/Conv_output_0", "shape": ["1", "192", "64", "64"]}, {"name": "/lr_branch/backbone/features.5/conv/conv.2/Clip_output_0", "shape": ["1", "192", "64", "64"]}, {"name": "/lr_branch/backbone/features.5/conv/conv.2/Clip_output_0_QuantizeLinear_Output", "shape": ["1", "192", "64", "64"]}, {"name": "/lr_branch/backbone/features.5/conv/conv.2/Clip_output_0_DequantizeLinear_Output", "shape": ["1", "192", "64", "64"]}, {"name": "onnx::Conv_699_DequantizeLinear_Output", "shape": ["192"]}, {"name": "onnx::Conv_698_DequantizeLinear_Output", "shape": ["192", "1", "3", "3"]}, {"name": "/lr_branch/backbone/features.5/conv/conv.3/Conv_output_0", "shape": ["1", "192", "64", "64"]}, {"name": "/lr_branch/backbone/features.5/conv/conv.5/Clip_output_0", "shape": ["1", "192", "64", "64"]}, {"name": "/lr_branch/backbone/features.5/conv/conv.5/Clip_output_0_QuantizeLinear_Output", "shape": ["1", "192", "64", "64"]}, {"name": "/lr_branch/backbone/features.5/conv/conv.5/Clip_output_0_DequantizeLinear_Output", "shape": ["1", "192", "64", "64"]}, {"name": "onnx::Conv_702_DequantizeLinear_Output", "shape": ["32"]}, {"name": "onnx::Conv_701_DequantizeLinear_Output", "shape": ["32", "192", "1", "1"]}, {"name": "/lr_branch/backbone/features.5/conv/conv.6/Conv_output_0", "shape": ["1", "32", "64", "64"]}, {"name": "/lr_branch/backbone/features.5/conv/conv.6/Conv_output_0_QuantizeLinear_Output", "shape": ["1", "32", "64", "64"]}, {"name": "/lr_branch/backbone/features.5/conv/conv.6/Conv_output_0_DequantizeLinear_Output", "shape": ["1", "32", "64", "64"]}, {"name": "/lr_branch/backbone/features.5/Add_output_0", "shape": ["1", "32", "64", "64"]}, {"name": "/lr_branch/backbone/features.5/Add_output_0_QuantizeLinear_Output", "shape": ["1", "32", "64", "64"]}, {"name": "/lr_branch/backbone/features.5/Add_output_0_DequantizeLinear_Output/duplicated", "shape": ["1", "32", "64", "64"]}, {"name": "/lr_branch/backbone/features.5/Add_output_0_DequantizeLinear_Output", "shape": ["1", "32", "64", "64"]}, {"name": "onnx::Conv_705_DequantizeLinear_Output", "shape": ["192"]}, {"name": "onnx::Conv_704_DequantizeLinear_Output", "shape": ["192", "32", "1", "1"]}, {"name": "/lr_branch/backbone/features.6/conv/conv.0/Conv_output_0", "shape": ["1", "192", "64", "64"]}, {"name": "/lr_branch/backbone/features.6/conv/conv.2/Clip_output_0", "shape": ["1", "192", "64", "64"]}, {"name": "/lr_branch/backbone/features.6/conv/conv.2/Clip_output_0_QuantizeLinear_Output", "shape": ["1", "192", "64", "64"]}, {"name": "/lr_branch/backbone/features.6/conv/conv.2/Clip_output_0_DequantizeLinear_Output", "shape": ["1", "192", "64", "64"]}, {"name": "onnx::Conv_708_DequantizeLinear_Output", "shape": ["192"]}, {"name": "onnx::Conv_707_DequantizeLinear_Output", "shape": ["192", "1", "3", "3"]}, {"name": "/lr_branch/backbone/features.6/conv/conv.3/Conv_output_0", "shape": ["1", "192", "64", "64"]}, {"name": "/lr_branch/backbone/features.6/conv/conv.5/Clip_output_0", "shape": ["1", "192", "64", "64"]}, {"name": "/lr_branch/backbone/features.6/conv/conv.5/Clip_output_0_QuantizeLinear_Output", "shape": ["1", "192", "64", "64"]}, {"name": "/lr_branch/backbone/features.6/conv/conv.5/Clip_output_0_DequantizeLinear_Output", "shape": ["1", "192", "64", "64"]}, {"name": "onnx::Conv_711_DequantizeLinear_Output", "shape": ["32"]}, {"name": "onnx::Conv_710_DequantizeLinear_Output", "shape": ["32", "192", "1", "1"]}, {"name": "/lr_branch/backbone/features.6/conv/conv.6/Conv_output_0", "shape": ["1", "32", "64", "64"]}, {"name": "/lr_branch/backbone/features.6/conv/conv.6/Conv_output_0_QuantizeLinear_Output", "shape": ["1", "32", "64", "64"]}, {"name": "/lr_branch/backbone/features.6/conv/conv.6/Conv_output_0_DequantizeLinear_Output", "shape": ["1", "32", "64", "64"]}, {"name": "/lr_branch/backbone/features.6/Add_output_0", "shape": ["1", "32", "64", "64"]}, {"name": "/lr_branch/backbone/features.6/Add_output_0_QuantizeLinear_Output", "shape": ["1", "32", "64", "64"]}, {"name": "/lr_branch/backbone/features.6/Add_output_0_DequantizeLinear_Output", "shape": ["1", "32", "64", "64"]}, {"name": "onnx::Conv_714_DequantizeLinear_Output", "shape": ["192"]}, {"name": "onnx::Conv_713_DequantizeLinear_Output", "shape": ["192", "32", "1", "1"]}, {"name": "/lr_branch/backbone/features.7/conv/conv.0/Conv_output_0", "shape": ["1", "192", "64", "64"]}, {"name": "/lr_branch/backbone/features.7/conv/conv.2/Clip_output_0", "shape": ["1", "192", "64", "64"]}, {"name": "/lr_branch/backbone/features.7/conv/conv.2/Clip_output_0_QuantizeLinear_Output", "shape": ["1", "192", "64", "64"]}, {"name": "/lr_branch/backbone/features.7/conv/conv.2/Clip_output_0_DequantizeLinear_Output", "shape": ["1", "192", "64", "64"]}, {"name": "onnx::Conv_717_DequantizeLinear_Output", "shape": ["192"]}, {"name": "onnx::Conv_716_DequantizeLinear_Output", "shape": ["192", "1", "3", "3"]}, {"name": "/lr_branch/backbone/features.7/conv/conv.3/Conv_output_0", "shape": ["1", "192", "32", "32"]}, {"name": "/lr_branch/backbone/features.7/conv/conv.5/Clip_output_0", "shape": ["1", "192", "32", "32"]}, {"name": "/lr_branch/backbone/features.7/conv/conv.5/Clip_output_0_QuantizeLinear_Output", "shape": ["1", "192", "32", "32"]}, {"name": "/lr_branch/backbone/features.7/conv/conv.5/Clip_output_0_DequantizeLinear_Output", "shape": ["1", "192", "32", "32"]}, {"name": "onnx::Conv_720_DequantizeLinear_Output", "shape": ["64"]}, {"name": "onnx::Conv_719_DequantizeLinear_Output", "shape": ["64", "192", "1", "1"]}, {"name": "/lr_branch/backbone/features.7/conv/conv.6/Conv_output_0", "shape": ["1", "64", "32", "32"]}, {"name": "/lr_branch/backbone/features.7/conv/conv.6/Conv_output_0_QuantizeLinear_Output", "shape": ["1", "64", "32", "32"]}, {"name": "/lr_branch/backbone/features.7/conv/conv.6/Conv_output_0_DequantizeLinear_Output/duplicated", "shape": ["1", "64", "32", "32"]}, {"name": "/lr_branch/backbone/features.7/conv/conv.6/Conv_output_0_DequantizeLinear_Output", "shape": ["1", "64", "32", "32"]}, {"name": "onnx::Conv_723_DequantizeLinear_Output", "shape": ["384"]}, {"name": "onnx::Conv_722_DequantizeLinear_Output", "shape": ["384", "64", "1", "1"]}, {"name": "/lr_branch/backbone/features.8/conv/conv.0/Conv_output_0", "shape": ["1", "384", "32", "32"]}, {"name": "/lr_branch/backbone/features.8/conv/conv.2/Clip_output_0", "shape": ["1", "384", "32", "32"]}, {"name": "/lr_branch/backbone/features.8/conv/conv.2/Clip_output_0_QuantizeLinear_Output", "shape": ["1", "384", "32", "32"]}, {"name": "/lr_branch/backbone/features.8/conv/conv.2/Clip_output_0_DequantizeLinear_Output", "shape": ["1", "384", "32", "32"]}, {"name": "onnx::Conv_726_DequantizeLinear_Output", "shape": ["384"]}, {"name": "onnx::Conv_725_DequantizeLinear_Output", "shape": ["384", "1", "3", "3"]}, {"name": "/lr_branch/backbone/features.8/conv/conv.3/Conv_output_0", "shape": ["1", "384", "32", "32"]}, {"name": "/lr_branch/backbone/features.8/conv/conv.5/Clip_output_0", "shape": ["1", "384", "32", "32"]}, {"name": "/lr_branch/backbone/features.8/conv/conv.5/Clip_output_0_QuantizeLinear_Output", "shape": ["1", "384", "32", "32"]}, {"name": "/lr_branch/backbone/features.8/conv/conv.5/Clip_output_0_DequantizeLinear_Output", "shape": ["1", "384", "32", "32"]}, {"name": "onnx::Conv_729_DequantizeLinear_Output", "shape": ["64"]}, {"name": "onnx::Conv_728_DequantizeLinear_Output", "shape": ["64", "384", "1", "1"]}, {"name": "/lr_branch/backbone/features.8/conv/conv.6/Conv_output_0", "shape": ["1", "64", "32", "32"]}, {"name": "/lr_branch/backbone/features.8/conv/conv.6/Conv_output_0_QuantizeLinear_Output", "shape": ["1", "64", "32", "32"]}, {"name": "/lr_branch/backbone/features.8/conv/conv.6/Conv_output_0_DequantizeLinear_Output", "shape": ["1", "64", "32", "32"]}, {"name": "/lr_branch/backbone/features.8/Add_output_0", "shape": ["1", "64", "32", "32"]}, {"name": "/lr_branch/backbone/features.8/Add_output_0_QuantizeLinear_Output", "shape": ["1", "64", "32", "32"]}, {"name": "/lr_branch/backbone/features.8/Add_output_0_DequantizeLinear_Output/duplicated", "shape": ["1", "64", "32", "32"]}, {"name": "/lr_branch/backbone/features.8/Add_output_0_DequantizeLinear_Output", "shape": ["1", "64", "32", "32"]}, {"name": "onnx::Conv_732_DequantizeLinear_Output", "shape": ["384"]}, {"name": "onnx::Conv_731_DequantizeLinear_Output", "shape": ["384", "64", "1", "1"]}, {"name": "/lr_branch/backbone/features.9/conv/conv.0/Conv_output_0", "shape": ["1", "384", "32", "32"]}, {"name": "/lr_branch/backbone/features.9/conv/conv.2/Clip_output_0", "shape": ["1", "384", "32", "32"]}, {"name": "/lr_branch/backbone/features.9/conv/conv.2/Clip_output_0_QuantizeLinear_Output", "shape": ["1", "384", "32", "32"]}, {"name": "/lr_branch/backbone/features.9/conv/conv.2/Clip_output_0_DequantizeLinear_Output", "shape": ["1", "384", "32", "32"]}, {"name": "onnx::Conv_735_DequantizeLinear_Output", "shape": ["384"]}, {"name": "onnx::Conv_734_DequantizeLinear_Output", "shape": ["384", "1", "3", "3"]}, {"name": "/lr_branch/backbone/features.9/conv/conv.3/Conv_output_0", "shape": ["1", "384", "32", "32"]}, {"name": "/lr_branch/backbone/features.9/conv/conv.5/Clip_output_0", "shape": ["1", "384", "32", "32"]}, {"name": "/lr_branch/backbone/features.9/conv/conv.5/Clip_output_0_QuantizeLinear_Output", "shape": ["1", "384", "32", "32"]}, {"name": "/lr_branch/backbone/features.9/conv/conv.5/Clip_output_0_DequantizeLinear_Output", "shape": ["1", "384", "32", "32"]}, {"name": "onnx::Conv_738_DequantizeLinear_Output", "shape": ["64"]}, {"name": "onnx::Conv_737_DequantizeLinear_Output", "shape": ["64", "384", "1", "1"]}, {"name": "/lr_branch/backbone/features.9/conv/conv.6/Conv_output_0", "shape": ["1", "64", "32", "32"]}, {"name": "/lr_branch/backbone/features.9/conv/conv.6/Conv_output_0_QuantizeLinear_Output", "shape": ["1", "64", "32", "32"]}, {"name": "/lr_branch/backbone/features.9/conv/conv.6/Conv_output_0_DequantizeLinear_Output", "shape": ["1", "64", "32", "32"]}, {"name": "/lr_branch/backbone/features.9/Add_output_0", "shape": ["1", "64", "32", "32"]}, {"name": "/lr_branch/backbone/features.9/Add_output_0_QuantizeLinear_Output", "shape": ["1", "64", "32", "32"]}, {"name": "/lr_branch/backbone/features.9/Add_output_0_DequantizeLinear_Output/duplicated", "shape": ["1", "64", "32", "32"]}, {"name": "/lr_branch/backbone/features.9/Add_output_0_DequantizeLinear_Output", "shape": ["1", "64", "32", "32"]}, {"name": "onnx::Conv_741_DequantizeLinear_Output", "shape": ["384"]}, {"name": "onnx::Conv_740_DequantizeLinear_Output", "shape": ["384", "64", "1", "1"]}, {"name": "/lr_branch/backbone/features.10/conv/conv.0/Conv_output_0", "shape": ["1", "384", "32", "32"]}, {"name": "/lr_branch/backbone/features.10/conv/conv.2/Clip_output_0", "shape": ["1", "384", "32", "32"]}, {"name": "/lr_branch/backbone/features.10/conv/conv.2/Clip_output_0_QuantizeLinear_Output", "shape": ["1", "384", "32", "32"]}, {"name": "/lr_branch/backbone/features.10/conv/conv.2/Clip_output_0_DequantizeLinear_Output", "shape": ["1", "384", "32", "32"]}, {"name": "onnx::Conv_744_DequantizeLinear_Output", "shape": ["384"]}, {"name": "onnx::Conv_743_DequantizeLinear_Output", "shape": ["384", "1", "3", "3"]}, {"name": "/lr_branch/backbone/features.10/conv/conv.3/Conv_output_0", "shape": ["1", "384", "32", "32"]}, {"name": "/lr_branch/backbone/features.10/conv/conv.5/Clip_output_0", "shape": ["1", "384", "32", "32"]}, {"name": "/lr_branch/backbone/features.10/conv/conv.5/Clip_output_0_QuantizeLinear_Output", "shape": ["1", "384", "32", "32"]}, {"name": "/lr_branch/backbone/features.10/conv/conv.5/Clip_output_0_DequantizeLinear_Output", "shape": ["1", "384", "32", "32"]}, {"name": "onnx::Conv_747_DequantizeLinear_Output", "shape": ["64"]}, {"name": "onnx::Conv_746_DequantizeLinear_Output", "shape": ["64", "384", "1", "1"]}, {"name": "/lr_branch/backbone/features.10/conv/conv.6/Conv_output_0", "shape": ["1", "64", "32", "32"]}, {"name": "/lr_branch/backbone/features.10/conv/conv.6/Conv_output_0_QuantizeLinear_Output", "shape": ["1", "64", "32", "32"]}, {"name": "/lr_branch/backbone/features.10/conv/conv.6/Conv_output_0_DequantizeLinear_Output", "shape": ["1", "64", "32", "32"]}, {"name": "/lr_branch/backbone/features.10/Add_output_0", "shape": ["1", "64", "32", "32"]}, {"name": "/lr_branch/backbone/features.10/Add_output_0_QuantizeLinear_Output", "shape": ["1", "64", "32", "32"]}, {"name": "/lr_branch/backbone/features.10/Add_output_0_DequantizeLinear_Output", "shape": ["1", "64", "32", "32"]}, {"name": "onnx::Conv_750_DequantizeLinear_Output", "shape": ["384"]}, {"name": "onnx::Conv_749_DequantizeLinear_Output", "shape": ["384", "64", "1", "1"]}, {"name": "/lr_branch/backbone/features.11/conv/conv.0/Conv_output_0", "shape": ["1", "384", "32", "32"]}, {"name": "/lr_branch/backbone/features.11/conv/conv.2/Clip_output_0", "shape": ["1", "384", "32", "32"]}, {"name": "/lr_branch/backbone/features.11/conv/conv.2/Clip_output_0_QuantizeLinear_Output", "shape": ["1", "384", "32", "32"]}, {"name": "/lr_branch/backbone/features.11/conv/conv.2/Clip_output_0_DequantizeLinear_Output", "shape": ["1", "384", "32", "32"]}, {"name": "onnx::Conv_753_DequantizeLinear_Output", "shape": ["384"]}, {"name": "onnx::Conv_752_DequantizeLinear_Output", "shape": ["384", "1", "3", "3"]}, {"name": "/lr_branch/backbone/features.11/conv/conv.3/Conv_output_0", "shape": ["1", "384", "32", "32"]}, {"name": "/lr_branch/backbone/features.11/conv/conv.5/Clip_output_0", "shape": ["1", "384", "32", "32"]}, {"name": "/lr_branch/backbone/features.11/conv/conv.5/Clip_output_0_QuantizeLinear_Output", "shape": ["1", "384", "32", "32"]}, {"name": "/lr_branch/backbone/features.11/conv/conv.5/Clip_output_0_DequantizeLinear_Output", "shape": ["1", "384", "32", "32"]}, {"name": "onnx::Conv_756_DequantizeLinear_Output", "shape": ["96"]}, {"name": "onnx::Conv_755_DequantizeLinear_Output", "shape": ["96", "384", "1", "1"]}, {"name": "/lr_branch/backbone/features.11/conv/conv.6/Conv_output_0", "shape": ["1", "96", "32", "32"]}, {"name": "/lr_branch/backbone/features.11/conv/conv.6/Conv_output_0_QuantizeLinear_Output", "shape": ["1", "96", "32", "32"]}, {"name": "/lr_branch/backbone/features.11/conv/conv.6/Conv_output_0_DequantizeLinear_Output/duplicated", "shape": ["1", "96", "32", "32"]}, {"name": "/lr_branch/backbone/features.11/conv/conv.6/Conv_output_0_DequantizeLinear_Output", "shape": ["1", "96", "32", "32"]}, {"name": "onnx::Conv_759_DequantizeLinear_Output", "shape": ["576"]}, {"name": "onnx::Conv_758_DequantizeLinear_Output", "shape": ["576", "96", "1", "1"]}, {"name": "/lr_branch/backbone/features.12/conv/conv.0/Conv_output_0", "shape": ["1", "576", "32", "32"]}, {"name": "/lr_branch/backbone/features.12/conv/conv.2/Clip_output_0", "shape": ["1", "576", "32", "32"]}, {"name": "/lr_branch/backbone/features.12/conv/conv.2/Clip_output_0_QuantizeLinear_Output", "shape": ["1", "576", "32", "32"]}, {"name": "/lr_branch/backbone/features.12/conv/conv.2/Clip_output_0_DequantizeLinear_Output", "shape": ["1", "576", "32", "32"]}, {"name": "onnx::Conv_762_DequantizeLinear_Output", "shape": ["576"]}, {"name": "onnx::Conv_761_DequantizeLinear_Output", "shape": ["576", "1", "3", "3"]}, {"name": "/lr_branch/backbone/features.12/conv/conv.3/Conv_output_0", "shape": ["1", "576", "32", "32"]}, {"name": "/lr_branch/backbone/features.12/conv/conv.5/Clip_output_0", "shape": ["1", "576", "32", "32"]}, {"name": "/lr_branch/backbone/features.12/conv/conv.5/Clip_output_0_QuantizeLinear_Output", "shape": ["1", "576", "32", "32"]}, {"name": "/lr_branch/backbone/features.12/conv/conv.5/Clip_output_0_DequantizeLinear_Output", "shape": ["1", "576", "32", "32"]}, {"name": "onnx::Conv_765_DequantizeLinear_Output", "shape": ["96"]}, {"name": "onnx::Conv_764_DequantizeLinear_Output", "shape": ["96", "576", "1", "1"]}, {"name": "/lr_branch/backbone/features.12/conv/conv.6/Conv_output_0", "shape": ["1", "96", "32", "32"]}, {"name": "/lr_branch/backbone/features.12/conv/conv.6/Conv_output_0_QuantizeLinear_Output", "shape": ["1", "96", "32", "32"]}, {"name": "/lr_branch/backbone/features.12/conv/conv.6/Conv_output_0_DequantizeLinear_Output", "shape": ["1", "96", "32", "32"]}, {"name": "/lr_branch/backbone/features.12/Add_output_0", "shape": ["1", "96", "32", "32"]}, {"name": "/lr_branch/backbone/features.12/Add_output_0_QuantizeLinear_Output", "shape": ["1", "96", "32", "32"]}, {"name": "/lr_branch/backbone/features.12/Add_output_0_DequantizeLinear_Output/duplicated", "shape": ["1", "96", "32", "32"]}, {"name": "/lr_branch/backbone/features.12/Add_output_0_DequantizeLinear_Output", "shape": ["1", "96", "32", "32"]}, {"name": "onnx::Conv_768_DequantizeLinear_Output", "shape": ["576"]}, {"name": "onnx::Conv_767_DequantizeLinear_Output", "shape": ["576", "96", "1", "1"]}, {"name": "/lr_branch/backbone/features.13/conv/conv.0/Conv_output_0", "shape": ["1", "576", "32", "32"]}, {"name": "/lr_branch/backbone/features.13/conv/conv.2/Clip_output_0", "shape": ["1", "576", "32", "32"]}, {"name": "/lr_branch/backbone/features.13/conv/conv.2/Clip_output_0_QuantizeLinear_Output", "shape": ["1", "576", "32", "32"]}, {"name": "/lr_branch/backbone/features.13/conv/conv.2/Clip_output_0_DequantizeLinear_Output", "shape": ["1", "576", "32", "32"]}, {"name": "onnx::Conv_771_DequantizeLinear_Output", "shape": ["576"]}, {"name": "onnx::Conv_770_DequantizeLinear_Output", "shape": ["576", "1", "3", "3"]}, {"name": "/lr_branch/backbone/features.13/conv/conv.3/Conv_output_0", "shape": ["1", "576", "32", "32"]}, {"name": "/lr_branch/backbone/features.13/conv/conv.5/Clip_output_0", "shape": ["1", "576", "32", "32"]}, {"name": "/lr_branch/backbone/features.13/conv/conv.5/Clip_output_0_QuantizeLinear_Output", "shape": ["1", "576", "32", "32"]}, {"name": "/lr_branch/backbone/features.13/conv/conv.5/Clip_output_0_DequantizeLinear_Output", "shape": ["1", "576", "32", "32"]}, {"name": "onnx::Conv_774_DequantizeLinear_Output", "shape": ["96"]}, {"name": "onnx::Conv_773_DequantizeLinear_Output", "shape": ["96", "576", "1", "1"]}, {"name": "/lr_branch/backbone/features.13/conv/conv.6/Conv_output_0", "shape": ["1", "96", "32", "32"]}, {"name": "/lr_branch/backbone/features.13/conv/conv.6/Conv_output_0_QuantizeLinear_Output", "shape": ["1", "96", "32", "32"]}, {"name": "/lr_branch/backbone/features.13/conv/conv.6/Conv_output_0_DequantizeLinear_Output", "shape": ["1", "96", "32", "32"]}, {"name": "/lr_branch/backbone/features.13/Add_output_0", "shape": ["1", "96", "32", "32"]}, {"name": "/lr_branch/backbone/features.13/Add_output_0_QuantizeLinear_Output", "shape": ["1", "96", "32", "32"]}, {"name": "/lr_branch/backbone/features.13/Add_output_0_DequantizeLinear_Output", "shape": ["1", "96", "32", "32"]}, {"name": "onnx::Conv_777_DequantizeLinear_Output", "shape": ["576"]}, {"name": "onnx::Conv_776_DequantizeLinear_Output", "shape": ["576", "96", "1", "1"]}, {"name": "/lr_branch/backbone/features.14/conv/conv.0/Conv_output_0", "shape": ["1", "576", "32", "32"]}, {"name": "/lr_branch/backbone/features.14/conv/conv.2/Clip_output_0", "shape": ["1", "576", "32", "32"]}, {"name": "/lr_branch/backbone/features.14/conv/conv.2/Clip_output_0_QuantizeLinear_Output", "shape": ["1", "576", "32", "32"]}, {"name": "/lr_branch/backbone/features.14/conv/conv.2/Clip_output_0_DequantizeLinear_Output", "shape": ["1", "576", "32", "32"]}, {"name": "onnx::Conv_780_DequantizeLinear_Output", "shape": ["576"]}, {"name": "onnx::Conv_779_DequantizeLinear_Output", "shape": ["576", "1", "3", "3"]}, {"name": "/lr_branch/backbone/features.14/conv/conv.3/Conv_output_0", "shape": ["1", "576", "16", "16"]}, {"name": "/lr_branch/backbone/features.14/conv/conv.5/Clip_output_0", "shape": ["1", "576", "16", "16"]}, {"name": "/lr_branch/backbone/features.14/conv/conv.5/Clip_output_0_QuantizeLinear_Output", "shape": ["1", "576", "16", "16"]}, {"name": "/lr_branch/backbone/features.14/conv/conv.5/Clip_output_0_DequantizeLinear_Output", "shape": ["1", "576", "16", "16"]}, {"name": "onnx::Conv_783_DequantizeLinear_Output", "shape": ["160"]}, {"name": "onnx::Conv_782_DequantizeLinear_Output", "shape": ["160", "576", "1", "1"]}, {"name": "/lr_branch/backbone/features.14/conv/conv.6/Conv_output_0", "shape": ["1", "160", "16", "16"]}, {"name": "/lr_branch/backbone/features.14/conv/conv.6/Conv_output_0_QuantizeLinear_Output", "shape": ["1", "160", "16", "16"]}, {"name": "/lr_branch/backbone/features.14/conv/conv.6/Conv_output_0_DequantizeLinear_Output/duplicated", "shape": ["1", "160", "16", "16"]}, {"name": "/lr_branch/backbone/features.14/conv/conv.6/Conv_output_0_DequantizeLinear_Output", "shape": ["1", "160", "16", "16"]}, {"name": "onnx::Conv_786_DequantizeLinear_Output", "shape": ["960"]}, {"name": "onnx::Conv_785_DequantizeLinear_Output", "shape": ["960", "160", "1", "1"]}, {"name": "/lr_branch/backbone/features.15/conv/conv.0/Conv_output_0", "shape": ["1", "960", "16", "16"]}, {"name": "/lr_branch/backbone/features.15/conv/conv.2/Clip_output_0", "shape": ["1", "960", "16", "16"]}, {"name": "/lr_branch/backbone/features.15/conv/conv.2/Clip_output_0_QuantizeLinear_Output", "shape": ["1", "960", "16", "16"]}, {"name": "/lr_branch/backbone/features.15/conv/conv.2/Clip_output_0_DequantizeLinear_Output", "shape": ["1", "960", "16", "16"]}, {"name": "onnx::Conv_789_DequantizeLinear_Output", "shape": ["960"]}, {"name": "onnx::Conv_788_DequantizeLinear_Output", "shape": ["960", "1", "3", "3"]}, {"name": "/lr_branch/backbone/features.15/conv/conv.3/Conv_output_0", "shape": ["1", "960", "16", "16"]}, {"name": "/lr_branch/backbone/features.15/conv/conv.5/Clip_output_0", "shape": ["1", "960", "16", "16"]}, {"name": "/lr_branch/backbone/features.15/conv/conv.5/Clip_output_0_QuantizeLinear_Output", "shape": ["1", "960", "16", "16"]}, {"name": "/lr_branch/backbone/features.15/conv/conv.5/Clip_output_0_DequantizeLinear_Output", "shape": ["1", "960", "16", "16"]}, {"name": "onnx::Conv_792_DequantizeLinear_Output", "shape": ["160"]}, {"name": "onnx::Conv_791_DequantizeLinear_Output", "shape": ["160", "960", "1", "1"]}, {"name": "/lr_branch/backbone/features.15/conv/conv.6/Conv_output_0", "shape": ["1", "160", "16", "16"]}, {"name": "/lr_branch/backbone/features.15/conv/conv.6/Conv_output_0_QuantizeLinear_Output", "shape": ["1", "160", "16", "16"]}, {"name": "/lr_branch/backbone/features.15/conv/conv.6/Conv_output_0_DequantizeLinear_Output", "shape": ["1", "160", "16", "16"]}, {"name": "/lr_branch/backbone/features.15/Add_output_0", "shape": ["1", "160", "16", "16"]}, {"name": "/lr_branch/backbone/features.15/Add_output_0_QuantizeLinear_Output", "shape": ["1", "160", "16", "16"]}, {"name": "/lr_branch/backbone/features.15/Add_output_0_DequantizeLinear_Output/duplicated", "shape": ["1", "160", "16", "16"]}, {"name": "/lr_branch/backbone/features.15/Add_output_0_DequantizeLinear_Output", "shape": ["1", "160", "16", "16"]}, {"name": "onnx::Conv_795_DequantizeLinear_Output", "shape": ["960"]}, {"name": "onnx::Conv_794_DequantizeLinear_Output", "shape": ["960", "160", "1", "1"]}, {"name": "/lr_branch/backbone/features.16/conv/conv.0/Conv_output_0", "shape": ["1", "960", "16", "16"]}, {"name": "/lr_branch/backbone/features.16/conv/conv.2/Clip_output_0", "shape": ["1", "960", "16", "16"]}, {"name": "/lr_branch/backbone/features.16/conv/conv.2/Clip_output_0_QuantizeLinear_Output", "shape": ["1", "960", "16", "16"]}, {"name": "/lr_branch/backbone/features.16/conv/conv.2/Clip_output_0_DequantizeLinear_Output", "shape": ["1", "960", "16", "16"]}, {"name": "onnx::Conv_798_DequantizeLinear_Output", "shape": ["960"]}, {"name": "onnx::Conv_797_DequantizeLinear_Output", "shape": ["960", "1", "3", "3"]}, {"name": "/lr_branch/backbone/features.16/conv/conv.3/Conv_output_0", "shape": ["1", "960", "16", "16"]}, {"name": "/lr_branch/backbone/features.16/conv/conv.5/Clip_output_0", "shape": ["1", "960", "16", "16"]}, {"name": "/lr_branch/backbone/features.16/conv/conv.5/Clip_output_0_QuantizeLinear_Output", "shape": ["1", "960", "16", "16"]}, {"name": "/lr_branch/backbone/features.16/conv/conv.5/Clip_output_0_DequantizeLinear_Output", "shape": ["1", "960", "16", "16"]}, {"name": "onnx::Conv_801_DequantizeLinear_Output", "shape": ["160"]}, {"name": "onnx::Conv_800_DequantizeLinear_Output", "shape": ["160", "960", "1", "1"]}, {"name": "/lr_branch/backbone/features.16/conv/conv.6/Conv_output_0", "shape": ["1", "160", "16", "16"]}, {"name": "/lr_branch/backbone/features.16/conv/conv.6/Conv_output_0_QuantizeLinear_Output", "shape": ["1", "160", "16", "16"]}, {"name": "/lr_branch/backbone/features.16/conv/conv.6/Conv_output_0_DequantizeLinear_Output", "shape": ["1", "160", "16", "16"]}, {"name": "/lr_branch/backbone/features.16/Add_output_0", "shape": ["1", "160", "16", "16"]}, {"name": "/lr_branch/backbone/features.16/Add_output_0_QuantizeLinear_Output", "shape": ["1", "160", "16", "16"]}, {"name": "/lr_branch/backbone/features.16/Add_output_0_DequantizeLinear_Output", "shape": ["1", "160", "16", "16"]}, {"name": "onnx::Conv_804_DequantizeLinear_Output", "shape": ["960"]}, {"name": "onnx::Conv_803_DequantizeLinear_Output", "shape": ["960", "160", "1", "1"]}, {"name": "/lr_branch/backbone/features.17/conv/conv.0/Conv_output_0", "shape": ["1", "960", "16", "16"]}, {"name": "/lr_branch/backbone/features.17/conv/conv.2/Clip_output_0", "shape": ["1", "960", "16", "16"]}, {"name": "/lr_branch/backbone/features.17/conv/conv.2/Clip_output_0_QuantizeLinear_Output", "shape": ["1", "960", "16", "16"]}, {"name": "/lr_branch/backbone/features.17/conv/conv.2/Clip_output_0_DequantizeLinear_Output", "shape": ["1", "960", "16", "16"]}, {"name": "onnx::Conv_807_DequantizeLinear_Output", "shape": ["960"]}, {"name": "onnx::Conv_806_DequantizeLinear_Output", "shape": ["960", "1", "3", "3"]}, {"name": "/lr_branch/backbone/features.17/conv/conv.3/Conv_output_0", "shape": ["1", "960", "16", "16"]}, {"name": "/lr_branch/backbone/features.17/conv/conv.5/Clip_output_0", "shape": ["1", "960", "16", "16"]}, {"name": "/lr_branch/backbone/features.17/conv/conv.5/Clip_output_0_QuantizeLinear_Output", "shape": ["1", "960", "16", "16"]}, {"name": "/lr_branch/backbone/features.17/conv/conv.5/Clip_output_0_DequantizeLinear_Output", "shape": ["1", "960", "16", "16"]}, {"name": "onnx::Conv_810_DequantizeLinear_Output", "shape": ["320"]}, {"name": "onnx::Conv_809_DequantizeLinear_Output", "shape": ["320", "960", "1", "1"]}, {"name": "/lr_branch/backbone/features.17/conv/conv.6/Conv_output_0", "shape": ["1", "320", "16", "16"]}, {"name": "/lr_branch/backbone/features.17/conv/conv.6/Conv_output_0_QuantizeLinear_Output", "shape": ["1", "320", "16", "16"]}, {"name": "/lr_branch/backbone/features.17/conv/conv.6/Conv_output_0_DequantizeLinear_Output", "shape": ["1", "320", "16", "16"]}, {"name": "onnx::Conv_813_DequantizeLinear_Output", "shape": ["1280"]}, {"name": "onnx::Conv_812_DequantizeLinear_Output", "shape": ["1280", "320", "1", "1"]}, {"name": "/lr_branch/backbone/features.18/features.18.0/Conv_output_0", "shape": ["1", "1280", "16", "16"]}, {"name": "/lr_branch/backbone/features.18/features.18.2/Clip_output_0", "shape": ["1", "1280", "16", "16"]}, {"name": "/lr_branch/backbone/features.18/features.18.2/Clip_output_0_QuantizeLinear_Output", "shape": ["1", "1280", "16", "16"]}, {"name": "/lr_branch/backbone/features.18/features.18.2/Clip_output_0_DequantizeLinear_Output/duplicated", "shape": ["1", "1280", "16", "16"]}, {"name": "/lr_branch/backbone/features.18/features.18.2/Clip_output_0_DequantizeLinear_Output", "shape": ["1", "1280", "16", "16"]}, {"name": "/lr_branch/se_block/pool/GlobalAveragePool_output_0_Mul", "shape": ["1", "1280", "1", "1"]}, {"name": "/lr_branch/se_block/pool/GlobalAveragePool_output_0_QuantizeLinear_Output", "shape": ["1", "1280", "1", "1"]}, {"name": "/lr_branch/se_block/pool/GlobalAveragePool_output_0_DequantizeLinear_Output", "shape": ["1", "1280", "1", "1"]}, {"name": "lr_branch.se_block.fc.0.weight_DequantizeLinear_Output", "shape": ["320", "1280", "1", "1"]}, {"name": "/lr_branch/se_block/fc/fc.0/Conv_output_0", "shape": ["1", "320", "1", "1"]}, {"name": "/lr_branch/se_block/fc/fc.1/Relu_output_0", "shape": ["1", "320", "1", "1"]}, {"name": "/lr_branch/se_block/fc/fc.1/Relu_output_0_QuantizeLinear_Output", "shape": ["1", "320", "1", "1"]}, {"name": "/lr_branch/se_block/fc/fc.1/Relu_output_0_DequantizeLinear_Output", "shape": ["1", "320", "1", "1"]}, {"name": "lr_branch.se_block.fc.2.weight_DequantizeLinear_Output", "shape": ["1280", "320", "1", "1"]}, {"name": "/lr_branch/se_block/fc/fc.2/Conv_output_0", "shape": ["1", "1280", "1", "1"]}, {"name": "/lr_branch/se_block/fc/fc.2/Conv_output_0_QuantizeLinear_Output", "shape": ["1", "1280", "1", "1"]}, {"name": "/lr_branch/se_block/fc/fc.2/Conv_output_0_DequantizeLinear_Output", "shape": ["1", "1280", "1", "1"]}, {"name": "/lr_branch/se_block/fc/fc.3/Sigmoid_output_0_Mul", "shape": ["1", "1280", "1", "1"]}, {"name": "/lr_branch/se_block/fc/fc.3/Sigmoid_output_0", "shape": ["1", "1280", "1", "1"]}, {"name": "/lr_branch/se_block/fc/fc.3/Sigmoid_output_0_QuantizeLinear_Output", "shape": ["1", "1280", "1", "1"]}, {"name": "/lr_branch/se_block/fc/fc.3/Sigmoid_output_0_DequantizeLinear_Output", "shape": ["1", "1280", "1", "1"]}, {"name": "/lr_branch/se_block/Mul_output_0", "shape": ["1", "1280", "16", "16"]}, {"name": "/lr_branch/se_block/Mul_output_0_QuantizeLinear_Output", "shape": ["1", "1280", "16", "16"]}, {"name": "/lr_branch/se_block/Mul_output_0_DequantizeLinear_Output", "shape": ["1", "1280", "16", "16"]}, {"name": "/lr_branch/Resize_output_0", "shape": ["1", "1280", "32", "32"]}, {"name": "/lr_branch/Resize_output_0_QuantizeLinear_Output", "shape": ["1", "1280", "32", "32"]}, {"name": "/lr_branch/Resize_output_0_DequantizeLinear_Output", "shape": ["1", "1280", "32", "32"]}, {"name": "lr_branch.conv_lr16x.0.weight_DequantizeLinear_Output", "shape": ["96", "1280", "5", "5"]}, {"name": "lr_branch.conv_lr16x.0.bias_DequantizeLinear_Output", "shape": ["96"]}, {"name": "/lr_branch/conv_lr16x/conv_lr16x.0/Conv_output_0", "shape": ["1", "96", "32", "32"]}, {"name": "/lr_branch/conv_lr16x/conv_lr16x.1/Relu_output_0", "shape": ["1", "96", "32", "32"]}, {"name": "/lr_branch/conv_lr16x/conv_lr16x.1/Relu_output_0_QuantizeLinear_Output", "shape": ["1", "96", "32", "32"]}, {"name": "/lr_branch/conv_lr16x/conv_lr16x.1/Relu_output_0_DequantizeLinear_Output", "shape": ["1", "96", "32", "32"]}, {"name": "/lr_branch/Resize_1_output_0", "shape": ["1", "96", "64", "64"]}, {"name": "/lr_branch/Resize_1_output_0_QuantizeLinear_Output", "shape": ["1", "96", "64", "64"]}, {"name": "/lr_branch/Resize_1_output_0_DequantizeLinear_Output", "shape": ["1", "96", "64", "64"]}, {"name": "lr_branch.conv_lr8x.0.weight_DequantizeLinear_Output", "shape": ["32", "96", "5", "5"]}, {"name": "lr_branch.conv_lr8x.0.bias_DequantizeLinear_Output", "shape": ["32"]}, {"name": "/lr_branch/conv_lr8x/conv_lr8x.0/Conv_output_0", "shape": ["1", "32", "64", "64"]}, {"name": "/lr_branch/conv_lr8x/conv_lr8x.1/Relu_output_0", "shape": ["1", "32", "64", "64"]}, {"name": "/lr_branch/conv_lr8x/conv_lr8x.1/Relu_output_0_QuantizeLinear_Output", "shape": ["1", "32", "64", "64"]}, {"name": "/lr_branch/conv_lr8x/conv_lr8x.1/Relu_output_0_DequantizeLinear_Output", "shape": ["1", "32", "64", "64"]}, {"name": "/hr_branch/Resize_2_output_0", "shape": ["1", "32", "128", "128"]}, {"name": "/hr_branch/Resize_2_output_0_QuantizeLinear_Output", "shape": ["1", "32", "128", "128"]}, {"name": "/hr_branch/Resize_2_output_0_DequantizeLinear_Output", "shape": ["1", "32", "128", "128"]}, {"name": "/lr_branch/backbone/features.3/Add_output_0_DequantizeLinear_Output/duplicated", "shape": ["1", "24", "128", "128"]}, {"name": "hr_branch.tohr_enc4x.0.weight_DequantizeLinear_Output", "shape": ["32", "24", "1", "1"]}, {"name": "hr_branch.tohr_enc4x.0.bias_DequantizeLinear_Output", "shape": ["32"]}, {"name": "/hr_branch/tohr_enc4x/tohr_enc4x.0/Conv_output_0", "shape": ["1", "32", "128", "128"]}, {"name": "/hr_branch/tohr_enc4x/tohr_enc4x.1/Relu_output_0", "shape": ["1", "32", "128", "128"]}, {"name": "/hr_branch/tohr_enc4x/tohr_enc4x.1/Relu_output_0_QuantizeLinear_Output", "shape": ["1", "32", "128", "128"]}, {"name": "/hr_branch/tohr_enc4x/tohr_enc4x.1/Relu_output_0_DequantizeLinear_Output", "shape": ["1", "32", "128", "128"]}, {"name": "/hr_branch/tohr_enc2x/tohr_enc2x.1/Relu_output_0_DequantizeLinear_Output", "shape": ["1", "32", "256", "256"]}, {"name": "input_DequantizeLinear_Output", "shape": ["1", "3", "512", "512"]}, {"name": "/hr_branch/Resize_output_0", "shape": ["1", "3", "256", "256"]}, {"name": "/hr_branch/Resize_output_0_QuantizeLinear_Output", "shape": ["1", "3", "256", "256"]}, {"name": "/hr_branch/Resize_output_0_DequantizeLinear_Output", "shape": ["1", "3", "256", "256"]}, {"name": "/hr_branch/Concat_output_0", "shape": ["1", "35", "256", "256"]}, {"name": "/hr_branch/Concat_output_0_QuantizeLinear_Output", "shape": ["1", "35", "256", "256"]}, {"name": "/hr_branch/Concat_output_0_DequantizeLinear_Output", "shape": ["1", "35", "256", "256"]}, {"name": "hr_branch.conv_enc2x.0.weight_DequantizeLinear_Output", "shape": ["32", "35", "3", "3"]}, {"name": "hr_branch.conv_enc2x.0.bias_DequantizeLinear_Output", "shape": ["32"]}, {"name": "/hr_branch/conv_enc2x/conv_enc2x.0/Conv_output_0", "shape": ["1", "32", "128", "128"]}, {"name": "/hr_branch/conv_enc2x/conv_enc2x.1/Relu_output_0", "shape": ["1", "32", "128", "128"]}, {"name": "/hr_branch/conv_enc2x/conv_enc2x.1/Relu_output_0_QuantizeLinear_Output", "shape": ["1", "32", "128", "128"]}, {"name": "/hr_branch/conv_enc2x/conv_enc2x.1/Relu_output_0_DequantizeLinear_Output", "shape": ["1", "32", "128", "128"]}, {"name": "/hr_branch/Concat_1_output_0", "shape": ["1", "64", "128", "128"]}, {"name": "/hr_branch/Concat_1_output_0_QuantizeLinear_Output", "shape": ["1", "64", "128", "128"]}, {"name": "/hr_branch/Concat_1_output_0_DequantizeLinear_Output", "shape": ["1", "64", "128", "128"]}, {"name": "hr_branch.conv_enc4x.0.weight_DequantizeLinear_Output", "shape": ["64", "64", "3", "3"]}, {"name": "hr_branch.conv_enc4x.0.bias_DequantizeLinear_Output", "shape": ["64"]}, {"name": "/hr_branch/conv_enc4x/conv_enc4x.0/Conv_output_0", "shape": ["1", "64", "128", "128"]}, {"name": "/hr_branch/conv_enc4x/conv_enc4x.1/Relu_output_0", "shape": ["1", "64", "128", "128"]}, {"name": "/hr_branch/conv_enc4x/conv_enc4x.1/Relu_output_0_QuantizeLinear_Output", "shape": ["1", "64", "128", "128"]}, {"name": "/hr_branch/conv_enc4x/conv_enc4x.1/Relu_output_0_DequantizeLinear_Output", "shape": ["1", "64", "128", "128"]}, {"name": "input_DequantizeLinear_Output/duplicated", "shape": ["1", "3", "512", "512"]}, {"name": "/hr_branch/Resize_1_output_0", "shape": ["1", "3", "128", "128"]}, {"name": "/hr_branch/Resize_1_output_0_QuantizeLinear_Output", "shape": ["1", "3", "128", "128"]}, {"name": "/hr_branch/Resize_1_output_0_DequantizeLinear_Output", "shape": ["1", "3", "128", "128"]}, {"name": "/hr_branch/Concat_2_output_0", "shape": ["1", "99", "128", "128"]}, {"name": "/hr_branch/Concat_2_output_0_QuantizeLinear_Output", "shape": ["1", "99", "128", "128"]}, {"name": "/hr_branch/Concat_2_output_0_DequantizeLinear_Output", "shape": ["1", "99", "128", "128"]}, {"name": "hr_branch.conv_hr4x.0.weight_DequantizeLinear_Output", "shape": ["64", "99", "3", "3"]}, {"name": "hr_branch.conv_hr4x.0.bias_DequantizeLinear_Output", "shape": ["64"]}, {"name": "/hr_branch/conv_hr4x/conv_hr4x.0/Conv_output_0", "shape": ["1", "64", "128", "128"]}, {"name": "/hr_branch/conv_hr4x/conv_hr4x.1/Relu_output_0", "shape": ["1", "64", "128", "128"]}, {"name": "/hr_branch/conv_hr4x/conv_hr4x.1/Relu_output_0_QuantizeLinear_Output", "shape": ["1", "64", "128", "128"]}, {"name": "/hr_branch/conv_hr4x/conv_hr4x.1/Relu_output_0_DequantizeLinear_Output", "shape": ["1", "64", "128", "128"]}, {"name": "hr_branch.conv_hr4x.2.weight_DequantizeLinear_Output", "shape": ["64", "64", "3", "3"]}, {"name": "hr_branch.conv_hr4x.2.bias_DequantizeLinear_Output", "shape": ["64"]}, {"name": "/hr_branch/conv_hr4x/conv_hr4x.2/Conv_output_0", "shape": ["1", "64", "128", "128"]}, {"name": "/hr_branch/conv_hr4x/conv_hr4x.3/Relu_output_0", "shape": ["1", "64", "128", "128"]}, {"name": "/hr_branch/conv_hr4x/conv_hr4x.3/Relu_output_0_QuantizeLinear_Output", "shape": ["1", "64", "128", "128"]}, {"name": "/hr_branch/conv_hr4x/conv_hr4x.3/Relu_output_0_DequantizeLinear_Output", "shape": ["1", "64", "128", "128"]}, {"name": "hr_branch.conv_hr4x.4.weight_DequantizeLinear_Output", "shape": ["32", "64", "3", "3"]}, {"name": "hr_branch.conv_hr4x.4.bias_DequantizeLinear_Output", "shape": ["32"]}, {"name": "/hr_branch/conv_hr4x/conv_hr4x.4/Conv_output_0", "shape": ["1", "32", "128", "128"]}, {"name": "/hr_branch/conv_hr4x/conv_hr4x.5/Relu_output_0", "shape": ["1", "32", "128", "128"]}, {"name": "/hr_branch/conv_hr4x/conv_hr4x.5/Relu_output_0_QuantizeLinear_Output", "shape": ["1", "32", "128", "128"]}, {"name": "/hr_branch/conv_hr4x/conv_hr4x.5/Relu_output_0_DequantizeLinear_Output", "shape": ["1", "32", "128", "128"]}, {"name": "/hr_branch/Resize_3_output_0", "shape": ["1", "32", "256", "256"]}, {"name": "/hr_branch/Resize_3_output_0_QuantizeLinear_Output", "shape": ["1", "32", "256", "256"]}, {"name": "/hr_branch/Resize_3_output_0_DequantizeLinear_Output", "shape": ["1", "32", "256", "256"]}, {"name": "/hr_branch/Concat_3_output_0", "shape": ["1", "64", "256", "256"]}, {"name": "/hr_branch/Concat_3_output_0_QuantizeLinear_Output", "shape": ["1", "64", "256", "256"]}, {"name": "/hr_branch/Concat_3_output_0_DequantizeLinear_Output", "shape": ["1", "64", "256", "256"]}, {"name": "hr_branch.conv_hr2x.0.weight_DequantizeLinear_Output", "shape": ["64", "64", "3", "3"]}, {"name": "hr_branch.conv_hr2x.0.bias_DequantizeLinear_Output", "shape": ["64"]}, {"name": "/hr_branch/conv_hr2x/conv_hr2x.0/Conv_output_0", "shape": ["1", "64", "256", "256"]}, {"name": "/hr_branch/conv_hr2x/conv_hr2x.1/Relu_output_0", "shape": ["1", "64", "256", "256"]}, {"name": "/hr_branch/conv_hr2x/conv_hr2x.1/Relu_output_0_QuantizeLinear_Output", "shape": ["1", "64", "256", "256"]}, {"name": "/hr_branch/conv_hr2x/conv_hr2x.1/Relu_output_0_DequantizeLinear_Output", "shape": ["1", "64", "256", "256"]}, {"name": "hr_branch.conv_hr2x.2.weight_DequantizeLinear_Output", "shape": ["32", "64", "3", "3"]}, {"name": "hr_branch.conv_hr2x.2.bias_DequantizeLinear_Output", "shape": ["32"]}, {"name": "/hr_branch/conv_hr2x/conv_hr2x.2/Conv_output_0", "shape": ["1", "32", "256", "256"]}, {"name": "/hr_branch/conv_hr2x/conv_hr2x.3/Relu_output_0", "shape": ["1", "32", "256", "256"]}, {"name": "/hr_branch/conv_hr2x/conv_hr2x.3/Relu_output_0_QuantizeLinear_Output", "shape": ["1", "32", "256", "256"]}, {"name": "/hr_branch/conv_hr2x/conv_hr2x.3/Relu_output_0_DequantizeLinear_Output", "shape": ["1", "32", "256", "256"]}, {"name": "hr_branch.conv_hr2x.4.weight_DequantizeLinear_Output", "shape": ["32", "32", "3", "3"]}, {"name": "hr_branch.conv_hr2x.4.bias_DequantizeLinear_Output", "shape": ["32"]}, {"name": "/hr_branch/conv_hr2x/conv_hr2x.4/Conv_output_0", "shape": ["1", "32", "256", "256"]}, {"name": "/hr_branch/conv_hr2x/conv_hr2x.5/Relu_output_0", "shape": ["1", "32", "256", "256"]}, {"name": "/hr_branch/conv_hr2x/conv_hr2x.5/Relu_output_0_QuantizeLinear_Output", "shape": ["1", "32", "256", "256"]}, {"name": "/hr_branch/conv_hr2x/conv_hr2x.5/Relu_output_0_DequantizeLinear_Output", "shape": ["1", "32", "256", "256"]}, {"name": "hr_branch.conv_hr2x.6.weight_DequantizeLinear_Output", "shape": ["32", "32", "3", "3"]}, {"name": "hr_branch.conv_hr2x.6.bias_DequantizeLinear_Output", "shape": ["32"]}, {"name": "/hr_branch/conv_hr2x/conv_hr2x.6/Conv_output_0", "shape": ["1", "32", "256", "256"]}, {"name": "/hr_branch/conv_hr2x/conv_hr2x.7/Relu_output_0", "shape": ["1", "32", "256", "256"]}, {"name": "/hr_branch/conv_hr2x/conv_hr2x.7/Relu_output_0_QuantizeLinear_Output", "shape": ["1", "32", "256", "256"]}, {"name": "/hr_branch/conv_hr2x/conv_hr2x.7/Relu_output_0_DequantizeLinear_Output", "shape": ["1", "32", "256", "256"]}, {"name": "/hr_branch/Resize_2_output_0_DequantizeLinear_Output/duplicated", "shape": ["1", "32", "128", "128"]}, {"name": "f_branch.conv_lr4x.0.weight_DequantizeLinear_Output", "shape": ["32", "32", "5", "5"]}, {"name": "f_branch.conv_lr4x.0.bias_DequantizeLinear_Output", "shape": ["32"]}, {"name": "/f_branch/conv_lr4x/conv_lr4x.0/Conv_output_0", "shape": ["1", "32", "128", "128"]}, {"name": "/f_branch/conv_lr4x/conv_lr4x.1/Relu_output_0", "shape": ["1", "32", "128", "128"]}, {"name": "/f_branch/conv_lr4x/conv_lr4x.1/Relu_output_0_QuantizeLinear_Output", "shape": ["1", "32", "128", "128"]}, {"name": "/f_branch/conv_lr4x/conv_lr4x.1/Relu_output_0_DequantizeLinear_Output", "shape": ["1", "32", "128", "128"]}, {"name": "/f_branch/Resize_1_output_0", "shape": ["1", "32", "256", "256"]}, {"name": "/f_branch/Resize_1_output_0_QuantizeLinear_Output", "shape": ["1", "32", "256", "256"]}, {"name": "/f_branch/Resize_1_output_0_DequantizeLinear_Output", "shape": ["1", "32", "256", "256"]}, {"name": "/f_branch/Concat_output_0", "shape": ["1", "64", "256", "256"]}, {"name": "/f_branch/Concat_output_0_QuantizeLinear_Output", "shape": ["1", "64", "256", "256"]}, {"name": "/f_branch/Concat_output_0_DequantizeLinear_Output", "shape": ["1", "64", "256", "256"]}, {"name": "f_branch.conv_f2x.0.weight_DequantizeLinear_Output", "shape": ["32", "64", "3", "3"]}, {"name": "f_branch.conv_f2x.0.bias_DequantizeLinear_Output", "shape": ["32"]}, {"name": "/f_branch/conv_f2x/conv_f2x.0/Conv_output_0", "shape": ["1", "32", "256", "256"]}, {"name": "/f_branch/conv_f2x/conv_f2x.1/Relu_output_0", "shape": ["1", "32", "256", "256"]}, {"name": "/f_branch/conv_f2x/conv_f2x.1/Relu_output_0_QuantizeLinear_Output", "shape": ["1", "32", "256", "256"]}, {"name": "/f_branch/conv_f2x/conv_f2x.1/Relu_output_0_DequantizeLinear_Output", "shape": ["1", "32", "256", "256"]}, {"name": "/f_branch/Resize_2_output_0", "shape": ["1", "32", "512", "512"]}, {"name": "/f_branch/Resize_2_output_0_QuantizeLinear_Output", "shape": ["1", "32", "512", "512"]}, {"name": "/f_branch/Resize_2_output_0_DequantizeLinear_Output", "shape": ["1", "32", "512", "512"]}, {"name": "/f_branch/Concat_1_output_0", "shape": ["1", "35", "512", "512"]}, {"name": "/f_branch/Concat_1_output_0_QuantizeLinear_Output", "shape": ["1", "35", "512", "512"]}, {"name": "/f_branch/Concat_1_output_0_DequantizeLinear_Output", "shape": ["1", "35", "512", "512"]}, {"name": "f_branch.conv_f.0.weight_DequantizeLinear_Output", "shape": ["16", "35", "3", "3"]}, {"name": "f_branch.conv_f.0.bias_DequantizeLinear_Output", "shape": ["16"]}, {"name": "/f_branch/conv_f/conv_f.0/Conv_output_0", "shape": ["1", "16", "512", "512"]}, {"name": "/f_branch/conv_f/conv_f.1/Relu_output_0", "shape": ["1", "16", "512", "512"]}, {"name": "/f_branch/conv_f/conv_f.1/Relu_output_0_QuantizeLinear_Output", "shape": ["1", "16", "512", "512"]}, {"name": "/f_branch/conv_f/conv_f.1/Relu_output_0_DequantizeLinear_Output", "shape": ["1", "16", "512", "512"]}, {"name": "f_branch.conv_f.2.weight_DequantizeLinear_Output", "shape": ["1", "16", "1", "1"]}, {"name": "f_branch.conv_f.2.bias_DequantizeLinear_Output", "shape": ["1"]}, {"name": "logits_QuantizeLinear_Input", "shape": ["1", "1", "512", "512"]}, {"name": "logits_QuantizeLinear_Output", "shape": ["1", "1", "512", "512"]}, {"name": "logits", "shape": ["1", "1", "512", "512"]}], "subgraphStat": [{"device": "DPU", "count": 2}]}}
NPU_TIMELINE "\n-----------------------------\n[003d:00:01.1] : NPU Phoenix\n-----------------------------\nAIE Partitions\n  Total Memory Usage: 179 MB\n  Partition Index   : 0\n    Columns: [1, 2, 3, 4]\n    HW Contexts:\n      |PID                 |Ctx ID     |Submissions |Migrations  |Err  |Priority |\n      |Process Name        |Status     |Completions |Suspensions |     |GOPS     |\n      |Memory Usage        |Instr BO   |            |            |     |FPS      |\n      |                    |           |            |            |     |Latency  |\n      |====================|===========|============|============|=====|=========|\n      |49500               |2          |48          |0           |0    |Normal   |\n      |python.exe          |Active     |48          |0           |     |32       |\n      |179 MB              |4256 KB    |            |            |     |N/A      |\n      |                    |           |            |            |     |N/A      |\n      |--------------------|-----------|------------|------------|-----|---------|\n"
NPU_OWNERSHIP {"context_pids": [49500], "owned_pids": [49500, 60332], "foreign_pids": []}
HOST_TIMELINE {"elapsed_seconds": 3.734, "tree_rss_bytes": 421462016, "foreign_peers": []}
NPU_TIMELINE "\n-----------------------------\n[003d:00:01.1] : NPU Phoenix\n-----------------------------\nAIE Partitions\n  Total Memory Usage: 179 MB\n  Partition Index   : 0\n    Columns: [1, 2, 3, 4]\n    HW Contexts:\n      |PID                 |Ctx ID     |Submissions |Migrations  |Err  |Priority |\n      |Process Name        |Status     |Completions |Suspensions |     |GOPS     |\n      |Memory Usage        |Instr BO   |            |            |     |FPS      |\n      |                    |           |            |            |     |Latency  |\n      |====================|===========|============|============|=====|=========|\n      |49500               |2          |536         |0           |0    |Normal   |\n      |python.exe          |Active     |535         |0           |     |32       |\n      |179 MB              |4256 KB    |            |            |     |N/A      |\n      |                    |           |            |            |     |N/A      |\n      |--------------------|-----------|------------|------------|-----|---------|\n"
NPU_OWNERSHIP {"context_pids": [49500], "owned_pids": [49500, 60332], "foreign_pids": []}
HOST_TIMELINE {"elapsed_seconds": 7.438, "tree_rss_bytes": 421474304, "foreign_peers": []}
HOST_TIMELINE {"elapsed_seconds": 11.219, "tree_rss_bytes": 422260736, "foreign_peers": []}
NPU_TIMELINE "\n-----------------------------\n[003d:00:01.1] : NPU Phoenix\n-----------------------------\nAIE Partitions\n  Total Memory Usage: 179 MB\n  Partition Index   : 0\n    Columns: [1, 2, 3, 4]\n    HW Contexts:\n      |PID                 |Ctx ID     |Submissions |Migrations  |Err  |Priority |\n      |Process Name        |Status     |Completions |Suspensions |     |GOPS     |\n      |Memory Usage        |Instr BO   |            |            |     |FPS      |\n      |                    |           |            |            |     |Latency  |\n      |====================|===========|============|============|=====|=========|\n      |49500               |2          |1134        |0           |0    |Normal   |\n      |python.exe          |Active     |1133        |0           |     |32       |\n      |179 MB              |4256 KB    |            |            |     |N/A      |\n      |                    |           |            |            |     |N/A      |\n      |--------------------|-----------|------------|------------|-----|---------|\n"
NPU_OWNERSHIP {"context_pids": [49500], "owned_pids": [49500, 60332], "foreign_pids": []}
HOST_TIMELINE {"elapsed_seconds": 14.969, "tree_rss_bytes": 422260736, "foreign_peers": []}
NPU_TIMELINE "\n-----------------------------\n[003d:00:01.1] : NPU Phoenix\n-----------------------------\nAIE Partitions\n  Total Memory Usage: 179 MB\n  Partition Index   : 0\n    Columns: [1, 2, 3, 4]\n    HW Contexts:\n      |PID                 |Ctx ID     |Submissions |Migrations  |Err  |Priority |\n      |Process Name        |Status     |Completions |Suspensions |     |GOPS     |\n      |Memory Usage        |Instr BO   |            |            |     |FPS      |\n      |                    |           |            |            |     |Latency  |\n      |====================|===========|============|============|=====|=========|\n      |49500               |2          |1624        |0           |0    |Normal   |\n      |python.exe          |Active     |1623        |0           |     |32       |\n      |179 MB              |4256 KB    |            |            |     |N/A      |\n      |                    |           |            |            |     |N/A      |\n      |--------------------|-----------|------------|------------|-----|---------|\n"
NPU_OWNERSHIP {"context_pids": [49500], "owned_pids": [49500, 60332], "foreign_pids": []}
BENCHMARK {"backend": "amd", "warmup": 50, "frames": 500, "image": "data/modnet_val/000000001000.jpg", "mean_ms": 31.31917680101469, "p95_ms": 32.15475001488812, "stages": {"pre_ms": 2.637608801946044, "network_ms": 26.55805059801787, "post_ms": 2.1235174010507762}, "samples_ms": [31.26620000693947, 31.074500060640275, 31.103000044822693, 31.43629990518093, 31.065899995155632, 30.438399990089238, 30.877399956807494, 32.02050004620105, 30.922200065106153, 31.602000002749264, 32.35650004353374, 30.881599988788366, 31.838600058108568, 31.16100002080202, 31.155899981968105, 31.847499893046916, 30.5999000556767, 31.01010003592819, 31.54479991644621, 30.284599983133376, 31.15659998729825, 30.834699980914593, 31.018500099889934, 30.64890007954091, 30.62470001168549, 30.97910003270954, 30.71650001220405, 30.56430001743138, 31.477199983783066, 31.788900028914213, 33.02450000774115, 33.224200014956295, 31.21409995947033, 31.923600006848574, 31.834900029934943, 31.582799972966313, 31.518999952822924, 31.235600006766617, 31.115499907173216, 31.397199956700206, 31.295399996452034, 31.391500029712915, 31.439400045201182, 31.11059998627752, 32.13189996313304, 31.28100000321865, 31.295099994167686, 31.97609994094819, 32.053699949756265, 31.257599941454828, 30.645000049844384, 31.305600074119866, 31.64579998701811, 30.902200029231608, 31.815200112760067, 30.77419998589903, 32.15400001499802, 32.11260004900396, 32.01139997690916, 31.68120002374053, 31.92849992774427, 31.410500057972968, 31.522999983280897, 31.343000009655952, 31.182699953205884, 31.5030999481678, 31.35359997395426, 32.001800020225346, 31.025599921122193, 31.450600014068186, 30.84400005172938, 31.85170004144311, 31.533399946056306, 31.534699955955148, 31.11370000988245, 31.587500008754432, 31.591200036928058, 31.71679994557053, 31.41900000628084, 30.9503999305889, 31.593299936503172, 31.1760000186041, 30.67359991837293, 31.964799971319735, 31.438900041393936, 31.533400062471628, 31.612099963240325, 31.76130005158484, 31.243600067682564, 31.083500012755394, 31.43800003454089, 32.26670005824417, 30.69119993597269, 31.449600006453693, 31.654799939133227, 31.28260001540184, 30.441600014455616, 31.301400042138994, 31.37280000373721, 31.445400090888143, 31.401499989442527, 31.405200017616153, 31.404900015331805, 31.459299963898957, 30.56969994213432, 31.32690000347793, 31.936499988660216, 31.351200072094798, 31.250400003045797, 31.424199929460883, 30.81450005993247, 31.004699994809926, 31.59519995097071, 31.28420002758503, 30.947999912314117, 30.9656000463292, 31.243800069205463, 31.00140008609742, 31.115500023588538, 30.554099939763546, 30.66609997767955, 31.171999988146126, 31.37580002658069, 30.78479995019734, 31.97729995008558, 30.910199973732233, 30.467999982647598, 31.018099980428815, 30.75679996982217, 31.198399956338108, 31.619699904695153, 30.997100053355098, 31.964399968273938, 31.30919998511672, 30.97429999615997, 30.923599959351122, 31.556799891404808, 31.661099987104535, 30.63789999578148, 31.681799911893904, 30.98340006545186, 30.373800080269575, 30.581400031223893, 32.048999913968146, 31.052300008013844, 31.372199999168515, 30.76400002464652, 31.19960008189082, 31.687899958342314, 31.114200013689697, 31.519200070761144, 31.173499999567866, 31.575500033795834, 31.503999955020845, 31.537899980321527, 31.061299960128963, 30.944099999032915, 31.490899971686304, 31.7171000642702, 30.95980000216514, 31.55539999715984, 31.480200006626546, 32.02180005609989, 31.352100078947842, 30.758700100705028, 32.53049997147173, 31.772200018167496, 30.739599955268204, 31.186999985948205, 31.345099909231067, 31.42749995458871, 30.714199994690716, 31.2111999373883, 31.38169995509088, 31.32130007725209, 33.32589997444302, 33.69630000088364, 31.985400011762977, 31.769099994562566, 31.295499997213483, 31.76869999151677, 31.714500044472516, 31.1993999639526, 31.270199920982122, 31.45290003158152, 31.335199950262904, 31.058399938046932, 31.5034999512136, 31.667300034314394, 31.305400072596967, 31.2188999960199, 31.132300035096705, 31.287199934013188, 31.570799998007715, 31.88679995946586, 31.55199997127056, 31.367999967187643, 31.13299992401153, 31.252700020559132, 32.043500104919076, 32.367800013162196, 31.124499975703657, 31.171899987384677, 31.026599928736687, 31.237500021234155, 31.246700091287494, 31.11850004643202, 30.558699974790215, 31.43949992954731, 31.618000008165836, 30.8645999757573, 30.66050005145371, 31.00259997881949, 31.064299982972443, 30.574100092053413, 30.805099988356233, 30.906800064258277, 31.627400079742074, 31.483400030992925, 30.71540000382811, 31.412300071679056, 31.548500061035156, 31.266800011508167, 30.933700036257505, 31.43830003682524, 30.946700018830597, 31.24140005093068, 30.28399997856468, 30.935500049963593, 31.721499981358647, 30.821099993772805, 31.102200038731098, 31.54899994842708, 31.705599976703525, 31.477099983021617, 31.00580000318587, 31.320399953983724, 33.37810002267361, 30.955999973230064, 31.95360000245273, 30.698499991558492, 31.50759998243302, 30.684600002132356, 31.42930008471012, 31.6156999906525, 32.3003000812605, 31.691999989561737, 30.73430003132671, 30.779700027778745, 31.419800012372434, 31.02810005657375, 31.091699958778918, 31.02889994625002, 31.046599964611232, 30.553199932910502, 31.058400054462254, 33.90180005226284, 32.61590003967285, 30.997700057923794, 31.131999916397035, 30.493800062686205, 31.84880001936108, 30.692099942825735, 31.38309996575117, 30.661199940368533, 31.471499940380454, 31.613199971616268, 31.201999983750284, 30.739499954506755, 31.83550003450364, 31.61459998227656, 31.068400014191866, 30.856199911795557, 31.21429996099323, 32.17110002879053, 32.804799964651465, 31.05170000344515, 30.722100054845214, 31.529700034298003, 31.170599977485836, 32.010599970817566, 31.167199951596558, 31.121899955905974, 31.50190005544573, 31.535200076177716, 31.46349999587983, 31.764999963343143, 31.9935999577865, 31.112700002267957, 31.467999913729727, 31.496400013566017, 31.775199924595654, 31.184199964627624, 31.354199978522956, 32.271599979139864, 31.28250001464039, 31.109899980947375, 31.51240001898259, 31.497900024987757, 31.37470001820475, 31.5419000107795, 31.46190010011196, 31.821400043554604, 31.209199922159314, 31.505699967965484, 31.198399956338108, 31.336199957877398, 30.972499982453883, 32.484799972735345, 31.349100056104362, 31.13320004194975, 31.11069998703897, 31.626200070604682, 32.22139994613826, 31.322099966928363, 31.818300019949675, 32.007900066673756, 31.2426999444142, 32.1690000128001, 32.981300028041005, 31.534300069324672, 30.916899908334017, 31.56689996831119, 30.548500013537705, 31.007900019176304, 30.65730002708733, 30.75810009613633, 31.47789998911321, 30.575399985536933, 31.4097999362275, 30.28559999074787, 30.82620003260672, 31.693800003267825, 30.717000016011298, 31.375400023534894, 30.825399910099804, 30.95230006147176, 31.27390006557107, 31.942800036631525, 31.46920003928244, 31.872999970801175, 31.242000055499375, 31.16570005659014, 31.43809991888702, 31.23960003722459, 30.84590006619692, 30.949699925258756, 30.921299941837788, 31.025200034491718, 31.049500103108585, 30.690600047819316, 31.475800089538097, 31.88860008958727, 30.791199998930097, 30.391099979169667, 31.24869999010116, 30.866200104355812, 31.513100024312735, 31.668399926275015, 31.21309995185584, 30.966299935244024, 30.41770006529987, 30.692000058479607, 30.81300004851073, 32.04229997936636, 30.79919994343072, 30.955999973230064, 30.582499923184514, 31.706999987363815, 30.584999942220747, 30.773299979045987, 31.95219999179244, 31.05280001182109, 30.747500015422702, 30.197600019164383, 31.353200087323785, 32.340000034309924, 30.89299995917827, 30.610500019975007, 30.835799989290535, 30.78170004300773, 30.57150007225573, 31.05580003466457, 30.398900038562715, 30.43829998932779, 30.725899967364967, 31.399200088344514, 30.693800072185695, 31.7285000346601, 31.88859997317195, 31.63690003566444, 31.179099925793707, 31.182399950921535, 31.554099987260997, 31.07240004464984, 31.319500063546002, 31.22930007521063, 31.89320000819862, 31.657999963499606, 31.237300019711256, 31.84409998357296, 31.72989992890507, 32.02369995415211, 31.49269998539239, 31.129200011491776, 31.17900004144758, 31.364999944344163, 31.79229993838817, 31.96990001015365, 31.20430000126362, 30.800200067460537, 31.32819989696145, 31.348200049251318, 31.17570001631975, 32.08150004502386, 31.146700028330088, 31.38349996879697, 31.320299953222275, 31.548299943096936, 30.929000000469387, 31.34660003706813, 31.156899989582598, 31.262800097465515, 31.317100045271218, 31.959799933247268, 31.605300027877092, 32.08540007472038, 31.800099997781217, 31.531900051049888, 30.99540004041046, 31.674299971200526, 31.761000049300492, 31.76249994430691, 31.086300034075975, 31.984400004148483, 31.319999950937927, 30.878299963660538, 31.664000009186566, 30.850899987854064, 32.213600003160536, 31.304500065743923, 31.11049998551607, 32.3127000592649, 31.218399992212653, 31.165400054305792, 31.04719996917993, 31.605300027877092, 31.210699933581054, 31.509799999184906, 30.98769998177886, 30.769200064241886, 30.314099974930286, 31.547500053420663, 30.903599923476577, 31.94929996971041, 31.23980003874749, 30.58190003503114, 31.069599906913936, 30.825200024992228, 30.837500002235174, 31.75079997163266, 31.22500004246831, 30.693299951963127, 30.391499982215464, 30.646600062027574, 32.81879995483905, 31.28240001387894, 31.62299992982298, 30.67639993969351, 31.216599978506565, 31.15840000100434, 30.942899989895523, 30.727699981071055, 31.178200035355985, 31.781499972566962, 30.558699974790215, 30.7164000114426, 31.28270001616329, 31.099800020456314, 30.434399959631264, 30.852199997752905, 31.788900028914213, 30.673200031742454, 31.478599994443357, 32.0868999697268, 31.258099945262074, 31.902599963359535, 33.31229998730123, 32.19290007837117, 31.121900072321296, 31.036100001074374, 30.384400044567883, 31.094300094991922, 30.95090005081147, 31.482799910008907, 31.571900006383657, 30.893399962224066, 30.627899919636548, 31.00710001308471, 31.35239996481687]}
BENCHMARK_OUTPUT {"image": "data/modnet_val/000000001000.jpg", "oracle": {"exact": false, "close": false, "max_abs": 32.0, "mean_abs": 1.9345855712890625}}
HOST_TIMELINE {"elapsed_seconds": 18.625, "tree_rss_bytes": 529346560, "foreign_peers": []}
POST_NPU_CONTEXT_WITNESS "\n-----------------------------\n[003d:00:01.1] : NPU Phoenix\n-----------------------------\nAIE Partitions\n  No hardware contexts running on device\n\n"
RESEARCH_PROCESS_RESULT {"exit_code": 0, "stop": null, "peak_tree_rss_bytes": 540344320, "rss_measurement": "maximum observed across sampled descendant working sets; zero observations reported as null", "elapsed_seconds": 20.42200000002049, "foreign_contention_observed": false, "timing_eligible": true}
