RESEARCH_PLATFORM {"machine": "Desktop 2", "cpu": "AMD Ryzen 7 8700G w/ Radeon 780M Graphics", "os": "Windows-11-10.0.26200-SP0", "ram_bytes": 33381138432, "source_sha256": {"tools/research_process.py": "1e356a0b7bd37e6185fe91f4e5e40586bf3b02af144a86318905d6ac6a205e2d", "tools/quant_calib_alphabet.py": "2dc0b2878c564853f340880209a425dfcf63b8536b2b8e9fd32344daade58d37", "tools/xint8_arithmetic_probe.py": "6aa3df08b9870c3c2264b868459d7ffbac3070dddc1349d7c6f3f480075f7041", "scripts/research-lowlevel.sh": "3455ad7933697936487712665505c216891865c6deada647302785f6e37020bd", "scripts/research-iron.sh": "4c863a262646ddab39b5005006ba8e03809895e6386c6310e2fd9d0a9e9609ee", "kernels/memory_placement/probe.py": "e8d990169ad6091fa1b53852e9f61eff495b5def72d35165a5c5cf1759e38898", "kernels/memory_placement/memory_kernels.cc": "182e7af7071a1e851afb4a7ca266069c489aea1fbaaa85eca129708daeba5ba6", "scripts/research-matrix.sh": "739254171629deae822b0ad7dabc875aee19ace56dde77d3e8aab61663f97516", "kernels/memory_placement/gemm.py": "17c905ad66110d3346bbf0db898dfc6b780df59fae1dfb0c1747057ce1e5844e", "kernels/memory_placement/gemm_placement.cc": "f21acf7250b12914ea30cc1f77613239dfa18421a85a1b9a5199017dd916278a", "tools/research_summary.py": "0c00dcceef07053d06731b41a1f1ed58d3ba4ea09f82497de354ce9cef17da20", "tools/research_toolchain.py": "f0a126a24ae213acfaa43460cfd9def0c86d9cb70cfee0228aa271688467b314"}, "commit": "7c9efd5f0d35f23a5ce6d476900660600ab4f10c", "command": ["python", "benchmarks/dense_compare.py", "bench", "--family", "bisenetv2", "--pins", "results/dense/bisenetv2_pins_20260919.json", "--artifacts", "build/dense_validation/initial_20260919", "--backend", "amd", "--container", "build/bisenetv2_dense.ignite"], "seconds_limit": 1200.0, "rss_gib_limit": 10.0, "checks_only": false, "free_ram_bytes": 17788825600}
HOST_LOAD busy_cores=0.11 logical_cores=16 free_ram_gb=16.5 sample_sec=1
HOST_LOAD_TOP 0.03 powershell:59152 ws_mb=83
HOST_LOAD_TOP 0.02 <tool>:31968 ws_mb=254
HOST_LOAD_TOP 0.02 <tool>:2252 ws_mb=399
HOST_LOAD_TOP 0.02 <tool>:51236 ws_mb=162
HOST_LOAD_TOP 0.02 <tool>:21712 ws_mb=449
HOST_LOAD_VERDICT CLEAR

PRE_NPU_CONTEXT_WITNESS "\n-----------------------------\n[003d:00:01.1] : NPU Phoenix\n-----------------------------\nAIE Partitions\n  No hardware contexts running on device\n\n"
IDENTITY {"family": "bisenetv2", "pins_sha256": "8ee15fcb737d5285a3372d1430001e643f6e435f200978ea28fa879ed53eba62", "model_sha256": "5206b31103fb80f812b837c9402b4dbaf8f098f0df2c06bc96b18398644aab8e", "numpy": "1.26.4", "ort": "1.23.3.dev20260320", "images": 50, "full_set": true, "source_sha256": {"benchmarks/dense_compare.py": "521ebd1eab4944ae8d47b5aa85ef56bcb8872dd206648357675ce7c21a444eed", "src/ignite_xdna/compiler/dense_regions.py": "75d4b5c4704c2876307a3188ee2f41e1a3b0db325797c2314e1ea5cabd2e693d", "src/ignite_xdna/compiler/graph_ir.py": "59e3dcafb9a0393718774c681fbfb7f733271f06d1efb766b26940f6de7b29ba", "src/ignite_xdna/compiler/engine_schedule.py": "3a91bb06c127462159224e08b0b1473c3d995cde4f3da29a782d4f755ba57118", "src/ignite_xdna/compiler/engine_compile.py": "a80eaee6c7f09e3862c46c3c76c987cc441e318e864827b6d99b8f9ad8e854f8", "src/ignite_xdna/runtime/graph_session.py": "ad7e98f28acb04f5218db5bf7d46e305835e022a0e8324167ad9183c7fd1ea48", "src/ignite_xdna/runtime/dense_session.py": "6c1ac7058b2d66bdc8d57dec1452a382cfde4656a6fba60d24f3220635b82958"}}
RYZEN_AI_INSTALLATION_PATH = C:\Program Files\RyzenAI\1.7.1
xclbin: C:\Program Files\RyzenAI\1.7.1\voe-4.0-win_amd64\xclbins\phoenix\4x4.xclbin
onnxruntime 1.23.3.dev20260320  providers: ['VitisAIExecutionProvider', 'DmlExecutionProvider', 'CPUExecutionProvider']
cache:  C:\Users\<user>\PycharmProjects\ignite-xdna\bisenetv2cachekey
First run compiles the model. It takes a while and looks frozen. It isn't.
2026-09-19 14:30:46.8686753 [I:onnxruntime:, inference_session.cc:606 onnxruntime::InferenceSession::TraceSessionOptions] Session Options {  execution_mode:0 execution_order:DEFAULT enable_profiling:0 optimized_model_filepath: enable_mem_pattern:1 enable_mem_reuse:1 enable_cpu_mem_arena:1 profile_file_prefix:onnxruntime_profile_ session_logid: session_log_severity_level:1 session_log_verbosity_level:0 max_num_graph_transformation_steps:10 graph_optimization_level:4 intra_op_param:OrtThreadPoolParams { thread_pool_size: 0 auto_set_affinity: 0 allow_spinning: 1 dynamic_block_base_: 0 stack_size: 0 affinity_str:  set_denormal_as_zero: 0 } inter_op_param:OrtThreadPoolParams { thread_pool_size: 0 auto_set_affinity: 0 allow_spinning: 1 dynamic_block_base_: 0 stack_size: 0 affinity_str:  set_denormal_as_zero: 0 } use_per_session_threads:1 thread_pool_allow_spinning:1 use_deterministic_compute:0 ep_selection_policy:0 config_options: {  } }
2026-09-19 14:30:46.8694847 [I:onnxruntime:, inference_session.cc:422 onnxruntime::InferenceSession::ConstructorCommon] Creating and using per session threadpools since use_per_session_threads_ is true
2026-09-19 14:30:46.8696071 [I:onnxruntime:, inference_session.cc:446 onnxruntime::InferenceSession::ConstructorCommon] Dynamic block base set to 0
2026-09-19 14:30:46.9812860 [I:onnxruntime:, inference_session.cc:2042 onnxruntime::InferenceSession::Initialize] Initializing session.
2026-09-19 14:30:46.9813974 [I:onnxruntime:, inference_session.cc:2080 onnxruntime::InferenceSession::Initialize] Adding default CPU execution provider.
2026-09-19 14:30:46.9816023 [I:onnxruntime:, graph_partitioner.cc:1209 onnxruntime::GraphPartitioner::InlineFunctionsAOT] This model does not have any local functions defined. AOT Inlining is not performed
2026-09-19 14:30:46.9820582 [I:onnxruntime:, graph_transformer.cc:15 onnxruntime::GraphTransformer::Apply] GraphTransformer EnsureUniqueDQForNodeUnit modified: 1 with status: OK
2026-09-19 14:30:46.9850023 [I:onnxruntime:, graph_transformer.cc:15 onnxruntime::GraphTransformer::Apply] GraphTransformer Level1_RuleBasedTransformer modified: 1 with status: OK
2026-09-19 14:30:46.9871339 [I:onnxruntime:, graph.cc:4888 onnxruntime::Graph::CleanUnusedInitializersAndNodeArgs] Removing initializer '/segment/S5_5/ReduceMean_output_0_Scale'. It is no longer used by any node.
2026-09-19 14:30:46.9875389 [I:onnxruntime:, graph_transformer.cc:15 onnxruntime::GraphTransformer::Apply] GraphTransformer DoubleQDQPairsRemover modified: 0 with status: OK
2026-09-19 14:30:46.9886094 [I:onnxruntime:, constant_sharing.cc:248 onnxruntime::ConstantSharing::ApplyImpl] Total shared scalar initializer count: 175
2026-09-19 14:30:46.9887183 [I:onnxruntime:, graph_transformer.cc:15 onnxruntime::GraphTransformer::Apply] GraphTransformer ConstantSharing modified: 1 with status: OK
2026-09-19 14:30:46.9942626 [I:onnxruntime:, graph_transformer.cc:15 onnxruntime::GraphTransformer::Apply] GraphTransformer CommonSubexpressionElimination modified: 0 with status: OK
2026-09-19 14:30:46.9946390 [I:onnxruntime:, graph_transformer.cc:15 onnxruntime::GraphTransformer::Apply] GraphTransformer ConstantFolding modified: 0 with status: OK
2026-09-19 14:30:46.9948361 [I:onnxruntime:, graph_transformer.cc:15 onnxruntime::GraphTransformer::Apply] GraphTransformer MatMulAddFusion modified: 0 with status: OK
2026-09-19 14:30:46.9950285 [I:onnxruntime:, graph_transformer.cc:15 onnxruntime::GraphTransformer::Apply] GraphTransformer ReshapeFusion modified: 0 with status: OK
2026-09-19 14:30:46.9951488 [I:onnxruntime:, graph_transformer.cc:15 onnxruntime::GraphTransformer::Apply] GraphTransformer FreeDimensionOverrideTransformer modified: 0 with status: OK
2026-09-19 14:30:46.9952848 [I:onnxruntime:, graph_transformer.cc:15 onnxruntime::GraphTransformer::Apply] GraphTransformer GeluFusionL1 modified: 0 with status: OK
2026-09-19 14:30:46.9954773 [I:onnxruntime:, graph_transformer.cc:15 onnxruntime::GraphTransformer::Apply] GraphTransformer LayerNormFusionL1 modified: 0 with status: OK
2026-09-19 14:30:46.9959057 [I:onnxruntime:, graph_transformer.cc:15 onnxruntime::GraphTransformer::Apply] GraphTransformer QDQPropagationTransformer modified: 0 with status: OK
2026-09-19 14:30:46.9962057 [I:onnxruntime:, graph_transformer.cc:15 onnxruntime::GraphTransformer::Apply] GraphTransformer WeightBiasQuantization modified: 0 with status: OK
2026-09-19 14:30:46.9964569 [I:onnxruntime:, graph_transformer.cc:15 onnxruntime::GraphTransformer::Apply] GraphTransformer EnsureUniqueDQForNodeUnit modified: 0 with status: OK
2026-09-19 14:30:46.9966649 [I:onnxruntime:, graph_transformer.cc:15 onnxruntime::GraphTransformer::Apply] GraphTransformer RocmBlasAltImpl modified: 0 with status: OK
2026-09-19 14:30:46.9974898 [I:onnxruntime:, graph_transformer.cc:15 onnxruntime::GraphTransformer::Apply] GraphTransformer TransposeOptimizer modified: 0 with status: OK
2026-09-19 14:30:46.9977398 [I:onnxruntime:, graph_transformer.cc:15 onnxruntime::GraphTransformer::Apply] GraphTransformer Level1_RuleBasedTransformer modified: 0 with status: OK
2026-09-19 14:30:46.9981638 [I:onnxruntime:, graph_transformer.cc:15 onnxruntime::GraphTransformer::Apply] GraphTransformer DoubleQDQPairsRemover modified: 0 with status: OK
2026-09-19 14:30:46.9988171 [I:onnxruntime:, graph_transformer.cc:15 onnxruntime::GraphTransformer::Apply] GraphTransformer CommonSubexpressionElimination modified: 0 with status: OK
2026-09-19 14:30:46.9992435 [I:onnxruntime:, graph_transformer.cc:15 onnxruntime::GraphTransformer::Apply] GraphTransformer ConstantFolding modified: 0 with status: OK
2026-09-19 14:30:46.9994662 [I:onnxruntime:, graph_transformer.cc:15 onnxruntime::GraphTransformer::Apply] GraphTransformer MatMulAddFusion modified: 0 with status: OK
2026-09-19 14:30:46.9996780 [I:onnxruntime:, graph_transformer.cc:15 onnxruntime::GraphTransformer::Apply] GraphTransformer ReshapeFusion modified: 0 with status: OK
2026-09-19 14:30:46.9998202 [I:onnxruntime:, graph_transformer.cc:15 onnxruntime::GraphTransformer::Apply] GraphTransformer FreeDimensionOverrideTransformer modified: 0 with status: OK
2026-09-19 14:30:46.9999672 [I:onnxruntime:, graph_transformer.cc:15 onnxruntime::GraphTransformer::Apply] GraphTransformer GeluFusionL1 modified: 0 with status: OK
2026-09-19 14:30:47.0001800 [I:onnxruntime:, graph_transformer.cc:15 onnxruntime::GraphTransformer::Apply] GraphTransformer LayerNormFusionL1 modified: 0 with status: OK
2026-09-19 14:30:47.0006133 [I:onnxruntime:, graph_transformer.cc:15 onnxruntime::GraphTransformer::Apply] GraphTransformer QDQPropagationTransformer modified: 0 with status: OK
2026-09-19 14:30:47.0009014 [I:onnxruntime:, graph_transformer.cc:15 onnxruntime::GraphTransformer::Apply] GraphTransformer WeightBiasQuantization modified: 0 with status: OK
2026-09-19 14:30:47.0011674 [I:onnxruntime:, graph_transformer.cc:15 onnxruntime::GraphTransformer::Apply] GraphTransformer EnsureUniqueDQForNodeUnit modified: 0 with status: OK
2026-09-19 14:30:47.0071475 [I:onnxruntime:, graph_transformer.cc:15 onnxruntime::GraphTransformer::Apply] GraphTransformer RocmBlasAltImpl modified: 0 with status: OK
2026-09-19 14:30:47.0921048 [I:onnxruntime:, graph.cc:4888 onnxruntime::Graph::CleanUnusedInitializersAndNodeArgs] Removing initializer 'onnx::Conv_645_scale'. It is no longer used by any node.
2026-09-19 14:30:47.0923414 [I:onnxruntime:, graph.cc:4888 onnxruntime::Graph::CleanUnusedInitializersAndNodeArgs] Removing initializer 'onnx::Conv_512_zero_point'. It is no longer used by any node.
2026-09-19 14:30:47.0925745 [I:onnxruntime:, graph.cc:4888 onnxruntime::Graph::CleanUnusedInitializersAndNodeArgs] Removing initializer 'onnx::Conv_666_quantized'. It is no longer used by any node.
2026-09-19 14:30:47.0927230 [I:onnxruntime:, graph.cc:4888 onnxruntime::Graph::CleanUnusedInitializersAndNodeArgs] Removing initializer '/detail/S2/S2.0/relu/Relu_output_0_scale'. It is no longer used by any node.
2026-09-19 14:30:47.0928766 [I:onnxruntime:, graph.cc:4888 onnxruntime::Graph::CleanUnusedInitializersAndNodeArgs] Removing initializer '/bga/Sigmoid_output_0_Scale'. It is no longer used by any node.
2026-09-19 14:30:47.0930273 [I:onnxruntime:, graph.cc:4888 onnxruntime::Graph::CleanUnusedInitializersAndNodeArgs] Removing initializer '/bga/up1/Constant_output_0'. It is no longer used by any node.
2026-09-19 14:30:47.0931869 [I:onnxruntime:, graph.cc:4888 onnxruntime::Graph::CleanUnusedInitializersAndNodeArgs] Removing initializer 'onnx::Conv_518_quantized'. It is no longer used by any node.
2026-09-19 14:30:47.0933480 [I:onnxruntime:, graph.cc:4888 onnxruntime::Graph::CleanUnusedInitializersAndNodeArgs] Removing initializer '/head/up/Constant_output_0'. It is no longer used by any node.
2026-09-19 14:30:47.0935033 [I:onnxruntime:, graph.cc:4888 onnxruntime::Graph::CleanUnusedInitializersAndNodeArgs] Removing initializer 'onnx::Conv_542_quantized'. It is no longer used by any node.
2026-09-19 14:30:47.0936578 [I:onnxruntime:, graph.cc:4888 onnxruntime::Graph::CleanUnusedInitializersAndNodeArgs] Removing initializer 'onnx::Conv_522_zero_point'. It is no longer used by any node.
2026-09-19 14:30:47.0938108 [I:onnxruntime:, graph.cc:4888 onnxruntime::Graph::CleanUnusedInitializersAndNodeArgs] Removing initializer 'bga.left1.2.weight_quantized'. It is no longer used by any node.
2026-09-19 14:30:47.0939679 [I:onnxruntime:, graph.cc:4888 onnxruntime::Graph::CleanUnusedInitializersAndNodeArgs] Removing initializer 'onnx::Conv_554_zero_point'. It is no longer used by any node.
2026-09-19 14:30:47.0940970 [I:onnxruntime:, graph.cc:4888 onnxruntime::Graph::CleanUnusedInitializersAndNodeArgs] Removing initializer '/segment/S1S2/left/left.0/relu/Relu_output_0_scale'. It is no longer used by any node.
2026-09-19 14:30:47.0942575 [I:onnxruntime:, graph.cc:4888 onnxruntime::Graph::CleanUnusedInitializersAndNodeArgs] Removing initializer 'onnx::Conv_512_quantized'. It is no longer used by any node.
2026-09-19 14:30:47.0943948 [I:onnxruntime:, graph.cc:4888 onnxruntime::Graph::CleanUnusedInitializersAndNodeArgs] Removing initializer 'onnx::Conv_513_zero_point'. It is no longer used by any node.
2026-09-19 14:30:47.0945325 [I:onnxruntime:, graph.cc:4888 onnxruntime::Graph::CleanUnusedInitializersAndNodeArgs] Removing initializer 'onnx::Conv_581_scale'. It is no longer used by any node.
2026-09-19 14:30:47.0946773 [I:onnxruntime:, graph.cc:4888 onnxruntime::Graph::CleanUnusedInitializersAndNodeArgs] Removing initializer 'onnx::Conv_513_quantized'. It is no longer used by any node.
2026-09-19 14:30:47.0948276 [I:onnxruntime:, graph.cc:4888 onnxruntime::Graph::CleanUnusedInitializersAndNodeArgs] Removing initializer 'onnx::Conv_515_zero_point'. It is no longer used by any node.
2026-09-19 14:30:47.0950408 [I:onnxruntime:, graph.cc:4888 onnxruntime::Graph::CleanUnusedInitializersAndNodeArgs] Removing initializer '/segment/S3/S3.0/shortcut/shortcut.0/Conv_output_0_scale'. It is no longer used by any node.
2026-09-19 14:30:47.0951873 [I:onnxruntime:, graph.cc:4888 onnxruntime::Graph::CleanUnusedInitializersAndNodeArgs] Removing initializer '/bga/Mul_output_0_scale'. It is no longer used by any node.
2026-09-19 14:30:47.0953230 [I:onnxruntime:, graph.cc:4888 onnxruntime::Graph::CleanUnusedInitializersAndNodeArgs] Removing initializer '/segment/S3/S3.0/shortcut/shortcut.0/Conv_output_0_zero_point'. It is no longer used by any node.
2026-09-19 14:30:47.1025501 [I:onnxruntime:, graph.cc:4888 onnxruntime::Graph::CleanUnusedInitializersAndNodeArgs] Removing initializer 'onnx::Conv_536_zero_point'. It is no longer used by any node.
2026-09-19 14:30:47.1027250 [I:onnxruntime:, graph.cc:4888 onnxruntime::Graph::CleanUnusedInitializersAndNodeArgs] Removing initializer 'onnx::Conv_536_quantized'. It is no longer used by any node.
2026-09-19 14:30:47.1028639 [I:onnxruntime:, graph.cc:4888 onnxruntime::Graph::CleanUnusedInitializersAndNodeArgs] Removing initializer 'bga.right2.2.weight_scale'. It is no longer used by any node.
2026-09-19 14:30:47.1030212 [I:onnxruntime:, graph.cc:4888 onnxruntime::Graph::CleanUnusedInitializersAndNodeArgs] Removing initializer '/segment/S4/S4.0/relu/Relu_output_0_zero_point'. It is no longer used by any node.
2026-09-19 14:30:47.1032115 [I:onnxruntime:, graph.cc:4888 onnxruntime::Graph::CleanUnusedInitializersAndNodeArgs] Removing initializer 'onnx::Conv_537_zero_point'. It is no longer used by any node.
2026-09-19 14:30:47.1033776 [I:onnxruntime:, graph.cc:4888 onnxruntime::Graph::CleanUnusedInitializersAndNodeArgs] Removing initializer 'onnx::Conv_515_quantized'. It is no longer used by any node.
2026-09-19 14:30:47.1035253 [I:onnxruntime:, graph.cc:4888 onnxruntime::Graph::CleanUnusedInitializersAndNodeArgs] Removing initializer 'onnx::Conv_537_quantized'. It is no longer used by any node.
2026-09-19 14:30:47.1036707 [I:onnxruntime:, graph.cc:4888 onnxruntime::Graph::CleanUnusedInitializersAndNodeArgs] Removing initializer 'onnx::Conv_665_zero_point'. It is no longer used by any node.
2026-09-19 14:30:47.1038273 [I:onnxruntime:, graph.cc:4888 onnxruntime::Graph::CleanUnusedInitializersAndNodeArgs] Removing initializer '/detail/S1/S1.0/relu/Relu_output_0_zero_point'. It is no longer used by any node.
2026-09-19 14:30:47.1039771 [I:onnxruntime:, graph.cc:4888 onnxruntime::Graph::CleanUnusedInitializersAndNodeArgs] Removing initializer 'onnx::Conv_518_zero_point'. It is no longer used by any node.
2026-09-19 14:30:47.1041093 [I:onnxruntime:, graph.cc:4888 onnxruntime::Graph::CleanUnusedInitializersAndNodeArgs] Removing initializer 'onnx::Conv_558_zero_point'. It is no longer used by any node.
2026-09-19 14:30:47.1042508 [I:onnxruntime:, graph.cc:4888 onnxruntime::Graph::CleanUnusedInitializersAndNodeArgs] Removing initializer '/segment/S1S2/conv/relu/Relu_output_0_zero_point'. It is no longer used by any node.
2026-09-19 14:30:47.1044108 [I:onnxruntime:, graph.cc:4888 onnxruntime::Graph::CleanUnusedInitializersAndNodeArgs] Removing initializer 'onnx::Conv_578_zero_point'. It is no longer used by any node.
2026-09-19 14:30:47.1045697 [I:onnxruntime:, graph.cc:4888 onnxruntime::Graph::CleanUnusedInitializersAndNodeArgs] Removing initializer 'onnx::Conv_653_quantized'. It is no longer used by any node.
2026-09-19 14:30:47.1047227 [I:onnxruntime:, graph.cc:4888 onnxruntime::Graph::CleanUnusedInitializersAndNodeArgs] Removing initializer 'onnx::Conv_621_zero_point'. It is no longer used by any node.
2026-09-19 14:30:47.1048502 [I:onnxruntime:, graph.cc:4888 onnxruntime::Graph::CleanUnusedInitializersAndNodeArgs] Removing initializer 'onnx::Conv_566_quantized'. It is no longer used by any node.
2026-09-19 14:30:47.1049687 [I:onnxruntime:, graph.cc:4888 onnxruntime::Graph::CleanUnusedInitializersAndNodeArgs] Removing initializer 'onnx::Conv_539_zero_point'. It is no longer used by any node.
2026-09-19 14:30:47.1050916 [I:onnxruntime:, graph.cc:4888 onnxruntime::Graph::CleanUnusedInitializersAndNodeArgs] Removing initializer '/detail/S2/S2.1/relu/Relu_output_0_zero_point'. It is no longer used by any node.
2026-09-19 14:30:47.1052201 [I:onnxruntime:, graph.cc:4888 onnxruntime::Graph::CleanUnusedInitializersAndNodeArgs] Removing initializer 'onnx::Conv_543_quantized'. It is no longer used by any node.
2026-09-19 14:30:47.1053342 [I:onnxruntime:, graph.cc:4888 onnxruntime::Graph::CleanUnusedInitializersAndNodeArgs] Removing initializer 'onnx::Conv_567_zero_point'. It is no longer used by any node.
2026-09-19 14:30:47.1152428 [I:onnxruntime:, graph.cc:4888 onnxruntime::Graph::CleanUnusedInitializersAndNodeArgs] Removing initializer 'onnx::Conv_516_zero_point'. It is no longer used by any node.
2026-09-19 14:30:47.1153820 [I:onnxruntime:, graph.cc:4888 onnxruntime::Graph::CleanUnusedInitializersAndNodeArgs] Removing initializer '/segment/S5_4/S5_4.3/relu/Relu_output_0_zero_point'. It is no longer used by any node.
2026-09-19 14:30:47.1155495 [I:onnxruntime:, graph.cc:4888 onnxruntime::Graph::CleanUnusedInitializersAndNodeArgs] Removing initializer '/segment/S1S2/Concat_output_0_zero_point'. It is no longer used by any node.
2026-09-19 14:30:47.1157291 [I:onnxruntime:, graph.cc:4888 onnxruntime::Graph::CleanUnusedInitializersAndNodeArgs] Removing initializer 'onnx::Conv_543_zero_point'. It is no longer used by any node.
2026-09-19 14:30:47.1158787 [I:onnxruntime:, graph.cc:4888 onnxruntime::Graph::CleanUnusedInitializersAndNodeArgs] Removing initializer 'onnx::Conv_617_zero_point'. It is no longer used by any node.
2026-09-19 14:30:47.1159932 [I:onnxruntime:, graph.cc:4888 onnxruntime::Graph::CleanUnusedInitializersAndNodeArgs] Removing initializer 'onnx::Conv_516_quantized'. It is no longer used by any node.
2026-09-19 14:30:47.1161065 [I:onnxruntime:, graph.cc:4888 onnxruntime::Graph::CleanUnusedInitializersAndNodeArgs] Removing initializer 'onnx::Conv_540_zero_point'. It is no longer used by any node.
2026-09-19 14:30:47.1162534 [I:onnxruntime:, graph.cc:4888 onnxruntime::Graph::CleanUnusedInitializersAndNodeArgs] Removing initializer 'onnx::Conv_602_scale'. It is no longer used by any node.
2026-09-19 14:30:47.1163771 [I:onnxruntime:, graph.cc:4888 onnxruntime::Graph::CleanUnusedInitializersAndNodeArgs] Removing initializer 'onnx::Conv_539_quantized'. It is no longer used by any node.
2026-09-19 14:30:47.1164988 [I:onnxruntime:, graph.cc:4888 onnxruntime::Graph::CleanUnusedInitializersAndNodeArgs] Removing initializer '/segment/S1S2/left/left.0/relu/Relu_output_0_zero_point'. It is no longer used by any node.
2026-09-19 14:30:47.1166377 [I:onnxruntime:, graph.cc:4888 onnxruntime::Graph::CleanUnusedInitializersAndNodeArgs] Removing initializer 'onnx::Conv_540_quantized'. It is no longer used by any node.
2026-09-19 14:30:47.1167730 [I:onnxruntime:, graph.cc:4888 onnxruntime::Graph::CleanUnusedInitializersAndNodeArgs] Removing initializer '/segment/S5_5/conv_last/relu/Relu_output_0_zero_point'. It is no longer used by any node.
2026-09-19 14:30:47.1169115 [I:onnxruntime:, graph.cc:4888 onnxruntime::Graph::CleanUnusedInitializersAndNodeArgs] Removing initializer '/detail/S1/S1.1/relu/Relu_output_0_zero_point'. It is no longer used by any node.
2026-09-19 14:30:47.1170333 [I:onnxruntime:, graph.cc:4888 onnxruntime::Graph::CleanUnusedInitializersAndNodeArgs] Removing initializer '/segment/S4/S4.1/conv2/conv2.0/Conv_output_0_zero_point'. It is no longer used by any node.
2026-09-19 14:30:47.1171669 [I:onnxruntime:, graph.cc:4888 onnxruntime::Graph::CleanUnusedInitializersAndNodeArgs] Removing initializer 'onnx::Conv_519_zero_point'. It is no longer used by any node.
2026-09-19 14:30:47.1172793 [I:onnxruntime:, graph.cc:4888 onnxruntime::Graph::CleanUnusedInitializersAndNodeArgs] Removing initializer 'onnx::Conv_519_quantized'. It is no longer used by any node.
2026-09-19 14:30:47.1173883 [I:onnxruntime:, graph.cc:4888 onnxruntime::Graph::CleanUnusedInitializersAndNodeArgs] Removing initializer '/detail/S2/S2.0/relu/Relu_output_0_zero_point'. It is no longer used by any node.
2026-09-19 14:30:47.1175113 [I:onnxruntime:, graph.cc:4888 onnxruntime::Graph::CleanUnusedInitializersAndNodeArgs] Removing initializer 'onnx::Conv_573_quantized'. It is no longer used by any node.
2026-09-19 14:30:47.1176242 [I:onnxruntime:, graph.cc:4888 onnxruntime::Graph::CleanUnusedInitializersAndNodeArgs] Removing initializer 'onnx::Conv_542_zero_point'. It is no longer used by any node.
2026-09-19 14:30:47.1359512 [I:onnxruntime:, graph.cc:4888 onnxruntime::Graph::CleanUnusedInitializersAndNodeArgs] Removing initializer '/segment/S1S2/left/left.1/relu/Relu_output_0_zero_point'. It is no longer used by any node.
2026-09-19 14:30:47.1362032 [I:onnxruntime:, graph.cc:4888 onnxruntime::Graph::CleanUnusedInitializersAndNodeArgs] Removing initializer 'onnx::Conv_551_zero_point'. It is no longer used by any node.
2026-09-19 14:30:47.1364139 [I:onnxruntime:, graph.cc:4888 onnxruntime::Graph::CleanUnusedInitializersAndNodeArgs] Removing initializer 'onnx::Conv_615_quantized'. It is no longer used by any node.
2026-09-19 14:30:47.1366098 [I:onnxruntime:, graph.cc:4888 onnxruntime::Graph::CleanUnusedInitializersAndNodeArgs] Removing initializer 'onnx::Conv_521_zero_point'. It is no longer used by any node.
2026-09-19 14:30:47.1368142 [I:onnxruntime:, graph.cc:4888 onnxruntime::Graph::CleanUnusedInitializersAndNodeArgs] Removing initializer 'onnx::Conv_521_quantized'. It is no longer used by any node.
2026-09-19 14:30:47.1369646 [I:onnxruntime:, graph.cc:4888 onnxruntime::Graph::CleanUnusedInitializersAndNodeArgs] Removing initializer 'onnx::Conv_522_quantized'. It is no longer used by any node.
2026-09-19 14:30:47.1370811 [I:onnxruntime:, graph.cc:4888 onnxruntime::Graph::CleanUnusedInitializersAndNodeArgs] Removing initializer 'onnx::Conv_545_zero_point'. It is no longer used by any node.
2026-09-19 14:30:47.1372025 [I:onnxruntime:, graph.cc:4888 onnxruntime::Graph::CleanUnusedInitializersAndNodeArgs] Removing initializer 'head.conv_out.weight_scale'. It is no longer used by any node.
2026-09-19 14:30:47.1373236 [I:onnxruntime:, graph.cc:4888 onnxruntime::Graph::CleanUnusedInitializersAndNodeArgs] Removing initializer 'onnx::Conv_545_quantized'. It is no longer used by any node.
2026-09-19 14:30:47.1374436 [I:onnxruntime:, graph.cc:4888 onnxruntime::Graph::CleanUnusedInitializersAndNodeArgs] Removing initializer 'onnx::Conv_561_quantized'. It is no longer used by any node.
2026-09-19 14:30:47.1375624 [I:onnxruntime:, graph.cc:4888 onnxruntime::Graph::CleanUnusedInitializersAndNodeArgs] Removing initializer 'onnx::Conv_546_zero_point'. It is no longer used by any node.
2026-09-19 14:30:47.1377256 [I:onnxruntime:, graph.cc:4888 onnxruntime::Graph::CleanUnusedInitializersAndNodeArgs] Removing initializer 'onnx::Conv_546_quantized'. It is no longer used by any node.
2026-09-19 14:30:47.1378767 [I:onnxruntime:, graph.cc:4888 onnxruntime::Graph::CleanUnusedInitializersAndNodeArgs] Removing initializer 'onnx::Conv_524_zero_point'. It is no longer used by any node.
2026-09-19 14:30:47.1379853 [I:onnxruntime:, graph.cc:4888 onnxruntime::Graph::CleanUnusedInitializersAndNodeArgs] Removing initializer 'onnx::Conv_524_quantized'. It is no longer used by any node.
2026-09-19 14:30:47.1381090 [I:onnxruntime:, graph.cc:4888 onnxruntime::Graph::CleanUnusedInitializersAndNodeArgs] Removing initializer 'onnx::Conv_525_zero_point'. It is no longer used by any node.
2026-09-19 14:30:47.1382126 [I:onnxruntime:, graph.cc:4888 onnxruntime::Graph::CleanUnusedInitializersAndNodeArgs] Removing initializer 'onnx::Conv_525_quantized'. It is no longer used by any node.
2026-09-19 14:30:47.1383188 [I:onnxruntime:, graph.cc:4888 onnxruntime::Graph::CleanUnusedInitializersAndNodeArgs] Removing initializer '/segment/S1S2/fuse/relu/Relu_output_0_zero_point'. It is no longer used by any node.
2026-09-19 14:30:47.1384471 [I:onnxruntime:, graph.cc:4888 onnxruntime::Graph::CleanUnusedInitializersAndNodeArgs] Removing initializer '/detail/S2/S2.2/relu/Relu_output_0_zero_point'. It is no longer used by any node.
2026-09-19 14:30:47.1385718 [I:onnxruntime:, graph.cc:4888 onnxruntime::Graph::CleanUnusedInitializersAndNodeArgs] Removing initializer 'onnx::Conv_665_quantized'. It is no longer used by any node.
2026-09-19 14:30:47.1386851 [I:onnxruntime:, graph.cc:4888 onnxruntime::Graph::CleanUnusedInitializersAndNodeArgs] Removing initializer 'onnx::Conv_548_zero_point'. It is no longer used by any node.
2026-09-19 14:30:47.1471760 [I:onnxruntime:, graph.cc:4888 onnxruntime::Graph::CleanUnusedInitializersAndNodeArgs] Removing initializer '/bga/conv/conv.2/Relu_output_0_zero_point'. It is no longer used by any node.
2026-09-19 14:30:47.1473178 [I:onnxruntime:, graph.cc:4888 onnxruntime::Graph::CleanUnusedInitializersAndNodeArgs] Removing initializer 'onnx::Conv_548_quantized'. It is no longer used by any node.
2026-09-19 14:30:47.1474648 [I:onnxruntime:, graph.cc:4888 onnxruntime::Graph::CleanUnusedInitializersAndNodeArgs] Removing initializer 'onnx::Conv_549_zero_point'. It is no longer used by any node.
2026-09-19 14:30:47.1475744 [I:onnxruntime:, graph.cc:4888 onnxruntime::Graph::CleanUnusedInitializersAndNodeArgs] Removing initializer 'onnx::Conv_587_zero_point'. It is no longer used by any node.
2026-09-19 14:30:47.1477026 [I:onnxruntime:, graph.cc:4888 onnxruntime::Graph::CleanUnusedInitializersAndNodeArgs] Removing initializer 'onnx::Conv_549_quantized'. It is no longer used by any node.
2026-09-19 14:30:47.1479208 [I:onnxruntime:, graph.cc:4888 onnxruntime::Graph::CleanUnusedInitializersAndNodeArgs] Removing initializer 'onnx::Conv_555_quantized'. It is no longer used by any node.
2026-09-19 14:30:47.1481011 [I:onnxruntime:, graph.cc:4888 onnxruntime::Graph::CleanUnusedInitializersAndNodeArgs] Removing initializer '/segment/S3/S3.0/conv1/relu/Relu_output_0_zero_point'. It is no longer used by any node.
2026-09-19 14:30:47.1483554 [I:onnxruntime:, graph.cc:4888 onnxruntime::Graph::CleanUnusedInitializersAndNodeArgs] Removing initializer 'onnx::Conv_560_zero_point'. It is no longer used by any node.
2026-09-19 14:30:47.1485363 [I:onnxruntime:, graph.cc:4888 onnxruntime::Graph::CleanUnusedInitializersAndNodeArgs] Removing initializer 'onnx::Conv_560_quantized'. It is no longer used by any node.
2026-09-19 14:30:47.1487159 [I:onnxruntime:, graph.cc:4888 onnxruntime::Graph::CleanUnusedInitializersAndNodeArgs] Removing initializer 'onnx::Conv_561_zero_point'. It is no longer used by any node.
2026-09-19 14:30:47.1489303 [I:onnxruntime:, graph.cc:4888 onnxruntime::Graph::CleanUnusedInitializersAndNodeArgs] Removing initializer 'onnx::Conv_527_zero_point'. It is no longer used by any node.
2026-09-19 14:30:47.1491722 [I:onnxruntime:, graph.cc:4888 onnxruntime::Graph::CleanUnusedInitializersAndNodeArgs] Removing initializer 'onnx::Conv_569_zero_point'. It is no longer used by any node.
2026-09-19 14:30:47.1493533 [I:onnxruntime:, graph.cc:4888 onnxruntime::Graph::CleanUnusedInitializersAndNodeArgs] Removing initializer 'onnx::Conv_527_quantized'. It is no longer used by any node.
2026-09-19 14:30:47.1495345 [I:onnxruntime:, graph.cc:4888 onnxruntime::Graph::CleanUnusedInitializersAndNodeArgs] Removing initializer 'onnx::Conv_528_zero_point'. It is no longer used by any node.
2026-09-19 14:30:47.1497140 [I:onnxruntime:, graph.cc:4888 onnxruntime::Graph::CleanUnusedInitializersAndNodeArgs] Removing initializer 'onnx::Conv_528_quantized'. It is no longer used by any node.
2026-09-19 14:30:47.1499034 [I:onnxruntime:, graph.cc:4888 onnxruntime::Graph::CleanUnusedInitializersAndNodeArgs] Removing initializer '/segment/S3/S3.0/shortcut/shortcut.2/Conv_output_0_zero_point'. It is no longer used by any node.
2026-09-19 14:30:47.1501040 [I:onnxruntime:, graph.cc:4888 onnxruntime::Graph::CleanUnusedInitializersAndNodeArgs] Removing initializer '/segment/S3/S3.0/shortcut/shortcut.2/Conv_output_0_scale'. It is no longer used by any node.
2026-09-19 14:30:47.1502257 [I:onnxruntime:, graph.cc:4888 onnxruntime::Graph::CleanUnusedInitializersAndNodeArgs] Removing initializer 'onnx::Conv_557_quantized'. It is no longer used by any node.
2026-09-19 14:30:47.1503445 [I:onnxruntime:, graph.cc:4888 onnxruntime::Graph::CleanUnusedInitializersAndNodeArgs] Removing initializer 'onnx::Conv_563_zero_point'. It is no longer used by any node.
2026-09-19 14:30:47.1504654 [I:onnxruntime:, graph.cc:4888 onnxruntime::Graph::CleanUnusedInitializersAndNodeArgs] Removing initializer 'onnx::Conv_563_quantized'. It is no longer used by any node.
2026-09-19 14:30:47.1675549 [I:onnxruntime:, graph.cc:4888 onnxruntime::Graph::CleanUnusedInitializersAndNodeArgs] Removing initializer 'onnx::Conv_663_quantized'. It is no longer used by any node.
2026-09-19 14:30:47.1677955 [I:onnxruntime:, graph.cc:4888 onnxruntime::Graph::CleanUnusedInitializersAndNodeArgs] Removing initializer 'onnx::Conv_564_zero_point'. It is no longer used by any node.
2026-09-19 14:30:47.1680361 [I:onnxruntime:, graph.cc:4888 onnxruntime::Graph::CleanUnusedInitializersAndNodeArgs] Removing initializer 'onnx::Conv_564_quantized'. It is no longer used by any node.
2026-09-19 14:30:47.1682138 [I:onnxruntime:, graph.cc:4888 onnxruntime::Graph::CleanUnusedInitializersAndNodeArgs] Removing initializer '/detail/S3/S3.0/relu/Relu_output_0_zero_point'. It is no longer used by any node.
2026-09-19 14:30:47.1684486 [I:onnxruntime:, graph.cc:4888 onnxruntime::Graph::CleanUnusedInitializersAndNodeArgs] Removing initializer 'onnx::Conv_620_quantized'. It is no longer used by any node.
2026-09-19 14:30:47.1686235 [I:onnxruntime:, graph.cc:4888 onnxruntime::Graph::CleanUnusedInitializersAndNodeArgs] Removing initializer '/segment/S3/S3.0/dwconv1/dwconv1.0/Conv_output_0_zero_point'. It is no longer used by any node.
2026-09-19 14:30:47.1688724 [I:onnxruntime:, graph.cc:4888 onnxruntime::Graph::CleanUnusedInitializersAndNodeArgs] Removing initializer 'onnx::Conv_551_quantized'. It is no longer used by any node.
2026-09-19 14:30:47.1690468 [I:onnxruntime:, graph.cc:4888 onnxruntime::Graph::CleanUnusedInitializersAndNodeArgs] Removing initializer 'onnx::Conv_552_zero_point'. It is no longer used by any node.
2026-09-19 14:30:47.1692207 [I:onnxruntime:, graph.cc:4888 onnxruntime::Graph::CleanUnusedInitializersAndNodeArgs] Removing initializer 'onnx::Conv_552_quantized'. It is no longer used by any node.
2026-09-19 14:30:47.1694230 [I:onnxruntime:, graph.cc:4888 onnxruntime::Graph::CleanUnusedInitializersAndNodeArgs] Removing initializer 'onnx::Conv_530_zero_point'. It is no longer used by any node.
2026-09-19 14:30:47.1696296 [I:onnxruntime:, graph.cc:4888 onnxruntime::Graph::CleanUnusedInitializersAndNodeArgs] Removing initializer 'onnx::Conv_644_zero_point'. It is no longer used by any node.
2026-09-19 14:30:47.1698282 [I:onnxruntime:, graph.cc:4888 onnxruntime::Graph::CleanUnusedInitializersAndNodeArgs] Removing initializer 'onnx::Conv_530_quantized'. It is no longer used by any node.
2026-09-19 14:30:47.1700135 [I:onnxruntime:, graph.cc:4888 onnxruntime::Graph::CleanUnusedInitializersAndNodeArgs] Removing initializer 'onnx::Conv_531_zero_point'. It is no longer used by any node.
2026-09-19 14:30:47.1701895 [I:onnxruntime:, graph.cc:4888 onnxruntime::Graph::CleanUnusedInitializersAndNodeArgs] Removing initializer 'onnx::Conv_531_quantized'. It is no longer used by any node.
2026-09-19 14:30:47.1703647 [I:onnxruntime:, graph.cc:4888 onnxruntime::Graph::CleanUnusedInitializersAndNodeArgs] Removing initializer 'onnx::Conv_623_quantized'. It is no longer used by any node.
2026-09-19 14:30:47.1705225 [I:onnxruntime:, graph.cc:4888 onnxruntime::Graph::CleanUnusedInitializersAndNodeArgs] Removing initializer 'onnx::Conv_599_quantized'. It is no longer used by any node.
2026-09-19 14:30:47.1706316 [I:onnxruntime:, graph.cc:4888 onnxruntime::Graph::CleanUnusedInitializersAndNodeArgs] Removing initializer 'onnx::Conv_554_quantized'. It is no longer used by any node.
2026-09-19 14:30:47.1707436 [I:onnxruntime:, graph.cc:4888 onnxruntime::Graph::CleanUnusedInitializersAndNodeArgs] Removing initializer '/bga/left1/left1.2/Conv_output_0_zero_point'. It is no longer used by any node.
2026-09-19 14:30:47.1708631 [I:onnxruntime:, graph.cc:4888 onnxruntime::Graph::CleanUnusedInitializersAndNodeArgs] Removing initializer 'onnx::Conv_555_zero_point'. It is no longer used by any node.
2026-09-19 14:30:47.1709711 [I:onnxruntime:, graph.cc:4888 onnxruntime::Graph::CleanUnusedInitializersAndNodeArgs] Removing initializer '/segment/S4/S4.0/dwconv1/dwconv1.0/Conv_output_0_zero_point'. It is no longer used by any node.
2026-09-19 14:30:47.1801344 [I:onnxruntime:, graph.cc:4888 onnxruntime::Graph::CleanUnusedInitializersAndNodeArgs] Removing initializer '/detail/S3/S3.1/relu/Relu_output_0_zero_point'. It is no longer used by any node.
2026-09-19 14:30:47.1804185 [I:onnxruntime:, graph.cc:4888 onnxruntime::Graph::CleanUnusedInitializersAndNodeArgs] Removing initializer 'onnx::Conv_662_zero_point'. It is no longer used by any node.
2026-09-19 14:30:47.1806040 [I:onnxruntime:, graph.cc:4888 onnxruntime::Graph::CleanUnusedInitializersAndNodeArgs] Removing initializer '/segment/S3/S3.0/dwconv2/dwconv2.2/Relu_output_0_zero_point'. It is no longer used by any node.
2026-09-19 14:30:47.1808202 [I:onnxruntime:, graph.cc:4888 onnxruntime::Graph::CleanUnusedInitializersAndNodeArgs] Removing initializer 'onnx::Conv_576_quantized'. It is no longer used by any node.
2026-09-19 14:30:47.1809934 [I:onnxruntime:, graph.cc:4888 onnxruntime::Graph::CleanUnusedInitializersAndNodeArgs] Removing initializer '/segment/S5_4/S5_4.1/conv2/conv2.0/Conv_output_0_zero_point'. It is no longer used by any node.
2026-09-19 14:30:47.1812829 [I:onnxruntime:, graph.cc:4888 onnxruntime::Graph::CleanUnusedInitializersAndNodeArgs] Removing initializer 'onnx::Conv_609_quantized'. It is no longer used by any node.
2026-09-19 14:30:47.1813900 [I:onnxruntime:, graph.cc:4888 onnxruntime::Graph::CleanUnusedInitializersAndNodeArgs] Removing initializer 'onnx::Conv_533_zero_point'. It is no longer used by any node.
2026-09-19 14:30:47.1814960 [I:onnxruntime:, graph.cc:4888 onnxruntime::Graph::CleanUnusedInitializersAndNodeArgs] Removing initializer 'onnx::Conv_533_quantized'. It is no longer used by any node.
2026-09-19 14:30:47.1816323 [I:onnxruntime:, graph.cc:4888 onnxruntime::Graph::CleanUnusedInitializersAndNodeArgs] Removing initializer 'onnx::Conv_534_zero_point'. It is no longer used by any node.
2026-09-19 14:30:47.1817391 [I:onnxruntime:, graph.cc:4888 onnxruntime::Graph::CleanUnusedInitializersAndNodeArgs] Removing initializer 'onnx::Conv_534_quantized'. It is no longer used by any node.
2026-09-19 14:30:47.1818691 [I:onnxruntime:, graph.cc:4888 onnxruntime::Graph::CleanUnusedInitializersAndNodeArgs] Removing initializer 'bga.right2.2.weight_quantized'. It is no longer used by any node.
2026-09-19 14:30:47.1820073 [I:onnxruntime:, graph.cc:4888 onnxruntime::Graph::CleanUnusedInitializersAndNodeArgs] Removing initializer 'onnx::Conv_659_zero_point'. It is no longer used by any node.
2026-09-19 14:30:47.1821272 [I:onnxruntime:, graph.cc:4888 onnxruntime::Graph::CleanUnusedInitializersAndNodeArgs] Removing initializer '/segment/S3/S3.0/conv2/conv2.0/Conv_output_0_zero_point'. It is no longer used by any node.
2026-09-19 14:30:47.1822644 [I:onnxruntime:, graph.cc:4888 onnxruntime::Graph::CleanUnusedInitializersAndNodeArgs] Removing initializer 'onnx::Conv_557_zero_point'. It is no longer used by any node.
2026-09-19 14:30:47.1823673 [I:onnxruntime:, graph.cc:4888 onnxruntime::Graph::CleanUnusedInitializersAndNodeArgs] Removing initializer 'onnx::Conv_615_zero_point'. It is no longer used by any node.
2026-09-19 14:30:47.1825075 [I:onnxruntime:, graph.cc:4888 onnxruntime::Graph::CleanUnusedInitializersAndNodeArgs] Removing initializer 'onnx::Conv_558_quantized'. It is no longer used by any node.
2026-09-19 14:30:47.1826095 [I:onnxruntime:, graph.cc:4888 onnxruntime::Graph::CleanUnusedInitializersAndNodeArgs] Removing initializer '/detail/S3/S3.2/relu/Relu_output_0_zero_point'. It is no longer used by any node.
2026-09-19 14:30:47.1827207 [I:onnxruntime:, graph.cc:4888 onnxruntime::Graph::CleanUnusedInitializersAndNodeArgs] Removing initializer '/segment/S5_4/S5_4.2/conv2/conv2.0/Conv_output_0_zero_point'. It is no longer used by any node.
2026-09-19 14:30:47.1828514 [I:onnxruntime:, graph.cc:4888 onnxruntime::Graph::CleanUnusedInitializersAndNodeArgs] Removing initializer '/bga/left1/left1.0/Conv_output_0_zero_point'. It is no longer used by any node.
2026-09-19 14:30:47.1829756 [I:onnxruntime:, graph.cc:4888 onnxruntime::Graph::CleanUnusedInitializersAndNodeArgs] Removing initializer 'onnx::Conv_653_zero_point'. It is no longer used by any node.
2026-09-19 14:30:47.1965016 [I:onnxruntime:, graph.cc:4888 onnxruntime::Graph::CleanUnusedInitializersAndNodeArgs] Removing initializer 'onnx::Conv_654_zero_point'. It is no longer used by any node.
2026-09-19 14:30:47.1966124 [I:onnxruntime:, graph.cc:4888 onnxruntime::Graph::CleanUnusedInitializersAndNodeArgs] Removing initializer 'onnx::Conv_654_quantized'. It is no longer used by any node.
2026-09-19 14:30:47.1967515 [I:onnxruntime:, graph.cc:4888 onnxruntime::Graph::CleanUnusedInitializersAndNodeArgs] Removing initializer '/bga/left2/left2.0/Conv_output_0_zero_point'. It is no longer used by any node.
2026-09-19 14:30:47.1968710 [I:onnxruntime:, graph.cc:4888 onnxruntime::Graph::CleanUnusedInitializersAndNodeArgs] Removing initializer '/segment/S5_5/ReduceMean_output_0_zero_point'. It is no longer used by any node.
2026-09-19 14:30:47.1971057 [I:onnxruntime:, graph.cc:4888 onnxruntime::Graph::CleanUnusedInitializersAndNodeArgs] Removing initializer 'onnx::Conv_600_quantized'. It is no longer used by any node.
2026-09-19 14:30:47.1973165 [I:onnxruntime:, graph.cc:4888 onnxruntime::Graph::CleanUnusedInitializersAndNodeArgs] Removing initializer 'onnx::Conv_656_zero_point'. It is no longer used by any node.
2026-09-19 14:30:47.1974894 [I:onnxruntime:, graph.cc:4888 onnxruntime::Graph::CleanUnusedInitializersAndNodeArgs] Removing initializer 'onnx::Conv_656_quantized'. It is no longer used by any node.
2026-09-19 14:30:47.1976638 [I:onnxruntime:, graph.cc:4888 onnxruntime::Graph::CleanUnusedInitializersAndNodeArgs] Removing initializer '/segment/S4/S4.1/conv1/relu/Relu_output_0_zero_point'. It is no longer used by any node.
2026-09-19 14:30:47.1978595 [I:onnxruntime:, graph.cc:4888 onnxruntime::Graph::CleanUnusedInitializersAndNodeArgs] Removing initializer 'onnx::Conv_657_zero_point'. It is no longer used by any node.
2026-09-19 14:30:47.1980722 [I:onnxruntime:, graph.cc:4888 onnxruntime::Graph::CleanUnusedInitializersAndNodeArgs] Removing initializer 'onnx::Conv_657_quantized'. It is no longer used by any node.
2026-09-19 14:30:47.1983229 [I:onnxruntime:, graph.cc:4888 onnxruntime::Graph::CleanUnusedInitializersAndNodeArgs] Removing initializer 'onnx::Conv_588_zero_point'. It is no longer used by any node.
2026-09-19 14:30:47.1985581 [I:onnxruntime:, graph.cc:4888 onnxruntime::Graph::CleanUnusedInitializersAndNodeArgs] Removing initializer '/segment/S3/S3.0/relu/Relu_output_0_zero_point'. It is no longer used by any node.
2026-09-19 14:30:47.1987775 [I:onnxruntime:, graph.cc:4888 onnxruntime::Graph::CleanUnusedInitializersAndNodeArgs] Removing initializer 'bga.left1.2.weight_zero_point'. It is no longer used by any node.
2026-09-19 14:30:47.1989699 [I:onnxruntime:, graph.cc:4888 onnxruntime::Graph::CleanUnusedInitializersAndNodeArgs] Removing initializer '/bga/left2/left2.2/AveragePool_output_0_zero_point'. It is no longer used by any node.
2026-09-19 14:30:47.1991767 [I:onnxruntime:, graph.cc:4888 onnxruntime::Graph::CleanUnusedInitializersAndNodeArgs] Removing initializer '/bga/Sigmoid_output_0_zero_point'. It is no longer used by any node.
2026-09-19 14:30:47.1993394 [I:onnxruntime:, graph.cc:4888 onnxruntime::Graph::CleanUnusedInitializersAndNodeArgs] Removing initializer 'onnx::Conv_609_zero_point'. It is no longer used by any node.
2026-09-19 14:30:47.1994824 [I:onnxruntime:, graph.cc:4888 onnxruntime::Graph::CleanUnusedInitializersAndNodeArgs] Removing initializer 'onnx::Conv_566_zero_point'. It is no longer used by any node.
2026-09-19 14:30:47.1995867 [I:onnxruntime:, graph.cc:4888 onnxruntime::Graph::CleanUnusedInitializersAndNodeArgs] Removing initializer '/segment/S5_4/S5_4.1/dwconv/dwconv.2/Relu_output_0_zero_point'. It is no longer used by any node.
2026-09-19 14:30:47.1997076 [I:onnxruntime:, graph.cc:4888 onnxruntime::Graph::CleanUnusedInitializersAndNodeArgs] Removing initializer 'onnx::Conv_575_zero_point'. It is no longer used by any node.
2026-09-19 14:30:47.1998106 [I:onnxruntime:, graph.cc:4888 onnxruntime::Graph::CleanUnusedInitializersAndNodeArgs] Removing initializer 'onnx::Conv_567_quantized'. It is no longer used by any node.
2026-09-19 14:30:47.2223603 [I:onnxruntime:, graph.cc:4888 onnxruntime::Graph::CleanUnusedInitializersAndNodeArgs] Removing initializer '/segment/S3/S3.1/conv1/relu/Relu_output_0_zero_point'. It is no longer used by any node.
2026-09-19 14:30:47.2226301 [I:onnxruntime:, graph.cc:4888 onnxruntime::Graph::CleanUnusedInitializersAndNodeArgs] Removing initializer 'onnx::Conv_569_quantized'. It is no longer used by any node.
2026-09-19 14:30:47.2228457 [I:onnxruntime:, graph.cc:4888 onnxruntime::Graph::CleanUnusedInitializersAndNodeArgs] Removing initializer 'onnx::Conv_570_zero_point'. It is no longer used by any node.
2026-09-19 14:30:47.2230932 [I:onnxruntime:, graph.cc:4888 onnxruntime::Graph::CleanUnusedInitializersAndNodeArgs] Removing initializer 'onnx::Conv_648_zero_point'. It is no longer used by any node.
2026-09-19 14:30:47.2232992 [I:onnxruntime:, graph.cc:4888 onnxruntime::Graph::CleanUnusedInitializersAndNodeArgs] Removing initializer 'onnx::Conv_570_quantized'. It is no longer used by any node.
2026-09-19 14:30:47.2235819 [I:onnxruntime:, graph.cc:4888 onnxruntime::Graph::CleanUnusedInitializersAndNodeArgs] Removing initializer '/segment/S3/S3.1/dwconv/dwconv.2/Relu_output_0_zero_point'. It is no longer used by any node.
2026-09-19 14:30:47.2238489 [I:onnxruntime:, graph.cc:4888 onnxruntime::Graph::CleanUnusedInitializersAndNodeArgs] Removing initializer '/segment/S3/S3.1/conv2/conv2.0/Conv_output_0_zero_point'. It is no longer used by any node.
2026-09-19 14:30:47.2239949 [I:onnxruntime:, graph.cc:4888 onnxruntime::Graph::CleanUnusedInitializersAndNodeArgs] Removing initializer 'onnx::Conv_572_zero_point'. It is no longer used by any node.
2026-09-19 14:30:47.2241214 [I:onnxruntime:, graph.cc:4888 onnxruntime::Graph::CleanUnusedInitializersAndNodeArgs] Removing initializer 'onnx::Conv_572_quantized'. It is no longer used by any node.
2026-09-19 14:30:47.2244662 [I:onnxruntime:, graph.cc:4888 onnxruntime::Graph::CleanUnusedInitializersAndNodeArgs] Removing initializer 'onnx::Conv_573_zero_point'. It is no longer used by any node.
2026-09-19 14:30:47.2245874 [I:onnxruntime:, graph.cc:4888 onnxruntime::Graph::CleanUnusedInitializersAndNodeArgs] Removing initializer '/segment/S3/S3.1/relu/Relu_output_0_zero_point'. It is no longer used by any node.
2026-09-19 14:30:47.2247150 [I:onnxruntime:, graph.cc:4888 onnxruntime::Graph::CleanUnusedInitializersAndNodeArgs] Removing initializer 'onnx::Conv_575_quantized'. It is no longer used by any node.
2026-09-19 14:30:47.2248334 [I:onnxruntime:, graph.cc:4888 onnxruntime::Graph::CleanUnusedInitializersAndNodeArgs] Removing initializer '/segment/S5_4/S5_4.1/conv1/relu/Relu_output_0_zero_point'. It is no longer used by any node.
2026-09-19 14:30:47.2249747 [I:onnxruntime:, graph.cc:4888 onnxruntime::Graph::CleanUnusedInitializersAndNodeArgs] Removing initializer 'onnx::Conv_576_zero_point'. It is no longer used by any node.
2026-09-19 14:30:47.2251837 [I:onnxruntime:, graph.cc:4888 onnxruntime::Graph::CleanUnusedInitializersAndNodeArgs] Removing initializer '/segment/S4/S4.0/shortcut/shortcut.0/Conv_output_0_zero_point'. It is no longer used by any node.
2026-09-19 14:30:47.2254031 [I:onnxruntime:, graph.cc:4888 onnxruntime::Graph::CleanUnusedInitializersAndNodeArgs] Removing initializer 'onnx::Conv_621_quantized'. It is no longer used by any node.
2026-09-19 14:30:47.2255271 [I:onnxruntime:, graph.cc:4888 onnxruntime::Graph::CleanUnusedInitializersAndNodeArgs] Removing initializer 'onnx::Conv_627_zero_point'. It is no longer used by any node.
2026-09-19 14:30:47.2257136 [I:onnxruntime:, graph.cc:4888 onnxruntime::Graph::CleanUnusedInitializersAndNodeArgs] Removing initializer 'onnx::Conv_587_quantized'. It is no longer used by any node.
2026-09-19 14:30:47.2258418 [I:onnxruntime:, graph.cc:4888 onnxruntime::Graph::CleanUnusedInitializersAndNodeArgs] Removing initializer 'onnx::Conv_588_quantized'. It is no longer used by any node.
2026-09-19 14:30:47.2480036 [I:onnxruntime:, graph.cc:4888 onnxruntime::Graph::CleanUnusedInitializersAndNodeArgs] Removing initializer '/segment/S4/S4.0/conv1/relu/Relu_output_0_zero_point'. It is no longer used by any node.
2026-09-19 14:30:47.2482802 [I:onnxruntime:, graph.cc:4888 onnxruntime::Graph::CleanUnusedInitializersAndNodeArgs] Removing initializer '/segment/S4/S4.0/shortcut/shortcut.2/Conv_output_0_zero_point'. It is no longer used by any node.
2026-09-19 14:30:47.2485456 [I:onnxruntime:, graph.cc:4888 onnxruntime::Graph::CleanUnusedInitializersAndNodeArgs] Removing initializer '/bga/right2/right2.0/Conv_output_0_zero_point'. It is no longer used by any node.
2026-09-19 14:30:47.2487054 [I:onnxruntime:, graph.cc:4888 onnxruntime::Graph::CleanUnusedInitializersAndNodeArgs] Removing initializer 'onnx::Conv_590_zero_point'. It is no longer used by any node.
2026-09-19 14:30:47.2488606 [I:onnxruntime:, graph.cc:4888 onnxruntime::Graph::CleanUnusedInitializersAndNodeArgs] Removing initializer 'onnx::Conv_590_quantized'. It is no longer used by any node.
2026-09-19 14:30:47.2489945 [I:onnxruntime:, graph.cc:4888 onnxruntime::Graph::CleanUnusedInitializersAndNodeArgs] Removing initializer 'onnx::Conv_611_zero_point'. It is no longer used by any node.
2026-09-19 14:30:47.2490961 [I:onnxruntime:, graph.cc:4888 onnxruntime::Graph::CleanUnusedInitializersAndNodeArgs] Removing initializer 'onnx::Conv_591_zero_point'. It is no longer used by any node.
2026-09-19 14:30:47.2491995 [I:onnxruntime:, graph.cc:4888 onnxruntime::Graph::CleanUnusedInitializersAndNodeArgs] Removing initializer 'onnx::Conv_591_quantized'. It is no longer used by any node.
2026-09-19 14:30:47.2493023 [I:onnxruntime:, graph.cc:4888 onnxruntime::Graph::CleanUnusedInitializersAndNodeArgs] Removing initializer '/bga/right1/right1.0/Conv_output_0_zero_point'. It is no longer used by any node.
2026-09-19 14:30:47.2494426 [I:onnxruntime:, graph.cc:4888 onnxruntime::Graph::CleanUnusedInitializersAndNodeArgs] Removing initializer 'onnx::Conv_578_quantized'. It is no longer used by any node.
2026-09-19 14:30:47.2495690 [I:onnxruntime:, graph.cc:4888 onnxruntime::Graph::CleanUnusedInitializersAndNodeArgs] Removing initializer 'onnx::Conv_579_zero_point'. It is no longer used by any node.
2026-09-19 14:30:47.2496923 [I:onnxruntime:, graph.cc:4888 onnxruntime::Graph::CleanUnusedInitializersAndNodeArgs] Removing initializer 'onnx::Conv_579_quantized'. It is no longer used by any node.
2026-09-19 14:30:47.2498770 [I:onnxruntime:, graph.cc:4888 onnxruntime::Graph::CleanUnusedInitializersAndNodeArgs] Removing initializer '/segment/S5_5/Add_output_0_zero_point'. It is no longer used by any node.
2026-09-19 14:30:47.2500769 [I:onnxruntime:, graph.cc:4888 onnxruntime::Graph::CleanUnusedInitializersAndNodeArgs] Removing initializer 'onnx::Conv_581_zero_point'. It is no longer used by any node.
2026-09-19 14:30:47.2502796 [I:onnxruntime:, graph.cc:4888 onnxruntime::Graph::CleanUnusedInitializersAndNodeArgs] Removing initializer 'onnx::Conv_581_quantized'. It is no longer used by any node.
2026-09-19 14:30:47.2504583 [I:onnxruntime:, graph.cc:4888 onnxruntime::Graph::CleanUnusedInitializersAndNodeArgs] Removing initializer 'onnx::Conv_582_zero_point'. It is no longer used by any node.
2026-09-19 14:30:47.2506353 [I:onnxruntime:, graph.cc:4888 onnxruntime::Graph::CleanUnusedInitializersAndNodeArgs] Removing initializer '/bga/left2/left2.2/AveragePool_output_0_Scale'. It is no longer used by any node.
2026-09-19 14:30:47.2508654 [I:onnxruntime:, graph.cc:4888 onnxruntime::Graph::CleanUnusedInitializersAndNodeArgs] Removing initializer 'onnx::Conv_582_quantized'. It is no longer used by any node.
2026-09-19 14:30:47.2509912 [I:onnxruntime:, graph.cc:4888 onnxruntime::Graph::CleanUnusedInitializersAndNodeArgs] Removing initializer '/segment/S4/S4.0/dwconv2/dwconv2.2/Relu_output_0_zero_point'. It is no longer used by any node.
2026-09-19 14:30:47.2511231 [I:onnxruntime:, graph.cc:4888 onnxruntime::Graph::CleanUnusedInitializersAndNodeArgs] Removing initializer 'onnx::Conv_636_quantized'. It is no longer used by any node.
2026-09-19 14:30:47.2586742 [I:onnxruntime:, graph.cc:4888 onnxruntime::Graph::CleanUnusedInitializersAndNodeArgs] Removing initializer 'head.conv_out.bias_zero_point'. It is no longer used by any node.
2026-09-19 14:30:47.2588854 [I:onnxruntime:, graph.cc:4888 onnxruntime::Graph::CleanUnusedInitializersAndNodeArgs] Removing initializer '/segment/S4/S4.0/conv2/conv2.0/Conv_output_0_zero_point'. It is no longer used by any node.
2026-09-19 14:30:47.2590888 [I:onnxruntime:, graph.cc:4888 onnxruntime::Graph::CleanUnusedInitializersAndNodeArgs] Removing initializer 'head.conv_out.bias_scale'. It is no longer used by any node.
2026-09-19 14:30:47.2592643 [I:onnxruntime:, graph.cc:4888 onnxruntime::Graph::CleanUnusedInitializersAndNodeArgs] Removing initializer 'onnx::Conv_605_zero_point'. It is no longer used by any node.
2026-09-19 14:30:47.2594165 [I:onnxruntime:, graph.cc:4888 onnxruntime::Graph::CleanUnusedInitializersAndNodeArgs] Removing initializer 'onnx::Conv_596_quantized'. It is no longer used by any node.
2026-09-19 14:30:47.2595200 [I:onnxruntime:, graph.cc:4888 onnxruntime::Graph::CleanUnusedInitializersAndNodeArgs] Removing initializer 'onnx::Conv_632_zero_point'. It is no longer used by any node.
2026-09-19 14:30:47.2597064 [I:onnxruntime:, graph.cc:4888 onnxruntime::Graph::CleanUnusedInitializersAndNodeArgs] Removing initializer 'onnx::Conv_584_zero_point'. It is no longer used by any node.
2026-09-19 14:30:47.2598108 [I:onnxruntime:, graph.cc:4888 onnxruntime::Graph::CleanUnusedInitializersAndNodeArgs] Removing initializer 'onnx::Conv_632_quantized'. It is no longer used by any node.
2026-09-19 14:30:47.2599117 [I:onnxruntime:, graph.cc:4888 onnxruntime::Graph::CleanUnusedInitializersAndNodeArgs] Removing initializer 'onnx::Conv_584_quantized'. It is no longer used by any node.
2026-09-19 14:30:47.2600178 [I:onnxruntime:, graph.cc:4888 onnxruntime::Graph::CleanUnusedInitializersAndNodeArgs] Removing initializer 'head.conv_out.bias_quantized'. It is no longer used by any node.
2026-09-19 14:30:47.2601996 [I:onnxruntime:, graph.cc:4888 onnxruntime::Graph::CleanUnusedInitializersAndNodeArgs] Removing initializer 'onnx::Conv_633_zero_point'. It is no longer used by any node.
2026-09-19 14:30:47.2603001 [I:onnxruntime:, graph.cc:4888 onnxruntime::Graph::CleanUnusedInitializersAndNodeArgs] Removing initializer 'onnx::Conv_585_zero_point'. It is no longer used by any node.
2026-09-19 14:30:47.2604355 [I:onnxruntime:, graph.cc:4888 onnxruntime::Graph::CleanUnusedInitializersAndNodeArgs] Removing initializer 'onnx::Conv_633_quantized'. It is no longer used by any node.
2026-09-19 14:30:47.2605838 [I:onnxruntime:, graph.cc:4888 onnxruntime::Graph::CleanUnusedInitializersAndNodeArgs] Removing initializer 'onnx::Conv_585_quantized'. It is no longer used by any node.
2026-09-19 14:30:47.2607802 [I:onnxruntime:, graph.cc:4888 onnxruntime::Graph::CleanUnusedInitializersAndNodeArgs] Removing initializer 'onnx::Conv_629_zero_point'. It is no longer used by any node.
2026-09-19 14:30:47.2609564 [I:onnxruntime:, graph.cc:4888 onnxruntime::Graph::CleanUnusedInitializersAndNodeArgs] Removing initializer 'onnx::Conv_614_quantized'. It is no longer used by any node.
2026-09-19 14:30:47.2611428 [I:onnxruntime:, graph.cc:4888 onnxruntime::Graph::CleanUnusedInitializersAndNodeArgs] Removing initializer 'onnx::Conv_593_zero_point'. It is no longer used by any node.
2026-09-19 14:30:47.2613667 [I:onnxruntime:, graph.cc:4888 onnxruntime::Graph::CleanUnusedInitializersAndNodeArgs] Removing initializer 'onnx::Conv_629_quantized'. It is no longer used by any node.
2026-09-19 14:30:47.2615801 [I:onnxruntime:, graph.cc:4888 onnxruntime::Graph::CleanUnusedInitializersAndNodeArgs] Removing initializer '/segment/S5_4/S5_4.0/conv1/relu/Relu_output_0_zero_point'. It is no longer used by any node.
2026-09-19 14:30:47.2617455 [I:onnxruntime:, graph.cc:4888 onnxruntime::Graph::CleanUnusedInitializersAndNodeArgs] Removing initializer 'onnx::Conv_593_quantized'. It is no longer used by any node.
2026-09-19 14:30:47.2811125 [I:onnxruntime:, graph.cc:4888 onnxruntime::Graph::CleanUnusedInitializersAndNodeArgs] Removing initializer 'onnx::Conv_594_zero_point'. It is no longer used by any node.
2026-09-19 14:30:47.2813148 [I:onnxruntime:, graph.cc:4888 onnxruntime::Graph::CleanUnusedInitializersAndNodeArgs] Removing initializer 'onnx::Conv_594_quantized'. It is no longer used by any node.
2026-09-19 14:30:47.2815018 [I:onnxruntime:, graph.cc:4888 onnxruntime::Graph::CleanUnusedInitializersAndNodeArgs] Removing initializer 'onnx::Conv_596_zero_point'. It is no longer used by any node.
2026-09-19 14:30:47.2816930 [I:onnxruntime:, graph.cc:4888 onnxruntime::Graph::CleanUnusedInitializersAndNodeArgs] Removing initializer 'onnx::Conv_597_zero_point'. It is no longer used by any node.
2026-09-19 14:30:47.2818771 [I:onnxruntime:, graph.cc:4888 onnxruntime::Graph::CleanUnusedInitializersAndNodeArgs] Removing initializer 'onnx::Conv_636_zero_point'. It is no longer used by any node.
2026-09-19 14:30:47.2820948 [I:onnxruntime:, graph.cc:4888 onnxruntime::Graph::CleanUnusedInitializersAndNodeArgs] Removing initializer 'onnx::Conv_597_quantized'. It is no longer used by any node.
2026-09-19 14:30:47.2822029 [I:onnxruntime:, graph.cc:4888 onnxruntime::Graph::CleanUnusedInitializersAndNodeArgs] Removing initializer '/segment/S4/S4.1/dwconv/dwconv.2/Relu_output_0_zero_point'. It is no longer used by any node.
2026-09-19 14:30:47.2823303 [I:onnxruntime:, graph.cc:4888 onnxruntime::Graph::CleanUnusedInitializersAndNodeArgs] Removing initializer 'onnx::Conv_623_zero_point'. It is no longer used by any node.
2026-09-19 14:30:47.2824725 [I:onnxruntime:, graph.cc:4888 onnxruntime::Graph::CleanUnusedInitializersAndNodeArgs] Removing initializer 'onnx::Conv_599_zero_point'. It is no longer used by any node.
2026-09-19 14:30:47.2825817 [I:onnxruntime:, graph.cc:4888 onnxruntime::Graph::CleanUnusedInitializersAndNodeArgs] Removing initializer 'onnx::Conv_600_zero_point'. It is no longer used by any node.
2026-09-19 14:30:47.2826911 [I:onnxruntime:, graph.cc:4888 onnxruntime::Graph::CleanUnusedInitializersAndNodeArgs] Removing initializer 'onnx::Conv_635_quantized'. It is no longer used by any node.
2026-09-19 14:30:47.2828452 [I:onnxruntime:, graph.cc:4888 onnxruntime::Graph::CleanUnusedInitializersAndNodeArgs] Removing initializer '/segment/S5_4/S5_4.0/dwconv2/dwconv2.2/Relu_output_0_zero_point'. It is no longer used by any node.
2026-09-19 14:30:47.2830004 [I:onnxruntime:, graph.cc:4888 onnxruntime::Graph::CleanUnusedInitializersAndNodeArgs] Removing initializer '/segment/S4/S4.1/relu/Relu_output_0_zero_point'. It is no longer used by any node.
2026-09-19 14:30:47.2831264 [I:onnxruntime:, graph.cc:4888 onnxruntime::Graph::CleanUnusedInitializersAndNodeArgs] Removing initializer 'onnx::Conv_602_zero_point'. It is no longer used by any node.
2026-09-19 14:30:47.2832289 [I:onnxruntime:, graph.cc:4888 onnxruntime::Graph::CleanUnusedInitializersAndNodeArgs] Removing initializer 'onnx::Conv_602_quantized'. It is no longer used by any node.
2026-09-19 14:30:47.2833649 [I:onnxruntime:, graph.cc:4888 onnxruntime::Graph::CleanUnusedInitializersAndNodeArgs] Removing initializer 'onnx::Conv_603_zero_point'. It is no longer used by any node.
2026-09-19 14:30:47.2835486 [I:onnxruntime:, graph.cc:4888 onnxruntime::Graph::CleanUnusedInitializersAndNodeArgs] Removing initializer 'onnx::Conv_603_quantized'. It is no longer used by any node.
2026-09-19 14:30:47.2837686 [I:onnxruntime:, graph.cc:4888 onnxruntime::Graph::CleanUnusedInitializersAndNodeArgs] Removing initializer '/segment/S5_4/S5_4.0/shortcut/shortcut.0/Conv_output_0_zero_point'. It is no longer used by any node.
2026-09-19 14:30:47.2839822 [I:onnxruntime:, graph.cc:4888 onnxruntime::Graph::CleanUnusedInitializersAndNodeArgs] Removing initializer '/segment/S5_4/S5_4.0/conv2/conv2.0/Conv_output_0_zero_point'. It is no longer used by any node.
2026-09-19 14:30:47.2841954 [I:onnxruntime:, graph.cc:4888 onnxruntime::Graph::CleanUnusedInitializersAndNodeArgs] Removing initializer 'onnx::Conv_606_quantized'. It is no longer used by any node.
2026-09-19 14:30:47.2913932 [I:onnxruntime:, graph.cc:4888 onnxruntime::Graph::CleanUnusedInitializersAndNodeArgs] Removing initializer 'onnx::Conv_614_zero_point'. It is no longer used by any node.
2026-09-19 14:30:47.2915284 [I:onnxruntime:, graph.cc:4888 onnxruntime::Graph::CleanUnusedInitializersAndNodeArgs] Removing initializer 'bga.right2.2.weight_zero_point'. It is no longer used by any node.
2026-09-19 14:30:47.2916923 [I:onnxruntime:, graph.cc:4888 onnxruntime::Graph::CleanUnusedInitializersAndNodeArgs] Removing initializer '/segment/S5_4/S5_4.0/shortcut/shortcut.2/Conv_output_0_zero_point'. It is no longer used by any node.
2026-09-19 14:30:47.2919080 [I:onnxruntime:, graph.cc:4888 onnxruntime::Graph::CleanUnusedInitializersAndNodeArgs] Removing initializer 'onnx::Conv_605_quantized'. It is no longer used by any node.
2026-09-19 14:30:47.2920982 [I:onnxruntime:, graph.cc:4888 onnxruntime::Graph::CleanUnusedInitializersAndNodeArgs] Removing initializer 'onnx::Conv_617_quantized'. It is no longer used by any node.
2026-09-19 14:30:47.2923063 [I:onnxruntime:, graph.cc:4888 onnxruntime::Graph::CleanUnusedInitializersAndNodeArgs] Removing initializer 'head.conv_out.weight_zero_point'. It is no longer used by any node.
2026-09-19 14:30:47.2925394 [I:onnxruntime:, graph.cc:4888 onnxruntime::Graph::CleanUnusedInitializersAndNodeArgs] Removing initializer 'onnx::Conv_618_zero_point'. It is no longer used by any node.
2026-09-19 14:30:47.2927257 [I:onnxruntime:, graph.cc:4888 onnxruntime::Graph::CleanUnusedInitializersAndNodeArgs] Removing initializer 'head.conv_out.weight_quantized'. It is no longer used by any node.
2026-09-19 14:30:47.2929114 [I:onnxruntime:, graph.cc:4888 onnxruntime::Graph::CleanUnusedInitializersAndNodeArgs] Removing initializer 'onnx::Conv_618_quantized'. It is no longer used by any node.
2026-09-19 14:30:47.2930196 [I:onnxruntime:, graph.cc:4888 onnxruntime::Graph::CleanUnusedInitializersAndNodeArgs] Removing initializer '/segment/S5_4/S5_4.0/dwconv1/dwconv1.0/Conv_output_0_zero_point'. It is no longer used by any node.
2026-09-19 14:30:47.2932044 [I:onnxruntime:, graph.cc:4888 onnxruntime::Graph::CleanUnusedInitializersAndNodeArgs] Removing initializer 'onnx::Conv_606_zero_point'. It is no longer used by any node.
2026-09-19 14:30:47.2933160 [I:onnxruntime:, graph.cc:4888 onnxruntime::Graph::CleanUnusedInitializersAndNodeArgs] Removing initializer 'onnx::Conv_608_zero_point'. It is no longer used by any node.
2026-09-19 14:30:47.2934659 [I:onnxruntime:, graph.cc:4888 onnxruntime::Graph::CleanUnusedInitializersAndNodeArgs] Removing initializer 'onnx::Conv_608_quantized'. It is no longer used by any node.
2026-09-19 14:30:47.2935745 [I:onnxruntime:, graph.cc:4888 onnxruntime::Graph::CleanUnusedInitializersAndNodeArgs] Removing initializer 'onnx::Conv_611_quantized'. It is no longer used by any node.
2026-09-19 14:30:47.2936818 [I:onnxruntime:, graph.cc:4888 onnxruntime::Graph::CleanUnusedInitializersAndNodeArgs] Removing initializer 'onnx::Conv_612_zero_point'. It is no longer used by any node.
2026-09-19 14:30:47.2938289 [I:onnxruntime:, graph.cc:4888 onnxruntime::Graph::CleanUnusedInitializersAndNodeArgs] Removing initializer 'onnx::Conv_612_quantized'. It is no longer used by any node.
2026-09-19 14:30:47.2939624 [I:onnxruntime:, graph.cc:4888 onnxruntime::Graph::CleanUnusedInitializersAndNodeArgs] Removing initializer 'onnx::Conv_663_zero_point'. It is no longer used by any node.
2026-09-19 14:30:47.2940690 [I:onnxruntime:, graph.cc:4888 onnxruntime::Graph::CleanUnusedInitializersAndNodeArgs] Removing initializer '/segment/S5_4/S5_4.0/relu/Relu_output_0_zero_point'. It is no longer used by any node.
2026-09-19 14:30:47.2941942 [I:onnxruntime:, graph.cc:4888 onnxruntime::Graph::CleanUnusedInitializersAndNodeArgs] Removing initializer '/segment/S5_4/S5_4.1/relu/Relu_output_0_zero_point'. It is no longer used by any node.
2026-09-19 14:30:47.2943149 [I:onnxruntime:, graph.cc:4888 onnxruntime::Graph::CleanUnusedInitializersAndNodeArgs] Removing initializer 'onnx::Conv_620_zero_point'. It is no longer used by any node.
2026-09-19 14:30:47.3134249 [I:onnxruntime:, graph.cc:4888 onnxruntime::Graph::CleanUnusedInitializersAndNodeArgs] Removing initializer 'onnx::Conv_624_zero_point'. It is no longer used by any node.
2026-09-19 14:30:47.3136365 [I:onnxruntime:, graph.cc:4888 onnxruntime::Graph::CleanUnusedInitializersAndNodeArgs] Removing initializer 'onnx::Conv_624_quantized'. It is no longer used by any node.
2026-09-19 14:30:47.3138125 [I:onnxruntime:, graph.cc:4888 onnxruntime::Graph::CleanUnusedInitializersAndNodeArgs] Removing initializer 'onnx::Conv_626_zero_point'. It is no longer used by any node.
2026-09-19 14:30:47.3139874 [I:onnxruntime:, graph.cc:4888 onnxruntime::Graph::CleanUnusedInitializersAndNodeArgs] Removing initializer 'onnx::Conv_626_quantized'. It is no longer used by any node.
2026-09-19 14:30:47.3142033 [I:onnxruntime:, graph.cc:4888 onnxruntime::Graph::CleanUnusedInitializersAndNodeArgs] Removing initializer '/segment/S5_4/S5_4.3/conv1/relu/Relu_output_0_zero_point'. It is no longer used by any node.
2026-09-19 14:30:47.3144056 [I:onnxruntime:, graph.cc:4888 onnxruntime::Graph::CleanUnusedInitializersAndNodeArgs] Removing initializer 'onnx::Conv_627_quantized'. It is no longer used by any node.
2026-09-19 14:30:47.3145966 [I:onnxruntime:, graph.cc:4888 onnxruntime::Graph::CleanUnusedInitializersAndNodeArgs] Removing initializer 'onnx::Conv_630_zero_point'. It is no longer used by any node.
2026-09-19 14:30:47.3147023 [I:onnxruntime:, graph.cc:4888 onnxruntime::Graph::CleanUnusedInitializersAndNodeArgs] Removing initializer 'onnx::Conv_630_quantized'. It is no longer used by any node.
2026-09-19 14:30:47.3148414 [I:onnxruntime:, graph.cc:4888 onnxruntime::Graph::CleanUnusedInitializersAndNodeArgs] Removing initializer '/segment/S5_4/S5_4.2/conv1/relu/Relu_output_0_zero_point'. It is no longer used by any node.
2026-09-19 14:30:47.3149674 [I:onnxruntime:, graph.cc:4888 onnxruntime::Graph::CleanUnusedInitializersAndNodeArgs] Removing initializer '/segment/S5_4/S5_4.2/dwconv/dwconv.2/Relu_output_0_zero_point'. It is no longer used by any node.
2026-09-19 14:30:47.3151404 [I:onnxruntime:, graph.cc:4888 onnxruntime::Graph::CleanUnusedInitializersAndNodeArgs] Removing initializer 'onnx::Conv_635_zero_point'. It is no longer used by any node.
2026-09-19 14:30:47.3152629 [I:onnxruntime:, graph.cc:4888 onnxruntime::Graph::CleanUnusedInitializersAndNodeArgs] Removing initializer '/segment/S5_4/S5_4.2/relu/Relu_output_0_zero_point'. It is no longer used by any node.
2026-09-19 14:30:47.3154155 [I:onnxruntime:, graph.cc:4888 onnxruntime::Graph::CleanUnusedInitializersAndNodeArgs] Removing initializer 'onnx::Conv_638_zero_point'. It is no longer used by any node.
2026-09-19 14:30:47.3155294 [I:onnxruntime:, graph.cc:4888 onnxruntime::Graph::CleanUnusedInitializersAndNodeArgs] Removing initializer 'onnx::Conv_638_quantized'. It is no longer used by any node.
2026-09-19 14:30:47.3156377 [I:onnxruntime:, graph.cc:4888 onnxruntime::Graph::CleanUnusedInitializersAndNodeArgs] Removing initializer 'onnx::Conv_639_zero_point'. It is no longer used by any node.
2026-09-19 14:30:47.3157421 [I:onnxruntime:, graph.cc:4888 onnxruntime::Graph::CleanUnusedInitializersAndNodeArgs] Removing initializer 'onnx::Conv_639_quantized'. It is no longer used by any node.
2026-09-19 14:30:47.3158483 [I:onnxruntime:, graph.cc:4888 onnxruntime::Graph::CleanUnusedInitializersAndNodeArgs] Removing initializer 'onnx::Conv_641_zero_point'. It is no longer used by any node.
2026-09-19 14:30:47.3159644 [I:onnxruntime:, graph.cc:4888 onnxruntime::Graph::CleanUnusedInitializersAndNodeArgs] Removing initializer 'onnx::Conv_641_quantized'. It is no longer used by any node.
2026-09-19 14:30:47.3160929 [I:onnxruntime:, graph.cc:4888 onnxruntime::Graph::CleanUnusedInitializersAndNodeArgs] Removing initializer 'onnx::Conv_642_zero_point'. It is no longer used by any node.
2026-09-19 14:30:47.3162233 [I:onnxruntime:, graph.cc:4888 onnxruntime::Graph::CleanUnusedInitializersAndNodeArgs] Removing initializer 'onnx::Conv_642_quantized'. It is no longer used by any node.
2026-09-19 14:30:47.3242479 [I:onnxruntime:, graph.cc:4888 onnxruntime::Graph::CleanUnusedInitializersAndNodeArgs] Removing initializer '/segment/S5_4/S5_4.3/dwconv/dwconv.2/Relu_output_0_zero_point'. It is no longer used by any node.
2026-09-19 14:30:47.3244634 [I:onnxruntime:, graph.cc:4888 onnxruntime::Graph::CleanUnusedInitializersAndNodeArgs] Removing initializer '/segment/S5_4/S5_4.3/conv2/conv2.0/Conv_output_0_zero_point'. It is no longer used by any node.
2026-09-19 14:30:47.3246971 [I:onnxruntime:, graph.cc:4888 onnxruntime::Graph::CleanUnusedInitializersAndNodeArgs] Removing initializer 'onnx::Conv_644_quantized'. It is no longer used by any node.
2026-09-19 14:30:47.3249350 [I:onnxruntime:, graph.cc:4888 onnxruntime::Graph::CleanUnusedInitializersAndNodeArgs] Removing initializer 'onnx::Conv_645_zero_point'. It is no longer used by any node.
2026-09-19 14:30:47.3251057 [I:onnxruntime:, graph.cc:4888 onnxruntime::Graph::CleanUnusedInitializersAndNodeArgs] Removing initializer 'onnx::Conv_645_quantized'. It is no longer used by any node.
2026-09-19 14:30:47.3252765 [I:onnxruntime:, graph.cc:4888 onnxruntime::Graph::CleanUnusedInitializersAndNodeArgs] Removing initializer '/segment/S5_5/bn/BatchNormalization_output_0_zero_point'. It is no longer used by any node.
2026-09-19 14:30:47.3254076 [I:onnxruntime:, graph.cc:4888 onnxruntime::Graph::CleanUnusedInitializersAndNodeArgs] Removing initializer '/segment/S5_5/bn/BatchNormalization_output_0weights_zero_point'. It is no longer used by any node.
2026-09-19 14:30:47.3255263 [I:onnxruntime:, graph.cc:4888 onnxruntime::Graph::CleanUnusedInitializersAndNodeArgs] Removing initializer '/segment/S5_5/bn/BatchNormalization_output_0weights_quantized'. It is no longer used by any node.
2026-09-19 14:30:47.3256788 [I:onnxruntime:, graph.cc:4888 onnxruntime::Graph::CleanUnusedInitializersAndNodeArgs] Removing initializer 'onnx::Conv_662_quantized'. It is no longer used by any node.
2026-09-19 14:30:47.3258432 [I:onnxruntime:, graph.cc:4888 onnxruntime::Graph::CleanUnusedInitializersAndNodeArgs] Removing initializer 'onnx::Conv_651_zero_point'. It is no longer used by any node.
2026-09-19 14:30:47.3259838 [I:onnxruntime:, graph.cc:4888 onnxruntime::Graph::CleanUnusedInitializersAndNodeArgs] Removing initializer '/segment/S5_5/bn/BatchNormalization_output_0bias_zero_point'. It is no longer used by any node.
2026-09-19 14:30:47.3261330 [I:onnxruntime:, graph.cc:4888 onnxruntime::Graph::CleanUnusedInitializersAndNodeArgs] Removing initializer 'onnx::Conv_651_quantized'. It is no longer used by any node.
2026-09-19 14:30:47.3262422 [I:onnxruntime:, graph.cc:4888 onnxruntime::Graph::CleanUnusedInitializersAndNodeArgs] Removing initializer '/segment/S5_5/bn/BatchNormalization_output_0bias_quantized'. It is no longer used by any node.
2026-09-19 14:30:47.3263778 [I:onnxruntime:, graph.cc:4888 onnxruntime::Graph::CleanUnusedInitializersAndNodeArgs] Removing initializer 'onnx::Conv_650_quantized'. It is no longer used by any node.
2026-09-19 14:30:47.3264878 [I:onnxruntime:, graph.cc:4888 onnxruntime::Graph::CleanUnusedInitializersAndNodeArgs] Removing initializer 'onnx::Conv_647_zero_point'. It is no longer used by any node.
2026-09-19 14:30:47.3266021 [I:onnxruntime:, graph.cc:4888 onnxruntime::Graph::CleanUnusedInitializersAndNodeArgs] Removing initializer 'onnx::Conv_647_quantized'. It is no longer used by any node.
2026-09-19 14:30:47.3267119 [I:onnxruntime:, graph.cc:4888 onnxruntime::Graph::CleanUnusedInitializersAndNodeArgs] Removing initializer 'onnx::Conv_648_quantized'. It is no longer used by any node.
2026-09-19 14:30:47.3268225 [I:onnxruntime:, graph.cc:4888 onnxruntime::Graph::CleanUnusedInitializersAndNodeArgs] Removing initializer '/segment/S5_5/conv_gap/relu/Relu_output_0_zero_point'. It is no longer used by any node.
2026-09-19 14:30:47.3269433 [I:onnxruntime:, graph.cc:4888 onnxruntime::Graph::CleanUnusedInitializersAndNodeArgs] Removing initializer 'onnx::Conv_650_zero_point'. It is no longer used by any node.
2026-09-19 14:30:47.3362138 [I:onnxruntime:, graph.cc:4888 onnxruntime::Graph::CleanUnusedInitializersAndNodeArgs] Removing initializer 'onnx::Conv_659_quantized'. It is no longer used by any node.
2026-09-19 14:30:47.3363492 [I:onnxruntime:, graph.cc:4888 onnxruntime::Graph::CleanUnusedInitializersAndNodeArgs] Removing initializer 'onnx::Conv_660_zero_point'. It is no longer used by any node.
2026-09-19 14:30:47.3364757 [I:onnxruntime:, graph.cc:4888 onnxruntime::Graph::CleanUnusedInitializersAndNodeArgs] Removing initializer 'onnx::Conv_660_quantized'. It is no longer used by any node.
2026-09-19 14:30:47.3365860 [I:onnxruntime:, graph.cc:4888 onnxruntime::Graph::CleanUnusedInitializersAndNodeArgs] Removing initializer '/bga/right2/right2.2/Conv_output_0_zero_point'. It is no longer used by any node.
2026-09-19 14:30:47.3367327 [I:onnxruntime:, graph.cc:4888 onnxruntime::Graph::CleanUnusedInitializersAndNodeArgs] Removing initializer '/bga/Sigmoid_1_output_0_zero_point'. It is no longer used by any node.
2026-09-19 14:30:47.3369220 [I:onnxruntime:, graph.cc:4888 onnxruntime::Graph::CleanUnusedInitializersAndNodeArgs] Removing initializer 'onnx::Conv_669_zero_point'. It is no longer used by any node.
2026-09-19 14:30:47.3370254 [I:onnxruntime:, graph.cc:4888 onnxruntime::Graph::CleanUnusedInitializersAndNodeArgs] Removing initializer '/bga/Mul_output_0_zero_point'. It is no longer used by any node.
2026-09-19 14:30:47.3371287 [I:onnxruntime:, graph.cc:4888 onnxruntime::Graph::CleanUnusedInitializersAndNodeArgs] Removing initializer '/bga/Mul_1_output_0_zero_point'. It is no longer used by any node.
2026-09-19 14:30:47.3372335 [I:onnxruntime:, graph.cc:4888 onnxruntime::Graph::CleanUnusedInitializersAndNodeArgs] Removing initializer 'onnx::Conv_668_quantized'. It is no longer used by any node.
2026-09-19 14:30:47.3373412 [I:onnxruntime:, graph.cc:4888 onnxruntime::Graph::CleanUnusedInitializersAndNodeArgs] Removing initializer '/bga/Add_output_0_zero_point'. It is no longer used by any node.
2026-09-19 14:30:47.3375180 [I:onnxruntime:, graph.cc:4888 onnxruntime::Graph::CleanUnusedInitializersAndNodeArgs] Removing initializer 'onnx::Conv_666_zero_point'. It is no longer used by any node.
2026-09-19 14:30:47.3376181 [I:onnxruntime:, graph.cc:4888 onnxruntime::Graph::CleanUnusedInitializersAndNodeArgs] Removing initializer 'onnx::Conv_668_zero_point'. It is no longer used by any node.
2026-09-19 14:30:47.3377193 [I:onnxruntime:, graph.cc:4888 onnxruntime::Graph::CleanUnusedInitializersAndNodeArgs] Removing initializer 'onnx::Conv_669_quantized'. It is no longer used by any node.
2026-09-19 14:30:47.3378211 [I:onnxruntime:, graph.cc:4888 onnxruntime::Graph::CleanUnusedInitializersAndNodeArgs] Removing initializer '/head/conv/relu/Relu_output_0_zero_point'. It is no longer used by any node.
2026-09-19 14:30:47.3383946 [I:onnxruntime:, inference_session.cc:1465 onnxruntime::InferenceSession::TransformGraph] Running graph optimizations in loop 1 time/s (Graph Optimizations Loop Level : 1)
2026-09-19 14:30:47.3385697 [I:onnxruntime:, graph_transformer.cc:15 onnxruntime::GraphTransformer::Apply] GraphTransformer Level2_RuleBasedTransformer modified: 0 with status: OK
2026-09-19 14:30:47.3387554 [I:onnxruntime:, graph_transformer.cc:15 onnxruntime::GraphTransformer::Apply] GraphTransformer TransposeOptimizer_CPUExecutionProvider modified: 0 with status: OK
2026-09-19 14:30:47.3389590 [I:onnxruntime:, graph_transformer.cc:15 onnxruntime::GraphTransformer::Apply] GraphTransformer QDQS8ToU8Transformer modified: 0 with status: OK
2026-09-19 14:30:47.3391154 [I:onnxruntime:, graph_transformer.cc:15 onnxruntime::GraphTransformer::Apply] GraphTransformer QDQSelectorActionTransformer modified: 0 with status: OK
2026-09-19 14:30:47.3392800 [I:onnxruntime:, graph_transformer.cc:15 onnxruntime::GraphTransformer::Apply] GraphTransformer GemmActivationFusion modified: 0 with status: OK
2026-09-19 14:30:47.3565565 [I:onnxruntime:, graph_transformer.cc:15 onnxruntime::GraphTransformer::Apply] GraphTransformer MatMulIntegerToFloatFusion modified: 0 with status: OK
2026-09-19 14:30:47.3567570 [I:onnxruntime:, graph_transformer.cc:15 onnxruntime::GraphTransformer::Apply] GraphTransformer DynamicQuantizeMatMulFusion modified: 0 with status: OK
2026-09-19 14:30:47.3569382 [I:onnxruntime:, graph_transformer.cc:15 onnxruntime::GraphTransformer::Apply] GraphTransformer ConvActivationFusion modified: 0 with status: OK
2026-09-19 14:30:47.3570969 [I:onnxruntime:, graph_transformer.cc:15 onnxruntime::GraphTransformer::Apply] GraphTransformer GeluFusionL2 modified: 0 with status: OK
2026-09-19 14:30:47.3572437 [I:onnxruntime:, graph_transformer.cc:15 onnxruntime::GraphTransformer::Apply] GraphTransformer LayerNormFusionL2 modified: 0 with status: OK
2026-09-19 14:30:47.3573970 [I:onnxruntime:, graph_transformer.cc:15 onnxruntime::GraphTransformer::Apply] GraphTransformer SimplifiedLayerNormFusion modified: 0 with status: OK
2026-09-19 14:30:47.3576220 [I:onnxruntime:, graph_transformer.cc:15 onnxruntime::GraphTransformer::Apply] GraphTransformer AttentionFusion modified: 0 with status: OK
2026-09-19 14:30:47.3577493 [I:onnxruntime:, graph_transformer.cc:15 onnxruntime::GraphTransformer::Apply] GraphTransformer EmbedLayerNormFusion modified: 0 with status: OK
2026-09-19 14:30:47.3578456 [I:onnxruntime:, graph_transformer.cc:15 onnxruntime::GraphTransformer::Apply] GraphTransformer GatherSliceToSplitFusion modified: 0 with status: OK
2026-09-19 14:30:47.3579393 [I:onnxruntime:, graph_transformer.cc:15 onnxruntime::GraphTransformer::Apply] GraphTransformer GatherToSliceFusion modified: 0 with status: OK
2026-09-19 14:30:47.3580588 [I:onnxruntime:, graph_transformer.cc:15 onnxruntime::GraphTransformer::Apply] GraphTransformer MatmulTransposeFusion modified: 0 with status: OK
2026-09-19 14:30:47.3581548 [I:onnxruntime:, graph_transformer.cc:15 onnxruntime::GraphTransformer::Apply] GraphTransformer BiasGeluFusion modified: 0 with status: OK
2026-09-19 14:30:47.3582788 [I:onnxruntime:, graph_transformer.cc:15 onnxruntime::GraphTransformer::Apply] GraphTransformer GroupQueryAttentionFusion modified: 0 with status: OK
2026-09-19 14:30:47.3584076 [I:onnxruntime:, graph_transformer.cc:15 onnxruntime::GraphTransformer::Apply] GraphTransformer MatMulAddFusion modified: 0 with status: OK
2026-09-19 14:30:47.3585293 [I:onnxruntime:, graph_transformer.cc:15 onnxruntime::GraphTransformer::Apply] GraphTransformer SkipLayerNormFusion modified: 0 with status: OK
2026-09-19 14:30:47.3586323 [I:onnxruntime:, graph_transformer.cc:15 onnxruntime::GraphTransformer::Apply] GraphTransformer FastGeluFusion modified: 0 with status: OK
2026-09-19 14:30:47.3587291 [I:onnxruntime:, graph_transformer.cc:15 onnxruntime::GraphTransformer::Apply] GraphTransformer QuickGeluFusion modified: 0 with status: OK
2026-09-19 14:30:47.3588264 [I:onnxruntime:, graph_transformer.cc:15 onnxruntime::GraphTransformer::Apply] GraphTransformer BiasSoftmaxFusion modified: 0 with status: OK
2026-09-19 14:30:47.3589349 [I:onnxruntime:, graph_transformer.cc:15 onnxruntime::GraphTransformer::Apply] GraphTransformer BiasDropoutFusion modified: 0 with status: OK
2026-09-19 14:30:47.3591032 [I:onnxruntime:, graph_transformer.cc:15 onnxruntime::GraphTransformer::Apply] GraphTransformer MatMulScaleFusion modified: 0 with status: OK
2026-09-19 14:30:47.3592703 [I:onnxruntime:, graph_transformer.cc:15 onnxruntime::GraphTransformer::Apply] GraphTransformer MatMulActivationFusion modified: 0 with status: OK
2026-09-19 14:30:47.3594406 [I:onnxruntime:, graph_transformer.cc:15 onnxruntime::GraphTransformer::Apply] GraphTransformer MatMulNBitsFusion modified: 0 with status: OK
2026-09-19 14:30:47.3596437 [I:onnxruntime:, graph_transformer.cc:15 onnxruntime::GraphTransformer::Apply] GraphTransformer QDQFinalCleanupTransformer modified: 0 with status: OK
2026-09-19 14:30:47.3598519 [I:onnxruntime:, graph_transformer.cc:15 onnxruntime::GraphTransformer::Apply] GraphTransformer NchwcTransformer modified: 0 with status: OK
2026-09-19 14:30:47.3713467 [I:onnxruntime:, graph_transformer.cc:15 onnxruntime::GraphTransformer::Apply] GraphTransformer NhwcTransformer modified: 0 with status: OK
2026-09-19 14:30:47.3715410 [I:onnxruntime:, graph_transformer.cc:15 onnxruntime::GraphTransformer::Apply] GraphTransformer ConvAddActivationFusion modified: 0 with status: OK
2026-09-19 14:30:47.3717298 [I:onnxruntime:, graph_transformer.cc:15 onnxruntime::GraphTransformer::Apply] GraphTransformer RemoveDuplicateCastTransformer modified: 0 with status: OK
2026-09-19 14:30:47.3719717 [I:onnxruntime:, graph_transformer.cc:15 onnxruntime::GraphTransformer::Apply] GraphTransformer CastFloat16Transformer modified: 0 with status: OK
2026-09-19 14:30:47.3721482 [I:onnxruntime:, graph_transformer.cc:15 onnxruntime::GraphTransformer::Apply] GraphTransformer FuseFp16InitializerToFp32NodeTransformer modified: 0 with status: OK
2026-09-19 14:30:47.3723715 [I:onnxruntime:, graph_transformer.cc:15 onnxruntime::GraphTransformer::Apply] GraphTransformer MemcpyTransformer modified: 0 with status: OK
2026-09-19 14:30:47.3726022 [I:onnxruntime:, allocation_planner.cc:2659 onnxruntime::IGraphPartitioner::CreateGraphPartitioner] Use DeviceBasedPartition as default
2026-09-19 14:30:47.3727524 [I:onnxruntime:, session_state_utils.cc:243 onnxruntime::session_state_utils::SaveInitializedTensors] Saving initialized tensors.
2026-09-19 14:30:47.3729048 [I:onnxruntime:, session_state_utils.cc:438 onnxruntime::session_state_utils::SaveInitializedTensors] Done saving initialized tensors
2026-09-19 14:30:47.5854795 [I:onnxruntime:, inference_session.cc:2532 onnxruntime::InferenceSession::Initialize] Session successfully initialized.
AMD_REPORT {"path": "bisenetv2cachekey/vitisai_ep_report.json", "sha256": "d579c499436698cc3770ccba6671f3ba663bf50c8c245245838f4ea628aa0e0a", "report": {"deviceStat": [{"name": "all", "nodeNum": 404, "supportedOpType": ["::Add", "::AveragePool", "::Concat", "::Conv", "::DequantizeLinear", "::GlobalAveragePool", "::HardSigmoid", "::MaxPool", "::Mul", "::QuantizeLinear", "::Relu", "::Resize"]}, {"name": "NPU", "nodeNum": 402, "supportedOpType": ["::Add", "::AveragePool", "::Concat", "::Conv", "::DequantizeLinear", "::GlobalAveragePool", "::HardSigmoid", "::MaxPool", "::Mul", "::QuantizeLinear", "::Relu", "::Resize"]}, {"name": "VITIS_EP_CPU", "nodeNum": 2, "supportedOpType": ["::DequantizeLinear", "::QuantizeLinear"]}], "nodeStat": [{"output": ["image_QuantizeLinear_Output"], "input": ["image", "image_scale", "image_zero_point"], "opType": "QuantizeLinear", "comment": "@6 [image_QuantizeLinear_Output:(ty=2,shape=[1,3,512,512])] QuantizeLinear [image:(ty=1,shape=[1,3,512,512]),image_scale:(ty=1,shape=[]),image_zero_point:(ty=2,shape=[])]", "device": "CPU"}, {"output": ["image_DequantizeLinear_Output/duplicated"], "input": ["image_QuantizeLinear_Output", "image_scale", "image_zero_point"], "opType": "DequantizeLinear", "comment": "@392 [image_DequantizeLinear_Output/duplicated:(ty=1,shape=[1,3,512,512])] DequantizeLinear [image_QuantizeLinear_Output:(ty=2,shape=[1,3,512,512]),image_scale:(ty=1,shape=[]),image_zero_point:(ty=2,shape=[])]", "device": "NPU"}, {"output": ["onnx::Conv_537_DequantizeLinear_Output"], "input": ["onnx::Conv_537_quantized", "/bga/Mul_output_0_scale", "onnx::Conv_537_zero_point"], "opType": "DequantizeLinear", "comment": "@24 [onnx::Conv_537_DequantizeLinear_Output:(ty=1,shape=[16])] DequantizeLinear [onnx::Conv_537_quantized:(ty=3,shape=[16]),/bga/Mul_output_0_scale:(ty=1,shape=[]),onnx::Conv_537_zero_point:(ty=3,shape=[])]", "device": "NPU"}, {"output": ["onnx::Conv_536_DequantizeLinear_Output"], "input": ["onnx::Conv_536_quantized", "onnx::Conv_645_scale", "onnx::Conv_536_zero_point"], "opType": "DequantizeLinear", "comment": "@23 [onnx::Conv_536_DequantizeLinear_Output:(ty=1,shape=[16,3,3,3])] DequantizeLinear [onnx::Conv_536_quantized:(ty=3,shape=[16,3,3,3]),onnx::Conv_645_scale:(ty=1,shape=[]),onnx::Conv_536_zero_point:(ty=3,shape=[])]", "device": "NPU"}, {"output": ["/segment/S1S2/conv/conv/Conv_output_0"], "input": ["image_DequantizeLinear_Output/duplicated", "onnx::Conv_536_DequantizeLinear_Output", "onnx::Conv_537_DequantizeLinear_Output"], "opType": "Conv", "comment": "@115 [/segment/S1S2/conv/conv/Conv_output_0:(ty=1,shape=[1,16,256,256])] Conv [image_DequantizeLinear_Output/duplicated:(ty=1,shape=[1,3,512,512]),onnx::Conv_536_DequantizeLinear_Output:(ty=1,shape=[16,3,3,3]),onnx::Conv_537_DequantizeLinear_Output:(ty=1,shape=[16])]", "device": "NPU"}, {"output": ["/segment/S1S2/conv/relu/Relu_output_0"], "input": ["/segment/S1S2/conv/conv/Conv_output_0"], "opType": "Relu", "comment": "@117 [/segment/S1S2/conv/relu/Relu_output_0:(ty=1,shape=[1,16,256,256])] Relu [/segment/S1S2/conv/conv/Conv_output_0:(ty=1,shape=[1,16,256,256])]", "device": "NPU"}, {"output": ["/segment/S1S2/conv/relu/Relu_output_0_QuantizeLinear_Output"], "input": ["/segment/S1S2/conv/relu/Relu_output_0", "/segment/S3/S3.0/shortcut/shortcut.0/Conv_output_0_scale", "/segment/S1S2/conv/relu/Relu_output_0_zero_point"], "opType": "QuantizeLinear", "comment": "@119 [/segment/S1S2/conv/relu/Relu_output_0_QuantizeLinear_Output:(ty=2,shape=[1,16,256,256])] QuantizeLinear [/segment/S1S2/conv/relu/Relu_output_0:(ty=1,shape=[1,16,256,256]),/segment/S3/S3.0/shortcut/shortcut.0/Conv_output_0_scale:(ty=1,shape=[]),/segment/S1S2/conv/relu/Relu_output_0_zero_point:(ty=2,shape=[])]", "device": "NPU"}, {"output": ["/segment/S1S2/conv/relu/Relu_output_0_DequantizeLinear_Output"], "input": ["/segment/S1S2/conv/relu/Relu_output_0_QuantizeLinear_Output", "/segment/S3/S3.0/shortcut/shortcut.0/Conv_output_0_scale", "/segment/S1S2/conv/relu/Relu_output_0_zero_point"], "opType": "DequantizeLinear", "comment": "@121 [/segment/S1S2/conv/relu/Relu_output_0_DequantizeLinear_Output:(ty=1,shape=[1,16,256,256])] DequantizeLinear [/segment/S1S2/conv/relu/Relu_output_0_QuantizeLinear_Output:(ty=2,shape=[1,16,256,256]),/segment/S3/S3.0/shortcut/shortcut.0/Conv_output_0_scale:(ty=1,shape=[]),/segment/S1S2/conv/relu/Relu_output_0_zero_point:(ty=2,shape=[])]", "device": "NPU"}, {"output": ["onnx::Conv_540_DequantizeLinear_Output"], "input": ["onnx::Conv_540_quantized", "/bga/Mul_output_0_scale", "onnx::Conv_540_zero_point"], "opType": "DequantizeLinear", "comment": "@26 [onnx::Conv_540_DequantizeLinear_Output:(ty=1,shape=[8])] DequantizeLinear [onnx::Conv_540_quantized:(ty=3,shape=[8]),/bga/Mul_output_0_scale:(ty=1,shape=[]),onnx::Conv_540_zero_point:(ty=3,shape=[])]", "device": "NPU"}, {"output": ["onnx::Conv_539_DequantizeLinear_Output"], "input": ["onnx::Conv_539_quantized", "onnx::Conv_581_scale", "onnx::Conv_539_zero_point"], "opType": "DequantizeLinear", "comment": "@25 [onnx::Conv_539_DequantizeLinear_Output:(ty=1,shape=[8,16,1,1])] DequantizeLinear [onnx::Conv_539_quantized:(ty=3,shape=[8,16,1,1]),onnx::Conv_581_scale:(ty=1,shape=[]),onnx::Conv_539_zero_point:(ty=3,shape=[])]", "device": "NPU"}, {"output": ["/segment/S1S2/left/left.0/conv/Conv_output_0"], "input": ["/segment/S1S2/conv/relu/Relu_output_0_DequantizeLinear_Output", "onnx::Conv_539_DequantizeLinear_Output", "onnx::Conv_540_DequantizeLinear_Output"], "opType": "Conv", "comment": "@123 [/segment/S1S2/left/left.0/conv/Conv_output_0:(ty=1,shape=[1,8,256,256])] Conv [/segment/S1S2/conv/relu/Relu_output_0_DequantizeLinear_Output:(ty=1,shape=[1,16,256,256]),onnx::Conv_539_DequantizeLinear_Output:(ty=1,shape=[8,16,1,1]),onnx::Conv_540_DequantizeLinear_Output:(ty=1,shape=[8])]", "device": "NPU"}, {"output": ["/segment/S1S2/left/left.0/relu/Relu_output_0"], "input": ["/segment/S1S2/left/left.0/conv/Conv_output_0"], "opType": "Relu", "comment": "@126 [/segment/S1S2/left/left.0/relu/Relu_output_0:(ty=1,shape=[1,8,256,256])] Relu [/segment/S1S2/left/left.0/conv/Conv_output_0:(ty=1,shape=[1,8,256,256])]", "device": "NPU"}, {"output": ["/segment/S1S2/left/left.0/relu/Relu_output_0_QuantizeLinear_Output"], "input": ["/segment/S1S2/left/left.0/relu/Relu_output_0", "/segment/S1S2/left/left.0/relu/Relu_output_0_scale", "/segment/S1S2/left/left.0/relu/Relu_output_0_zero_point"], "opType": "QuantizeLinear", "comment": "@129 [/segment/S1S2/left/left.0/relu/Relu_output_0_QuantizeLinear_Output:(ty=2,shape=[1,8,256,256])] QuantizeLinear [/segment/S1S2/left/left.0/relu/Relu_output_0:(ty=1,shape=[1,8,256,256]),/segment/S1S2/left/left.0/relu/Relu_output_0_scale:(ty=1,shape=[]),/segment/S1S2/left/left.0/relu/Relu_output_0_zero_point:(ty=2,shape=[])]", "device": "NPU"}, {"output": ["/segment/S1S2/left/left.0/relu/Relu_output_0_DequantizeLinear_Output"], "input": ["/segment/S1S2/left/left.0/relu/Relu_output_0_QuantizeLinear_Output", "/segment/S1S2/left/left.0/relu/Relu_output_0_scale", "/segment/S1S2/left/left.0/relu/Relu_output_0_zero_point"], "opType": "DequantizeLinear", "comment": "@132 [/segment/S1S2/left/left.0/relu/Relu_output_0_DequantizeLinear_Output:(ty=1,shape=[1,8,256,256])] DequantizeLinear [/segment/S1S2/left/left.0/relu/Relu_output_0_QuantizeLinear_Output:(ty=2,shape=[1,8,256,256]),/segment/S1S2/left/left.0/relu/Relu_output_0_scale:(ty=1,shape=[]),/segment/S1S2/left/left.0/relu/Relu_output_0_zero_point:(ty=2,shape=[])]", "device": "NPU"}, {"output": ["onnx::Conv_543_DequantizeLinear_Output"], "input": ["onnx::Conv_543_quantized", "onnx::Conv_645_scale", "onnx::Conv_543_zero_point"], "opType": "DequantizeLinear", "comment": "@28 [onnx::Conv_543_DequantizeLinear_Output:(ty=1,shape=[16])] DequantizeLinear [onnx::Conv_543_quantized:(ty=3,shape=[16]),onnx::Conv_645_scale:(ty=1,shape=[]),onnx::Conv_543_zero_point:(ty=3,shape=[])]", "device": "NPU"}, {"output": ["onnx::Conv_542_DequantizeLinear_Output"], "input": ["onnx::Conv_542_quantized", "image_scale", "onnx::Conv_542_zero_point"], "opType": "DequantizeLinear", "comment": "@27 [onnx::Conv_542_DequantizeLinear_Output:(ty=1,shape=[16,8,3,3])] DequantizeLinear [onnx::Conv_542_quantized:(ty=3,shape=[16,8,3,3]),image_scale:(ty=1,shape=[]),onnx::Conv_542_zero_point:(ty=3,shape=[])]", "device": "NPU"}, {"output": ["/segment/S1S2/left/left.1/conv/Conv_output_0"], "input": ["/segment/S1S2/left/left.0/relu/Relu_output_0_DequantizeLinear_Output", "onnx::Conv_542_DequantizeLinear_Output", "onnx::Conv_543_DequantizeLinear_Output"], "opType": "Conv", "comment": "@134 [/segment/S1S2/left/left.1/conv/Conv_output_0:(ty=1,shape=[1,16,128,128])] Conv [/segment/S1S2/left/left.0/relu/Relu_output_0_DequantizeLinear_Output:(ty=1,shape=[1,8,256,256]),onnx::Conv_542_DequantizeLinear_Output:(ty=1,shape=[16,8,3,3]),onnx::Conv_543_DequantizeLinear_Output:(ty=1,shape=[16])]", "device": "NPU"}, {"output": ["/segment/S1S2/left/left.1/relu/Relu_output_0"], "input": ["/segment/S1S2/left/left.1/conv/Conv_output_0"], "opType": "Relu", "comment": "@136 [/segment/S1S2/left/left.1/relu/Relu_output_0:(ty=1,shape=[1,16,128,128])] Relu [/segment/S1S2/left/left.1/conv/Conv_output_0:(ty=1,shape=[1,16,128,128])]", "device": "NPU"}, {"output": ["/segment/S1S2/left/left.1/relu/Relu_output_0_QuantizeLinear_Output"], "input": ["/segment/S1S2/left/left.1/relu/Relu_output_0", "/segment/S3/S3.0/shortcut/shortcut.0/Conv_output_0_scale", "/segment/S1S2/left/left.1/relu/Relu_output_0_zero_point"], "opType": "QuantizeLinear", "comment": "@138 [/segment/S1S2/left/left.1/relu/Relu_output_0_QuantizeLinear_Output:(ty=2,shape=[1,16,128,128])] QuantizeLinear [/segment/S1S2/left/left.1/relu/Relu_output_0:(ty=1,shape=[1,16,128,128]),/segment/S3/S3.0/shortcut/shortcut.0/Conv_output_0_scale:(ty=1,shape=[]),/segment/S1S2/left/left.1/relu/Relu_output_0_zero_point:(ty=2,shape=[])]", "device": "NPU"}, {"output": ["/segment/S1S2/left/left.1/relu/Relu_output_0_DequantizeLinear_Output"], "input": ["/segment/S1S2/left/left.1/relu/Relu_output_0_QuantizeLinear_Output", "/segment/S3/S3.0/shortcut/shortcut.0/Conv_output_0_scale", "/segment/S1S2/left/left.1/relu/Relu_output_0_zero_point"], "opType": "DequantizeLinear", "comment": "@140 [/segment/S1S2/left/left.1/relu/Relu_output_0_DequantizeLinear_Output:(ty=1,shape=[1,16,128,128])] DequantizeLinear [/segment/S1S2/left/left.1/relu/Relu_output_0_QuantizeLinear_Output:(ty=2,shape=[1,16,128,128]),/segment/S3/S3.0/shortcut/shortcut.0/Conv_output_0_scale:(ty=1,shape=[]),/segment/S1S2/left/left.1/relu/Relu_output_0_zero_point:(ty=2,shape=[])]", "device": "NPU"}, {"output": ["/segment/S1S2/conv/relu/Relu_output_0_DequantizeLinear_Output/duplicated"], "input": ["/segment/S1S2/conv/relu/Relu_output_0_QuantizeLinear_Output", "/segment/S3/S3.0/shortcut/shortcut.0/Conv_output_0_scale", "/segment/S1S2/conv/relu/Relu_output_0_zero_point"], "opType": "DequantizeLinear", "comment": "@393 [/segment/S1S2/conv/relu/Relu_output_0_DequantizeLinear_Output/duplicated:(ty=1,shape=[1,16,256,256])] DequantizeLinear [/segment/S1S2/conv/relu/Relu_output_0_QuantizeLinear_Output:(ty=2,shape=[1,16,256,256]),/segment/S3/S3.0/shortcut/shortcut.0/Conv_output_0_scale:(ty=1,shape=[]),/segment/S1S2/conv/relu/Relu_output_0_zero_point:(ty=2,shape=[])]", "device": "NPU"}, {"output": ["/segment/S1S2/right/MaxPool_output_0"], "input": ["/segment/S1S2/conv/relu/Relu_output_0_DequantizeLinear_Output/duplicated"], "opType": "MaxPool", "comment": "@124 [/segment/S1S2/right/MaxPool_output_0:(ty=1,shape=[1,16,128,128])] MaxPool [/segment/S1S2/conv/relu/Relu_output_0_DequantizeLinear_Output/duplicated:(ty=1,shape=[1,16,256,256])]", "device": "NPU"}, {"output": ["/segment/S1S2/right/MaxPool_output_0_QuantizeLinear_Output"], "input": ["/segment/S1S2/right/MaxPool_output_0", "/segment/S3/S3.0/shortcut/shortcut.0/Conv_output_0_scale", "/segment/S1S2/conv/relu/Relu_output_0_zero_point"], "opType": "QuantizeLinear", "comment": "@127 [/segment/S1S2/right/MaxPool_output_0_QuantizeLinear_Output:(ty=2,shape=[1,16,128,128])] QuantizeLinear [/segment/S1S2/right/MaxPool_output_0:(ty=1,shape=[1,16,128,128]),/segment/S3/S3.0/shortcut/shortcut.0/Conv_output_0_scale:(ty=1,shape=[]),/segment/S1S2/conv/relu/Relu_output_0_zero_point:(ty=2,shape=[])]", "device": "NPU"}, {"output": ["/segment/S1S2/right/MaxPool_output_0_DequantizeLinear_Output"], "input": ["/segment/S1S2/right/MaxPool_output_0_QuantizeLinear_Output", "/segment/S3/S3.0/shortcut/shortcut.0/Conv_output_0_scale", "/segment/S1S2/conv/relu/Relu_output_0_zero_point"], "opType": "DequantizeLinear", "comment": "@130 [/segment/S1S2/right/MaxPool_output_0_DequantizeLinear_Output:(ty=1,shape=[1,16,128,128])] DequantizeLinear [/segment/S1S2/right/MaxPool_output_0_QuantizeLinear_Output:(ty=2,shape=[1,16,128,128]),/segment/S3/S3.0/shortcut/shortcut.0/Conv_output_0_scale:(ty=1,shape=[]),/segment/S1S2/conv/relu/Relu_output_0_zero_point:(ty=2,shape=[])]", "device": "NPU"}, {"output": ["/segment/S1S2/Concat_output_0"], "input": ["/segment/S1S2/left/left.1/relu/Relu_output_0_DequantizeLinear_Output", "/segment/S1S2/right/MaxPool_output_0_DequantizeLinear_Output"], "opType": "Concat", "comment": "@142 [/segment/S1S2/Concat_output_0:(ty=1,shape=[1,32,128,128])] Concat [/segment/S1S2/left/left.1/relu/Relu_output_0_DequantizeLinear_Output:(ty=1,shape=[1,16,128,128]),/segment/S1S2/right/MaxPool_output_0_DequantizeLinear_Output:(ty=1,shape=[1,16,128,128])]", "device": "NPU"}, {"output": ["/segment/S1S2/Concat_output_0_QuantizeLinear_Output"], "input": ["/segment/S1S2/Concat_output_0", "/segment/S3/S3.0/shortcut/shortcut.0/Conv_output_0_scale", "/segment/S1S2/Concat_output_0_zero_point"], "opType": "QuantizeLinear", "comment": "@144 [/segment/S1S2/Concat_output_0_QuantizeLinear_Output:(ty=2,shape=[1,32,128,128])] QuantizeLinear [/segment/S1S2/Concat_output_0:(ty=1,shape=[1,32,128,128]),/segment/S3/S3.0/shortcut/shortcut.0/Conv_output_0_scale:(ty=1,shape=[]),/segment/S1S2/Concat_output_0_zero_point:(ty=2,shape=[])]", "device": "NPU"}, {"output": ["/segment/S1S2/Concat_output_0_DequantizeLinear_Output"], "input": ["/segment/S1S2/Concat_output_0_QuantizeLinear_Output", "/segment/S3/S3.0/shortcut/shortcut.0/Conv_output_0_scale", "/segment/S1S2/Concat_output_0_zero_point"], "opType": "DequantizeLinear", "comment": "@146 [/segment/S1S2/Concat_output_0_DequantizeLinear_Output:(ty=1,shape=[1,32,128,128])] DequantizeLinear [/segment/S1S2/Concat_output_0_QuantizeLinear_Output:(ty=2,shape=[1,32,128,128]),/segment/S3/S3.0/shortcut/shortcut.0/Conv_output_0_scale:(ty=1,shape=[]),/segment/S1S2/Concat_output_0_zero_point:(ty=2,shape=[])]", "device": "NPU"}, {"output": ["onnx::Conv_546_DequantizeLinear_Output"], "input": ["onnx::Conv_546_quantized", "/segment/S1S2/left/left.0/relu/Relu_output_0_scale", "onnx::Conv_546_zero_point"], "opType": "DequantizeLinear", "comment": "@30 [onnx::Conv_546_DequantizeLinear_Output:(ty=1,shape=[16])] DequantizeLinear [onnx::Conv_546_quantized:(ty=3,shape=[16]),/segment/S1S2/left/left.0/relu/Relu_output_0_scale:(ty=1,shape=[]),onnx::Conv_546_zero_point:(ty=3,shape=[])]", "device": "NPU"}, {"output": ["onnx::Conv_545_DequantizeLinear_Output"], "input": ["onnx::Conv_545_quantized", "bga.right2.2.weight_scale", "onnx::Conv_545_zero_point"], "opType": "DequantizeLinear", "comment": "@29 [onnx::Conv_545_DequantizeLinear_Output:(ty=1,shape=[16,32,3,3])] DequantizeLinear [onnx::Conv_545_quantized:(ty=3,shape=[16,32,3,3]),bga.right2.2.weight_scale:(ty=1,shape=[]),onnx::Conv_545_zero_point:(ty=3,shape=[])]", "device": "NPU"}, {"output": ["/segment/S1S2/fuse/conv/Conv_output_0"], "input": ["/segment/S1S2/Concat_output_0_DequantizeLinear_Output", "onnx::Conv_545_DequantizeLinear_Output", "onnx::Conv_546_DequantizeLinear_Output"], "opType": "Conv", "comment": "@148 [/segment/S1S2/fuse/conv/Conv_output_0:(ty=1,shape=[1,16,128,128])] Conv [/segment/S1S2/Concat_output_0_DequantizeLinear_Output:(ty=1,shape=[1,32,128,128]),onnx::Conv_545_DequantizeLinear_Output:(ty=1,shape=[16,32,3,3]),onnx::Conv_546_DequantizeLinear_Output:(ty=1,shape=[16])]", "device": "NPU"}, {"output": ["/segment/S1S2/fuse/relu/Relu_output_0"], "input": ["/segment/S1S2/fuse/conv/Conv_output_0"], "opType": "Relu", "comment": "@150 [/segment/S1S2/fuse/relu/Relu_output_0:(ty=1,shape=[1,16,128,128])] Relu [/segment/S1S2/fuse/conv/Conv_output_0:(ty=1,shape=[1,16,128,128])]", "device": "NPU"}, {"output": ["/segment/S1S2/fuse/relu/Relu_output_0_QuantizeLinear_Output"], "input": ["/segment/S1S2/fuse/relu/Relu_output_0", "/detail/S2/S2.0/relu/Relu_output_0_scale", "/segment/S1S2/fuse/relu/Relu_output_0_zero_point"], "opType": "QuantizeLinear", "comment": "@152 [/segment/S1S2/fuse/relu/Relu_output_0_QuantizeLinear_Output:(ty=2,shape=[1,16,128,128])] QuantizeLinear [/segment/S1S2/fuse/relu/Relu_output_0:(ty=1,shape=[1,16,128,128]),/detail/S2/S2.0/relu/Relu_output_0_scale:(ty=1,shape=[]),/segment/S1S2/fuse/relu/Relu_output_0_zero_point:(ty=2,shape=[])]", "device": "NPU"}, {"output": ["/segment/S1S2/fuse/relu/Relu_output_0_DequantizeLinear_Output"], "input": ["/segment/S1S2/fuse/relu/Relu_output_0_QuantizeLinear_Output", "/detail/S2/S2.0/relu/Relu_output_0_scale", "/segment/S1S2/fuse/relu/Relu_output_0_zero_point"], "opType": "DequantizeLinear", "comment": "@154 [/segment/S1S2/fuse/relu/Relu_output_0_DequantizeLinear_Output:(ty=1,shape=[1,16,128,128])] DequantizeLinear [/segment/S1S2/fuse/relu/Relu_output_0_QuantizeLinear_Output:(ty=2,shape=[1,16,128,128]),/detail/S2/S2.0/relu/Relu_output_0_scale:(ty=1,shape=[]),/segment/S1S2/fuse/relu/Relu_output_0_zero_point:(ty=2,shape=[])]", "device": "NPU"}, {"output": ["onnx::Conv_549_DequantizeLinear_Output"], "input": ["onnx::Conv_549_quantized", "/bga/Mul_output_0_scale", "onnx::Conv_549_zero_point"], "opType": "DequantizeLinear", "comment": "@32 [onnx::Conv_549_DequantizeLinear_Output:(ty=1,shape=[16])] DequantizeLinear [onnx::Conv_549_quantized:(ty=3,shape=[16]),/bga/Mul_output_0_scale:(ty=1,shape=[]),onnx::Conv_549_zero_point:(ty=3,shape=[])]", "device": "NPU"}, {"output": ["onnx::Conv_548_DequantizeLinear_Output"], "input": ["onnx::Conv_548_quantized", "bga.right2.2.weight_scale", "onnx::Conv_548_zero_point"], "opType": "DequantizeLinear", "comment": "@31 [onnx::Conv_548_DequantizeLinear_Output:(ty=1,shape=[16,16,3,3])] DequantizeLinear [onnx::Conv_548_quantized:(ty=3,shape=[16,16,3,3]),bga.right2.2.weight_scale:(ty=1,shape=[]),onnx::Conv_548_zero_point:(ty=3,shape=[])]", "device": "NPU"}, {"output": ["/segment/S3/S3.0/conv1/conv/Conv_output_0"], "input": ["/segment/S1S2/fuse/relu/Relu_output_0_DequantizeLinear_Output", "onnx::Conv_548_DequantizeLinear_Output", "onnx::Conv_549_DequantizeLinear_Output"], "opType": "Conv", "comment": "@156 [/segment/S3/S3.0/conv1/conv/Conv_output_0:(ty=1,shape=[1,16,128,128])] Conv [/segment/S1S2/fuse/relu/Relu_output_0_DequantizeLinear_Output:(ty=1,shape=[1,16,128,128]),onnx::Conv_548_DequantizeLinear_Output:(ty=1,shape=[16,16,3,3]),onnx::Conv_549_DequantizeLinear_Output:(ty=1,shape=[16])]", "device": "NPU"}, {"output": ["/segment/S3/S3.0/conv1/relu/Relu_output_0"], "input": ["/segment/S3/S3.0/conv1/conv/Conv_output_0"], "opType": "Relu", "comment": "@159 [/segment/S3/S3.0/conv1/relu/Relu_output_0:(ty=1,shape=[1,16,128,128])] Relu [/segment/S3/S3.0/conv1/conv/Conv_output_0:(ty=1,shape=[1,16,128,128])]", "device": "NPU"}, {"output": ["/segment/S3/S3.0/conv1/relu/Relu_output_0_QuantizeLinear_Output"], "input": ["/segment/S3/S3.0/conv1/relu/Relu_output_0", "/segment/S1S2/left/left.0/relu/Relu_output_0_scale", "/segment/S3/S3.0/conv1/relu/Relu_output_0_zero_point"], "opType": "QuantizeLinear", "comment": "@162 [/segment/S3/S3.0/conv1/relu/Relu_output_0_QuantizeLinear_Output:(ty=2,shape=[1,16,128,128])] QuantizeLinear [/segment/S3/S3.0/conv1/relu/Relu_output_0:(ty=1,shape=[1,16,128,128]),/segment/S1S2/left/left.0/relu/Relu_output_0_scale:(ty=1,shape=[]),/segment/S3/S3.0/conv1/relu/Relu_output_0_zero_point:(ty=2,shape=[])]", "device": "NPU"}, {"output": ["/segment/S3/S3.0/conv1/relu/Relu_output_0_DequantizeLinear_Output"], "input": ["/segment/S3/S3.0/conv1/relu/Relu_output_0_QuantizeLinear_Output", "/segment/S1S2/left/left.0/relu/Relu_output_0_scale", "/segment/S3/S3.0/conv1/relu/Relu_output_0_zero_point"], "opType": "DequantizeLinear", "comment": "@165 [/segment/S3/S3.0/conv1/relu/Relu_output_0_DequantizeLinear_Output:(ty=1,shape=[1,16,128,128])] DequantizeLinear [/segment/S3/S3.0/conv1/relu/Relu_output_0_QuantizeLinear_Output:(ty=2,shape=[1,16,128,128]),/segment/S1S2/left/left.0/relu/Relu_output_0_scale:(ty=1,shape=[]),/segment/S3/S3.0/conv1/relu/Relu_output_0_zero_point:(ty=2,shape=[])]", "device": "NPU"}, {"output": ["onnx::Conv_552_DequantizeLinear_Output"], "input": ["onnx::Conv_552_quantized", "/bga/Mul_output_0_scale", "onnx::Conv_552_zero_point"], "opType": "DequantizeLinear", "comment": "@34 [onnx::Conv_552_DequantizeLinear_Output:(ty=1,shape=[96])] DequantizeLinear [onnx::Conv_552_quantized:(ty=3,shape=[96]),/bga/Mul_output_0_scale:(ty=1,shape=[]),onnx::Conv_552_zero_point:(ty=3,shape=[])]", "device": "NPU"}, {"output": ["onnx::Conv_551_DequantizeLinear_Output"], "input": ["onnx::Conv_551_quantized", "onnx::Conv_581_scale", "onnx::Conv_551_zero_point"], "opType": "DequantizeLinear", "comment": "@33 [onnx::Conv_551_DequantizeLinear_Output:(ty=1,shape=[96,1,3,3])] DequantizeLinear [onnx::Conv_551_quantized:(ty=3,shape=[96,1,3,3]),onnx::Conv_581_scale:(ty=1,shape=[]),onnx::Conv_551_zero_point:(ty=3,shape=[])]", "device": "NPU"}, {"output": ["/segment/S3/S3.0/dwconv1/dwconv1.0/Conv_output_0"], "input": ["/segment/S3/S3.0/conv1/relu/Relu_output_0_DequantizeLinear_Output", "onnx::Conv_551_DequantizeLinear_Output", "onnx::Conv_552_DequantizeLinear_Output"], "opType": "Conv", "comment": "@168 [/segment/S3/S3.0/dwconv1/dwconv1.0/Conv_output_0:(ty=1,shape=[1,96,64,64])] Conv [/segment/S3/S3.0/conv1/relu/Relu_output_0_DequantizeLinear_Output:(ty=1,shape=[1,16,128,128]),onnx::Conv_551_DequantizeLinear_Output:(ty=1,shape=[96,1,3,3]),onnx::Conv_552_DequantizeLinear_Output:(ty=1,shape=[96])]", "device": "NPU"}, {"output": ["/segment/S3/S3.0/dwconv1/dwconv1.0/Conv_output_0_QuantizeLinear_Output"], "input": ["/segment/S3/S3.0/dwconv1/dwconv1.0/Conv_output_0", "onnx::Conv_645_scale", "/segment/S3/S3.0/dwconv1/dwconv1.0/Conv_output_0_zero_point"], "opType": "QuantizeLinear", "comment": "@171 [/segment/S3/S3.0/dwconv1/dwconv1.0/Conv_output_0_QuantizeLinear_Output:(ty=2,shape=[1,96,64,64])] QuantizeLinear [/segment/S3/S3.0/dwconv1/dwconv1.0/Conv_output_0:(ty=1,shape=[1,96,64,64]),onnx::Conv_645_scale:(ty=1,shape=[]),/segment/S3/S3.0/dwconv1/dwconv1.0/Conv_output_0_zero_point:(ty=2,shape=[])]", "device": "NPU"}, {"output": ["/segment/S3/S3.0/dwconv1/dwconv1.0/Conv_output_0_DequantizeLinear_Output"], "input": ["/segment/S3/S3.0/dwconv1/dwconv1.0/Conv_output_0_QuantizeLinear_Output", "onnx::Conv_645_scale", "/segment/S3/S3.0/dwconv1/dwconv1.0/Conv_output_0_zero_point"], "opType": "DequantizeLinear", "comment": "@174 [/segment/S3/S3.0/dwconv1/dwconv1.0/Conv_output_0_DequantizeLinear_Output:(ty=1,shape=[1,96,64,64])] DequantizeLinear [/segment/S3/S3.0/dwconv1/dwconv1.0/Conv_output_0_QuantizeLinear_Output:(ty=2,shape=[1,96,64,64]),onnx::Conv_645_scale:(ty=1,shape=[]),/segment/S3/S3.0/dwconv1/dwconv1.0/Conv_output_0_zero_point:(ty=2,shape=[])]", "device": "NPU"}, {"output": ["onnx::Conv_555_DequantizeLinear_Output"], "input": ["onnx::Conv_555_quantized", "/bga/Mul_output_0_scale", "onnx::Conv_555_zero_point"], "opType": "DequantizeLinear", "comment": "@36 [onnx::Conv_555_DequantizeLinear_Output:(ty=1,shape=[96])] DequantizeLinear [onnx::Conv_555_quantized:(ty=3,shape=[96]),/bga/Mul_output_0_scale:(ty=1,shape=[]),onnx::Conv_555_zero_point:(ty=3,shape=[])]", "device": "NPU"}, {"output": ["onnx::Conv_554_DequantizeLinear_Output"], "input": ["onnx::Conv_554_quantized", "onnx::Conv_581_scale", "onnx::Conv_554_zero_point"], "opType": "DequantizeLinear", "comment": "@35 [onnx::Conv_554_DequantizeLinear_Output:(ty=1,shape=[96,1,3,3])] DequantizeLinear [onnx::Conv_554_quantized:(ty=3,shape=[96,1,3,3]),onnx::Conv_581_scale:(ty=1,shape=[]),onnx::Conv_554_zero_point:(ty=3,shape=[])]", "device": "NPU"}, {"output": ["/segment/S3/S3.0/dwconv2/dwconv2.0/Conv_output_0"], "input": ["/segment/S3/S3.0/dwconv1/dwconv1.0/Conv_output_0_DequantizeLinear_Output", "onnx::Conv_554_DequantizeLinear_Output", "onnx::Conv_555_DequantizeLinear_Output"], "opType": "Conv", "comment": "@176 [/segment/S3/S3.0/dwconv2/dwconv2.0/Conv_output_0:(ty=1,shape=[1,96,64,64])] Conv [/segment/S3/S3.0/dwconv1/dwconv1.0/Conv_output_0_DequantizeLinear_Output:(ty=1,shape=[1,96,64,64]),onnx::Conv_554_DequantizeLinear_Output:(ty=1,shape=[96,1,3,3]),onnx::Conv_555_DequantizeLinear_Output:(ty=1,shape=[96])]", "device": "NPU"}, {"output": ["/segment/S3/S3.0/dwconv2/dwconv2.2/Relu_output_0"], "input": ["/segment/S3/S3.0/dwconv2/dwconv2.0/Conv_output_0"], "opType": "Relu", "comment": "@178 [/segment/S3/S3.0/dwconv2/dwconv2.2/Relu_output_0:(ty=1,shape=[1,96,64,64])] Relu [/segment/S3/S3.0/dwconv2/dwconv2.0/Conv_output_0:(ty=1,shape=[1,96,64,64])]", "device": "NPU"}, {"output": ["/segment/S3/S3.0/dwconv2/dwconv2.2/Relu_output_0_QuantizeLinear_Output"], "input": ["/segment/S3/S3.0/dwconv2/dwconv2.2/Relu_output_0", "/segment/S1S2/left/left.0/relu/Relu_output_0_scale", "/segment/S3/S3.0/dwconv2/dwconv2.2/Relu_output_0_zero_point"], "opType": "QuantizeLinear", "comment": "@180 [/segment/S3/S3.0/dwconv2/dwconv2.2/Relu_output_0_QuantizeLinear_Output:(ty=2,shape=[1,96,64,64])] QuantizeLinear [/segment/S3/S3.0/dwconv2/dwconv2.2/Relu_output_0:(ty=1,shape=[1,96,64,64]),/segment/S1S2/left/left.0/relu/Relu_output_0_scale:(ty=1,shape=[]),/segment/S3/S3.0/dwconv2/dwconv2.2/Relu_output_0_zero_point:(ty=2,shape=[])]", "device": "NPU"}, {"output": ["/segment/S3/S3.0/dwconv2/dwconv2.2/Relu_output_0_DequantizeLinear_Output"], "input": ["/segment/S3/S3.0/dwconv2/dwconv2.2/Relu_output_0_QuantizeLinear_Output", "/segment/S1S2/left/left.0/relu/Relu_output_0_scale", "/segment/S3/S3.0/dwconv2/dwconv2.2/Relu_output_0_zero_point"], "opType": "DequantizeLinear", "comment": "@182 [/segment/S3/S3.0/dwconv2/dwconv2.2/Relu_output_0_DequantizeLinear_Output:(ty=1,shape=[1,96,64,64])] DequantizeLinear [/segment/S3/S3.0/dwconv2/dwconv2.2/Relu_output_0_QuantizeLinear_Output:(ty=2,shape=[1,96,64,64]),/segment/S1S2/left/left.0/relu/Relu_output_0_scale:(ty=1,shape=[]),/segment/S3/S3.0/dwconv2/dwconv2.2/Relu_output_0_zero_point:(ty=2,shape=[])]", "device": "NPU"}, {"output": ["onnx::Conv_558_DequantizeLinear_Output"], "input": ["onnx::Conv_558_quantized", "onnx::Conv_645_scale", "onnx::Conv_558_zero_point"], "opType": "DequantizeLinear", "comment": "@38 [onnx::Conv_558_DequantizeLinear_Output:(ty=1,shape=[32])] DequantizeLinear [onnx::Conv_558_quantized:(ty=3,shape=[32]),onnx::Conv_645_scale:(ty=1,shape=[]),onnx::Conv_558_zero_point:(ty=3,shape=[])]", "device": "NPU"}, {"output": ["onnx::Conv_557_DequantizeLinear_Output"], "input": ["onnx::Conv_557_quantized", "onnx::Conv_581_scale", "onnx::Conv_557_zero_point"], "opType": "DequantizeLinear", "comment": "@37 [onnx::Conv_557_DequantizeLinear_Output:(ty=1,shape=[32,96,1,1])] DequantizeLinear [onnx::Conv_557_quantized:(ty=3,shape=[32,96,1,1]),onnx::Conv_581_scale:(ty=1,shape=[]),onnx::Conv_557_zero_point:(ty=3,shape=[])]", "device": "NPU"}, {"output": ["/segment/S3/S3.0/conv2/conv2.0/Conv_output_0"], "input": ["/segment/S3/S3.0/dwconv2/dwconv2.2/Relu_output_0_DequantizeLinear_Output", "onnx::Conv_557_DequantizeLinear_Output", "onnx::Conv_558_DequantizeLinear_Output"], "opType": "Conv", "comment": "@184 [/segment/S3/S3.0/conv2/conv2.0/Conv_output_0:(ty=1,shape=[1,32,64,64])] Conv [/segment/S3/S3.0/dwconv2/dwconv2.2/Relu_output_0_DequantizeLinear_Output:(ty=1,shape=[1,96,64,64]),onnx::Conv_557_DequantizeLinear_Output:(ty=1,shape=[32,96,1,1]),onnx::Conv_558_DequantizeLinear_Output:(ty=1,shape=[32])]", "device": "NPU"}, {"output": ["/segment/S3/S3.0/conv2/conv2.0/Conv_output_0_QuantizeLinear_Output"], "input": ["/segment/S3/S3.0/conv2/conv2.0/Conv_output_0", "/detail/S2/S2.0/relu/Relu_output_0_scale", "/segment/S3/S3.0/conv2/conv2.0/Conv_output_0_zero_point"], "opType": "QuantizeLinear", "comment": "@186 [/segment/S3/S3.0/conv2/conv2.0/Conv_output_0_QuantizeLinear_Output:(ty=2,shape=[1,32,64,64])] QuantizeLinear [/segment/S3/S3.0/conv2/conv2.0/Conv_output_0:(ty=1,shape=[1,32,64,64]),/detail/S2/S2.0/relu/Relu_output_0_scale:(ty=1,shape=[]),/segment/S3/S3.0/conv2/conv2.0/Conv_output_0_zero_point:(ty=2,shape=[])]", "device": "NPU"}, {"output": ["/segment/S3/S3.0/conv2/conv2.0/Conv_output_0_DequantizeLinear_Output"], "input": ["/segment/S3/S3.0/conv2/conv2.0/Conv_output_0_QuantizeLinear_Output", "/detail/S2/S2.0/relu/Relu_output_0_scale", "/segment/S3/S3.0/conv2/conv2.0/Conv_output_0_zero_point"], "opType": "DequantizeLinear", "comment": "@189 [/segment/S3/S3.0/conv2/conv2.0/Conv_output_0_DequantizeLinear_Output:(ty=1,shape=[1,32,64,64])] DequantizeLinear [/segment/S3/S3.0/conv2/conv2.0/Conv_output_0_QuantizeLinear_Output:(ty=2,shape=[1,32,64,64]),/detail/S2/S2.0/relu/Relu_output_0_scale:(ty=1,shape=[]),/segment/S3/S3.0/conv2/conv2.0/Conv_output_0_zero_point:(ty=2,shape=[])]", "device": "NPU"}, {"output": ["/segment/S1S2/fuse/relu/Relu_output_0_DequantizeLinear_Output/duplicated"], "input": ["/segment/S1S2/fuse/relu/Relu_output_0_QuantizeLinear_Output", "/detail/S2/S2.0/relu/Relu_output_0_scale", "/segment/S1S2/fuse/relu/Relu_output_0_zero_point"], "opType": "DequantizeLinear", "comment": "@394 [/segment/S1S2/fuse/relu/Relu_output_0_DequantizeLinear_Output/duplicated:(ty=1,shape=[1,16,128,128])] DequantizeLinear [/segment/S1S2/fuse/relu/Relu_output_0_QuantizeLinear_Output:(ty=2,shape=[1,16,128,128]),/detail/S2/S2.0/relu/Relu_output_0_scale:(ty=1,shape=[]),/segment/S1S2/fuse/relu/Relu_output_0_zero_point:(ty=2,shape=[])]", "device": "NPU"}, {"output": ["onnx::Conv_561_DequantizeLinear_Output"], "input": ["onnx::Conv_561_quantized", "onnx::Conv_645_scale", "onnx::Conv_561_zero_point"], "opType": "DequantizeLinear", "comment": "@40 [onnx::Conv_561_DequantizeLinear_Output:(ty=1,shape=[16])] DequantizeLinear [onnx::Conv_561_quantized:(ty=3,shape=[16]),onnx::Conv_645_scale:(ty=1,shape=[]),onnx::Conv_561_zero_point:(ty=3,shape=[])]", "device": "NPU"}, {"output": ["onnx::Conv_560_DequantizeLinear_Output"], "input": ["onnx::Conv_560_quantized", "onnx::Conv_581_scale", "onnx::Conv_560_zero_point"], "opType": "DequantizeLinear", "comment": "@39 [onnx::Conv_560_DequantizeLinear_Output:(ty=1,shape=[16,1,3,3])] DequantizeLinear [onnx::Conv_560_quantized:(ty=3,shape=[16,1,3,3]),onnx::Conv_581_scale:(ty=1,shape=[]),onnx::Conv_560_zero_point:(ty=3,shape=[])]", "device": "NPU"}, {"output": ["/segment/S3/S3.0/shortcut/shortcut.0/Conv_output_0"], "input": ["/segment/S1S2/fuse/relu/Relu_output_0_DequantizeLinear_Output/duplicated", "onnx::Conv_560_DequantizeLinear_Output", "onnx::Conv_561_DequantizeLinear_Output"], "opType": "Conv", "comment": "@157 [/segment/S3/S3.0/shortcut/shortcut.0/Conv_output_0:(ty=1,shape=[1,16,64,64])] Conv [/segment/S1S2/fuse/relu/Relu_output_0_DequantizeLinear_Output/duplicated:(ty=1,shape=[1,16,128,128]),onnx::Conv_560_DequantizeLinear_Output:(ty=1,shape=[16,1,3,3]),onnx::Conv_561_DequantizeLinear_Output:(ty=1,shape=[16])]", "device": "NPU"}, {"output": ["/segment/S3/S3.0/shortcut/shortcut.0/Conv_output_0_QuantizeLinear_Output"], "input": ["/segment/S3/S3.0/shortcut/shortcut.0/Conv_output_0", "/segment/S3/S3.0/shortcut/shortcut.0/Conv_output_0_scale", "/segment/S3/S3.0/shortcut/shortcut.0/Conv_output_0_zero_point"], "opType": "QuantizeLinear", "comment": "@160 [/segment/S3/S3.0/shortcut/shortcut.0/Conv_output_0_QuantizeLinear_Output:(ty=2,shape=[1,16,64,64])] QuantizeLinear [/segment/S3/S3.0/shortcut/shortcut.0/Conv_output_0:(ty=1,shape=[1,16,64,64]),/segment/S3/S3.0/shortcut/shortcut.0/Conv_output_0_scale:(ty=1,shape=[]),/segment/S3/S3.0/shortcut/shortcut.0/Conv_output_0_zero_point:(ty=2,shape=[])]", "device": "NPU"}, {"output": ["/segment/S3/S3.0/shortcut/shortcut.0/Conv_output_0_DequantizeLinear_Output"], "input": ["/segment/S3/S3.0/shortcut/shortcut.0/Conv_output_0_QuantizeLinear_Output", "/segment/S3/S3.0/shortcut/shortcut.0/Conv_output_0_scale", "/segment/S3/S3.0/shortcut/shortcut.0/Conv_output_0_zero_point"], "opType": "DequantizeLinear", "comment": "@163 [/segment/S3/S3.0/shortcut/shortcut.0/Conv_output_0_DequantizeLinear_Output:(ty=1,shape=[1,16,64,64])] DequantizeLinear [/segment/S3/S3.0/shortcut/shortcut.0/Conv_output_0_QuantizeLinear_Output:(ty=2,shape=[1,16,64,64]),/segment/S3/S3.0/shortcut/shortcut.0/Conv_output_0_scale:(ty=1,shape=[]),/segment/S3/S3.0/shortcut/shortcut.0/Conv_output_0_zero_point:(ty=2,shape=[])]", "device": "NPU"}, {"output": ["onnx::Conv_564_DequantizeLinear_Output"], "input": ["onnx::Conv_564_quantized", "/bga/Mul_output_0_scale", "onnx::Conv_564_zero_point"], "opType": "DequantizeLinear", "comment": "@42 [onnx::Conv_564_DequantizeLinear_Output:(ty=1,shape=[32])] DequantizeLinear [onnx::Conv_564_quantized:(ty=3,shape=[32]),/bga/Mul_output_0_scale:(ty=1,shape=[]),onnx::Conv_564_zero_point:(ty=3,shape=[])]", "device": "NPU"}, {"output": ["onnx::Conv_563_DequantizeLinear_Output"], "input": ["onnx::Conv_563_quantized", "onnx::Conv_581_scale", "onnx::Conv_563_zero_point"], "opType": "DequantizeLinear", "comment": "@41 [onnx::Conv_563_DequantizeLinear_Output:(ty=1,shape=[32,16,1,1])] DequantizeLinear [onnx::Conv_563_quantized:(ty=3,shape=[32,16,1,1]),onnx::Conv_581_scale:(ty=1,shape=[]),onnx::Conv_563_zero_point:(ty=3,shape=[])]", "device": "NPU"}, {"output": ["/segment/S3/S3.0/shortcut/shortcut.2/Conv_output_0"], "input": ["/segment/S3/S3.0/shortcut/shortcut.0/Conv_output_0_DequantizeLinear_Output", "onnx::Conv_563_DequantizeLinear_Output", "onnx::Conv_564_DequantizeLinear_Output"], "opType": "Conv", "comment": "@166 [/segment/S3/S3.0/shortcut/shortcut.2/Conv_output_0:(ty=1,shape=[1,32,64,64])] Conv [/segment/S3/S3.0/shortcut/shortcut.0/Conv_output_0_DequantizeLinear_Output:(ty=1,shape=[1,16,64,64]),onnx::Conv_563_DequantizeLinear_Output:(ty=1,shape=[32,16,1,1]),onnx::Conv_564_DequantizeLinear_Output:(ty=1,shape=[32])]", "device": "NPU"}, {"output": ["/segment/S3/S3.0/shortcut/shortcut.2/Conv_output_0_QuantizeLinear_Output"], "input": ["/segment/S3/S3.0/shortcut/shortcut.2/Conv_output_0", "/segment/S3/S3.0/shortcut/shortcut.2/Conv_output_0_scale", "/segment/S3/S3.0/shortcut/shortcut.2/Conv_output_0_zero_point"], "opType": "QuantizeLinear", "comment": "@169 [/segment/S3/S3.0/shortcut/shortcut.2/Conv_output_0_QuantizeLinear_Output:(ty=2,shape=[1,32,64,64])] QuantizeLinear [/segment/S3/S3.0/shortcut/shortcut.2/Conv_output_0:(ty=1,shape=[1,32,64,64]),/segment/S3/S3.0/shortcut/shortcut.2/Conv_output_0_scale:(ty=1,shape=[]),/segment/S3/S3.0/shortcut/shortcut.2/Conv_output_0_zero_point:(ty=2,shape=[])]", "device": "NPU"}, {"output": ["/segment/S3/S3.0/shortcut/shortcut.2/Conv_output_0_DequantizeLinear_Output"], "input": ["/segment/S3/S3.0/shortcut/shortcut.2/Conv_output_0_QuantizeLinear_Output", "/segment/S3/S3.0/shortcut/shortcut.2/Conv_output_0_scale", "/segment/S3/S3.0/shortcut/shortcut.2/Conv_output_0_zero_point"], "opType": "DequantizeLinear", "comment": "@172 [/segment/S3/S3.0/shortcut/shortcut.2/Conv_output_0_DequantizeLinear_Output:(ty=1,shape=[1,32,64,64])] DequantizeLinear [/segment/S3/S3.0/shortcut/shortcut.2/Conv_output_0_QuantizeLinear_Output:(ty=2,shape=[1,32,64,64]),/segment/S3/S3.0/shortcut/shortcut.2/Conv_output_0_scale:(ty=1,shape=[]),/segment/S3/S3.0/shortcut/shortcut.2/Conv_output_0_zero_point:(ty=2,shape=[])]", "device": "NPU"}, {"output": ["/segment/S3/S3.0/Add_output_0"], "input": ["/segment/S3/S3.0/conv2/conv2.0/Conv_output_0_DequantizeLinear_Output", "/segment/S3/S3.0/shortcut/shortcut.2/Conv_output_0_DequantizeLinear_Output"], "opType": "Add", "comment": "@192 [/segment/S3/S3.0/Add_output_0:(ty=1,shape=[1,32,64,64])] Add [/segment/S3/S3.0/conv2/conv2.0/Conv_output_0_DequantizeLinear_Output:(ty=1,shape=[1,32,64,64]),/segment/S3/S3.0/shortcut/shortcut.2/Conv_output_0_DequantizeLinear_Output:(ty=1,shape=[1,32,64,64])]", "device": "NPU"}, {"output": ["/segment/S3/S3.0/relu/Relu_output_0"], "input": ["/segment/S3/S3.0/Add_output_0"], "opType": "Relu", "comment": "@195 [/segment/S3/S3.0/relu/Relu_output_0:(ty=1,shape=[1,32,64,64])] Relu [/segment/S3/S3.0/Add_output_0:(ty=1,shape=[1,32,64,64])]", "device": "NPU"}, {"output": ["/segment/S3/S3.0/relu/Relu_output_0_QuantizeLinear_Output"], "input": ["/segment/S3/S3.0/relu/Relu_output_0", "/detail/S2/S2.0/relu/Relu_output_0_scale", "/segment/S3/S3.0/relu/Relu_output_0_zero_point"], "opType": "QuantizeLinear", "comment": "@198 [/segment/S3/S3.0/relu/Relu_output_0_QuantizeLinear_Output:(ty=2,shape=[1,32,64,64])] QuantizeLinear [/segment/S3/S3.0/relu/Relu_output_0:(ty=1,shape=[1,32,64,64]),/detail/S2/S2.0/relu/Relu_output_0_scale:(ty=1,shape=[]),/segment/S3/S3.0/relu/Relu_output_0_zero_point:(ty=2,shape=[])]", "device": "NPU"}, {"output": ["/segment/S3/S3.0/relu/Relu_output_0_DequantizeLinear_Output/duplicated"], "input": ["/segment/S3/S3.0/relu/Relu_output_0_QuantizeLinear_Output", "/detail/S2/S2.0/relu/Relu_output_0_scale", "/segment/S3/S3.0/relu/Relu_output_0_zero_point"], "opType": "DequantizeLinear", "comment": "@395 [/segment/S3/S3.0/relu/Relu_output_0_DequantizeLinear_Output/duplicated:(ty=1,shape=[1,32,64,64])] DequantizeLinear [/segment/S3/S3.0/relu/Relu_output_0_QuantizeLinear_Output:(ty=2,shape=[1,32,64,64]),/detail/S2/S2.0/relu/Relu_output_0_scale:(ty=1,shape=[]),/segment/S3/S3.0/relu/Relu_output_0_zero_point:(ty=2,shape=[])]", "device": "NPU"}, {"output": ["/segment/S3/S3.0/relu/Relu_output_0_DequantizeLinear_Output"], "input": ["/segment/S3/S3.0/relu/Relu_output_0_QuantizeLinear_Output", "/detail/S2/S2.0/relu/Relu_output_0_scale", "/segment/S3/S3.0/relu/Relu_output_0_zero_point"], "opType": "DequantizeLinear", "comment": "@201 [/segment/S3/S3.0/relu/Relu_output_0_DequantizeLinear_Output:(ty=1,shape=[1,32,64,64])] DequantizeLinear [/segment/S3/S3.0/relu/Relu_output_0_QuantizeLinear_Output:(ty=2,shape=[1,32,64,64]),/detail/S2/S2.0/relu/Relu_output_0_scale:(ty=1,shape=[]),/segment/S3/S3.0/relu/Relu_output_0_zero_point:(ty=2,shape=[])]", "device": "NPU"}, {"output": ["onnx::Conv_567_DequantizeLinear_Output"], "input": ["onnx::Conv_567_quantized", "/bga/Mul_output_0_scale", "onnx::Conv_567_zero_point"], "opType": "DequantizeLinear", "comment": "@44 [onnx::Conv_567_DequantizeLinear_Output:(ty=1,shape=[32])] DequantizeLinear [onnx::Conv_567_quantized:(ty=3,shape=[32]),/bga/Mul_output_0_scale:(ty=1,shape=[]),onnx::Conv_567_zero_point:(ty=3,shape=[])]", "device": "NPU"}, {"output": ["onnx::Conv_566_DequantizeLinear_Output"], "input": ["onnx::Conv_566_quantized", "bga.right2.2.weight_scale", "onnx::Conv_566_zero_point"], "opType": "DequantizeLinear", "comment": "@43 [onnx::Conv_566_DequantizeLinear_Output:(ty=1,shape=[32,32,3,3])] DequantizeLinear [onnx::Conv_566_quantized:(ty=3,shape=[32,32,3,3]),bga.right2.2.weight_scale:(ty=1,shape=[]),onnx::Conv_566_zero_point:(ty=3,shape=[])]", "device": "NPU"}, {"output": ["/segment/S3/S3.1/conv1/conv/Conv_output_0"], "input": ["/segment/S3/S3.0/relu/Relu_output_0_DequantizeLinear_Output", "onnx::Conv_566_DequantizeLinear_Output", "onnx::Conv_567_DequantizeLinear_Output"], "opType": "Conv", "comment": "@204 [/segment/S3/S3.1/conv1/conv/Conv_output_0:(ty=1,shape=[1,32,64,64])] Conv [/segment/S3/S3.0/relu/Relu_output_0_DequantizeLinear_Output:(ty=1,shape=[1,32,64,64]),onnx::Conv_566_DequantizeLinear_Output:(ty=1,shape=[32,32,3,3]),onnx::Conv_567_DequantizeLinear_Output:(ty=1,shape=[32])]", "device": "NPU"}, {"output": ["/segment/S3/S3.1/conv1/relu/Relu_output_0"], "input": ["/segment/S3/S3.1/conv1/conv/Conv_output_0"], "opType": "Relu", "comment": "@205 [/segment/S3/S3.1/conv1/relu/Relu_output_0:(ty=1,shape=[1,32,64,64])] Relu [/segment/S3/S3.1/conv1/conv/Conv_output_0:(ty=1,shape=[1,32,64,64])]", "device": "NPU"}, {"output": ["/segment/S3/S3.1/conv1/relu/Relu_output_0_QuantizeLinear_Output"], "input": ["/segment/S3/S3.1/conv1/relu/Relu_output_0", "/segment/S1S2/left/left.0/relu/Relu_output_0_scale", "/segment/S3/S3.1/conv1/relu/Relu_output_0_zero_point"], "opType": "QuantizeLinear", "comment": "@206 [/segment/S3/S3.1/conv1/relu/Relu_output_0_QuantizeLinear_Output:(ty=2,shape=[1,32,64,64])] QuantizeLinear [/segment/S3/S3.1/conv1/relu/Relu_output_0:(ty=1,shape=[1,32,64,64]),/segment/S1S2/left/left.0/relu/Relu_output_0_scale:(ty=1,shape=[]),/segment/S3/S3.1/conv1/relu/Relu_output_0_zero_point:(ty=2,shape=[])]", "device": "NPU"}, {"output": ["/segment/S3/S3.1/conv1/relu/Relu_output_0_DequantizeLinear_Output"], "input": ["/segment/S3/S3.1/conv1/relu/Relu_output_0_QuantizeLinear_Output", "/segment/S1S2/left/left.0/relu/Relu_output_0_scale", "/segment/S3/S3.1/conv1/relu/Relu_output_0_zero_point"], "opType": "DequantizeLinear", "comment": "@207 [/segment/S3/S3.1/conv1/relu/Relu_output_0_DequantizeLinear_Output:(ty=1,shape=[1,32,64,64])] DequantizeLinear [/segment/S3/S3.1/conv1/relu/Relu_output_0_QuantizeLinear_Output:(ty=2,shape=[1,32,64,64]),/segment/S1S2/left/left.0/relu/Relu_output_0_scale:(ty=1,shape=[]),/segment/S3/S3.1/conv1/relu/Relu_output_0_zero_point:(ty=2,shape=[])]", "device": "NPU"}, {"output": ["onnx::Conv_570_DequantizeLinear_Output"], "input": ["onnx::Conv_570_quantized", "onnx::Conv_645_scale", "onnx::Conv_570_zero_point"], "opType": "DequantizeLinear", "comment": "@46 [onnx::Conv_570_DequantizeLinear_Output:(ty=1,shape=[192])] DequantizeLinear [onnx::Conv_570_quantized:(ty=3,shape=[192]),onnx::Conv_645_scale:(ty=1,shape=[]),onnx::Conv_570_zero_point:(ty=3,shape=[])]", "device": "NPU"}, {"output": ["onnx::Conv_569_DequantizeLinear_Output"], "input": ["onnx::Conv_569_quantized", "/bga/Mul_output_0_scale", "onnx::Conv_569_zero_point"], "opType": "DequantizeLinear", "comment": "@45 [onnx::Conv_569_DequantizeLinear_Output:(ty=1,shape=[192,1,3,3])] DequantizeLinear [onnx::Conv_569_quantized:(ty=3,shape=[192,1,3,3]),/bga/Mul_output_0_scale:(ty=1,shape=[]),onnx::Conv_569_zero_point:(ty=3,shape=[])]", "device": "NPU"}, {"output": ["/segment/S3/S3.1/dwconv/dwconv.0/Conv_output_0"], "input": ["/segment/S3/S3.1/conv1/relu/Relu_output_0_DequantizeLinear_Output", "onnx::Conv_569_DequantizeLinear_Output", "onnx::Conv_570_DequantizeLinear_Output"], "opType": "Conv", "comment": "@208 [/segment/S3/S3.1/dwconv/dwconv.0/Conv_output_0:(ty=1,shape=[1,192,64,64])] Conv [/segment/S3/S3.1/conv1/relu/Relu_output_0_DequantizeLinear_Output:(ty=1,shape=[1,32,64,64]),onnx::Conv_569_DequantizeLinear_Output:(ty=1,shape=[192,1,3,3]),onnx::Conv_570_DequantizeLinear_Output:(ty=1,shape=[192])]", "device": "NPU"}, {"output": ["/segment/S3/S3.1/dwconv/dwconv.2/Relu_output_0"], "input": ["/segment/S3/S3.1/dwconv/dwconv.0/Conv_output_0"], "opType": "Relu", "comment": "@209 [/segment/S3/S3.1/dwconv/dwconv.2/Relu_output_0:(ty=1,shape=[1,192,64,64])] Relu [/segment/S3/S3.1/dwconv/dwconv.0/Conv_output_0:(ty=1,shape=[1,192,64,64])]", "device": "NPU"}, {"output": ["/segment/S3/S3.1/dwconv/dwconv.2/Relu_output_0_QuantizeLinear_Output"], "input": ["/segment/S3/S3.1/dwconv/dwconv.2/Relu_output_0", "/segment/S1S2/left/left.0/relu/Relu_output_0_scale", "/segment/S3/S3.1/dwconv/dwconv.2/Relu_output_0_zero_point"], "opType": "QuantizeLinear", "comment": "@210 [/segment/S3/S3.1/dwconv/dwconv.2/Relu_output_0_QuantizeLinear_Output:(ty=2,shape=[1,192,64,64])] QuantizeLinear [/segment/S3/S3.1/dwconv/dwconv.2/Relu_output_0:(ty=1,shape=[1,192,64,64]),/segment/S1S2/left/left.0/relu/Relu_output_0_scale:(ty=1,shape=[]),/segment/S3/S3.1/dwconv/dwconv.2/Relu_output_0_zero_point:(ty=2,shape=[])]", "device": "NPU"}, {"output": ["/segment/S3/S3.1/dwconv/dwconv.2/Relu_output_0_DequantizeLinear_Output"], "input": ["/segment/S3/S3.1/dwconv/dwconv.2/Relu_output_0_QuantizeLinear_Output", "/segment/S1S2/left/left.0/relu/Relu_output_0_scale", "/segment/S3/S3.1/dwconv/dwconv.2/Relu_output_0_zero_point"], "opType": "DequantizeLinear", "comment": "@211 [/segment/S3/S3.1/dwconv/dwconv.2/Relu_output_0_DequantizeLinear_Output:(ty=1,shape=[1,192,64,64])] DequantizeLinear [/segment/S3/S3.1/dwconv/dwconv.2/Relu_output_0_QuantizeLinear_Output:(ty=2,shape=[1,192,64,64]),/segment/S1S2/left/left.0/relu/Relu_output_0_scale:(ty=1,shape=[]),/segment/S3/S3.1/dwconv/dwconv.2/Relu_output_0_zero_point:(ty=2,shape=[])]", "device": "NPU"}, {"output": ["onnx::Conv_573_DequantizeLinear_Output"], "input": ["onnx::Conv_573_quantized", "/bga/Mul_output_0_scale", "onnx::Conv_573_zero_point"], "opType": "DequantizeLinear", "comment": "@48 [onnx::Conv_573_DequantizeLinear_Output:(ty=1,shape=[32])] DequantizeLinear [onnx::Conv_573_quantized:(ty=3,shape=[32]),/bga/Mul_output_0_scale:(ty=1,shape=[]),onnx::Conv_573_zero_point:(ty=3,shape=[])]", "device": "NPU"}, {"output": ["onnx::Conv_572_DequantizeLinear_Output"], "input": ["onnx::Conv_572_quantized", "onnx::Conv_581_scale", "onnx::Conv_572_zero_point"], "opType": "DequantizeLinear", "comment": "@47 [onnx::Conv_572_DequantizeLinear_Output:(ty=1,shape=[32,192,1,1])] DequantizeLinear [onnx::Conv_572_quantized:(ty=3,shape=[32,192,1,1]),onnx::Conv_581_scale:(ty=1,shape=[]),onnx::Conv_572_zero_point:(ty=3,shape=[])]", "device": "NPU"}, {"output": ["/segment/S3/S3.1/conv2/conv2.0/Conv_output_0"], "input": ["/segment/S3/S3.1/dwconv/dwconv.2/Relu_output_0_DequantizeLinear_Output", "onnx::Conv_572_DequantizeLinear_Output", "onnx::Conv_573_DequantizeLinear_Output"], "opType": "Conv", "comment": "@212 [/segment/S3/S3.1/conv2/conv2.0/Conv_output_0:(ty=1,shape=[1,32,64,64])] Conv [/segment/S3/S3.1/dwconv/dwconv.2/Relu_output_0_DequantizeLinear_Output:(ty=1,shape=[1,192,64,64]),onnx::Conv_572_DequantizeLinear_Output:(ty=1,shape=[32,192,1,1]),onnx::Conv_573_DequantizeLinear_Output:(ty=1,shape=[32])]", "device": "NPU"}, {"output": ["/segment/S3/S3.1/conv2/conv2.0/Conv_output_0_QuantizeLinear_Output"], "input": ["/segment/S3/S3.1/conv2/conv2.0/Conv_output_0", "/segment/S1S2/left/left.0/relu/Relu_output_0_scale", "/segment/S3/S3.1/conv2/conv2.0/Conv_output_0_zero_point"], "opType": "QuantizeLinear", "comment": "@213 [/segment/S3/S3.1/conv2/conv2.0/Conv_output_0_QuantizeLinear_Output:(ty=2,shape=[1,32,64,64])] QuantizeLinear [/segment/S3/S3.1/conv2/conv2.0/Conv_output_0:(ty=1,shape=[1,32,64,64]),/segment/S1S2/left/left.0/relu/Relu_output_0_scale:(ty=1,shape=[]),/segment/S3/S3.1/conv2/conv2.0/Conv_output_0_zero_point:(ty=2,shape=[])]", "device": "NPU"}, {"output": ["/segment/S3/S3.1/conv2/conv2.0/Conv_output_0_DequantizeLinear_Output"], "input": ["/segment/S3/S3.1/conv2/conv2.0/Conv_output_0_QuantizeLinear_Output", "/segment/S1S2/left/left.0/relu/Relu_output_0_scale", "/segment/S3/S3.1/conv2/conv2.0/Conv_output_0_zero_point"], "opType": "DequantizeLinear", "comment": "@214 [/segment/S3/S3.1/conv2/conv2.0/Conv_output_0_DequantizeLinear_Output:(ty=1,shape=[1,32,64,64])] DequantizeLinear [/segment/S3/S3.1/conv2/conv2.0/Conv_output_0_QuantizeLinear_Output:(ty=2,shape=[1,32,64,64]),/segment/S1S2/left/left.0/relu/Relu_output_0_scale:(ty=1,shape=[]),/segment/S3/S3.1/conv2/conv2.0/Conv_output_0_zero_point:(ty=2,shape=[])]", "device": "NPU"}, {"output": ["/segment/S3/S3.1/Add_output_0"], "input": ["/segment/S3/S3.1/conv2/conv2.0/Conv_output_0_DequantizeLinear_Output", "/segment/S3/S3.0/relu/Relu_output_0_DequantizeLinear_Output/duplicated"], "opType": "Add", "comment": "@215 [/segment/S3/S3.1/Add_output_0:(ty=1,shape=[1,32,64,64])] Add [/segment/S3/S3.1/conv2/conv2.0/Conv_output_0_DequantizeLinear_Output:(ty=1,shape=[1,32,64,64]),/segment/S3/S3.0/relu/Relu_output_0_DequantizeLinear_Output/duplicated:(ty=1,shape=[1,32,64,64])]", "device": "NPU"}, {"output": ["/segment/S3/S3.1/relu/Relu_output_0"], "input": ["/segment/S3/S3.1/Add_output_0"], "opType": "Relu", "comment": "@216 [/segment/S3/S3.1/relu/Relu_output_0:(ty=1,shape=[1,32,64,64])] Relu [/segment/S3/S3.1/Add_output_0:(ty=1,shape=[1,32,64,64])]", "device": "NPU"}, {"output": ["/segment/S3/S3.1/relu/Relu_output_0_QuantizeLinear_Output"], "input": ["/segment/S3/S3.1/relu/Relu_output_0", "/detail/S2/S2.0/relu/Relu_output_0_scale", "/segment/S3/S3.1/relu/Relu_output_0_zero_point"], "opType": "QuantizeLinear", "comment": "@217 [/segment/S3/S3.1/relu/Relu_output_0_QuantizeLinear_Output:(ty=2,shape=[1,32,64,64])] QuantizeLinear [/segment/S3/S3.1/relu/Relu_output_0:(ty=1,shape=[1,32,64,64]),/detail/S2/S2.0/relu/Relu_output_0_scale:(ty=1,shape=[]),/segment/S3/S3.1/relu/Relu_output_0_zero_point:(ty=2,shape=[])]", "device": "NPU"}, {"output": ["/segment/S3/S3.1/relu/Relu_output_0_DequantizeLinear_Output"], "input": ["/segment/S3/S3.1/relu/Relu_output_0_QuantizeLinear_Output", "/detail/S2/S2.0/relu/Relu_output_0_scale", "/segment/S3/S3.1/relu/Relu_output_0_zero_point"], "opType": "DequantizeLinear", "comment": "@218 [/segment/S3/S3.1/relu/Relu_output_0_DequantizeLinear_Output:(ty=1,shape=[1,32,64,64])] DequantizeLinear [/segment/S3/S3.1/relu/Relu_output_0_QuantizeLinear_Output:(ty=2,shape=[1,32,64,64]),/detail/S2/S2.0/relu/Relu_output_0_scale:(ty=1,shape=[]),/segment/S3/S3.1/relu/Relu_output_0_zero_point:(ty=2,shape=[])]", "device": "NPU"}, {"output": ["onnx::Conv_576_DequantizeLinear_Output"], "input": ["onnx::Conv_576_quantized", "onnx::Conv_645_scale", "onnx::Conv_576_zero_point"], "opType": "DequantizeLinear", "comment": "@50 [onnx::Conv_576_DequantizeLinear_Output:(ty=1,shape=[32])] DequantizeLinear [onnx::Conv_576_quantized:(ty=3,shape=[32]),onnx::Conv_645_scale:(ty=1,shape=[]),onnx::Conv_576_zero_point:(ty=3,shape=[])]", "device": "NPU"}, {"output": ["onnx::Conv_575_DequantizeLinear_Output"], "input": ["onnx::Conv_575_quantized", "onnx::Conv_602_scale", "onnx::Conv_575_zero_point"], "opType": "DequantizeLinear", "comment": "@49 [onnx::Conv_575_DequantizeLinear_Output:(ty=1,shape=[32,32,3,3])] DequantizeLinear [onnx::Conv_575_quantized:(ty=3,shape=[32,32,3,3]),onnx::Conv_602_scale:(ty=1,shape=[]),onnx::Conv_575_zero_point:(ty=3,shape=[])]", "device": "NPU"}, {"output": ["/segment/S4/S4.0/conv1/conv/Conv_output_0"], "input": ["/segment/S3/S3.1/relu/Relu_output_0_DequantizeLinear_Output", "onnx::Conv_575_DequantizeLinear_Output", "onnx::Conv_576_DequantizeLinear_Output"], "opType": "Conv", "comment": "@219 [/segment/S4/S4.0/conv1/conv/Conv_output_0:(ty=1,shape=[1,32,64,64])] Conv [/segment/S3/S3.1/relu/Relu_output_0_DequantizeLinear_Output:(ty=1,shape=[1,32,64,64]),onnx::Conv_575_DequantizeLinear_Output:(ty=1,shape=[32,32,3,3]),onnx::Conv_576_DequantizeLinear_Output:(ty=1,shape=[32])]", "device": "NPU"}, {"output": ["/segment/S4/S4.0/conv1/relu/Relu_output_0"], "input": ["/segment/S4/S4.0/conv1/conv/Conv_output_0"], "opType": "Relu", "comment": "@221 [/segment/S4/S4.0/conv1/relu/Relu_output_0:(ty=1,shape=[1,32,64,64])] Relu [/segment/S4/S4.0/conv1/conv/Conv_output_0:(ty=1,shape=[1,32,64,64])]", "device": "NPU"}, {"output": ["/segment/S4/S4.0/conv1/relu/Relu_output_0_QuantizeLinear_Output"], "input": ["/segment/S4/S4.0/conv1/relu/Relu_output_0", "/detail/S2/S2.0/relu/Relu_output_0_scale", "/segment/S4/S4.0/conv1/relu/Relu_output_0_zero_point"], "opType": "QuantizeLinear", "comment": "@223 [/segment/S4/S4.0/conv1/relu/Relu_output_0_QuantizeLinear_Output:(ty=2,shape=[1,32,64,64])] QuantizeLinear [/segment/S4/S4.0/conv1/relu/Relu_output_0:(ty=1,shape=[1,32,64,64]),/detail/S2/S2.0/relu/Relu_output_0_scale:(ty=1,shape=[]),/segment/S4/S4.0/conv1/relu/Relu_output_0_zero_point:(ty=2,shape=[])]", "device": "NPU"}, {"output": ["/segment/S4/S4.0/conv1/relu/Relu_output_0_DequantizeLinear_Output"], "input": ["/segment/S4/S4.0/conv1/relu/Relu_output_0_QuantizeLinear_Output", "/detail/S2/S2.0/relu/Relu_output_0_scale", "/segment/S4/S4.0/conv1/relu/Relu_output_0_zero_point"], "opType": "DequantizeLinear", "comment": "@225 [/segment/S4/S4.0/conv1/relu/Relu_output_0_DequantizeLinear_Output:(ty=1,shape=[1,32,64,64])] DequantizeLinear [/segment/S4/S4.0/conv1/relu/Relu_output_0_QuantizeLinear_Output:(ty=2,shape=[1,32,64,64]),/detail/S2/S2.0/relu/Relu_output_0_scale:(ty=1,shape=[]),/segment/S4/S4.0/conv1/relu/Relu_output_0_zero_point:(ty=2,shape=[])]", "device": "NPU"}, {"output": ["onnx::Conv_579_DequantizeLinear_Output"], "input": ["onnx::Conv_579_quantized", "/bga/Mul_output_0_scale", "onnx::Conv_579_zero_point"], "opType": "DequantizeLinear", "comment": "@52 [onnx::Conv_579_DequantizeLinear_Output:(ty=1,shape=[192])] DequantizeLinear [onnx::Conv_579_quantized:(ty=3,shape=[192]),/bga/Mul_output_0_scale:(ty=1,shape=[]),onnx::Conv_579_zero_point:(ty=3,shape=[])]", "device": "NPU"}, {"output": ["onnx::Conv_578_DequantizeLinear_Output"], "input": ["onnx::Conv_578_quantized", "onnx::Conv_581_scale", "onnx::Conv_578_zero_point"], "opType": "DequantizeLinear", "comment": "@51 [onnx::Conv_578_DequantizeLinear_Output:(ty=1,shape=[192,1,3,3])] DequantizeLinear [onnx::Conv_578_quantized:(ty=3,shape=[192,1,3,3]),onnx::Conv_581_scale:(ty=1,shape=[]),onnx::Conv_578_zero_point:(ty=3,shape=[])]", "device": "NPU"}, {"output": ["/segment/S4/S4.0/dwconv1/dwconv1.0/Conv_output_0"], "input": ["/segment/S4/S4.0/conv1/relu/Relu_output_0_DequantizeLinear_Output", "onnx::Conv_578_DequantizeLinear_Output", "onnx::Conv_579_DequantizeLinear_Output"], "opType": "Conv", "comment": "@227 [/segment/S4/S4.0/dwconv1/dwconv1.0/Conv_output_0:(ty=1,shape=[1,192,32,32])] Conv [/segment/S4/S4.0/conv1/relu/Relu_output_0_DequantizeLinear_Output:(ty=1,shape=[1,32,64,64]),onnx::Conv_578_DequantizeLinear_Output:(ty=1,shape=[192,1,3,3]),onnx::Conv_579_DequantizeLinear_Output:(ty=1,shape=[192])]", "device": "NPU"}, {"output": ["/segment/S4/S4.0/dwconv1/dwconv1.0/Conv_output_0_QuantizeLinear_Output"], "input": ["/segment/S4/S4.0/dwconv1/dwconv1.0/Conv_output_0", "/segment/S1S2/left/left.0/relu/Relu_output_0_scale", "/segment/S4/S4.0/dwconv1/dwconv1.0/Conv_output_0_zero_point"], "opType": "QuantizeLinear", "comment": "@229 [/segment/S4/S4.0/dwconv1/dwconv1.0/Conv_output_0_QuantizeLinear_Output:(ty=2,shape=[1,192,32,32])] QuantizeLinear [/segment/S4/S4.0/dwconv1/dwconv1.0/Conv_output_0:(ty=1,shape=[1,192,32,32]),/segment/S1S2/left/left.0/relu/Relu_output_0_scale:(ty=1,shape=[]),/segment/S4/S4.0/dwconv1/dwconv1.0/Conv_output_0_zero_point:(ty=2,shape=[])]", "device": "NPU"}, {"output": ["/segment/S4/S4.0/dwconv1/dwconv1.0/Conv_output_0_DequantizeLinear_Output"], "input": ["/segment/S4/S4.0/dwconv1/dwconv1.0/Conv_output_0_QuantizeLinear_Output", "/segment/S1S2/left/left.0/relu/Relu_output_0_scale", "/segment/S4/S4.0/dwconv1/dwconv1.0/Conv_output_0_zero_point"], "opType": "DequantizeLinear", "comment": "@231 [/segment/S4/S4.0/dwconv1/dwconv1.0/Conv_output_0_DequantizeLinear_Output:(ty=1,shape=[1,192,32,32])] DequantizeLinear [/segment/S4/S4.0/dwconv1/dwconv1.0/Conv_output_0_QuantizeLinear_Output:(ty=2,shape=[1,192,32,32]),/segment/S1S2/left/left.0/relu/Relu_output_0_scale:(ty=1,shape=[]),/segment/S4/S4.0/dwconv1/dwconv1.0/Conv_output_0_zero_point:(ty=2,shape=[])]", "device": "NPU"}, {"output": ["onnx::Conv_582_DequantizeLinear_Output"], "input": ["onnx::Conv_582_quantized", "/bga/Mul_output_0_scale", "onnx::Conv_582_zero_point"], "opType": "DequantizeLinear", "comment": "@54 [onnx::Conv_582_DequantizeLinear_Output:(ty=1,shape=[192])] DequantizeLinear [onnx::Conv_582_quantized:(ty=3,shape=[192]),/bga/Mul_output_0_scale:(ty=1,shape=[]),onnx::Conv_582_zero_point:(ty=3,shape=[])]", "device": "NPU"}, {"output": ["onnx::Conv_581_DequantizeLinear_Output"], "input": ["onnx::Conv_581_quantized", "onnx::Conv_581_scale", "onnx::Conv_581_zero_point"], "opType": "DequantizeLinear", "comment": "@53 [onnx::Conv_581_DequantizeLinear_Output:(ty=1,shape=[192,1,3,3])] DequantizeLinear [onnx::Conv_581_quantized:(ty=3,shape=[192,1,3,3]),onnx::Conv_581_scale:(ty=1,shape=[]),onnx::Conv_581_zero_point:(ty=3,shape=[])]", "device": "NPU"}, {"output": ["/segment/S4/S4.0/dwconv2/dwconv2.0/Conv_output_0"], "input": ["/segment/S4/S4.0/dwconv1/dwconv1.0/Conv_output_0_DequantizeLinear_Output", "onnx::Conv_581_DequantizeLinear_Output", "onnx::Conv_582_DequantizeLinear_Output"], "opType": "Conv", "comment": "@232 [/segment/S4/S4.0/dwconv2/dwconv2.0/Conv_output_0:(ty=1,shape=[1,192,32,32])] Conv [/segment/S4/S4.0/dwconv1/dwconv1.0/Conv_output_0_DequantizeLinear_Output:(ty=1,shape=[1,192,32,32]),onnx::Conv_581_DequantizeLinear_Output:(ty=1,shape=[192,1,3,3]),onnx::Conv_582_DequantizeLinear_Output:(ty=1,shape=[192])]", "device": "NPU"}, {"output": ["/segment/S4/S4.0/dwconv2/dwconv2.2/Relu_output_0"], "input": ["/segment/S4/S4.0/dwconv2/dwconv2.0/Conv_output_0"], "opType": "Relu", "comment": "@233 [/segment/S4/S4.0/dwconv2/dwconv2.2/Relu_output_0:(ty=1,shape=[1,192,32,32])] Relu [/segment/S4/S4.0/dwconv2/dwconv2.0/Conv_output_0:(ty=1,shape=[1,192,32,32])]", "device": "NPU"}, {"output": ["/segment/S4/S4.0/dwconv2/dwconv2.2/Relu_output_0_QuantizeLinear_Output"], "input": ["/segment/S4/S4.0/dwconv2/dwconv2.2/Relu_output_0", "/segment/S1S2/left/left.0/relu/Relu_output_0_scale", "/segment/S4/S4.0/dwconv2/dwconv2.2/Relu_output_0_zero_point"], "opType": "QuantizeLinear", "comment": "@234 [/segment/S4/S4.0/dwconv2/dwconv2.2/Relu_output_0_QuantizeLinear_Output:(ty=2,shape=[1,192,32,32])] QuantizeLinear [/segment/S4/S4.0/dwconv2/dwconv2.2/Relu_output_0:(ty=1,shape=[1,192,32,32]),/segment/S1S2/left/left.0/relu/Relu_output_0_scale:(ty=1,shape=[]),/segment/S4/S4.0/dwconv2/dwconv2.2/Relu_output_0_zero_point:(ty=2,shape=[])]", "device": "NPU"}, {"output": ["/segment/S4/S4.0/dwconv2/dwconv2.2/Relu_output_0_DequantizeLinear_Output"], "input": ["/segment/S4/S4.0/dwconv2/dwconv2.2/Relu_output_0_QuantizeLinear_Output", "/segment/S1S2/left/left.0/relu/Relu_output_0_scale", "/segment/S4/S4.0/dwconv2/dwconv2.2/Relu_output_0_zero_point"], "opType": "DequantizeLinear", "comment": "@235 [/segment/S4/S4.0/dwconv2/dwconv2.2/Relu_output_0_DequantizeLinear_Output:(ty=1,shape=[1,192,32,32])] DequantizeLinear [/segment/S4/S4.0/dwconv2/dwconv2.2/Relu_output_0_QuantizeLinear_Output:(ty=2,shape=[1,192,32,32]),/segment/S1S2/left/left.0/relu/Relu_output_0_scale:(ty=1,shape=[]),/segment/S4/S4.0/dwconv2/dwconv2.2/Relu_output_0_zero_point:(ty=2,shape=[])]", "device": "NPU"}, {"output": ["onnx::Conv_585_DequantizeLinear_Output"], "input": ["onnx::Conv_585_quantized", "onnx::Conv_645_scale", "onnx::Conv_585_zero_point"], "opType": "DequantizeLinear", "comment": "@56 [onnx::Conv_585_DequantizeLinear_Output:(ty=1,shape=[64])] DequantizeLinear [onnx::Conv_585_quantized:(ty=3,shape=[64]),onnx::Conv_645_scale:(ty=1,shape=[]),onnx::Conv_585_zero_point:(ty=3,shape=[])]", "device": "NPU"}, {"output": ["onnx::Conv_584_DequantizeLinear_Output"], "input": ["onnx::Conv_584_quantized", "onnx::Conv_581_scale", "onnx::Conv_584_zero_point"], "opType": "DequantizeLinear", "comment": "@55 [onnx::Conv_584_DequantizeLinear_Output:(ty=1,shape=[64,192,1,1])] DequantizeLinear [onnx::Conv_584_quantized:(ty=3,shape=[64,192,1,1]),onnx::Conv_581_scale:(ty=1,shape=[]),onnx::Conv_584_zero_point:(ty=3,shape=[])]", "device": "NPU"}, {"output": ["/segment/S4/S4.0/conv2/conv2.0/Conv_output_0"], "input": ["/segment/S4/S4.0/dwconv2/dwconv2.2/Relu_output_0_DequantizeLinear_Output", "onnx::Conv_584_DequantizeLinear_Output", "onnx::Conv_585_DequantizeLinear_Output"], "opType": "Conv", "comment": "@236 [/segment/S4/S4.0/conv2/conv2.0/Conv_output_0:(ty=1,shape=[1,64,32,32])] Conv [/segment/S4/S4.0/dwconv2/dwconv2.2/Relu_output_0_DequantizeLinear_Output:(ty=1,shape=[1,192,32,32]),onnx::Conv_584_DequantizeLinear_Output:(ty=1,shape=[64,192,1,1]),onnx::Conv_585_DequantizeLinear_Output:(ty=1,shape=[64])]", "device": "NPU"}, {"output": ["/segment/S4/S4.0/conv2/conv2.0/Conv_output_0_QuantizeLinear_Output"], "input": ["/segment/S4/S4.0/conv2/conv2.0/Conv_output_0", "/segment/S3/S3.0/shortcut/shortcut.0/Conv_output_0_scale", "/segment/S4/S4.0/conv2/conv2.0/Conv_output_0_zero_point"], "opType": "QuantizeLinear", "comment": "@237 [/segment/S4/S4.0/conv2/conv2.0/Conv_output_0_QuantizeLinear_Output:(ty=2,shape=[1,64,32,32])] QuantizeLinear [/segment/S4/S4.0/conv2/conv2.0/Conv_output_0:(ty=1,shape=[1,64,32,32]),/segment/S3/S3.0/shortcut/shortcut.0/Conv_output_0_scale:(ty=1,shape=[]),/segment/S4/S4.0/conv2/conv2.0/Conv_output_0_zero_point:(ty=2,shape=[])]", "device": "NPU"}, {"output": ["/segment/S4/S4.0/conv2/conv2.0/Conv_output_0_DequantizeLinear_Output"], "input": ["/segment/S4/S4.0/conv2/conv2.0/Conv_output_0_QuantizeLinear_Output", "/segment/S3/S3.0/shortcut/shortcut.0/Conv_output_0_scale", "/segment/S4/S4.0/conv2/conv2.0/Conv_output_0_zero_point"], "opType": "DequantizeLinear", "comment": "@238 [/segment/S4/S4.0/conv2/conv2.0/Conv_output_0_DequantizeLinear_Output:(ty=1,shape=[1,64,32,32])] DequantizeLinear [/segment/S4/S4.0/conv2/conv2.0/Conv_output_0_QuantizeLinear_Output:(ty=2,shape=[1,64,32,32]),/segment/S3/S3.0/shortcut/shortcut.0/Conv_output_0_scale:(ty=1,shape=[]),/segment/S4/S4.0/conv2/conv2.0/Conv_output_0_zero_point:(ty=2,shape=[])]", "device": "NPU"}, {"output": ["/segment/S3/S3.1/relu/Relu_output_0_DequantizeLinear_Output/duplicated"], "input": ["/segment/S3/S3.1/relu/Relu_output_0_QuantizeLinear_Output", "/detail/S2/S2.0/relu/Relu_output_0_scale", "/segment/S3/S3.1/relu/Relu_output_0_zero_point"], "opType": "DequantizeLinear", "comment": "@396 [/segment/S3/S3.1/relu/Relu_output_0_DequantizeLinear_Output/duplicated:(ty=1,shape=[1,32,64,64])] DequantizeLinear [/segment/S3/S3.1/relu/Relu_output_0_QuantizeLinear_Output:(ty=2,shape=[1,32,64,64]),/detail/S2/S2.0/relu/Relu_output_0_scale:(ty=1,shape=[]),/segment/S3/S3.1/relu/Relu_output_0_zero_point:(ty=2,shape=[])]", "device": "NPU"}, {"output": ["onnx::Conv_588_DequantizeLinear_Output"], "input": ["onnx::Conv_588_quantized", "onnx::Conv_645_scale", "onnx::Conv_588_zero_point"], "opType": "DequantizeLinear", "comment": "@58 [onnx::Conv_588_DequantizeLinear_Output:(ty=1,shape=[32])] DequantizeLinear [onnx::Conv_588_quantized:(ty=3,shape=[32]),onnx::Conv_645_scale:(ty=1,shape=[]),onnx::Conv_588_zero_point:(ty=3,shape=[])]", "device": "NPU"}, {"output": ["onnx::Conv_587_DequantizeLinear_Output"], "input": ["onnx::Conv_587_quantized", "onnx::Conv_518_scale", "onnx::Conv_587_zero_point"], "opType": "DequantizeLinear", "comment": "@57 [onnx::Conv_587_DequantizeLinear_Output:(ty=1,shape=[32,1,3,3])] DequantizeLinear [onnx::Conv_587_quantized:(ty=3,shape=[32,1,3,3]),onnx::Conv_518_scale:(ty=1,shape=[]),onnx::Conv_587_zero_point:(ty=3,shape=[])]", "device": "NPU"}, {"output": ["/segment/S4/S4.0/shortcut/shortcut.0/Conv_output_0"], "input": ["/segment/S3/S3.1/relu/Relu_output_0_DequantizeLinear_Output/duplicated", "onnx::Conv_587_DequantizeLinear_Output", "onnx::Conv_588_DequantizeLinear_Output"], "opType": "Conv", "comment": "@220 [/segment/S4/S4.0/shortcut/shortcut.0/Conv_output_0:(ty=1,shape=[1,32,32,32])] Conv [/segment/S3/S3.1/relu/Relu_output_0_DequantizeLinear_Output/duplicated:(ty=1,shape=[1,32,64,64]),onnx::Conv_587_DequantizeLinear_Output:(ty=1,shape=[32,1,3,3]),onnx::Conv_588_DequantizeLinear_Output:(ty=1,shape=[32])]", "device": "NPU"}, {"output": ["/segment/S4/S4.0/shortcut/shortcut.0/Conv_output_0_QuantizeLinear_Output"], "input": ["/segment/S4/S4.0/shortcut/shortcut.0/Conv_output_0", "/detail/S2/S2.0/relu/Relu_output_0_scale", "/segment/S4/S4.0/shortcut/shortcut.0/Conv_output_0_zero_point"], "opType": "QuantizeLinear", "comment": "@222 [/segment/S4/S4.0/shortcut/shortcut.0/Conv_output_0_QuantizeLinear_Output:(ty=2,shape=[1,32,32,32])] QuantizeLinear [/segment/S4/S4.0/shortcut/shortcut.0/Conv_output_0:(ty=1,shape=[1,32,32,32]),/detail/S2/S2.0/relu/Relu_output_0_scale:(ty=1,shape=[]),/segment/S4/S4.0/shortcut/shortcut.0/Conv_output_0_zero_point:(ty=2,shape=[])]", "device": "NPU"}, {"output": ["/segment/S4/S4.0/shortcut/shortcut.0/Conv_output_0_DequantizeLinear_Output"], "input": ["/segment/S4/S4.0/shortcut/shortcut.0/Conv_output_0_QuantizeLinear_Output", "/detail/S2/S2.0/relu/Relu_output_0_scale", "/segment/S4/S4.0/shortcut/shortcut.0/Conv_output_0_zero_point"], "opType": "DequantizeLinear", "comment": "@224 [/segment/S4/S4.0/shortcut/shortcut.0/Conv_output_0_DequantizeLinear_Output:(ty=1,shape=[1,32,32,32])] DequantizeLinear [/segment/S4/S4.0/shortcut/shortcut.0/Conv_output_0_QuantizeLinear_Output:(ty=2,shape=[1,32,32,32]),/detail/S2/S2.0/relu/Relu_output_0_scale:(ty=1,shape=[]),/segment/S4/S4.0/shortcut/shortcut.0/Conv_output_0_zero_point:(ty=2,shape=[])]", "device": "NPU"}, {"output": ["onnx::Conv_591_DequantizeLinear_Output"], "input": ["onnx::Conv_591_quantized", "/bga/Mul_output_0_scale", "onnx::Conv_591_zero_point"], "opType": "DequantizeLinear", "comment": "@60 [onnx::Conv_591_DequantizeLinear_Output:(ty=1,shape=[64])] DequantizeLinear [onnx::Conv_591_quantized:(ty=3,shape=[64]),/bga/Mul_output_0_scale:(ty=1,shape=[]),onnx::Conv_591_zero_point:(ty=3,shape=[])]", "device": "NPU"}, {"output": ["onnx::Conv_590_DequantizeLinear_Output"], "input": ["onnx::Conv_590_quantized", "onnx::Conv_518_scale", "onnx::Conv_590_zero_point"], "opType": "DequantizeLinear", "comment": "@59 [onnx::Conv_590_DequantizeLinear_Output:(ty=1,shape=[64,32,1,1])] DequantizeLinear [onnx::Conv_590_quantized:(ty=3,shape=[64,32,1,1]),onnx::Conv_518_scale:(ty=1,shape=[]),onnx::Conv_590_zero_point:(ty=3,shape=[])]", "device": "NPU"}, {"output": ["/segment/S4/S4.0/shortcut/shortcut.2/Conv_output_0"], "input": ["/segment/S4/S4.0/shortcut/shortcut.0/Conv_output_0_DequantizeLinear_Output", "onnx::Conv_590_DequantizeLinear_Output", "onnx::Conv_591_DequantizeLinear_Output"], "opType": "Conv", "comment": "@226 [/segment/S4/S4.0/shortcut/shortcut.2/Conv_output_0:(ty=1,shape=[1,64,32,32])] Conv [/segment/S4/S4.0/shortcut/shortcut.0/Conv_output_0_DequantizeLinear_Output:(ty=1,shape=[1,32,32,32]),onnx::Conv_590_DequantizeLinear_Output:(ty=1,shape=[64,32,1,1]),onnx::Conv_591_DequantizeLinear_Output:(ty=1,shape=[64])]", "device": "NPU"}, {"output": ["/segment/S4/S4.0/shortcut/shortcut.2/Conv_output_0_QuantizeLinear_Output"], "input": ["/segment/S4/S4.0/shortcut/shortcut.2/Conv_output_0", "/detail/S2/S2.0/relu/Relu_output_0_scale", "/segment/S4/S4.0/shortcut/shortcut.2/Conv_output_0_zero_point"], "opType": "QuantizeLinear", "comment": "@228 [/segment/S4/S4.0/shortcut/shortcut.2/Conv_output_0_QuantizeLinear_Output:(ty=2,shape=[1,64,32,32])] QuantizeLinear [/segment/S4/S4.0/shortcut/shortcut.2/Conv_output_0:(ty=1,shape=[1,64,32,32]),/detail/S2/S2.0/relu/Relu_output_0_scale:(ty=1,shape=[]),/segment/S4/S4.0/shortcut/shortcut.2/Conv_output_0_zero_point:(ty=2,shape=[])]", "device": "NPU"}, {"output": ["/segment/S4/S4.0/shortcut/shortcut.2/Conv_output_0_DequantizeLinear_Output"], "input": ["/segment/S4/S4.0/shortcut/shortcut.2/Conv_output_0_QuantizeLinear_Output", "/detail/S2/S2.0/relu/Relu_output_0_scale", "/segment/S4/S4.0/shortcut/shortcut.2/Conv_output_0_zero_point"], "opType": "DequantizeLinear", "comment": "@230 [/segment/S4/S4.0/shortcut/shortcut.2/Conv_output_0_DequantizeLinear_Output:(ty=1,shape=[1,64,32,32])] DequantizeLinear [/segment/S4/S4.0/shortcut/shortcut.2/Conv_output_0_QuantizeLinear_Output:(ty=2,shape=[1,64,32,32]),/detail/S2/S2.0/relu/Relu_output_0_scale:(ty=1,shape=[]),/segment/S4/S4.0/shortcut/shortcut.2/Conv_output_0_zero_point:(ty=2,shape=[])]", "device": "NPU"}, {"output": ["/segment/S4/S4.0/Add_output_0"], "input": ["/segment/S4/S4.0/conv2/conv2.0/Conv_output_0_DequantizeLinear_Output", "/segment/S4/S4.0/shortcut/shortcut.2/Conv_output_0_DequantizeLinear_Output"], "opType": "Add", "comment": "@239 [/segment/S4/S4.0/Add_output_0:(ty=1,shape=[1,64,32,32])] Add [/segment/S4/S4.0/conv2/conv2.0/Conv_output_0_DequantizeLinear_Output:(ty=1,shape=[1,64,32,32]),/segment/S4/S4.0/shortcut/shortcut.2/Conv_output_0_DequantizeLinear_Output:(ty=1,shape=[1,64,32,32])]", "device": "NPU"}, {"output": ["/segment/S4/S4.0/relu/Relu_output_0"], "input": ["/segment/S4/S4.0/Add_output_0"], "opType": "Relu", "comment": "@240 [/segment/S4/S4.0/relu/Relu_output_0:(ty=1,shape=[1,64,32,32])] Relu [/segment/S4/S4.0/Add_output_0:(ty=1,shape=[1,64,32,32])]", "device": "NPU"}, {"output": ["/segment/S4/S4.0/relu/Relu_output_0_QuantizeLinear_Output"], "input": ["/segment/S4/S4.0/relu/Relu_output_0", "/segment/S1S2/left/left.0/relu/Relu_output_0_scale", "/segment/S4/S4.0/relu/Relu_output_0_zero_point"], "opType": "QuantizeLinear", "comment": "@241 [/segment/S4/S4.0/relu/Relu_output_0_QuantizeLinear_Output:(ty=2,shape=[1,64,32,32])] QuantizeLinear [/segment/S4/S4.0/relu/Relu_output_0:(ty=1,shape=[1,64,32,32]),/segment/S1S2/left/left.0/relu/Relu_output_0_scale:(ty=1,shape=[]),/segment/S4/S4.0/relu/Relu_output_0_zero_point:(ty=2,shape=[])]", "device": "NPU"}, {"output": ["/segment/S4/S4.0/relu/Relu_output_0_DequantizeLinear_Output/duplicated"], "input": ["/segment/S4/S4.0/relu/Relu_output_0_QuantizeLinear_Output", "/segment/S1S2/left/left.0/relu/Relu_output_0_scale", "/segment/S4/S4.0/relu/Relu_output_0_zero_point"], "opType": "DequantizeLinear", "comment": "@397 [/segment/S4/S4.0/relu/Relu_output_0_DequantizeLinear_Output/duplicated:(ty=1,shape=[1,64,32,32])] DequantizeLinear [/segment/S4/S4.0/relu/Relu_output_0_QuantizeLinear_Output:(ty=2,shape=[1,64,32,32]),/segment/S1S2/left/left.0/relu/Relu_output_0_scale:(ty=1,shape=[]),/segment/S4/S4.0/relu/Relu_output_0_zero_point:(ty=2,shape=[])]", "device": "NPU"}, {"output": ["/segment/S4/S4.0/relu/Relu_output_0_DequantizeLinear_Output"], "input": ["/segment/S4/S4.0/relu/Relu_output_0_QuantizeLinear_Output", "/segment/S1S2/left/left.0/relu/Relu_output_0_scale", "/segment/S4/S4.0/relu/Relu_output_0_zero_point"], "opType": "DequantizeLinear", "comment": "@242 [/segment/S4/S4.0/relu/Relu_output_0_DequantizeLinear_Output:(ty=1,shape=[1,64,32,32])] DequantizeLinear [/segment/S4/S4.0/relu/Relu_output_0_QuantizeLinear_Output:(ty=2,shape=[1,64,32,32]),/segment/S1S2/left/left.0/relu/Relu_output_0_scale:(ty=1,shape=[]),/segment/S4/S4.0/relu/Relu_output_0_zero_point:(ty=2,shape=[])]", "device": "NPU"}, {"output": ["onnx::Conv_594_DequantizeLinear_Output"], "input": ["onnx::Conv_594_quantized", "/bga/Mul_output_0_scale", "onnx::Conv_594_zero_point"], "opType": "DequantizeLinear", "comment": "@62 [onnx::Conv_594_DequantizeLinear_Output:(ty=1,shape=[64])] DequantizeLinear [onnx::Conv_594_quantized:(ty=3,shape=[64]),/bga/Mul_output_0_scale:(ty=1,shape=[]),onnx::Conv_594_zero_point:(ty=3,shape=[])]", "device": "NPU"}, {"output": ["onnx::Conv_593_DequantizeLinear_Output"], "input": ["onnx::Conv_593_quantized", "head.conv_out.weight_scale", "onnx::Conv_593_zero_point"], "opType": "DequantizeLinear", "comment": "@61 [onnx::Conv_593_DequantizeLinear_Output:(ty=1,shape=[64,64,3,3])] DequantizeLinear [onnx::Conv_593_quantized:(ty=3,shape=[64,64,3,3]),head.conv_out.weight_scale:(ty=1,shape=[]),onnx::Conv_593_zero_point:(ty=3,shape=[])]", "device": "NPU"}, {"output": ["/segment/S4/S4.1/conv1/conv/Conv_output_0"], "input": ["/segment/S4/S4.0/relu/Relu_output_0_DequantizeLinear_Output", "onnx::Conv_593_DequantizeLinear_Output", "onnx::Conv_594_DequantizeLinear_Output"], "opType": "Conv", "comment": "@243 [/segment/S4/S4.1/conv1/conv/Conv_output_0:(ty=1,shape=[1,64,32,32])] Conv [/segment/S4/S4.0/relu/Relu_output_0_DequantizeLinear_Output:(ty=1,shape=[1,64,32,32]),onnx::Conv_593_DequantizeLinear_Output:(ty=1,shape=[64,64,3,3]),onnx::Conv_594_DequantizeLinear_Output:(ty=1,shape=[64])]", "device": "NPU"}, {"output": ["/segment/S4/S4.1/conv1/relu/Relu_output_0"], "input": ["/segment/S4/S4.1/conv1/conv/Conv_output_0"], "opType": "Relu", "comment": "@244 [/segment/S4/S4.1/conv1/relu/Relu_output_0:(ty=1,shape=[1,64,32,32])] Relu [/segment/S4/S4.1/conv1/conv/Conv_output_0:(ty=1,shape=[1,64,32,32])]", "device": "NPU"}, {"output": ["/segment/S4/S4.1/conv1/relu/Relu_output_0_QuantizeLinear_Output"], "input": ["/segment/S4/S4.1/conv1/relu/Relu_output_0", "onnx::Conv_645_scale", "/segment/S4/S4.1/conv1/relu/Relu_output_0_zero_point"], "opType": "QuantizeLinear", "comment": "@245 [/segment/S4/S4.1/conv1/relu/Relu_output_0_QuantizeLinear_Output:(ty=2,shape=[1,64,32,32])] QuantizeLinear [/segment/S4/S4.1/conv1/relu/Relu_output_0:(ty=1,shape=[1,64,32,32]),onnx::Conv_645_scale:(ty=1,shape=[]),/segment/S4/S4.1/conv1/relu/Relu_output_0_zero_point:(ty=2,shape=[])]", "device": "NPU"}, {"output": ["/segment/S4/S4.1/conv1/relu/Relu_output_0_DequantizeLinear_Output"], "input": ["/segment/S4/S4.1/conv1/relu/Relu_output_0_QuantizeLinear_Output", "onnx::Conv_645_scale", "/segment/S4/S4.1/conv1/relu/Relu_output_0_zero_point"], "opType": "DequantizeLinear", "comment": "@246 [/segment/S4/S4.1/conv1/relu/Relu_output_0_DequantizeLinear_Output:(ty=1,shape=[1,64,32,32])] DequantizeLinear [/segment/S4/S4.1/conv1/relu/Relu_output_0_QuantizeLinear_Output:(ty=2,shape=[1,64,32,32]),onnx::Conv_645_scale:(ty=1,shape=[]),/segment/S4/S4.1/conv1/relu/Relu_output_0_zero_point:(ty=2,shape=[])]", "device": "NPU"}, {"output": ["onnx::Conv_597_DequantizeLinear_Output"], "input": ["onnx::Conv_597_quantized", "onnx::Conv_645_scale", "onnx::Conv_597_zero_point"], "opType": "DequantizeLinear", "comment": "@64 [onnx::Conv_597_DequantizeLinear_Output:(ty=1,shape=[384])] DequantizeLinear [onnx::Conv_597_quantized:(ty=3,shape=[384]),onnx::Conv_645_scale:(ty=1,shape=[]),onnx::Conv_597_zero_point:(ty=3,shape=[])]", "device": "NPU"}, {"output": ["onnx::Conv_596_DequantizeLinear_Output"], "input": ["onnx::Conv_596_quantized", "/segment/S1S2/left/left.0/relu/Relu_output_0_scale", "onnx::Conv_596_zero_point"], "opType": "DequantizeLinear", "comment": "@63 [onnx::Conv_596_DequantizeLinear_Output:(ty=1,shape=[384,1,3,3])] DequantizeLinear [onnx::Conv_596_quantized:(ty=3,shape=[384,1,3,3]),/segment/S1S2/left/left.0/relu/Relu_output_0_scale:(ty=1,shape=[]),onnx::Conv_596_zero_point:(ty=3,shape=[])]", "device": "NPU"}, {"output": ["/segment/S4/S4.1/dwconv/dwconv.0/Conv_output_0"], "input": ["/segment/S4/S4.1/conv1/relu/Relu_output_0_DequantizeLinear_Output", "onnx::Conv_596_DequantizeLinear_Output", "onnx::Conv_597_DequantizeLinear_Output"], "opType": "Conv", "comment": "@247 [/segment/S4/S4.1/dwconv/dwconv.0/Conv_output_0:(ty=1,shape=[1,384,32,32])] Conv [/segment/S4/S4.1/conv1/relu/Relu_output_0_DequantizeLinear_Output:(ty=1,shape=[1,64,32,32]),onnx::Conv_596_DequantizeLinear_Output:(ty=1,shape=[384,1,3,3]),onnx::Conv_597_DequantizeLinear_Output:(ty=1,shape=[384])]", "device": "NPU"}, {"output": ["/segment/S4/S4.1/dwconv/dwconv.2/Relu_output_0"], "input": ["/segment/S4/S4.1/dwconv/dwconv.0/Conv_output_0"], "opType": "Relu", "comment": "@248 [/segment/S4/S4.1/dwconv/dwconv.2/Relu_output_0:(ty=1,shape=[1,384,32,32])] Relu [/segment/S4/S4.1/dwconv/dwconv.0/Conv_output_0:(ty=1,shape=[1,384,32,32])]", "device": "NPU"}, {"output": ["/segment/S4/S4.1/dwconv/dwconv.2/Relu_output_0_QuantizeLinear_Output"], "input": ["/segment/S4/S4.1/dwconv/dwconv.2/Relu_output_0", "onnx::Conv_645_scale", "/segment/S4/S4.1/dwconv/dwconv.2/Relu_output_0_zero_point"], "opType": "QuantizeLinear", "comment": "@249 [/segment/S4/S4.1/dwconv/dwconv.2/Relu_output_0_QuantizeLinear_Output:(ty=2,shape=[1,384,32,32])] QuantizeLinear [/segment/S4/S4.1/dwconv/dwconv.2/Relu_output_0:(ty=1,shape=[1,384,32,32]),onnx::Conv_645_scale:(ty=1,shape=[]),/segment/S4/S4.1/dwconv/dwconv.2/Relu_output_0_zero_point:(ty=2,shape=[])]", "device": "NPU"}, {"output": ["/segment/S4/S4.1/dwconv/dwconv.2/Relu_output_0_DequantizeLinear_Output"], "input": ["/segment/S4/S4.1/dwconv/dwconv.2/Relu_output_0_QuantizeLinear_Output", "onnx::Conv_645_scale", "/segment/S4/S4.1/dwconv/dwconv.2/Relu_output_0_zero_point"], "opType": "DequantizeLinear", "comment": "@250 [/segment/S4/S4.1/dwconv/dwconv.2/Relu_output_0_DequantizeLinear_Output:(ty=1,shape=[1,384,32,32])] DequantizeLinear [/segment/S4/S4.1/dwconv/dwconv.2/Relu_output_0_QuantizeLinear_Output:(ty=2,shape=[1,384,32,32]),onnx::Conv_645_scale:(ty=1,shape=[]),/segment/S4/S4.1/dwconv/dwconv.2/Relu_output_0_zero_point:(ty=2,shape=[])]", "device": "NPU"}, {"output": ["onnx::Conv_600_DequantizeLinear_Output"], "input": ["onnx::Conv_600_quantized", "onnx::Conv_645_scale", "onnx::Conv_600_zero_point"], "opType": "DequantizeLinear", "comment": "@66 [onnx::Conv_600_DequantizeLinear_Output:(ty=1,shape=[64])] DequantizeLinear [onnx::Conv_600_quantized:(ty=3,shape=[64]),onnx::Conv_645_scale:(ty=1,shape=[]),onnx::Conv_600_zero_point:(ty=3,shape=[])]", "device": "NPU"}, {"output": ["onnx::Conv_599_DequantizeLinear_Output"], "input": ["onnx::Conv_599_quantized", "image_scale", "onnx::Conv_599_zero_point"], "opType": "DequantizeLinear", "comment": "@65 [onnx::Conv_599_DequantizeLinear_Output:(ty=1,shape=[64,384,1,1])] DequantizeLinear [onnx::Conv_599_quantized:(ty=3,shape=[64,384,1,1]),image_scale:(ty=1,shape=[]),onnx::Conv_599_zero_point:(ty=3,shape=[])]", "device": "NPU"}, {"output": ["/segment/S4/S4.1/conv2/conv2.0/Conv_output_0"], "input": ["/segment/S4/S4.1/dwconv/dwconv.2/Relu_output_0_DequantizeLinear_Output", "onnx::Conv_599_DequantizeLinear_Output", "onnx::Conv_600_DequantizeLinear_Output"], "opType": "Conv", "comment": "@251 [/segment/S4/S4.1/conv2/conv2.0/Conv_output_0:(ty=1,shape=[1,64,32,32])] Conv [/segment/S4/S4.1/dwconv/dwconv.2/Relu_output_0_DequantizeLinear_Output:(ty=1,shape=[1,384,32,32]),onnx::Conv_599_DequantizeLinear_Output:(ty=1,shape=[64,384,1,1]),onnx::Conv_600_DequantizeLinear_Output:(ty=1,shape=[64])]", "device": "NPU"}, {"output": ["/segment/S4/S4.1/conv2/conv2.0/Conv_output_0_QuantizeLinear_Output"], "input": ["/segment/S4/S4.1/conv2/conv2.0/Conv_output_0", "/segment/S1S2/left/left.0/relu/Relu_output_0_scale", "/segment/S4/S4.1/conv2/conv2.0/Conv_output_0_zero_point"], "opType": "QuantizeLinear", "comment": "@252 [/segment/S4/S4.1/conv2/conv2.0/Conv_output_0_QuantizeLinear_Output:(ty=2,shape=[1,64,32,32])] QuantizeLinear [/segment/S4/S4.1/conv2/conv2.0/Conv_output_0:(ty=1,shape=[1,64,32,32]),/segment/S1S2/left/left.0/relu/Relu_output_0_scale:(ty=1,shape=[]),/segment/S4/S4.1/conv2/conv2.0/Conv_output_0_zero_point:(ty=2,shape=[])]", "device": "NPU"}, {"output": ["/segment/S4/S4.1/conv2/conv2.0/Conv_output_0_DequantizeLinear_Output"], "input": ["/segment/S4/S4.1/conv2/conv2.0/Conv_output_0_QuantizeLinear_Output", "/segment/S1S2/left/left.0/relu/Relu_output_0_scale", "/segment/S4/S4.1/conv2/conv2.0/Conv_output_0_zero_point"], "opType": "DequantizeLinear", "comment": "@253 [/segment/S4/S4.1/conv2/conv2.0/Conv_output_0_DequantizeLinear_Output:(ty=1,shape=[1,64,32,32])] DequantizeLinear [/segment/S4/S4.1/conv2/conv2.0/Conv_output_0_QuantizeLinear_Output:(ty=2,shape=[1,64,32,32]),/segment/S1S2/left/left.0/relu/Relu_output_0_scale:(ty=1,shape=[]),/segment/S4/S4.1/conv2/conv2.0/Conv_output_0_zero_point:(ty=2,shape=[])]", "device": "NPU"}, {"output": ["/segment/S4/S4.1/Add_output_0"], "input": ["/segment/S4/S4.1/conv2/conv2.0/Conv_output_0_DequantizeLinear_Output", "/segment/S4/S4.0/relu/Relu_output_0_DequantizeLinear_Output/duplicated"], "opType": "Add", "comment": "@254 [/segment/S4/S4.1/Add_output_0:(ty=1,shape=[1,64,32,32])] Add [/segment/S4/S4.1/conv2/conv2.0/Conv_output_0_DequantizeLinear_Output:(ty=1,shape=[1,64,32,32]),/segment/S4/S4.0/relu/Relu_output_0_DequantizeLinear_Output/duplicated:(ty=1,shape=[1,64,32,32])]", "device": "NPU"}, {"output": ["/segment/S4/S4.1/relu/Relu_output_0"], "input": ["/segment/S4/S4.1/Add_output_0"], "opType": "Relu", "comment": "@255 [/segment/S4/S4.1/relu/Relu_output_0:(ty=1,shape=[1,64,32,32])] Relu [/segment/S4/S4.1/Add_output_0:(ty=1,shape=[1,64,32,32])]", "device": "NPU"}, {"output": ["/segment/S4/S4.1/relu/Relu_output_0_QuantizeLinear_Output"], "input": ["/segment/S4/S4.1/relu/Relu_output_0", "/segment/S1S2/left/left.0/relu/Relu_output_0_scale", "/segment/S4/S4.1/relu/Relu_output_0_zero_point"], "opType": "QuantizeLinear", "comment": "@256 [/segment/S4/S4.1/relu/Relu_output_0_QuantizeLinear_Output:(ty=2,shape=[1,64,32,32])] QuantizeLinear [/segment/S4/S4.1/relu/Relu_output_0:(ty=1,shape=[1,64,32,32]),/segment/S1S2/left/left.0/relu/Relu_output_0_scale:(ty=1,shape=[]),/segment/S4/S4.1/relu/Relu_output_0_zero_point:(ty=2,shape=[])]", "device": "NPU"}, {"output": ["/segment/S4/S4.1/relu/Relu_output_0_DequantizeLinear_Output"], "input": ["/segment/S4/S4.1/relu/Relu_output_0_QuantizeLinear_Output", "/segment/S1S2/left/left.0/relu/Relu_output_0_scale", "/segment/S4/S4.1/relu/Relu_output_0_zero_point"], "opType": "DequantizeLinear", "comment": "@257 [/segment/S4/S4.1/relu/Relu_output_0_DequantizeLinear_Output:(ty=1,shape=[1,64,32,32])] DequantizeLinear [/segment/S4/S4.1/relu/Relu_output_0_QuantizeLinear_Output:(ty=2,shape=[1,64,32,32]),/segment/S1S2/left/left.0/relu/Relu_output_0_scale:(ty=1,shape=[]),/segment/S4/S4.1/relu/Relu_output_0_zero_point:(ty=2,shape=[])]", "device": "NPU"}, {"output": ["onnx::Conv_603_DequantizeLinear_Output"], "input": ["onnx::Conv_603_quantized", "/bga/Mul_output_0_scale", "onnx::Conv_603_zero_point"], "opType": "DequantizeLinear", "comment": "@68 [onnx::Conv_603_DequantizeLinear_Output:(ty=1,shape=[64])] DequantizeLinear [onnx::Conv_603_quantized:(ty=3,shape=[64]),/bga/Mul_output_0_scale:(ty=1,shape=[]),onnx::Conv_603_zero_point:(ty=3,shape=[])]", "device": "NPU"}, {"output": ["onnx::Conv_602_DequantizeLinear_Output"], "input": ["onnx::Conv_602_quantized", "onnx::Conv_602_scale", "onnx::Conv_602_zero_point"], "opType": "DequantizeLinear", "comment": "@67 [onnx::Conv_602_DequantizeLinear_Output:(ty=1,shape=[64,64,3,3])] DequantizeLinear [onnx::Conv_602_quantized:(ty=3,shape=[64,64,3,3]),onnx::Conv_602_scale:(ty=1,shape=[]),onnx::Conv_602_zero_point:(ty=3,shape=[])]", "device": "NPU"}, {"output": ["/segment/S5_4/S5_4.0/conv1/conv/Conv_output_0"], "input": ["/segment/S4/S4.1/relu/Relu_output_0_DequantizeLinear_Output", "onnx::Conv_602_DequantizeLinear_Output", "onnx::Conv_603_DequantizeLinear_Output"], "opType": "Conv", "comment": "@258 [/segment/S5_4/S5_4.0/conv1/conv/Conv_output_0:(ty=1,shape=[1,64,32,32])] Conv [/segment/S4/S4.1/relu/Relu_output_0_DequantizeLinear_Output:(ty=1,shape=[1,64,32,32]),onnx::Conv_602_DequantizeLinear_Output:(ty=1,shape=[64,64,3,3]),onnx::Conv_603_DequantizeLinear_Output:(ty=1,shape=[64])]", "device": "NPU"}, {"output": ["/segment/S5_4/S5_4.0/conv1/relu/Relu_output_0"], "input": ["/segment/S5_4/S5_4.0/conv1/conv/Conv_output_0"], "opType": "Relu", "comment": "@260 [/segment/S5_4/S5_4.0/conv1/relu/Relu_output_0:(ty=1,shape=[1,64,32,32])] Relu [/segment/S5_4/S5_4.0/conv1/conv/Conv_output_0:(ty=1,shape=[1,64,32,32])]", "device": "NPU"}, {"output": ["/segment/S5_4/S5_4.0/conv1/relu/Relu_output_0_QuantizeLinear_Output"], "input": ["/segment/S5_4/S5_4.0/conv1/relu/Relu_output_0", "onnx::Conv_645_scale", "/segment/S5_4/S5_4.0/conv1/relu/Relu_output_0_zero_point"], "opType": "QuantizeLinear", "comment": "@262 [/segment/S5_4/S5_4.0/conv1/relu/Relu_output_0_QuantizeLinear_Output:(ty=2,shape=[1,64,32,32])] QuantizeLinear [/segment/S5_4/S5_4.0/conv1/relu/Relu_output_0:(ty=1,shape=[1,64,32,32]),onnx::Conv_645_scale:(ty=1,shape=[]),/segment/S5_4/S5_4.0/conv1/relu/Relu_output_0_zero_point:(ty=2,shape=[])]", "device": "NPU"}, {"output": ["/segment/S5_4/S5_4.0/conv1/relu/Relu_output_0_DequantizeLinear_Output"], "input": ["/segment/S5_4/S5_4.0/conv1/relu/Relu_output_0_QuantizeLinear_Output", "onnx::Conv_645_scale", "/segment/S5_4/S5_4.0/conv1/relu/Relu_output_0_zero_point"], "opType": "DequantizeLinear", "comment": "@264 [/segment/S5_4/S5_4.0/conv1/relu/Relu_output_0_DequantizeLinear_Output:(ty=1,shape=[1,64,32,32])] DequantizeLinear [/segment/S5_4/S5_4.0/conv1/relu/Relu_output_0_QuantizeLinear_Output:(ty=2,shape=[1,64,32,32]),onnx::Conv_645_scale:(ty=1,shape=[]),/segment/S5_4/S5_4.0/conv1/relu/Relu_output_0_zero_point:(ty=2,shape=[])]", "device": "NPU"}, {"output": ["onnx::Conv_606_DequantizeLinear_Output"], "input": ["onnx::Conv_606_quantized", "/bga/Mul_output_0_scale", "onnx::Conv_606_zero_point"], "opType": "DequantizeLinear", "comment": "@70 [onnx::Conv_606_DequantizeLinear_Output:(ty=1,shape=[384])] DequantizeLinear [onnx::Conv_606_quantized:(ty=3,shape=[384]),/bga/Mul_output_0_scale:(ty=1,shape=[]),onnx::Conv_606_zero_point:(ty=3,shape=[])]", "device": "NPU"}, {"output": ["onnx::Conv_605_DequantizeLinear_Output"], "input": ["onnx::Conv_605_quantized", "onnx::Conv_581_scale", "onnx::Conv_605_zero_point"], "opType": "DequantizeLinear", "comment": "@69 [onnx::Conv_605_DequantizeLinear_Output:(ty=1,shape=[384,1,3,3])] DequantizeLinear [onnx::Conv_605_quantized:(ty=3,shape=[384,1,3,3]),onnx::Conv_581_scale:(ty=1,shape=[]),onnx::Conv_605_zero_point:(ty=3,shape=[])]", "device": "NPU"}, {"output": ["/segment/S5_4/S5_4.0/dwconv1/dwconv1.0/Conv_output_0"], "input": ["/segment/S5_4/S5_4.0/conv1/relu/Relu_output_0_DequantizeLinear_Output", "onnx::Conv_605_DequantizeLinear_Output", "onnx::Conv_606_DequantizeLinear_Output"], "opType": "Conv", "comment": "@266 [/segment/S5_4/S5_4.0/dwconv1/dwconv1.0/Conv_output_0:(ty=1,shape=[1,384,16,16])] Conv [/segment/S5_4/S5_4.0/conv1/relu/Relu_output_0_DequantizeLinear_Output:(ty=1,shape=[1,64,32,32]),onnx::Conv_605_DequantizeLinear_Output:(ty=1,shape=[384,1,3,3]),onnx::Conv_606_DequantizeLinear_Output:(ty=1,shape=[384])]", "device": "NPU"}, {"output": ["/segment/S5_4/S5_4.0/dwconv1/dwconv1.0/Conv_output_0_QuantizeLinear_Output"], "input": ["/segment/S5_4/S5_4.0/dwconv1/dwconv1.0/Conv_output_0", "onnx::Conv_645_scale", "/segment/S5_4/S5_4.0/dwconv1/dwconv1.0/Conv_output_0_zero_point"], "opType": "QuantizeLinear", "comment": "@268 [/segment/S5_4/S5_4.0/dwconv1/dwconv1.0/Conv_output_0_QuantizeLinear_Output:(ty=2,shape=[1,384,16,16])] QuantizeLinear [/segment/S5_4/S5_4.0/dwconv1/dwconv1.0/Conv_output_0:(ty=1,shape=[1,384,16,16]),onnx::Conv_645_scale:(ty=1,shape=[]),/segment/S5_4/S5_4.0/dwconv1/dwconv1.0/Conv_output_0_zero_point:(ty=2,shape=[])]", "device": "NPU"}, {"output": ["/segment/S5_4/S5_4.0/dwconv1/dwconv1.0/Conv_output_0_DequantizeLinear_Output"], "input": ["/segment/S5_4/S5_4.0/dwconv1/dwconv1.0/Conv_output_0_QuantizeLinear_Output", "onnx::Conv_645_scale", "/segment/S5_4/S5_4.0/dwconv1/dwconv1.0/Conv_output_0_zero_point"], "opType": "DequantizeLinear", "comment": "@270 [/segment/S5_4/S5_4.0/dwconv1/dwconv1.0/Conv_output_0_DequantizeLinear_Output:(ty=1,shape=[1,384,16,16])] DequantizeLinear [/segment/S5_4/S5_4.0/dwconv1/dwconv1.0/Conv_output_0_QuantizeLinear_Output:(ty=2,shape=[1,384,16,16]),onnx::Conv_645_scale:(ty=1,shape=[]),/segment/S5_4/S5_4.0/dwconv1/dwconv1.0/Conv_output_0_zero_point:(ty=2,shape=[])]", "device": "NPU"}, {"output": ["onnx::Conv_609_DequantizeLinear_Output"], "input": ["onnx::Conv_609_quantized", "image_scale", "onnx::Conv_609_zero_point"], "opType": "DequantizeLinear", "comment": "@72 [onnx::Conv_609_DequantizeLinear_Output:(ty=1,shape=[384])] DequantizeLinear [onnx::Conv_609_quantized:(ty=3,shape=[384]),image_scale:(ty=1,shape=[]),onnx::Conv_609_zero_point:(ty=3,shape=[])]", "device": "NPU"}, {"output": ["onnx::Conv_608_DequantizeLinear_Output"], "input": ["onnx::Conv_608_quantized", "onnx::Conv_581_scale", "onnx::Conv_608_zero_point"], "opType": "DequantizeLinear", "comment": "@71 [onnx::Conv_608_DequantizeLinear_Output:(ty=1,shape=[384,1,3,3])] DequantizeLinear [onnx::Conv_608_quantized:(ty=3,shape=[384,1,3,3]),onnx::Conv_581_scale:(ty=1,shape=[]),onnx::Conv_608_zero_point:(ty=3,shape=[])]", "device": "NPU"}, {"output": ["/segment/S5_4/S5_4.0/dwconv2/dwconv2.0/Conv_output_0"], "input": ["/segment/S5_4/S5_4.0/dwconv1/dwconv1.0/Conv_output_0_DequantizeLinear_Output", "onnx::Conv_608_DequantizeLinear_Output", "onnx::Conv_609_DequantizeLinear_Output"], "opType": "Conv", "comment": "@271 [/segment/S5_4/S5_4.0/dwconv2/dwconv2.0/Conv_output_0:(ty=1,shape=[1,384,16,16])] Conv [/segment/S5_4/S5_4.0/dwconv1/dwconv1.0/Conv_output_0_DequantizeLinear_Output:(ty=1,shape=[1,384,16,16]),onnx::Conv_608_DequantizeLinear_Output:(ty=1,shape=[384,1,3,3]),onnx::Conv_609_DequantizeLinear_Output:(ty=1,shape=[384])]", "device": "NPU"}, {"output": ["/segment/S5_4/S5_4.0/dwconv2/dwconv2.2/Relu_output_0"], "input": ["/segment/S5_4/S5_4.0/dwconv2/dwconv2.0/Conv_output_0"], "opType": "Relu", "comment": "@272 [/segment/S5_4/S5_4.0/dwconv2/dwconv2.2/Relu_output_0:(ty=1,shape=[1,384,16,16])] Relu [/segment/S5_4/S5_4.0/dwconv2/dwconv2.0/Conv_output_0:(ty=1,shape=[1,384,16,16])]", "device": "NPU"}, {"output": ["/segment/S5_4/S5_4.0/dwconv2/dwconv2.2/Relu_output_0_QuantizeLinear_Output"], "input": ["/segment/S5_4/S5_4.0/dwconv2/dwconv2.2/Relu_output_0", "onnx::Conv_645_scale", "/segment/S5_4/S5_4.0/dwconv2/dwconv2.2/Relu_output_0_zero_point"], "opType": "QuantizeLinear", "comment": "@273 [/segment/S5_4/S5_4.0/dwconv2/dwconv2.2/Relu_output_0_QuantizeLinear_Output:(ty=2,shape=[1,384,16,16])] QuantizeLinear [/segment/S5_4/S5_4.0/dwconv2/dwconv2.2/Relu_output_0:(ty=1,shape=[1,384,16,16]),onnx::Conv_645_scale:(ty=1,shape=[]),/segment/S5_4/S5_4.0/dwconv2/dwconv2.2/Relu_output_0_zero_point:(ty=2,shape=[])]", "device": "NPU"}, {"output": ["/segment/S5_4/S5_4.0/dwconv2/dwconv2.2/Relu_output_0_DequantizeLinear_Output"], "input": ["/segment/S5_4/S5_4.0/dwconv2/dwconv2.2/Relu_output_0_QuantizeLinear_Output", "onnx::Conv_645_scale", "/segment/S5_4/S5_4.0/dwconv2/dwconv2.2/Relu_output_0_zero_point"], "opType": "DequantizeLinear", "comment": "@274 [/segment/S5_4/S5_4.0/dwconv2/dwconv2.2/Relu_output_0_DequantizeLinear_Output:(ty=1,shape=[1,384,16,16])] DequantizeLinear [/segment/S5_4/S5_4.0/dwconv2/dwconv2.2/Relu_output_0_QuantizeLinear_Output:(ty=2,shape=[1,384,16,16]),onnx::Conv_645_scale:(ty=1,shape=[]),/segment/S5_4/S5_4.0/dwconv2/dwconv2.2/Relu_output_0_zero_point:(ty=2,shape=[])]", "device": "NPU"}, {"output": ["onnx::Conv_612_DequantizeLinear_Output"], "input": ["onnx::Conv_612_quantized", "onnx::Conv_645_scale", "onnx::Conv_612_zero_point"], "opType": "DequantizeLinear", "comment": "@74 [onnx::Conv_612_DequantizeLinear_Output:(ty=1,shape=[128])] DequantizeLinear [onnx::Conv_612_quantized:(ty=3,shape=[128]),onnx::Conv_645_scale:(ty=1,shape=[]),onnx::Conv_612_zero_point:(ty=3,shape=[])]", "device": "NPU"}, {"output": ["onnx::Conv_611_DequantizeLinear_Output"], "input": ["onnx::Conv_611_quantized", "onnx::Conv_581_scale", "onnx::Conv_611_zero_point"], "opType": "DequantizeLinear", "comment": "@73 [onnx::Conv_611_DequantizeLinear_Output:(ty=1,shape=[128,384,1,1])] DequantizeLinear [onnx::Conv_611_quantized:(ty=3,shape=[128,384,1,1]),onnx::Conv_581_scale:(ty=1,shape=[]),onnx::Conv_611_zero_point:(ty=3,shape=[])]", "device": "NPU"}, {"output": ["/segment/S5_4/S5_4.0/conv2/conv2.0/Conv_output_0"], "input": ["/segment/S5_4/S5_4.0/dwconv2/dwconv2.2/Relu_output_0_DequantizeLinear_Output", "onnx::Conv_611_DequantizeLinear_Output", "onnx::Conv_612_DequantizeLinear_Output"], "opType": "Conv", "comment": "@275 [/segment/S5_4/S5_4.0/conv2/conv2.0/Conv_output_0:(ty=1,shape=[1,128,16,16])] Conv [/segment/S5_4/S5_4.0/dwconv2/dwconv2.2/Relu_output_0_DequantizeLinear_Output:(ty=1,shape=[1,384,16,16]),onnx::Conv_611_DequantizeLinear_Output:(ty=1,shape=[128,384,1,1]),onnx::Conv_612_DequantizeLinear_Output:(ty=1,shape=[128])]", "device": "NPU"}, {"output": ["/segment/S5_4/S5_4.0/conv2/conv2.0/Conv_output_0_QuantizeLinear_Output"], "input": ["/segment/S5_4/S5_4.0/conv2/conv2.0/Conv_output_0", "/segment/S1S2/left/left.0/relu/Relu_output_0_scale", "/segment/S5_4/S5_4.0/conv2/conv2.0/Conv_output_0_zero_point"], "opType": "QuantizeLinear", "comment": "@276 [/segment/S5_4/S5_4.0/conv2/conv2.0/Conv_output_0_QuantizeLinear_Output:(ty=2,shape=[1,128,16,16])] QuantizeLinear [/segment/S5_4/S5_4.0/conv2/conv2.0/Conv_output_0:(ty=1,shape=[1,128,16,16]),/segment/S1S2/left/left.0/relu/Relu_output_0_scale:(ty=1,shape=[]),/segment/S5_4/S5_4.0/conv2/conv2.0/Conv_output_0_zero_point:(ty=2,shape=[])]", "device": "NPU"}, {"output": ["/segment/S5_4/S5_4.0/conv2/conv2.0/Conv_output_0_DequantizeLinear_Output"], "input": ["/segment/S5_4/S5_4.0/conv2/conv2.0/Conv_output_0_QuantizeLinear_Output", "/segment/S1S2/left/left.0/relu/Relu_output_0_scale", "/segment/S5_4/S5_4.0/conv2/conv2.0/Conv_output_0_zero_point"], "opType": "DequantizeLinear", "comment": "@277 [/segment/S5_4/S5_4.0/conv2/conv2.0/Conv_output_0_DequantizeLinear_Output:(ty=1,shape=[1,128,16,16])] DequantizeLinear [/segment/S5_4/S5_4.0/conv2/conv2.0/Conv_output_0_QuantizeLinear_Output:(ty=2,shape=[1,128,16,16]),/segment/S1S2/left/left.0/relu/Relu_output_0_scale:(ty=1,shape=[]),/segment/S5_4/S5_4.0/conv2/conv2.0/Conv_output_0_zero_point:(ty=2,shape=[])]", "device": "NPU"}, {"output": ["/segment/S4/S4.1/relu/Relu_output_0_DequantizeLinear_Output/duplicated"], "input": ["/segment/S4/S4.1/relu/Relu_output_0_QuantizeLinear_Output", "/segment/S1S2/left/left.0/relu/Relu_output_0_scale", "/segment/S4/S4.1/relu/Relu_output_0_zero_point"], "opType": "DequantizeLinear", "comment": "@398 [/segment/S4/S4.1/relu/Relu_output_0_DequantizeLinear_Output/duplicated:(ty=1,shape=[1,64,32,32])] DequantizeLinear [/segment/S4/S4.1/relu/Relu_output_0_QuantizeLinear_Output:(ty=2,shape=[1,64,32,32]),/segment/S1S2/left/left.0/relu/Relu_output_0_scale:(ty=1,shape=[]),/segment/S4/S4.1/relu/Relu_output_0_zero_point:(ty=2,shape=[])]", "device": "NPU"}, {"output": ["onnx::Conv_615_DequantizeLinear_Output"], "input": ["onnx::Conv_615_quantized", "image_scale", "onnx::Conv_615_zero_point"], "opType": "DequantizeLinear", "comment": "@76 [onnx::Conv_615_DequantizeLinear_Output:(ty=1,shape=[64])] DequantizeLinear [onnx::Conv_615_quantized:(ty=3,shape=[64]),image_scale:(ty=1,shape=[]),onnx::Conv_615_zero_point:(ty=3,shape=[])]", "device": "NPU"}, {"output": ["onnx::Conv_614_DequantizeLinear_Output"], "input": ["onnx::Conv_614_quantized", "bga.right2.2.weight_scale", "onnx::Conv_614_zero_point"], "opType": "DequantizeLinear", "comment": "@75 [onnx::Conv_614_DequantizeLinear_Output:(ty=1,shape=[64,1,3,3])] DequantizeLinear [onnx::Conv_614_quantized:(ty=3,shape=[64,1,3,3]),bga.right2.2.weight_scale:(ty=1,shape=[]),onnx::Conv_614_zero_point:(ty=3,shape=[])]", "device": "NPU"}, {"output": ["/segment/S5_4/S5_4.0/shortcut/shortcut.0/Conv_output_0"], "input": ["/segment/S4/S4.1/relu/Relu_output_0_DequantizeLinear_Output/duplicated", "onnx::Conv_614_DequantizeLinear_Output", "onnx::Conv_615_DequantizeLinear_Output"], "opType": "Conv", "comment": "@259 [/segment/S5_4/S5_4.0/shortcut/shortcut.0/Conv_output_0:(ty=1,shape=[1,64,16,16])] Conv [/segment/S4/S4.1/relu/Relu_output_0_DequantizeLinear_Output/duplicated:(ty=1,shape=[1,64,32,32]),onnx::Conv_614_DequantizeLinear_Output:(ty=1,shape=[64,1,3,3]),onnx::Conv_615_DequantizeLinear_Output:(ty=1,shape=[64])]", "device": "NPU"}, {"output": ["/segment/S5_4/S5_4.0/shortcut/shortcut.0/Conv_output_0_QuantizeLinear_Output"], "input": ["/segment/S5_4/S5_4.0/shortcut/shortcut.0/Conv_output_0", "/segment/S1S2/left/left.0/relu/Relu_output_0_scale", "/segment/S5_4/S5_4.0/shortcut/shortcut.0/Conv_output_0_zero_point"], "opType": "QuantizeLinear", "comment": "@261 [/segment/S5_4/S5_4.0/shortcut/shortcut.0/Conv_output_0_QuantizeLinear_Output:(ty=2,shape=[1,64,16,16])] QuantizeLinear [/segment/S5_4/S5_4.0/shortcut/shortcut.0/Conv_output_0:(ty=1,shape=[1,64,16,16]),/segment/S1S2/left/left.0/relu/Relu_output_0_scale:(ty=1,shape=[]),/segment/S5_4/S5_4.0/shortcut/shortcut.0/Conv_output_0_zero_point:(ty=2,shape=[])]", "device": "NPU"}, {"output": ["/segment/S5_4/S5_4.0/shortcut/shortcut.0/Conv_output_0_DequantizeLinear_Output"], "input": ["/segment/S5_4/S5_4.0/shortcut/shortcut.0/Conv_output_0_QuantizeLinear_Output", "/segment/S1S2/left/left.0/relu/Relu_output_0_scale", "/segment/S5_4/S5_4.0/shortcut/shortcut.0/Conv_output_0_zero_point"], "opType": "DequantizeLinear", "comment": "@263 [/segment/S5_4/S5_4.0/shortcut/shortcut.0/Conv_output_0_DequantizeLinear_Output:(ty=1,shape=[1,64,16,16])] DequantizeLinear [/segment/S5_4/S5_4.0/shortcut/shortcut.0/Conv_output_0_QuantizeLinear_Output:(ty=2,shape=[1,64,16,16]),/segment/S1S2/left/left.0/relu/Relu_output_0_scale:(ty=1,shape=[]),/segment/S5_4/S5_4.0/shortcut/shortcut.0/Conv_output_0_zero_point:(ty=2,shape=[])]", "device": "NPU"}, {"output": ["onnx::Conv_618_DequantizeLinear_Output"], "input": ["onnx::Conv_618_quantized", "/bga/Mul_output_0_scale", "onnx::Conv_618_zero_point"], "opType": "DequantizeLinear", "comment": "@78 [onnx::Conv_618_DequantizeLinear_Output:(ty=1,shape=[128])] DequantizeLinear [onnx::Conv_618_quantized:(ty=3,shape=[128]),/bga/Mul_output_0_scale:(ty=1,shape=[]),onnx::Conv_618_zero_point:(ty=3,shape=[])]", "device": "NPU"}, {"output": ["onnx::Conv_617_DequantizeLinear_Output"], "input": ["onnx::Conv_617_quantized", "onnx::Conv_518_scale", "onnx::Conv_617_zero_point"], "opType": "DequantizeLinear", "comment": "@77 [onnx::Conv_617_DequantizeLinear_Output:(ty=1,shape=[128,64,1,1])] DequantizeLinear [onnx::Conv_617_quantized:(ty=3,shape=[128,64,1,1]),onnx::Conv_518_scale:(ty=1,shape=[]),onnx::Conv_617_zero_point:(ty=3,shape=[])]", "device": "NPU"}, {"output": ["/segment/S5_4/S5_4.0/shortcut/shortcut.2/Conv_output_0"], "input": ["/segment/S5_4/S5_4.0/shortcut/shortcut.0/Conv_output_0_DequantizeLinear_Output", "onnx::Conv_617_DequantizeLinear_Output", "onnx::Conv_618_DequantizeLinear_Output"], "opType": "Conv", "comment": "@265 [/segment/S5_4/S5_4.0/shortcut/shortcut.2/Conv_output_0:(ty=1,shape=[1,128,16,16])] Conv [/segment/S5_4/S5_4.0/shortcut/shortcut.0/Conv_output_0_DequantizeLinear_Output:(ty=1,shape=[1,64,16,16]),onnx::Conv_617_DequantizeLinear_Output:(ty=1,shape=[128,64,1,1]),onnx::Conv_618_DequantizeLinear_Output:(ty=1,shape=[128])]", "device": "NPU"}, {"output": ["/segment/S5_4/S5_4.0/shortcut/shortcut.2/Conv_output_0_QuantizeLinear_Output"], "input": ["/segment/S5_4/S5_4.0/shortcut/shortcut.2/Conv_output_0", "/segment/S1S2/left/left.0/relu/Relu_output_0_scale", "/segment/S5_4/S5_4.0/shortcut/shortcut.2/Conv_output_0_zero_point"], "opType": "QuantizeLinear", "comment": "@267 [/segment/S5_4/S5_4.0/shortcut/shortcut.2/Conv_output_0_QuantizeLinear_Output:(ty=2,shape=[1,128,16,16])] QuantizeLinear [/segment/S5_4/S5_4.0/shortcut/shortcut.2/Conv_output_0:(ty=1,shape=[1,128,16,16]),/segment/S1S2/left/left.0/relu/Relu_output_0_scale:(ty=1,shape=[]),/segment/S5_4/S5_4.0/shortcut/shortcut.2/Conv_output_0_zero_point:(ty=2,shape=[])]", "device": "NPU"}, {"output": ["/segment/S5_4/S5_4.0/shortcut/shortcut.2/Conv_output_0_DequantizeLinear_Output"], "input": ["/segment/S5_4/S5_4.0/shortcut/shortcut.2/Conv_output_0_QuantizeLinear_Output", "/segment/S1S2/left/left.0/relu/Relu_output_0_scale", "/segment/S5_4/S5_4.0/shortcut/shortcut.2/Conv_output_0_zero_point"], "opType": "DequantizeLinear", "comment": "@269 [/segment/S5_4/S5_4.0/shortcut/shortcut.2/Conv_output_0_DequantizeLinear_Output:(ty=1,shape=[1,128,16,16])] DequantizeLinear [/segment/S5_4/S5_4.0/shortcut/shortcut.2/Conv_output_0_QuantizeLinear_Output:(ty=2,shape=[1,128,16,16]),/segment/S1S2/left/left.0/relu/Relu_output_0_scale:(ty=1,shape=[]),/segment/S5_4/S5_4.0/shortcut/shortcut.2/Conv_output_0_zero_point:(ty=2,shape=[])]", "device": "NPU"}, {"output": ["/segment/S5_4/S5_4.0/Add_output_0"], "input": ["/segment/S5_4/S5_4.0/conv2/conv2.0/Conv_output_0_DequantizeLinear_Output", "/segment/S5_4/S5_4.0/shortcut/shortcut.2/Conv_output_0_DequantizeLinear_Output"], "opType": "Add", "comment": "@278 [/segment/S5_4/S5_4.0/Add_output_0:(ty=1,shape=[1,128,16,16])] Add [/segment/S5_4/S5_4.0/conv2/conv2.0/Conv_output_0_DequantizeLinear_Output:(ty=1,shape=[1,128,16,16]),/segment/S5_4/S5_4.0/shortcut/shortcut.2/Conv_output_0_DequantizeLinear_Output:(ty=1,shape=[1,128,16,16])]", "device": "NPU"}, {"output": ["/segment/S5_4/S5_4.0/relu/Relu_output_0"], "input": ["/segment/S5_4/S5_4.0/Add_output_0"], "opType": "Relu", "comment": "@279 [/segment/S5_4/S5_4.0/relu/Relu_output_0:(ty=1,shape=[1,128,16,16])] Relu [/segment/S5_4/S5_4.0/Add_output_0:(ty=1,shape=[1,128,16,16])]", "device": "NPU"}, {"output": ["/segment/S5_4/S5_4.0/relu/Relu_output_0_QuantizeLinear_Output"], "input": ["/segment/S5_4/S5_4.0/relu/Relu_output_0", "/segment/S1S2/left/left.0/relu/Relu_output_0_scale", "/segment/S5_4/S5_4.0/relu/Relu_output_0_zero_point"], "opType": "QuantizeLinear", "comment": "@280 [/segment/S5_4/S5_4.0/relu/Relu_output_0_QuantizeLinear_Output:(ty=2,shape=[1,128,16,16])] QuantizeLinear [/segment/S5_4/S5_4.0/relu/Relu_output_0:(ty=1,shape=[1,128,16,16]),/segment/S1S2/left/left.0/relu/Relu_output_0_scale:(ty=1,shape=[]),/segment/S5_4/S5_4.0/relu/Relu_output_0_zero_point:(ty=2,shape=[])]", "device": "NPU"}, {"output": ["/segment/S5_4/S5_4.0/relu/Relu_output_0_DequantizeLinear_Output/duplicated"], "input": ["/segment/S5_4/S5_4.0/relu/Relu_output_0_QuantizeLinear_Output", "/segment/S1S2/left/left.0/relu/Relu_output_0_scale", "/segment/S5_4/S5_4.0/relu/Relu_output_0_zero_point"], "opType": "DequantizeLinear", "comment": "@399 [/segment/S5_4/S5_4.0/relu/Relu_output_0_DequantizeLinear_Output/duplicated:(ty=1,shape=[1,128,16,16])] DequantizeLinear [/segment/S5_4/S5_4.0/relu/Relu_output_0_QuantizeLinear_Output:(ty=2,shape=[1,128,16,16]),/segment/S1S2/left/left.0/relu/Relu_output_0_scale:(ty=1,shape=[]),/segment/S5_4/S5_4.0/relu/Relu_output_0_zero_point:(ty=2,shape=[])]", "device": "NPU"}, {"output": ["/segment/S5_4/S5_4.0/relu/Relu_output_0_DequantizeLinear_Output"], "input": ["/segment/S5_4/S5_4.0/relu/Relu_output_0_QuantizeLinear_Output", "/segment/S1S2/left/left.0/relu/Relu_output_0_scale", "/segment/S5_4/S5_4.0/relu/Relu_output_0_zero_point"], "opType": "DequantizeLinear", "comment": "@281 [/segment/S5_4/S5_4.0/relu/Relu_output_0_DequantizeLinear_Output:(ty=1,shape=[1,128,16,16])] DequantizeLinear [/segment/S5_4/S5_4.0/relu/Relu_output_0_QuantizeLinear_Output:(ty=2,shape=[1,128,16,16]),/segment/S1S2/left/left.0/relu/Relu_output_0_scale:(ty=1,shape=[]),/segment/S5_4/S5_4.0/relu/Relu_output_0_zero_point:(ty=2,shape=[])]", "device": "NPU"}, {"output": ["onnx::Conv_621_DequantizeLinear_Output"], "input": ["onnx::Conv_621_quantized", "/bga/Mul_output_0_scale", "onnx::Conv_621_zero_point"], "opType": "DequantizeLinear", "comment": "@80 [onnx::Conv_621_DequantizeLinear_Output:(ty=1,shape=[128])] DequantizeLinear [onnx::Conv_621_quantized:(ty=3,shape=[128]),/bga/Mul_output_0_scale:(ty=1,shape=[]),onnx::Conv_621_zero_point:(ty=3,shape=[])]", "device": "NPU"}, {"output": ["onnx::Conv_620_DequantizeLinear_Output"], "input": ["onnx::Conv_620_quantized", "head.conv_out.weight_scale", "onnx::Conv_620_zero_point"], "opType": "DequantizeLinear", "comment": "@79 [onnx::Conv_620_DequantizeLinear_Output:(ty=1,shape=[128,128,3,3])] DequantizeLinear [onnx::Conv_620_quantized:(ty=3,shape=[128,128,3,3]),head.conv_out.weight_scale:(ty=1,shape=[]),onnx::Conv_620_zero_point:(ty=3,shape=[])]", "device": "NPU"}, {"output": ["/segment/S5_4/S5_4.1/conv1/conv/Conv_output_0"], "input": ["/segment/S5_4/S5_4.0/relu/Relu_output_0_DequantizeLinear_Output", "onnx::Conv_620_DequantizeLinear_Output", "onnx::Conv_621_DequantizeLinear_Output"], "opType": "Conv", "comment": "@282 [/segment/S5_4/S5_4.1/conv1/conv/Conv_output_0:(ty=1,shape=[1,128,16,16])] Conv [/segment/S5_4/S5_4.0/relu/Relu_output_0_DequantizeLinear_Output:(ty=1,shape=[1,128,16,16]),onnx::Conv_620_DequantizeLinear_Output:(ty=1,shape=[128,128,3,3]),onnx::Conv_621_DequantizeLinear_Output:(ty=1,shape=[128])]", "device": "NPU"}, {"output": ["/segment/S5_4/S5_4.1/conv1/relu/Relu_output_0"], "input": ["/segment/S5_4/S5_4.1/conv1/conv/Conv_output_0"], "opType": "Relu", "comment": "@283 [/segment/S5_4/S5_4.1/conv1/relu/Relu_output_0:(ty=1,shape=[1,128,16,16])] Relu [/segment/S5_4/S5_4.1/conv1/conv/Conv_output_0:(ty=1,shape=[1,128,16,16])]", "device": "NPU"}, {"output": ["/segment/S5_4/S5_4.1/conv1/relu/Relu_output_0_QuantizeLinear_Output"], "input": ["/segment/S5_4/S5_4.1/conv1/relu/Relu_output_0", "onnx::Conv_645_scale", "/segment/S5_4/S5_4.1/conv1/relu/Relu_output_0_zero_point"], "opType": "QuantizeLinear", "comment": "@284 [/segment/S5_4/S5_4.1/conv1/relu/Relu_output_0_QuantizeLinear_Output:(ty=2,shape=[1,128,16,16])] QuantizeLinear [/segment/S5_4/S5_4.1/conv1/relu/Relu_output_0:(ty=1,shape=[1,128,16,16]),onnx::Conv_645_scale:(ty=1,shape=[]),/segment/S5_4/S5_4.1/conv1/relu/Relu_output_0_zero_point:(ty=2,shape=[])]", "device": "NPU"}, {"output": ["/segment/S5_4/S5_4.1/conv1/relu/Relu_output_0_DequantizeLinear_Output"], "input": ["/segment/S5_4/S5_4.1/conv1/relu/Relu_output_0_QuantizeLinear_Output", "onnx::Conv_645_scale", "/segment/S5_4/S5_4.1/conv1/relu/Relu_output_0_zero_point"], "opType": "DequantizeLinear", "comment": "@285 [/segment/S5_4/S5_4.1/conv1/relu/Relu_output_0_DequantizeLinear_Output:(ty=1,shape=[1,128,16,16])] DequantizeLinear [/segment/S5_4/S5_4.1/conv1/relu/Relu_output_0_QuantizeLinear_Output:(ty=2,shape=[1,128,16,16]),onnx::Conv_645_scale:(ty=1,shape=[]),/segment/S5_4/S5_4.1/conv1/relu/Relu_output_0_zero_point:(ty=2,shape=[])]", "device": "NPU"}, {"output": ["onnx::Conv_624_DequantizeLinear_Output"], "input": ["onnx::Conv_624_quantized", "/bga/Mul_output_0_scale", "onnx::Conv_624_zero_point"], "opType": "DequantizeLinear", "comment": "@82 [onnx::Conv_624_DequantizeLinear_Output:(ty=1,shape=[768])] DequantizeLinear [onnx::Conv_624_quantized:(ty=3,shape=[768]),/bga/Mul_output_0_scale:(ty=1,shape=[]),onnx::Conv_624_zero_point:(ty=3,shape=[])]", "device": "NPU"}, {"output": ["onnx::Conv_623_DequantizeLinear_Output"], "input": ["onnx::Conv_623_quantized", "/bga/Mul_output_0_scale", "onnx::Conv_623_zero_point"], "opType": "DequantizeLinear", "comment": "@81 [onnx::Conv_623_DequantizeLinear_Output:(ty=1,shape=[768,1,3,3])] DequantizeLinear [onnx::Conv_623_quantized:(ty=3,shape=[768,1,3,3]),/bga/Mul_output_0_scale:(ty=1,shape=[]),onnx::Conv_623_zero_point:(ty=3,shape=[])]", "device": "NPU"}, {"output": ["/segment/S5_4/S5_4.1/dwconv/dwconv.0/Conv_output_0"], "input": ["/segment/S5_4/S5_4.1/conv1/relu/Relu_output_0_DequantizeLinear_Output", "onnx::Conv_623_DequantizeLinear_Output", "onnx::Conv_624_DequantizeLinear_Output"], "opType": "Conv", "comment": "@286 [/segment/S5_4/S5_4.1/dwconv/dwconv.0/Conv_output_0:(ty=1,shape=[1,768,16,16])] Conv [/segment/S5_4/S5_4.1/conv1/relu/Relu_output_0_DequantizeLinear_Output:(ty=1,shape=[1,128,16,16]),onnx::Conv_623_DequantizeLinear_Output:(ty=1,shape=[768,1,3,3]),onnx::Conv_624_DequantizeLinear_Output:(ty=1,shape=[768])]", "device": "NPU"}, {"output": ["/segment/S5_4/S5_4.1/dwconv/dwconv.2/Relu_output_0"], "input": ["/segment/S5_4/S5_4.1/dwconv/dwconv.0/Conv_output_0"], "opType": "Relu", "comment": "@287 [/segment/S5_4/S5_4.1/dwconv/dwconv.2/Relu_output_0:(ty=1,shape=[1,768,16,16])] Relu [/segment/S5_4/S5_4.1/dwconv/dwconv.0/Conv_output_0:(ty=1,shape=[1,768,16,16])]", "device": "NPU"}, {"output": ["/segment/S5_4/S5_4.1/dwconv/dwconv.2/Relu_output_0_QuantizeLinear_Output"], "input": ["/segment/S5_4/S5_4.1/dwconv/dwconv.2/Relu_output_0", "onnx::Conv_645_scale", "/segment/S5_4/S5_4.1/dwconv/dwconv.2/Relu_output_0_zero_point"], "opType": "QuantizeLinear", "comment": "@288 [/segment/S5_4/S5_4.1/dwconv/dwconv.2/Relu_output_0_QuantizeLinear_Output:(ty=2,shape=[1,768,16,16])] QuantizeLinear [/segment/S5_4/S5_4.1/dwconv/dwconv.2/Relu_output_0:(ty=1,shape=[1,768,16,16]),onnx::Conv_645_scale:(ty=1,shape=[]),/segment/S5_4/S5_4.1/dwconv/dwconv.2/Relu_output_0_zero_point:(ty=2,shape=[])]", "device": "NPU"}, {"output": ["/segment/S5_4/S5_4.1/dwconv/dwconv.2/Relu_output_0_DequantizeLinear_Output"], "input": ["/segment/S5_4/S5_4.1/dwconv/dwconv.2/Relu_output_0_QuantizeLinear_Output", "onnx::Conv_645_scale", "/segment/S5_4/S5_4.1/dwconv/dwconv.2/Relu_output_0_zero_point"], "opType": "DequantizeLinear", "comment": "@289 [/segment/S5_4/S5_4.1/dwconv/dwconv.2/Relu_output_0_DequantizeLinear_Output:(ty=1,shape=[1,768,16,16])] DequantizeLinear [/segment/S5_4/S5_4.1/dwconv/dwconv.2/Relu_output_0_QuantizeLinear_Output:(ty=2,shape=[1,768,16,16]),onnx::Conv_645_scale:(ty=1,shape=[]),/segment/S5_4/S5_4.1/dwconv/dwconv.2/Relu_output_0_zero_point:(ty=2,shape=[])]", "device": "NPU"}, {"output": ["onnx::Conv_627_DequantizeLinear_Output"], "input": ["onnx::Conv_627_quantized", "/bga/Mul_output_0_scale", "onnx::Conv_627_zero_point"], "opType": "DequantizeLinear", "comment": "@84 [onnx::Conv_627_DequantizeLinear_Output:(ty=1,shape=[128])] DequantizeLinear [onnx::Conv_627_quantized:(ty=3,shape=[128]),/bga/Mul_output_0_scale:(ty=1,shape=[]),onnx::Conv_627_zero_point:(ty=3,shape=[])]", "device": "NPU"}, {"output": ["onnx::Conv_626_DequantizeLinear_Output"], "input": ["onnx::Conv_626_quantized", "onnx::Conv_518_scale", "onnx::Conv_626_zero_point"], "opType": "DequantizeLinear", "comment": "@83 [onnx::Conv_626_DequantizeLinear_Output:(ty=1,shape=[128,768,1,1])] DequantizeLinear [onnx::Conv_626_quantized:(ty=3,shape=[128,768,1,1]),onnx::Conv_518_scale:(ty=1,shape=[]),onnx::Conv_626_zero_point:(ty=3,shape=[])]", "device": "NPU"}, {"output": ["/segment/S5_4/S5_4.1/conv2/conv2.0/Conv_output_0"], "input": ["/segment/S5_4/S5_4.1/dwconv/dwconv.2/Relu_output_0_DequantizeLinear_Output", "onnx::Conv_626_DequantizeLinear_Output", "onnx::Conv_627_DequantizeLinear_Output"], "opType": "Conv", "comment": "@290 [/segment/S5_4/S5_4.1/conv2/conv2.0/Conv_output_0:(ty=1,shape=[1,128,16,16])] Conv [/segment/S5_4/S5_4.1/dwconv/dwconv.2/Relu_output_0_DequantizeLinear_Output:(ty=1,shape=[1,768,16,16]),onnx::Conv_626_DequantizeLinear_Output:(ty=1,shape=[128,768,1,1]),onnx::Conv_627_DequantizeLinear_Output:(ty=1,shape=[128])]", "device": "NPU"}, {"output": ["/segment/S5_4/S5_4.1/conv2/conv2.0/Conv_output_0_QuantizeLinear_Output"], "input": ["/segment/S5_4/S5_4.1/conv2/conv2.0/Conv_output_0", "/segment/S1S2/left/left.0/relu/Relu_output_0_scale", "/segment/S5_4/S5_4.1/conv2/conv2.0/Conv_output_0_zero_point"], "opType": "QuantizeLinear", "comment": "@291 [/segment/S5_4/S5_4.1/conv2/conv2.0/Conv_output_0_QuantizeLinear_Output:(ty=2,shape=[1,128,16,16])] QuantizeLinear [/segment/S5_4/S5_4.1/conv2/conv2.0/Conv_output_0:(ty=1,shape=[1,128,16,16]),/segment/S1S2/left/left.0/relu/Relu_output_0_scale:(ty=1,shape=[]),/segment/S5_4/S5_4.1/conv2/conv2.0/Conv_output_0_zero_point:(ty=2,shape=[])]", "device": "NPU"}, {"output": ["/segment/S5_4/S5_4.1/conv2/conv2.0/Conv_output_0_DequantizeLinear_Output"], "input": ["/segment/S5_4/S5_4.1/conv2/conv2.0/Conv_output_0_QuantizeLinear_Output", "/segment/S1S2/left/left.0/relu/Relu_output_0_scale", "/segment/S5_4/S5_4.1/conv2/conv2.0/Conv_output_0_zero_point"], "opType": "DequantizeLinear", "comment": "@292 [/segment/S5_4/S5_4.1/conv2/conv2.0/Conv_output_0_DequantizeLinear_Output:(ty=1,shape=[1,128,16,16])] DequantizeLinear [/segment/S5_4/S5_4.1/conv2/conv2.0/Conv_output_0_QuantizeLinear_Output:(ty=2,shape=[1,128,16,16]),/segment/S1S2/left/left.0/relu/Relu_output_0_scale:(ty=1,shape=[]),/segment/S5_4/S5_4.1/conv2/conv2.0/Conv_output_0_zero_point:(ty=2,shape=[])]", "device": "NPU"}, {"output": ["/segment/S5_4/S5_4.1/Add_output_0"], "input": ["/segment/S5_4/S5_4.1/conv2/conv2.0/Conv_output_0_DequantizeLinear_Output", "/segment/S5_4/S5_4.0/relu/Relu_output_0_DequantizeLinear_Output/duplicated"], "opType": "Add", "comment": "@293 [/segment/S5_4/S5_4.1/Add_output_0:(ty=1,shape=[1,128,16,16])] Add [/segment/S5_4/S5_4.1/conv2/conv2.0/Conv_output_0_DequantizeLinear_Output:(ty=1,shape=[1,128,16,16]),/segment/S5_4/S5_4.0/relu/Relu_output_0_DequantizeLinear_Output/duplicated:(ty=1,shape=[1,128,16,16])]", "device": "NPU"}, {"output": ["/segment/S5_4/S5_4.1/relu/Relu_output_0"], "input": ["/segment/S5_4/S5_4.1/Add_output_0"], "opType": "Relu", "comment": "@294 [/segment/S5_4/S5_4.1/relu/Relu_output_0:(ty=1,shape=[1,128,16,16])] Relu [/segment/S5_4/S5_4.1/Add_output_0:(ty=1,shape=[1,128,16,16])]", "device": "NPU"}, {"output": ["/segment/S5_4/S5_4.1/relu/Relu_output_0_QuantizeLinear_Output"], "input": ["/segment/S5_4/S5_4.1/relu/Relu_output_0", "/segment/S1S2/left/left.0/relu/Relu_output_0_scale", "/segment/S5_4/S5_4.1/relu/Relu_output_0_zero_point"], "opType": "QuantizeLinear", "comment": "@295 [/segment/S5_4/S5_4.1/relu/Relu_output_0_QuantizeLinear_Output:(ty=2,shape=[1,128,16,16])] QuantizeLinear [/segment/S5_4/S5_4.1/relu/Relu_output_0:(ty=1,shape=[1,128,16,16]),/segment/S1S2/left/left.0/relu/Relu_output_0_scale:(ty=1,shape=[]),/segment/S5_4/S5_4.1/relu/Relu_output_0_zero_point:(ty=2,shape=[])]", "device": "NPU"}, {"output": ["/segment/S5_4/S5_4.1/relu/Relu_output_0_DequantizeLinear_Output/duplicated"], "input": ["/segment/S5_4/S5_4.1/relu/Relu_output_0_QuantizeLinear_Output", "/segment/S1S2/left/left.0/relu/Relu_output_0_scale", "/segment/S5_4/S5_4.1/relu/Relu_output_0_zero_point"], "opType": "DequantizeLinear", "comment": "@400 [/segment/S5_4/S5_4.1/relu/Relu_output_0_DequantizeLinear_Output/duplicated:(ty=1,shape=[1,128,16,16])] DequantizeLinear [/segment/S5_4/S5_4.1/relu/Relu_output_0_QuantizeLinear_Output:(ty=2,shape=[1,128,16,16]),/segment/S1S2/left/left.0/relu/Relu_output_0_scale:(ty=1,shape=[]),/segment/S5_4/S5_4.1/relu/Relu_output_0_zero_point:(ty=2,shape=[])]", "device": "NPU"}, {"output": ["/segment/S5_4/S5_4.1/relu/Relu_output_0_DequantizeLinear_Output"], "input": ["/segment/S5_4/S5_4.1/relu/Relu_output_0_QuantizeLinear_Output", "/segment/S1S2/left/left.0/relu/Relu_output_0_scale", "/segment/S5_4/S5_4.1/relu/Relu_output_0_zero_point"], "opType": "DequantizeLinear", "comment": "@296 [/segment/S5_4/S5_4.1/relu/Relu_output_0_DequantizeLinear_Output:(ty=1,shape=[1,128,16,16])] DequantizeLinear [/segment/S5_4/S5_4.1/relu/Relu_output_0_QuantizeLinear_Output:(ty=2,shape=[1,128,16,16]),/segment/S1S2/left/left.0/relu/Relu_output_0_scale:(ty=1,shape=[]),/segment/S5_4/S5_4.1/relu/Relu_output_0_zero_point:(ty=2,shape=[])]", "device": "NPU"}, {"output": ["onnx::Conv_630_DequantizeLinear_Output"], "input": ["onnx::Conv_630_quantized", "image_scale", "onnx::Conv_630_zero_point"], "opType": "DequantizeLinear", "comment": "@86 [onnx::Conv_630_DequantizeLinear_Output:(ty=1,shape=[128])] DequantizeLinear [onnx::Conv_630_quantized:(ty=3,shape=[128]),image_scale:(ty=1,shape=[]),onnx::Conv_630_zero_point:(ty=3,shape=[])]", "device": "NPU"}, {"output": ["onnx::Conv_629_DequantizeLinear_Output"], "input": ["onnx::Conv_629_quantized", "head.conv_out.weight_scale", "onnx::Conv_629_zero_point"], "opType": "DequantizeLinear", "comment": "@85 [onnx::Conv_629_DequantizeLinear_Output:(ty=1,shape=[128,128,3,3])] DequantizeLinear [onnx::Conv_629_quantized:(ty=3,shape=[128,128,3,3]),head.conv_out.weight_scale:(ty=1,shape=[]),onnx::Conv_629_zero_point:(ty=3,shape=[])]", "device": "NPU"}, {"output": ["/segment/S5_4/S5_4.2/conv1/conv/Conv_output_0"], "input": ["/segment/S5_4/S5_4.1/relu/Relu_output_0_DequantizeLinear_Output", "onnx::Conv_629_DequantizeLinear_Output", "onnx::Conv_630_DequantizeLinear_Output"], "opType": "Conv", "comment": "@297 [/segment/S5_4/S5_4.2/conv1/conv/Conv_output_0:(ty=1,shape=[1,128,16,16])] Conv [/segment/S5_4/S5_4.1/relu/Relu_output_0_DequantizeLinear_Output:(ty=1,shape=[1,128,16,16]),onnx::Conv_629_DequantizeLinear_Output:(ty=1,shape=[128,128,3,3]),onnx::Conv_630_DequantizeLinear_Output:(ty=1,shape=[128])]", "device": "NPU"}, {"output": ["/segment/S5_4/S5_4.2/conv1/relu/Relu_output_0"], "input": ["/segment/S5_4/S5_4.2/conv1/conv/Conv_output_0"], "opType": "Relu", "comment": "@298 [/segment/S5_4/S5_4.2/conv1/relu/Relu_output_0:(ty=1,shape=[1,128,16,16])] Relu [/segment/S5_4/S5_4.2/conv1/conv/Conv_output_0:(ty=1,shape=[1,128,16,16])]", "device": "NPU"}, {"output": ["/segment/S5_4/S5_4.2/conv1/relu/Relu_output_0_QuantizeLinear_Output"], "input": ["/segment/S5_4/S5_4.2/conv1/relu/Relu_output_0", "/bga/Mul_output_0_scale", "/segment/S5_4/S5_4.2/conv1/relu/Relu_output_0_zero_point"], "opType": "QuantizeLinear", "comment": "@299 [/segment/S5_4/S5_4.2/conv1/relu/Relu_output_0_QuantizeLinear_Output:(ty=2,shape=[1,128,16,16])] QuantizeLinear [/segment/S5_4/S5_4.2/conv1/relu/Relu_output_0:(ty=1,shape=[1,128,16,16]),/bga/Mul_output_0_scale:(ty=1,shape=[]),/segment/S5_4/S5_4.2/conv1/relu/Relu_output_0_zero_point:(ty=2,shape=[])]", "device": "NPU"}, {"output": ["/segment/S5_4/S5_4.2/conv1/relu/Relu_output_0_DequantizeLinear_Output"], "input": ["/segment/S5_4/S5_4.2/conv1/relu/Relu_output_0_QuantizeLinear_Output", "/bga/Mul_output_0_scale", "/segment/S5_4/S5_4.2/conv1/relu/Relu_output_0_zero_point"], "opType": "DequantizeLinear", "comment": "@300 [/segment/S5_4/S5_4.2/conv1/relu/Relu_output_0_DequantizeLinear_Output:(ty=1,shape=[1,128,16,16])] DequantizeLinear [/segment/S5_4/S5_4.2/conv1/relu/Relu_output_0_QuantizeLinear_Output:(ty=2,shape=[1,128,16,16]),/bga/Mul_output_0_scale:(ty=1,shape=[]),/segment/S5_4/S5_4.2/conv1/relu/Relu_output_0_zero_point:(ty=2,shape=[])]", "device": "NPU"}, {"output": ["onnx::Conv_633_DequantizeLinear_Output"], "input": ["onnx::Conv_633_quantized", "/bga/Mul_output_0_scale", "onnx::Conv_633_zero_point"], "opType": "DequantizeLinear", "comment": "@88 [onnx::Conv_633_DequantizeLinear_Output:(ty=1,shape=[768])] DequantizeLinear [onnx::Conv_633_quantized:(ty=3,shape=[768]),/bga/Mul_output_0_scale:(ty=1,shape=[]),onnx::Conv_633_zero_point:(ty=3,shape=[])]", "device": "NPU"}, {"output": ["onnx::Conv_632_DequantizeLinear_Output"], "input": ["onnx::Conv_632_quantized", "/segment/S1S2/left/left.0/relu/Relu_output_0_scale", "onnx::Conv_632_zero_point"], "opType": "DequantizeLinear", "comment": "@87 [onnx::Conv_632_DequantizeLinear_Output:(ty=1,shape=[768,1,3,3])] DequantizeLinear [onnx::Conv_632_quantized:(ty=3,shape=[768,1,3,3]),/segment/S1S2/left/left.0/relu/Relu_output_0_scale:(ty=1,shape=[]),onnx::Conv_632_zero_point:(ty=3,shape=[])]", "device": "NPU"}, {"output": ["/segment/S5_4/S5_4.2/dwconv/dwconv.0/Conv_output_0"], "input": ["/segment/S5_4/S5_4.2/conv1/relu/Relu_output_0_DequantizeLinear_Output", "onnx::Conv_632_DequantizeLinear_Output", "onnx::Conv_633_DequantizeLinear_Output"], "opType": "Conv", "comment": "@301 [/segment/S5_4/S5_4.2/dwconv/dwconv.0/Conv_output_0:(ty=1,shape=[1,768,16,16])] Conv [/segment/S5_4/S5_4.2/conv1/relu/Relu_output_0_DequantizeLinear_Output:(ty=1,shape=[1,128,16,16]),onnx::Conv_632_DequantizeLinear_Output:(ty=1,shape=[768,1,3,3]),onnx::Conv_633_DequantizeLinear_Output:(ty=1,shape=[768])]", "device": "NPU"}, {"output": ["/segment/S5_4/S5_4.2/dwconv/dwconv.2/Relu_output_0"], "input": ["/segment/S5_4/S5_4.2/dwconv/dwconv.0/Conv_output_0"], "opType": "Relu", "comment": "@302 [/segment/S5_4/S5_4.2/dwconv/dwconv.2/Relu_output_0:(ty=1,shape=[1,768,16,16])] Relu [/segment/S5_4/S5_4.2/dwconv/dwconv.0/Conv_output_0:(ty=1,shape=[1,768,16,16])]", "device": "NPU"}, {"output": ["/segment/S5_4/S5_4.2/dwconv/dwconv.2/Relu_output_0_QuantizeLinear_Output"], "input": ["/segment/S5_4/S5_4.2/dwconv/dwconv.2/Relu_output_0", "onnx::Conv_645_scale", "/segment/S5_4/S5_4.2/dwconv/dwconv.2/Relu_output_0_zero_point"], "opType": "QuantizeLinear", "comment": "@303 [/segment/S5_4/S5_4.2/dwconv/dwconv.2/Relu_output_0_QuantizeLinear_Output:(ty=2,shape=[1,768,16,16])] QuantizeLinear [/segment/S5_4/S5_4.2/dwconv/dwconv.2/Relu_output_0:(ty=1,shape=[1,768,16,16]),onnx::Conv_645_scale:(ty=1,shape=[]),/segment/S5_4/S5_4.2/dwconv/dwconv.2/Relu_output_0_zero_point:(ty=2,shape=[])]", "device": "NPU"}, {"output": ["/segment/S5_4/S5_4.2/dwconv/dwconv.2/Relu_output_0_DequantizeLinear_Output"], "input": ["/segment/S5_4/S5_4.2/dwconv/dwconv.2/Relu_output_0_QuantizeLinear_Output", "onnx::Conv_645_scale", "/segment/S5_4/S5_4.2/dwconv/dwconv.2/Relu_output_0_zero_point"], "opType": "DequantizeLinear", "comment": "@304 [/segment/S5_4/S5_4.2/dwconv/dwconv.2/Relu_output_0_DequantizeLinear_Output:(ty=1,shape=[1,768,16,16])] DequantizeLinear [/segment/S5_4/S5_4.2/dwconv/dwconv.2/Relu_output_0_QuantizeLinear_Output:(ty=2,shape=[1,768,16,16]),onnx::Conv_645_scale:(ty=1,shape=[]),/segment/S5_4/S5_4.2/dwconv/dwconv.2/Relu_output_0_zero_point:(ty=2,shape=[])]", "device": "NPU"}, {"output": ["onnx::Conv_636_DequantizeLinear_Output"], "input": ["onnx::Conv_636_quantized", "/bga/Mul_output_0_scale", "onnx::Conv_636_zero_point"], "opType": "DequantizeLinear", "comment": "@90 [onnx::Conv_636_DequantizeLinear_Output:(ty=1,shape=[128])] DequantizeLinear [onnx::Conv_636_quantized:(ty=3,shape=[128]),/bga/Mul_output_0_scale:(ty=1,shape=[]),onnx::Conv_636_zero_point:(ty=3,shape=[])]", "device": "NPU"}, {"output": ["onnx::Conv_635_DequantizeLinear_Output"], "input": ["onnx::Conv_635_quantized", "onnx::Conv_518_scale", "onnx::Conv_635_zero_point"], "opType": "DequantizeLinear", "comment": "@89 [onnx::Conv_635_DequantizeLinear_Output:(ty=1,shape=[128,768,1,1])] DequantizeLinear [onnx::Conv_635_quantized:(ty=3,shape=[128,768,1,1]),onnx::Conv_518_scale:(ty=1,shape=[]),onnx::Conv_635_zero_point:(ty=3,shape=[])]", "device": "NPU"}, {"output": ["/segment/S5_4/S5_4.2/conv2/conv2.0/Conv_output_0"], "input": ["/segment/S5_4/S5_4.2/dwconv/dwconv.2/Relu_output_0_DequantizeLinear_Output", "onnx::Conv_635_DequantizeLinear_Output", "onnx::Conv_636_DequantizeLinear_Output"], "opType": "Conv", "comment": "@305 [/segment/S5_4/S5_4.2/conv2/conv2.0/Conv_output_0:(ty=1,shape=[1,128,16,16])] Conv [/segment/S5_4/S5_4.2/dwconv/dwconv.2/Relu_output_0_DequantizeLinear_Output:(ty=1,shape=[1,768,16,16]),onnx::Conv_635_DequantizeLinear_Output:(ty=1,shape=[128,768,1,1]),onnx::Conv_636_DequantizeLinear_Output:(ty=1,shape=[128])]", "device": "NPU"}, {"output": ["/segment/S5_4/S5_4.2/conv2/conv2.0/Conv_output_0_QuantizeLinear_Output"], "input": ["/segment/S5_4/S5_4.2/conv2/conv2.0/Conv_output_0", "onnx::Conv_645_scale", "/segment/S5_4/S5_4.2/conv2/conv2.0/Conv_output_0_zero_point"], "opType": "QuantizeLinear", "comment": "@306 [/segment/S5_4/S5_4.2/conv2/conv2.0/Conv_output_0_QuantizeLinear_Output:(ty=2,shape=[1,128,16,16])] QuantizeLinear [/segment/S5_4/S5_4.2/conv2/conv2.0/Conv_output_0:(ty=1,shape=[1,128,16,16]),onnx::Conv_645_scale:(ty=1,shape=[]),/segment/S5_4/S5_4.2/conv2/conv2.0/Conv_output_0_zero_point:(ty=2,shape=[])]", "device": "NPU"}, {"output": ["/segment/S5_4/S5_4.2/conv2/conv2.0/Conv_output_0_DequantizeLinear_Output"], "input": ["/segment/S5_4/S5_4.2/conv2/conv2.0/Conv_output_0_QuantizeLinear_Output", "onnx::Conv_645_scale", "/segment/S5_4/S5_4.2/conv2/conv2.0/Conv_output_0_zero_point"], "opType": "DequantizeLinear", "comment": "@307 [/segment/S5_4/S5_4.2/conv2/conv2.0/Conv_output_0_DequantizeLinear_Output:(ty=1,shape=[1,128,16,16])] DequantizeLinear [/segment/S5_4/S5_4.2/conv2/conv2.0/Conv_output_0_QuantizeLinear_Output:(ty=2,shape=[1,128,16,16]),onnx::Conv_645_scale:(ty=1,shape=[]),/segment/S5_4/S5_4.2/conv2/conv2.0/Conv_output_0_zero_point:(ty=2,shape=[])]", "device": "NPU"}, {"output": ["/segment/S5_4/S5_4.2/Add_output_0"], "input": ["/segment/S5_4/S5_4.2/conv2/conv2.0/Conv_output_0_DequantizeLinear_Output", "/segment/S5_4/S5_4.1/relu/Relu_output_0_DequantizeLinear_Output/duplicated"], "opType": "Add", "comment": "@308 [/segment/S5_4/S5_4.2/Add_output_0:(ty=1,shape=[1,128,16,16])] Add [/segment/S5_4/S5_4.2/conv2/conv2.0/Conv_output_0_DequantizeLinear_Output:(ty=1,shape=[1,128,16,16]),/segment/S5_4/S5_4.1/relu/Relu_output_0_DequantizeLinear_Output/duplicated:(ty=1,shape=[1,128,16,16])]", "device": "NPU"}, {"output": ["/segment/S5_4/S5_4.2/relu/Relu_output_0"], "input": ["/segment/S5_4/S5_4.2/Add_output_0"], "opType": "Relu", "comment": "@309 [/segment/S5_4/S5_4.2/relu/Relu_output_0:(ty=1,shape=[1,128,16,16])] Relu [/segment/S5_4/S5_4.2/Add_output_0:(ty=1,shape=[1,128,16,16])]", "device": "NPU"}, {"output": ["/segment/S5_4/S5_4.2/relu/Relu_output_0_QuantizeLinear_Output"], "input": ["/segment/S5_4/S5_4.2/relu/Relu_output_0", "/segment/S1S2/left/left.0/relu/Relu_output_0_scale", "/segment/S5_4/S5_4.2/relu/Relu_output_0_zero_point"], "opType": "QuantizeLinear", "comment": "@310 [/segment/S5_4/S5_4.2/relu/Relu_output_0_QuantizeLinear_Output:(ty=2,shape=[1,128,16,16])] QuantizeLinear [/segment/S5_4/S5_4.2/relu/Relu_output_0:(ty=1,shape=[1,128,16,16]),/segment/S1S2/left/left.0/relu/Relu_output_0_scale:(ty=1,shape=[]),/segment/S5_4/S5_4.2/relu/Relu_output_0_zero_point:(ty=2,shape=[])]", "device": "NPU"}, {"output": ["/segment/S5_4/S5_4.2/relu/Relu_output_0_DequantizeLinear_Output/duplicated"], "input": ["/segment/S5_4/S5_4.2/relu/Relu_output_0_QuantizeLinear_Output", "/segment/S1S2/left/left.0/relu/Relu_output_0_scale", "/segment/S5_4/S5_4.2/relu/Relu_output_0_zero_point"], "opType": "DequantizeLinear", "comment": "@401 [/segment/S5_4/S5_4.2/relu/Relu_output_0_DequantizeLinear_Output/duplicated:(ty=1,shape=[1,128,16,16])] DequantizeLinear [/segment/S5_4/S5_4.2/relu/Relu_output_0_QuantizeLinear_Output:(ty=2,shape=[1,128,16,16]),/segment/S1S2/left/left.0/relu/Relu_output_0_scale:(ty=1,shape=[]),/segment/S5_4/S5_4.2/relu/Relu_output_0_zero_point:(ty=2,shape=[])]", "device": "NPU"}, {"output": ["/segment/S5_4/S5_4.2/relu/Relu_output_0_DequantizeLinear_Output"], "input": ["/segment/S5_4/S5_4.2/relu/Relu_output_0_QuantizeLinear_Output", "/segment/S1S2/left/left.0/relu/Relu_output_0_scale", "/segment/S5_4/S5_4.2/relu/Relu_output_0_zero_point"], "opType": "DequantizeLinear", "comment": "@311 [/segment/S5_4/S5_4.2/relu/Relu_output_0_DequantizeLinear_Output:(ty=1,shape=[1,128,16,16])] DequantizeLinear [/segment/S5_4/S5_4.2/relu/Relu_output_0_QuantizeLinear_Output:(ty=2,shape=[1,128,16,16]),/segment/S1S2/left/left.0/relu/Relu_output_0_scale:(ty=1,shape=[]),/segment/S5_4/S5_4.2/relu/Relu_output_0_zero_point:(ty=2,shape=[])]", "device": "NPU"}, {"output": ["onnx::Conv_639_DequantizeLinear_Output"], "input": ["onnx::Conv_639_quantized", "image_scale", "onnx::Conv_639_zero_point"], "opType": "DequantizeLinear", "comment": "@92 [onnx::Conv_639_DequantizeLinear_Output:(ty=1,shape=[128])] DequantizeLinear [onnx::Conv_639_quantized:(ty=3,shape=[128]),image_scale:(ty=1,shape=[]),onnx::Conv_639_zero_point:(ty=3,shape=[])]", "device": "NPU"}, {"output": ["onnx::Conv_638_DequantizeLinear_Output"], "input": ["onnx::Conv_638_quantized", "head.conv_out.weight_scale", "onnx::Conv_638_zero_point"], "opType": "DequantizeLinear", "comment": "@91 [onnx::Conv_638_DequantizeLinear_Output:(ty=1,shape=[128,128,3,3])] DequantizeLinear [onnx::Conv_638_quantized:(ty=3,shape=[128,128,3,3]),head.conv_out.weight_scale:(ty=1,shape=[]),onnx::Conv_638_zero_point:(ty=3,shape=[])]", "device": "NPU"}, {"output": ["/segment/S5_4/S5_4.3/conv1/conv/Conv_output_0"], "input": ["/segment/S5_4/S5_4.2/relu/Relu_output_0_DequantizeLinear_Output", "onnx::Conv_638_DequantizeLinear_Output", "onnx::Conv_639_DequantizeLinear_Output"], "opType": "Conv", "comment": "@312 [/segment/S5_4/S5_4.3/conv1/conv/Conv_output_0:(ty=1,shape=[1,128,16,16])] Conv [/segment/S5_4/S5_4.2/relu/Relu_output_0_DequantizeLinear_Output:(ty=1,shape=[1,128,16,16]),onnx::Conv_638_DequantizeLinear_Output:(ty=1,shape=[128,128,3,3]),onnx::Conv_639_DequantizeLinear_Output:(ty=1,shape=[128])]", "device": "NPU"}, {"output": ["/segment/S5_4/S5_4.3/conv1/relu/Relu_output_0"], "input": ["/segment/S5_4/S5_4.3/conv1/conv/Conv_output_0"], "opType": "Relu", "comment": "@313 [/segment/S5_4/S5_4.3/conv1/relu/Relu_output_0:(ty=1,shape=[1,128,16,16])] Relu [/segment/S5_4/S5_4.3/conv1/conv/Conv_output_0:(ty=1,shape=[1,128,16,16])]", "device": "NPU"}, {"output": ["/segment/S5_4/S5_4.3/conv1/relu/Relu_output_0_QuantizeLinear_Output"], "input": ["/segment/S5_4/S5_4.3/conv1/relu/Relu_output_0", "onnx::Conv_645_scale", "/segment/S5_4/S5_4.3/conv1/relu/Relu_output_0_zero_point"], "opType": "QuantizeLinear", "comment": "@314 [/segment/S5_4/S5_4.3/conv1/relu/Relu_output_0_QuantizeLinear_Output:(ty=2,shape=[1,128,16,16])] QuantizeLinear [/segment/S5_4/S5_4.3/conv1/relu/Relu_output_0:(ty=1,shape=[1,128,16,16]),onnx::Conv_645_scale:(ty=1,shape=[]),/segment/S5_4/S5_4.3/conv1/relu/Relu_output_0_zero_point:(ty=2,shape=[])]", "device": "NPU"}, {"output": ["/segment/S5_4/S5_4.3/conv1/relu/Relu_output_0_DequantizeLinear_Output"], "input": ["/segment/S5_4/S5_4.3/conv1/relu/Relu_output_0_QuantizeLinear_Output", "onnx::Conv_645_scale", "/segment/S5_4/S5_4.3/conv1/relu/Relu_output_0_zero_point"], "opType": "DequantizeLinear", "comment": "@315 [/segment/S5_4/S5_4.3/conv1/relu/Relu_output_0_DequantizeLinear_Output:(ty=1,shape=[1,128,16,16])] DequantizeLinear [/segment/S5_4/S5_4.3/conv1/relu/Relu_output_0_QuantizeLinear_Output:(ty=2,shape=[1,128,16,16]),onnx::Conv_645_scale:(ty=1,shape=[]),/segment/S5_4/S5_4.3/conv1/relu/Relu_output_0_zero_point:(ty=2,shape=[])]", "device": "NPU"}, {"output": ["onnx::Conv_642_DequantizeLinear_Output"], "input": ["onnx::Conv_642_quantized", "/bga/Mul_output_0_scale", "onnx::Conv_642_zero_point"], "opType": "DequantizeLinear", "comment": "@94 [onnx::Conv_642_DequantizeLinear_Output:(ty=1,shape=[768])] DequantizeLinear [onnx::Conv_642_quantized:(ty=3,shape=[768]),/bga/Mul_output_0_scale:(ty=1,shape=[]),onnx::Conv_642_zero_point:(ty=3,shape=[])]", "device": "NPU"}, {"output": ["onnx::Conv_641_DequantizeLinear_Output"], "input": ["onnx::Conv_641_quantized", "/bga/Mul_output_0_scale", "onnx::Conv_641_zero_point"], "opType": "DequantizeLinear", "comment": "@93 [onnx::Conv_641_DequantizeLinear_Output:(ty=1,shape=[768,1,3,3])] DequantizeLinear [onnx::Conv_641_quantized:(ty=3,shape=[768,1,3,3]),/bga/Mul_output_0_scale:(ty=1,shape=[]),onnx::Conv_641_zero_point:(ty=3,shape=[])]", "device": "NPU"}, {"output": ["/segment/S5_4/S5_4.3/dwconv/dwconv.0/Conv_output_0"], "input": ["/segment/S5_4/S5_4.3/conv1/relu/Relu_output_0_DequantizeLinear_Output", "onnx::Conv_641_DequantizeLinear_Output", "onnx::Conv_642_DequantizeLinear_Output"], "opType": "Conv", "comment": "@316 [/segment/S5_4/S5_4.3/dwconv/dwconv.0/Conv_output_0:(ty=1,shape=[1,768,16,16])] Conv [/segment/S5_4/S5_4.3/conv1/relu/Relu_output_0_DequantizeLinear_Output:(ty=1,shape=[1,128,16,16]),onnx::Conv_641_DequantizeLinear_Output:(ty=1,shape=[768,1,3,3]),onnx::Conv_642_DequantizeLinear_Output:(ty=1,shape=[768])]", "device": "NPU"}, {"output": ["/segment/S5_4/S5_4.3/dwconv/dwconv.2/Relu_output_0"], "input": ["/segment/S5_4/S5_4.3/dwconv/dwconv.0/Conv_output_0"], "opType": "Relu", "comment": "@317 [/segment/S5_4/S5_4.3/dwconv/dwconv.2/Relu_output_0:(ty=1,shape=[1,768,16,16])] Relu [/segment/S5_4/S5_4.3/dwconv/dwconv.0/Conv_output_0:(ty=1,shape=[1,768,16,16])]", "device": "NPU"}, {"output": ["/segment/S5_4/S5_4.3/dwconv/dwconv.2/Relu_output_0_QuantizeLinear_Output"], "input": ["/segment/S5_4/S5_4.3/dwconv/dwconv.2/Relu_output_0", "/bga/Mul_output_0_scale", "/segment/S5_4/S5_4.3/dwconv/dwconv.2/Relu_output_0_zero_point"], "opType": "QuantizeLinear", "comment": "@318 [/segment/S5_4/S5_4.3/dwconv/dwconv.2/Relu_output_0_QuantizeLinear_Output:(ty=2,shape=[1,768,16,16])] QuantizeLinear [/segment/S5_4/S5_4.3/dwconv/dwconv.2/Relu_output_0:(ty=1,shape=[1,768,16,16]),/bga/Mul_output_0_scale:(ty=1,shape=[]),/segment/S5_4/S5_4.3/dwconv/dwconv.2/Relu_output_0_zero_point:(ty=2,shape=[])]", "device": "NPU"}, {"output": ["/segment/S5_4/S5_4.3/dwconv/dwconv.2/Relu_output_0_DequantizeLinear_Output"], "input": ["/segment/S5_4/S5_4.3/dwconv/dwconv.2/Relu_output_0_QuantizeLinear_Output", "/bga/Mul_output_0_scale", "/segment/S5_4/S5_4.3/dwconv/dwconv.2/Relu_output_0_zero_point"], "opType": "DequantizeLinear", "comment": "@319 [/segment/S5_4/S5_4.3/dwconv/dwconv.2/Relu_output_0_DequantizeLinear_Output:(ty=1,shape=[1,768,16,16])] DequantizeLinear [/segment/S5_4/S5_4.3/dwconv/dwconv.2/Relu_output_0_QuantizeLinear_Output:(ty=2,shape=[1,768,16,16]),/bga/Mul_output_0_scale:(ty=1,shape=[]),/segment/S5_4/S5_4.3/dwconv/dwconv.2/Relu_output_0_zero_point:(ty=2,shape=[])]", "device": "NPU"}, {"output": ["onnx::Conv_645_DequantizeLinear_Output"], "input": ["onnx::Conv_645_quantized", "onnx::Conv_645_scale", "onnx::Conv_645_zero_point"], "opType": "DequantizeLinear", "comment": "@96 [onnx::Conv_645_DequantizeLinear_Output:(ty=1,shape=[128])] DequantizeLinear [onnx::Conv_645_quantized:(ty=3,shape=[128]),onnx::Conv_645_scale:(ty=1,shape=[]),onnx::Conv_645_zero_point:(ty=3,shape=[])]", "device": "NPU"}, {"output": ["onnx::Conv_644_DequantizeLinear_Output"], "input": ["onnx::Conv_644_quantized", "onnx::Conv_581_scale", "onnx::Conv_644_zero_point"], "opType": "DequantizeLinear", "comment": "@95 [onnx::Conv_644_DequantizeLinear_Output:(ty=1,shape=[128,768,1,1])] DequantizeLinear [onnx::Conv_644_quantized:(ty=3,shape=[128,768,1,1]),onnx::Conv_581_scale:(ty=1,shape=[]),onnx::Conv_644_zero_point:(ty=3,shape=[])]", "device": "NPU"}, {"output": ["/segment/S5_4/S5_4.3/conv2/conv2.0/Conv_output_0"], "input": ["/segment/S5_4/S5_4.3/dwconv/dwconv.2/Relu_output_0_DequantizeLinear_Output", "onnx::Conv_644_DequantizeLinear_Output", "onnx::Conv_645_DequantizeLinear_Output"], "opType": "Conv", "comment": "@320 [/segment/S5_4/S5_4.3/conv2/conv2.0/Conv_output_0:(ty=1,shape=[1,128,16,16])] Conv [/segment/S5_4/S5_4.3/dwconv/dwconv.2/Relu_output_0_DequantizeLinear_Output:(ty=1,shape=[1,768,16,16]),onnx::Conv_644_DequantizeLinear_Output:(ty=1,shape=[128,768,1,1]),onnx::Conv_645_DequantizeLinear_Output:(ty=1,shape=[128])]", "device": "NPU"}, {"output": ["/segment/S5_4/S5_4.3/conv2/conv2.0/Conv_output_0_QuantizeLinear_Output"], "input": ["/segment/S5_4/S5_4.3/conv2/conv2.0/Conv_output_0", "/segment/S1S2/left/left.0/relu/Relu_output_0_scale", "/segment/S5_4/S5_4.3/conv2/conv2.0/Conv_output_0_zero_point"], "opType": "QuantizeLinear", "comment": "@321 [/segment/S5_4/S5_4.3/conv2/conv2.0/Conv_output_0_QuantizeLinear_Output:(ty=2,shape=[1,128,16,16])] QuantizeLinear [/segment/S5_4/S5_4.3/conv2/conv2.0/Conv_output_0:(ty=1,shape=[1,128,16,16]),/segment/S1S2/left/left.0/relu/Relu_output_0_scale:(ty=1,shape=[]),/segment/S5_4/S5_4.3/conv2/conv2.0/Conv_output_0_zero_point:(ty=2,shape=[])]", "device": "NPU"}, {"output": ["/segment/S5_4/S5_4.3/conv2/conv2.0/Conv_output_0_DequantizeLinear_Output"], "input": ["/segment/S5_4/S5_4.3/conv2/conv2.0/Conv_output_0_QuantizeLinear_Output", "/segment/S1S2/left/left.0/relu/Relu_output_0_scale", "/segment/S5_4/S5_4.3/conv2/conv2.0/Conv_output_0_zero_point"], "opType": "DequantizeLinear", "comment": "@322 [/segment/S5_4/S5_4.3/conv2/conv2.0/Conv_output_0_DequantizeLinear_Output:(ty=1,shape=[1,128,16,16])] DequantizeLinear [/segment/S5_4/S5_4.3/conv2/conv2.0/Conv_output_0_QuantizeLinear_Output:(ty=2,shape=[1,128,16,16]),/segment/S1S2/left/left.0/relu/Relu_output_0_scale:(ty=1,shape=[]),/segment/S5_4/S5_4.3/conv2/conv2.0/Conv_output_0_zero_point:(ty=2,shape=[])]", "device": "NPU"}, {"output": ["/segment/S5_4/S5_4.3/Add_output_0"], "input": ["/segment/S5_4/S5_4.3/conv2/conv2.0/Conv_output_0_DequantizeLinear_Output", "/segment/S5_4/S5_4.2/relu/Relu_output_0_DequantizeLinear_Output/duplicated"], "opType": "Add", "comment": "@323 [/segment/S5_4/S5_4.3/Add_output_0:(ty=1,shape=[1,128,16,16])] Add [/segment/S5_4/S5_4.3/conv2/conv2.0/Conv_output_0_DequantizeLinear_Output:(ty=1,shape=[1,128,16,16]),/segment/S5_4/S5_4.2/relu/Relu_output_0_DequantizeLinear_Output/duplicated:(ty=1,shape=[1,128,16,16])]", "device": "NPU"}, {"output": ["/segment/S5_4/S5_4.3/relu/Relu_output_0"], "input": ["/segment/S5_4/S5_4.3/Add_output_0"], "opType": "Relu", "comment": "@324 [/segment/S5_4/S5_4.3/relu/Relu_output_0:(ty=1,shape=[1,128,16,16])] Relu [/segment/S5_4/S5_4.3/Add_output_0:(ty=1,shape=[1,128,16,16])]", "device": "NPU"}, {"output": ["/segment/S5_4/S5_4.3/relu/Relu_output_0_QuantizeLinear_Output"], "input": ["/segment/S5_4/S5_4.3/relu/Relu_output_0", "/segment/S1S2/left/left.0/relu/Relu_output_0_scale", "/segment/S5_4/S5_4.3/relu/Relu_output_0_zero_point"], "opType": "QuantizeLinear", "comment": "@325 [/segment/S5_4/S5_4.3/relu/Relu_output_0_QuantizeLinear_Output:(ty=2,shape=[1,128,16,16])] QuantizeLinear [/segment/S5_4/S5_4.3/relu/Relu_output_0:(ty=1,shape=[1,128,16,16]),/segment/S1S2/left/left.0/relu/Relu_output_0_scale:(ty=1,shape=[]),/segment/S5_4/S5_4.3/relu/Relu_output_0_zero_point:(ty=2,shape=[])]", "device": "NPU"}, {"output": ["/segment/S5_4/S5_4.3/relu/Relu_output_0_DequantizeLinear_Output/duplicated"], "input": ["/segment/S5_4/S5_4.3/relu/Relu_output_0_QuantizeLinear_Output", "/segment/S1S2/left/left.0/relu/Relu_output_0_scale", "/segment/S5_4/S5_4.3/relu/Relu_output_0_zero_point"], "opType": "DequantizeLinear", "comment": "@402 [/segment/S5_4/S5_4.3/relu/Relu_output_0_DequantizeLinear_Output/duplicated:(ty=1,shape=[1,128,16,16])] DequantizeLinear [/segment/S5_4/S5_4.3/relu/Relu_output_0_QuantizeLinear_Output:(ty=2,shape=[1,128,16,16]),/segment/S1S2/left/left.0/relu/Relu_output_0_scale:(ty=1,shape=[]),/segment/S5_4/S5_4.3/relu/Relu_output_0_zero_point:(ty=2,shape=[])]", "device": "NPU"}, {"output": ["/segment/S5_4/S5_4.3/relu/Relu_output_0_DequantizeLinear_Output"], "input": ["/segment/S5_4/S5_4.3/relu/Relu_output_0_QuantizeLinear_Output", "/segment/S1S2/left/left.0/relu/Relu_output_0_scale", "/segment/S5_4/S5_4.3/relu/Relu_output_0_zero_point"], "opType": "DequantizeLinear", "comment": "@326 [/segment/S5_4/S5_4.3/relu/Relu_output_0_DequantizeLinear_Output:(ty=1,shape=[1,128,16,16])] DequantizeLinear [/segment/S5_4/S5_4.3/relu/Relu_output_0_QuantizeLinear_Output:(ty=2,shape=[1,128,16,16]),/segment/S1S2/left/left.0/relu/Relu_output_0_scale:(ty=1,shape=[]),/segment/S5_4/S5_4.3/relu/Relu_output_0_zero_point:(ty=2,shape=[])]", "device": "NPU"}, {"output": ["/segment/S5_5/ReduceMean_output_0_Mul"], "input": ["/segment/S5_4/S5_4.3/relu/Relu_output_0_DequantizeLinear_Output"], "opType": "GlobalAveragePool", "comment": "@327 [/segment/S5_5/ReduceMean_output_0_Mul:(ty=1,shape=[1,128,1,1])] GlobalAveragePool [/segment/S5_4/S5_4.3/relu/Relu_output_0_DequantizeLinear_Output:(ty=1,shape=[1,128,16,16])]", "device": "NPU"}, {"output": ["/segment/S5_5/ReduceMean_output_0_QuantizeLinear_Output"], "input": ["/segment/S5_5/ReduceMean_output_0_Mul", "/segment/S1S2/left/left.0/relu/Relu_output_0_scale", "/segment/S5_5/ReduceMean_output_0_zero_point"], "opType": "QuantizeLinear", "comment": "@328 [/segment/S5_5/ReduceMean_output_0_QuantizeLinear_Output:(ty=2,shape=[1,128,1,1])] QuantizeLinear [/segment/S5_5/ReduceMean_output_0_Mul:(ty=1,shape=[1,128,1,1]),/segment/S1S2/left/left.0/relu/Relu_output_0_scale:(ty=1,shape=[]),/segment/S5_5/ReduceMean_output_0_zero_point:(ty=2,shape=[])]", "device": "NPU"}, {"output": ["/segment/S5_5/ReduceMean_output_0_DequantizeLinear_Output"], "input": ["/segment/S5_5/ReduceMean_output_0_QuantizeLinear_Output", "/segment/S1S2/left/left.0/relu/Relu_output_0_scale", "/segment/S5_5/ReduceMean_output_0_zero_point"], "opType": "DequantizeLinear", "comment": "@329 [/segment/S5_5/ReduceMean_output_0_DequantizeLinear_Output:(ty=1,shape=[1,128,1,1])] DequantizeLinear [/segment/S5_5/ReduceMean_output_0_QuantizeLinear_Output:(ty=2,shape=[1,128,1,1]),/segment/S1S2/left/left.0/relu/Relu_output_0_scale:(ty=1,shape=[]),/segment/S5_5/ReduceMean_output_0_zero_point:(ty=2,shape=[])]", "device": "NPU"}, {"output": ["/segment/S5_5/bn/BatchNormalization_output_0weights_DequantizeLinear_Output"], "input": ["/segment/S5_5/bn/BatchNormalization_output_0weights_quantized", "/segment/S1S2/left/left.0/relu/Relu_output_0_scale", "/segment/S5_5/bn/BatchNormalization_output_0weights_zero_point"], "opType": "DequantizeLinear", "comment": "@1 [/segment/S5_5/bn/BatchNormalization_output_0weights_DequantizeLinear_Output:(ty=1,shape=[128,1,1,1])] DequantizeLinear [/segment/S5_5/bn/BatchNormalization_output_0weights_quantized:(ty=3,shape=[128,1,1,1]),/segment/S1S2/left/left.0/relu/Relu_output_0_scale:(ty=1,shape=[]),/segment/S5_5/bn/BatchNormalization_output_0weights_zero_point:(ty=3,shape=[])]", "device": "NPU"}, {"output": ["/segment/S5_5/bn/BatchNormalization_output_0bias_DequantizeLinear_Output"], "input": ["/segment/S5_5/bn/BatchNormalization_output_0bias_quantized", "/segment/S1S2/left/left.0/relu/Relu_output_0_scale", "/segment/S5_5/bn/BatchNormalization_output_0bias_zero_point"], "opType": "DequantizeLinear", "comment": "@0 [/segment/S5_5/bn/BatchNormalization_output_0bias_DequantizeLinear_Output:(ty=1,shape=[128])] DequantizeLinear [/segment/S5_5/bn/BatchNormalization_output_0bias_quantized:(ty=3,shape=[128]),/segment/S1S2/left/left.0/relu/Relu_output_0_scale:(ty=1,shape=[]),/segment/S5_5/bn/BatchNormalization_output_0bias_zero_point:(ty=3,shape=[])]", "device": "NPU"}, {"output": ["/segment/S5_5/bn/BatchNormalization_output_0"], "input": ["/segment/S5_5/ReduceMean_output_0_DequantizeLinear_Output", "/segment/S5_5/bn/BatchNormalization_output_0weights_DequantizeLinear_Output", "/segment/S5_5/bn/BatchNormalization_output_0bias_DequantizeLinear_Output"], "opType": "Conv", "comment": "@330 [/segment/S5_5/bn/BatchNormalization_output_0:(ty=1,shape=[1,128,1,1])] Conv [/segment/S5_5/ReduceMean_output_0_DequantizeLinear_Output:(ty=1,shape=[1,128,1,1]),/segment/S5_5/bn/BatchNormalization_output_0weights_DequantizeLinear_Output:(ty=1,shape=[128,1,1,1]),/segment/S5_5/bn/BatchNormalization_output_0bias_DequantizeLinear_Output:(ty=1,shape=[128])]", "device": "NPU"}, {"output": ["/segment/S5_5/bn/BatchNormalization_output_0_QuantizeLinear_Output"], "input": ["/segment/S5_5/bn/BatchNormalization_output_0", "/detail/S2/S2.0/relu/Relu_output_0_scale", "/segment/S5_5/bn/BatchNormalization_output_0_zero_point"], "opType": "QuantizeLinear", "comment": "@331 [/segment/S5_5/bn/BatchNormalization_output_0_QuantizeLinear_Output:(ty=2,shape=[1,128,1,1])] QuantizeLinear [/segment/S5_5/bn/BatchNormalization_output_0:(ty=1,shape=[1,128,1,1]),/detail/S2/S2.0/relu/Relu_output_0_scale:(ty=1,shape=[]),/segment/S5_5/bn/BatchNormalization_output_0_zero_point:(ty=2,shape=[])]", "device": "NPU"}, {"output": ["/segment/S5_5/bn/BatchNormalization_output_0_DequantizeLinear_Output"], "input": ["/segment/S5_5/bn/BatchNormalization_output_0_QuantizeLinear_Output", "/detail/S2/S2.0/relu/Relu_output_0_scale", "/segment/S5_5/bn/BatchNormalization_output_0_zero_point"], "opType": "DequantizeLinear", "comment": "@332 [/segment/S5_5/bn/BatchNormalization_output_0_DequantizeLinear_Output:(ty=1,shape=[1,128,1,1])] DequantizeLinear [/segment/S5_5/bn/BatchNormalization_output_0_QuantizeLinear_Output:(ty=2,shape=[1,128,1,1]),/detail/S2/S2.0/relu/Relu_output_0_scale:(ty=1,shape=[]),/segment/S5_5/bn/BatchNormalization_output_0_zero_point:(ty=2,shape=[])]", "device": "NPU"}, {"output": ["onnx::Conv_648_DequantizeLinear_Output"], "input": ["onnx::Conv_648_quantized", "onnx::Conv_645_scale", "onnx::Conv_648_zero_point"], "opType": "DequantizeLinear", "comment": "@98 [onnx::Conv_648_DequantizeLinear_Output:(ty=1,shape=[128])] DequantizeLinear [onnx::Conv_648_quantized:(ty=3,shape=[128]),onnx::Conv_645_scale:(ty=1,shape=[]),onnx::Conv_648_zero_point:(ty=3,shape=[])]", "device": "NPU"}, {"output": ["onnx::Conv_647_DequantizeLinear_Output"], "input": ["onnx::Conv_647_quantized", "bga.right2.2.weight_scale", "onnx::Conv_647_zero_point"], "opType": "DequantizeLinear", "comment": "@97 [onnx::Conv_647_DequantizeLinear_Output:(ty=1,shape=[128,128,1,1])] DequantizeLinear [onnx::Conv_647_quantized:(ty=3,shape=[128,128,1,1]),bga.right2.2.weight_scale:(ty=1,shape=[]),onnx::Conv_647_zero_point:(ty=3,shape=[])]", "device": "NPU"}, {"output": ["/segment/S5_5/conv_gap/conv/Conv_output_0"], "input": ["/segment/S5_5/bn/BatchNormalization_output_0_DequantizeLinear_Output", "onnx::Conv_647_DequantizeLinear_Output", "onnx::Conv_648_DequantizeLinear_Output"], "opType": "Conv", "comment": "@333 [/segment/S5_5/conv_gap/conv/Conv_output_0:(ty=1,shape=[1,128,1,1])] Conv [/segment/S5_5/bn/BatchNormalization_output_0_DequantizeLinear_Output:(ty=1,shape=[1,128,1,1]),onnx::Conv_647_DequantizeLinear_Output:(ty=1,shape=[128,128,1,1]),onnx::Conv_648_DequantizeLinear_Output:(ty=1,shape=[128])]", "device": "NPU"}, {"output": ["/segment/S5_5/conv_gap/relu/Relu_output_0"], "input": ["/segment/S5_5/conv_gap/conv/Conv_output_0"], "opType": "Relu", "comment": "@334 [/segment/S5_5/conv_gap/relu/Relu_output_0:(ty=1,shape=[1,128,1,1])] Relu [/segment/S5_5/conv_gap/conv/Conv_output_0:(ty=1,shape=[1,128,1,1])]", "device": "NPU"}, {"output": ["/segment/S5_5/conv_gap/relu/Relu_output_0_QuantizeLinear_Output"], "input": ["/segment/S5_5/conv_gap/relu/Relu_output_0", "/segment/S1S2/left/left.0/relu/Relu_output_0_scale", "/segment/S5_5/conv_gap/relu/Relu_output_0_zero_point"], "opType": "QuantizeLinear", "comment": "@335 [/segment/S5_5/conv_gap/relu/Relu_output_0_QuantizeLinear_Output:(ty=2,shape=[1,128,1,1])] QuantizeLinear [/segment/S5_5/conv_gap/relu/Relu_output_0:(ty=1,shape=[1,128,1,1]),/segment/S1S2/left/left.0/relu/Relu_output_0_scale:(ty=1,shape=[]),/segment/S5_5/conv_gap/relu/Relu_output_0_zero_point:(ty=2,shape=[])]", "device": "NPU"}, {"output": ["/segment/S5_5/conv_gap/relu/Relu_output_0_DequantizeLinear_Output"], "input": ["/segment/S5_5/conv_gap/relu/Relu_output_0_QuantizeLinear_Output", "/segment/S1S2/left/left.0/relu/Relu_output_0_scale", "/segment/S5_5/conv_gap/relu/Relu_output_0_zero_point"], "opType": "DequantizeLinear", "comment": "@336 [/segment/S5_5/conv_gap/relu/Relu_output_0_DequantizeLinear_Output:(ty=1,shape=[1,128,1,1])] DequantizeLinear [/segment/S5_5/conv_gap/relu/Relu_output_0_QuantizeLinear_Output:(ty=2,shape=[1,128,1,1]),/segment/S1S2/left/left.0/relu/Relu_output_0_scale:(ty=1,shape=[]),/segment/S5_5/conv_gap/relu/Relu_output_0_zero_point:(ty=2,shape=[])]", "device": "NPU"}, {"output": ["/segment/S5_5/Add_output_0"], "input": ["/segment/S5_5/conv_gap/relu/Relu_output_0_DequantizeLinear_Output", "/segment/S5_4/S5_4.3/relu/Relu_output_0_DequantizeLinear_Output/duplicated"], "opType": "Add", "comment": "@337 [/segment/S5_5/Add_output_0:(ty=1,shape=[1,128,16,16])] Add [/segment/S5_5/conv_gap/relu/Relu_output_0_DequantizeLinear_Output:(ty=1,shape=[1,128,1,1]),/segment/S5_4/S5_4.3/relu/Relu_output_0_DequantizeLinear_Output/duplicated:(ty=1,shape=[1,128,16,16])]", "device": "NPU"}, {"output": ["/segment/S5_5/Add_output_0_QuantizeLinear_Output"], "input": ["/segment/S5_5/Add_output_0", "/segment/S1S2/left/left.0/relu/Relu_output_0_scale", "/segment/S5_5/Add_output_0_zero_point"], "opType": "QuantizeLinear", "comment": "@338 [/segment/S5_5/Add_output_0_QuantizeLinear_Output:(ty=2,shape=[1,128,16,16])] QuantizeLinear [/segment/S5_5/Add_output_0:(ty=1,shape=[1,128,16,16]),/segment/S1S2/left/left.0/relu/Relu_output_0_scale:(ty=1,shape=[]),/segment/S5_5/Add_output_0_zero_point:(ty=2,shape=[])]", "device": "NPU"}, {"output": ["/segment/S5_5/Add_output_0_DequantizeLinear_Output"], "input": ["/segment/S5_5/Add_output_0_QuantizeLinear_Output", "/segment/S1S2/left/left.0/relu/Relu_output_0_scale", "/segment/S5_5/Add_output_0_zero_point"], "opType": "DequantizeLinear", "comment": "@339 [/segment/S5_5/Add_output_0_DequantizeLinear_Output:(ty=1,shape=[1,128,16,16])] DequantizeLinear [/segment/S5_5/Add_output_0_QuantizeLinear_Output:(ty=2,shape=[1,128,16,16]),/segment/S1S2/left/left.0/relu/Relu_output_0_scale:(ty=1,shape=[]),/segment/S5_5/Add_output_0_zero_point:(ty=2,shape=[])]", "device": "NPU"}, {"output": ["onnx::Conv_651_DequantizeLinear_Output"], "input": ["onnx::Conv_651_quantized", "onnx::Conv_645_scale", "onnx::Conv_651_zero_point"], "opType": "DequantizeLinear", "comment": "@100 [onnx::Conv_651_DequantizeLinear_Output:(ty=1,shape=[128])] DequantizeLinear [onnx::Conv_651_quantized:(ty=3,shape=[128]),onnx::Conv_645_scale:(ty=1,shape=[]),onnx::Conv_651_zero_point:(ty=3,shape=[])]", "device": "NPU"}, {"output": ["onnx::Conv_650_DequantizeLinear_Output"], "input": ["onnx::Conv_650_quantized", "onnx::Conv_602_scale", "onnx::Conv_650_zero_point"], "opType": "DequantizeLinear", "comment": "@99 [onnx::Conv_650_DequantizeLinear_Output:(ty=1,shape=[128,128,3,3])] DequantizeLinear [onnx::Conv_650_quantized:(ty=3,shape=[128,128,3,3]),onnx::Conv_602_scale:(ty=1,shape=[]),onnx::Conv_650_zero_point:(ty=3,shape=[])]", "device": "NPU"}, {"output": ["/segment/S5_5/conv_last/conv/Conv_output_0"], "input": ["/segment/S5_5/Add_output_0_DequantizeLinear_Output", "onnx::Conv_650_DequantizeLinear_Output", "onnx::Conv_651_DequantizeLinear_Output"], "opType": "Conv", "comment": "@340 [/segment/S5_5/conv_last/conv/Conv_output_0:(ty=1,shape=[1,128,16,16])] Conv [/segment/S5_5/Add_output_0_DequantizeLinear_Output:(ty=1,shape=[1,128,16,16]),onnx::Conv_650_DequantizeLinear_Output:(ty=1,shape=[128,128,3,3]),onnx::Conv_651_DequantizeLinear_Output:(ty=1,shape=[128])]", "device": "NPU"}, {"output": ["/segment/S5_5/conv_last/relu/Relu_output_0"], "input": ["/segment/S5_5/conv_last/conv/Conv_output_0"], "opType": "Relu", "comment": "@341 [/segment/S5_5/conv_last/relu/Relu_output_0:(ty=1,shape=[1,128,16,16])] Relu [/segment/S5_5/conv_last/conv/Conv_output_0:(ty=1,shape=[1,128,16,16])]", "device": "NPU"}, {"output": ["/segment/S5_5/conv_last/relu/Relu_output_0_QuantizeLinear_Output"], "input": ["/segment/S5_5/conv_last/relu/Relu_output_0", "onnx::Conv_645_scale", "/segment/S5_5/conv_last/relu/Relu_output_0_zero_point"], "opType": "QuantizeLinear", "comment": "@342 [/segment/S5_5/conv_last/relu/Relu_output_0_QuantizeLinear_Output:(ty=2,shape=[1,128,16,16])] QuantizeLinear [/segment/S5_5/conv_last/relu/Relu_output_0:(ty=1,shape=[1,128,16,16]),onnx::Conv_645_scale:(ty=1,shape=[]),/segment/S5_5/conv_last/relu/Relu_output_0_zero_point:(ty=2,shape=[])]", "device": "NPU"}, {"output": ["/segment/S5_5/conv_last/relu/Relu_output_0_DequantizeLinear_Output/duplicated"], "input": ["/segment/S5_5/conv_last/relu/Relu_output_0_QuantizeLinear_Output", "onnx::Conv_645_scale", "/segment/S5_5/conv_last/relu/Relu_output_0_zero_point"], "opType": "DequantizeLinear", "comment": "@403 [/segment/S5_5/conv_last/relu/Relu_output_0_DequantizeLinear_Output/duplicated:(ty=1,shape=[1,128,16,16])] DequantizeLinear [/segment/S5_5/conv_last/relu/Relu_output_0_QuantizeLinear_Output:(ty=2,shape=[1,128,16,16]),onnx::Conv_645_scale:(ty=1,shape=[]),/segment/S5_5/conv_last/relu/Relu_output_0_zero_point:(ty=2,shape=[])]", "device": "NPU"}, {"output": ["onnx::Conv_663_DequantizeLinear_Output"], "input": ["onnx::Conv_663_quantized", "onnx::Conv_518_scale", "onnx::Conv_663_zero_point"], "opType": "DequantizeLinear", "comment": "@108 [onnx::Conv_663_DequantizeLinear_Output:(ty=1,shape=[128])] DequantizeLinear [onnx::Conv_663_quantized:(ty=3,shape=[128]),onnx::Conv_518_scale:(ty=1,shape=[]),onnx::Conv_663_zero_point:(ty=3,shape=[])]", "device": "NPU"}, {"output": ["onnx::Conv_662_DequantizeLinear_Output"], "input": ["onnx::Conv_662_quantized", "bga.right2.2.weight_scale", "onnx::Conv_662_zero_point"], "opType": "DequantizeLinear", "comment": "@107 [onnx::Conv_662_DequantizeLinear_Output:(ty=1,shape=[128,1,3,3])] DequantizeLinear [onnx::Conv_662_quantized:(ty=3,shape=[128,1,3,3]),bga.right2.2.weight_scale:(ty=1,shape=[]),onnx::Conv_662_zero_point:(ty=3,shape=[])]", "device": "NPU"}, {"output": ["/bga/right2/right2.0/Conv_output_0"], "input": ["/segment/S5_5/conv_last/relu/Relu_output_0_DequantizeLinear_Output/duplicated", "onnx::Conv_662_DequantizeLinear_Output", "onnx::Conv_663_DequantizeLinear_Output"], "opType": "Conv", "comment": "@345 [/bga/right2/right2.0/Conv_output_0:(ty=1,shape=[1,128,16,16])] Conv [/segment/S5_5/conv_last/relu/Relu_output_0_DequantizeLinear_Output/duplicated:(ty=1,shape=[1,128,16,16]),onnx::Conv_662_DequantizeLinear_Output:(ty=1,shape=[128,1,3,3]),onnx::Conv_663_DequantizeLinear_Output:(ty=1,shape=[128])]", "device": "NPU"}, {"output": ["/bga/right2/right2.0/Conv_output_0_QuantizeLinear_Output"], "input": ["/bga/right2/right2.0/Conv_output_0", "/bga/Mul_output_0_scale", "/bga/right2/right2.0/Conv_output_0_zero_point"], "opType": "QuantizeLinear", "comment": "@347 [/bga/right2/right2.0/Conv_output_0_QuantizeLinear_Output:(ty=2,shape=[1,128,16,16])] QuantizeLinear [/bga/right2/right2.0/Conv_output_0:(ty=1,shape=[1,128,16,16]),/bga/Mul_output_0_scale:(ty=1,shape=[]),/bga/right2/right2.0/Conv_output_0_zero_point:(ty=2,shape=[])]", "device": "NPU"}, {"output": ["/bga/right2/right2.0/Conv_output_0_DequantizeLinear_Output"], "input": ["/bga/right2/right2.0/Conv_output_0_QuantizeLinear_Output", "/bga/Mul_output_0_scale", "/bga/right2/right2.0/Conv_output_0_zero_point"], "opType": "DequantizeLinear", "comment": "@349 [/bga/right2/right2.0/Conv_output_0_DequantizeLinear_Output:(ty=1,shape=[1,128,16,16])] DequantizeLinear [/bga/right2/right2.0/Conv_output_0_QuantizeLinear_Output:(ty=2,shape=[1,128,16,16]),/bga/Mul_output_0_scale:(ty=1,shape=[]),/bga/right2/right2.0/Conv_output_0_zero_point:(ty=2,shape=[])]", "device": "NPU"}, {"output": ["bga.right2.2.weight_DequantizeLinear_Output"], "input": ["bga.right2.2.weight_quantized", "bga.right2.2.weight_scale", "bga.right2.2.weight_zero_point"], "opType": "DequantizeLinear", "comment": "@3 [bga.right2.2.weight_DequantizeLinear_Output:(ty=1,shape=[128,128,1,1])] DequantizeLinear [bga.right2.2.weight_quantized:(ty=3,shape=[128,128,1,1]),bga.right2.2.weight_scale:(ty=1,shape=[]),bga.right2.2.weight_zero_point:(ty=3,shape=[])]", "device": "NPU"}, {"output": ["/bga/right2/right2.2/Conv_output_0"], "input": ["/bga/right2/right2.0/Conv_output_0_DequantizeLinear_Output", "bga.right2.2.weight_DequantizeLinear_Output"], "opType": "Conv", "comment": "@351 [/bga/right2/right2.2/Conv_output_0:(ty=1,shape=[1,128,16,16])] Conv [/bga/right2/right2.0/Conv_output_0_DequantizeLinear_Output:(ty=1,shape=[1,128,16,16]),bga.right2.2.weight_DequantizeLinear_Output:(ty=1,shape=[128,128,1,1])]", "device": "NPU"}, {"output": ["/bga/right2/right2.2/Conv_output_0_QuantizeLinear_Output"], "input": ["/bga/right2/right2.2/Conv_output_0", "image_scale", "/bga/right2/right2.2/Conv_output_0_zero_point"], "opType": "QuantizeLinear", "comment": "@353 [/bga/right2/right2.2/Conv_output_0_QuantizeLinear_Output:(ty=2,shape=[1,128,16,16])] QuantizeLinear [/bga/right2/right2.2/Conv_output_0:(ty=1,shape=[1,128,16,16]),image_scale:(ty=1,shape=[]),/bga/right2/right2.2/Conv_output_0_zero_point:(ty=2,shape=[])]", "device": "NPU"}, {"output": ["/bga/right2/right2.2/Conv_output_0_DequantizeLinear_Output"], "input": ["/bga/right2/right2.2/Conv_output_0_QuantizeLinear_Output", "image_scale", "/bga/right2/right2.2/Conv_output_0_zero_point"], "opType": "DequantizeLinear", "comment": "@355 [/bga/right2/right2.2/Conv_output_0_DequantizeLinear_Output:(ty=1,shape=[1,128,16,16])] DequantizeLinear [/bga/right2/right2.2/Conv_output_0_QuantizeLinear_Output:(ty=2,shape=[1,128,16,16]),image_scale:(ty=1,shape=[]),/bga/right2/right2.2/Conv_output_0_zero_point:(ty=2,shape=[])]", "device": "NPU"}, {"output": ["/bga/Sigmoid_1_output_0_Mul"], "input": ["/bga/right2/right2.2/Conv_output_0_DequantizeLinear_Output"], "opType": "HardSigmoid", "comment": "@387 [/bga/Sigmoid_1_output_0_Mul:(ty=1,shape=[1,128,16,16])] HardSigmoid [/bga/right2/right2.2/Conv_output_0_DequantizeLinear_Output:(ty=1,shape=[1,128,16,16])]", "device": "NPU"}, {"output": ["/bga/Sigmoid_1_output_0"], "input": ["/bga/Sigmoid_1_output_0_Mul", "/bga/Sigmoid_output_0_Scale"], "opType": "Mul", "comment": "@389 [/bga/Sigmoid_1_output_0:(ty=1,shape=[1,128,16,16])] Mul [/bga/Sigmoid_1_output_0_Mul:(ty=1,shape=[1,128,16,16]),/bga/Sigmoid_output_0_Scale:(ty=1,shape=[])]", "device": "NPU"}, {"output": ["/bga/Sigmoid_1_output_0_QuantizeLinear_Output"], "input": ["/bga/Sigmoid_1_output_0", "onnx::Conv_518_scale", "/bga/Sigmoid_1_output_0_zero_point"], "opType": "QuantizeLinear", "comment": "@357 [/bga/Sigmoid_1_output_0_QuantizeLinear_Output:(ty=2,shape=[1,128,16,16])] QuantizeLinear [/bga/Sigmoid_1_output_0:(ty=1,shape=[1,128,16,16]),onnx::Conv_518_scale:(ty=1,shape=[]),/bga/Sigmoid_1_output_0_zero_point:(ty=2,shape=[])]", "device": "NPU"}, {"output": ["/bga/Sigmoid_1_output_0_DequantizeLinear_Output"], "input": ["/bga/Sigmoid_1_output_0_QuantizeLinear_Output", "onnx::Conv_518_scale", "/bga/Sigmoid_1_output_0_zero_point"], "opType": "DequantizeLinear", "comment": "@359 [/bga/Sigmoid_1_output_0_DequantizeLinear_Output:(ty=1,shape=[1,128,16,16])] DequantizeLinear [/bga/Sigmoid_1_output_0_QuantizeLinear_Output:(ty=2,shape=[1,128,16,16]),onnx::Conv_518_scale:(ty=1,shape=[]),/bga/Sigmoid_1_output_0_zero_point:(ty=2,shape=[])]", "device": "NPU"}, {"output": ["image_DequantizeLinear_Output"], "input": ["image_QuantizeLinear_Output", "image_scale", "image_zero_point"], "opType": "DequantizeLinear", "comment": "@113 [image_DequantizeLinear_Output:(ty=1,shape=[1,3,512,512])] DequantizeLinear [image_QuantizeLinear_Output:(ty=2,shape=[1,3,512,512]),image_scale:(ty=1,shape=[]),image_zero_point:(ty=2,shape=[])]", "device": "NPU"}, {"output": ["onnx::Conv_513_DequantizeLinear_Output"], "input": ["onnx::Conv_513_quantized", "image_scale", "onnx::Conv_513_zero_point"], "opType": "DequantizeLinear", "comment": "@8 [onnx::Conv_513_DequantizeLinear_Output:(ty=1,shape=[64])] DequantizeLinear [onnx::Conv_513_quantized:(ty=3,shape=[64]),image_scale:(ty=1,shape=[]),onnx::Conv_513_zero_point:(ty=3,shape=[])]", "device": "NPU"}, {"output": ["onnx::Conv_512_DequantizeLinear_Output"], "input": ["onnx::Conv_512_quantized", "image_scale", "onnx::Conv_512_zero_point"], "opType": "DequantizeLinear", "comment": "@7 [onnx::Conv_512_DequantizeLinear_Output:(ty=1,shape=[64,3,3,3])] DequantizeLinear [onnx::Conv_512_quantized:(ty=3,shape=[64,3,3,3]),image_scale:(ty=1,shape=[]),onnx::Conv_512_zero_point:(ty=3,shape=[])]", "device": "NPU"}, {"output": ["/detail/S1/S1.0/conv/Conv_output_0"], "input": ["image_DequantizeLinear_Output", "onnx::Conv_512_DequantizeLinear_Output", "onnx::Conv_513_DequantizeLinear_Output"], "opType": "Conv", "comment": "@114 [/detail/S1/S1.0/conv/Conv_output_0:(ty=1,shape=[1,64,256,256])] Conv [image_DequantizeLinear_Output:(ty=1,shape=[1,3,512,512]),onnx::Conv_512_DequantizeLinear_Output:(ty=1,shape=[64,3,3,3]),onnx::Conv_513_DequantizeLinear_Output:(ty=1,shape=[64])]", "device": "NPU"}, {"output": ["/detail/S1/S1.0/relu/Relu_output_0"], "input": ["/detail/S1/S1.0/conv/Conv_output_0"], "opType": "Relu", "comment": "@116 [/detail/S1/S1.0/relu/Relu_output_0:(ty=1,shape=[1,64,256,256])] Relu [/detail/S1/S1.0/conv/Conv_output_0:(ty=1,shape=[1,64,256,256])]", "device": "NPU"}, {"output": ["/detail/S1/S1.0/relu/Relu_output_0_QuantizeLinear_Output"], "input": ["/detail/S1/S1.0/relu/Relu_output_0", "/segment/S1S2/left/left.0/relu/Relu_output_0_scale", "/detail/S1/S1.0/relu/Relu_output_0_zero_point"], "opType": "QuantizeLinear", "comment": "@118 [/detail/S1/S1.0/relu/Relu_output_0_QuantizeLinear_Output:(ty=2,shape=[1,64,256,256])] QuantizeLinear [/detail/S1/S1.0/relu/Relu_output_0:(ty=1,shape=[1,64,256,256]),/segment/S1S2/left/left.0/relu/Relu_output_0_scale:(ty=1,shape=[]),/detail/S1/S1.0/relu/Relu_output_0_zero_point:(ty=2,shape=[])]", "device": "NPU"}, {"output": ["/detail/S1/S1.0/relu/Relu_output_0_DequantizeLinear_Output"], "input": ["/detail/S1/S1.0/relu/Relu_output_0_QuantizeLinear_Output", "/segment/S1S2/left/left.0/relu/Relu_output_0_scale", "/detail/S1/S1.0/relu/Relu_output_0_zero_point"], "opType": "DequantizeLinear", "comment": "@120 [/detail/S1/S1.0/relu/Relu_output_0_DequantizeLinear_Output:(ty=1,shape=[1,64,256,256])] DequantizeLinear [/detail/S1/S1.0/relu/Relu_output_0_QuantizeLinear_Output:(ty=2,shape=[1,64,256,256]),/segment/S1S2/left/left.0/relu/Relu_output_0_scale:(ty=1,shape=[]),/detail/S1/S1.0/relu/Relu_output_0_zero_point:(ty=2,shape=[])]", "device": "NPU"}, {"output": ["onnx::Conv_516_DequantizeLinear_Output"], "input": ["onnx::Conv_516_quantized", "/bga/Mul_output_0_scale", "onnx::Conv_516_zero_point"], "opType": "DequantizeLinear", "comment": "@10 [onnx::Conv_516_DequantizeLinear_Output:(ty=1,shape=[64])] DequantizeLinear [onnx::Conv_516_quantized:(ty=3,shape=[64]),/bga/Mul_output_0_scale:(ty=1,shape=[]),onnx::Conv_516_zero_point:(ty=3,shape=[])]", "device": "NPU"}, {"output": ["onnx::Conv_515_DequantizeLinear_Output"], "input": ["onnx::Conv_515_quantized", "onnx::Conv_581_scale", "onnx::Conv_515_zero_point"], "opType": "DequantizeLinear", "comment": "@9 [onnx::Conv_515_DequantizeLinear_Output:(ty=1,shape=[64,64,3,3])] DequantizeLinear [onnx::Conv_515_quantized:(ty=3,shape=[64,64,3,3]),onnx::Conv_581_scale:(ty=1,shape=[]),onnx::Conv_515_zero_point:(ty=3,shape=[])]", "device": "NPU"}, {"output": ["/detail/S1/S1.1/conv/Conv_output_0"], "input": ["/detail/S1/S1.0/relu/Relu_output_0_DequantizeLinear_Output", "onnx::Conv_515_DequantizeLinear_Output", "onnx::Conv_516_DequantizeLinear_Output"], "opType": "Conv", "comment": "@122 [/detail/S1/S1.1/conv/Conv_output_0:(ty=1,shape=[1,64,256,256])] Conv [/detail/S1/S1.0/relu/Relu_output_0_DequantizeLinear_Output:(ty=1,shape=[1,64,256,256]),onnx::Conv_515_DequantizeLinear_Output:(ty=1,shape=[64,64,3,3]),onnx::Conv_516_DequantizeLinear_Output:(ty=1,shape=[64])]", "device": "NPU"}, {"output": ["/detail/S1/S1.1/relu/Relu_output_0"], "input": ["/detail/S1/S1.1/conv/Conv_output_0"], "opType": "Relu", "comment": "@125 [/detail/S1/S1.1/relu/Relu_output_0:(ty=1,shape=[1,64,256,256])] Relu [/detail/S1/S1.1/conv/Conv_output_0:(ty=1,shape=[1,64,256,256])]", "device": "NPU"}, {"output": ["/detail/S1/S1.1/relu/Relu_output_0_QuantizeLinear_Output"], "input": ["/detail/S1/S1.1/relu/Relu_output_0", "/detail/S2/S2.0/relu/Relu_output_0_scale", "/detail/S1/S1.1/relu/Relu_output_0_zero_point"], "opType": "QuantizeLinear", "comment": "@128 [/detail/S1/S1.1/relu/Relu_output_0_QuantizeLinear_Output:(ty=2,shape=[1,64,256,256])] QuantizeLinear [/detail/S1/S1.1/relu/Relu_output_0:(ty=1,shape=[1,64,256,256]),/detail/S2/S2.0/relu/Relu_output_0_scale:(ty=1,shape=[]),/detail/S1/S1.1/relu/Relu_output_0_zero_point:(ty=2,shape=[])]", "device": "NPU"}, {"output": ["/detail/S1/S1.1/relu/Relu_output_0_DequantizeLinear_Output"], "input": ["/detail/S1/S1.1/relu/Relu_output_0_QuantizeLinear_Output", "/detail/S2/S2.0/relu/Relu_output_0_scale", "/detail/S1/S1.1/relu/Relu_output_0_zero_point"], "opType": "DequantizeLinear", "comment": "@131 [/detail/S1/S1.1/relu/Relu_output_0_DequantizeLinear_Output:(ty=1,shape=[1,64,256,256])] DequantizeLinear [/detail/S1/S1.1/relu/Relu_output_0_QuantizeLinear_Output:(ty=2,shape=[1,64,256,256]),/detail/S2/S2.0/relu/Relu_output_0_scale:(ty=1,shape=[]),/detail/S1/S1.1/relu/Relu_output_0_zero_point:(ty=2,shape=[])]", "device": "NPU"}, {"output": ["onnx::Conv_519_DequantizeLinear_Output"], "input": ["onnx::Conv_519_quantized", "onnx::Conv_645_scale", "onnx::Conv_519_zero_point"], "opType": "DequantizeLinear", "comment": "@12 [onnx::Conv_519_DequantizeLinear_Output:(ty=1,shape=[64])] DequantizeLinear [onnx::Conv_519_quantized:(ty=3,shape=[64]),onnx::Conv_645_scale:(ty=1,shape=[]),onnx::Conv_519_zero_point:(ty=3,shape=[])]", "device": "NPU"}, {"output": ["onnx::Conv_518_DequantizeLinear_Output"], "input": ["onnx::Conv_518_quantized", "onnx::Conv_518_scale", "onnx::Conv_518_zero_point"], "opType": "DequantizeLinear", "comment": "@11 [onnx::Conv_518_DequantizeLinear_Output:(ty=1,shape=[64,64,3,3])] DequantizeLinear [onnx::Conv_518_quantized:(ty=3,shape=[64,64,3,3]),onnx::Conv_518_scale:(ty=1,shape=[]),onnx::Conv_518_zero_point:(ty=3,shape=[])]", "device": "NPU"}, {"output": ["/detail/S2/S2.0/conv/Conv_output_0"], "input": ["/detail/S1/S1.1/relu/Relu_output_0_DequantizeLinear_Output", "onnx::Conv_518_DequantizeLinear_Output", "onnx::Conv_519_DequantizeLinear_Output"], "opType": "Conv", "comment": "@133 [/detail/S2/S2.0/conv/Conv_output_0:(ty=1,shape=[1,64,128,128])] Conv [/detail/S1/S1.1/relu/Relu_output_0_DequantizeLinear_Output:(ty=1,shape=[1,64,256,256]),onnx::Conv_518_DequantizeLinear_Output:(ty=1,shape=[64,64,3,3]),onnx::Conv_519_DequantizeLinear_Output:(ty=1,shape=[64])]", "device": "NPU"}, {"output": ["/detail/S2/S2.0/relu/Relu_output_0"], "input": ["/detail/S2/S2.0/conv/Conv_output_0"], "opType": "Relu", "comment": "@135 [/detail/S2/S2.0/relu/Relu_output_0:(ty=1,shape=[1,64,128,128])] Relu [/detail/S2/S2.0/conv/Conv_output_0:(ty=1,shape=[1,64,128,128])]", "device": "NPU"}, {"output": ["/detail/S2/S2.0/relu/Relu_output_0_QuantizeLinear_Output"], "input": ["/detail/S2/S2.0/relu/Relu_output_0", "/detail/S2/S2.0/relu/Relu_output_0_scale", "/detail/S2/S2.0/relu/Relu_output_0_zero_point"], "opType": "QuantizeLinear", "comment": "@137 [/detail/S2/S2.0/relu/Relu_output_0_QuantizeLinear_Output:(ty=2,shape=[1,64,128,128])] QuantizeLinear [/detail/S2/S2.0/relu/Relu_output_0:(ty=1,shape=[1,64,128,128]),/detail/S2/S2.0/relu/Relu_output_0_scale:(ty=1,shape=[]),/detail/S2/S2.0/relu/Relu_output_0_zero_point:(ty=2,shape=[])]", "device": "NPU"}, {"output": ["/detail/S2/S2.0/relu/Relu_output_0_DequantizeLinear_Output"], "input": ["/detail/S2/S2.0/relu/Relu_output_0_QuantizeLinear_Output", "/detail/S2/S2.0/relu/Relu_output_0_scale", "/detail/S2/S2.0/relu/Relu_output_0_zero_point"], "opType": "DequantizeLinear", "comment": "@139 [/detail/S2/S2.0/relu/Relu_output_0_DequantizeLinear_Output:(ty=1,shape=[1,64,128,128])] DequantizeLinear [/detail/S2/S2.0/relu/Relu_output_0_QuantizeLinear_Output:(ty=2,shape=[1,64,128,128]),/detail/S2/S2.0/relu/Relu_output_0_scale:(ty=1,shape=[]),/detail/S2/S2.0/relu/Relu_output_0_zero_point:(ty=2,shape=[])]", "device": "NPU"}, {"output": ["onnx::Conv_522_DequantizeLinear_Output"], "input": ["onnx::Conv_522_quantized", "onnx::Conv_645_scale", "onnx::Conv_522_zero_point"], "opType": "DequantizeLinear", "comment": "@14 [onnx::Conv_522_DequantizeLinear_Output:(ty=1,shape=[64])] DequantizeLinear [onnx::Conv_522_quantized:(ty=3,shape=[64]),onnx::Conv_645_scale:(ty=1,shape=[]),onnx::Conv_522_zero_point:(ty=3,shape=[])]", "device": "NPU"}, {"output": ["onnx::Conv_521_DequantizeLinear_Output"], "input": ["onnx::Conv_521_quantized", "onnx::Conv_518_scale", "onnx::Conv_521_zero_point"], "opType": "DequantizeLinear", "comment": "@13 [onnx::Conv_521_DequantizeLinear_Output:(ty=1,shape=[64,64,3,3])] DequantizeLinear [onnx::Conv_521_quantized:(ty=3,shape=[64,64,3,3]),onnx::Conv_518_scale:(ty=1,shape=[]),onnx::Conv_521_zero_point:(ty=3,shape=[])]", "device": "NPU"}, {"output": ["/detail/S2/S2.1/conv/Conv_output_0"], "input": ["/detail/S2/S2.0/relu/Relu_output_0_DequantizeLinear_Output", "onnx::Conv_521_DequantizeLinear_Output", "onnx::Conv_522_DequantizeLinear_Output"], "opType": "Conv", "comment": "@141 [/detail/S2/S2.1/conv/Conv_output_0:(ty=1,shape=[1,64,128,128])] Conv [/detail/S2/S2.0/relu/Relu_output_0_DequantizeLinear_Output:(ty=1,shape=[1,64,128,128]),onnx::Conv_521_DequantizeLinear_Output:(ty=1,shape=[64,64,3,3]),onnx::Conv_522_DequantizeLinear_Output:(ty=1,shape=[64])]", "device": "NPU"}, {"output": ["/detail/S2/S2.1/relu/Relu_output_0"], "input": ["/detail/S2/S2.1/conv/Conv_output_0"], "opType": "Relu", "comment": "@143 [/detail/S2/S2.1/relu/Relu_output_0:(ty=1,shape=[1,64,128,128])] Relu [/detail/S2/S2.1/conv/Conv_output_0:(ty=1,shape=[1,64,128,128])]", "device": "NPU"}, {"output": ["/detail/S2/S2.1/relu/Relu_output_0_QuantizeLinear_Output"], "input": ["/detail/S2/S2.1/relu/Relu_output_0", "/detail/S2/S2.0/relu/Relu_output_0_scale", "/detail/S2/S2.1/relu/Relu_output_0_zero_point"], "opType": "QuantizeLinear", "comment": "@145 [/detail/S2/S2.1/relu/Relu_output_0_QuantizeLinear_Output:(ty=2,shape=[1,64,128,128])] QuantizeLinear [/detail/S2/S2.1/relu/Relu_output_0:(ty=1,shape=[1,64,128,128]),/detail/S2/S2.0/relu/Relu_output_0_scale:(ty=1,shape=[]),/detail/S2/S2.1/relu/Relu_output_0_zero_point:(ty=2,shape=[])]", "device": "NPU"}, {"output": ["/detail/S2/S2.1/relu/Relu_output_0_DequantizeLinear_Output"], "input": ["/detail/S2/S2.1/relu/Relu_output_0_QuantizeLinear_Output", "/detail/S2/S2.0/relu/Relu_output_0_scale", "/detail/S2/S2.1/relu/Relu_output_0_zero_point"], "opType": "DequantizeLinear", "comment": "@147 [/detail/S2/S2.1/relu/Relu_output_0_DequantizeLinear_Output:(ty=1,shape=[1,64,128,128])] DequantizeLinear [/detail/S2/S2.1/relu/Relu_output_0_QuantizeLinear_Output:(ty=2,shape=[1,64,128,128]),/detail/S2/S2.0/relu/Relu_output_0_scale:(ty=1,shape=[]),/detail/S2/S2.1/relu/Relu_output_0_zero_point:(ty=2,shape=[])]", "device": "NPU"}, {"output": ["onnx::Conv_525_DequantizeLinear_Output"], "input": ["onnx::Conv_525_quantized", "image_scale", "onnx::Conv_525_zero_point"], "opType": "DequantizeLinear", "comment": "@16 [onnx::Conv_525_DequantizeLinear_Output:(ty=1,shape=[64])] DequantizeLinear [onnx::Conv_525_quantized:(ty=3,shape=[64]),image_scale:(ty=1,shape=[]),onnx::Conv_525_zero_point:(ty=3,shape=[])]", "device": "NPU"}, {"output": ["onnx::Conv_524_DequantizeLinear_Output"], "input": ["onnx::Conv_524_quantized", "onnx::Conv_518_scale", "onnx::Conv_524_zero_point"], "opType": "DequantizeLinear", "comment": "@15 [onnx::Conv_524_DequantizeLinear_Output:(ty=1,shape=[64,64,3,3])] DequantizeLinear [onnx::Conv_524_quantized:(ty=3,shape=[64,64,3,3]),onnx::Conv_518_scale:(ty=1,shape=[]),onnx::Conv_524_zero_point:(ty=3,shape=[])]", "device": "NPU"}, {"output": ["/detail/S2/S2.2/conv/Conv_output_0"], "input": ["/detail/S2/S2.1/relu/Relu_output_0_DequantizeLinear_Output", "onnx::Conv_524_DequantizeLinear_Output", "onnx::Conv_525_DequantizeLinear_Output"], "opType": "Conv", "comment": "@149 [/detail/S2/S2.2/conv/Conv_output_0:(ty=1,shape=[1,64,128,128])] Conv [/detail/S2/S2.1/relu/Relu_output_0_DequantizeLinear_Output:(ty=1,shape=[1,64,128,128]),onnx::Conv_524_DequantizeLinear_Output:(ty=1,shape=[64,64,3,3]),onnx::Conv_525_DequantizeLinear_Output:(ty=1,shape=[64])]", "device": "NPU"}, {"output": ["/detail/S2/S2.2/relu/Relu_output_0"], "input": ["/detail/S2/S2.2/conv/Conv_output_0"], "opType": "Relu", "comment": "@151 [/detail/S2/S2.2/relu/Relu_output_0:(ty=1,shape=[1,64,128,128])] Relu [/detail/S2/S2.2/conv/Conv_output_0:(ty=1,shape=[1,64,128,128])]", "device": "NPU"}, {"output": ["/detail/S2/S2.2/relu/Relu_output_0_QuantizeLinear_Output"], "input": ["/detail/S2/S2.2/relu/Relu_output_0", "/detail/S2/S2.0/relu/Relu_output_0_scale", "/detail/S2/S2.2/relu/Relu_output_0_zero_point"], "opType": "QuantizeLinear", "comment": "@153 [/detail/S2/S2.2/relu/Relu_output_0_QuantizeLinear_Output:(ty=2,shape=[1,64,128,128])] QuantizeLinear [/detail/S2/S2.2/relu/Relu_output_0:(ty=1,shape=[1,64,128,128]),/detail/S2/S2.0/relu/Relu_output_0_scale:(ty=1,shape=[]),/detail/S2/S2.2/relu/Relu_output_0_zero_point:(ty=2,shape=[])]", "device": "NPU"}, {"output": ["/detail/S2/S2.2/relu/Relu_output_0_DequantizeLinear_Output"], "input": ["/detail/S2/S2.2/relu/Relu_output_0_QuantizeLinear_Output", "/detail/S2/S2.0/relu/Relu_output_0_scale", "/detail/S2/S2.2/relu/Relu_output_0_zero_point"], "opType": "DequantizeLinear", "comment": "@155 [/detail/S2/S2.2/relu/Relu_output_0_DequantizeLinear_Output:(ty=1,shape=[1,64,128,128])] DequantizeLinear [/detail/S2/S2.2/relu/Relu_output_0_QuantizeLinear_Output:(ty=2,shape=[1,64,128,128]),/detail/S2/S2.0/relu/Relu_output_0_scale:(ty=1,shape=[]),/detail/S2/S2.2/relu/Relu_output_0_zero_point:(ty=2,shape=[])]", "device": "NPU"}, {"output": ["onnx::Conv_528_DequantizeLinear_Output"], "input": ["onnx::Conv_528_quantized", "/bga/Mul_output_0_scale", "onnx::Conv_528_zero_point"], "opType": "DequantizeLinear", "comment": "@18 [onnx::Conv_528_DequantizeLinear_Output:(ty=1,shape=[128])] DequantizeLinear [onnx::Conv_528_quantized:(ty=3,shape=[128]),/bga/Mul_output_0_scale:(ty=1,shape=[]),onnx::Conv_528_zero_point:(ty=3,shape=[])]", "device": "NPU"}, {"output": ["onnx::Conv_527_DequantizeLinear_Output"], "input": ["onnx::Conv_527_quantized", "bga.right2.2.weight_scale", "onnx::Conv_527_zero_point"], "opType": "DequantizeLinear", "comment": "@17 [onnx::Conv_527_DequantizeLinear_Output:(ty=1,shape=[128,64,3,3])] DequantizeLinear [onnx::Conv_527_quantized:(ty=3,shape=[128,64,3,3]),bga.right2.2.weight_scale:(ty=1,shape=[]),onnx::Conv_527_zero_point:(ty=3,shape=[])]", "device": "NPU"}, {"output": ["/detail/S3/S3.0/conv/Conv_output_0"], "input": ["/detail/S2/S2.2/relu/Relu_output_0_DequantizeLinear_Output", "onnx::Conv_527_DequantizeLinear_Output", "onnx::Conv_528_DequantizeLinear_Output"], "opType": "Conv", "comment": "@158 [/detail/S3/S3.0/conv/Conv_output_0:(ty=1,shape=[1,128,64,64])] Conv [/detail/S2/S2.2/relu/Relu_output_0_DequantizeLinear_Output:(ty=1,shape=[1,64,128,128]),onnx::Conv_527_DequantizeLinear_Output:(ty=1,shape=[128,64,3,3]),onnx::Conv_528_DequantizeLinear_Output:(ty=1,shape=[128])]", "device": "NPU"}, {"output": ["/detail/S3/S3.0/relu/Relu_output_0"], "input": ["/detail/S3/S3.0/conv/Conv_output_0"], "opType": "Relu", "comment": "@161 [/detail/S3/S3.0/relu/Relu_output_0:(ty=1,shape=[1,128,64,64])] Relu [/detail/S3/S3.0/conv/Conv_output_0:(ty=1,shape=[1,128,64,64])]", "device": "NPU"}, {"output": ["/detail/S3/S3.0/relu/Relu_output_0_QuantizeLinear_Output"], "input": ["/detail/S3/S3.0/relu/Relu_output_0", "/segment/S1S2/left/left.0/relu/Relu_output_0_scale", "/detail/S3/S3.0/relu/Relu_output_0_zero_point"], "opType": "QuantizeLinear", "comment": "@164 [/detail/S3/S3.0/relu/Relu_output_0_QuantizeLinear_Output:(ty=2,shape=[1,128,64,64])] QuantizeLinear [/detail/S3/S3.0/relu/Relu_output_0:(ty=1,shape=[1,128,64,64]),/segment/S1S2/left/left.0/relu/Relu_output_0_scale:(ty=1,shape=[]),/detail/S3/S3.0/relu/Relu_output_0_zero_point:(ty=2,shape=[])]", "device": "NPU"}, {"output": ["/detail/S3/S3.0/relu/Relu_output_0_DequantizeLinear_Output"], "input": ["/detail/S3/S3.0/relu/Relu_output_0_QuantizeLinear_Output", "/segment/S1S2/left/left.0/relu/Relu_output_0_scale", "/detail/S3/S3.0/relu/Relu_output_0_zero_point"], "opType": "DequantizeLinear", "comment": "@167 [/detail/S3/S3.0/relu/Relu_output_0_DequantizeLinear_Output:(ty=1,shape=[1,128,64,64])] DequantizeLinear [/detail/S3/S3.0/relu/Relu_output_0_QuantizeLinear_Output:(ty=2,shape=[1,128,64,64]),/segment/S1S2/left/left.0/relu/Relu_output_0_scale:(ty=1,shape=[]),/detail/S3/S3.0/relu/Relu_output_0_zero_point:(ty=2,shape=[])]", "device": "NPU"}, {"output": ["onnx::Conv_531_DequantizeLinear_Output"], "input": ["onnx::Conv_531_quantized", "onnx::Conv_645_scale", "onnx::Conv_531_zero_point"], "opType": "DequantizeLinear", "comment": "@20 [onnx::Conv_531_DequantizeLinear_Output:(ty=1,shape=[128])] DequantizeLinear [onnx::Conv_531_quantized:(ty=3,shape=[128]),onnx::Conv_645_scale:(ty=1,shape=[]),onnx::Conv_531_zero_point:(ty=3,shape=[])]", "device": "NPU"}, {"output": ["onnx::Conv_530_DequantizeLinear_Output"], "input": ["onnx::Conv_530_quantized", "bga.right2.2.weight_scale", "onnx::Conv_530_zero_point"], "opType": "DequantizeLinear", "comment": "@19 [onnx::Conv_530_DequantizeLinear_Output:(ty=1,shape=[128,128,3,3])] DequantizeLinear [onnx::Conv_530_quantized:(ty=3,shape=[128,128,3,3]),bga.right2.2.weight_scale:(ty=1,shape=[]),onnx::Conv_530_zero_point:(ty=3,shape=[])]", "device": "NPU"}, {"output": ["/detail/S3/S3.1/conv/Conv_output_0"], "input": ["/detail/S3/S3.0/relu/Relu_output_0_DequantizeLinear_Output", "onnx::Conv_530_DequantizeLinear_Output", "onnx::Conv_531_DequantizeLinear_Output"], "opType": "Conv", "comment": "@170 [/detail/S3/S3.1/conv/Conv_output_0:(ty=1,shape=[1,128,64,64])] Conv [/detail/S3/S3.0/relu/Relu_output_0_DequantizeLinear_Output:(ty=1,shape=[1,128,64,64]),onnx::Conv_530_DequantizeLinear_Output:(ty=1,shape=[128,128,3,3]),onnx::Conv_531_DequantizeLinear_Output:(ty=1,shape=[128])]", "device": "NPU"}, {"output": ["/detail/S3/S3.1/relu/Relu_output_0"], "input": ["/detail/S3/S3.1/conv/Conv_output_0"], "opType": "Relu", "comment": "@173 [/detail/S3/S3.1/relu/Relu_output_0:(ty=1,shape=[1,128,64,64])] Relu [/detail/S3/S3.1/conv/Conv_output_0:(ty=1,shape=[1,128,64,64])]", "device": "NPU"}, {"output": ["/detail/S3/S3.1/relu/Relu_output_0_QuantizeLinear_Output"], "input": ["/detail/S3/S3.1/relu/Relu_output_0", "/segment/S1S2/left/left.0/relu/Relu_output_0_scale", "/detail/S3/S3.1/relu/Relu_output_0_zero_point"], "opType": "QuantizeLinear", "comment": "@175 [/detail/S3/S3.1/relu/Relu_output_0_QuantizeLinear_Output:(ty=2,shape=[1,128,64,64])] QuantizeLinear [/detail/S3/S3.1/relu/Relu_output_0:(ty=1,shape=[1,128,64,64]),/segment/S1S2/left/left.0/relu/Relu_output_0_scale:(ty=1,shape=[]),/detail/S3/S3.1/relu/Relu_output_0_zero_point:(ty=2,shape=[])]", "device": "NPU"}, {"output": ["/detail/S3/S3.1/relu/Relu_output_0_DequantizeLinear_Output"], "input": ["/detail/S3/S3.1/relu/Relu_output_0_QuantizeLinear_Output", "/segment/S1S2/left/left.0/relu/Relu_output_0_scale", "/detail/S3/S3.1/relu/Relu_output_0_zero_point"], "opType": "DequantizeLinear", "comment": "@177 [/detail/S3/S3.1/relu/Relu_output_0_DequantizeLinear_Output:(ty=1,shape=[1,128,64,64])] DequantizeLinear [/detail/S3/S3.1/relu/Relu_output_0_QuantizeLinear_Output:(ty=2,shape=[1,128,64,64]),/segment/S1S2/left/left.0/relu/Relu_output_0_scale:(ty=1,shape=[]),/detail/S3/S3.1/relu/Relu_output_0_zero_point:(ty=2,shape=[])]", "device": "NPU"}, {"output": ["onnx::Conv_534_DequantizeLinear_Output"], "input": ["onnx::Conv_534_quantized", "onnx::Conv_645_scale", "onnx::Conv_534_zero_point"], "opType": "DequantizeLinear", "comment": "@22 [onnx::Conv_534_DequantizeLinear_Output:(ty=1,shape=[128])] DequantizeLinear [onnx::Conv_534_quantized:(ty=3,shape=[128]),onnx::Conv_645_scale:(ty=1,shape=[]),onnx::Conv_534_zero_point:(ty=3,shape=[])]", "device": "NPU"}, {"output": ["onnx::Conv_533_DequantizeLinear_Output"], "input": ["onnx::Conv_533_quantized", "bga.right2.2.weight_scale", "onnx::Conv_533_zero_point"], "opType": "DequantizeLinear", "comment": "@21 [onnx::Conv_533_DequantizeLinear_Output:(ty=1,shape=[128,128,3,3])] DequantizeLinear [onnx::Conv_533_quantized:(ty=3,shape=[128,128,3,3]),bga.right2.2.weight_scale:(ty=1,shape=[]),onnx::Conv_533_zero_point:(ty=3,shape=[])]", "device": "NPU"}, {"output": ["/detail/S3/S3.2/conv/Conv_output_0"], "input": ["/detail/S3/S3.1/relu/Relu_output_0_DequantizeLinear_Output", "onnx::Conv_533_DequantizeLinear_Output", "onnx::Conv_534_DequantizeLinear_Output"], "opType": "Conv", "comment": "@179 [/detail/S3/S3.2/conv/Conv_output_0:(ty=1,shape=[1,128,64,64])] Conv [/detail/S3/S3.1/relu/Relu_output_0_DequantizeLinear_Output:(ty=1,shape=[1,128,64,64]),onnx::Conv_533_DequantizeLinear_Output:(ty=1,shape=[128,128,3,3]),onnx::Conv_534_DequantizeLinear_Output:(ty=1,shape=[128])]", "device": "NPU"}, {"output": ["/detail/S3/S3.2/relu/Relu_output_0"], "input": ["/detail/S3/S3.2/conv/Conv_output_0"], "opType": "Relu", "comment": "@181 [/detail/S3/S3.2/relu/Relu_output_0:(ty=1,shape=[1,128,64,64])] Relu [/detail/S3/S3.2/conv/Conv_output_0:(ty=1,shape=[1,128,64,64])]", "device": "NPU"}, {"output": ["/detail/S3/S3.2/relu/Relu_output_0_QuantizeLinear_Output"], "input": ["/detail/S3/S3.2/relu/Relu_output_0", "/segment/S1S2/left/left.0/relu/Relu_output_0_scale", "/detail/S3/S3.2/relu/Relu_output_0_zero_point"], "opType": "QuantizeLinear", "comment": "@183 [/detail/S3/S3.2/relu/Relu_output_0_QuantizeLinear_Output:(ty=2,shape=[1,128,64,64])] QuantizeLinear [/detail/S3/S3.2/relu/Relu_output_0:(ty=1,shape=[1,128,64,64]),/segment/S1S2/left/left.0/relu/Relu_output_0_scale:(ty=1,shape=[]),/detail/S3/S3.2/relu/Relu_output_0_zero_point:(ty=2,shape=[])]", "device": "NPU"}, {"output": ["/detail/S3/S3.2/relu/Relu_output_0_DequantizeLinear_Output/duplicated"], "input": ["/detail/S3/S3.2/relu/Relu_output_0_QuantizeLinear_Output", "/segment/S1S2/left/left.0/relu/Relu_output_0_scale", "/detail/S3/S3.2/relu/Relu_output_0_zero_point"], "opType": "DequantizeLinear", "comment": "@404 [/detail/S3/S3.2/relu/Relu_output_0_DequantizeLinear_Output/duplicated:(ty=1,shape=[1,128,64,64])] DequantizeLinear [/detail/S3/S3.2/relu/Relu_output_0_QuantizeLinear_Output:(ty=2,shape=[1,128,64,64]),/segment/S1S2/left/left.0/relu/Relu_output_0_scale:(ty=1,shape=[]),/detail/S3/S3.2/relu/Relu_output_0_zero_point:(ty=2,shape=[])]", "device": "NPU"}, {"output": ["onnx::Conv_657_DequantizeLinear_Output"], "input": ["onnx::Conv_657_quantized", "onnx::Conv_645_scale", "onnx::Conv_657_zero_point"], "opType": "DequantizeLinear", "comment": "@104 [onnx::Conv_657_DequantizeLinear_Output:(ty=1,shape=[128])] DequantizeLinear [onnx::Conv_657_quantized:(ty=3,shape=[128]),onnx::Conv_645_scale:(ty=1,shape=[]),onnx::Conv_657_zero_point:(ty=3,shape=[])]", "device": "NPU"}, {"output": ["onnx::Conv_656_DequantizeLinear_Output"], "input": ["onnx::Conv_656_quantized", "onnx::Conv_602_scale", "onnx::Conv_656_zero_point"], "opType": "DequantizeLinear", "comment": "@103 [onnx::Conv_656_DequantizeLinear_Output:(ty=1,shape=[128,128,3,3])] DequantizeLinear [onnx::Conv_656_quantized:(ty=3,shape=[128,128,3,3]),onnx::Conv_602_scale:(ty=1,shape=[]),onnx::Conv_656_zero_point:(ty=3,shape=[])]", "device": "NPU"}, {"output": ["/bga/left2/left2.0/Conv_output_0"], "input": ["/detail/S3/S3.2/relu/Relu_output_0_DequantizeLinear_Output/duplicated", "onnx::Conv_656_DequantizeLinear_Output", "onnx::Conv_657_DequantizeLinear_Output"], "opType": "Conv", "comment": "@188 [/bga/left2/left2.0/Conv_output_0:(ty=1,shape=[1,128,32,32])] Conv [/detail/S3/S3.2/relu/Relu_output_0_DequantizeLinear_Output/duplicated:(ty=1,shape=[1,128,64,64]),onnx::Conv_656_DequantizeLinear_Output:(ty=1,shape=[128,128,3,3]),onnx::Conv_657_DequantizeLinear_Output:(ty=1,shape=[128])]", "device": "NPU"}, {"output": ["/bga/left2/left2.0/Conv_output_0_QuantizeLinear_Output"], "input": ["/bga/left2/left2.0/Conv_output_0", "/detail/S2/S2.0/relu/Relu_output_0_scale", "/bga/left2/left2.0/Conv_output_0_zero_point"], "opType": "QuantizeLinear", "comment": "@191 [/bga/left2/left2.0/Conv_output_0_QuantizeLinear_Output:(ty=2,shape=[1,128,32,32])] QuantizeLinear [/bga/left2/left2.0/Conv_output_0:(ty=1,shape=[1,128,32,32]),/detail/S2/S2.0/relu/Relu_output_0_scale:(ty=1,shape=[]),/bga/left2/left2.0/Conv_output_0_zero_point:(ty=2,shape=[])]", "device": "NPU"}, {"output": ["/bga/left2/left2.0/Conv_output_0_DequantizeLinear_Output"], "input": ["/bga/left2/left2.0/Conv_output_0_QuantizeLinear_Output", "/detail/S2/S2.0/relu/Relu_output_0_scale", "/bga/left2/left2.0/Conv_output_0_zero_point"], "opType": "DequantizeLinear", "comment": "@194 [/bga/left2/left2.0/Conv_output_0_DequantizeLinear_Output:(ty=1,shape=[1,128,32,32])] DequantizeLinear [/bga/left2/left2.0/Conv_output_0_QuantizeLinear_Output:(ty=2,shape=[1,128,32,32]),/detail/S2/S2.0/relu/Relu_output_0_scale:(ty=1,shape=[]),/bga/left2/left2.0/Conv_output_0_zero_point:(ty=2,shape=[])]", "device": "NPU"}, {"output": ["/bga/left2/left2.2/AveragePool_output_0_Mul"], "input": ["/bga/left2/left2.0/Conv_output_0_DequantizeLinear_Output"], "opType": "AveragePool", "comment": "@197 [/bga/left2/left2.2/AveragePool_output_0_Mul:(ty=1,shape=[1,128,16,16])] AveragePool [/bga/left2/left2.0/Conv_output_0_DequantizeLinear_Output:(ty=1,shape=[1,128,32,32])]", "device": "NPU"}, {"output": ["/bga/left2/left2.2/AveragePool_output_0"], "input": ["/bga/left2/left2.2/AveragePool_output_0_Mul", "/bga/left2/left2.2/AveragePool_output_0_Scale"], "opType": "Mul", "comment": "@390 [/bga/left2/left2.2/AveragePool_output_0:(ty=1,shape=[1,128,16,16])] Mul [/bga/left2/left2.2/AveragePool_output_0_Mul:(ty=1,shape=[1,128,16,16]),/bga/left2/left2.2/AveragePool_output_0_Scale:(ty=1,shape=[])]", "device": "NPU"}, {"output": ["/bga/left2/left2.2/AveragePool_output_0_QuantizeLinear_Output"], "input": ["/bga/left2/left2.2/AveragePool_output_0", "/detail/S2/S2.0/relu/Relu_output_0_scale", "/bga/left2/left2.2/AveragePool_output_0_zero_point"], "opType": "QuantizeLinear", "comment": "@200 [/bga/left2/left2.2/AveragePool_output_0_QuantizeLinear_Output:(ty=2,shape=[1,128,16,16])] QuantizeLinear [/bga/left2/left2.2/AveragePool_output_0:(ty=1,shape=[1,128,16,16]),/detail/S2/S2.0/relu/Relu_output_0_scale:(ty=1,shape=[]),/bga/left2/left2.2/AveragePool_output_0_zero_point:(ty=2,shape=[])]", "device": "NPU"}, {"output": ["/bga/left2/left2.2/AveragePool_output_0_DequantizeLinear_Output"], "input": ["/bga/left2/left2.2/AveragePool_output_0_QuantizeLinear_Output", "/detail/S2/S2.0/relu/Relu_output_0_scale", "/bga/left2/left2.2/AveragePool_output_0_zero_point"], "opType": "DequantizeLinear", "comment": "@203 [/bga/left2/left2.2/AveragePool_output_0_DequantizeLinear_Output:(ty=1,shape=[1,128,16,16])] DequantizeLinear [/bga/left2/left2.2/AveragePool_output_0_QuantizeLinear_Output:(ty=2,shape=[1,128,16,16]),/detail/S2/S2.0/relu/Relu_output_0_scale:(ty=1,shape=[]),/bga/left2/left2.2/AveragePool_output_0_zero_point:(ty=2,shape=[])]", "device": "NPU"}, {"output": ["/bga/Mul_1_output_0"], "input": ["/bga/left2/left2.2/AveragePool_output_0_DequantizeLinear_Output", "/bga/Sigmoid_1_output_0_DequantizeLinear_Output"], "opType": "Mul", "comment": "@361 [/bga/Mul_1_output_0:(ty=1,shape=[1,128,16,16])] Mul [/bga/left2/left2.2/AveragePool_output_0_DequantizeLinear_Output:(ty=1,shape=[1,128,16,16]),/bga/Sigmoid_1_output_0_DequantizeLinear_Output:(ty=1,shape=[1,128,16,16])]", "device": "NPU"}, {"output": ["/bga/Mul_1_output_0_QuantizeLinear_Output"], "input": ["/bga/Mul_1_output_0", "/bga/Mul_output_0_scale", "/bga/Mul_1_output_0_zero_point"], "opType": "QuantizeLinear", "comment": "@363 [/bga/Mul_1_output_0_QuantizeLinear_Output:(ty=2,shape=[1,128,16,16])] QuantizeLinear [/bga/Mul_1_output_0:(ty=1,shape=[1,128,16,16]),/bga/Mul_output_0_scale:(ty=1,shape=[]),/bga/Mul_1_output_0_zero_point:(ty=2,shape=[])]", "device": "NPU"}, {"output": ["/bga/Mul_1_output_0_DequantizeLinear_Output"], "input": ["/bga/Mul_1_output_0_QuantizeLinear_Output", "/bga/Mul_output_0_scale", "/bga/Mul_1_output_0_zero_point"], "opType": "DequantizeLinear", "comment": "@365 [/bga/Mul_1_output_0_DequantizeLinear_Output:(ty=1,shape=[1,128,16,16])] DequantizeLinear [/bga/Mul_1_output_0_QuantizeLinear_Output:(ty=2,shape=[1,128,16,16]),/bga/Mul_output_0_scale:(ty=1,shape=[]),/bga/Mul_1_output_0_zero_point:(ty=2,shape=[])]", "device": "NPU"}, {"output": ["/bga/up2/Resize_output_0"], "input": ["/bga/Mul_1_output_0_DequantizeLinear_Output", "VAIP_NOT_EXISTS", "/bga/up1/Constant_output_0"], "opType": "Resize", "comment": "@366 [/bga/up2/Resize_output_0:(ty=1,shape=[1,128,64,64])] Resize [/bga/Mul_1_output_0_DequantizeLinear_Output:(ty=1,shape=[1,128,16,16]),N/A,/bga/up1/Constant_output_0:(ty=1,shape=[4])]", "device": "NPU"}, {"output": ["/bga/up2/Resize_output_0_QuantizeLinear_Output"], "input": ["/bga/up2/Resize_output_0", "/bga/Mul_output_0_scale", "/bga/Mul_1_output_0_zero_point"], "opType": "QuantizeLinear", "comment": "@367 [/bga/up2/Resize_output_0_QuantizeLinear_Output:(ty=2,shape=[1,128,64,64])] QuantizeLinear [/bga/up2/Resize_output_0:(ty=1,shape=[1,128,64,64]),/bga/Mul_output_0_scale:(ty=1,shape=[]),/bga/Mul_1_output_0_zero_point:(ty=2,shape=[])]", "device": "NPU"}, {"output": ["/bga/up2/Resize_output_0_DequantizeLinear_Output"], "input": ["/bga/up2/Resize_output_0_QuantizeLinear_Output", "/bga/Mul_output_0_scale", "/bga/Mul_1_output_0_zero_point"], "opType": "DequantizeLinear", "comment": "@368 [/bga/up2/Resize_output_0_DequantizeLinear_Output:(ty=1,shape=[1,128,64,64])] DequantizeLinear [/bga/up2/Resize_output_0_QuantizeLinear_Output:(ty=2,shape=[1,128,64,64]),/bga/Mul_output_0_scale:(ty=1,shape=[]),/bga/Mul_1_output_0_zero_point:(ty=2,shape=[])]", "device": "NPU"}, {"output": ["/segment/S5_5/conv_last/relu/Relu_output_0_DequantizeLinear_Output"], "input": ["/segment/S5_5/conv_last/relu/Relu_output_0_QuantizeLinear_Output", "onnx::Conv_645_scale", "/segment/S5_5/conv_last/relu/Relu_output_0_zero_point"], "opType": "DequantizeLinear", "comment": "@343 [/segment/S5_5/conv_last/relu/Relu_output_0_DequantizeLinear_Output:(ty=1,shape=[1,128,16,16])] DequantizeLinear [/segment/S5_5/conv_last/relu/Relu_output_0_QuantizeLinear_Output:(ty=2,shape=[1,128,16,16]),onnx::Conv_645_scale:(ty=1,shape=[]),/segment/S5_5/conv_last/relu/Relu_output_0_zero_point:(ty=2,shape=[])]", "device": "NPU"}, {"output": ["onnx::Conv_660_DequantizeLinear_Output"], "input": ["onnx::Conv_660_quantized", "image_scale", "onnx::Conv_660_zero_point"], "opType": "DequantizeLinear", "comment": "@106 [onnx::Conv_660_DequantizeLinear_Output:(ty=1,shape=[128])] DequantizeLinear [onnx::Conv_660_quantized:(ty=3,shape=[128]),image_scale:(ty=1,shape=[]),onnx::Conv_660_zero_point:(ty=3,shape=[])]", "device": "NPU"}, {"output": ["onnx::Conv_659_DequantizeLinear_Output"], "input": ["onnx::Conv_659_quantized", "head.conv_out.weight_scale", "onnx::Conv_659_zero_point"], "opType": "DequantizeLinear", "comment": "@105 [onnx::Conv_659_DequantizeLinear_Output:(ty=1,shape=[128,128,3,3])] DequantizeLinear [onnx::Conv_659_quantized:(ty=3,shape=[128,128,3,3]),head.conv_out.weight_scale:(ty=1,shape=[]),onnx::Conv_659_zero_point:(ty=3,shape=[])]", "device": "NPU"}, {"output": ["/bga/right1/right1.0/Conv_output_0"], "input": ["/segment/S5_5/conv_last/relu/Relu_output_0_DequantizeLinear_Output", "onnx::Conv_659_DequantizeLinear_Output", "onnx::Conv_660_DequantizeLinear_Output"], "opType": "Conv", "comment": "@344 [/bga/right1/right1.0/Conv_output_0:(ty=1,shape=[1,128,16,16])] Conv [/segment/S5_5/conv_last/relu/Relu_output_0_DequantizeLinear_Output:(ty=1,shape=[1,128,16,16]),onnx::Conv_659_DequantizeLinear_Output:(ty=1,shape=[128,128,3,3]),onnx::Conv_660_DequantizeLinear_Output:(ty=1,shape=[128])]", "device": "NPU"}, {"output": ["/bga/right1/right1.0/Conv_output_0_QuantizeLinear_Output"], "input": ["/bga/right1/right1.0/Conv_output_0", "onnx::Conv_645_scale", "/bga/right1/right1.0/Conv_output_0_zero_point"], "opType": "QuantizeLinear", "comment": "@346 [/bga/right1/right1.0/Conv_output_0_QuantizeLinear_Output:(ty=2,shape=[1,128,16,16])] QuantizeLinear [/bga/right1/right1.0/Conv_output_0:(ty=1,shape=[1,128,16,16]),onnx::Conv_645_scale:(ty=1,shape=[]),/bga/right1/right1.0/Conv_output_0_zero_point:(ty=2,shape=[])]", "device": "NPU"}, {"output": ["/bga/right1/right1.0/Conv_output_0_DequantizeLinear_Output"], "input": ["/bga/right1/right1.0/Conv_output_0_QuantizeLinear_Output", "onnx::Conv_645_scale", "/bga/right1/right1.0/Conv_output_0_zero_point"], "opType": "DequantizeLinear", "comment": "@348 [/bga/right1/right1.0/Conv_output_0_DequantizeLinear_Output:(ty=1,shape=[1,128,16,16])] DequantizeLinear [/bga/right1/right1.0/Conv_output_0_QuantizeLinear_Output:(ty=2,shape=[1,128,16,16]),onnx::Conv_645_scale:(ty=1,shape=[]),/bga/right1/right1.0/Conv_output_0_zero_point:(ty=2,shape=[])]", "device": "NPU"}, {"output": ["/bga/up1/Resize_output_0"], "input": ["/bga/right1/right1.0/Conv_output_0_DequantizeLinear_Output", "VAIP_NOT_EXISTS", "/bga/up1/Constant_output_0"], "opType": "Resize", "comment": "@350 [/bga/up1/Resize_output_0:(ty=1,shape=[1,128,64,64])] Resize [/bga/right1/right1.0/Conv_output_0_DequantizeLinear_Output:(ty=1,shape=[1,128,16,16]),N/A,/bga/up1/Constant_output_0:(ty=1,shape=[4])]", "device": "NPU"}, {"output": ["/bga/up1/Resize_output_0_QuantizeLinear_Output"], "input": ["/bga/up1/Resize_output_0", "onnx::Conv_645_scale", "/bga/right1/right1.0/Conv_output_0_zero_point"], "opType": "QuantizeLinear", "comment": "@352 [/bga/up1/Resize_output_0_QuantizeLinear_Output:(ty=2,shape=[1,128,64,64])] QuantizeLinear [/bga/up1/Resize_output_0:(ty=1,shape=[1,128,64,64]),onnx::Conv_645_scale:(ty=1,shape=[]),/bga/right1/right1.0/Conv_output_0_zero_point:(ty=2,shape=[])]", "device": "NPU"}, {"output": ["/bga/up1/Resize_output_0_DequantizeLinear_Output"], "input": ["/bga/up1/Resize_output_0_QuantizeLinear_Output", "onnx::Conv_645_scale", "/bga/right1/right1.0/Conv_output_0_zero_point"], "opType": "DequantizeLinear", "comment": "@354 [/bga/up1/Resize_output_0_DequantizeLinear_Output:(ty=1,shape=[1,128,64,64])] DequantizeLinear [/bga/up1/Resize_output_0_QuantizeLinear_Output:(ty=2,shape=[1,128,64,64]),onnx::Conv_645_scale:(ty=1,shape=[]),/bga/right1/right1.0/Conv_output_0_zero_point:(ty=2,shape=[])]", "device": "NPU"}, {"output": ["/bga/Sigmoid_output_0_Mul"], "input": ["/bga/up1/Resize_output_0_DequantizeLinear_Output"], "opType": "HardSigmoid", "comment": "@386 [/bga/Sigmoid_output_0_Mul:(ty=1,shape=[1,128,64,64])] HardSigmoid [/bga/up1/Resize_output_0_DequantizeLinear_Output:(ty=1,shape=[1,128,64,64])]", "device": "NPU"}, {"output": ["/bga/Sigmoid_output_0"], "input": ["/bga/Sigmoid_output_0_Mul", "/bga/Sigmoid_output_0_Scale"], "opType": "Mul", "comment": "@388 [/bga/Sigmoid_output_0:(ty=1,shape=[1,128,64,64])] Mul [/bga/Sigmoid_output_0_Mul:(ty=1,shape=[1,128,64,64]),/bga/Sigmoid_output_0_Scale:(ty=1,shape=[])]", "device": "NPU"}, {"output": ["/bga/Sigmoid_output_0_QuantizeLinear_Output"], "input": ["/bga/Sigmoid_output_0", "onnx::Conv_518_scale", "/bga/Sigmoid_output_0_zero_point"], "opType": "QuantizeLinear", "comment": "@356 [/bga/Sigmoid_output_0_QuantizeLinear_Output:(ty=2,shape=[1,128,64,64])] QuantizeLinear [/bga/Sigmoid_output_0:(ty=1,shape=[1,128,64,64]),onnx::Conv_518_scale:(ty=1,shape=[]),/bga/Sigmoid_output_0_zero_point:(ty=2,shape=[])]", "device": "NPU"}, {"output": ["/bga/Sigmoid_output_0_DequantizeLinear_Output"], "input": ["/bga/Sigmoid_output_0_QuantizeLinear_Output", "onnx::Conv_518_scale", "/bga/Sigmoid_output_0_zero_point"], "opType": "DequantizeLinear", "comment": "@358 [/bga/Sigmoid_output_0_DequantizeLinear_Output:(ty=1,shape=[1,128,64,64])] DequantizeLinear [/bga/Sigmoid_output_0_QuantizeLinear_Output:(ty=2,shape=[1,128,64,64]),onnx::Conv_518_scale:(ty=1,shape=[]),/bga/Sigmoid_output_0_zero_point:(ty=2,shape=[])]", "device": "NPU"}, {"output": ["/detail/S3/S3.2/relu/Relu_output_0_DequantizeLinear_Output"], "input": ["/detail/S3/S3.2/relu/Relu_output_0_QuantizeLinear_Output", "/segment/S1S2/left/left.0/relu/Relu_output_0_scale", "/detail/S3/S3.2/relu/Relu_output_0_zero_point"], "opType": "DequantizeLinear", "comment": "@185 [/detail/S3/S3.2/relu/Relu_output_0_DequantizeLinear_Output:(ty=1,shape=[1,128,64,64])] DequantizeLinear [/detail/S3/S3.2/relu/Relu_output_0_QuantizeLinear_Output:(ty=2,shape=[1,128,64,64]),/segment/S1S2/left/left.0/relu/Relu_output_0_scale:(ty=1,shape=[]),/detail/S3/S3.2/relu/Relu_output_0_zero_point:(ty=2,shape=[])]", "device": "NPU"}, {"output": ["onnx::Conv_654_DequantizeLinear_Output"], "input": ["onnx::Conv_654_quantized", "onnx::Conv_581_scale", "onnx::Conv_654_zero_point"], "opType": "DequantizeLinear", "comment": "@102 [onnx::Conv_654_DequantizeLinear_Output:(ty=1,shape=[128])] DequantizeLinear [onnx::Conv_654_quantized:(ty=3,shape=[128]),onnx::Conv_581_scale:(ty=1,shape=[]),onnx::Conv_654_zero_point:(ty=3,shape=[])]", "device": "NPU"}, {"output": ["onnx::Conv_653_DequantizeLinear_Output"], "input": ["onnx::Conv_653_quantized", "onnx::Conv_581_scale", "onnx::Conv_653_zero_point"], "opType": "DequantizeLinear", "comment": "@101 [onnx::Conv_653_DequantizeLinear_Output:(ty=1,shape=[128,1,3,3])] DequantizeLinear [onnx::Conv_653_quantized:(ty=3,shape=[128,1,3,3]),onnx::Conv_581_scale:(ty=1,shape=[]),onnx::Conv_653_zero_point:(ty=3,shape=[])]", "device": "NPU"}, {"output": ["/bga/left1/left1.0/Conv_output_0"], "input": ["/detail/S3/S3.2/relu/Relu_output_0_DequantizeLinear_Output", "onnx::Conv_653_DequantizeLinear_Output", "onnx::Conv_654_DequantizeLinear_Output"], "opType": "Conv", "comment": "@187 [/bga/left1/left1.0/Conv_output_0:(ty=1,shape=[1,128,64,64])] Conv [/detail/S3/S3.2/relu/Relu_output_0_DequantizeLinear_Output:(ty=1,shape=[1,128,64,64]),onnx::Conv_653_DequantizeLinear_Output:(ty=1,shape=[128,1,3,3]),onnx::Conv_654_DequantizeLinear_Output:(ty=1,shape=[128])]", "device": "NPU"}, {"output": ["/bga/left1/left1.0/Conv_output_0_QuantizeLinear_Output"], "input": ["/bga/left1/left1.0/Conv_output_0", "onnx::Conv_645_scale", "/bga/left1/left1.0/Conv_output_0_zero_point"], "opType": "QuantizeLinear", "comment": "@190 [/bga/left1/left1.0/Conv_output_0_QuantizeLinear_Output:(ty=2,shape=[1,128,64,64])] QuantizeLinear [/bga/left1/left1.0/Conv_output_0:(ty=1,shape=[1,128,64,64]),onnx::Conv_645_scale:(ty=1,shape=[]),/bga/left1/left1.0/Conv_output_0_zero_point:(ty=2,shape=[])]", "device": "NPU"}, {"output": ["/bga/left1/left1.0/Conv_output_0_DequantizeLinear_Output"], "input": ["/bga/left1/left1.0/Conv_output_0_QuantizeLinear_Output", "onnx::Conv_645_scale", "/bga/left1/left1.0/Conv_output_0_zero_point"], "opType": "DequantizeLinear", "comment": "@193 [/bga/left1/left1.0/Conv_output_0_DequantizeLinear_Output:(ty=1,shape=[1,128,64,64])] DequantizeLinear [/bga/left1/left1.0/Conv_output_0_QuantizeLinear_Output:(ty=2,shape=[1,128,64,64]),onnx::Conv_645_scale:(ty=1,shape=[]),/bga/left1/left1.0/Conv_output_0_zero_point:(ty=2,shape=[])]", "device": "NPU"}, {"output": ["bga.left1.2.weight_DequantizeLinear_Output"], "input": ["bga.left1.2.weight_quantized", "onnx::Conv_581_scale", "bga.left1.2.weight_zero_point"], "opType": "DequantizeLinear", "comment": "@2 [bga.left1.2.weight_DequantizeLinear_Output:(ty=1,shape=[128,128,1,1])] DequantizeLinear [bga.left1.2.weight_quantized:(ty=3,shape=[128,128,1,1]),onnx::Conv_581_scale:(ty=1,shape=[]),bga.left1.2.weight_zero_point:(ty=3,shape=[])]", "device": "NPU"}, {"output": ["/bga/left1/left1.2/Conv_output_0"], "input": ["/bga/left1/left1.0/Conv_output_0_DequantizeLinear_Output", "bga.left1.2.weight_DequantizeLinear_Output"], "opType": "Conv", "comment": "@196 [/bga/left1/left1.2/Conv_output_0:(ty=1,shape=[1,128,64,64])] Conv [/bga/left1/left1.0/Conv_output_0_DequantizeLinear_Output:(ty=1,shape=[1,128,64,64]),bga.left1.2.weight_DequantizeLinear_Output:(ty=1,shape=[128,128,1,1])]", "device": "NPU"}, {"output": ["/bga/left1/left1.2/Conv_output_0_QuantizeLinear_Output"], "input": ["/bga/left1/left1.2/Conv_output_0", "onnx::Conv_645_scale", "/bga/left1/left1.2/Conv_output_0_zero_point"], "opType": "QuantizeLinear", "comment": "@199 [/bga/left1/left1.2/Conv_output_0_QuantizeLinear_Output:(ty=2,shape=[1,128,64,64])] QuantizeLinear [/bga/left1/left1.2/Conv_output_0:(ty=1,shape=[1,128,64,64]),onnx::Conv_645_scale:(ty=1,shape=[]),/bga/left1/left1.2/Conv_output_0_zero_point:(ty=2,shape=[])]", "device": "NPU"}, {"output": ["/bga/left1/left1.2/Conv_output_0_DequantizeLinear_Output"], "input": ["/bga/left1/left1.2/Conv_output_0_QuantizeLinear_Output", "onnx::Conv_645_scale", "/bga/left1/left1.2/Conv_output_0_zero_point"], "opType": "DequantizeLinear", "comment": "@202 [/bga/left1/left1.2/Conv_output_0_DequantizeLinear_Output:(ty=1,shape=[1,128,64,64])] DequantizeLinear [/bga/left1/left1.2/Conv_output_0_QuantizeLinear_Output:(ty=2,shape=[1,128,64,64]),onnx::Conv_645_scale:(ty=1,shape=[]),/bga/left1/left1.2/Conv_output_0_zero_point:(ty=2,shape=[])]", "device": "NPU"}, {"output": ["/bga/Mul_output_0"], "input": ["/bga/left1/left1.2/Conv_output_0_DequantizeLinear_Output", "/bga/Sigmoid_output_0_DequantizeLinear_Output"], "opType": "Mul", "comment": "@360 [/bga/Mul_output_0:(ty=1,shape=[1,128,64,64])] Mul [/bga/left1/left1.2/Conv_output_0_DequantizeLinear_Output:(ty=1,shape=[1,128,64,64]),/bga/Sigmoid_output_0_DequantizeLinear_Output:(ty=1,shape=[1,128,64,64])]", "device": "NPU"}, {"output": ["/bga/Mul_output_0_QuantizeLinear_Output"], "input": ["/bga/Mul_output_0", "/bga/Mul_output_0_scale", "/bga/Mul_output_0_zero_point"], "opType": "QuantizeLinear", "comment": "@362 [/bga/Mul_output_0_QuantizeLinear_Output:(ty=2,shape=[1,128,64,64])] QuantizeLinear [/bga/Mul_output_0:(ty=1,shape=[1,128,64,64]),/bga/Mul_output_0_scale:(ty=1,shape=[]),/bga/Mul_output_0_zero_point:(ty=2,shape=[])]", "device": "NPU"}, {"output": ["/bga/Mul_output_0_DequantizeLinear_Output"], "input": ["/bga/Mul_output_0_QuantizeLinear_Output", "/bga/Mul_output_0_scale", "/bga/Mul_output_0_zero_point"], "opType": "DequantizeLinear", "comment": "@364 [/bga/Mul_output_0_DequantizeLinear_Output:(ty=1,shape=[1,128,64,64])] DequantizeLinear [/bga/Mul_output_0_QuantizeLinear_Output:(ty=2,shape=[1,128,64,64]),/bga/Mul_output_0_scale:(ty=1,shape=[]),/bga/Mul_output_0_zero_point:(ty=2,shape=[])]", "device": "NPU"}, {"output": ["/bga/Add_output_0"], "input": ["/bga/Mul_output_0_DequantizeLinear_Output", "/bga/up2/Resize_output_0_DequantizeLinear_Output"], "opType": "Add", "comment": "@369 [/bga/Add_output_0:(ty=1,shape=[1,128,64,64])] Add [/bga/Mul_output_0_DequantizeLinear_Output:(ty=1,shape=[1,128,64,64]),/bga/up2/Resize_output_0_DequantizeLinear_Output:(ty=1,shape=[1,128,64,64])]", "device": "NPU"}, {"output": ["/bga/Add_output_0_QuantizeLinear_Output"], "input": ["/bga/Add_output_0", "/bga/Mul_output_0_scale", "/bga/Add_output_0_zero_point"], "opType": "QuantizeLinear", "comment": "@370 [/bga/Add_output_0_QuantizeLinear_Output:(ty=2,shape=[1,128,64,64])] QuantizeLinear [/bga/Add_output_0:(ty=1,shape=[1,128,64,64]),/bga/Mul_output_0_scale:(ty=1,shape=[]),/bga/Add_output_0_zero_point:(ty=2,shape=[])]", "device": "NPU"}, {"output": ["/bga/Add_output_0_DequantizeLinear_Output"], "input": ["/bga/Add_output_0_QuantizeLinear_Output", "/bga/Mul_output_0_scale", "/bga/Add_output_0_zero_point"], "opType": "DequantizeLinear", "comment": "@371 [/bga/Add_output_0_DequantizeLinear_Output:(ty=1,shape=[1,128,64,64])] DequantizeLinear [/bga/Add_output_0_QuantizeLinear_Output:(ty=2,shape=[1,128,64,64]),/bga/Mul_output_0_scale:(ty=1,shape=[]),/bga/Add_output_0_zero_point:(ty=2,shape=[])]", "device": "NPU"}, {"output": ["onnx::Conv_666_DequantizeLinear_Output"], "input": ["onnx::Conv_666_quantized", "onnx::Conv_645_scale", "onnx::Conv_666_zero_point"], "opType": "DequantizeLinear", "comment": "@110 [onnx::Conv_666_DequantizeLinear_Output:(ty=1,shape=[128])] DequantizeLinear [onnx::Conv_666_quantized:(ty=3,shape=[128]),onnx::Conv_645_scale:(ty=1,shape=[]),onnx::Conv_666_zero_point:(ty=3,shape=[])]", "device": "NPU"}, {"output": ["onnx::Conv_665_DequantizeLinear_Output"], "input": ["onnx::Conv_665_quantized", "bga.right2.2.weight_scale", "onnx::Conv_665_zero_point"], "opType": "DequantizeLinear", "comment": "@109 [onnx::Conv_665_DequantizeLinear_Output:(ty=1,shape=[128,128,3,3])] DequantizeLinear [onnx::Conv_665_quantized:(ty=3,shape=[128,128,3,3]),bga.right2.2.weight_scale:(ty=1,shape=[]),onnx::Conv_665_zero_point:(ty=3,shape=[])]", "device": "NPU"}, {"output": ["/bga/conv/conv.0/Conv_output_0"], "input": ["/bga/Add_output_0_DequantizeLinear_Output", "onnx::Conv_665_DequantizeLinear_Output", "onnx::Conv_666_DequantizeLinear_Output"], "opType": "Conv", "comment": "@372 [/bga/conv/conv.0/Conv_output_0:(ty=1,shape=[1,128,64,64])] Conv [/bga/Add_output_0_DequantizeLinear_Output:(ty=1,shape=[1,128,64,64]),onnx::Conv_665_DequantizeLinear_Output:(ty=1,shape=[128,128,3,3]),onnx::Conv_666_DequantizeLinear_Output:(ty=1,shape=[128])]", "device": "NPU"}, {"output": ["/bga/conv/conv.2/Relu_output_0"], "input": ["/bga/conv/conv.0/Conv_output_0"], "opType": "Relu", "comment": "@373 [/bga/conv/conv.2/Relu_output_0:(ty=1,shape=[1,128,64,64])] Relu [/bga/conv/conv.0/Conv_output_0:(ty=1,shape=[1,128,64,64])]", "device": "NPU"}, {"output": ["/bga/conv/conv.2/Relu_output_0_QuantizeLinear_Output"], "input": ["/bga/conv/conv.2/Relu_output_0", "onnx::Conv_645_scale", "/bga/conv/conv.2/Relu_output_0_zero_point"], "opType": "QuantizeLinear", "comment": "@374 [/bga/conv/conv.2/Relu_output_0_QuantizeLinear_Output:(ty=2,shape=[1,128,64,64])] QuantizeLinear [/bga/conv/conv.2/Relu_output_0:(ty=1,shape=[1,128,64,64]),onnx::Conv_645_scale:(ty=1,shape=[]),/bga/conv/conv.2/Relu_output_0_zero_point:(ty=2,shape=[])]", "device": "NPU"}, {"output": ["/bga/conv/conv.2/Relu_output_0_DequantizeLinear_Output"], "input": ["/bga/conv/conv.2/Relu_output_0_QuantizeLinear_Output", "onnx::Conv_645_scale", "/bga/conv/conv.2/Relu_output_0_zero_point"], "opType": "DequantizeLinear", "comment": "@375 [/bga/conv/conv.2/Relu_output_0_DequantizeLinear_Output:(ty=1,shape=[1,128,64,64])] DequantizeLinear [/bga/conv/conv.2/Relu_output_0_QuantizeLinear_Output:(ty=2,shape=[1,128,64,64]),onnx::Conv_645_scale:(ty=1,shape=[]),/bga/conv/conv.2/Relu_output_0_zero_point:(ty=2,shape=[])]", "device": "NPU"}, {"output": ["onnx::Conv_669_DequantizeLinear_Output"], "input": ["onnx::Conv_669_quantized", "image_scale", "onnx::Conv_669_zero_point"], "opType": "DequantizeLinear", "comment": "@112 [onnx::Conv_669_DequantizeLinear_Output:(ty=1,shape=[1024])] DequantizeLinear [onnx::Conv_669_quantized:(ty=3,shape=[1024]),image_scale:(ty=1,shape=[]),onnx::Conv_669_zero_point:(ty=3,shape=[])]", "device": "NPU"}, {"output": ["onnx::Conv_668_DequantizeLinear_Output"], "input": ["onnx::Conv_668_quantized", "onnx::Conv_602_scale", "onnx::Conv_668_zero_point"], "opType": "DequantizeLinear", "comment": "@111 [onnx::Conv_668_DequantizeLinear_Output:(ty=1,shape=[1024,128,3,3])] DequantizeLinear [onnx::Conv_668_quantized:(ty=3,shape=[1024,128,3,3]),onnx::Conv_602_scale:(ty=1,shape=[]),onnx::Conv_668_zero_point:(ty=3,shape=[])]", "device": "NPU"}, {"output": ["/head/conv/conv/Conv_output_0"], "input": ["/bga/conv/conv.2/Relu_output_0_DequantizeLinear_Output", "onnx::Conv_668_DequantizeLinear_Output", "onnx::Conv_669_DequantizeLinear_Output"], "opType": "Conv", "comment": "@376 [/head/conv/conv/Conv_output_0:(ty=1,shape=[1,1024,64,64])] Conv [/bga/conv/conv.2/Relu_output_0_DequantizeLinear_Output:(ty=1,shape=[1,128,64,64]),onnx::Conv_668_DequantizeLinear_Output:(ty=1,shape=[1024,128,3,3]),onnx::Conv_669_DequantizeLinear_Output:(ty=1,shape=[1024])]", "device": "NPU"}, {"output": ["/head/conv/relu/Relu_output_0"], "input": ["/head/conv/conv/Conv_output_0"], "opType": "Relu", "comment": "@377 [/head/conv/relu/Relu_output_0:(ty=1,shape=[1,1024,64,64])] Relu [/head/conv/conv/Conv_output_0:(ty=1,shape=[1,1024,64,64])]", "device": "NPU"}, {"output": ["/head/conv/relu/Relu_output_0_QuantizeLinear_Output"], "input": ["/head/conv/relu/Relu_output_0", "image_scale", "/head/conv/relu/Relu_output_0_zero_point"], "opType": "QuantizeLinear", "comment": "@378 [/head/conv/relu/Relu_output_0_QuantizeLinear_Output:(ty=2,shape=[1,1024,64,64])] QuantizeLinear [/head/conv/relu/Relu_output_0:(ty=1,shape=[1,1024,64,64]),image_scale:(ty=1,shape=[]),/head/conv/relu/Relu_output_0_zero_point:(ty=2,shape=[])]", "device": "NPU"}, {"output": ["/head/conv/relu/Relu_output_0_DequantizeLinear_Output"], "input": ["/head/conv/relu/Relu_output_0_QuantizeLinear_Output", "image_scale", "/head/conv/relu/Relu_output_0_zero_point"], "opType": "DequantizeLinear", "comment": "@379 [/head/conv/relu/Relu_output_0_DequantizeLinear_Output:(ty=1,shape=[1,1024,64,64])] DequantizeLinear [/head/conv/relu/Relu_output_0_QuantizeLinear_Output:(ty=2,shape=[1,1024,64,64]),image_scale:(ty=1,shape=[]),/head/conv/relu/Relu_output_0_zero_point:(ty=2,shape=[])]", "device": "NPU"}, {"output": ["head.conv_out.weight_DequantizeLinear_Output"], "input": ["head.conv_out.weight_quantized", "head.conv_out.weight_scale", "head.conv_out.weight_zero_point"], "opType": "DequantizeLinear", "comment": "@5 [head.conv_out.weight_DequantizeLinear_Output:(ty=1,shape=[19,1024,1,1])] DequantizeLinear [head.conv_out.weight_quantized:(ty=3,shape=[19,1024,1,1]),head.conv_out.weight_scale:(ty=1,shape=[]),head.conv_out.weight_zero_point:(ty=3,shape=[])]", "device": "NPU"}, {"output": ["head.conv_out.bias_DequantizeLinear_Output"], "input": ["head.conv_out.bias_quantized", "head.conv_out.bias_scale", "head.conv_out.bias_zero_point"], "opType": "DequantizeLinear", "comment": "@4 [head.conv_out.bias_DequantizeLinear_Output:(ty=1,shape=[19])] DequantizeLinear [head.conv_out.bias_quantized:(ty=3,shape=[19]),head.conv_out.bias_scale:(ty=1,shape=[]),head.conv_out.bias_zero_point:(ty=3,shape=[])]", "device": "NPU"}, {"output": ["/head/conv_out/Conv_output_0"], "input": ["/head/conv/relu/Relu_output_0_DequantizeLinear_Output", "head.conv_out.weight_DequantizeLinear_Output", "head.conv_out.bias_DequantizeLinear_Output"], "opType": "Conv", "comment": "@380 [/head/conv_out/Conv_output_0:(ty=1,shape=[1,19,64,64])] Conv [/head/conv/relu/Relu_output_0_DequantizeLinear_Output:(ty=1,shape=[1,1024,64,64]),head.conv_out.weight_DequantizeLinear_Output:(ty=1,shape=[19,1024,1,1]),head.conv_out.bias_DequantizeLinear_Output:(ty=1,shape=[19])]", "device": "NPU"}, {"output": ["/head/conv_out/Conv_output_0_QuantizeLinear_Output"], "input": ["/head/conv_out/Conv_output_0", "onnx::Conv_518_scale", "/head/conv_out/Conv_output_0_zero_point"], "opType": "QuantizeLinear", "comment": "@381 [/head/conv_out/Conv_output_0_QuantizeLinear_Output:(ty=2,shape=[1,19,64,64])] QuantizeLinear [/head/conv_out/Conv_output_0:(ty=1,shape=[1,19,64,64]),onnx::Conv_518_scale:(ty=1,shape=[]),/head/conv_out/Conv_output_0_zero_point:(ty=2,shape=[])]", "device": "NPU"}, {"output": ["/head/conv_out/Conv_output_0_DequantizeLinear_Output"], "input": ["/head/conv_out/Conv_output_0_QuantizeLinear_Output", "onnx::Conv_518_scale", "/head/conv_out/Conv_output_0_zero_point"], "opType": "DequantizeLinear", "comment": "@382 [/head/conv_out/Conv_output_0_DequantizeLinear_Output:(ty=1,shape=[1,19,64,64])] DequantizeLinear [/head/conv_out/Conv_output_0_QuantizeLinear_Output:(ty=2,shape=[1,19,64,64]),onnx::Conv_518_scale:(ty=1,shape=[]),/head/conv_out/Conv_output_0_zero_point:(ty=2,shape=[])]", "device": "NPU"}, {"output": ["logits_QuantizeLinear_Input"], "input": ["/head/conv_out/Conv_output_0_DequantizeLinear_Output", "VAIP_NOT_EXISTS", "/head/up/Constant_output_0"], "opType": "Resize", "comment": "@383 [logits_QuantizeLinear_Input:(ty=1,shape=[1,19,512,512])] Resize [/head/conv_out/Conv_output_0_DequantizeLinear_Output:(ty=1,shape=[1,19,64,64]),N/A,/head/up/Constant_output_0:(ty=1,shape=[4])]", "device": "NPU"}, {"output": ["logits_QuantizeLinear_Output"], "input": ["logits_QuantizeLinear_Input", "onnx::Conv_518_scale", "/head/conv_out/Conv_output_0_zero_point"], "opType": "QuantizeLinear", "comment": "@384 [logits_QuantizeLinear_Output:(ty=2,shape=[1,19,512,512])] QuantizeLinear [logits_QuantizeLinear_Input:(ty=1,shape=[1,19,512,512]),onnx::Conv_518_scale:(ty=1,shape=[]),/head/conv_out/Conv_output_0_zero_point:(ty=2,shape=[])]", "device": "NPU"}, {"output": ["logits"], "input": ["logits_QuantizeLinear_Output", "onnx::Conv_518_scale", "/head/conv_out/Conv_output_0_zero_point"], "opType": "DequantizeLinear", "comment": "@385 [logits:(ty=1,shape=[1,19,512,512])] DequantizeLinear [logits_QuantizeLinear_Output:(ty=2,shape=[1,19,512,512]),onnx::Conv_518_scale:(ty=1,shape=[]),/head/conv_out/Conv_output_0_zero_point:(ty=2,shape=[])]", "device": "CPU"}], "shapeInfo": [{"name": "image_QuantizeLinear_Output", "shape": ["1", "3", "512", "512"]}, {"name": "image_DequantizeLinear_Output/duplicated", "shape": ["1", "3", "512", "512"]}, {"name": "onnx::Conv_537_DequantizeLinear_Output", "shape": ["16"]}, {"name": "onnx::Conv_536_DequantizeLinear_Output", "shape": ["16", "3", "3", "3"]}, {"name": "/segment/S1S2/conv/conv/Conv_output_0", "shape": ["1", "16", "256", "256"]}, {"name": "/segment/S1S2/conv/relu/Relu_output_0", "shape": ["1", "16", "256", "256"]}, {"name": "/segment/S1S2/conv/relu/Relu_output_0_QuantizeLinear_Output", "shape": ["1", "16", "256", "256"]}, {"name": "/segment/S1S2/conv/relu/Relu_output_0_DequantizeLinear_Output", "shape": ["1", "16", "256", "256"]}, {"name": "onnx::Conv_540_DequantizeLinear_Output", "shape": ["8"]}, {"name": "onnx::Conv_539_DequantizeLinear_Output", "shape": ["8", "16", "1", "1"]}, {"name": "/segment/S1S2/left/left.0/conv/Conv_output_0", "shape": ["1", "8", "256", "256"]}, {"name": "/segment/S1S2/left/left.0/relu/Relu_output_0", "shape": ["1", "8", "256", "256"]}, {"name": "/segment/S1S2/left/left.0/relu/Relu_output_0_QuantizeLinear_Output", "shape": ["1", "8", "256", "256"]}, {"name": "/segment/S1S2/left/left.0/relu/Relu_output_0_DequantizeLinear_Output", "shape": ["1", "8", "256", "256"]}, {"name": "onnx::Conv_543_DequantizeLinear_Output", "shape": ["16"]}, {"name": "onnx::Conv_542_DequantizeLinear_Output", "shape": ["16", "8", "3", "3"]}, {"name": "/segment/S1S2/left/left.1/conv/Conv_output_0", "shape": ["1", "16", "128", "128"]}, {"name": "/segment/S1S2/left/left.1/relu/Relu_output_0", "shape": ["1", "16", "128", "128"]}, {"name": "/segment/S1S2/left/left.1/relu/Relu_output_0_QuantizeLinear_Output", "shape": ["1", "16", "128", "128"]}, {"name": "/segment/S1S2/left/left.1/relu/Relu_output_0_DequantizeLinear_Output", "shape": ["1", "16", "128", "128"]}, {"name": "/segment/S1S2/conv/relu/Relu_output_0_DequantizeLinear_Output/duplicated", "shape": ["1", "16", "256", "256"]}, {"name": "/segment/S1S2/right/MaxPool_output_0", "shape": ["1", "16", "128", "128"]}, {"name": "/segment/S1S2/right/MaxPool_output_0_QuantizeLinear_Output", "shape": ["1", "16", "128", "128"]}, {"name": "/segment/S1S2/right/MaxPool_output_0_DequantizeLinear_Output", "shape": ["1", "16", "128", "128"]}, {"name": "/segment/S1S2/Concat_output_0", "shape": ["1", "32", "128", "128"]}, {"name": "/segment/S1S2/Concat_output_0_QuantizeLinear_Output", "shape": ["1", "32", "128", "128"]}, {"name": "/segment/S1S2/Concat_output_0_DequantizeLinear_Output", "shape": ["1", "32", "128", "128"]}, {"name": "onnx::Conv_546_DequantizeLinear_Output", "shape": ["16"]}, {"name": "onnx::Conv_545_DequantizeLinear_Output", "shape": ["16", "32", "3", "3"]}, {"name": "/segment/S1S2/fuse/conv/Conv_output_0", "shape": ["1", "16", "128", "128"]}, {"name": "/segment/S1S2/fuse/relu/Relu_output_0", "shape": ["1", "16", "128", "128"]}, {"name": "/segment/S1S2/fuse/relu/Relu_output_0_QuantizeLinear_Output", "shape": ["1", "16", "128", "128"]}, {"name": "/segment/S1S2/fuse/relu/Relu_output_0_DequantizeLinear_Output", "shape": ["1", "16", "128", "128"]}, {"name": "onnx::Conv_549_DequantizeLinear_Output", "shape": ["16"]}, {"name": "onnx::Conv_548_DequantizeLinear_Output", "shape": ["16", "16", "3", "3"]}, {"name": "/segment/S3/S3.0/conv1/conv/Conv_output_0", "shape": ["1", "16", "128", "128"]}, {"name": "/segment/S3/S3.0/conv1/relu/Relu_output_0", "shape": ["1", "16", "128", "128"]}, {"name": "/segment/S3/S3.0/conv1/relu/Relu_output_0_QuantizeLinear_Output", "shape": ["1", "16", "128", "128"]}, {"name": "/segment/S3/S3.0/conv1/relu/Relu_output_0_DequantizeLinear_Output", "shape": ["1", "16", "128", "128"]}, {"name": "onnx::Conv_552_DequantizeLinear_Output", "shape": ["96"]}, {"name": "onnx::Conv_551_DequantizeLinear_Output", "shape": ["96", "1", "3", "3"]}, {"name": "/segment/S3/S3.0/dwconv1/dwconv1.0/Conv_output_0", "shape": ["1", "96", "64", "64"]}, {"name": "/segment/S3/S3.0/dwconv1/dwconv1.0/Conv_output_0_QuantizeLinear_Output", "shape": ["1", "96", "64", "64"]}, {"name": "/segment/S3/S3.0/dwconv1/dwconv1.0/Conv_output_0_DequantizeLinear_Output", "shape": ["1", "96", "64", "64"]}, {"name": "onnx::Conv_555_DequantizeLinear_Output", "shape": ["96"]}, {"name": "onnx::Conv_554_DequantizeLinear_Output", "shape": ["96", "1", "3", "3"]}, {"name": "/segment/S3/S3.0/dwconv2/dwconv2.0/Conv_output_0", "shape": ["1", "96", "64", "64"]}, {"name": "/segment/S3/S3.0/dwconv2/dwconv2.2/Relu_output_0", "shape": ["1", "96", "64", "64"]}, {"name": "/segment/S3/S3.0/dwconv2/dwconv2.2/Relu_output_0_QuantizeLinear_Output", "shape": ["1", "96", "64", "64"]}, {"name": "/segment/S3/S3.0/dwconv2/dwconv2.2/Relu_output_0_DequantizeLinear_Output", "shape": ["1", "96", "64", "64"]}, {"name": "onnx::Conv_558_DequantizeLinear_Output", "shape": ["32"]}, {"name": "onnx::Conv_557_DequantizeLinear_Output", "shape": ["32", "96", "1", "1"]}, {"name": "/segment/S3/S3.0/conv2/conv2.0/Conv_output_0", "shape": ["1", "32", "64", "64"]}, {"name": "/segment/S3/S3.0/conv2/conv2.0/Conv_output_0_QuantizeLinear_Output", "shape": ["1", "32", "64", "64"]}, {"name": "/segment/S3/S3.0/conv2/conv2.0/Conv_output_0_DequantizeLinear_Output", "shape": ["1", "32", "64", "64"]}, {"name": "/segment/S1S2/fuse/relu/Relu_output_0_DequantizeLinear_Output/duplicated", "shape": ["1", "16", "128", "128"]}, {"name": "onnx::Conv_561_DequantizeLinear_Output", "shape": ["16"]}, {"name": "onnx::Conv_560_DequantizeLinear_Output", "shape": ["16", "1", "3", "3"]}, {"name": "/segment/S3/S3.0/shortcut/shortcut.0/Conv_output_0", "shape": ["1", "16", "64", "64"]}, {"name": "/segment/S3/S3.0/shortcut/shortcut.0/Conv_output_0_QuantizeLinear_Output", "shape": ["1", "16", "64", "64"]}, {"name": "/segment/S3/S3.0/shortcut/shortcut.0/Conv_output_0_DequantizeLinear_Output", "shape": ["1", "16", "64", "64"]}, {"name": "onnx::Conv_564_DequantizeLinear_Output", "shape": ["32"]}, {"name": "onnx::Conv_563_DequantizeLinear_Output", "shape": ["32", "16", "1", "1"]}, {"name": "/segment/S3/S3.0/shortcut/shortcut.2/Conv_output_0", "shape": ["1", "32", "64", "64"]}, {"name": "/segment/S3/S3.0/shortcut/shortcut.2/Conv_output_0_QuantizeLinear_Output", "shape": ["1", "32", "64", "64"]}, {"name": "/segment/S3/S3.0/shortcut/shortcut.2/Conv_output_0_DequantizeLinear_Output", "shape": ["1", "32", "64", "64"]}, {"name": "/segment/S3/S3.0/Add_output_0", "shape": ["1", "32", "64", "64"]}, {"name": "/segment/S3/S3.0/relu/Relu_output_0", "shape": ["1", "32", "64", "64"]}, {"name": "/segment/S3/S3.0/relu/Relu_output_0_QuantizeLinear_Output", "shape": ["1", "32", "64", "64"]}, {"name": "/segment/S3/S3.0/relu/Relu_output_0_DequantizeLinear_Output/duplicated", "shape": ["1", "32", "64", "64"]}, {"name": "/segment/S3/S3.0/relu/Relu_output_0_DequantizeLinear_Output", "shape": ["1", "32", "64", "64"]}, {"name": "onnx::Conv_567_DequantizeLinear_Output", "shape": ["32"]}, {"name": "onnx::Conv_566_DequantizeLinear_Output", "shape": ["32", "32", "3", "3"]}, {"name": "/segment/S3/S3.1/conv1/conv/Conv_output_0", "shape": ["1", "32", "64", "64"]}, {"name": "/segment/S3/S3.1/conv1/relu/Relu_output_0", "shape": ["1", "32", "64", "64"]}, {"name": "/segment/S3/S3.1/conv1/relu/Relu_output_0_QuantizeLinear_Output", "shape": ["1", "32", "64", "64"]}, {"name": "/segment/S3/S3.1/conv1/relu/Relu_output_0_DequantizeLinear_Output", "shape": ["1", "32", "64", "64"]}, {"name": "onnx::Conv_570_DequantizeLinear_Output", "shape": ["192"]}, {"name": "onnx::Conv_569_DequantizeLinear_Output", "shape": ["192", "1", "3", "3"]}, {"name": "/segment/S3/S3.1/dwconv/dwconv.0/Conv_output_0", "shape": ["1", "192", "64", "64"]}, {"name": "/segment/S3/S3.1/dwconv/dwconv.2/Relu_output_0", "shape": ["1", "192", "64", "64"]}, {"name": "/segment/S3/S3.1/dwconv/dwconv.2/Relu_output_0_QuantizeLinear_Output", "shape": ["1", "192", "64", "64"]}, {"name": "/segment/S3/S3.1/dwconv/dwconv.2/Relu_output_0_DequantizeLinear_Output", "shape": ["1", "192", "64", "64"]}, {"name": "onnx::Conv_573_DequantizeLinear_Output", "shape": ["32"]}, {"name": "onnx::Conv_572_DequantizeLinear_Output", "shape": ["32", "192", "1", "1"]}, {"name": "/segment/S3/S3.1/conv2/conv2.0/Conv_output_0", "shape": ["1", "32", "64", "64"]}, {"name": "/segment/S3/S3.1/conv2/conv2.0/Conv_output_0_QuantizeLinear_Output", "shape": ["1", "32", "64", "64"]}, {"name": "/segment/S3/S3.1/conv2/conv2.0/Conv_output_0_DequantizeLinear_Output", "shape": ["1", "32", "64", "64"]}, {"name": "/segment/S3/S3.1/Add_output_0", "shape": ["1", "32", "64", "64"]}, {"name": "/segment/S3/S3.1/relu/Relu_output_0", "shape": ["1", "32", "64", "64"]}, {"name": "/segment/S3/S3.1/relu/Relu_output_0_QuantizeLinear_Output", "shape": ["1", "32", "64", "64"]}, {"name": "/segment/S3/S3.1/relu/Relu_output_0_DequantizeLinear_Output", "shape": ["1", "32", "64", "64"]}, {"name": "onnx::Conv_576_DequantizeLinear_Output", "shape": ["32"]}, {"name": "onnx::Conv_575_DequantizeLinear_Output", "shape": ["32", "32", "3", "3"]}, {"name": "/segment/S4/S4.0/conv1/conv/Conv_output_0", "shape": ["1", "32", "64", "64"]}, {"name": "/segment/S4/S4.0/conv1/relu/Relu_output_0", "shape": ["1", "32", "64", "64"]}, {"name": "/segment/S4/S4.0/conv1/relu/Relu_output_0_QuantizeLinear_Output", "shape": ["1", "32", "64", "64"]}, {"name": "/segment/S4/S4.0/conv1/relu/Relu_output_0_DequantizeLinear_Output", "shape": ["1", "32", "64", "64"]}, {"name": "onnx::Conv_579_DequantizeLinear_Output", "shape": ["192"]}, {"name": "onnx::Conv_578_DequantizeLinear_Output", "shape": ["192", "1", "3", "3"]}, {"name": "/segment/S4/S4.0/dwconv1/dwconv1.0/Conv_output_0", "shape": ["1", "192", "32", "32"]}, {"name": "/segment/S4/S4.0/dwconv1/dwconv1.0/Conv_output_0_QuantizeLinear_Output", "shape": ["1", "192", "32", "32"]}, {"name": "/segment/S4/S4.0/dwconv1/dwconv1.0/Conv_output_0_DequantizeLinear_Output", "shape": ["1", "192", "32", "32"]}, {"name": "onnx::Conv_582_DequantizeLinear_Output", "shape": ["192"]}, {"name": "onnx::Conv_581_DequantizeLinear_Output", "shape": ["192", "1", "3", "3"]}, {"name": "/segment/S4/S4.0/dwconv2/dwconv2.0/Conv_output_0", "shape": ["1", "192", "32", "32"]}, {"name": "/segment/S4/S4.0/dwconv2/dwconv2.2/Relu_output_0", "shape": ["1", "192", "32", "32"]}, {"name": "/segment/S4/S4.0/dwconv2/dwconv2.2/Relu_output_0_QuantizeLinear_Output", "shape": ["1", "192", "32", "32"]}, {"name": "/segment/S4/S4.0/dwconv2/dwconv2.2/Relu_output_0_DequantizeLinear_Output", "shape": ["1", "192", "32", "32"]}, {"name": "onnx::Conv_585_DequantizeLinear_Output", "shape": ["64"]}, {"name": "onnx::Conv_584_DequantizeLinear_Output", "shape": ["64", "192", "1", "1"]}, {"name": "/segment/S4/S4.0/conv2/conv2.0/Conv_output_0", "shape": ["1", "64", "32", "32"]}, {"name": "/segment/S4/S4.0/conv2/conv2.0/Conv_output_0_QuantizeLinear_Output", "shape": ["1", "64", "32", "32"]}, {"name": "/segment/S4/S4.0/conv2/conv2.0/Conv_output_0_DequantizeLinear_Output", "shape": ["1", "64", "32", "32"]}, {"name": "/segment/S3/S3.1/relu/Relu_output_0_DequantizeLinear_Output/duplicated", "shape": ["1", "32", "64", "64"]}, {"name": "onnx::Conv_588_DequantizeLinear_Output", "shape": ["32"]}, {"name": "onnx::Conv_587_DequantizeLinear_Output", "shape": ["32", "1", "3", "3"]}, {"name": "/segment/S4/S4.0/shortcut/shortcut.0/Conv_output_0", "shape": ["1", "32", "32", "32"]}, {"name": "/segment/S4/S4.0/shortcut/shortcut.0/Conv_output_0_QuantizeLinear_Output", "shape": ["1", "32", "32", "32"]}, {"name": "/segment/S4/S4.0/shortcut/shortcut.0/Conv_output_0_DequantizeLinear_Output", "shape": ["1", "32", "32", "32"]}, {"name": "onnx::Conv_591_DequantizeLinear_Output", "shape": ["64"]}, {"name": "onnx::Conv_590_DequantizeLinear_Output", "shape": ["64", "32", "1", "1"]}, {"name": "/segment/S4/S4.0/shortcut/shortcut.2/Conv_output_0", "shape": ["1", "64", "32", "32"]}, {"name": "/segment/S4/S4.0/shortcut/shortcut.2/Conv_output_0_QuantizeLinear_Output", "shape": ["1", "64", "32", "32"]}, {"name": "/segment/S4/S4.0/shortcut/shortcut.2/Conv_output_0_DequantizeLinear_Output", "shape": ["1", "64", "32", "32"]}, {"name": "/segment/S4/S4.0/Add_output_0", "shape": ["1", "64", "32", "32"]}, {"name": "/segment/S4/S4.0/relu/Relu_output_0", "shape": ["1", "64", "32", "32"]}, {"name": "/segment/S4/S4.0/relu/Relu_output_0_QuantizeLinear_Output", "shape": ["1", "64", "32", "32"]}, {"name": "/segment/S4/S4.0/relu/Relu_output_0_DequantizeLinear_Output/duplicated", "shape": ["1", "64", "32", "32"]}, {"name": "/segment/S4/S4.0/relu/Relu_output_0_DequantizeLinear_Output", "shape": ["1", "64", "32", "32"]}, {"name": "onnx::Conv_594_DequantizeLinear_Output", "shape": ["64"]}, {"name": "onnx::Conv_593_DequantizeLinear_Output", "shape": ["64", "64", "3", "3"]}, {"name": "/segment/S4/S4.1/conv1/conv/Conv_output_0", "shape": ["1", "64", "32", "32"]}, {"name": "/segment/S4/S4.1/conv1/relu/Relu_output_0", "shape": ["1", "64", "32", "32"]}, {"name": "/segment/S4/S4.1/conv1/relu/Relu_output_0_QuantizeLinear_Output", "shape": ["1", "64", "32", "32"]}, {"name": "/segment/S4/S4.1/conv1/relu/Relu_output_0_DequantizeLinear_Output", "shape": ["1", "64", "32", "32"]}, {"name": "onnx::Conv_597_DequantizeLinear_Output", "shape": ["384"]}, {"name": "onnx::Conv_596_DequantizeLinear_Output", "shape": ["384", "1", "3", "3"]}, {"name": "/segment/S4/S4.1/dwconv/dwconv.0/Conv_output_0", "shape": ["1", "384", "32", "32"]}, {"name": "/segment/S4/S4.1/dwconv/dwconv.2/Relu_output_0", "shape": ["1", "384", "32", "32"]}, {"name": "/segment/S4/S4.1/dwconv/dwconv.2/Relu_output_0_QuantizeLinear_Output", "shape": ["1", "384", "32", "32"]}, {"name": "/segment/S4/S4.1/dwconv/dwconv.2/Relu_output_0_DequantizeLinear_Output", "shape": ["1", "384", "32", "32"]}, {"name": "onnx::Conv_600_DequantizeLinear_Output", "shape": ["64"]}, {"name": "onnx::Conv_599_DequantizeLinear_Output", "shape": ["64", "384", "1", "1"]}, {"name": "/segment/S4/S4.1/conv2/conv2.0/Conv_output_0", "shape": ["1", "64", "32", "32"]}, {"name": "/segment/S4/S4.1/conv2/conv2.0/Conv_output_0_QuantizeLinear_Output", "shape": ["1", "64", "32", "32"]}, {"name": "/segment/S4/S4.1/conv2/conv2.0/Conv_output_0_DequantizeLinear_Output", "shape": ["1", "64", "32", "32"]}, {"name": "/segment/S4/S4.1/Add_output_0", "shape": ["1", "64", "32", "32"]}, {"name": "/segment/S4/S4.1/relu/Relu_output_0", "shape": ["1", "64", "32", "32"]}, {"name": "/segment/S4/S4.1/relu/Relu_output_0_QuantizeLinear_Output", "shape": ["1", "64", "32", "32"]}, {"name": "/segment/S4/S4.1/relu/Relu_output_0_DequantizeLinear_Output", "shape": ["1", "64", "32", "32"]}, {"name": "onnx::Conv_603_DequantizeLinear_Output", "shape": ["64"]}, {"name": "onnx::Conv_602_DequantizeLinear_Output", "shape": ["64", "64", "3", "3"]}, {"name": "/segment/S5_4/S5_4.0/conv1/conv/Conv_output_0", "shape": ["1", "64", "32", "32"]}, {"name": "/segment/S5_4/S5_4.0/conv1/relu/Relu_output_0", "shape": ["1", "64", "32", "32"]}, {"name": "/segment/S5_4/S5_4.0/conv1/relu/Relu_output_0_QuantizeLinear_Output", "shape": ["1", "64", "32", "32"]}, {"name": "/segment/S5_4/S5_4.0/conv1/relu/Relu_output_0_DequantizeLinear_Output", "shape": ["1", "64", "32", "32"]}, {"name": "onnx::Conv_606_DequantizeLinear_Output", "shape": ["384"]}, {"name": "onnx::Conv_605_DequantizeLinear_Output", "shape": ["384", "1", "3", "3"]}, {"name": "/segment/S5_4/S5_4.0/dwconv1/dwconv1.0/Conv_output_0", "shape": ["1", "384", "16", "16"]}, {"name": "/segment/S5_4/S5_4.0/dwconv1/dwconv1.0/Conv_output_0_QuantizeLinear_Output", "shape": ["1", "384", "16", "16"]}, {"name": "/segment/S5_4/S5_4.0/dwconv1/dwconv1.0/Conv_output_0_DequantizeLinear_Output", "shape": ["1", "384", "16", "16"]}, {"name": "onnx::Conv_609_DequantizeLinear_Output", "shape": ["384"]}, {"name": "onnx::Conv_608_DequantizeLinear_Output", "shape": ["384", "1", "3", "3"]}, {"name": "/segment/S5_4/S5_4.0/dwconv2/dwconv2.0/Conv_output_0", "shape": ["1", "384", "16", "16"]}, {"name": "/segment/S5_4/S5_4.0/dwconv2/dwconv2.2/Relu_output_0", "shape": ["1", "384", "16", "16"]}, {"name": "/segment/S5_4/S5_4.0/dwconv2/dwconv2.2/Relu_output_0_QuantizeLinear_Output", "shape": ["1", "384", "16", "16"]}, {"name": "/segment/S5_4/S5_4.0/dwconv2/dwconv2.2/Relu_output_0_DequantizeLinear_Output", "shape": ["1", "384", "16", "16"]}, {"name": "onnx::Conv_612_DequantizeLinear_Output", "shape": ["128"]}, {"name": "onnx::Conv_611_DequantizeLinear_Output", "shape": ["128", "384", "1", "1"]}, {"name": "/segment/S5_4/S5_4.0/conv2/conv2.0/Conv_output_0", "shape": ["1", "128", "16", "16"]}, {"name": "/segment/S5_4/S5_4.0/conv2/conv2.0/Conv_output_0_QuantizeLinear_Output", "shape": ["1", "128", "16", "16"]}, {"name": "/segment/S5_4/S5_4.0/conv2/conv2.0/Conv_output_0_DequantizeLinear_Output", "shape": ["1", "128", "16", "16"]}, {"name": "/segment/S4/S4.1/relu/Relu_output_0_DequantizeLinear_Output/duplicated", "shape": ["1", "64", "32", "32"]}, {"name": "onnx::Conv_615_DequantizeLinear_Output", "shape": ["64"]}, {"name": "onnx::Conv_614_DequantizeLinear_Output", "shape": ["64", "1", "3", "3"]}, {"name": "/segment/S5_4/S5_4.0/shortcut/shortcut.0/Conv_output_0", "shape": ["1", "64", "16", "16"]}, {"name": "/segment/S5_4/S5_4.0/shortcut/shortcut.0/Conv_output_0_QuantizeLinear_Output", "shape": ["1", "64", "16", "16"]}, {"name": "/segment/S5_4/S5_4.0/shortcut/shortcut.0/Conv_output_0_DequantizeLinear_Output", "shape": ["1", "64", "16", "16"]}, {"name": "onnx::Conv_618_DequantizeLinear_Output", "shape": ["128"]}, {"name": "onnx::Conv_617_DequantizeLinear_Output", "shape": ["128", "64", "1", "1"]}, {"name": "/segment/S5_4/S5_4.0/shortcut/shortcut.2/Conv_output_0", "shape": ["1", "128", "16", "16"]}, {"name": "/segment/S5_4/S5_4.0/shortcut/shortcut.2/Conv_output_0_QuantizeLinear_Output", "shape": ["1", "128", "16", "16"]}, {"name": "/segment/S5_4/S5_4.0/shortcut/shortcut.2/Conv_output_0_DequantizeLinear_Output", "shape": ["1", "128", "16", "16"]}, {"name": "/segment/S5_4/S5_4.0/Add_output_0", "shape": ["1", "128", "16", "16"]}, {"name": "/segment/S5_4/S5_4.0/relu/Relu_output_0", "shape": ["1", "128", "16", "16"]}, {"name": "/segment/S5_4/S5_4.0/relu/Relu_output_0_QuantizeLinear_Output", "shape": ["1", "128", "16", "16"]}, {"name": "/segment/S5_4/S5_4.0/relu/Relu_output_0_DequantizeLinear_Output/duplicated", "shape": ["1", "128", "16", "16"]}, {"name": "/segment/S5_4/S5_4.0/relu/Relu_output_0_DequantizeLinear_Output", "shape": ["1", "128", "16", "16"]}, {"name": "onnx::Conv_621_DequantizeLinear_Output", "shape": ["128"]}, {"name": "onnx::Conv_620_DequantizeLinear_Output", "shape": ["128", "128", "3", "3"]}, {"name": "/segment/S5_4/S5_4.1/conv1/conv/Conv_output_0", "shape": ["1", "128", "16", "16"]}, {"name": "/segment/S5_4/S5_4.1/conv1/relu/Relu_output_0", "shape": ["1", "128", "16", "16"]}, {"name": "/segment/S5_4/S5_4.1/conv1/relu/Relu_output_0_QuantizeLinear_Output", "shape": ["1", "128", "16", "16"]}, {"name": "/segment/S5_4/S5_4.1/conv1/relu/Relu_output_0_DequantizeLinear_Output", "shape": ["1", "128", "16", "16"]}, {"name": "onnx::Conv_624_DequantizeLinear_Output", "shape": ["768"]}, {"name": "onnx::Conv_623_DequantizeLinear_Output", "shape": ["768", "1", "3", "3"]}, {"name": "/segment/S5_4/S5_4.1/dwconv/dwconv.0/Conv_output_0", "shape": ["1", "768", "16", "16"]}, {"name": "/segment/S5_4/S5_4.1/dwconv/dwconv.2/Relu_output_0", "shape": ["1", "768", "16", "16"]}, {"name": "/segment/S5_4/S5_4.1/dwconv/dwconv.2/Relu_output_0_QuantizeLinear_Output", "shape": ["1", "768", "16", "16"]}, {"name": "/segment/S5_4/S5_4.1/dwconv/dwconv.2/Relu_output_0_DequantizeLinear_Output", "shape": ["1", "768", "16", "16"]}, {"name": "onnx::Conv_627_DequantizeLinear_Output", "shape": ["128"]}, {"name": "onnx::Conv_626_DequantizeLinear_Output", "shape": ["128", "768", "1", "1"]}, {"name": "/segment/S5_4/S5_4.1/conv2/conv2.0/Conv_output_0", "shape": ["1", "128", "16", "16"]}, {"name": "/segment/S5_4/S5_4.1/conv2/conv2.0/Conv_output_0_QuantizeLinear_Output", "shape": ["1", "128", "16", "16"]}, {"name": "/segment/S5_4/S5_4.1/conv2/conv2.0/Conv_output_0_DequantizeLinear_Output", "shape": ["1", "128", "16", "16"]}, {"name": "/segment/S5_4/S5_4.1/Add_output_0", "shape": ["1", "128", "16", "16"]}, {"name": "/segment/S5_4/S5_4.1/relu/Relu_output_0", "shape": ["1", "128", "16", "16"]}, {"name": "/segment/S5_4/S5_4.1/relu/Relu_output_0_QuantizeLinear_Output", "shape": ["1", "128", "16", "16"]}, {"name": "/segment/S5_4/S5_4.1/relu/Relu_output_0_DequantizeLinear_Output/duplicated", "shape": ["1", "128", "16", "16"]}, {"name": "/segment/S5_4/S5_4.1/relu/Relu_output_0_DequantizeLinear_Output", "shape": ["1", "128", "16", "16"]}, {"name": "onnx::Conv_630_DequantizeLinear_Output", "shape": ["128"]}, {"name": "onnx::Conv_629_DequantizeLinear_Output", "shape": ["128", "128", "3", "3"]}, {"name": "/segment/S5_4/S5_4.2/conv1/conv/Conv_output_0", "shape": ["1", "128", "16", "16"]}, {"name": "/segment/S5_4/S5_4.2/conv1/relu/Relu_output_0", "shape": ["1", "128", "16", "16"]}, {"name": "/segment/S5_4/S5_4.2/conv1/relu/Relu_output_0_QuantizeLinear_Output", "shape": ["1", "128", "16", "16"]}, {"name": "/segment/S5_4/S5_4.2/conv1/relu/Relu_output_0_DequantizeLinear_Output", "shape": ["1", "128", "16", "16"]}, {"name": "onnx::Conv_633_DequantizeLinear_Output", "shape": ["768"]}, {"name": "onnx::Conv_632_DequantizeLinear_Output", "shape": ["768", "1", "3", "3"]}, {"name": "/segment/S5_4/S5_4.2/dwconv/dwconv.0/Conv_output_0", "shape": ["1", "768", "16", "16"]}, {"name": "/segment/S5_4/S5_4.2/dwconv/dwconv.2/Relu_output_0", "shape": ["1", "768", "16", "16"]}, {"name": "/segment/S5_4/S5_4.2/dwconv/dwconv.2/Relu_output_0_QuantizeLinear_Output", "shape": ["1", "768", "16", "16"]}, {"name": "/segment/S5_4/S5_4.2/dwconv/dwconv.2/Relu_output_0_DequantizeLinear_Output", "shape": ["1", "768", "16", "16"]}, {"name": "onnx::Conv_636_DequantizeLinear_Output", "shape": ["128"]}, {"name": "onnx::Conv_635_DequantizeLinear_Output", "shape": ["128", "768", "1", "1"]}, {"name": "/segment/S5_4/S5_4.2/conv2/conv2.0/Conv_output_0", "shape": ["1", "128", "16", "16"]}, {"name": "/segment/S5_4/S5_4.2/conv2/conv2.0/Conv_output_0_QuantizeLinear_Output", "shape": ["1", "128", "16", "16"]}, {"name": "/segment/S5_4/S5_4.2/conv2/conv2.0/Conv_output_0_DequantizeLinear_Output", "shape": ["1", "128", "16", "16"]}, {"name": "/segment/S5_4/S5_4.2/Add_output_0", "shape": ["1", "128", "16", "16"]}, {"name": "/segment/S5_4/S5_4.2/relu/Relu_output_0", "shape": ["1", "128", "16", "16"]}, {"name": "/segment/S5_4/S5_4.2/relu/Relu_output_0_QuantizeLinear_Output", "shape": ["1", "128", "16", "16"]}, {"name": "/segment/S5_4/S5_4.2/relu/Relu_output_0_DequantizeLinear_Output/duplicated", "shape": ["1", "128", "16", "16"]}, {"name": "/segment/S5_4/S5_4.2/relu/Relu_output_0_DequantizeLinear_Output", "shape": ["1", "128", "16", "16"]}, {"name": "onnx::Conv_639_DequantizeLinear_Output", "shape": ["128"]}, {"name": "onnx::Conv_638_DequantizeLinear_Output", "shape": ["128", "128", "3", "3"]}, {"name": "/segment/S5_4/S5_4.3/conv1/conv/Conv_output_0", "shape": ["1", "128", "16", "16"]}, {"name": "/segment/S5_4/S5_4.3/conv1/relu/Relu_output_0", "shape": ["1", "128", "16", "16"]}, {"name": "/segment/S5_4/S5_4.3/conv1/relu/Relu_output_0_QuantizeLinear_Output", "shape": ["1", "128", "16", "16"]}, {"name": "/segment/S5_4/S5_4.3/conv1/relu/Relu_output_0_DequantizeLinear_Output", "shape": ["1", "128", "16", "16"]}, {"name": "onnx::Conv_642_DequantizeLinear_Output", "shape": ["768"]}, {"name": "onnx::Conv_641_DequantizeLinear_Output", "shape": ["768", "1", "3", "3"]}, {"name": "/segment/S5_4/S5_4.3/dwconv/dwconv.0/Conv_output_0", "shape": ["1", "768", "16", "16"]}, {"name": "/segment/S5_4/S5_4.3/dwconv/dwconv.2/Relu_output_0", "shape": ["1", "768", "16", "16"]}, {"name": "/segment/S5_4/S5_4.3/dwconv/dwconv.2/Relu_output_0_QuantizeLinear_Output", "shape": ["1", "768", "16", "16"]}, {"name": "/segment/S5_4/S5_4.3/dwconv/dwconv.2/Relu_output_0_DequantizeLinear_Output", "shape": ["1", "768", "16", "16"]}, {"name": "onnx::Conv_645_DequantizeLinear_Output", "shape": ["128"]}, {"name": "onnx::Conv_644_DequantizeLinear_Output", "shape": ["128", "768", "1", "1"]}, {"name": "/segment/S5_4/S5_4.3/conv2/conv2.0/Conv_output_0", "shape": ["1", "128", "16", "16"]}, {"name": "/segment/S5_4/S5_4.3/conv2/conv2.0/Conv_output_0_QuantizeLinear_Output", "shape": ["1", "128", "16", "16"]}, {"name": "/segment/S5_4/S5_4.3/conv2/conv2.0/Conv_output_0_DequantizeLinear_Output", "shape": ["1", "128", "16", "16"]}, {"name": "/segment/S5_4/S5_4.3/Add_output_0", "shape": ["1", "128", "16", "16"]}, {"name": "/segment/S5_4/S5_4.3/relu/Relu_output_0", "shape": ["1", "128", "16", "16"]}, {"name": "/segment/S5_4/S5_4.3/relu/Relu_output_0_QuantizeLinear_Output", "shape": ["1", "128", "16", "16"]}, {"name": "/segment/S5_4/S5_4.3/relu/Relu_output_0_DequantizeLinear_Output/duplicated", "shape": ["1", "128", "16", "16"]}, {"name": "/segment/S5_4/S5_4.3/relu/Relu_output_0_DequantizeLinear_Output", "shape": ["1", "128", "16", "16"]}, {"name": "/segment/S5_5/ReduceMean_output_0_Mul", "shape": ["1", "128", "1", "1"]}, {"name": "/segment/S5_5/ReduceMean_output_0_QuantizeLinear_Output", "shape": ["1", "128", "1", "1"]}, {"name": "/segment/S5_5/ReduceMean_output_0_DequantizeLinear_Output", "shape": ["1", "128", "1", "1"]}, {"name": "/segment/S5_5/bn/BatchNormalization_output_0weights_DequantizeLinear_Output", "shape": ["128", "1", "1", "1"]}, {"name": "/segment/S5_5/bn/BatchNormalization_output_0bias_DequantizeLinear_Output", "shape": ["128"]}, {"name": "/segment/S5_5/bn/BatchNormalization_output_0", "shape": ["1", "128", "1", "1"]}, {"name": "/segment/S5_5/bn/BatchNormalization_output_0_QuantizeLinear_Output", "shape": ["1", "128", "1", "1"]}, {"name": "/segment/S5_5/bn/BatchNormalization_output_0_DequantizeLinear_Output", "shape": ["1", "128", "1", "1"]}, {"name": "onnx::Conv_648_DequantizeLinear_Output", "shape": ["128"]}, {"name": "onnx::Conv_647_DequantizeLinear_Output", "shape": ["128", "128", "1", "1"]}, {"name": "/segment/S5_5/conv_gap/conv/Conv_output_0", "shape": ["1", "128", "1", "1"]}, {"name": "/segment/S5_5/conv_gap/relu/Relu_output_0", "shape": ["1", "128", "1", "1"]}, {"name": "/segment/S5_5/conv_gap/relu/Relu_output_0_QuantizeLinear_Output", "shape": ["1", "128", "1", "1"]}, {"name": "/segment/S5_5/conv_gap/relu/Relu_output_0_DequantizeLinear_Output", "shape": ["1", "128", "1", "1"]}, {"name": "/segment/S5_5/Add_output_0", "shape": ["1", "128", "16", "16"]}, {"name": "/segment/S5_5/Add_output_0_QuantizeLinear_Output", "shape": ["1", "128", "16", "16"]}, {"name": "/segment/S5_5/Add_output_0_DequantizeLinear_Output", "shape": ["1", "128", "16", "16"]}, {"name": "onnx::Conv_651_DequantizeLinear_Output", "shape": ["128"]}, {"name": "onnx::Conv_650_DequantizeLinear_Output", "shape": ["128", "128", "3", "3"]}, {"name": "/segment/S5_5/conv_last/conv/Conv_output_0", "shape": ["1", "128", "16", "16"]}, {"name": "/segment/S5_5/conv_last/relu/Relu_output_0", "shape": ["1", "128", "16", "16"]}, {"name": "/segment/S5_5/conv_last/relu/Relu_output_0_QuantizeLinear_Output", "shape": ["1", "128", "16", "16"]}, {"name": "/segment/S5_5/conv_last/relu/Relu_output_0_DequantizeLinear_Output/duplicated", "shape": ["1", "128", "16", "16"]}, {"name": "onnx::Conv_663_DequantizeLinear_Output", "shape": ["128"]}, {"name": "onnx::Conv_662_DequantizeLinear_Output", "shape": ["128", "1", "3", "3"]}, {"name": "/bga/right2/right2.0/Conv_output_0", "shape": ["1", "128", "16", "16"]}, {"name": "/bga/right2/right2.0/Conv_output_0_QuantizeLinear_Output", "shape": ["1", "128", "16", "16"]}, {"name": "/bga/right2/right2.0/Conv_output_0_DequantizeLinear_Output", "shape": ["1", "128", "16", "16"]}, {"name": "bga.right2.2.weight_DequantizeLinear_Output", "shape": ["128", "128", "1", "1"]}, {"name": "/bga/right2/right2.2/Conv_output_0", "shape": ["1", "128", "16", "16"]}, {"name": "/bga/right2/right2.2/Conv_output_0_QuantizeLinear_Output", "shape": ["1", "128", "16", "16"]}, {"name": "/bga/right2/right2.2/Conv_output_0_DequantizeLinear_Output", "shape": ["1", "128", "16", "16"]}, {"name": "/bga/Sigmoid_1_output_0_Mul", "shape": ["1", "128", "16", "16"]}, {"name": "/bga/Sigmoid_1_output_0", "shape": ["1", "128", "16", "16"]}, {"name": "/bga/Sigmoid_1_output_0_QuantizeLinear_Output", "shape": ["1", "128", "16", "16"]}, {"name": "/bga/Sigmoid_1_output_0_DequantizeLinear_Output", "shape": ["1", "128", "16", "16"]}, {"name": "image_DequantizeLinear_Output", "shape": ["1", "3", "512", "512"]}, {"name": "onnx::Conv_513_DequantizeLinear_Output", "shape": ["64"]}, {"name": "onnx::Conv_512_DequantizeLinear_Output", "shape": ["64", "3", "3", "3"]}, {"name": "/detail/S1/S1.0/conv/Conv_output_0", "shape": ["1", "64", "256", "256"]}, {"name": "/detail/S1/S1.0/relu/Relu_output_0", "shape": ["1", "64", "256", "256"]}, {"name": "/detail/S1/S1.0/relu/Relu_output_0_QuantizeLinear_Output", "shape": ["1", "64", "256", "256"]}, {"name": "/detail/S1/S1.0/relu/Relu_output_0_DequantizeLinear_Output", "shape": ["1", "64", "256", "256"]}, {"name": "onnx::Conv_516_DequantizeLinear_Output", "shape": ["64"]}, {"name": "onnx::Conv_515_DequantizeLinear_Output", "shape": ["64", "64", "3", "3"]}, {"name": "/detail/S1/S1.1/conv/Conv_output_0", "shape": ["1", "64", "256", "256"]}, {"name": "/detail/S1/S1.1/relu/Relu_output_0", "shape": ["1", "64", "256", "256"]}, {"name": "/detail/S1/S1.1/relu/Relu_output_0_QuantizeLinear_Output", "shape": ["1", "64", "256", "256"]}, {"name": "/detail/S1/S1.1/relu/Relu_output_0_DequantizeLinear_Output", "shape": ["1", "64", "256", "256"]}, {"name": "onnx::Conv_519_DequantizeLinear_Output", "shape": ["64"]}, {"name": "onnx::Conv_518_DequantizeLinear_Output", "shape": ["64", "64", "3", "3"]}, {"name": "/detail/S2/S2.0/conv/Conv_output_0", "shape": ["1", "64", "128", "128"]}, {"name": "/detail/S2/S2.0/relu/Relu_output_0", "shape": ["1", "64", "128", "128"]}, {"name": "/detail/S2/S2.0/relu/Relu_output_0_QuantizeLinear_Output", "shape": ["1", "64", "128", "128"]}, {"name": "/detail/S2/S2.0/relu/Relu_output_0_DequantizeLinear_Output", "shape": ["1", "64", "128", "128"]}, {"name": "onnx::Conv_522_DequantizeLinear_Output", "shape": ["64"]}, {"name": "onnx::Conv_521_DequantizeLinear_Output", "shape": ["64", "64", "3", "3"]}, {"name": "/detail/S2/S2.1/conv/Conv_output_0", "shape": ["1", "64", "128", "128"]}, {"name": "/detail/S2/S2.1/relu/Relu_output_0", "shape": ["1", "64", "128", "128"]}, {"name": "/detail/S2/S2.1/relu/Relu_output_0_QuantizeLinear_Output", "shape": ["1", "64", "128", "128"]}, {"name": "/detail/S2/S2.1/relu/Relu_output_0_DequantizeLinear_Output", "shape": ["1", "64", "128", "128"]}, {"name": "onnx::Conv_525_DequantizeLinear_Output", "shape": ["64"]}, {"name": "onnx::Conv_524_DequantizeLinear_Output", "shape": ["64", "64", "3", "3"]}, {"name": "/detail/S2/S2.2/conv/Conv_output_0", "shape": ["1", "64", "128", "128"]}, {"name": "/detail/S2/S2.2/relu/Relu_output_0", "shape": ["1", "64", "128", "128"]}, {"name": "/detail/S2/S2.2/relu/Relu_output_0_QuantizeLinear_Output", "shape": ["1", "64", "128", "128"]}, {"name": "/detail/S2/S2.2/relu/Relu_output_0_DequantizeLinear_Output", "shape": ["1", "64", "128", "128"]}, {"name": "onnx::Conv_528_DequantizeLinear_Output", "shape": ["128"]}, {"name": "onnx::Conv_527_DequantizeLinear_Output", "shape": ["128", "64", "3", "3"]}, {"name": "/detail/S3/S3.0/conv/Conv_output_0", "shape": ["1", "128", "64", "64"]}, {"name": "/detail/S3/S3.0/relu/Relu_output_0", "shape": ["1", "128", "64", "64"]}, {"name": "/detail/S3/S3.0/relu/Relu_output_0_QuantizeLinear_Output", "shape": ["1", "128", "64", "64"]}, {"name": "/detail/S3/S3.0/relu/Relu_output_0_DequantizeLinear_Output", "shape": ["1", "128", "64", "64"]}, {"name": "onnx::Conv_531_DequantizeLinear_Output", "shape": ["128"]}, {"name": "onnx::Conv_530_DequantizeLinear_Output", "shape": ["128", "128", "3", "3"]}, {"name": "/detail/S3/S3.1/conv/Conv_output_0", "shape": ["1", "128", "64", "64"]}, {"name": "/detail/S3/S3.1/relu/Relu_output_0", "shape": ["1", "128", "64", "64"]}, {"name": "/detail/S3/S3.1/relu/Relu_output_0_QuantizeLinear_Output", "shape": ["1", "128", "64", "64"]}, {"name": "/detail/S3/S3.1/relu/Relu_output_0_DequantizeLinear_Output", "shape": ["1", "128", "64", "64"]}, {"name": "onnx::Conv_534_DequantizeLinear_Output", "shape": ["128"]}, {"name": "onnx::Conv_533_DequantizeLinear_Output", "shape": ["128", "128", "3", "3"]}, {"name": "/detail/S3/S3.2/conv/Conv_output_0", "shape": ["1", "128", "64", "64"]}, {"name": "/detail/S3/S3.2/relu/Relu_output_0", "shape": ["1", "128", "64", "64"]}, {"name": "/detail/S3/S3.2/relu/Relu_output_0_QuantizeLinear_Output", "shape": ["1", "128", "64", "64"]}, {"name": "/detail/S3/S3.2/relu/Relu_output_0_DequantizeLinear_Output/duplicated", "shape": ["1", "128", "64", "64"]}, {"name": "onnx::Conv_657_DequantizeLinear_Output", "shape": ["128"]}, {"name": "onnx::Conv_656_DequantizeLinear_Output", "shape": ["128", "128", "3", "3"]}, {"name": "/bga/left2/left2.0/Conv_output_0", "shape": ["1", "128", "32", "32"]}, {"name": "/bga/left2/left2.0/Conv_output_0_QuantizeLinear_Output", "shape": ["1", "128", "32", "32"]}, {"name": "/bga/left2/left2.0/Conv_output_0_DequantizeLinear_Output", "shape": ["1", "128", "32", "32"]}, {"name": "/bga/left2/left2.2/AveragePool_output_0_Mul", "shape": ["1", "128", "16", "16"]}, {"name": "/bga/left2/left2.2/AveragePool_output_0", "shape": ["1", "128", "16", "16"]}, {"name": "/bga/left2/left2.2/AveragePool_output_0_QuantizeLinear_Output", "shape": ["1", "128", "16", "16"]}, {"name": "/bga/left2/left2.2/AveragePool_output_0_DequantizeLinear_Output", "shape": ["1", "128", "16", "16"]}, {"name": "/bga/Mul_1_output_0", "shape": ["1", "128", "16", "16"]}, {"name": "/bga/Mul_1_output_0_QuantizeLinear_Output", "shape": ["1", "128", "16", "16"]}, {"name": "/bga/Mul_1_output_0_DequantizeLinear_Output", "shape": ["1", "128", "16", "16"]}, {"name": "/bga/up2/Resize_output_0", "shape": ["1", "128", "64", "64"]}, {"name": "/bga/up2/Resize_output_0_QuantizeLinear_Output", "shape": ["1", "128", "64", "64"]}, {"name": "/bga/up2/Resize_output_0_DequantizeLinear_Output", "shape": ["1", "128", "64", "64"]}, {"name": "/segment/S5_5/conv_last/relu/Relu_output_0_DequantizeLinear_Output", "shape": ["1", "128", "16", "16"]}, {"name": "onnx::Conv_660_DequantizeLinear_Output", "shape": ["128"]}, {"name": "onnx::Conv_659_DequantizeLinear_Output", "shape": ["128", "128", "3", "3"]}, {"name": "/bga/right1/right1.0/Conv_output_0", "shape": ["1", "128", "16", "16"]}, {"name": "/bga/right1/right1.0/Conv_output_0_QuantizeLinear_Output", "shape": ["1", "128", "16", "16"]}, {"name": "/bga/right1/right1.0/Conv_output_0_DequantizeLinear_Output", "shape": ["1", "128", "16", "16"]}, {"name": "/bga/up1/Resize_output_0", "shape": ["1", "128", "64", "64"]}, {"name": "/bga/up1/Resize_output_0_QuantizeLinear_Output", "shape": ["1", "128", "64", "64"]}, {"name": "/bga/up1/Resize_output_0_DequantizeLinear_Output", "shape": ["1", "128", "64", "64"]}, {"name": "/bga/Sigmoid_output_0_Mul", "shape": ["1", "128", "64", "64"]}, {"name": "/bga/Sigmoid_output_0", "shape": ["1", "128", "64", "64"]}, {"name": "/bga/Sigmoid_output_0_QuantizeLinear_Output", "shape": ["1", "128", "64", "64"]}, {"name": "/bga/Sigmoid_output_0_DequantizeLinear_Output", "shape": ["1", "128", "64", "64"]}, {"name": "/detail/S3/S3.2/relu/Relu_output_0_DequantizeLinear_Output", "shape": ["1", "128", "64", "64"]}, {"name": "onnx::Conv_654_DequantizeLinear_Output", "shape": ["128"]}, {"name": "onnx::Conv_653_DequantizeLinear_Output", "shape": ["128", "1", "3", "3"]}, {"name": "/bga/left1/left1.0/Conv_output_0", "shape": ["1", "128", "64", "64"]}, {"name": "/bga/left1/left1.0/Conv_output_0_QuantizeLinear_Output", "shape": ["1", "128", "64", "64"]}, {"name": "/bga/left1/left1.0/Conv_output_0_DequantizeLinear_Output", "shape": ["1", "128", "64", "64"]}, {"name": "bga.left1.2.weight_DequantizeLinear_Output", "shape": ["128", "128", "1", "1"]}, {"name": "/bga/left1/left1.2/Conv_output_0", "shape": ["1", "128", "64", "64"]}, {"name": "/bga/left1/left1.2/Conv_output_0_QuantizeLinear_Output", "shape": ["1", "128", "64", "64"]}, {"name": "/bga/left1/left1.2/Conv_output_0_DequantizeLinear_Output", "shape": ["1", "128", "64", "64"]}, {"name": "/bga/Mul_output_0", "shape": ["1", "128", "64", "64"]}, {"name": "/bga/Mul_output_0_QuantizeLinear_Output", "shape": ["1", "128", "64", "64"]}, {"name": "/bga/Mul_output_0_DequantizeLinear_Output", "shape": ["1", "128", "64", "64"]}, {"name": "/bga/Add_output_0", "shape": ["1", "128", "64", "64"]}, {"name": "/bga/Add_output_0_QuantizeLinear_Output", "shape": ["1", "128", "64", "64"]}, {"name": "/bga/Add_output_0_DequantizeLinear_Output", "shape": ["1", "128", "64", "64"]}, {"name": "onnx::Conv_666_DequantizeLinear_Output", "shape": ["128"]}, {"name": "onnx::Conv_665_DequantizeLinear_Output", "shape": ["128", "128", "3", "3"]}, {"name": "/bga/conv/conv.0/Conv_output_0", "shape": ["1", "128", "64", "64"]}, {"name": "/bga/conv/conv.2/Relu_output_0", "shape": ["1", "128", "64", "64"]}, {"name": "/bga/conv/conv.2/Relu_output_0_QuantizeLinear_Output", "shape": ["1", "128", "64", "64"]}, {"name": "/bga/conv/conv.2/Relu_output_0_DequantizeLinear_Output", "shape": ["1", "128", "64", "64"]}, {"name": "onnx::Conv_669_DequantizeLinear_Output", "shape": ["1024"]}, {"name": "onnx::Conv_668_DequantizeLinear_Output", "shape": ["1024", "128", "3", "3"]}, {"name": "/head/conv/conv/Conv_output_0", "shape": ["1", "1024", "64", "64"]}, {"name": "/head/conv/relu/Relu_output_0", "shape": ["1", "1024", "64", "64"]}, {"name": "/head/conv/relu/Relu_output_0_QuantizeLinear_Output", "shape": ["1", "1024", "64", "64"]}, {"name": "/head/conv/relu/Relu_output_0_DequantizeLinear_Output", "shape": ["1", "1024", "64", "64"]}, {"name": "head.conv_out.weight_DequantizeLinear_Output", "shape": ["19", "1024", "1", "1"]}, {"name": "head.conv_out.bias_DequantizeLinear_Output", "shape": ["19"]}, {"name": "/head/conv_out/Conv_output_0", "shape": ["1", "19", "64", "64"]}, {"name": "/head/conv_out/Conv_output_0_QuantizeLinear_Output", "shape": ["1", "19", "64", "64"]}, {"name": "/head/conv_out/Conv_output_0_DequantizeLinear_Output", "shape": ["1", "19", "64", "64"]}, {"name": "logits_QuantizeLinear_Input", "shape": ["1", "19", "512", "512"]}, {"name": "logits_QuantizeLinear_Output", "shape": ["1", "19", "512", "512"]}, {"name": "logits", "shape": ["1", "19", "512", "512"]}], "subgraphStat": [{"device": "DPU", "count": 1}]}}
NPU_TIMELINE "\n-----------------------------\n[003d:00:01.1] : NPU Phoenix\n-----------------------------\nAIE Partitions\n  Total Memory Usage: 117 MB\n  Partition Index   : 0\n    Columns: [1, 2, 3, 4]\n    HW Contexts:\n      |PID                 |Ctx ID     |Submissions |Migrations  |Err  |Priority |\n      |Process Name        |Status     |Completions |Suspensions |     |GOPS     |\n      |Memory Usage        |Instr BO   |            |            |     |FPS      |\n      |                    |           |            |            |     |Latency  |\n      |====================|===========|============|============|=====|=========|\n      |49348               |195        |12          |0           |0    |Normal   |\n      |python.exe          |Active     |12          |0           |     |28       |\n      |117 MB              |4128 KB    |            |            |     |N/A      |\n      |                    |           |            |            |     |N/A      |\n      |--------------------|-----------|------------|------------|-----|---------|\n"
NPU_OWNERSHIP {"context_pids": [49348], "owned_pids": [49348, 54156], "foreign_pids": []}
HOST_TIMELINE {"elapsed_seconds": 3.781, "tree_rss_bytes": 387522560, "foreign_peers": []}
NPU_TIMELINE "\n-----------------------------\n[003d:00:01.1] : NPU Phoenix\n-----------------------------\nAIE Partitions\n  Total Memory Usage: 117 MB\n  Partition Index   : 0\n    Columns: [1, 2, 3, 4]\n    HW Contexts:\n      |PID                 |Ctx ID     |Submissions |Migrations  |Err  |Priority |\n      |Process Name        |Status     |Completions |Suspensions |     |GOPS     |\n      |Memory Usage        |Instr BO   |            |            |     |FPS      |\n      |                    |           |            |            |     |Latency  |\n      |====================|===========|============|============|=====|=========|\n      |49348               |195        |81          |0           |0    |Normal   |\n      |python.exe          |Active     |81          |0           |     |28       |\n      |117 MB              |4128 KB    |            |            |     |N/A      |\n      |                    |           |            |            |     |N/A      |\n      |--------------------|-----------|------------|------------|-----|---------|\n"
NPU_OWNERSHIP {"context_pids": [49348], "owned_pids": [49348, 54156], "foreign_pids": []}
HOST_TIMELINE {"elapsed_seconds": 7.25, "tree_rss_bytes": 402763776, "foreign_peers": []}
HOST_TIMELINE {"elapsed_seconds": 10.797, "tree_rss_bytes": 383873024, "foreign_peers": []}
NPU_TIMELINE "\n-----------------------------\n[003d:00:01.1] : NPU Phoenix\n-----------------------------\nAIE Partitions\n  Total Memory Usage: 117 MB\n  Partition Index   : 0\n    Columns: [1, 2, 3, 4]\n    HW Contexts:\n      |PID                 |Ctx ID     |Submissions |Migrations  |Err  |Priority |\n      |Process Name        |Status     |Completions |Suspensions |     |GOPS     |\n      |Memory Usage        |Instr BO   |            |            |     |FPS      |\n      |                    |           |            |            |     |Latency  |\n      |====================|===========|============|============|=====|=========|\n      |49348               |195        |156         |0           |0    |Normal   |\n      |python.exe          |Active     |156         |0           |     |28       |\n      |117 MB              |4128 KB    |            |            |     |N/A      |\n      |                    |           |            |            |     |N/A      |\n      |--------------------|-----------|------------|------------|-----|---------|\n"
NPU_OWNERSHIP {"context_pids": [49348], "owned_pids": [49348, 54156], "foreign_pids": []}
HOST_TIMELINE {"elapsed_seconds": 14.25, "tree_rss_bytes": 399048704, "foreign_peers": []}
NPU_TIMELINE "\n-----------------------------\n[003d:00:01.1] : NPU Phoenix\n-----------------------------\nAIE Partitions\n  Total Memory Usage: 117 MB\n  Partition Index   : 0\n    Columns: [1, 2, 3, 4]\n    HW Contexts:\n      |PID                 |Ctx ID     |Submissions |Migrations  |Err  |Priority |\n      |Process Name        |Status     |Completions |Suspensions |     |GOPS     |\n      |Memory Usage        |Instr BO   |            |            |     |FPS      |\n      |                    |           |            |            |     |Latency  |\n      |====================|===========|============|============|=====|=========|\n      |49348               |195        |225         |0           |0    |Normal   |\n      |python.exe          |Active     |225         |0           |     |28       |\n      |117 MB              |4128 KB    |            |            |     |N/A      |\n      |                    |           |            |            |     |N/A      |\n      |--------------------|-----------|------------|------------|-----|---------|\n"
NPU_OWNERSHIP {"context_pids": [49348], "owned_pids": [49348, 54156], "foreign_pids": []}
HOST_TIMELINE {"elapsed_seconds": 17.703, "tree_rss_bytes": 390987776, "foreign_peers": []}
HOST_TIMELINE {"elapsed_seconds": 21.203, "tree_rss_bytes": 387796992, "foreign_peers": []}
NPU_TIMELINE "\n-----------------------------\n[003d:00:01.1] : NPU Phoenix\n-----------------------------\nAIE Partitions\n  Total Memory Usage: 117 MB\n  Partition Index   : 0\n    Columns: [1, 2, 3, 4]\n    HW Contexts:\n      |PID                 |Ctx ID     |Submissions |Migrations  |Err  |Priority |\n      |Process Name        |Status     |Completions |Suspensions |     |GOPS     |\n      |Memory Usage        |Instr BO   |            |            |     |FPS      |\n      |                    |           |            |            |     |Latency  |\n      |====================|===========|============|============|=====|=========|\n      |49348               |195        |297         |0           |0    |Normal   |\n      |python.exe          |Active     |297         |0           |     |28       |\n      |117 MB              |4128 KB    |            |            |     |N/A      |\n      |                    |           |            |            |     |N/A      |\n      |--------------------|-----------|------------|------------|-----|---------|\n"
NPU_OWNERSHIP {"context_pids": [49348], "owned_pids": [49348, 54156], "foreign_pids": []}
HOST_TIMELINE {"elapsed_seconds": 24.672, "tree_rss_bytes": 402362368, "foreign_peers": []}
NPU_TIMELINE "\n-----------------------------\n[003d:00:01.1] : NPU Phoenix\n-----------------------------\nAIE Partitions\n  Total Memory Usage: 117 MB\n  Partition Index   : 0\n    Columns: [1, 2, 3, 4]\n    HW Contexts:\n      |PID                 |Ctx ID     |Submissions |Migrations  |Err  |Priority |\n      |Process Name        |Status     |Completions |Suspensions |     |GOPS     |\n      |Memory Usage        |Instr BO   |            |            |     |FPS      |\n      |                    |           |            |            |     |Latency  |\n      |====================|===========|============|============|=====|=========|\n      |49348               |195        |366         |0           |0    |Normal   |\n      |python.exe          |Active     |366         |0           |     |28       |\n      |117 MB              |4128 KB    |            |            |     |N/A      |\n      |                    |           |            |            |     |N/A      |\n      |--------------------|-----------|------------|------------|-----|---------|\n"
NPU_OWNERSHIP {"context_pids": [49348], "owned_pids": [49348, 54156], "foreign_pids": []}
HOST_TIMELINE {"elapsed_seconds": 28.14, "tree_rss_bytes": 395132928, "foreign_peers": []}
HOST_TIMELINE {"elapsed_seconds": 31.547, "tree_rss_bytes": 388628480, "foreign_peers": []}
NPU_TIMELINE "\n-----------------------------\n[003d:00:01.1] : NPU Phoenix\n-----------------------------\nAIE Partitions\n  Total Memory Usage: 117 MB\n  Partition Index   : 0\n    Columns: [1, 2, 3, 4]\n    HW Contexts:\n      |PID                 |Ctx ID     |Submissions |Migrations  |Err  |Priority |\n      |Process Name        |Status     |Completions |Suspensions |     |GOPS     |\n      |Memory Usage        |Instr BO   |            |            |     |FPS      |\n      |                    |           |            |            |     |Latency  |\n      |====================|===========|============|============|=====|=========|\n      |49348               |195        |438         |0           |0    |Normal   |\n      |python.exe          |Active     |437         |0           |     |28       |\n      |117 MB              |4128 KB    |            |            |     |N/A      |\n      |                    |           |            |            |     |N/A      |\n      |--------------------|-----------|------------|------------|-----|---------|\n"
NPU_OWNERSHIP {"context_pids": [49348], "owned_pids": [49348, 54156], "foreign_pids": []}
HOST_TIMELINE {"elapsed_seconds": 34.984, "tree_rss_bytes": 394510336, "foreign_peers": []}
NPU_TIMELINE "\n-----------------------------\n[003d:00:01.1] : NPU Phoenix\n-----------------------------\nAIE Partitions\n  Total Memory Usage: 117 MB\n  Partition Index   : 0\n    Columns: [1, 2, 3, 4]\n    HW Contexts:\n      |PID                 |Ctx ID     |Submissions |Migrations  |Err  |Priority |\n      |Process Name        |Status     |Completions |Suspensions |     |GOPS     |\n      |Memory Usage        |Instr BO   |            |            |     |FPS      |\n      |                    |           |            |            |     |Latency  |\n      |====================|===========|============|============|=====|=========|\n      |49348               |195        |507         |0           |0    |Normal   |\n      |python.exe          |Active     |507         |0           |     |28       |\n      |117 MB              |4128 KB    |            |            |     |N/A      |\n      |                    |           |            |            |     |N/A      |\n      |--------------------|-----------|------------|------------|-----|---------|\n"
NPU_OWNERSHIP {"context_pids": [49348], "owned_pids": [49348, 54156], "foreign_pids": []}
HOST_TIMELINE {"elapsed_seconds": 38.469, "tree_rss_bytes": 390234112, "foreign_peers": []}
HOST_TIMELINE {"elapsed_seconds": 41.984, "tree_rss_bytes": 386879488, "foreign_peers": []}
NPU_TIMELINE "\n-----------------------------\n[003d:00:01.1] : NPU Phoenix\n-----------------------------\nAIE Partitions\n  Total Memory Usage: 117 MB\n  Partition Index   : 0\n    Columns: [1, 2, 3, 4]\n    HW Contexts:\n      |PID                 |Ctx ID     |Submissions |Migrations  |Err  |Priority |\n      |Process Name        |Status     |Completions |Suspensions |     |GOPS     |\n      |Memory Usage        |Instr BO   |            |            |     |FPS      |\n      |                    |           |            |            |     |Latency  |\n      |====================|===========|============|============|=====|=========|\n      |49348               |195        |579         |0           |0    |Normal   |\n      |python.exe          |Active     |579         |0           |     |28       |\n      |117 MB              |4128 KB    |            |            |     |N/A      |\n      |                    |           |            |            |     |N/A      |\n      |--------------------|-----------|------------|------------|-----|---------|\n"
NPU_OWNERSHIP {"context_pids": [49348], "owned_pids": [49348, 54156], "foreign_pids": []}
HOST_TIMELINE {"elapsed_seconds": 45.422, "tree_rss_bytes": 400166912, "foreign_peers": []}
NPU_TIMELINE "\n-----------------------------\n[003d:00:01.1] : NPU Phoenix\n-----------------------------\nAIE Partitions\n  Total Memory Usage: 117 MB\n  Partition Index   : 0\n    Columns: [1, 2, 3, 4]\n    HW Contexts:\n      |PID                 |Ctx ID     |Submissions |Migrations  |Err  |Priority |\n      |Process Name        |Status     |Completions |Suspensions |     |GOPS     |\n      |Memory Usage        |Instr BO   |            |            |     |FPS      |\n      |                    |           |            |            |     |Latency  |\n      |====================|===========|============|============|=====|=========|\n      |49348               |195        |648         |0           |0    |Normal   |\n      |python.exe          |Active     |648         |0           |     |28       |\n      |117 MB              |4128 KB    |            |            |     |N/A      |\n      |                    |           |            |            |     |N/A      |\n      |--------------------|-----------|------------|------------|-----|---------|\n"
NPU_OWNERSHIP {"context_pids": [49348], "owned_pids": [49348, 54156], "foreign_pids": []}
HOST_TIMELINE {"elapsed_seconds": 48.875, "tree_rss_bytes": 391811072, "foreign_peers": []}
HOST_TIMELINE {"elapsed_seconds": 52.406, "tree_rss_bytes": 392638464, "foreign_peers": []}
NPU_TIMELINE "\n-----------------------------\n[003d:00:01.1] : NPU Phoenix\n-----------------------------\nAIE Partitions\n  Total Memory Usage: 117 MB\n  Partition Index   : 0\n    Columns: [1, 2, 3, 4]\n    HW Contexts:\n      |PID                 |Ctx ID     |Submissions |Migrations  |Err  |Priority |\n      |Process Name        |Status     |Completions |Suspensions |     |GOPS     |\n      |Memory Usage        |Instr BO   |            |            |     |FPS      |\n      |                    |           |            |            |     |Latency  |\n      |====================|===========|============|============|=====|=========|\n      |49348               |195        |720         |0           |0    |Normal   |\n      |python.exe          |Active     |720         |0           |     |28       |\n      |117 MB              |4128 KB    |            |            |     |N/A      |\n      |                    |           |            |            |     |N/A      |\n      |--------------------|-----------|------------|------------|-----|---------|\n"
NPU_OWNERSHIP {"context_pids": [49348], "owned_pids": [49348, 54156], "foreign_pids": []}
HOST_TIMELINE {"elapsed_seconds": 55.875, "tree_rss_bytes": 385163264, "foreign_peers": []}
NPU_TIMELINE "\n-----------------------------\n[003d:00:01.1] : NPU Phoenix\n-----------------------------\nAIE Partitions\n  Total Memory Usage: 117 MB\n  Partition Index   : 0\n    Columns: [1, 2, 3, 4]\n    HW Contexts:\n      |PID                 |Ctx ID     |Submissions |Migrations  |Err  |Priority |\n      |Process Name        |Status     |Completions |Suspensions |     |GOPS     |\n      |Memory Usage        |Instr BO   |            |            |     |FPS      |\n      |                    |           |            |            |     |Latency  |\n      |====================|===========|============|============|=====|=========|\n      |49348               |195        |789         |0           |0    |Normal   |\n      |python.exe          |Active     |789         |0           |     |28       |\n      |117 MB              |4128 KB    |            |            |     |N/A      |\n      |                    |           |            |            |     |N/A      |\n      |--------------------|-----------|------------|------------|-----|---------|\n"
NPU_OWNERSHIP {"context_pids": [49348], "owned_pids": [49348, 54156], "foreign_pids": []}
HOST_TIMELINE {"elapsed_seconds": 59.375, "tree_rss_bytes": 386269184, "foreign_peers": []}
HOST_TIMELINE {"elapsed_seconds": 62.765, "tree_rss_bytes": 389783552, "foreign_peers": []}
NPU_TIMELINE "\n-----------------------------\n[003d:00:01.1] : NPU Phoenix\n-----------------------------\nAIE Partitions\n  Total Memory Usage: 117 MB\n  Partition Index   : 0\n    Columns: [1, 2, 3, 4]\n    HW Contexts:\n      |PID                 |Ctx ID     |Submissions |Migrations  |Err  |Priority |\n      |Process Name        |Status     |Completions |Suspensions |     |GOPS     |\n      |Memory Usage        |Instr BO   |            |            |     |FPS      |\n      |                    |           |            |            |     |Latency  |\n      |====================|===========|============|============|=====|=========|\n      |49348               |195        |861         |0           |0    |Normal   |\n      |python.exe          |Active     |861         |0           |     |28       |\n      |117 MB              |4128 KB    |            |            |     |N/A      |\n      |                    |           |            |            |     |N/A      |\n      |--------------------|-----------|------------|------------|-----|---------|\n"
NPU_OWNERSHIP {"context_pids": [49348], "owned_pids": [49348, 54156], "foreign_pids": []}
HOST_TIMELINE {"elapsed_seconds": 66.25, "tree_rss_bytes": 385044480, "foreign_peers": []}
NPU_TIMELINE "\n-----------------------------\n[003d:00:01.1] : NPU Phoenix\n-----------------------------\nAIE Partitions\n  Total Memory Usage: 117 MB\n  Partition Index   : 0\n    Columns: [1, 2, 3, 4]\n    HW Contexts:\n      |PID                 |Ctx ID     |Submissions |Migrations  |Err  |Priority |\n      |Process Name        |Status     |Completions |Suspensions |     |GOPS     |\n      |Memory Usage        |Instr BO   |            |            |     |FPS      |\n      |                    |           |            |            |     |Latency  |\n      |====================|===========|============|============|=====|=========|\n      |49348               |195        |930         |0           |0    |Normal   |\n      |python.exe          |Active     |930         |0           |     |28       |\n      |117 MB              |4128 KB    |            |            |     |N/A      |\n      |                    |           |            |            |     |N/A      |\n      |--------------------|-----------|------------|------------|-----|---------|\n"
NPU_OWNERSHIP {"context_pids": [49348], "owned_pids": [49348, 54156], "foreign_pids": []}
HOST_TIMELINE {"elapsed_seconds": 69.719, "tree_rss_bytes": 399151104, "foreign_peers": []}
HOST_TIMELINE {"elapsed_seconds": 73.219, "tree_rss_bytes": 397185024, "foreign_peers": []}
NPU_TIMELINE "\n-----------------------------\n[003d:00:01.1] : NPU Phoenix\n-----------------------------\nAIE Partitions\n  Total Memory Usage: 117 MB\n  Partition Index   : 0\n    Columns: [1, 2, 3, 4]\n    HW Contexts:\n      |PID                 |Ctx ID     |Submissions |Migrations  |Err  |Priority |\n      |Process Name        |Status     |Completions |Suspensions |     |GOPS     |\n      |Memory Usage        |Instr BO   |            |            |     |FPS      |\n      |                    |           |            |            |     |Latency  |\n      |====================|===========|============|============|=====|=========|\n      |49348               |195        |1002        |0           |0    |Normal   |\n      |python.exe          |Active     |1002        |0           |     |28       |\n      |117 MB              |4128 KB    |            |            |     |N/A      |\n      |                    |           |            |            |     |N/A      |\n      |--------------------|-----------|------------|------------|-----|---------|\n"
NPU_OWNERSHIP {"context_pids": [49348], "owned_pids": [49348, 54156], "foreign_pids": []}
HOST_TIMELINE {"elapsed_seconds": 76.672, "tree_rss_bytes": 387907584, "foreign_peers": []}
NPU_TIMELINE "\n-----------------------------\n[003d:00:01.1] : NPU Phoenix\n-----------------------------\nAIE Partitions\n  Total Memory Usage: 117 MB\n  Partition Index   : 0\n    Columns: [1, 2, 3, 4]\n    HW Contexts:\n      |PID                 |Ctx ID     |Submissions |Migrations  |Err  |Priority |\n      |Process Name        |Status     |Completions |Suspensions |     |GOPS     |\n      |Memory Usage        |Instr BO   |            |            |     |FPS      |\n      |                    |           |            |            |     |Latency  |\n      |====================|===========|============|============|=====|=========|\n      |49348               |195        |1071        |0           |0    |Normal   |\n      |python.exe          |Active     |1071        |0           |     |28       |\n      |117 MB              |4128 KB    |            |            |     |N/A      |\n      |                    |           |            |            |     |N/A      |\n      |--------------------|-----------|------------|------------|-----|---------|\n"
NPU_OWNERSHIP {"context_pids": [49348], "owned_pids": [49348, 54156], "foreign_pids": []}
HOST_TIMELINE {"elapsed_seconds": 80.14, "tree_rss_bytes": 402251776, "foreign_peers": []}
HOST_TIMELINE {"elapsed_seconds": 83.656, "tree_rss_bytes": 400596992, "foreign_peers": []}
NPU_TIMELINE "\n-----------------------------\n[003d:00:01.1] : NPU Phoenix\n-----------------------------\nAIE Partitions\n  Total Memory Usage: 117 MB\n  Partition Index   : 0\n    Columns: [1, 2, 3, 4]\n    HW Contexts:\n      |PID                 |Ctx ID     |Submissions |Migrations  |Err  |Priority |\n      |Process Name        |Status     |Completions |Suspensions |     |GOPS     |\n      |Memory Usage        |Instr BO   |            |            |     |FPS      |\n      |                    |           |            |            |     |Latency  |\n      |====================|===========|============|============|=====|=========|\n      |49348               |195        |1143        |0           |0    |Normal   |\n      |python.exe          |Active     |1143        |0           |     |28       |\n      |117 MB              |4128 KB    |            |            |     |N/A      |\n      |                    |           |            |            |     |N/A      |\n      |--------------------|-----------|------------|------------|-----|---------|\n"
NPU_OWNERSHIP {"context_pids": [49348], "owned_pids": [49348, 54156], "foreign_pids": []}
HOST_TIMELINE {"elapsed_seconds": 87.14, "tree_rss_bytes": 394452992, "foreign_peers": []}
NPU_TIMELINE "\n-----------------------------\n[003d:00:01.1] : NPU Phoenix\n-----------------------------\nAIE Partitions\n  Total Memory Usage: 117 MB\n  Partition Index   : 0\n    Columns: [1, 2, 3, 4]\n    HW Contexts:\n      |PID                 |Ctx ID     |Submissions |Migrations  |Err  |Priority |\n      |Process Name        |Status     |Completions |Suspensions |     |GOPS     |\n      |Memory Usage        |Instr BO   |            |            |     |FPS      |\n      |                    |           |            |            |     |Latency  |\n      |====================|===========|============|============|=====|=========|\n      |49348               |195        |1215        |0           |0    |Normal   |\n      |python.exe          |Active     |1215        |0           |     |28       |\n      |117 MB              |4128 KB    |            |            |     |N/A      |\n      |                    |           |            |            |     |N/A      |\n      |--------------------|-----------|------------|------------|-----|---------|\n"
NPU_OWNERSHIP {"context_pids": [49348], "owned_pids": [49348, 54156], "foreign_pids": []}
HOST_TIMELINE {"elapsed_seconds": 90.625, "tree_rss_bytes": 390168576, "foreign_peers": []}
HOST_TIMELINE {"elapsed_seconds": 94.125, "tree_rss_bytes": 385990656, "foreign_peers": []}
NPU_TIMELINE "\n-----------------------------\n[003d:00:01.1] : NPU Phoenix\n-----------------------------\nAIE Partitions\n  Total Memory Usage: 117 MB\n  Partition Index   : 0\n    Columns: [1, 2, 3, 4]\n    HW Contexts:\n      |PID                 |Ctx ID     |Submissions |Migrations  |Err  |Priority |\n      |Process Name        |Status     |Completions |Suspensions |     |GOPS     |\n      |Memory Usage        |Instr BO   |            |            |     |FPS      |\n      |                    |           |            |            |     |Latency  |\n      |====================|===========|============|============|=====|=========|\n      |49348               |195        |1287        |0           |0    |Normal   |\n      |python.exe          |Active     |1287        |0           |     |28       |\n      |117 MB              |4128 KB    |            |            |     |N/A      |\n      |                    |           |            |            |     |N/A      |\n      |--------------------|-----------|------------|------------|-----|---------|\n"
NPU_OWNERSHIP {"context_pids": [49348], "owned_pids": [49348, 54156], "foreign_pids": []}
HOST_TIMELINE {"elapsed_seconds": 97.594, "tree_rss_bytes": 400568320, "foreign_peers": []}
NPU_TIMELINE "\n-----------------------------\n[003d:00:01.1] : NPU Phoenix\n-----------------------------\nAIE Partitions\n  Total Memory Usage: 117 MB\n  Partition Index   : 0\n    Columns: [1, 2, 3, 4]\n    HW Contexts:\n      |PID                 |Ctx ID     |Submissions |Migrations  |Err  |Priority |\n      |Process Name        |Status     |Completions |Suspensions |     |GOPS     |\n      |Memory Usage        |Instr BO   |            |            |     |FPS      |\n      |                    |           |            |            |     |Latency  |\n      |====================|===========|============|============|=====|=========|\n      |49348               |195        |1356        |0           |0    |Normal   |\n      |python.exe          |Active     |1356        |0           |     |28       |\n      |117 MB              |4128 KB    |            |            |     |N/A      |\n      |                    |           |            |            |     |N/A      |\n      |--------------------|-----------|------------|------------|-----|---------|\n"
NPU_OWNERSHIP {"context_pids": [49348], "owned_pids": [49348, 54156], "foreign_pids": []}
HOST_TIMELINE {"elapsed_seconds": 101.047, "tree_rss_bytes": 391262208, "foreign_peers": []}
HOST_TIMELINE {"elapsed_seconds": 104.547, "tree_rss_bytes": 387235840, "foreign_peers": []}
NPU_TIMELINE "\n-----------------------------\n[003d:00:01.1] : NPU Phoenix\n-----------------------------\nAIE Partitions\n  Total Memory Usage: 117 MB\n  Partition Index   : 0\n    Columns: [1, 2, 3, 4]\n    HW Contexts:\n      |PID                 |Ctx ID     |Submissions |Migrations  |Err  |Priority |\n      |Process Name        |Status     |Completions |Suspensions |     |GOPS     |\n      |Memory Usage        |Instr BO   |            |            |     |FPS      |\n      |                    |           |            |            |     |Latency  |\n      |====================|===========|============|============|=====|=========|\n      |49348               |195        |1428        |0           |0    |Normal   |\n      |python.exe          |Active     |1428        |0           |     |28       |\n      |117 MB              |4128 KB    |            |            |     |N/A      |\n      |                    |           |            |            |     |N/A      |\n      |--------------------|-----------|------------|------------|-----|---------|\n"
NPU_OWNERSHIP {"context_pids": [49348], "owned_pids": [49348, 54156], "foreign_pids": []}
HOST_TIMELINE {"elapsed_seconds": 108.0, "tree_rss_bytes": 401850368, "foreign_peers": []}
NPU_TIMELINE "\n-----------------------------\n[003d:00:01.1] : NPU Phoenix\n-----------------------------\nAIE Partitions\n  Total Memory Usage: 117 MB\n  Partition Index   : 0\n    Columns: [1, 2, 3, 4]\n    HW Contexts:\n      |PID                 |Ctx ID     |Submissions |Migrations  |Err  |Priority |\n      |Process Name        |Status     |Completions |Suspensions |     |GOPS     |\n      |Memory Usage        |Instr BO   |            |            |     |FPS      |\n      |                    |           |            |            |     |Latency  |\n      |====================|===========|============|============|=====|=========|\n      |49348               |195        |1497        |0           |0    |Normal   |\n      |python.exe          |Active     |1497        |0           |     |28       |\n      |117 MB              |4128 KB    |            |            |     |N/A      |\n      |                    |           |            |            |     |N/A      |\n      |--------------------|-----------|------------|------------|-----|---------|\n"
NPU_OWNERSHIP {"context_pids": [49348], "owned_pids": [49348, 54156], "foreign_pids": []}
HOST_TIMELINE {"elapsed_seconds": 111.453, "tree_rss_bytes": 392867840, "foreign_peers": []}
HOST_TIMELINE {"elapsed_seconds": 114.844, "tree_rss_bytes": 400461824, "foreign_peers": []}
NPU_TIMELINE "\n-----------------------------\n[003d:00:01.1] : NPU Phoenix\n-----------------------------\nAIE Partitions\n  Total Memory Usage: 117 MB\n  Partition Index   : 0\n    Columns: [1, 2, 3, 4]\n    HW Contexts:\n      |PID                 |Ctx ID     |Submissions |Migrations  |Err  |Priority |\n      |Process Name        |Status     |Completions |Suspensions |     |GOPS     |\n      |Memory Usage        |Instr BO   |            |            |     |FPS      |\n      |                    |           |            |            |     |Latency  |\n      |====================|===========|============|============|=====|=========|\n      |49348               |195        |1572        |0           |0    |Normal   |\n      |python.exe          |Active     |1572        |0           |     |28       |\n      |117 MB              |4128 KB    |            |            |     |N/A      |\n      |                    |           |            |            |     |N/A      |\n      |--------------------|-----------|------------|------------|-----|---------|\n"
NPU_OWNERSHIP {"context_pids": [49348], "owned_pids": [49348, 54156], "foreign_pids": []}
HOST_TIMELINE {"elapsed_seconds": 118.484, "tree_rss_bytes": 398897152, "foreign_peers": []}
NPU_TIMELINE "\n-----------------------------\n[003d:00:01.1] : NPU Phoenix\n-----------------------------\nAIE Partitions\n  Total Memory Usage: 117 MB\n  Partition Index   : 0\n    Columns: [1, 2, 3, 4]\n    HW Contexts:\n      |PID                 |Ctx ID     |Submissions |Migrations  |Err  |Priority |\n      |Process Name        |Status     |Completions |Suspensions |     |GOPS     |\n      |Memory Usage        |Instr BO   |            |            |     |FPS      |\n      |                    |           |            |            |     |Latency  |\n      |====================|===========|============|============|=====|=========|\n      |49348               |195        |1641        |0           |0    |Normal   |\n      |python.exe          |Active     |1641        |0           |     |28       |\n      |117 MB              |4128 KB    |            |            |     |N/A      |\n      |                    |           |            |            |     |N/A      |\n      |--------------------|-----------|------------|------------|-----|---------|\n"
NPU_OWNERSHIP {"context_pids": [49348], "owned_pids": [49348, 54156], "foreign_pids": []}
HOST_TIMELINE {"elapsed_seconds": 122.234, "tree_rss_bytes": 385974272, "foreign_peers": []}
BENCHMARK {"backend": "amd", "warmup": 50, "frames": 500, "image": "data/bisenetv2_val/000000032570.jpg", "mean_ms": 220.6256401971914, "p95_ms": 223.9515799912624, "stages": {"pre_ms": 4.534155798377469, "network_ms": 13.234429800417274, "post_ms": 202.85705459839664}, "samples_ms": [222.20279998145998, 221.10359999351203, 219.64169992133975, 219.05760001391172, 218.76370010431856, 219.29349994752556, 218.43769995030016, 220.00039997510612, 219.9633999262005, 219.8670000070706, 221.85539989732206, 221.0641000419855, 220.71450005751103, 223.30280009191483, 220.5070999916643, 220.74869996868074, 219.4835999980569, 217.55259996280074, 217.15659997425973, 219.5763000054285, 219.19460000935942, 220.42099991813302, 223.31320005469024, 221.80419997312129, 223.16890000365674, 220.4121999675408, 220.88669997174293, 220.97879997454584, 221.82630002498627, 221.2935999268666, 221.01989993825555, 218.37529994081706, 220.24619998410344, 219.257399905473, 217.89750002790242, 221.66040004231036, 219.98850000090897, 220.15180008020252, 221.1820000084117, 218.99580000899732, 222.16640005353838, 223.6993000842631, 223.33170007914305, 221.20919998269528, 220.61550000216812, 220.19270004238933, 225.78919993247837, 219.4492999697104, 221.89699998125434, 220.62210005242378, 217.71509991958737, 223.13439997378737, 219.23269995022565, 218.84849993512034, 224.39759992994368, 220.116600045003, 221.50059998966753, 222.8134999750182, 222.12669998407364, 224.6273000491783, 222.31209999881685, 221.17170004639775, 223.3442000579089, 220.90650000609457, 220.94979998655617, 218.7729999423027, 220.63509991858155, 219.0766999265179, 218.62069994676858, 221.71299997717142, 221.8777999514714, 221.7763001099229, 222.0284000504762, 221.54719999525696, 221.64510004222393, 222.6285000797361, 222.38789999391884, 218.43060001265258, 221.42339998390526, 220.58650001417845, 220.45929997693747, 222.83560002688318, 222.00999991036952, 218.11309992335737, 221.74720000475645, 221.14179993513972, 219.58659996744245, 217.63780002947897, 220.38399998564273, 221.47969994693995, 220.25540005415678, 221.52260004077107, 220.65419994760305, 219.11270008422434, 222.23890002351254, 221.53009998146445, 219.83620000537485, 222.59509994182736, 219.8221000144258, 220.2713000588119, 221.71890002209693, 220.76870000455528, 221.7670000391081, 220.93939990736544, 221.50510002393275, 224.0819000871852, 219.4518999895081, 221.5852999361232, 224.26329995505512, 221.93449991755188, 221.70750005170703, 219.51530000660568, 220.35620000679046, 221.29180002957582, 218.32749992609024, 220.21980001591146, 220.66650004126132, 221.07129998039454, 220.57990008033812, 220.46560002490878, 220.85299994796515, 227.06820000894368, 222.1524000633508, 221.19219996966422, 221.64650005288422, 223.76810002606362, 220.5062999855727, 220.0054000131786, 220.02469992730767, 222.22589992452413, 218.91269995830953, 220.62309994362295, 223.7191000021994, 216.91160008776933, 222.15739998500794, 223.3468999620527, 221.8081000028178, 220.55329999420792, 221.36710002087057, 218.48969999700785, 221.20859997812659, 219.47480004746467, 223.05550007149577, 219.4877000292763, 223.3917999546975, 220.74770007748157, 217.73600007873029, 217.5293000182137, 222.5709999911487, 219.1679000388831, 221.10760002397, 222.415899974294, 218.31490006297827, 221.6045999666676, 220.59080004692078, 222.25439990870655, 222.30160003528, 221.90830006729811, 220.57980007957667, 219.34870001859963, 221.01079998537898, 220.65920010209084, 220.3876000130549, 220.08040000218898, 223.79190009087324, 221.5487000066787, 219.63169996161014, 221.05219995137304, 221.73529991414398, 219.94310000445694, 219.52809998765588, 221.70680004637688, 219.40899989567697, 221.32150002289563, 219.39490002114326, 218.54719996917993, 221.11840010620654, 219.94270000141114, 217.46329998131841, 219.5003000088036, 219.09389994107187, 220.8697999594733, 223.47219998482615, 222.7394999936223, 221.22169996146113, 223.11409993562847, 224.28149997722358, 221.63299995008856, 225.4873999627307, 218.25089992489666, 220.9671000018716, 220.70169996004552, 220.9311000769958, 219.8422000510618, 221.04159998707473, 219.7330000344664, 221.11010004300624, 220.39600007701665, 220.71370005141944, 219.04120000544935, 222.71559992805123, 221.1772999726236, 223.7963000079617, 220.84070008713752, 219.83049996197224, 221.25149995554239, 220.4003999941051, 220.53429996594787, 224.04620004817843, 219.06599996145815, 221.125099924393, 220.19679995719343, 221.4488999452442, 218.9075000351295, 220.48979997634888, 220.17609991598874, 220.45390005223453, 220.1597000239417, 221.9702999573201, 221.15789994131774, 219.5250999648124, 221.81939997244626, 220.28869995847344, 219.9798000510782, 221.49539995007217, 217.01590006705374, 222.0150000648573, 217.44400006718934, 220.61519999988377, 221.43619996495545, 222.05719992052764, 222.56530006416142, 224.53700006008148, 222.63710002880543, 222.76589996181428, 219.8903999524191, 221.49080003146082, 220.5010000616312, 219.79390003252774, 221.43520007375628, 219.53410003334284, 218.61129999160767, 218.36260007694364, 218.54679996613413, 220.84219998214394, 219.44979997351766, 221.47869993932545, 221.0827999515459, 223.86679996270686, 221.75060003064573, 223.16950000822544, 220.51680006552488, 220.87120008654892, 222.69670001696795, 220.92610003892332, 221.27890004776418, 222.10899996571243, 218.12179998960346, 221.15420002955943, 221.4498999528587, 219.51909991912544, 221.653199987486, 223.88919990044087, 222.70649997517467, 222.99099992960691, 221.9570999732241, 223.94659998826683, 218.87779992539436, 216.71409998089075, 220.17119999509305, 218.42339995782822, 217.49439998529851, 221.56759991776198, 219.66059994883835, 225.48559994902462, 220.32209997996688, 218.9864000538364, 223.65349996834993, 223.09510002378374, 222.45649993419647, 223.60469994600862, 221.06769995298237, 221.87939996365458, 223.64049998577684, 222.2196999937296, 218.36890000849962, 222.6832000305876, 217.45509991887957, 220.06339998915792, 219.7060000617057, 219.02039996348321, 219.23589997459203, 222.10929996799678, 222.96589997131377, 221.71400010120124, 221.54840000439435, 222.83959994092584, 221.78379993420094, 221.8025999609381, 219.76909996010363, 221.95919998921454, 223.33559999242425, 221.27179999370128, 218.3473000768572, 220.85920011159033, 221.3706000475213, 224.5755000039935, 219.89429998211563, 223.63180003594607, 220.00879992265254, 222.93109993916005, 225.3960999660194, 223.39209995698184, 222.44079993106425, 221.52449993882328, 221.6031999560073, 219.0868000034243, 219.37090007122606, 219.24160001799464, 219.52420007437468, 219.26460007671267, 219.5521000539884, 219.613500055857, 217.51109999604523, 222.19230001792312, 221.98789997491986, 222.7462000446394, 221.02060006000102, 222.38260006997734, 221.02699999231845, 223.56960002798587, 219.75330007262528, 218.3298000600189, 224.2860000114888, 225.49729992169887, 218.43110001645982, 218.9874000614509, 218.0365000385791, 220.9142999490723, 220.64429998863488, 222.71680005360395, 221.55710007064044, 222.71300002466887, 221.86670009978116, 223.22050004731864, 223.38199999649078, 219.64629995636642, 219.8045999975875, 219.20419996604323, 220.53920000325888, 217.87689998745918, 217.31129998806864, 220.63810005784035, 218.55370001867414, 222.14359999634326, 221.8019999563694, 224.2215999867767, 221.6103000100702, 221.75260004587471, 220.02620005514473, 223.46890007611364, 220.85320006590337, 222.47519996017218, 219.46890000253916, 220.33989999908954, 219.76360003463924, 219.4653000915423, 221.45589999854565, 220.57000000495464, 218.95400003995746, 221.34009993169457, 219.82380002737045, 224.88700004760176, 223.55580003932118, 220.6372000509873, 219.97490001376718, 226.12470004241914, 221.77050006575882, 220.29309999197721, 220.83609993569553, 219.71099998336285, 221.28009994048625, 221.2315999204293, 222.596799954772, 222.44889999274164, 220.31030000653118, 221.98320005554706, 222.4904999602586, 222.4122000625357, 221.3752999668941, 224.51420000288635, 221.98459994979203, 222.8364999173209, 221.1198000004515, 220.2450999757275, 221.17719997186214, 217.59000001475215, 222.4516998976469, 222.15619997587055, 220.7794999703765, 222.53889997955412, 219.39159999601543, 218.99999992456287, 224.38639996107668, 220.44710000045598, 222.09339996334165, 228.1964001012966, 220.81069997511804, 222.45729994028807, 222.14379999786615, 221.91270010080189, 220.33060004469007, 218.20290002506226, 218.64889992866665, 221.72509995289147, 217.46319998055696, 221.15500003565103, 219.16680003050715, 223.12989993952215, 220.100799924694, 221.73079999629408, 221.07390000019222, 223.37120003066957, 222.00639999937266, 222.50539995729923, 220.50880000460893, 220.13020003214478, 218.54190004523844, 218.9619999844581, 219.62620003614575, 219.33919994626194, 217.94130001217127, 221.51419997680932, 219.46579997893423, 223.36399997584522, 224.31329998653382, 220.3585000243038, 220.88400006759912, 224.14979990571737, 222.47149993199855, 222.67990000545979, 220.57029989082366, 219.4067999953404, 220.68119992036372, 219.35669996310025, 219.61689996533096, 222.6563999429345, 216.71980002429336, 221.54880000744015, 222.41249994840473, 224.19429989531636, 225.39010003674775, 223.8886000122875, 221.82279999833554, 223.04660000372678, 222.59849996771663, 222.10370004177094, 221.69089992530644, 221.4263000059873, 221.79290000349283, 223.69350004009902, 218.61089998856187, 217.36030001193285, 214.3021000083536, 216.69129992369562, 211.0098999692127, 211.56759990844876, 211.87570004258305, 217.67050004564226, 211.18720003869385, 214.10549990832806, 211.72629995271564, 214.87160003744066, 221.15600004326552, 217.07890008110553, 219.50120001565665, 216.31269995123148, 214.9273999966681, 216.12680004909635, 218.12500001396984, 216.58589993603528, 215.55680001620203, 212.14509999845177, 211.97539998684078, 212.04369992483407, 210.7931999489665, 212.36319991294295, 218.3422000380233, 210.244300076738, 213.23150000534952, 219.63819989468902, 217.77800004929304, 218.33180007524788, 217.46319998055696, 218.82229996845126, 218.5735999373719, 219.16229999624193, 215.47240007203072, 217.2752000624314, 217.50160004012287]}
POST_NPU_CONTEXT_WITNESS "\n-----------------------------\n[003d:00:01.1] : NPU Phoenix\n-----------------------------\nAIE Partitions\n  No hardware contexts running on device\n\n"
RESEARCH_PROCESS_RESULT {"exit_code": 0, "stop": null, "peak_tree_rss_bytes": 404398080, "rss_measurement": "maximum observed across sampled descendant working sets; zero observations reported as null", "elapsed_seconds": 123.96900000004098, "foreign_contention_observed": false, "timing_eligible": true}
