RESEARCH_PLATFORM {"machine": "Desktop 2", "cpu": "AMD Ryzen 7 8700G w/ Radeon 780M Graphics", "os": "Windows-11-10.0.26200-SP0", "ram_bytes": 33381138432, "source_sha256": {"tools/research_process.py": "ffeb1857f190b482eed101b5f5a928f455de26bfa61d23f78a2eacec08e2663e", "tools/quant_calib_alphabet.py": "2dc0b2878c564853f340880209a425dfcf63b8536b2b8e9fd32344daade58d37", "tools/xint8_arithmetic_probe.py": "6aa3df08b9870c3c2264b868459d7ffbac3070dddc1349d7c6f3f480075f7041", "scripts/research-lowlevel.sh": "3455ad7933697936487712665505c216891865c6deada647302785f6e37020bd", "scripts/research-iron.sh": "4c863a262646ddab39b5005006ba8e03809895e6386c6310e2fd9d0a9e9609ee", "kernels/memory_placement/probe.py": "e8d990169ad6091fa1b53852e9f61eff495b5def72d35165a5c5cf1759e38898", "kernels/memory_placement/memory_kernels.cc": "182e7af7071a1e851afb4a7ca266069c489aea1fbaaa85eca129708daeba5ba6", "scripts/research-matrix.sh": "739254171629deae822b0ad7dabc875aee19ace56dde77d3e8aab61663f97516", "kernels/memory_placement/gemm.py": "17c905ad66110d3346bbf0db898dfc6b780df59fae1dfb0c1747057ce1e5844e", "kernels/memory_placement/gemm_placement.cc": "f21acf7250b12914ea30cc1f77613239dfa18421a85a1b9a5199017dd916278a", "tools/research_summary.py": "0c00dcceef07053d06731b41a1f1ed58d3ba4ea09f82497de354ce9cef17da20", "tools/research_toolchain.py": "f0a126a24ae213acfaa43460cfd9def0c86d9cb70cfee0228aa271688467b314"}, "commit": "47bd12a1d17ca67bc8a661e95f385d1ba8c170a1", "command": ["python", "benchmarks/dense_compare.py", "bench", "--family", "modnet_cut", "--pins", "results/dense/modnet_cut_adaround_pins_20260922.json", "--artifacts", "build/dense_validation/adaround_20260922", "--backend", "amd", "--model", "models/modnet/modnet_cut_ignition_cle_adaround_c64.onnx", "--cache-key", "modnet_cut_adaround_cachekey"], "seconds_limit": 300, "rss_gib_limit": 8, "checks_only": false, "free_ram_bytes": 18118717440}
HOST_LOAD busy_cores=0.25 logical_cores=16 free_ram_gb=16.8 sample_sec=1
HOST_LOAD_TOP 0.11 Taskmgr:47220 ws_mb=168
HOST_LOAD_TOP 0.05 powershell:44244 ws_mb=81
HOST_LOAD_TOP 0.03 dev-agent:21712 ws_mb=794
HOST_LOAD_TOP 0.02 dev-agent:41448 ws_mb=477
HOST_LOAD_TOP 0.02 AMDInstallManager:4412 ws_mb=17
HOST_LOAD_VERDICT CLEAR

PRE_NPU_CONTEXT_WITNESS "\n-----------------------------\n[003d:00:01.1] : NPU Phoenix\n-----------------------------\nAIE Partitions\n  No hardware contexts running on device\n\n"
IDENTITY {"family": "modnet_cut", "pins_sha256": "2628903a7292e48ff84fbb10839bbb7f0b8116a81a7cf2b8a7cc4692d37d8e52", "model": "models/modnet/modnet_cut_ignition_cle_adaround_c64.onnx", "cache_key": "modnet_cut_adaround_cachekey", "model_sha256": "a4ee1083f14483c6097562736daba472f671874415593cc0a897c1cc799b267f", "numpy": "1.26.4", "ort": "1.23.3.dev20260320", "images": 50, "full_set": true, "source_sha256": {"benchmarks/dense_compare.py": "a83352341bd9fa0a01c2bdef78c9dd6471b06e2f17616030d6d7425b85753540", "src/ignite_xdna/compiler/dense_regions.py": "2e5be52d34de312900948a225b644be2b7ccd4f1b9cc0967d1b38e4e045229bb", "src/ignite_xdna/compiler/graph_ir.py": "82954487a0dc6e901e04e7e2cf4dce8e1048d1856088f21a50e28146f9d3ebb8", "src/ignite_xdna/compiler/engine_schedule.py": "0f4dfb8c61e44f81afbdbb94e324efbe1c11f206afa877f906d1ef1be689ed65", "src/ignite_xdna/compiler/engine_compile.py": "b6978a0bf01f1f1c8861ac6fdad4109d7f9bad7b083bbde42f79357dcd0d9beb", "src/ignite_xdna/compiler/graph_reference.py": "412ef65bf6a0410afea226c05660fcb226d1709edbdf48daa37362e9e1de5756", "src/ignite_xdna/runtime/session.py": "5701c15dd93709c5e79ff63c24e49821a15f7ee988882c916ef287810d5c8cf5", "src/ignite_xdna/runtime/graph_session.py": "8456bb841abe59e16583e3cc87d9ae66e0e66e47586f9ab8921be20a890a8dea", "src/ignite_xdna/runtime/dense_session.py": "f54bb434a31a63e42ba35ebf344bf0861ae50d9787916e5fdf1fad6389aee8eb", "Ignition/src/ignition/pipelines/dense.py": "0591151f8bfe5ab92bf862ec52cb825990b2c39062dce0590f606cc03d757c90", "Ignition/src/ignition/pipelines/vision.py": "aca151c3cf450c13c9b191becb75fa133a1615c1396f540ce3876f5d7ee8fca7", "Ignition/src/ignition/live.py": "09caa2fea062b2ac8b6d978d257c3379ae21ff39be1c8df9bff042f428e6a12f"}}
RYZEN_AI_INSTALLATION_PATH = C:\Program Files\RyzenAI\1.7.1
xclbin: C:\Program Files\RyzenAI\1.7.1\voe-4.0-win_amd64\xclbins\phoenix\4x4.xclbin
onnxruntime 1.23.3.dev20260320  providers: ['VitisAIExecutionProvider', 'DmlExecutionProvider', 'CPUExecutionProvider']
cache:  modnet_cut_adaround_cachekey
First run compiles the model. It takes a while and looks frozen. It isn't.
2026-09-22 14:17:48.0492744 [I:onnxruntime:, inference_session.cc:606 onnxruntime::InferenceSession::TraceSessionOptions] Session Options {  execution_mode:0 execution_order:DEFAULT enable_profiling:0 optimized_model_filepath: enable_mem_pattern:1 enable_mem_reuse:1 enable_cpu_mem_arena:1 profile_file_prefix:onnxruntime_profile_ session_logid: session_log_severity_level:1 session_log_verbosity_level:0 max_num_graph_transformation_steps:10 graph_optimization_level:4 intra_op_param:OrtThreadPoolParams { thread_pool_size: 0 auto_set_affinity: 0 allow_spinning: 1 dynamic_block_base_: 0 stack_size: 0 affinity_str:  set_denormal_as_zero: 0 } inter_op_param:OrtThreadPoolParams { thread_pool_size: 0 auto_set_affinity: 0 allow_spinning: 1 dynamic_block_base_: 0 stack_size: 0 affinity_str:  set_denormal_as_zero: 0 } use_per_session_threads:1 thread_pool_allow_spinning:1 use_deterministic_compute:0 ep_selection_policy:0 config_options: {  } }
2026-09-22 14:17:48.0499146 [I:onnxruntime:, inference_session.cc:422 onnxruntime::InferenceSession::ConstructorCommon] Creating and using per session threadpools since use_per_session_threads_ is true
2026-09-22 14:17:48.0500434 [I:onnxruntime:, inference_session.cc:446 onnxruntime::InferenceSession::ConstructorCommon] Dynamic block base set to 0
2026-09-22 14:17:48.1521336 [I:onnxruntime:, inference_session.cc:2042 onnxruntime::InferenceSession::Initialize] Initializing session.
2026-09-22 14:17:48.1522471 [I:onnxruntime:, inference_session.cc:2080 onnxruntime::InferenceSession::Initialize] Adding default CPU execution provider.
2026-09-22 14:17:48.1524516 [I:onnxruntime:, graph_partitioner.cc:1209 onnxruntime::GraphPartitioner::InlineFunctionsAOT] This model does not have any local functions defined. AOT Inlining is not performed
2026-09-22 14:17:48.1529883 [I:onnxruntime:, graph_transformer.cc:15 onnxruntime::GraphTransformer::Apply] GraphTransformer EnsureUniqueDQForNodeUnit modified: 1 with status: OK
2026-09-22 14:17:48.1568355 [I:onnxruntime:, graph_transformer.cc:15 onnxruntime::GraphTransformer::Apply] GraphTransformer Level1_RuleBasedTransformer modified: 1 with status: OK
2026-09-22 14:17:48.1598655 [I:onnxruntime:, graph.cc:4888 onnxruntime::Graph::CleanUnusedInitializersAndNodeArgs] Removing initializer '/lr_branch/se_block/pool/GlobalAveragePool_output_0_Scale'. It is no longer used by any node.
2026-09-22 14:17:48.1603676 [I:onnxruntime:, graph_transformer.cc:15 onnxruntime::GraphTransformer::Apply] GraphTransformer DoubleQDQPairsRemover modified: 0 with status: OK
2026-09-22 14:17:48.1614488 [I:onnxruntime:, constant_sharing.cc:248 onnxruntime::ConstantSharing::ApplyImpl] Total shared scalar initializer count: 219
2026-09-22 14:17:48.1615455 [I:onnxruntime:, graph_transformer.cc:15 onnxruntime::GraphTransformer::Apply] GraphTransformer ConstantSharing modified: 1 with status: OK
2026-09-22 14:17:48.1645454 [I:onnxruntime:, graph_transformer.cc:15 onnxruntime::GraphTransformer::Apply] GraphTransformer CommonSubexpressionElimination modified: 0 with status: OK
2026-09-22 14:17:48.1648930 [I:onnxruntime:, graph_transformer.cc:15 onnxruntime::GraphTransformer::Apply] GraphTransformer ConstantFolding modified: 0 with status: OK
2026-09-22 14:17:48.1650848 [I:onnxruntime:, graph_transformer.cc:15 onnxruntime::GraphTransformer::Apply] GraphTransformer MatMulAddFusion modified: 0 with status: OK
2026-09-22 14:17:48.1652744 [I:onnxruntime:, graph_transformer.cc:15 onnxruntime::GraphTransformer::Apply] GraphTransformer ReshapeFusion modified: 0 with status: OK
2026-09-22 14:17:48.1653627 [I:onnxruntime:, graph_transformer.cc:15 onnxruntime::GraphTransformer::Apply] GraphTransformer FreeDimensionOverrideTransformer modified: 0 with status: OK
2026-09-22 14:17:48.1654522 [I:onnxruntime:, graph_transformer.cc:15 onnxruntime::GraphTransformer::Apply] GraphTransformer GeluFusionL1 modified: 0 with status: OK
2026-09-22 14:17:48.1656259 [I:onnxruntime:, graph_transformer.cc:15 onnxruntime::GraphTransformer::Apply] GraphTransformer LayerNormFusionL1 modified: 0 with status: OK
2026-09-22 14:17:48.1659806 [I:onnxruntime:, graph_transformer.cc:15 onnxruntime::GraphTransformer::Apply] GraphTransformer QDQPropagationTransformer modified: 0 with status: OK
2026-09-22 14:17:48.1661977 [I:onnxruntime:, graph_transformer.cc:15 onnxruntime::GraphTransformer::Apply] GraphTransformer WeightBiasQuantization modified: 0 with status: OK
2026-09-22 14:17:48.1664052 [I:onnxruntime:, graph_transformer.cc:15 onnxruntime::GraphTransformer::Apply] GraphTransformer EnsureUniqueDQForNodeUnit modified: 0 with status: OK
2026-09-22 14:17:48.1665771 [I:onnxruntime:, graph_transformer.cc:15 onnxruntime::GraphTransformer::Apply] GraphTransformer RocmBlasAltImpl modified: 0 with status: OK
2026-09-22 14:17:48.1673010 [I:onnxruntime:, graph_transformer.cc:15 onnxruntime::GraphTransformer::Apply] GraphTransformer TransposeOptimizer modified: 0 with status: OK
2026-09-22 14:17:48.1674862 [I:onnxruntime:, graph_transformer.cc:15 onnxruntime::GraphTransformer::Apply] GraphTransformer Level1_RuleBasedTransformer modified: 0 with status: OK
2026-09-22 14:17:48.1678702 [I:onnxruntime:, graph_transformer.cc:15 onnxruntime::GraphTransformer::Apply] GraphTransformer DoubleQDQPairsRemover modified: 0 with status: OK
2026-09-22 14:17:48.1683809 [I:onnxruntime:, graph_transformer.cc:15 onnxruntime::GraphTransformer::Apply] GraphTransformer CommonSubexpressionElimination modified: 0 with status: OK
2026-09-22 14:17:48.1687012 [I:onnxruntime:, graph_transformer.cc:15 onnxruntime::GraphTransformer::Apply] GraphTransformer ConstantFolding modified: 0 with status: OK
2026-09-22 14:17:48.1688664 [I:onnxruntime:, graph_transformer.cc:15 onnxruntime::GraphTransformer::Apply] GraphTransformer MatMulAddFusion modified: 0 with status: OK
2026-09-22 14:17:48.1690298 [I:onnxruntime:, graph_transformer.cc:15 onnxruntime::GraphTransformer::Apply] GraphTransformer ReshapeFusion modified: 0 with status: OK
2026-09-22 14:17:48.1691227 [I:onnxruntime:, graph_transformer.cc:15 onnxruntime::GraphTransformer::Apply] GraphTransformer FreeDimensionOverrideTransformer modified: 0 with status: OK
2026-09-22 14:17:48.1692222 [I:onnxruntime:, graph_transformer.cc:15 onnxruntime::GraphTransformer::Apply] GraphTransformer GeluFusionL1 modified: 0 with status: OK
2026-09-22 14:17:48.1693897 [I:onnxruntime:, graph_transformer.cc:15 onnxruntime::GraphTransformer::Apply] GraphTransformer LayerNormFusionL1 modified: 0 with status: OK
2026-09-22 14:17:48.1697450 [I:onnxruntime:, graph_transformer.cc:15 onnxruntime::GraphTransformer::Apply] GraphTransformer QDQPropagationTransformer modified: 0 with status: OK
2026-09-22 14:17:48.1699688 [I:onnxruntime:, graph_transformer.cc:15 onnxruntime::GraphTransformer::Apply] GraphTransformer WeightBiasQuantization modified: 0 with status: OK
2026-09-22 14:17:48.1701871 [I:onnxruntime:, graph_transformer.cc:15 onnxruntime::GraphTransformer::Apply] GraphTransformer EnsureUniqueDQForNodeUnit modified: 0 with status: OK
2026-09-22 14:17:48.1777907 [I:onnxruntime:, graph_transformer.cc:15 onnxruntime::GraphTransformer::Apply] GraphTransformer RocmBlasAltImpl modified: 0 with status: OK
2026-09-22 14:17:48.2507630 [I:onnxruntime:, graph.cc:4888 onnxruntime::Graph::CleanUnusedInitializersAndNodeArgs] Removing initializer 'onnx::Conv_683_scale'. It is no longer used by any node.
2026-09-22 14:17:48.2509345 [I:onnxruntime:, graph.cc:4888 onnxruntime::Graph::CleanUnusedInitializersAndNodeArgs] Removing initializer 'onnx::Conv_672_scale'. It is no longer used by any node.
2026-09-22 14:17:48.2510643 [I:onnxruntime:, graph.cc:4888 onnxruntime::Graph::CleanUnusedInitializersAndNodeArgs] Removing initializer '/hr_branch/Constant_output_0'. It is no longer used by any node.
2026-09-22 14:17:48.2511711 [I:onnxruntime:, graph.cc:4888 onnxruntime::Graph::CleanUnusedInitializersAndNodeArgs] Removing initializer 'lr_branch.conv_lr8x.0.weight_zero_point'. It is no longer used by any node.
2026-09-22 14:17:48.2512834 [I:onnxruntime:, graph.cc:4888 onnxruntime::Graph::CleanUnusedInitializersAndNodeArgs] Removing initializer '/lr_branch/backbone/features.0/features.0.2/Constant_output_0'. It is no longer used by any node.
2026-09-22 14:17:48.2514471 [I:onnxruntime:, graph.cc:4888 onnxruntime::Graph::CleanUnusedInitializersAndNodeArgs] Removing initializer 'onnx::Conv_659_zero_point'. It is no longer used by any node.
2026-09-22 14:17:48.2515530 [I:onnxruntime:, graph.cc:4888 onnxruntime::Graph::CleanUnusedInitializersAndNodeArgs] Removing initializer 'hr_branch.conv_hr2x.4.bias_scale'. It is no longer used by any node.
2026-09-22 14:17:48.2516620 [I:onnxruntime:, graph.cc:4888 onnxruntime::Graph::CleanUnusedInitializersAndNodeArgs] Removing initializer '/lr_branch/backbone/features.17/conv/conv.6/Conv_output_0_zero_point'. It is no longer used by any node.
2026-09-22 14:17:48.2518210 [I:onnxruntime:, graph.cc:4888 onnxruntime::Graph::CleanUnusedInitializersAndNodeArgs] Removing initializer 'lr_branch.se_block.fc.2.weight_quantized'. It is no longer used by any node.
2026-09-22 14:17:48.2519323 [I:onnxruntime:, graph.cc:4888 onnxruntime::Graph::CleanUnusedInitializersAndNodeArgs] Removing initializer '/lr_branch/backbone/features.0/features.0.2/Constant_1_output_0'. It is no longer used by any node.
2026-09-22 14:17:48.2521285 [I:onnxruntime:, graph.cc:4888 onnxruntime::Graph::CleanUnusedInitializersAndNodeArgs] Removing initializer 'onnx::Conv_659_quantized'. It is no longer used by any node.
2026-09-22 14:17:48.2522261 [I:onnxruntime:, graph.cc:4888 onnxruntime::Graph::CleanUnusedInitializersAndNodeArgs] Removing initializer 'onnx::Conv_729_quantized'. It is no longer used by any node.
2026-09-22 14:17:48.2523270 [I:onnxruntime:, graph.cc:4888 onnxruntime::Graph::CleanUnusedInitializersAndNodeArgs] Removing initializer 'hr_branch.conv_enc2x.0.weight_quantized'. It is no longer used by any node.
2026-09-22 14:17:48.2524336 [I:onnxruntime:, graph.cc:4888 onnxruntime::Graph::CleanUnusedInitializersAndNodeArgs] Removing initializer '/lr_branch/Constant_output_0'. It is no longer used by any node.
2026-09-22 14:17:48.2525695 [I:onnxruntime:, graph.cc:4888 onnxruntime::Graph::CleanUnusedInitializersAndNodeArgs] Removing initializer 'onnx::Conv_668_quantized'. It is no longer used by any node.
2026-09-22 14:17:48.2526666 [I:onnxruntime:, graph.cc:4888 onnxruntime::Graph::CleanUnusedInitializersAndNodeArgs] Removing initializer 'onnx::Conv_737_zero_point'. It is no longer used by any node.
2026-09-22 14:17:48.2528030 [I:onnxruntime:, graph.cc:4888 onnxruntime::Graph::CleanUnusedInitializersAndNodeArgs] Removing initializer '/lr_branch/backbone/features.16/conv/conv.6/Conv_output_0_zero_point'. It is no longer used by any node.
2026-09-22 14:17:48.2529209 [I:onnxruntime:, graph.cc:4888 onnxruntime::Graph::CleanUnusedInitializersAndNodeArgs] Removing initializer 'onnx::Conv_672_zero_point'. It is no longer used by any node.
2026-09-22 14:17:48.2530186 [I:onnxruntime:, graph.cc:4888 onnxruntime::Graph::CleanUnusedInitializersAndNodeArgs] Removing initializer 'hr_branch.conv_hr2x.6.bias_zero_point'. It is no longer used by any node.
2026-09-22 14:17:48.2531232 [I:onnxruntime:, graph.cc:4888 onnxruntime::Graph::CleanUnusedInitializersAndNodeArgs] Removing initializer 'onnx::Conv_696_scale'. It is no longer used by any node.
2026-09-22 14:17:48.2704520 [I:onnxruntime:, graph.cc:4888 onnxruntime::Graph::CleanUnusedInitializersAndNodeArgs] Removing initializer 'onnx::Conv_660_zero_point'. It is no longer used by any node.
2026-09-22 14:17:48.2706663 [I:onnxruntime:, graph.cc:4888 onnxruntime::Graph::CleanUnusedInitializersAndNodeArgs] Removing initializer 'onnx::Conv_660_quantized'. It is no longer used by any node.
2026-09-22 14:17:48.2708730 [I:onnxruntime:, graph.cc:4888 onnxruntime::Graph::CleanUnusedInitializersAndNodeArgs] Removing initializer 'onnx::Conv_662_scale'. It is no longer used by any node.
2026-09-22 14:17:48.2710625 [I:onnxruntime:, graph.cc:4888 onnxruntime::Graph::CleanUnusedInitializersAndNodeArgs] Removing initializer 'hr_branch.tohr_enc2x.0.bias_zero_point'. It is no longer used by any node.
2026-09-22 14:17:48.2712733 [I:onnxruntime:, graph.cc:4888 onnxruntime::Graph::CleanUnusedInitializersAndNodeArgs] Removing initializer 'onnx::Conv_662_zero_point'. It is no longer used by any node.
2026-09-22 14:17:48.2714524 [I:onnxruntime:, graph.cc:4888 onnxruntime::Graph::CleanUnusedInitializersAndNodeArgs] Removing initializer 'onnx::Conv_686_quantized'. It is no longer used by any node.
2026-09-22 14:17:48.2716361 [I:onnxruntime:, graph.cc:4888 onnxruntime::Graph::CleanUnusedInitializersAndNodeArgs] Removing initializer 'hr_branch.tohr_enc2x.0.bias_quantized'. It is no longer used by any node.
2026-09-22 14:17:48.2718300 [I:onnxruntime:, graph.cc:4888 onnxruntime::Graph::CleanUnusedInitializersAndNodeArgs] Removing initializer 'onnx::Conv_776_zero_point'. It is no longer used by any node.
2026-09-22 14:17:48.2719468 [I:onnxruntime:, graph.cc:4888 onnxruntime::Graph::CleanUnusedInitializersAndNodeArgs] Removing initializer 'onnx::Conv_792_quantized'. It is no longer used by any node.
2026-09-22 14:17:48.2720899 [I:onnxruntime:, graph.cc:4888 onnxruntime::Graph::CleanUnusedInitializersAndNodeArgs] Removing initializer 'onnx::Conv_662_quantized'. It is no longer used by any node.
2026-09-22 14:17:48.2722959 [I:onnxruntime:, graph.cc:4888 onnxruntime::Graph::CleanUnusedInitializersAndNodeArgs] Removing initializer 'onnx::Conv_722_scale'. It is no longer used by any node.
2026-09-22 14:17:48.2725003 [I:onnxruntime:, graph.cc:4888 onnxruntime::Graph::CleanUnusedInitializersAndNodeArgs] Removing initializer 'hr_branch.conv_hr2x.4.bias_quantized'. It is no longer used by any node.
2026-09-22 14:17:48.2726868 [I:onnxruntime:, graph.cc:4888 onnxruntime::Graph::CleanUnusedInitializersAndNodeArgs] Removing initializer 'onnx::Conv_663_zero_point'. It is no longer used by any node.
2026-09-22 14:17:48.2728635 [I:onnxruntime:, graph.cc:4888 onnxruntime::Graph::CleanUnusedInitializersAndNodeArgs] Removing initializer 'onnx::Conv_663_quantized'. It is no longer used by any node.
2026-09-22 14:17:48.2730512 [I:onnxruntime:, graph.cc:4888 onnxruntime::Graph::CleanUnusedInitializersAndNodeArgs] Removing initializer '/lr_branch/backbone/features.5/conv/conv.6/Conv_output_0_zero_point'. It is no longer used by any node.
2026-09-22 14:17:48.2733378 [I:onnxruntime:, graph.cc:4888 onnxruntime::Graph::CleanUnusedInitializersAndNodeArgs] Removing initializer 'onnx::Conv_666_zero_point'. It is no longer used by any node.
2026-09-22 14:17:48.2734412 [I:onnxruntime:, graph.cc:4888 onnxruntime::Graph::CleanUnusedInitializersAndNodeArgs] Removing initializer '/hr_branch/Concat_output_0_zero_point'. It is no longer used by any node.
2026-09-22 14:17:48.2735521 [I:onnxruntime:, graph.cc:4888 onnxruntime::Graph::CleanUnusedInitializersAndNodeArgs] Removing initializer 'f_branch.conv_f2x.0.weight_scale'. It is no longer used by any node.
2026-09-22 14:17:48.2736610 [I:onnxruntime:, graph.cc:4888 onnxruntime::Graph::CleanUnusedInitializersAndNodeArgs] Removing initializer 'onnx::Conv_665_zero_point'. It is no longer used by any node.
2026-09-22 14:17:48.2737645 [I:onnxruntime:, graph.cc:4888 onnxruntime::Graph::CleanUnusedInitializersAndNodeArgs] Removing initializer 'onnx::Conv_665_quantized'. It is no longer used by any node.
2026-09-22 14:17:48.2842456 [I:onnxruntime:, graph.cc:4888 onnxruntime::Graph::CleanUnusedInitializersAndNodeArgs] Removing initializer '/hr_branch/Concat_output_0_scale'. It is no longer used by any node.
2026-09-22 14:17:48.2845047 [I:onnxruntime:, graph.cc:4888 onnxruntime::Graph::CleanUnusedInitializersAndNodeArgs] Removing initializer '/hr_branch/conv_hr4x/conv_hr4x.1/Relu_output_0_scale'. It is no longer used by any node.
2026-09-22 14:17:48.2847186 [I:onnxruntime:, graph.cc:4888 onnxruntime::Graph::CleanUnusedInitializersAndNodeArgs] Removing initializer 'onnx::Conv_666_quantized'. It is no longer used by any node.
2026-09-22 14:17:48.2849223 [I:onnxruntime:, graph.cc:4888 onnxruntime::Graph::CleanUnusedInitializersAndNodeArgs] Removing initializer '/lr_branch/backbone/features.6/conv/conv.6/Conv_output_0_zero_point'. It is no longer used by any node.
2026-09-22 14:17:48.2851236 [I:onnxruntime:, graph.cc:4888 onnxruntime::Graph::CleanUnusedInitializersAndNodeArgs] Removing initializer 'hr_branch.conv_hr2x.2.bias_quantized'. It is no longer used by any node.
2026-09-22 14:17:48.2852698 [I:onnxruntime:, graph.cc:4888 onnxruntime::Graph::CleanUnusedInitializersAndNodeArgs] Removing initializer 'onnx::Conv_669_quantized'. It is no longer used by any node.
2026-09-22 14:17:48.2854041 [I:onnxruntime:, graph.cc:4888 onnxruntime::Graph::CleanUnusedInitializersAndNodeArgs] Removing initializer 'onnx::Conv_690_zero_point'. It is no longer used by any node.
2026-09-22 14:17:48.2855812 [I:onnxruntime:, graph.cc:4888 onnxruntime::Graph::CleanUnusedInitializersAndNodeArgs] Removing initializer 'onnx::Conv_729_zero_point'. It is no longer used by any node.
2026-09-22 14:17:48.2857046 [I:onnxruntime:, graph.cc:4888 onnxruntime::Graph::CleanUnusedInitializersAndNodeArgs] Removing initializer 'hr_branch.conv_enc2x.0.weight_zero_point'. It is no longer used by any node.
2026-09-22 14:17:48.2858644 [I:onnxruntime:, graph.cc:4888 onnxruntime::Graph::CleanUnusedInitializersAndNodeArgs] Removing initializer 'onnx::Conv_668_zero_point'. It is no longer used by any node.
2026-09-22 14:17:48.2860322 [I:onnxruntime:, graph.cc:4888 onnxruntime::Graph::CleanUnusedInitializersAndNodeArgs] Removing initializer 'hr_branch.tohr_enc4x.0.bias_quantized'. It is no longer used by any node.
2026-09-22 14:17:48.2861998 [I:onnxruntime:, graph.cc:4888 onnxruntime::Graph::CleanUnusedInitializersAndNodeArgs] Removing initializer 'onnx::Conv_800_quantized'. It is no longer used by any node.
2026-09-22 14:17:48.2863889 [I:onnxruntime:, graph.cc:4888 onnxruntime::Graph::CleanUnusedInitializersAndNodeArgs] Removing initializer 'hr_branch.conv_hr2x.2.bias_zero_point'. It is no longer used by any node.
2026-09-22 14:17:48.2866646 [I:onnxruntime:, graph.cc:4888 onnxruntime::Graph::CleanUnusedInitializersAndNodeArgs] Removing initializer 'hr_branch.tohr_enc2x.0.weight_quantized'. It is no longer used by any node.
2026-09-22 14:17:48.2868818 [I:onnxruntime:, graph.cc:4888 onnxruntime::Graph::CleanUnusedInitializersAndNodeArgs] Removing initializer 'onnx::Conv_669_zero_point'. It is no longer used by any node.
2026-09-22 14:17:48.2871388 [I:onnxruntime:, graph.cc:4888 onnxruntime::Graph::CleanUnusedInitializersAndNodeArgs] Removing initializer 'onnx::Conv_714_quantized'. It is no longer used by any node.
2026-09-22 14:17:48.2873475 [I:onnxruntime:, graph.cc:4888 onnxruntime::Graph::CleanUnusedInitializersAndNodeArgs] Removing initializer 'hr_branch.tohr_enc2x.0.weight_zero_point'. It is no longer used by any node.
2026-09-22 14:17:48.2875322 [I:onnxruntime:, graph.cc:4888 onnxruntime::Graph::CleanUnusedInitializersAndNodeArgs] Removing initializer 'onnx::Conv_780_zero_point'. It is no longer used by any node.
2026-09-22 14:17:48.2876832 [I:onnxruntime:, graph.cc:4888 onnxruntime::Graph::CleanUnusedInitializersAndNodeArgs] Removing initializer 'onnx::Conv_671_zero_point'. It is no longer used by any node.
2026-09-22 14:17:48.2878321 [I:onnxruntime:, graph.cc:4888 onnxruntime::Graph::CleanUnusedInitializersAndNodeArgs] Removing initializer 'onnx::Conv_671_quantized'. It is no longer used by any node.
2026-09-22 14:17:48.3023682 [I:onnxruntime:, graph.cc:4888 onnxruntime::Graph::CleanUnusedInitializersAndNodeArgs] Removing initializer 'lr_branch.conv_lr8x.0.bias_zero_point'. It is no longer used by any node.
2026-09-22 14:17:48.3025988 [I:onnxruntime:, graph.cc:4888 onnxruntime::Graph::CleanUnusedInitializersAndNodeArgs] Removing initializer '/hr_branch/conv_hr2x/conv_hr2x.7/Relu_output_0_zero_point'. It is no longer used by any node.
2026-09-22 14:17:48.3028026 [I:onnxruntime:, graph.cc:4888 onnxruntime::Graph::CleanUnusedInitializersAndNodeArgs] Removing initializer 'onnx::Conv_672_quantized'. It is no longer used by any node.
2026-09-22 14:17:48.3030188 [I:onnxruntime:, graph.cc:4888 onnxruntime::Graph::CleanUnusedInitializersAndNodeArgs] Removing initializer 'hr_branch.conv_enc2x.0.bias_zero_point'. It is no longer used by any node.
2026-09-22 14:17:48.3031481 [I:onnxruntime:, graph.cc:4888 onnxruntime::Graph::CleanUnusedInitializersAndNodeArgs] Removing initializer 'hr_branch.conv_enc2x.0.bias_quantized'. It is no longer used by any node.
2026-09-22 14:17:48.3032580 [I:onnxruntime:, graph.cc:4888 onnxruntime::Graph::CleanUnusedInitializersAndNodeArgs] Removing initializer 'onnx::Conv_704_zero_point'. It is no longer used by any node.
2026-09-22 14:17:48.3033665 [I:onnxruntime:, graph.cc:4888 onnxruntime::Graph::CleanUnusedInitializersAndNodeArgs] Removing initializer 'onnx::Conv_674_zero_point'. It is no longer used by any node.
2026-09-22 14:17:48.3034695 [I:onnxruntime:, graph.cc:4888 onnxruntime::Graph::CleanUnusedInitializersAndNodeArgs] Removing initializer '/lr_branch/backbone/features.2/conv/conv.5/Clip_output_0_zero_point'. It is no longer used by any node.
2026-09-22 14:17:48.3036098 [I:onnxruntime:, graph.cc:4888 onnxruntime::Graph::CleanUnusedInitializersAndNodeArgs] Removing initializer 'onnx::Conv_674_quantized'. It is no longer used by any node.
2026-09-22 14:17:48.3037172 [I:onnxruntime:, graph.cc:4888 onnxruntime::Graph::CleanUnusedInitializersAndNodeArgs] Removing initializer '/lr_branch/backbone/features.1/conv/conv.3/Conv_output_0_zero_point'. It is no longer used by any node.
2026-09-22 14:17:48.3038661 [I:onnxruntime:, graph.cc:4888 onnxruntime::Graph::CleanUnusedInitializersAndNodeArgs] Removing initializer 'onnx::Conv_675_zero_point'. It is no longer used by any node.
2026-09-22 14:17:48.3040497 [I:onnxruntime:, graph.cc:4888 onnxruntime::Graph::CleanUnusedInitializersAndNodeArgs] Removing initializer 'onnx::Conv_675_quantized'. It is no longer used by any node.
2026-09-22 14:17:48.3041675 [I:onnxruntime:, graph.cc:4888 onnxruntime::Graph::CleanUnusedInitializersAndNodeArgs] Removing initializer 'onnx::Conv_765_zero_point'. It is no longer used by any node.
2026-09-22 14:17:48.3043055 [I:onnxruntime:, graph.cc:4888 onnxruntime::Graph::CleanUnusedInitializersAndNodeArgs] Removing initializer 'onnx::Conv_677_zero_point'. It is no longer used by any node.
2026-09-22 14:17:48.3044928 [I:onnxruntime:, graph.cc:4888 onnxruntime::Graph::CleanUnusedInitializersAndNodeArgs] Removing initializer 'f_branch.conv_f2x.0.weight_zero_point'. It is no longer used by any node.
2026-09-22 14:17:48.3046904 [I:onnxruntime:, graph.cc:4888 onnxruntime::Graph::CleanUnusedInitializersAndNodeArgs] Removing initializer 'onnx::Conv_677_quantized'. It is no longer used by any node.
2026-09-22 14:17:48.3048805 [I:onnxruntime:, graph.cc:4888 onnxruntime::Graph::CleanUnusedInitializersAndNodeArgs] Removing initializer 'onnx::Conv_774_zero_point'. It is no longer used by any node.
2026-09-22 14:17:48.3050745 [I:onnxruntime:, graph.cc:4888 onnxruntime::Graph::CleanUnusedInitializersAndNodeArgs] Removing initializer 'f_branch.conv_f2x.0.weight_quantized'. It is no longer used by any node.
2026-09-22 14:17:48.3052720 [I:onnxruntime:, graph.cc:4888 onnxruntime::Graph::CleanUnusedInitializersAndNodeArgs] Removing initializer '/lr_branch/backbone/features.14/conv/conv.5/Clip_output_0_zero_point'. It is no longer used by any node.
2026-09-22 14:17:48.3152206 [I:onnxruntime:, graph.cc:4888 onnxruntime::Graph::CleanUnusedInitializersAndNodeArgs] Removing initializer 'onnx::Conv_717_zero_point'. It is no longer used by any node.
2026-09-22 14:17:48.3154169 [I:onnxruntime:, graph.cc:4888 onnxruntime::Graph::CleanUnusedInitializersAndNodeArgs] Removing initializer 'onnx::Conv_678_zero_point'. It is no longer used by any node.
2026-09-22 14:17:48.3156039 [I:onnxruntime:, graph.cc:4888 onnxruntime::Graph::CleanUnusedInitializersAndNodeArgs] Removing initializer '/hr_branch/conv_hr2x/conv_hr2x.1/Relu_output_0_zero_point'. It is no longer used by any node.
2026-09-22 14:17:48.3158096 [I:onnxruntime:, graph.cc:4888 onnxruntime::Graph::CleanUnusedInitializersAndNodeArgs] Removing initializer 'onnx::Conv_678_quantized'. It is no longer used by any node.
2026-09-22 14:17:48.3160026 [I:onnxruntime:, graph.cc:4888 onnxruntime::Graph::CleanUnusedInitializersAndNodeArgs] Removing initializer '/hr_branch/conv_enc4x/conv_enc4x.1/Relu_output_0_zero_point'. It is no longer used by any node.
2026-09-22 14:17:48.3162057 [I:onnxruntime:, graph.cc:4888 onnxruntime::Graph::CleanUnusedInitializersAndNodeArgs] Removing initializer 'onnx::Conv_717_quantized'. It is no longer used by any node.
2026-09-22 14:17:48.3163658 [I:onnxruntime:, graph.cc:4888 onnxruntime::Graph::CleanUnusedInitializersAndNodeArgs] Removing initializer 'onnx::Conv_780_quantized'. It is no longer used by any node.
2026-09-22 14:17:48.3164647 [I:onnxruntime:, graph.cc:4888 onnxruntime::Graph::CleanUnusedInitializersAndNodeArgs] Removing initializer 'onnx::Conv_680_zero_point'. It is no longer used by any node.
2026-09-22 14:17:48.3165645 [I:onnxruntime:, graph.cc:4888 onnxruntime::Graph::CleanUnusedInitializersAndNodeArgs] Removing initializer 'onnx::Conv_680_quantized'. It is no longer used by any node.
2026-09-22 14:17:48.3166817 [I:onnxruntime:, graph.cc:4888 onnxruntime::Graph::CleanUnusedInitializersAndNodeArgs] Removing initializer 'onnx::Conv_681_zero_point'. It is no longer used by any node.
2026-09-22 14:17:48.3168029 [I:onnxruntime:, graph.cc:4888 onnxruntime::Graph::CleanUnusedInitializersAndNodeArgs] Removing initializer 'onnx::Conv_681_quantized'. It is no longer used by any node.
2026-09-22 14:17:48.3169264 [I:onnxruntime:, graph.cc:4888 onnxruntime::Graph::CleanUnusedInitializersAndNodeArgs] Removing initializer 'onnx::Conv_726_zero_point'. It is no longer used by any node.
2026-09-22 14:17:48.3170406 [I:onnxruntime:, graph.cc:4888 onnxruntime::Graph::CleanUnusedInitializersAndNodeArgs] Removing initializer '/hr_branch/conv_enc2x/conv_enc2x.1/Relu_output_0_zero_point'. It is no longer used by any node.
2026-09-22 14:17:48.3171768 [I:onnxruntime:, graph.cc:4888 onnxruntime::Graph::CleanUnusedInitializersAndNodeArgs] Removing initializer 'onnx::Conv_683_zero_point'. It is no longer used by any node.
2026-09-22 14:17:48.3172789 [I:onnxruntime:, graph.cc:4888 onnxruntime::Graph::CleanUnusedInitializersAndNodeArgs] Removing initializer 'hr_branch.conv_hr4x.4.bias_quantized'. It is no longer used by any node.
2026-09-22 14:17:48.3173845 [I:onnxruntime:, graph.cc:4888 onnxruntime::Graph::CleanUnusedInitializersAndNodeArgs] Removing initializer 'onnx::Conv_683_quantized'. It is no longer used by any node.
2026-09-22 14:17:48.3175190 [I:onnxruntime:, graph.cc:4888 onnxruntime::Graph::CleanUnusedInitializersAndNodeArgs] Removing initializer 'onnx::Conv_719_zero_point'. It is no longer used by any node.
2026-09-22 14:17:48.3177077 [I:onnxruntime:, graph.cc:4888 onnxruntime::Graph::CleanUnusedInitializersAndNodeArgs] Removing initializer 'f_branch.conv_f2x.0.bias_quantized'. It is no longer used by any node.
2026-09-22 14:17:48.3179195 [I:onnxruntime:, graph.cc:4888 onnxruntime::Graph::CleanUnusedInitializersAndNodeArgs] Removing initializer 'onnx::Conv_684_zero_point'. It is no longer used by any node.
2026-09-22 14:17:48.3181121 [I:onnxruntime:, graph.cc:4888 onnxruntime::Graph::CleanUnusedInitializersAndNodeArgs] Removing initializer 'onnx::Conv_684_quantized'. It is no longer used by any node.
2026-09-22 14:17:48.3283623 [I:onnxruntime:, graph.cc:4888 onnxruntime::Graph::CleanUnusedInitializersAndNodeArgs] Removing initializer 'onnx::Conv_777_quantized'. It is no longer used by any node.
2026-09-22 14:17:48.3285488 [I:onnxruntime:, graph.cc:4888 onnxruntime::Graph::CleanUnusedInitializersAndNodeArgs] Removing initializer 'onnx::Conv_686_zero_point'. It is no longer used by any node.
2026-09-22 14:17:48.3287263 [I:onnxruntime:, graph.cc:4888 onnxruntime::Graph::CleanUnusedInitializersAndNodeArgs] Removing initializer '/lr_branch/backbone/features.10/conv/conv.5/Clip_output_0_zero_point'. It is no longer used by any node.
2026-09-22 14:17:48.3289453 [I:onnxruntime:, graph.cc:4888 onnxruntime::Graph::CleanUnusedInitializersAndNodeArgs] Removing initializer 'onnx::Conv_687_zero_point'. It is no longer used by any node.
2026-09-22 14:17:48.3291155 [I:onnxruntime:, graph.cc:4888 onnxruntime::Graph::CleanUnusedInitializersAndNodeArgs] Removing initializer 'onnx::Conv_687_quantized'. It is no longer used by any node.
2026-09-22 14:17:48.3293129 [I:onnxruntime:, graph.cc:4888 onnxruntime::Graph::CleanUnusedInitializersAndNodeArgs] Removing initializer 'onnx::Conv_741_quantized'. It is no longer used by any node.
2026-09-22 14:17:48.3294506 [I:onnxruntime:, graph.cc:4888 onnxruntime::Graph::CleanUnusedInitializersAndNodeArgs] Removing initializer '/lr_branch/se_block/pool/GlobalAveragePool_output_0_zero_point'. It is no longer used by any node.
2026-09-22 14:17:48.3295691 [I:onnxruntime:, graph.cc:4888 onnxruntime::Graph::CleanUnusedInitializersAndNodeArgs] Removing initializer 'onnx::Conv_803_zero_point'. It is no longer used by any node.
2026-09-22 14:17:48.3296768 [I:onnxruntime:, graph.cc:4888 onnxruntime::Graph::CleanUnusedInitializersAndNodeArgs] Removing initializer 'hr_branch.tohr_enc4x.0.weight_zero_point'. It is no longer used by any node.
2026-09-22 14:17:48.3297842 [I:onnxruntime:, graph.cc:4888 onnxruntime::Graph::CleanUnusedInitializersAndNodeArgs] Removing initializer 'onnx::Conv_803_quantized'. It is no longer used by any node.
2026-09-22 14:17:48.3298821 [I:onnxruntime:, graph.cc:4888 onnxruntime::Graph::CleanUnusedInitializersAndNodeArgs] Removing initializer 'hr_branch.tohr_enc4x.0.weight_quantized'. It is no longer used by any node.
2026-09-22 14:17:48.3300547 [I:onnxruntime:, graph.cc:4888 onnxruntime::Graph::CleanUnusedInitializersAndNodeArgs] Removing initializer 'lr_branch.conv_lr8x.0.bias_quantized'. It is no longer used by any node.
2026-09-22 14:17:48.3302462 [I:onnxruntime:, graph.cc:4888 onnxruntime::Graph::CleanUnusedInitializersAndNodeArgs] Removing initializer 'hr_branch.tohr_enc4x.0.bias_zero_point'. It is no longer used by any node.
2026-09-22 14:17:48.3303513 [I:onnxruntime:, graph.cc:4888 onnxruntime::Graph::CleanUnusedInitializersAndNodeArgs] Removing initializer 'onnx::Conv_800_zero_point'. It is no longer used by any node.
2026-09-22 14:17:48.3304495 [I:onnxruntime:, graph.cc:4888 onnxruntime::Graph::CleanUnusedInitializersAndNodeArgs] Removing initializer 'onnx::Conv_689_zero_point'. It is no longer used by any node.
2026-09-22 14:17:48.3305479 [I:onnxruntime:, graph.cc:4888 onnxruntime::Graph::CleanUnusedInitializersAndNodeArgs] Removing initializer '/lr_branch/backbone/features.9/conv/conv.6/Conv_output_0_zero_point'. It is no longer used by any node.
2026-09-22 14:17:48.3307449 [I:onnxruntime:, graph.cc:4888 onnxruntime::Graph::CleanUnusedInitializersAndNodeArgs] Removing initializer '/lr_branch/backbone/features.14/conv/conv.2/Clip_output_0_zero_point'. It is no longer used by any node.
2026-09-22 14:17:48.3310364 [I:onnxruntime:, graph.cc:4888 onnxruntime::Graph::CleanUnusedInitializersAndNodeArgs] Removing initializer 'onnx::Conv_689_quantized'. It is no longer used by any node.
2026-09-22 14:17:48.3312144 [I:onnxruntime:, graph.cc:4888 onnxruntime::Graph::CleanUnusedInitializersAndNodeArgs] Removing initializer 'onnx::Conv_690_quantized'. It is no longer used by any node.
2026-09-22 14:17:48.3313861 [I:onnxruntime:, graph.cc:4888 onnxruntime::Graph::CleanUnusedInitializersAndNodeArgs] Removing initializer 'hr_branch.conv_enc4x.0.weight_zero_point'. It is no longer used by any node.
2026-09-22 14:17:48.3521593 [I:onnxruntime:, graph.cc:4888 onnxruntime::Graph::CleanUnusedInitializersAndNodeArgs] Removing initializer 'hr_branch.conv_enc4x.0.weight_quantized'. It is no longer used by any node.
2026-09-22 14:17:48.3523675 [I:onnxruntime:, graph.cc:4888 onnxruntime::Graph::CleanUnusedInitializersAndNodeArgs] Removing initializer 'onnx::Conv_767_zero_point'. It is no longer used by any node.
2026-09-22 14:17:48.3525785 [I:onnxruntime:, graph.cc:4888 onnxruntime::Graph::CleanUnusedInitializersAndNodeArgs] Removing initializer 'hr_branch.conv_enc4x.0.bias_zero_point'. It is no longer used by any node.
2026-09-22 14:17:48.3527652 [I:onnxruntime:, graph.cc:4888 onnxruntime::Graph::CleanUnusedInitializersAndNodeArgs] Removing initializer 'hr_branch.conv_enc4x.0.bias_quantized'. It is no longer used by any node.
2026-09-22 14:17:48.3529513 [I:onnxruntime:, graph.cc:4888 onnxruntime::Graph::CleanUnusedInitializersAndNodeArgs] Removing initializer 'f_branch.conv_lr4x.0.bias_zero_point'. It is no longer used by any node.
2026-09-22 14:17:48.3531769 [I:onnxruntime:, graph.cc:4888 onnxruntime::Graph::CleanUnusedInitializersAndNodeArgs] Removing initializer 'onnx::Conv_692_zero_point'. It is no longer used by any node.
2026-09-22 14:17:48.3533434 [I:onnxruntime:, graph.cc:4888 onnxruntime::Graph::CleanUnusedInitializersAndNodeArgs] Removing initializer 'f_branch.conv_lr4x.0.bias_quantized'. It is no longer used by any node.
2026-09-22 14:17:48.3534538 [I:onnxruntime:, graph.cc:4888 onnxruntime::Graph::CleanUnusedInitializersAndNodeArgs] Removing initializer 'onnx::Conv_692_quantized'. It is no longer used by any node.
2026-09-22 14:17:48.3535500 [I:onnxruntime:, graph.cc:4888 onnxruntime::Graph::CleanUnusedInitializersAndNodeArgs] Removing initializer 'onnx::Conv_750_quantized'. It is no longer used by any node.
2026-09-22 14:17:48.3536474 [I:onnxruntime:, graph.cc:4888 onnxruntime::Graph::CleanUnusedInitializersAndNodeArgs] Removing initializer 'onnx::Conv_693_zero_point'. It is no longer used by any node.
2026-09-22 14:17:48.3538207 [I:onnxruntime:, graph.cc:4888 onnxruntime::Graph::CleanUnusedInitializersAndNodeArgs] Removing initializer 'hr_branch.conv_hr2x.0.weight_zero_point'. It is no longer used by any node.
2026-09-22 14:17:48.3540422 [I:onnxruntime:, graph.cc:4888 onnxruntime::Graph::CleanUnusedInitializersAndNodeArgs] Removing initializer 'onnx::Conv_693_quantized'. It is no longer used by any node.
2026-09-22 14:17:48.3542301 [I:onnxruntime:, graph.cc:4888 onnxruntime::Graph::CleanUnusedInitializersAndNodeArgs] Removing initializer 'lr_branch.conv_lr16x.0.weight_quantized'. It is no longer used by any node.
2026-09-22 14:17:48.3544281 [I:onnxruntime:, graph.cc:4888 onnxruntime::Graph::CleanUnusedInitializersAndNodeArgs] Removing initializer 'lr_branch.se_block.fc.0.weight_scale'. It is no longer used by any node.
2026-09-22 14:17:48.3546239 [I:onnxruntime:, graph.cc:4888 onnxruntime::Graph::CleanUnusedInitializersAndNodeArgs] Removing initializer 'onnx::Conv_695_zero_point'. It is no longer used by any node.
2026-09-22 14:17:48.3547296 [I:onnxruntime:, graph.cc:4888 onnxruntime::Graph::CleanUnusedInitializersAndNodeArgs] Removing initializer 'lr_branch.se_block.fc.0.weight_zero_point'. It is no longer used by any node.
2026-09-22 14:17:48.3548834 [I:onnxruntime:, graph.cc:4888 onnxruntime::Graph::CleanUnusedInitializersAndNodeArgs] Removing initializer 'onnx::Conv_695_quantized'. It is no longer used by any node.
2026-09-22 14:17:48.3549931 [I:onnxruntime:, graph.cc:4888 onnxruntime::Graph::CleanUnusedInitializersAndNodeArgs] Removing initializer 'lr_branch.se_block.fc.0.weight_quantized'. It is no longer used by any node.
2026-09-22 14:17:48.3551121 [I:onnxruntime:, graph.cc:4888 onnxruntime::Graph::CleanUnusedInitializersAndNodeArgs] Removing initializer 'onnx::Conv_696_zero_point'. It is no longer used by any node.
2026-09-22 14:17:48.3637617 [I:onnxruntime:, graph.cc:4888 onnxruntime::Graph::CleanUnusedInitializersAndNodeArgs] Removing initializer 'onnx::Conv_696_quantized'. It is no longer used by any node.
2026-09-22 14:17:48.3639717 [I:onnxruntime:, graph.cc:4888 onnxruntime::Graph::CleanUnusedInitializersAndNodeArgs] Removing initializer 'onnx::Conv_698_zero_point'. It is no longer used by any node.
2026-09-22 14:17:48.3641398 [I:onnxruntime:, graph.cc:4888 onnxruntime::Graph::CleanUnusedInitializersAndNodeArgs] Removing initializer 'onnx::Conv_698_quantized'. It is no longer used by any node.
2026-09-22 14:17:48.3643099 [I:onnxruntime:, graph.cc:4888 onnxruntime::Graph::CleanUnusedInitializersAndNodeArgs] Removing initializer 'onnx::Conv_801_zero_point'. It is no longer used by any node.
2026-09-22 14:17:48.3644818 [I:onnxruntime:, graph.cc:4888 onnxruntime::Graph::CleanUnusedInitializersAndNodeArgs] Removing initializer 'onnx::Conv_699_zero_point'. It is no longer used by any node.
2026-09-22 14:17:48.3646489 [I:onnxruntime:, graph.cc:4888 onnxruntime::Graph::CleanUnusedInitializersAndNodeArgs] Removing initializer 'onnx::Conv_699_quantized'. It is no longer used by any node.
2026-09-22 14:17:48.3648633 [I:onnxruntime:, graph.cc:4888 onnxruntime::Graph::CleanUnusedInitializersAndNodeArgs] Removing initializer 'onnx::Conv_789_zero_point'. It is no longer used by any node.
2026-09-22 14:17:48.3650353 [I:onnxruntime:, graph.cc:4888 onnxruntime::Graph::CleanUnusedInitializersAndNodeArgs] Removing initializer '/f_branch/Concat_output_0_zero_point'. It is no longer used by any node.
2026-09-22 14:17:48.3652392 [I:onnxruntime:, graph.cc:4888 onnxruntime::Graph::CleanUnusedInitializersAndNodeArgs] Removing initializer 'onnx::Conv_701_zero_point'. It is no longer used by any node.
2026-09-22 14:17:48.3653982 [I:onnxruntime:, graph.cc:4888 onnxruntime::Graph::CleanUnusedInitializersAndNodeArgs] Removing initializer 'onnx::Conv_701_quantized'. It is no longer used by any node.
2026-09-22 14:17:48.3655606 [I:onnxruntime:, graph.cc:4888 onnxruntime::Graph::CleanUnusedInitializersAndNodeArgs] Removing initializer 'onnx::Conv_783_zero_point'. It is no longer used by any node.
2026-09-22 14:17:48.3657485 [I:onnxruntime:, graph.cc:4888 onnxruntime::Graph::CleanUnusedInitializersAndNodeArgs] Removing initializer 'onnx::Conv_702_zero_point'. It is no longer used by any node.
2026-09-22 14:17:48.3659321 [I:onnxruntime:, graph.cc:4888 onnxruntime::Graph::CleanUnusedInitializersAndNodeArgs] Removing initializer '/lr_branch/se_block/Mul_output_0_zero_point'. It is no longer used by any node.
2026-09-22 14:17:48.3661282 [I:onnxruntime:, graph.cc:4888 onnxruntime::Graph::CleanUnusedInitializersAndNodeArgs] Removing initializer 'onnx::Conv_702_quantized'. It is no longer used by any node.
2026-09-22 14:17:48.3663804 [I:onnxruntime:, graph.cc:4888 onnxruntime::Graph::CleanUnusedInitializersAndNodeArgs] Removing initializer 'onnx::Conv_704_quantized'. It is no longer used by any node.
2026-09-22 14:17:48.3665466 [I:onnxruntime:, graph.cc:4888 onnxruntime::Graph::CleanUnusedInitializersAndNodeArgs] Removing initializer 'onnx::Conv_705_zero_point'. It is no longer used by any node.
2026-09-22 14:17:48.3666472 [I:onnxruntime:, graph.cc:4888 onnxruntime::Graph::CleanUnusedInitializersAndNodeArgs] Removing initializer 'hr_branch.conv_hr2x.4.weight_zero_point'. It is no longer used by any node.
2026-09-22 14:17:48.3667543 [I:onnxruntime:, graph.cc:4888 onnxruntime::Graph::CleanUnusedInitializersAndNodeArgs] Removing initializer '/lr_branch/backbone/features.12/Add_output_0_zero_point'. It is no longer used by any node.
2026-09-22 14:17:48.3669087 [I:onnxruntime:, graph.cc:4888 onnxruntime::Graph::CleanUnusedInitializersAndNodeArgs] Removing initializer 'onnx::Conv_705_quantized'. It is no longer used by any node.
2026-09-22 14:17:48.3670079 [I:onnxruntime:, graph.cc:4888 onnxruntime::Graph::CleanUnusedInitializersAndNodeArgs] Removing initializer 'onnx::Conv_707_zero_point'. It is no longer used by any node.
2026-09-22 14:17:48.3750091 [I:onnxruntime:, graph.cc:4888 onnxruntime::Graph::CleanUnusedInitializersAndNodeArgs] Removing initializer 'onnx::Conv_723_zero_point'. It is no longer used by any node.
2026-09-22 14:17:48.3752067 [I:onnxruntime:, graph.cc:4888 onnxruntime::Graph::CleanUnusedInitializersAndNodeArgs] Removing initializer 'onnx::Conv_707_quantized'. It is no longer used by any node.
2026-09-22 14:17:48.3754542 [I:onnxruntime:, graph.cc:4888 onnxruntime::Graph::CleanUnusedInitializersAndNodeArgs] Removing initializer 'onnx::Conv_708_zero_point'. It is no longer used by any node.
2026-09-22 14:17:48.3757092 [I:onnxruntime:, graph.cc:4888 onnxruntime::Graph::CleanUnusedInitializersAndNodeArgs] Removing initializer 'onnx::Conv_708_quantized'. It is no longer used by any node.
2026-09-22 14:17:48.3759604 [I:onnxruntime:, graph.cc:4888 onnxruntime::Graph::CleanUnusedInitializersAndNodeArgs] Removing initializer 'onnx::Conv_710_zero_point'. It is no longer used by any node.
2026-09-22 14:17:48.3762918 [I:onnxruntime:, graph.cc:4888 onnxruntime::Graph::CleanUnusedInitializersAndNodeArgs] Removing initializer 'onnx::Conv_710_quantized'. It is no longer used by any node.
2026-09-22 14:17:48.3765603 [I:onnxruntime:, graph.cc:4888 onnxruntime::Graph::CleanUnusedInitializersAndNodeArgs] Removing initializer 'onnx::Conv_711_zero_point'. It is no longer used by any node.
2026-09-22 14:17:48.3767292 [I:onnxruntime:, graph.cc:4888 onnxruntime::Graph::CleanUnusedInitializersAndNodeArgs] Removing initializer 'onnx::Conv_711_quantized'. It is no longer used by any node.
2026-09-22 14:17:48.3768314 [I:onnxruntime:, graph.cc:4888 onnxruntime::Graph::CleanUnusedInitializersAndNodeArgs] Removing initializer 'onnx::Conv_713_zero_point'. It is no longer used by any node.
2026-09-22 14:17:48.3769362 [I:onnxruntime:, graph.cc:4888 onnxruntime::Graph::CleanUnusedInitializersAndNodeArgs] Removing initializer '/lr_branch/backbone/features.10/conv/conv.2/Clip_output_0_zero_point'. It is no longer used by any node.
2026-09-22 14:17:48.3778357 [I:onnxruntime:, graph.cc:4888 onnxruntime::Graph::CleanUnusedInitializersAndNodeArgs] Removing initializer 'onnx::Conv_713_quantized'. It is no longer used by any node.
2026-09-22 14:17:48.3779383 [I:onnxruntime:, graph.cc:4888 onnxruntime::Graph::CleanUnusedInitializersAndNodeArgs] Removing initializer 'lr_branch.conv_lr16x.0.bias_quantized'. It is no longer used by any node.
2026-09-22 14:17:48.3780579 [I:onnxruntime:, graph.cc:4888 onnxruntime::Graph::CleanUnusedInitializersAndNodeArgs] Removing initializer 'onnx::Conv_714_zero_point'. It is no longer used by any node.
2026-09-22 14:17:48.3781678 [I:onnxruntime:, graph.cc:4888 onnxruntime::Graph::CleanUnusedInitializersAndNodeArgs] Removing initializer 'onnx::Conv_779_quantized'. It is no longer used by any node.
2026-09-22 14:17:48.3783236 [I:onnxruntime:, graph.cc:4888 onnxruntime::Graph::CleanUnusedInitializersAndNodeArgs] Removing initializer 'onnx::Conv_788_zero_point'. It is no longer used by any node.
2026-09-22 14:17:48.3784912 [I:onnxruntime:, graph.cc:4888 onnxruntime::Graph::CleanUnusedInitializersAndNodeArgs] Removing initializer 'hr_branch.conv_hr2x.0.bias_zero_point'. It is no longer used by any node.
2026-09-22 14:17:48.3786329 [I:onnxruntime:, graph.cc:4888 onnxruntime::Graph::CleanUnusedInitializersAndNodeArgs] Removing initializer '/lr_branch/backbone/features.6/conv/conv.5/Clip_output_0_zero_point'. It is no longer used by any node.
2026-09-22 14:17:48.3787657 [I:onnxruntime:, graph.cc:4888 onnxruntime::Graph::CleanUnusedInitializersAndNodeArgs] Removing initializer 'onnx::Conv_716_zero_point'. It is no longer used by any node.
2026-09-22 14:17:48.3788769 [I:onnxruntime:, graph.cc:4888 onnxruntime::Graph::CleanUnusedInitializersAndNodeArgs] Removing initializer 'onnx::Conv_716_quantized'. It is no longer used by any node.
2026-09-22 14:17:48.3789848 [I:onnxruntime:, graph.cc:4888 onnxruntime::Graph::CleanUnusedInitializersAndNodeArgs] Removing initializer 'onnx::Conv_719_quantized'. It is no longer used by any node.
2026-09-22 14:17:48.3937028 [I:onnxruntime:, graph.cc:4888 onnxruntime::Graph::CleanUnusedInitializersAndNodeArgs] Removing initializer 'onnx::Conv_720_zero_point'. It is no longer used by any node.
2026-09-22 14:17:48.3939322 [I:onnxruntime:, graph.cc:4888 onnxruntime::Graph::CleanUnusedInitializersAndNodeArgs] Removing initializer 'onnx::Conv_759_quantized'. It is no longer used by any node.
2026-09-22 14:17:48.3941297 [I:onnxruntime:, graph.cc:4888 onnxruntime::Graph::CleanUnusedInitializersAndNodeArgs] Removing initializer 'onnx::Conv_720_quantized'. It is no longer used by any node.
2026-09-22 14:17:48.3949416 [I:onnxruntime:, graph.cc:4888 onnxruntime::Graph::CleanUnusedInitializersAndNodeArgs] Removing initializer 'onnx::Conv_722_zero_point'. It is no longer used by any node.
2026-09-22 14:17:48.3950692 [I:onnxruntime:, graph.cc:4888 onnxruntime::Graph::CleanUnusedInitializersAndNodeArgs] Removing initializer 'onnx::Conv_722_quantized'. It is no longer used by any node.
2026-09-22 14:17:48.3951924 [I:onnxruntime:, graph.cc:4888 onnxruntime::Graph::CleanUnusedInitializersAndNodeArgs] Removing initializer 'onnx::Conv_723_quantized'. It is no longer used by any node.
2026-09-22 14:17:48.3952979 [I:onnxruntime:, graph.cc:4888 onnxruntime::Graph::CleanUnusedInitializersAndNodeArgs] Removing initializer 'onnx::Conv_725_zero_point'. It is no longer used by any node.
2026-09-22 14:17:48.3954041 [I:onnxruntime:, graph.cc:4888 onnxruntime::Graph::CleanUnusedInitializersAndNodeArgs] Removing initializer 'onnx::Conv_806_quantized'. It is no longer used by any node.
2026-09-22 14:17:48.3955577 [I:onnxruntime:, graph.cc:4888 onnxruntime::Graph::CleanUnusedInitializersAndNodeArgs] Removing initializer 'onnx::Conv_725_quantized'. It is no longer used by any node.
2026-09-22 14:17:48.3957361 [I:onnxruntime:, graph.cc:4888 onnxruntime::Graph::CleanUnusedInitializersAndNodeArgs] Removing initializer 'onnx::Conv_770_quantized'. It is no longer used by any node.
2026-09-22 14:17:48.3959151 [I:onnxruntime:, graph.cc:4888 onnxruntime::Graph::CleanUnusedInitializersAndNodeArgs] Removing initializer 'onnx::Conv_750_zero_point'. It is no longer used by any node.
2026-09-22 14:17:48.3960966 [I:onnxruntime:, graph.cc:4888 onnxruntime::Graph::CleanUnusedInitializersAndNodeArgs] Removing initializer 'onnx::Conv_726_quantized'. It is no longer used by any node.
2026-09-22 14:17:48.3962790 [I:onnxruntime:, graph.cc:4888 onnxruntime::Graph::CleanUnusedInitializersAndNodeArgs] Removing initializer 'f_branch.conv_f.2.weight_quantized'. It is no longer used by any node.
2026-09-22 14:17:48.3964712 [I:onnxruntime:, graph.cc:4888 onnxruntime::Graph::CleanUnusedInitializersAndNodeArgs] Removing initializer 'onnx::Conv_728_zero_point'. It is no longer used by any node.
2026-09-22 14:17:48.3966513 [I:onnxruntime:, graph.cc:4888 onnxruntime::Graph::CleanUnusedInitializersAndNodeArgs] Removing initializer 'onnx::Conv_728_quantized'. It is no longer used by any node.
2026-09-22 14:17:48.3967590 [I:onnxruntime:, graph.cc:4888 onnxruntime::Graph::CleanUnusedInitializersAndNodeArgs] Removing initializer 'onnx::Conv_731_zero_point'. It is no longer used by any node.
2026-09-22 14:17:48.3968683 [I:onnxruntime:, graph.cc:4888 onnxruntime::Graph::CleanUnusedInitializersAndNodeArgs] Removing initializer 'onnx::Conv_731_quantized'. It is no longer used by any node.
2026-09-22 14:17:48.3969750 [I:onnxruntime:, graph.cc:4888 onnxruntime::Graph::CleanUnusedInitializersAndNodeArgs] Removing initializer 'onnx::Conv_809_quantized'. It is no longer used by any node.
2026-09-22 14:17:48.3970801 [I:onnxruntime:, graph.cc:4888 onnxruntime::Graph::CleanUnusedInitializersAndNodeArgs] Removing initializer 'onnx::Conv_732_zero_point'. It is no longer used by any node.
2026-09-22 14:17:48.3971868 [I:onnxruntime:, graph.cc:4888 onnxruntime::Graph::CleanUnusedInitializersAndNodeArgs] Removing initializer 'onnx::Conv_732_quantized'. It is no longer used by any node.
2026-09-22 14:17:48.3972939 [I:onnxruntime:, graph.cc:4888 onnxruntime::Graph::CleanUnusedInitializersAndNodeArgs] Removing initializer '/lr_branch/backbone/features.8/conv/conv.6/Conv_output_0_zero_point'. It is no longer used by any node.
2026-09-22 14:17:48.4066336 [I:onnxruntime:, graph.cc:4888 onnxruntime::Graph::CleanUnusedInitializersAndNodeArgs] Removing initializer 'onnx::Conv_734_zero_point'. It is no longer used by any node.
2026-09-22 14:17:48.4067628 [I:onnxruntime:, graph.cc:4888 onnxruntime::Graph::CleanUnusedInitializersAndNodeArgs] Removing initializer 'hr_branch.conv_hr4x.4.weight_zero_point'. It is no longer used by any node.
2026-09-22 14:17:48.4068837 [I:onnxruntime:, graph.cc:4888 onnxruntime::Graph::CleanUnusedInitializersAndNodeArgs] Removing initializer 'onnx::Conv_734_quantized'. It is no longer used by any node.
2026-09-22 14:17:48.4070136 [I:onnxruntime:, graph.cc:4888 onnxruntime::Graph::CleanUnusedInitializersAndNodeArgs] Removing initializer 'hr_branch.conv_hr4x.4.weight_quantized'. It is no longer used by any node.
2026-09-22 14:17:48.4071544 [I:onnxruntime:, graph.cc:4888 onnxruntime::Graph::CleanUnusedInitializersAndNodeArgs] Removing initializer 'onnx::Conv_735_zero_point'. It is no longer used by any node.
2026-09-22 14:17:48.4072923 [I:onnxruntime:, graph.cc:4888 onnxruntime::Graph::CleanUnusedInitializersAndNodeArgs] Removing initializer '/lr_branch/backbone/features.13/conv/conv.5/Clip_output_0_zero_point'. It is no longer used by any node.
2026-09-22 14:17:48.4074670 [I:onnxruntime:, graph.cc:4888 onnxruntime::Graph::CleanUnusedInitializersAndNodeArgs] Removing initializer 'onnx::Conv_735_quantized'. It is no longer used by any node.
2026-09-22 14:17:48.4075713 [I:onnxruntime:, graph.cc:4888 onnxruntime::Graph::CleanUnusedInitializersAndNodeArgs] Removing initializer 'onnx::Conv_737_quantized'. It is no longer used by any node.
2026-09-22 14:17:48.4077132 [I:onnxruntime:, graph.cc:4888 onnxruntime::Graph::CleanUnusedInitializersAndNodeArgs] Removing initializer 'onnx::Conv_738_zero_point'. It is no longer used by any node.
2026-09-22 14:17:48.4078431 [I:onnxruntime:, graph.cc:4888 onnxruntime::Graph::CleanUnusedInitializersAndNodeArgs] Removing initializer 'onnx::Conv_738_quantized'. It is no longer used by any node.
2026-09-22 14:17:48.4079409 [I:onnxruntime:, graph.cc:4888 onnxruntime::Graph::CleanUnusedInitializersAndNodeArgs] Removing initializer 'onnx::Conv_740_zero_point'. It is no longer used by any node.
2026-09-22 14:17:48.4080385 [I:onnxruntime:, graph.cc:4888 onnxruntime::Graph::CleanUnusedInitializersAndNodeArgs] Removing initializer 'onnx::Conv_740_quantized'. It is no longer used by any node.
2026-09-22 14:17:48.4081359 [I:onnxruntime:, graph.cc:4888 onnxruntime::Graph::CleanUnusedInitializersAndNodeArgs] Removing initializer 'onnx::Conv_741_zero_point'. It is no longer used by any node.
2026-09-22 14:17:48.4082376 [I:onnxruntime:, graph.cc:4888 onnxruntime::Graph::CleanUnusedInitializersAndNodeArgs] Removing initializer '/lr_branch/backbone/features.4/conv/conv.2/Clip_output_0_zero_point'. It is no longer used by any node.
2026-09-22 14:17:48.4083887 [I:onnxruntime:, graph.cc:4888 onnxruntime::Graph::CleanUnusedInitializersAndNodeArgs] Removing initializer 'onnx::Conv_743_zero_point'. It is no longer used by any node.
2026-09-22 14:17:48.4085082 [I:onnxruntime:, graph.cc:4888 onnxruntime::Graph::CleanUnusedInitializersAndNodeArgs] Removing initializer 'hr_branch.conv_hr2x.6.weight_zero_point'. It is no longer used by any node.
2026-09-22 14:17:48.4086335 [I:onnxruntime:, graph.cc:4888 onnxruntime::Graph::CleanUnusedInitializersAndNodeArgs] Removing initializer 'onnx::Conv_743_quantized'. It is no longer used by any node.
2026-09-22 14:17:48.4087915 [I:onnxruntime:, graph.cc:4888 onnxruntime::Graph::CleanUnusedInitializersAndNodeArgs] Removing initializer 'hr_branch.conv_hr2x.2.weight_quantized'. It is no longer used by any node.
2026-09-22 14:17:48.4090059 [I:onnxruntime:, graph.cc:4888 onnxruntime::Graph::CleanUnusedInitializersAndNodeArgs] Removing initializer 'onnx::Conv_744_zero_point'. It is no longer used by any node.
2026-09-22 14:17:48.4091747 [I:onnxruntime:, graph.cc:4888 onnxruntime::Graph::CleanUnusedInitializersAndNodeArgs] Removing initializer 'onnx::Conv_744_quantized'. It is no longer used by any node.
2026-09-22 14:17:48.4325874 [I:onnxruntime:, graph.cc:4888 onnxruntime::Graph::CleanUnusedInitializersAndNodeArgs] Removing initializer 'onnx::Conv_746_zero_point'. It is no longer used by any node.
2026-09-22 14:17:48.4327900 [I:onnxruntime:, graph.cc:4888 onnxruntime::Graph::CleanUnusedInitializersAndNodeArgs] Removing initializer 'onnx::Conv_746_quantized'. It is no longer used by any node.
2026-09-22 14:17:48.4329615 [I:onnxruntime:, graph.cc:4888 onnxruntime::Graph::CleanUnusedInitializersAndNodeArgs] Removing initializer 'hr_branch.conv_hr4x.0.bias_quantized'. It is no longer used by any node.
2026-09-22 14:17:48.4331414 [I:onnxruntime:, graph.cc:4888 onnxruntime::Graph::CleanUnusedInitializersAndNodeArgs] Removing initializer 'onnx::Conv_747_zero_point'. It is no longer used by any node.
2026-09-22 14:17:48.4333121 [I:onnxruntime:, graph.cc:4888 onnxruntime::Graph::CleanUnusedInitializersAndNodeArgs] Removing initializer 'hr_branch.conv_hr2x.2.weight_zero_point'. It is no longer used by any node.
2026-09-22 14:17:48.4335269 [I:onnxruntime:, graph.cc:4888 onnxruntime::Graph::CleanUnusedInitializersAndNodeArgs] Removing initializer 'onnx::Conv_747_quantized'. It is no longer used by any node.
2026-09-22 14:17:48.4337418 [I:onnxruntime:, graph.cc:4888 onnxruntime::Graph::CleanUnusedInitializersAndNodeArgs] Removing initializer 'onnx::Conv_749_zero_point'. It is no longer used by any node.
2026-09-22 14:17:48.4338741 [I:onnxruntime:, graph.cc:4888 onnxruntime::Graph::CleanUnusedInitializersAndNodeArgs] Removing initializer 'onnx::Conv_749_quantized'. It is no longer used by any node.
2026-09-22 14:17:48.4339739 [I:onnxruntime:, graph.cc:4888 onnxruntime::Graph::CleanUnusedInitializersAndNodeArgs] Removing initializer '/lr_branch/backbone/features.3/conv/conv.2/Clip_output_0_zero_point'. It is no longer used by any node.
2026-09-22 14:17:48.4340921 [I:onnxruntime:, graph.cc:4888 onnxruntime::Graph::CleanUnusedInitializersAndNodeArgs] Removing initializer 'onnx::Conv_752_zero_point'. It is no longer used by any node.
2026-09-22 14:17:48.4342912 [I:onnxruntime:, graph.cc:4888 onnxruntime::Graph::CleanUnusedInitializersAndNodeArgs] Removing initializer 'onnx::Conv_752_quantized'. It is no longer used by any node.
2026-09-22 14:17:48.4344856 [I:onnxruntime:, graph.cc:4888 onnxruntime::Graph::CleanUnusedInitializersAndNodeArgs] Removing initializer 'onnx::Conv_753_zero_point'. It is no longer used by any node.
2026-09-22 14:17:48.4346737 [I:onnxruntime:, graph.cc:4888 onnxruntime::Graph::CleanUnusedInitializersAndNodeArgs] Removing initializer '/f_branch/conv_f/conv_f.1/Relu_output_0_zero_point'. It is no longer used by any node.
2026-09-22 14:17:48.4348846 [I:onnxruntime:, graph.cc:4888 onnxruntime::Graph::CleanUnusedInitializersAndNodeArgs] Removing initializer 'onnx::Conv_753_quantized'. It is no longer used by any node.
2026-09-22 14:17:48.4350236 [I:onnxruntime:, graph.cc:4888 onnxruntime::Graph::CleanUnusedInitializersAndNodeArgs] Removing initializer 'onnx::Conv_755_zero_point'. It is no longer used by any node.
2026-09-22 14:17:48.4351673 [I:onnxruntime:, graph.cc:4888 onnxruntime::Graph::CleanUnusedInitializersAndNodeArgs] Removing initializer '/lr_branch/backbone/features.3/conv/conv.6/Conv_output_0_zero_point'. It is no longer used by any node.
2026-09-22 14:17:48.4353384 [I:onnxruntime:, graph.cc:4888 onnxruntime::Graph::CleanUnusedInitializersAndNodeArgs] Removing initializer 'onnx::Conv_755_quantized'. It is no longer used by any node.
2026-09-22 14:17:48.4354478 [I:onnxruntime:, graph.cc:4888 onnxruntime::Graph::CleanUnusedInitializersAndNodeArgs] Removing initializer 'onnx::Conv_756_zero_point'. It is no longer used by any node.
2026-09-22 14:17:48.4355720 [I:onnxruntime:, graph.cc:4888 onnxruntime::Graph::CleanUnusedInitializersAndNodeArgs] Removing initializer '/lr_branch/backbone/features.2/conv/conv.2/Clip_output_0_zero_point'. It is no longer used by any node.
2026-09-22 14:17:48.4576476 [I:onnxruntime:, graph.cc:4888 onnxruntime::Graph::CleanUnusedInitializersAndNodeArgs] Removing initializer 'onnx::Conv_756_quantized'. It is no longer used by any node.
2026-09-22 14:17:48.4578679 [I:onnxruntime:, graph.cc:4888 onnxruntime::Graph::CleanUnusedInitializersAndNodeArgs] Removing initializer 'onnx::Conv_758_zero_point'. It is no longer used by any node.
2026-09-22 14:17:48.4580385 [I:onnxruntime:, graph.cc:4888 onnxruntime::Graph::CleanUnusedInitializersAndNodeArgs] Removing initializer 'onnx::Conv_758_quantized'. It is no longer used by any node.
2026-09-22 14:17:48.4582130 [I:onnxruntime:, graph.cc:4888 onnxruntime::Graph::CleanUnusedInitializersAndNodeArgs] Removing initializer 'onnx::Conv_759_zero_point'. It is no longer used by any node.
2026-09-22 14:17:48.4584079 [I:onnxruntime:, graph.cc:4888 onnxruntime::Graph::CleanUnusedInitializersAndNodeArgs] Removing initializer 'onnx::Conv_761_zero_point'. It is no longer used by any node.
2026-09-22 14:17:48.4586183 [I:onnxruntime:, graph.cc:4888 onnxruntime::Graph::CleanUnusedInitializersAndNodeArgs] Removing initializer 'onnx::Conv_761_quantized'. It is no longer used by any node.
2026-09-22 14:17:48.4588190 [I:onnxruntime:, graph.cc:4888 onnxruntime::Graph::CleanUnusedInitializersAndNodeArgs] Removing initializer 'onnx::Conv_762_zero_point'. It is no longer used by any node.
2026-09-22 14:17:48.4589892 [I:onnxruntime:, graph.cc:4888 onnxruntime::Graph::CleanUnusedInitializersAndNodeArgs] Removing initializer 'onnx::Conv_762_quantized'. It is no longer used by any node.
2026-09-22 14:17:48.4590896 [I:onnxruntime:, graph.cc:4888 onnxruntime::Graph::CleanUnusedInitializersAndNodeArgs] Removing initializer 'onnx::Conv_792_zero_point'. It is no longer used by any node.
2026-09-22 14:17:48.4592105 [I:onnxruntime:, graph.cc:4888 onnxruntime::Graph::CleanUnusedInitializersAndNodeArgs] Removing initializer 'onnx::Conv_764_zero_point'. It is no longer used by any node.
2026-09-22 14:17:48.4593448 [I:onnxruntime:, graph.cc:4888 onnxruntime::Graph::CleanUnusedInitializersAndNodeArgs] Removing initializer 'onnx::Conv_782_quantized'. It is no longer used by any node.
2026-09-22 14:17:48.4595411 [I:onnxruntime:, graph.cc:4888 onnxruntime::Graph::CleanUnusedInitializersAndNodeArgs] Removing initializer 'onnx::Conv_764_quantized'. It is no longer used by any node.
2026-09-22 14:17:48.4597126 [I:onnxruntime:, graph.cc:4888 onnxruntime::Graph::CleanUnusedInitializersAndNodeArgs] Removing initializer 'onnx::Conv_812_zero_point'. It is no longer used by any node.
2026-09-22 14:17:48.4598821 [I:onnxruntime:, graph.cc:4888 onnxruntime::Graph::CleanUnusedInitializersAndNodeArgs] Removing initializer 'onnx::Conv_801_quantized'. It is no longer used by any node.
2026-09-22 14:17:48.4600528 [I:onnxruntime:, graph.cc:4888 onnxruntime::Graph::CleanUnusedInitializersAndNodeArgs] Removing initializer 'f_branch.conv_f.0.bias_zero_point'. It is no longer used by any node.
2026-09-22 14:17:48.4601992 [I:onnxruntime:, graph.cc:4888 onnxruntime::Graph::CleanUnusedInitializersAndNodeArgs] Removing initializer 'onnx::Conv_785_zero_point'. It is no longer used by any node.
2026-09-22 14:17:48.4603340 [I:onnxruntime:, graph.cc:4888 onnxruntime::Graph::CleanUnusedInitializersAndNodeArgs] Removing initializer 'onnx::Conv_765_quantized'. It is no longer used by any node.
2026-09-22 14:17:48.4604753 [I:onnxruntime:, graph.cc:4888 onnxruntime::Graph::CleanUnusedInitializersAndNodeArgs] Removing initializer 'onnx::Conv_767_quantized'. It is no longer used by any node.
2026-09-22 14:17:48.4605717 [I:onnxruntime:, graph.cc:4888 onnxruntime::Graph::CleanUnusedInitializersAndNodeArgs] Removing initializer 'onnx::Conv_768_zero_point'. It is no longer used by any node.
2026-09-22 14:17:48.4606688 [I:onnxruntime:, graph.cc:4888 onnxruntime::Graph::CleanUnusedInitializersAndNodeArgs] Removing initializer 'onnx::Conv_768_quantized'. It is no longer used by any node.
2026-09-22 14:17:48.4607652 [I:onnxruntime:, graph.cc:4888 onnxruntime::Graph::CleanUnusedInitializersAndNodeArgs] Removing initializer '/lr_branch/backbone/features.1/conv/conv.2/Clip_output_0_zero_point'. It is no longer used by any node.
2026-09-22 14:17:48.4714206 [I:onnxruntime:, graph.cc:4888 onnxruntime::Graph::CleanUnusedInitializersAndNodeArgs] Removing initializer 'onnx::Conv_770_zero_point'. It is no longer used by any node.
2026-09-22 14:17:48.4716242 [I:onnxruntime:, graph.cc:4888 onnxruntime::Graph::CleanUnusedInitializersAndNodeArgs] Removing initializer 'onnx::Conv_771_zero_point'. It is no longer used by any node.
2026-09-22 14:17:48.4718094 [I:onnxruntime:, graph.cc:4888 onnxruntime::Graph::CleanUnusedInitializersAndNodeArgs] Removing initializer 'onnx::Conv_771_quantized'. It is no longer used by any node.
2026-09-22 14:17:48.4719929 [I:onnxruntime:, graph.cc:4888 onnxruntime::Graph::CleanUnusedInitializersAndNodeArgs] Removing initializer '/lr_branch/backbone/features.8/conv/conv.2/Clip_output_0_zero_point'. It is no longer used by any node.
2026-09-22 14:17:48.4722052 [I:onnxruntime:, graph.cc:4888 onnxruntime::Graph::CleanUnusedInitializersAndNodeArgs] Removing initializer 'hr_branch.conv_hr2x.0.weight_quantized'. It is no longer used by any node.
2026-09-22 14:17:48.4723321 [I:onnxruntime:, graph.cc:4888 onnxruntime::Graph::CleanUnusedInitializersAndNodeArgs] Removing initializer 'onnx::Conv_773_zero_point'. It is no longer used by any node.
2026-09-22 14:17:48.4724528 [I:onnxruntime:, graph.cc:4888 onnxruntime::Graph::CleanUnusedInitializersAndNodeArgs] Removing initializer 'onnx::Conv_773_quantized'. It is no longer used by any node.
2026-09-22 14:17:48.4725626 [I:onnxruntime:, graph.cc:4888 onnxruntime::Graph::CleanUnusedInitializersAndNodeArgs] Removing initializer '/lr_branch/backbone/features.7/conv/conv.6/Conv_output_0_zero_point'. It is no longer used by any node.
2026-09-22 14:17:48.4726961 [I:onnxruntime:, graph.cc:4888 onnxruntime::Graph::CleanUnusedInitializersAndNodeArgs] Removing initializer 'onnx::Conv_786_zero_point'. It is no longer used by any node.
2026-09-22 14:17:48.4728048 [I:onnxruntime:, graph.cc:4888 onnxruntime::Graph::CleanUnusedInitializersAndNodeArgs] Removing initializer 'onnx::Conv_774_quantized'. It is no longer used by any node.
2026-09-22 14:17:48.4729127 [I:onnxruntime:, graph.cc:4888 onnxruntime::Graph::CleanUnusedInitializersAndNodeArgs] Removing initializer 'onnx::Conv_776_quantized'. It is no longer used by any node.
2026-09-22 14:17:48.4730523 [I:onnxruntime:, graph.cc:4888 onnxruntime::Graph::CleanUnusedInitializersAndNodeArgs] Removing initializer 'onnx::Conv_777_zero_point'. It is no longer used by any node.
2026-09-22 14:17:48.4731614 [I:onnxruntime:, graph.cc:4888 onnxruntime::Graph::CleanUnusedInitializersAndNodeArgs] Removing initializer '/hr_branch/Concat_2_output_0_zero_point'. It is no longer used by any node.
2026-09-22 14:17:48.4732772 [I:onnxruntime:, graph.cc:4888 onnxruntime::Graph::CleanUnusedInitializersAndNodeArgs] Removing initializer 'onnx::Conv_779_zero_point'. It is no longer used by any node.
2026-09-22 14:17:48.4733750 [I:onnxruntime:, graph.cc:4888 onnxruntime::Graph::CleanUnusedInitializersAndNodeArgs] Removing initializer 'onnx::Conv_813_quantized'. It is no longer used by any node.
2026-09-22 14:17:48.4735409 [I:onnxruntime:, graph.cc:4888 onnxruntime::Graph::CleanUnusedInitializersAndNodeArgs] Removing initializer 'onnx::Conv_782_zero_point'. It is no longer used by any node.
2026-09-22 14:17:48.4737449 [I:onnxruntime:, graph.cc:4888 onnxruntime::Graph::CleanUnusedInitializersAndNodeArgs] Removing initializer 'onnx::Conv_783_quantized'. It is no longer used by any node.
2026-09-22 14:17:48.4739524 [I:onnxruntime:, graph.cc:4888 onnxruntime::Graph::CleanUnusedInitializersAndNodeArgs] Removing initializer 'onnx::Conv_785_quantized'. It is no longer used by any node.
2026-09-22 14:17:48.4741189 [I:onnxruntime:, graph.cc:4888 onnxruntime::Graph::CleanUnusedInitializersAndNodeArgs] Removing initializer 'onnx::Conv_786_quantized'. It is no longer used by any node.
2026-09-22 14:17:48.4845973 [I:onnxruntime:, graph.cc:4888 onnxruntime::Graph::CleanUnusedInitializersAndNodeArgs] Removing initializer 'onnx::Conv_788_quantized'. It is no longer used by any node.
2026-09-22 14:17:48.4848192 [I:onnxruntime:, graph.cc:4888 onnxruntime::Graph::CleanUnusedInitializersAndNodeArgs] Removing initializer 'hr_branch.conv_hr2x.0.bias_quantized'. It is no longer used by any node.
2026-09-22 14:17:48.4850034 [I:onnxruntime:, graph.cc:4888 onnxruntime::Graph::CleanUnusedInitializersAndNodeArgs] Removing initializer 'onnx::Conv_807_zero_point'. It is no longer used by any node.
2026-09-22 14:17:48.4851751 [I:onnxruntime:, graph.cc:4888 onnxruntime::Graph::CleanUnusedInitializersAndNodeArgs] Removing initializer 'onnx::Conv_789_quantized'. It is no longer used by any node.
2026-09-22 14:17:48.4853452 [I:onnxruntime:, graph.cc:4888 onnxruntime::Graph::CleanUnusedInitializersAndNodeArgs] Removing initializer 'onnx::Conv_791_zero_point'. It is no longer used by any node.
2026-09-22 14:17:48.4854692 [I:onnxruntime:, graph.cc:4888 onnxruntime::Graph::CleanUnusedInitializersAndNodeArgs] Removing initializer 'onnx::Conv_791_quantized'. It is no longer used by any node.
2026-09-22 14:17:48.4856229 [I:onnxruntime:, graph.cc:4888 onnxruntime::Graph::CleanUnusedInitializersAndNodeArgs] Removing initializer 'f_branch.conv_f2x.0.bias_zero_point'. It is no longer used by any node.
2026-09-22 14:17:48.4857328 [I:onnxruntime:, graph.cc:4888 onnxruntime::Graph::CleanUnusedInitializersAndNodeArgs] Removing initializer '/lr_branch/backbone/features.13/Add_output_0_zero_point'. It is no longer used by any node.
2026-09-22 14:17:48.4858853 [I:onnxruntime:, graph.cc:4888 onnxruntime::Graph::CleanUnusedInitializersAndNodeArgs] Removing initializer 'onnx::Conv_794_zero_point'. It is no longer used by any node.
2026-09-22 14:17:48.4859872 [I:onnxruntime:, graph.cc:4888 onnxruntime::Graph::CleanUnusedInitializersAndNodeArgs] Removing initializer 'onnx::Conv_794_quantized'. It is no longer used by any node.
2026-09-22 14:17:48.4860869 [I:onnxruntime:, graph.cc:4888 onnxruntime::Graph::CleanUnusedInitializersAndNodeArgs] Removing initializer 'onnx::Conv_795_zero_point'. It is no longer used by any node.
2026-09-22 14:17:48.4862268 [I:onnxruntime:, graph.cc:4888 onnxruntime::Graph::CleanUnusedInitializersAndNodeArgs] Removing initializer 'onnx::Conv_795_quantized'. It is no longer used by any node.
2026-09-22 14:17:48.4863764 [I:onnxruntime:, graph.cc:4888 onnxruntime::Graph::CleanUnusedInitializersAndNodeArgs] Removing initializer 'onnx::Conv_797_zero_point'. It is no longer used by any node.
2026-09-22 14:17:48.4865299 [I:onnxruntime:, graph.cc:4888 onnxruntime::Graph::CleanUnusedInitializersAndNodeArgs] Removing initializer '/hr_branch/conv_hr4x/conv_hr4x.1/Relu_output_0_zero_point'. It is no longer used by any node.
2026-09-22 14:17:48.4867044 [I:onnxruntime:, graph.cc:4888 onnxruntime::Graph::CleanUnusedInitializersAndNodeArgs] Removing initializer 'onnx::Conv_797_quantized'. It is no longer used by any node.
2026-09-22 14:17:48.4868786 [I:onnxruntime:, graph.cc:4888 onnxruntime::Graph::CleanUnusedInitializersAndNodeArgs] Removing initializer '/hr_branch/conv_hr4x/conv_hr4x.3/Relu_output_0_zero_point'. It is no longer used by any node.
2026-09-22 14:17:48.4870817 [I:onnxruntime:, graph.cc:4888 onnxruntime::Graph::CleanUnusedInitializersAndNodeArgs] Removing initializer 'onnx::Conv_798_zero_point'. It is no longer used by any node.
2026-09-22 14:17:48.4872860 [I:onnxruntime:, graph.cc:4888 onnxruntime::Graph::CleanUnusedInitializersAndNodeArgs] Removing initializer 'onnx::Conv_798_quantized'. It is no longer used by any node.
2026-09-22 14:17:48.4875160 [I:onnxruntime:, graph.cc:4888 onnxruntime::Graph::CleanUnusedInitializersAndNodeArgs] Removing initializer 'onnx::Conv_804_zero_point'. It is no longer used by any node.
2026-09-22 14:17:48.4876854 [I:onnxruntime:, graph.cc:4888 onnxruntime::Graph::CleanUnusedInitializersAndNodeArgs] Removing initializer 'onnx::Conv_804_quantized'. It is no longer used by any node.
2026-09-22 14:17:48.5100134 [I:onnxruntime:, graph.cc:4888 onnxruntime::Graph::CleanUnusedInitializersAndNodeArgs] Removing initializer 'onnx::Conv_806_zero_point'. It is no longer used by any node.
2026-09-22 14:17:48.5102107 [I:onnxruntime:, graph.cc:4888 onnxruntime::Graph::CleanUnusedInitializersAndNodeArgs] Removing initializer 'onnx::Conv_807_quantized'. It is no longer used by any node.
2026-09-22 14:17:48.5103953 [I:onnxruntime:, graph.cc:4888 onnxruntime::Graph::CleanUnusedInitializersAndNodeArgs] Removing initializer 'onnx::Conv_809_zero_point'. It is no longer used by any node.
2026-09-22 14:17:48.5106030 [I:onnxruntime:, graph.cc:4888 onnxruntime::Graph::CleanUnusedInitializersAndNodeArgs] Removing initializer 'onnx::Conv_810_zero_point'. It is no longer used by any node.
2026-09-22 14:17:48.5107165 [I:onnxruntime:, graph.cc:4888 onnxruntime::Graph::CleanUnusedInitializersAndNodeArgs] Removing initializer 'onnx::Conv_810_quantized'. It is no longer used by any node.
2026-09-22 14:17:48.5108496 [I:onnxruntime:, graph.cc:4888 onnxruntime::Graph::CleanUnusedInitializersAndNodeArgs] Removing initializer '/lr_branch/backbone/features.11/conv/conv.6/Conv_output_0_zero_point'. It is no longer used by any node.
2026-09-22 14:17:48.5109936 [I:onnxruntime:, graph.cc:4888 onnxruntime::Graph::CleanUnusedInitializersAndNodeArgs] Removing initializer 'onnx::Conv_812_quantized'. It is no longer used by any node.
2026-09-22 14:17:48.5110913 [I:onnxruntime:, graph.cc:4888 onnxruntime::Graph::CleanUnusedInitializersAndNodeArgs] Removing initializer 'onnx::Conv_813_zero_point'. It is no longer used by any node.
2026-09-22 14:17:48.5111881 [I:onnxruntime:, graph.cc:4888 onnxruntime::Graph::CleanUnusedInitializersAndNodeArgs] Removing initializer 'lr_branch.se_block.fc.2.weight_zero_point'. It is no longer used by any node.
2026-09-22 14:17:48.5112937 [I:onnxruntime:, graph.cc:4888 onnxruntime::Graph::CleanUnusedInitializersAndNodeArgs] Removing initializer '/hr_branch/Resize_output_0_zero_point'. It is no longer used by any node.
2026-09-22 14:17:48.5113975 [I:onnxruntime:, graph.cc:4888 onnxruntime::Graph::CleanUnusedInitializersAndNodeArgs] Removing initializer 'lr_branch.conv_lr16x.0.weight_scale'. It is no longer used by any node.
2026-09-22 14:17:48.5115542 [I:onnxruntime:, graph.cc:4888 onnxruntime::Graph::CleanUnusedInitializersAndNodeArgs] Removing initializer 'lr_branch.conv_lr16x.0.weight_zero_point'. It is no longer used by any node.
2026-09-22 14:17:48.5116631 [I:onnxruntime:, graph.cc:4888 onnxruntime::Graph::CleanUnusedInitializersAndNodeArgs] Removing initializer 'lr_branch.conv_lr16x.0.bias_zero_point'. It is no longer used by any node.
2026-09-22 14:17:48.5118120 [I:onnxruntime:, graph.cc:4888 onnxruntime::Graph::CleanUnusedInitializersAndNodeArgs] Removing initializer 'lr_branch.conv_lr8x.0.weight_quantized'. It is no longer used by any node.
2026-09-22 14:17:48.5120459 [I:onnxruntime:, graph.cc:4888 onnxruntime::Graph::CleanUnusedInitializersAndNodeArgs] Removing initializer 'f_branch.conv_lr4x.0.weight_zero_point'. It is no longer used by any node.
2026-09-22 14:17:48.5122465 [I:onnxruntime:, graph.cc:4888 onnxruntime::Graph::CleanUnusedInitializersAndNodeArgs] Removing initializer 'f_branch.conv_lr4x.0.weight_quantized'. It is no longer used by any node.
2026-09-22 14:17:48.5124599 [I:onnxruntime:, graph.cc:4888 onnxruntime::Graph::CleanUnusedInitializersAndNodeArgs] Removing initializer 'hr_branch.conv_hr4x.0.weight_zero_point'. It is no longer used by any node.
2026-09-22 14:17:48.5127284 [I:onnxruntime:, graph.cc:4888 onnxruntime::Graph::CleanUnusedInitializersAndNodeArgs] Removing initializer 'hr_branch.conv_hr4x.0.weight_quantized'. It is no longer used by any node.
2026-09-22 14:17:48.5129281 [I:onnxruntime:, graph.cc:4888 onnxruntime::Graph::CleanUnusedInitializersAndNodeArgs] Removing initializer '/lr_branch/backbone/features.8/conv/conv.5/Clip_output_0_zero_point'. It is no longer used by any node.
2026-09-22 14:17:48.5131139 [I:onnxruntime:, graph.cc:4888 onnxruntime::Graph::CleanUnusedInitializersAndNodeArgs] Removing initializer 'hr_branch.conv_hr4x.0.bias_zero_point'. It is no longer used by any node.
2026-09-22 14:17:48.5351148 [I:onnxruntime:, graph.cc:4888 onnxruntime::Graph::CleanUnusedInitializersAndNodeArgs] Removing initializer 'hr_branch.conv_hr4x.2.weight_zero_point'. It is no longer used by any node.
2026-09-22 14:17:48.5353197 [I:onnxruntime:, graph.cc:4888 onnxruntime::Graph::CleanUnusedInitializersAndNodeArgs] Removing initializer 'hr_branch.conv_hr4x.2.weight_quantized'. It is no longer used by any node.
2026-09-22 14:17:48.5355150 [I:onnxruntime:, graph.cc:4888 onnxruntime::Graph::CleanUnusedInitializersAndNodeArgs] Removing initializer 'hr_branch.conv_hr4x.2.bias_zero_point'. It is no longer used by any node.
2026-09-22 14:17:48.5357146 [I:onnxruntime:, graph.cc:4888 onnxruntime::Graph::CleanUnusedInitializersAndNodeArgs] Removing initializer 'hr_branch.conv_hr4x.2.bias_quantized'. It is no longer used by any node.
2026-09-22 14:17:48.5358521 [I:onnxruntime:, graph.cc:4888 onnxruntime::Graph::CleanUnusedInitializersAndNodeArgs] Removing initializer 'hr_branch.conv_hr4x.4.bias_zero_point'. It is no longer used by any node.
2026-09-22 14:17:48.5360087 [I:onnxruntime:, graph.cc:4888 onnxruntime::Graph::CleanUnusedInitializersAndNodeArgs] Removing initializer '/lr_branch/backbone/features.18/features.18.2/Clip_output_0_zero_point'. It is no longer used by any node.
2026-09-22 14:17:48.5361293 [I:onnxruntime:, graph.cc:4888 onnxruntime::Graph::CleanUnusedInitializersAndNodeArgs] Removing initializer 'hr_branch.conv_hr2x.4.weight_quantized'. It is no longer used by any node.
2026-09-22 14:17:48.5362552 [I:onnxruntime:, graph.cc:4888 onnxruntime::Graph::CleanUnusedInitializersAndNodeArgs] Removing initializer 'hr_branch.conv_hr2x.4.bias_zero_point'. It is no longer used by any node.
2026-09-22 14:17:48.5363610 [I:onnxruntime:, graph.cc:4888 onnxruntime::Graph::CleanUnusedInitializersAndNodeArgs] Removing initializer 'hr_branch.conv_hr2x.6.weight_quantized'. It is no longer used by any node.
2026-09-22 14:17:48.5364656 [I:onnxruntime:, graph.cc:4888 onnxruntime::Graph::CleanUnusedInitializersAndNodeArgs] Removing initializer 'f_branch.conv_f.2.weight_zero_point'. It is no longer used by any node.
2026-09-22 14:17:48.5366176 [I:onnxruntime:, graph.cc:4888 onnxruntime::Graph::CleanUnusedInitializersAndNodeArgs] Removing initializer 'hr_branch.conv_hr2x.6.bias_quantized'. It is no longer used by any node.
2026-09-22 14:17:48.5367470 [I:onnxruntime:, graph.cc:4888 onnxruntime::Graph::CleanUnusedInitializersAndNodeArgs] Removing initializer 'f_branch.conv_f.2.bias_zero_point'. It is no longer used by any node.
2026-09-22 14:17:48.5368711 [I:onnxruntime:, graph.cc:4888 onnxruntime::Graph::CleanUnusedInitializersAndNodeArgs] Removing initializer 'f_branch.conv_f.0.weight_zero_point'. It is no longer used by any node.
2026-09-22 14:17:48.5369931 [I:onnxruntime:, graph.cc:4888 onnxruntime::Graph::CleanUnusedInitializersAndNodeArgs] Removing initializer 'f_branch.conv_f.0.weight_quantized'. It is no longer used by any node.
2026-09-22 14:17:48.5371848 [I:onnxruntime:, graph.cc:4888 onnxruntime::Graph::CleanUnusedInitializersAndNodeArgs] Removing initializer 'f_branch.conv_f.0.bias_quantized'. It is no longer used by any node.
2026-09-22 14:17:48.5373644 [I:onnxruntime:, graph.cc:4888 onnxruntime::Graph::CleanUnusedInitializersAndNodeArgs] Removing initializer '/lr_branch/backbone/features.10/conv/conv.6/Conv_output_0_zero_point'. It is no longer used by any node.
2026-09-22 14:17:48.5375760 [I:onnxruntime:, graph.cc:4888 onnxruntime::Graph::CleanUnusedInitializersAndNodeArgs] Removing initializer 'f_branch.conv_f.2.bias_quantized'. It is no longer used by any node.
2026-09-22 14:17:48.5377912 [I:onnxruntime:, graph.cc:4888 onnxruntime::Graph::CleanUnusedInitializersAndNodeArgs] Removing initializer '/lr_branch/backbone/features.0/features.0.2/Clip_output_0_zero_point'. It is no longer used by any node.
2026-09-22 14:17:48.5380005 [I:onnxruntime:, graph.cc:4888 onnxruntime::Graph::CleanUnusedInitializersAndNodeArgs] Removing initializer '/hr_branch/tohr_enc2x/tohr_enc2x.1/Relu_output_0_zero_point'. It is no longer used by any node.
2026-09-22 14:17:48.5476854 [I:onnxruntime:, graph.cc:4888 onnxruntime::Graph::CleanUnusedInitializersAndNodeArgs] Removing initializer '/lr_branch/backbone/features.2/conv/conv.6/Conv_output_0_zero_point'. It is no longer used by any node.
2026-09-22 14:17:48.5479089 [I:onnxruntime:, graph.cc:4888 onnxruntime::Graph::CleanUnusedInitializersAndNodeArgs] Removing initializer '/lr_branch/backbone/features.3/conv/conv.5/Clip_output_0_zero_point'. It is no longer used by any node.
2026-09-22 14:17:48.5481186 [I:onnxruntime:, graph.cc:4888 onnxruntime::Graph::CleanUnusedInitializersAndNodeArgs] Removing initializer '/lr_branch/backbone/features.3/Add_output_0_zero_point'. It is no longer used by any node.
2026-09-22 14:17:48.5483228 [I:onnxruntime:, graph.cc:4888 onnxruntime::Graph::CleanUnusedInitializersAndNodeArgs] Removing initializer '/lr_branch/backbone/features.16/conv/conv.5/Clip_output_0_zero_point'. It is no longer used by any node.
2026-09-22 14:17:48.5485631 [I:onnxruntime:, graph.cc:4888 onnxruntime::Graph::CleanUnusedInitializersAndNodeArgs] Removing initializer '/hr_branch/tohr_enc4x/tohr_enc4x.1/Relu_output_0_zero_point'. It is no longer used by any node.
2026-09-22 14:17:48.5487632 [I:onnxruntime:, graph.cc:4888 onnxruntime::Graph::CleanUnusedInitializersAndNodeArgs] Removing initializer '/lr_branch/backbone/features.10/Add_output_0_zero_point'. It is no longer used by any node.
2026-09-22 14:17:48.5489523 [I:onnxruntime:, graph.cc:4888 onnxruntime::Graph::CleanUnusedInitializersAndNodeArgs] Removing initializer '/hr_branch/Concat_1_output_0_zero_point'. It is no longer used by any node.
2026-09-22 14:17:48.5490790 [I:onnxruntime:, graph.cc:4888 onnxruntime::Graph::CleanUnusedInitializersAndNodeArgs] Removing initializer '/lr_branch/backbone/features.4/conv/conv.5/Clip_output_0_zero_point'. It is no longer used by any node.
2026-09-22 14:17:48.5492301 [I:onnxruntime:, graph.cc:4888 onnxruntime::Graph::CleanUnusedInitializersAndNodeArgs] Removing initializer '/lr_branch/backbone/features.4/conv/conv.6/Conv_output_0_zero_point'. It is no longer used by any node.
2026-09-22 14:17:48.5494649 [I:onnxruntime:, graph.cc:4888 onnxruntime::Graph::CleanUnusedInitializersAndNodeArgs] Removing initializer '/hr_branch/conv_hr4x/conv_hr4x.5/Relu_output_0_zero_point'. It is no longer used by any node.
2026-09-22 14:17:48.5496862 [I:onnxruntime:, graph.cc:4888 onnxruntime::Graph::CleanUnusedInitializersAndNodeArgs] Removing initializer '/lr_branch/backbone/features.5/conv/conv.2/Clip_output_0_zero_point'. It is no longer used by any node.
2026-09-22 14:17:48.5499258 [I:onnxruntime:, graph.cc:4888 onnxruntime::Graph::CleanUnusedInitializersAndNodeArgs] Removing initializer '/lr_branch/backbone/features.5/conv/conv.5/Clip_output_0_zero_point'. It is no longer used by any node.
2026-09-22 14:17:48.5501347 [I:onnxruntime:, graph.cc:4888 onnxruntime::Graph::CleanUnusedInitializersAndNodeArgs] Removing initializer '/lr_branch/backbone/features.5/Add_output_0_zero_point'. It is no longer used by any node.
2026-09-22 14:17:48.5502707 [I:onnxruntime:, graph.cc:4888 onnxruntime::Graph::CleanUnusedInitializersAndNodeArgs] Removing initializer '/lr_branch/backbone/features.6/conv/conv.2/Clip_output_0_zero_point'. It is no longer used by any node.
2026-09-22 14:17:48.5504296 [I:onnxruntime:, graph.cc:4888 onnxruntime::Graph::CleanUnusedInitializersAndNodeArgs] Removing initializer '/lr_branch/backbone/features.6/Add_output_0_zero_point'. It is no longer used by any node.
2026-09-22 14:17:48.5505569 [I:onnxruntime:, graph.cc:4888 onnxruntime::Graph::CleanUnusedInitializersAndNodeArgs] Removing initializer '/lr_branch/backbone/features.7/conv/conv.2/Clip_output_0_zero_point'. It is no longer used by any node.
2026-09-22 14:17:48.5506861 [I:onnxruntime:, graph.cc:4888 onnxruntime::Graph::CleanUnusedInitializersAndNodeArgs] Removing initializer '/lr_branch/backbone/features.7/conv/conv.5/Clip_output_0_zero_point'. It is no longer used by any node.
2026-09-22 14:17:48.5724307 [I:onnxruntime:, graph.cc:4888 onnxruntime::Graph::CleanUnusedInitializersAndNodeArgs] Removing initializer '/lr_branch/backbone/features.8/Add_output_0_zero_point'. It is no longer used by any node.
2026-09-22 14:17:48.5726400 [I:onnxruntime:, graph.cc:4888 onnxruntime::Graph::CleanUnusedInitializersAndNodeArgs] Removing initializer '/lr_branch/backbone/features.9/conv/conv.2/Clip_output_0_zero_point'. It is no longer used by any node.
2026-09-22 14:17:48.5728550 [I:onnxruntime:, graph.cc:4888 onnxruntime::Graph::CleanUnusedInitializersAndNodeArgs] Removing initializer '/lr_branch/backbone/features.9/conv/conv.5/Clip_output_0_zero_point'. It is no longer used by any node.
2026-09-22 14:17:48.5730341 [I:onnxruntime:, graph.cc:4888 onnxruntime::Graph::CleanUnusedInitializersAndNodeArgs] Removing initializer '/lr_branch/backbone/features.9/Add_output_0_zero_point'. It is no longer used by any node.
2026-09-22 14:17:48.5731534 [I:onnxruntime:, graph.cc:4888 onnxruntime::Graph::CleanUnusedInitializersAndNodeArgs] Removing initializer '/lr_branch/backbone/features.11/conv/conv.2/Clip_output_0_zero_point'. It is no longer used by any node.
2026-09-22 14:17:48.5733070 [I:onnxruntime:, graph.cc:4888 onnxruntime::Graph::CleanUnusedInitializersAndNodeArgs] Removing initializer '/lr_branch/backbone/features.11/conv/conv.5/Clip_output_0_zero_point'. It is no longer used by any node.
2026-09-22 14:17:48.5734317 [I:onnxruntime:, graph.cc:4888 onnxruntime::Graph::CleanUnusedInitializersAndNodeArgs] Removing initializer '/lr_branch/backbone/features.12/conv/conv.2/Clip_output_0_zero_point'. It is no longer used by any node.
2026-09-22 14:17:48.5735551 [I:onnxruntime:, graph.cc:4888 onnxruntime::Graph::CleanUnusedInitializersAndNodeArgs] Removing initializer '/lr_branch/backbone/features.12/conv/conv.5/Clip_output_0_zero_point'. It is no longer used by any node.
2026-09-22 14:17:48.5736773 [I:onnxruntime:, graph.cc:4888 onnxruntime::Graph::CleanUnusedInitializersAndNodeArgs] Removing initializer '/lr_branch/backbone/features.12/conv/conv.6/Conv_output_0_zero_point'. It is no longer used by any node.
2026-09-22 14:17:48.5738280 [I:onnxruntime:, graph.cc:4888 onnxruntime::Graph::CleanUnusedInitializersAndNodeArgs] Removing initializer '/hr_branch/Concat_3_output_0_zero_point'. It is no longer used by any node.
2026-09-22 14:17:48.5739362 [I:onnxruntime:, graph.cc:4888 onnxruntime::Graph::CleanUnusedInitializersAndNodeArgs] Removing initializer '/lr_branch/backbone/features.13/conv/conv.2/Clip_output_0_zero_point'. It is no longer used by any node.
2026-09-22 14:17:48.5740679 [I:onnxruntime:, graph.cc:4888 onnxruntime::Graph::CleanUnusedInitializersAndNodeArgs] Removing initializer '/lr_branch/backbone/features.13/conv/conv.6/Conv_output_0_zero_point'. It is no longer used by any node.
2026-09-22 14:17:48.5741906 [I:onnxruntime:, graph.cc:4888 onnxruntime::Graph::CleanUnusedInitializersAndNodeArgs] Removing initializer '/lr_branch/backbone/features.14/conv/conv.6/Conv_output_0_zero_point'. It is no longer used by any node.
2026-09-22 14:17:48.5743383 [I:onnxruntime:, graph.cc:4888 onnxruntime::Graph::CleanUnusedInitializersAndNodeArgs] Removing initializer '/f_branch/Concat_1_output_0_zero_point'. It is no longer used by any node.
2026-09-22 14:17:48.5744451 [I:onnxruntime:, graph.cc:4888 onnxruntime::Graph::CleanUnusedInitializersAndNodeArgs] Removing initializer '/lr_branch/backbone/features.15/conv/conv.2/Clip_output_0_zero_point'. It is no longer used by any node.
2026-09-22 14:17:48.5745681 [I:onnxruntime:, graph.cc:4888 onnxruntime::Graph::CleanUnusedInitializersAndNodeArgs] Removing initializer '/lr_branch/backbone/features.15/conv/conv.5/Clip_output_0_zero_point'. It is no longer used by any node.
2026-09-22 14:17:48.5746874 [I:onnxruntime:, graph.cc:4888 onnxruntime::Graph::CleanUnusedInitializersAndNodeArgs] Removing initializer '/lr_branch/backbone/features.15/conv/conv.6/Conv_output_0_zero_point'. It is no longer used by any node.
2026-09-22 14:17:48.5966519 [I:onnxruntime:, graph.cc:4888 onnxruntime::Graph::CleanUnusedInitializersAndNodeArgs] Removing initializer '/lr_branch/backbone/features.15/Add_output_0_zero_point'. It is no longer used by any node.
2026-09-22 14:17:48.5968933 [I:onnxruntime:, graph.cc:4888 onnxruntime::Graph::CleanUnusedInitializersAndNodeArgs] Removing initializer '/lr_branch/backbone/features.16/conv/conv.2/Clip_output_0_zero_point'. It is no longer used by any node.
2026-09-22 14:17:48.5971056 [I:onnxruntime:, graph.cc:4888 onnxruntime::Graph::CleanUnusedInitializersAndNodeArgs] Removing initializer '/hr_branch/conv_hr2x/conv_hr2x.5/Relu_output_0_zero_point'. It is no longer used by any node.
2026-09-22 14:17:48.5973384 [I:onnxruntime:, graph.cc:4888 onnxruntime::Graph::CleanUnusedInitializersAndNodeArgs] Removing initializer '/lr_branch/backbone/features.16/Add_output_0_zero_point'. It is no longer used by any node.
2026-09-22 14:17:48.5975296 [I:onnxruntime:, graph.cc:4888 onnxruntime::Graph::CleanUnusedInitializersAndNodeArgs] Removing initializer '/lr_branch/backbone/features.17/conv/conv.2/Clip_output_0_zero_point'. It is no longer used by any node.
2026-09-22 14:17:48.5977365 [I:onnxruntime:, graph.cc:4888 onnxruntime::Graph::CleanUnusedInitializersAndNodeArgs] Removing initializer '/lr_branch/backbone/features.17/conv/conv.5/Clip_output_0_zero_point'. It is no longer used by any node.
2026-09-22 14:17:48.5979688 [I:onnxruntime:, graph.cc:4888 onnxruntime::Graph::CleanUnusedInitializersAndNodeArgs] Removing initializer '/lr_branch/se_block/fc/fc.1/Relu_output_0_zero_point'. It is no longer used by any node.
2026-09-22 14:17:48.5981556 [I:onnxruntime:, graph.cc:4888 onnxruntime::Graph::CleanUnusedInitializersAndNodeArgs] Removing initializer '/lr_branch/se_block/fc/fc.2/Conv_output_0_zero_point'. It is no longer used by any node.
2026-09-22 14:17:48.5983009 [I:onnxruntime:, graph.cc:4888 onnxruntime::Graph::CleanUnusedInitializersAndNodeArgs] Removing initializer '/lr_branch/se_block/fc/fc.3/Sigmoid_output_0_zero_point'. It is no longer used by any node.
2026-09-22 14:17:48.5985259 [I:onnxruntime:, graph.cc:4888 onnxruntime::Graph::CleanUnusedInitializersAndNodeArgs] Removing initializer '/lr_branch/conv_lr16x/conv_lr16x.1/Relu_output_0_zero_point'. It is no longer used by any node.
2026-09-22 14:17:48.5987429 [I:onnxruntime:, graph.cc:4888 onnxruntime::Graph::CleanUnusedInitializersAndNodeArgs] Removing initializer '/lr_branch/conv_lr8x/conv_lr8x.1/Relu_output_0_zero_point'. It is no longer used by any node.
2026-09-22 14:17:48.5989593 [I:onnxruntime:, graph.cc:4888 onnxruntime::Graph::CleanUnusedInitializersAndNodeArgs] Removing initializer '/f_branch/conv_lr4x/conv_lr4x.1/Relu_output_0_zero_point'. It is no longer used by any node.
2026-09-22 14:17:48.5991793 [I:onnxruntime:, graph.cc:4888 onnxruntime::Graph::CleanUnusedInitializersAndNodeArgs] Removing initializer '/hr_branch/conv_hr2x/conv_hr2x.3/Relu_output_0_zero_point'. It is no longer used by any node.
2026-09-22 14:17:48.5994115 [I:onnxruntime:, graph.cc:4888 onnxruntime::Graph::CleanUnusedInitializersAndNodeArgs] Removing initializer '/f_branch/conv_f2x/conv_f2x.1/Relu_output_0_zero_point'. It is no longer used by any node.
2026-09-22 14:17:48.5995298 [I:onnxruntime:, graph.cc:4888 onnxruntime::Graph::CleanUnusedInitializersAndNodeArgs] Removing initializer '/lr_branch/se_block/fc/fc.3/Sigmoid_output_0_Scale'. It is no longer used by any node.
2026-09-22 14:17:48.6005877 [I:onnxruntime:, inference_session.cc:1465 onnxruntime::InferenceSession::TransformGraph] Running graph optimizations in loop 1 time/s (Graph Optimizations Loop Level : 1)
2026-09-22 14:17:48.6007110 [I:onnxruntime:, graph_transformer.cc:15 onnxruntime::GraphTransformer::Apply] GraphTransformer Level2_RuleBasedTransformer modified: 0 with status: OK
2026-09-22 14:17:48.6008298 [I:onnxruntime:, graph_transformer.cc:15 onnxruntime::GraphTransformer::Apply] GraphTransformer TransposeOptimizer_CPUExecutionProvider modified: 0 with status: OK
2026-09-22 14:17:48.6092726 [I:onnxruntime:, graph_transformer.cc:15 onnxruntime::GraphTransformer::Apply] GraphTransformer QDQS8ToU8Transformer modified: 0 with status: OK
2026-09-22 14:17:48.6094689 [I:onnxruntime:, graph_transformer.cc:15 onnxruntime::GraphTransformer::Apply] GraphTransformer QDQSelectorActionTransformer modified: 0 with status: OK
2026-09-22 14:17:48.6096450 [I:onnxruntime:, graph_transformer.cc:15 onnxruntime::GraphTransformer::Apply] GraphTransformer GemmActivationFusion modified: 0 with status: OK
2026-09-22 14:17:48.6098313 [I:onnxruntime:, graph_transformer.cc:15 onnxruntime::GraphTransformer::Apply] GraphTransformer MatMulIntegerToFloatFusion modified: 0 with status: OK
2026-09-22 14:17:48.6099891 [I:onnxruntime:, graph_transformer.cc:15 onnxruntime::GraphTransformer::Apply] GraphTransformer DynamicQuantizeMatMulFusion modified: 0 with status: OK
2026-09-22 14:17:48.6101473 [I:onnxruntime:, graph_transformer.cc:15 onnxruntime::GraphTransformer::Apply] GraphTransformer ConvActivationFusion modified: 0 with status: OK
2026-09-22 14:17:48.6103110 [I:onnxruntime:, graph_transformer.cc:15 onnxruntime::GraphTransformer::Apply] GraphTransformer GeluFusionL2 modified: 0 with status: OK
2026-09-22 14:17:48.6103923 [I:onnxruntime:, graph_transformer.cc:15 onnxruntime::GraphTransformer::Apply] GraphTransformer LayerNormFusionL2 modified: 0 with status: OK
2026-09-22 14:17:48.6104772 [I:onnxruntime:, graph_transformer.cc:15 onnxruntime::GraphTransformer::Apply] GraphTransformer SimplifiedLayerNormFusion modified: 0 with status: OK
2026-09-22 14:17:48.6105649 [I:onnxruntime:, graph_transformer.cc:15 onnxruntime::GraphTransformer::Apply] GraphTransformer AttentionFusion modified: 0 with status: OK
2026-09-22 14:17:48.6106490 [I:onnxruntime:, graph_transformer.cc:15 onnxruntime::GraphTransformer::Apply] GraphTransformer EmbedLayerNormFusion modified: 0 with status: OK
2026-09-22 14:17:48.6107409 [I:onnxruntime:, graph_transformer.cc:15 onnxruntime::GraphTransformer::Apply] GraphTransformer GatherSliceToSplitFusion modified: 0 with status: OK
2026-09-22 14:17:48.6108282 [I:onnxruntime:, graph_transformer.cc:15 onnxruntime::GraphTransformer::Apply] GraphTransformer GatherToSliceFusion modified: 0 with status: OK
2026-09-22 14:17:48.6109898 [I:onnxruntime:, graph_transformer.cc:15 onnxruntime::GraphTransformer::Apply] GraphTransformer MatmulTransposeFusion modified: 0 with status: OK
2026-09-22 14:17:48.6111125 [I:onnxruntime:, graph_transformer.cc:15 onnxruntime::GraphTransformer::Apply] GraphTransformer BiasGeluFusion modified: 0 with status: OK
2026-09-22 14:17:48.6112019 [I:onnxruntime:, graph_transformer.cc:15 onnxruntime::GraphTransformer::Apply] GraphTransformer GroupQueryAttentionFusion modified: 0 with status: OK
2026-09-22 14:17:48.6112971 [I:onnxruntime:, graph_transformer.cc:15 onnxruntime::GraphTransformer::Apply] GraphTransformer MatMulAddFusion modified: 0 with status: OK
2026-09-22 14:17:48.6114005 [I:onnxruntime:, graph_transformer.cc:15 onnxruntime::GraphTransformer::Apply] GraphTransformer SkipLayerNormFusion modified: 0 with status: OK
2026-09-22 14:17:48.6115460 [I:onnxruntime:, graph_transformer.cc:15 onnxruntime::GraphTransformer::Apply] GraphTransformer FastGeluFusion modified: 0 with status: OK
2026-09-22 14:17:48.6117003 [I:onnxruntime:, graph_transformer.cc:15 onnxruntime::GraphTransformer::Apply] GraphTransformer QuickGeluFusion modified: 0 with status: OK
2026-09-22 14:17:48.6118963 [I:onnxruntime:, graph_transformer.cc:15 onnxruntime::GraphTransformer::Apply] GraphTransformer BiasSoftmaxFusion modified: 0 with status: OK
2026-09-22 14:17:48.6120484 [I:onnxruntime:, graph_transformer.cc:15 onnxruntime::GraphTransformer::Apply] GraphTransformer BiasDropoutFusion modified: 0 with status: OK
2026-09-22 14:17:48.6122006 [I:onnxruntime:, graph_transformer.cc:15 onnxruntime::GraphTransformer::Apply] GraphTransformer MatMulScaleFusion modified: 0 with status: OK
2026-09-22 14:17:48.6123521 [I:onnxruntime:, graph_transformer.cc:15 onnxruntime::GraphTransformer::Apply] GraphTransformer MatMulActivationFusion modified: 0 with status: OK
2026-09-22 14:17:48.6346415 [I:onnxruntime:, graph_transformer.cc:15 onnxruntime::GraphTransformer::Apply] GraphTransformer MatMulNBitsFusion modified: 0 with status: OK
2026-09-22 14:17:48.6348190 [I:onnxruntime:, graph_transformer.cc:15 onnxruntime::GraphTransformer::Apply] GraphTransformer QDQFinalCleanupTransformer modified: 0 with status: OK
2026-09-22 14:17:48.6350311 [I:onnxruntime:, graph_transformer.cc:15 onnxruntime::GraphTransformer::Apply] GraphTransformer NchwcTransformer modified: 0 with status: OK
2026-09-22 14:17:48.6351933 [I:onnxruntime:, graph_transformer.cc:15 onnxruntime::GraphTransformer::Apply] GraphTransformer NhwcTransformer modified: 0 with status: OK
2026-09-22 14:17:48.6353440 [I:onnxruntime:, graph_transformer.cc:15 onnxruntime::GraphTransformer::Apply] GraphTransformer ConvAddActivationFusion modified: 0 with status: OK
2026-09-22 14:17:48.6354970 [I:onnxruntime:, graph_transformer.cc:15 onnxruntime::GraphTransformer::Apply] GraphTransformer RemoveDuplicateCastTransformer modified: 0 with status: OK
2026-09-22 14:17:48.6356058 [I:onnxruntime:, graph_transformer.cc:15 onnxruntime::GraphTransformer::Apply] GraphTransformer CastFloat16Transformer modified: 0 with status: OK
2026-09-22 14:17:48.6356948 [I:onnxruntime:, graph_transformer.cc:15 onnxruntime::GraphTransformer::Apply] GraphTransformer FuseFp16InitializerToFp32NodeTransformer modified: 0 with status: OK
2026-09-22 14:17:48.6357956 [I:onnxruntime:, graph_transformer.cc:15 onnxruntime::GraphTransformer::Apply] GraphTransformer MemcpyTransformer modified: 0 with status: OK
[0;93m2026-09-22 14:17:48.6359128 [W:onnxruntime:, session_state.cc:1316 onnxruntime::VerifyEachNodeIsAssignedToAnEp] Some nodes were not assigned to the preferred execution providers which may or may not have an negative impact on performance. e.g. ORT explicitly assigns shape related ops to CPU to improve perf.[m
[0;93m2026-09-22 14:17:48.6360988 [W:onnxruntime:, session_state.cc:1318 onnxruntime::VerifyEachNodeIsAssignedToAnEp] Rerunning with verbose output on a non-minimal build will show node assignments.[m
2026-09-22 14:17:48.6362996 [I:onnxruntime:, allocation_planner.cc:2659 onnxruntime::IGraphPartitioner::CreateGraphPartitioner] Use DeviceBasedPartition as default
2026-09-22 14:17:48.6364592 [I:onnxruntime:, session_state_utils.cc:243 onnxruntime::session_state_utils::SaveInitializedTensors] Saving initialized tensors.
2026-09-22 14:17:48.6366040 [I:onnxruntime:, session_state_utils.cc:438 onnxruntime::session_state_utils::SaveInitializedTensors] Done saving initialized tensors
2026-09-22 14:17:48.8426425 [I:onnxruntime:, inference_session.cc:2532 onnxruntime::InferenceSession::Initialize] Session successfully initialized.
AMD_REPORT {"path": "modnet_cut_adaround_cachekey/vitisai_ep_report.json", "sha256": "f36bb3044ce65f313d5213e875a0803873fb06fdfde6e384fb44c69db4133808", "report": {"deviceStat": [{"name": "all", "nodeNum": 507, "supportedOpType": ["::Add", "::Clip", "::Concat", "::Conv", "::DequantizeLinear", "::GlobalAveragePool", "::HardSigmoid", "::Mul", "::QuantizeLinear", "::Relu", "::Resize"]}, {"name": "CPU", "nodeNum": 1, "supportedOpType": ["::Resize"]}, {"name": "NPU", "nodeNum": 502, "supportedOpType": ["::Add", "::Clip", "::Concat", "::Conv", "::DequantizeLinear", "::GlobalAveragePool", "::HardSigmoid", "::Mul", "::QuantizeLinear", "::Relu", "::Resize"]}, {"name": "VITIS_EP_CPU", "nodeNum": 4, "supportedOpType": ["::DequantizeLinear", "::QuantizeLinear"]}], "nodeStat": [{"output": ["input_QuantizeLinear_Output"], "input": ["input", "/hr_branch/conv_hr2x/conv_hr2x.7/Relu_output_0_scale", "input_zero_point"], "opType": "QuantizeLinear", "comment": "@140 [input_QuantizeLinear_Output:(ty=2,shape=[1,3,512,512])] QuantizeLinear [input:(ty=1,shape=[1,3,512,512]),/hr_branch/conv_hr2x/conv_hr2x.7/Relu_output_0_scale:(ty=1,shape=[]),input_zero_point:(ty=2,shape=[])]", "device": "CPU"}, {"output": ["input_DequantizeLinear_Output/duplicated_token_2"], "input": ["input_QuantizeLinear_Output", "/hr_branch/conv_hr2x/conv_hr2x.7/Relu_output_0_scale", "input_zero_point"], "opType": "DequantizeLinear", "comment": "@492 [input_DequantizeLinear_Output/duplicated_token_2:(ty=1,shape=[1,3,512,512])] DequantizeLinear [input_QuantizeLinear_Output:(ty=2,shape=[1,3,512,512]),/hr_branch/conv_hr2x/conv_hr2x.7/Relu_output_0_scale:(ty=1,shape=[]),input_zero_point:(ty=2,shape=[])]", "device": "NPU"}, {"output": ["input_DequantizeLinear_Output"], "input": ["input_QuantizeLinear_Output", "/hr_branch/conv_hr2x/conv_hr2x.7/Relu_output_0_scale", "input_zero_point"], "opType": "DequantizeLinear", "comment": "@141 [input_DequantizeLinear_Output:(ty=1,shape=[1,3,512,512])] DequantizeLinear [input_QuantizeLinear_Output:(ty=2,shape=[1,3,512,512]),/hr_branch/conv_hr2x/conv_hr2x.7/Relu_output_0_scale:(ty=1,shape=[]),input_zero_point:(ty=2,shape=[])]", "device": "NPU"}, {"output": ["onnx::Conv_660_DequantizeLinear_Output"], "input": ["onnx::Conv_660_quantized", "hr_branch.conv_hr2x.4.bias_scale", "onnx::Conv_660_zero_point"], "opType": "DequantizeLinear", "comment": "@1 [onnx::Conv_660_DequantizeLinear_Output:(ty=1,shape=[32])] DequantizeLinear [onnx::Conv_660_quantized:(ty=3,shape=[32]),hr_branch.conv_hr2x.4.bias_scale:(ty=1,shape=[]),onnx::Conv_660_zero_point:(ty=3,shape=[])]", "device": "NPU"}, {"output": ["onnx::Conv_659_DequantizeLinear_Output"], "input": ["onnx::Conv_659_quantized", "onnx::Conv_683_scale", "onnx::Conv_659_zero_point"], "opType": "DequantizeLinear", "comment": "@0 [onnx::Conv_659_DequantizeLinear_Output:(ty=1,shape=[32,3,3,3])] DequantizeLinear [onnx::Conv_659_quantized:(ty=3,shape=[32,3,3,3]),onnx::Conv_683_scale:(ty=1,shape=[]),onnx::Conv_659_zero_point:(ty=3,shape=[])]", "device": "NPU"}, {"output": ["/lr_branch/backbone/features.0/features.0.0/Conv_output_0"], "input": ["input_DequantizeLinear_Output", "onnx::Conv_659_DequantizeLinear_Output", "onnx::Conv_660_DequantizeLinear_Output"], "opType": "Conv", "comment": "@142 [/lr_branch/backbone/features.0/features.0.0/Conv_output_0:(ty=1,shape=[1,32,256,256])] Conv [input_DequantizeLinear_Output:(ty=1,shape=[1,3,512,512]),onnx::Conv_659_DequantizeLinear_Output:(ty=1,shape=[32,3,3,3]),onnx::Conv_660_DequantizeLinear_Output:(ty=1,shape=[32])]", "device": "NPU"}, {"output": ["/lr_branch/backbone/features.0/features.0.2/Clip_output_0"], "input": ["/lr_branch/backbone/features.0/features.0.0/Conv_output_0", "/lr_branch/backbone/features.0/features.0.2/Constant_output_0", "/lr_branch/backbone/features.0/features.0.2/Constant_1_output_0"], "opType": "Clip", "comment": "@145 [/lr_branch/backbone/features.0/features.0.2/Clip_output_0:(ty=1,shape=[1,32,256,256])] Clip [/lr_branch/backbone/features.0/features.0.0/Conv_output_0:(ty=1,shape=[1,32,256,256]),/lr_branch/backbone/features.0/features.0.2/Constant_output_0:(ty=1,shape=[]),/lr_branch/backbone/features.0/features.0.2/Constant_1_output_0:(ty=1,shape=[])]", "device": "NPU"}, {"output": ["/lr_branch/backbone/features.0/features.0.2/Clip_output_0_QuantizeLinear_Output"], "input": ["/lr_branch/backbone/features.0/features.0.2/Clip_output_0", "onnx::Conv_672_scale", "/lr_branch/backbone/features.0/features.0.2/Clip_output_0_zero_point"], "opType": "QuantizeLinear", "comment": "@146 [/lr_branch/backbone/features.0/features.0.2/Clip_output_0_QuantizeLinear_Output:(ty=2,shape=[1,32,256,256])] QuantizeLinear [/lr_branch/backbone/features.0/features.0.2/Clip_output_0:(ty=1,shape=[1,32,256,256]),onnx::Conv_672_scale:(ty=1,shape=[]),/lr_branch/backbone/features.0/features.0.2/Clip_output_0_zero_point:(ty=2,shape=[])]", "device": "NPU"}, {"output": ["/lr_branch/backbone/features.0/features.0.2/Clip_output_0_DequantizeLinear_Output"], "input": ["/lr_branch/backbone/features.0/features.0.2/Clip_output_0_QuantizeLinear_Output", "onnx::Conv_672_scale", "/lr_branch/backbone/features.0/features.0.2/Clip_output_0_zero_point"], "opType": "DequantizeLinear", "comment": "@147 [/lr_branch/backbone/features.0/features.0.2/Clip_output_0_DequantizeLinear_Output:(ty=1,shape=[1,32,256,256])] DequantizeLinear [/lr_branch/backbone/features.0/features.0.2/Clip_output_0_QuantizeLinear_Output:(ty=2,shape=[1,32,256,256]),onnx::Conv_672_scale:(ty=1,shape=[]),/lr_branch/backbone/features.0/features.0.2/Clip_output_0_zero_point:(ty=2,shape=[])]", "device": "NPU"}, {"output": ["onnx::Conv_663_DequantizeLinear_Output"], "input": ["onnx::Conv_663_quantized", "onnx::Conv_672_scale", "onnx::Conv_663_zero_point"], "opType": "DequantizeLinear", "comment": "@3 [onnx::Conv_663_DequantizeLinear_Output:(ty=1,shape=[32])] DequantizeLinear [onnx::Conv_663_quantized:(ty=3,shape=[32]),onnx::Conv_672_scale:(ty=1,shape=[]),onnx::Conv_663_zero_point:(ty=3,shape=[])]", "device": "NPU"}, {"output": ["onnx::Conv_662_DequantizeLinear_Output"], "input": ["onnx::Conv_662_quantized", "onnx::Conv_662_scale", "onnx::Conv_662_zero_point"], "opType": "DequantizeLinear", "comment": "@2 [onnx::Conv_662_DequantizeLinear_Output:(ty=1,shape=[32,1,3,3])] DequantizeLinear [onnx::Conv_662_quantized:(ty=3,shape=[32,1,3,3]),onnx::Conv_662_scale:(ty=1,shape=[]),onnx::Conv_662_zero_point:(ty=3,shape=[])]", "device": "NPU"}, {"output": ["/lr_branch/backbone/features.1/conv/conv.0/Conv_output_0"], "input": ["/lr_branch/backbone/features.0/features.0.2/Clip_output_0_DequantizeLinear_Output", "onnx::Conv_662_DequantizeLinear_Output", "onnx::Conv_663_DequantizeLinear_Output"], "opType": "Conv", "comment": "@148 [/lr_branch/backbone/features.1/conv/conv.0/Conv_output_0:(ty=1,shape=[1,32,256,256])] Conv [/lr_branch/backbone/features.0/features.0.2/Clip_output_0_DequantizeLinear_Output:(ty=1,shape=[1,32,256,256]),onnx::Conv_662_DequantizeLinear_Output:(ty=1,shape=[32,1,3,3]),onnx::Conv_663_DequantizeLinear_Output:(ty=1,shape=[32])]", "device": "NPU"}, {"output": ["/lr_branch/backbone/features.1/conv/conv.2/Clip_output_0"], "input": ["/lr_branch/backbone/features.1/conv/conv.0/Conv_output_0", "/lr_branch/backbone/features.0/features.0.2/Constant_output_0", "/lr_branch/backbone/features.0/features.0.2/Constant_1_output_0"], "opType": "Clip", "comment": "@149 [/lr_branch/backbone/features.1/conv/conv.2/Clip_output_0:(ty=1,shape=[1,32,256,256])] Clip [/lr_branch/backbone/features.1/conv/conv.0/Conv_output_0:(ty=1,shape=[1,32,256,256]),/lr_branch/backbone/features.0/features.0.2/Constant_output_0:(ty=1,shape=[]),/lr_branch/backbone/features.0/features.0.2/Constant_1_output_0:(ty=1,shape=[])]", "device": "NPU"}, {"output": ["/lr_branch/backbone/features.1/conv/conv.2/Clip_output_0_QuantizeLinear_Output"], "input": ["/lr_branch/backbone/features.1/conv/conv.2/Clip_output_0", "/lr_branch/backbone/features.2/conv/conv.5/Clip_output_0_scale", "/lr_branch/backbone/features.1/conv/conv.2/Clip_output_0_zero_point"], "opType": "QuantizeLinear", "comment": "@150 [/lr_branch/backbone/features.1/conv/conv.2/Clip_output_0_QuantizeLinear_Output:(ty=2,shape=[1,32,256,256])] QuantizeLinear [/lr_branch/backbone/features.1/conv/conv.2/Clip_output_0:(ty=1,shape=[1,32,256,256]),/lr_branch/backbone/features.2/conv/conv.5/Clip_output_0_scale:(ty=1,shape=[]),/lr_branch/backbone/features.1/conv/conv.2/Clip_output_0_zero_point:(ty=2,shape=[])]", "device": "NPU"}, {"output": ["/lr_branch/backbone/features.1/conv/conv.2/Clip_output_0_DequantizeLinear_Output"], "input": ["/lr_branch/backbone/features.1/conv/conv.2/Clip_output_0_QuantizeLinear_Output", "/lr_branch/backbone/features.2/conv/conv.5/Clip_output_0_scale", "/lr_branch/backbone/features.1/conv/conv.2/Clip_output_0_zero_point"], "opType": "DequantizeLinear", "comment": "@151 [/lr_branch/backbone/features.1/conv/conv.2/Clip_output_0_DequantizeLinear_Output:(ty=1,shape=[1,32,256,256])] DequantizeLinear [/lr_branch/backbone/features.1/conv/conv.2/Clip_output_0_QuantizeLinear_Output:(ty=2,shape=[1,32,256,256]),/lr_branch/backbone/features.2/conv/conv.5/Clip_output_0_scale:(ty=1,shape=[]),/lr_branch/backbone/features.1/conv/conv.2/Clip_output_0_zero_point:(ty=2,shape=[])]", "device": "NPU"}, {"output": ["onnx::Conv_666_DequantizeLinear_Output"], "input": ["onnx::Conv_666_quantized", "/lr_branch/backbone/features.2/conv/conv.5/Clip_output_0_scale", "onnx::Conv_666_zero_point"], "opType": "DequantizeLinear", "comment": "@5 [onnx::Conv_666_DequantizeLinear_Output:(ty=1,shape=[16])] DequantizeLinear [onnx::Conv_666_quantized:(ty=3,shape=[16]),/lr_branch/backbone/features.2/conv/conv.5/Clip_output_0_scale:(ty=1,shape=[]),onnx::Conv_666_zero_point:(ty=3,shape=[])]", "device": "NPU"}, {"output": ["onnx::Conv_665_DequantizeLinear_Output"], "input": ["onnx::Conv_665_quantized", "hr_branch.conv_hr2x.4.bias_scale", "onnx::Conv_665_zero_point"], "opType": "DequantizeLinear", "comment": "@4 [onnx::Conv_665_DequantizeLinear_Output:(ty=1,shape=[16,32,1,1])] DequantizeLinear [onnx::Conv_665_quantized:(ty=3,shape=[16,32,1,1]),hr_branch.conv_hr2x.4.bias_scale:(ty=1,shape=[]),onnx::Conv_665_zero_point:(ty=3,shape=[])]", "device": "NPU"}, {"output": ["/lr_branch/backbone/features.1/conv/conv.3/Conv_output_0"], "input": ["/lr_branch/backbone/features.1/conv/conv.2/Clip_output_0_DequantizeLinear_Output", "onnx::Conv_665_DequantizeLinear_Output", "onnx::Conv_666_DequantizeLinear_Output"], "opType": "Conv", "comment": "@152 [/lr_branch/backbone/features.1/conv/conv.3/Conv_output_0:(ty=1,shape=[1,16,256,256])] Conv [/lr_branch/backbone/features.1/conv/conv.2/Clip_output_0_DequantizeLinear_Output:(ty=1,shape=[1,32,256,256]),onnx::Conv_665_DequantizeLinear_Output:(ty=1,shape=[16,32,1,1]),onnx::Conv_666_DequantizeLinear_Output:(ty=1,shape=[16])]", "device": "NPU"}, {"output": ["/lr_branch/backbone/features.1/conv/conv.3/Conv_output_0_QuantizeLinear_Output"], "input": ["/lr_branch/backbone/features.1/conv/conv.3/Conv_output_0", "/hr_branch/conv_hr4x/conv_hr4x.1/Relu_output_0_scale", "/lr_branch/backbone/features.1/conv/conv.3/Conv_output_0_zero_point"], "opType": "QuantizeLinear", "comment": "@153 [/lr_branch/backbone/features.1/conv/conv.3/Conv_output_0_QuantizeLinear_Output:(ty=2,shape=[1,16,256,256])] QuantizeLinear [/lr_branch/backbone/features.1/conv/conv.3/Conv_output_0:(ty=1,shape=[1,16,256,256]),/hr_branch/conv_hr4x/conv_hr4x.1/Relu_output_0_scale:(ty=1,shape=[]),/lr_branch/backbone/features.1/conv/conv.3/Conv_output_0_zero_point:(ty=2,shape=[])]", "device": "NPU"}, {"output": ["/lr_branch/backbone/features.1/conv/conv.3/Conv_output_0_DequantizeLinear_Output/duplicated"], "input": ["/lr_branch/backbone/features.1/conv/conv.3/Conv_output_0_QuantizeLinear_Output", "/hr_branch/conv_hr4x/conv_hr4x.1/Relu_output_0_scale", "/lr_branch/backbone/features.1/conv/conv.3/Conv_output_0_zero_point"], "opType": "DequantizeLinear", "comment": "@493 [/lr_branch/backbone/features.1/conv/conv.3/Conv_output_0_DequantizeLinear_Output/duplicated:(ty=1,shape=[1,16,256,256])] DequantizeLinear [/lr_branch/backbone/features.1/conv/conv.3/Conv_output_0_QuantizeLinear_Output:(ty=2,shape=[1,16,256,256]),/hr_branch/conv_hr4x/conv_hr4x.1/Relu_output_0_scale:(ty=1,shape=[]),/lr_branch/backbone/features.1/conv/conv.3/Conv_output_0_zero_point:(ty=2,shape=[])]", "device": "NPU"}, {"output": ["hr_branch.tohr_enc2x.0.bias_DequantizeLinear_Output"], "input": ["hr_branch.tohr_enc2x.0.bias_quantized", "/lr_branch/backbone/features.2/conv/conv.5/Clip_output_0_scale", "hr_branch.tohr_enc2x.0.bias_zero_point"], "opType": "DequantizeLinear", "comment": "@9 [hr_branch.tohr_enc2x.0.bias_DequantizeLinear_Output:(ty=1,shape=[32])] DequantizeLinear [hr_branch.tohr_enc2x.0.bias_quantized:(ty=3,shape=[32]),/lr_branch/backbone/features.2/conv/conv.5/Clip_output_0_scale:(ty=1,shape=[]),hr_branch.tohr_enc2x.0.bias_zero_point:(ty=3,shape=[])]", "device": "NPU"}, {"output": ["hr_branch.tohr_enc2x.0.weight_DequantizeLinear_Output"], "input": ["hr_branch.tohr_enc2x.0.weight_quantized", "onnx::Conv_683_scale", "hr_branch.tohr_enc2x.0.weight_zero_point"], "opType": "DequantizeLinear", "comment": "@8 [hr_branch.tohr_enc2x.0.weight_DequantizeLinear_Output:(ty=1,shape=[32,16,1,1])] DequantizeLinear [hr_branch.tohr_enc2x.0.weight_quantized:(ty=3,shape=[32,16,1,1]),onnx::Conv_683_scale:(ty=1,shape=[]),hr_branch.tohr_enc2x.0.weight_zero_point:(ty=3,shape=[])]", "device": "NPU"}, {"output": ["/hr_branch/tohr_enc2x/tohr_enc2x.0/Conv_output_0"], "input": ["/lr_branch/backbone/features.1/conv/conv.3/Conv_output_0_DequantizeLinear_Output/duplicated", "hr_branch.tohr_enc2x.0.weight_DequantizeLinear_Output", "hr_branch.tohr_enc2x.0.bias_DequantizeLinear_Output"], "opType": "Conv", "comment": "@156 [/hr_branch/tohr_enc2x/tohr_enc2x.0/Conv_output_0:(ty=1,shape=[1,32,256,256])] Conv [/lr_branch/backbone/features.1/conv/conv.3/Conv_output_0_DequantizeLinear_Output/duplicated:(ty=1,shape=[1,16,256,256]),hr_branch.tohr_enc2x.0.weight_DequantizeLinear_Output:(ty=1,shape=[32,16,1,1]),hr_branch.tohr_enc2x.0.bias_DequantizeLinear_Output:(ty=1,shape=[32])]", "device": "NPU"}, {"output": ["/hr_branch/tohr_enc2x/tohr_enc2x.1/Relu_output_0"], "input": ["/hr_branch/tohr_enc2x/tohr_enc2x.0/Conv_output_0"], "opType": "Relu", "comment": "@158 [/hr_branch/tohr_enc2x/tohr_enc2x.1/Relu_output_0:(ty=1,shape=[1,32,256,256])] Relu [/hr_branch/tohr_enc2x/tohr_enc2x.0/Conv_output_0:(ty=1,shape=[1,32,256,256])]", "device": "NPU"}, {"output": ["/hr_branch/tohr_enc2x/tohr_enc2x.1/Relu_output_0_QuantizeLinear_Output"], "input": ["/hr_branch/tohr_enc2x/tohr_enc2x.1/Relu_output_0", "/hr_branch/Concat_output_0_scale", "/hr_branch/tohr_enc2x/tohr_enc2x.1/Relu_output_0_zero_point"], "opType": "QuantizeLinear", "comment": "@163 [/hr_branch/tohr_enc2x/tohr_enc2x.1/Relu_output_0_QuantizeLinear_Output:(ty=2,shape=[1,32,256,256])] QuantizeLinear [/hr_branch/tohr_enc2x/tohr_enc2x.1/Relu_output_0:(ty=1,shape=[1,32,256,256]),/hr_branch/Concat_output_0_scale:(ty=1,shape=[]),/hr_branch/tohr_enc2x/tohr_enc2x.1/Relu_output_0_zero_point:(ty=2,shape=[])]", "device": "NPU"}, {"output": ["/hr_branch/tohr_enc2x/tohr_enc2x.1/Relu_output_0_DequantizeLinear_Output/duplicated"], "input": ["/hr_branch/tohr_enc2x/tohr_enc2x.1/Relu_output_0_QuantizeLinear_Output", "/hr_branch/Concat_output_0_scale", "/hr_branch/tohr_enc2x/tohr_enc2x.1/Relu_output_0_zero_point"], "opType": "DequantizeLinear", "comment": "@507 [/hr_branch/tohr_enc2x/tohr_enc2x.1/Relu_output_0_DequantizeLinear_Output/duplicated:(ty=1,shape=[1,32,256,256])] DequantizeLinear [/hr_branch/tohr_enc2x/tohr_enc2x.1/Relu_output_0_QuantizeLinear_Output:(ty=2,shape=[1,32,256,256]),/hr_branch/Concat_output_0_scale:(ty=1,shape=[]),/hr_branch/tohr_enc2x/tohr_enc2x.1/Relu_output_0_zero_point:(ty=2,shape=[])]", "device": "NPU"}, {"output": ["/lr_branch/backbone/features.1/conv/conv.3/Conv_output_0_DequantizeLinear_Output"], "input": ["/lr_branch/backbone/features.1/conv/conv.3/Conv_output_0_QuantizeLinear_Output", "/hr_branch/conv_hr4x/conv_hr4x.1/Relu_output_0_scale", "/lr_branch/backbone/features.1/conv/conv.3/Conv_output_0_zero_point"], "opType": "DequantizeLinear", "comment": "@154 [/lr_branch/backbone/features.1/conv/conv.3/Conv_output_0_DequantizeLinear_Output:(ty=1,shape=[1,16,256,256])] DequantizeLinear [/lr_branch/backbone/features.1/conv/conv.3/Conv_output_0_QuantizeLinear_Output:(ty=2,shape=[1,16,256,256]),/hr_branch/conv_hr4x/conv_hr4x.1/Relu_output_0_scale:(ty=1,shape=[]),/lr_branch/backbone/features.1/conv/conv.3/Conv_output_0_zero_point:(ty=2,shape=[])]", "device": "NPU"}, {"output": ["onnx::Conv_669_DequantizeLinear_Output"], "input": ["onnx::Conv_669_quantized", "onnx::Conv_662_scale", "onnx::Conv_669_zero_point"], "opType": "DequantizeLinear", "comment": "@7 [onnx::Conv_669_DequantizeLinear_Output:(ty=1,shape=[96])] DequantizeLinear [onnx::Conv_669_quantized:(ty=3,shape=[96]),onnx::Conv_662_scale:(ty=1,shape=[]),onnx::Conv_669_zero_point:(ty=3,shape=[])]", "device": "NPU"}, {"output": ["onnx::Conv_668_DequantizeLinear_Output"], "input": ["onnx::Conv_668_quantized", "/lr_branch/backbone/features.2/conv/conv.5/Clip_output_0_scale", "onnx::Conv_668_zero_point"], "opType": "DequantizeLinear", "comment": "@6 [onnx::Conv_668_DequantizeLinear_Output:(ty=1,shape=[96,16,1,1])] DequantizeLinear [onnx::Conv_668_quantized:(ty=3,shape=[96,16,1,1]),/lr_branch/backbone/features.2/conv/conv.5/Clip_output_0_scale:(ty=1,shape=[]),onnx::Conv_668_zero_point:(ty=3,shape=[])]", "device": "NPU"}, {"output": ["/lr_branch/backbone/features.2/conv/conv.0/Conv_output_0"], "input": ["/lr_branch/backbone/features.1/conv/conv.3/Conv_output_0_DequantizeLinear_Output", "onnx::Conv_668_DequantizeLinear_Output", "onnx::Conv_669_DequantizeLinear_Output"], "opType": "Conv", "comment": "@155 [/lr_branch/backbone/features.2/conv/conv.0/Conv_output_0:(ty=1,shape=[1,96,256,256])] Conv [/lr_branch/backbone/features.1/conv/conv.3/Conv_output_0_DequantizeLinear_Output:(ty=1,shape=[1,16,256,256]),onnx::Conv_668_DequantizeLinear_Output:(ty=1,shape=[96,16,1,1]),onnx::Conv_669_DequantizeLinear_Output:(ty=1,shape=[96])]", "device": "NPU"}, {"output": ["/lr_branch/backbone/features.2/conv/conv.2/Clip_output_0"], "input": ["/lr_branch/backbone/features.2/conv/conv.0/Conv_output_0", "/lr_branch/backbone/features.0/features.0.2/Constant_output_0", "/lr_branch/backbone/features.0/features.0.2/Constant_1_output_0"], "opType": "Clip", "comment": "@157 [/lr_branch/backbone/features.2/conv/conv.2/Clip_output_0:(ty=1,shape=[1,96,256,256])] Clip [/lr_branch/backbone/features.2/conv/conv.0/Conv_output_0:(ty=1,shape=[1,96,256,256]),/lr_branch/backbone/features.0/features.0.2/Constant_output_0:(ty=1,shape=[]),/lr_branch/backbone/features.0/features.0.2/Constant_1_output_0:(ty=1,shape=[])]", "device": "NPU"}, {"output": ["/lr_branch/backbone/features.2/conv/conv.2/Clip_output_0_QuantizeLinear_Output"], "input": ["/lr_branch/backbone/features.2/conv/conv.2/Clip_output_0", "/lr_branch/backbone/features.2/conv/conv.5/Clip_output_0_scale", "/lr_branch/backbone/features.2/conv/conv.2/Clip_output_0_zero_point"], "opType": "QuantizeLinear", "comment": "@159 [/lr_branch/backbone/features.2/conv/conv.2/Clip_output_0_QuantizeLinear_Output:(ty=2,shape=[1,96,256,256])] QuantizeLinear [/lr_branch/backbone/features.2/conv/conv.2/Clip_output_0:(ty=1,shape=[1,96,256,256]),/lr_branch/backbone/features.2/conv/conv.5/Clip_output_0_scale:(ty=1,shape=[]),/lr_branch/backbone/features.2/conv/conv.2/Clip_output_0_zero_point:(ty=2,shape=[])]", "device": "NPU"}, {"output": ["/lr_branch/backbone/features.2/conv/conv.2/Clip_output_0_DequantizeLinear_Output"], "input": ["/lr_branch/backbone/features.2/conv/conv.2/Clip_output_0_QuantizeLinear_Output", "/lr_branch/backbone/features.2/conv/conv.5/Clip_output_0_scale", "/lr_branch/backbone/features.2/conv/conv.2/Clip_output_0_zero_point"], "opType": "DequantizeLinear", "comment": "@160 [/lr_branch/backbone/features.2/conv/conv.2/Clip_output_0_DequantizeLinear_Output:(ty=1,shape=[1,96,256,256])] DequantizeLinear [/lr_branch/backbone/features.2/conv/conv.2/Clip_output_0_QuantizeLinear_Output:(ty=2,shape=[1,96,256,256]),/lr_branch/backbone/features.2/conv/conv.5/Clip_output_0_scale:(ty=1,shape=[]),/lr_branch/backbone/features.2/conv/conv.2/Clip_output_0_zero_point:(ty=2,shape=[])]", "device": "NPU"}, {"output": ["onnx::Conv_672_DequantizeLinear_Output"], "input": ["onnx::Conv_672_quantized", "onnx::Conv_672_scale", "onnx::Conv_672_zero_point"], "opType": "DequantizeLinear", "comment": "@11 [onnx::Conv_672_DequantizeLinear_Output:(ty=1,shape=[96])] DequantizeLinear [onnx::Conv_672_quantized:(ty=3,shape=[96]),onnx::Conv_672_scale:(ty=1,shape=[]),onnx::Conv_672_zero_point:(ty=3,shape=[])]", "device": "NPU"}, {"output": ["onnx::Conv_671_DequantizeLinear_Output"], "input": ["onnx::Conv_671_quantized", "/hr_branch/conv_hr4x/conv_hr4x.1/Relu_output_0_scale", "onnx::Conv_671_zero_point"], "opType": "DequantizeLinear", "comment": "@10 [onnx::Conv_671_DequantizeLinear_Output:(ty=1,shape=[96,1,3,3])] DequantizeLinear [onnx::Conv_671_quantized:(ty=3,shape=[96,1,3,3]),/hr_branch/conv_hr4x/conv_hr4x.1/Relu_output_0_scale:(ty=1,shape=[]),onnx::Conv_671_zero_point:(ty=3,shape=[])]", "device": "NPU"}, {"output": ["/lr_branch/backbone/features.2/conv/conv.3/Conv_output_0"], "input": ["/lr_branch/backbone/features.2/conv/conv.2/Clip_output_0_DequantizeLinear_Output", "onnx::Conv_671_DequantizeLinear_Output", "onnx::Conv_672_DequantizeLinear_Output"], "opType": "Conv", "comment": "@161 [/lr_branch/backbone/features.2/conv/conv.3/Conv_output_0:(ty=1,shape=[1,96,128,128])] Conv [/lr_branch/backbone/features.2/conv/conv.2/Clip_output_0_DequantizeLinear_Output:(ty=1,shape=[1,96,256,256]),onnx::Conv_671_DequantizeLinear_Output:(ty=1,shape=[96,1,3,3]),onnx::Conv_672_DequantizeLinear_Output:(ty=1,shape=[96])]", "device": "NPU"}, {"output": ["/lr_branch/backbone/features.2/conv/conv.5/Clip_output_0"], "input": ["/lr_branch/backbone/features.2/conv/conv.3/Conv_output_0", "/lr_branch/backbone/features.0/features.0.2/Constant_output_0", "/lr_branch/backbone/features.0/features.0.2/Constant_1_output_0"], "opType": "Clip", "comment": "@162 [/lr_branch/backbone/features.2/conv/conv.5/Clip_output_0:(ty=1,shape=[1,96,128,128])] Clip [/lr_branch/backbone/features.2/conv/conv.3/Conv_output_0:(ty=1,shape=[1,96,128,128]),/lr_branch/backbone/features.0/features.0.2/Constant_output_0:(ty=1,shape=[]),/lr_branch/backbone/features.0/features.0.2/Constant_1_output_0:(ty=1,shape=[])]", "device": "NPU"}, {"output": ["/lr_branch/backbone/features.2/conv/conv.5/Clip_output_0_QuantizeLinear_Output"], "input": ["/lr_branch/backbone/features.2/conv/conv.5/Clip_output_0", "/lr_branch/backbone/features.2/conv/conv.5/Clip_output_0_scale", "/lr_branch/backbone/features.2/conv/conv.5/Clip_output_0_zero_point"], "opType": "QuantizeLinear", "comment": "@172 [/lr_branch/backbone/features.2/conv/conv.5/Clip_output_0_QuantizeLinear_Output:(ty=2,shape=[1,96,128,128])] QuantizeLinear [/lr_branch/backbone/features.2/conv/conv.5/Clip_output_0:(ty=1,shape=[1,96,128,128]),/lr_branch/backbone/features.2/conv/conv.5/Clip_output_0_scale:(ty=1,shape=[]),/lr_branch/backbone/features.2/conv/conv.5/Clip_output_0_zero_point:(ty=2,shape=[])]", "device": "NPU"}, {"output": ["/lr_branch/backbone/features.2/conv/conv.5/Clip_output_0_DequantizeLinear_Output"], "input": ["/lr_branch/backbone/features.2/conv/conv.5/Clip_output_0_QuantizeLinear_Output", "/lr_branch/backbone/features.2/conv/conv.5/Clip_output_0_scale", "/lr_branch/backbone/features.2/conv/conv.5/Clip_output_0_zero_point"], "opType": "DequantizeLinear", "comment": "@173 [/lr_branch/backbone/features.2/conv/conv.5/Clip_output_0_DequantizeLinear_Output:(ty=1,shape=[1,96,128,128])] DequantizeLinear [/lr_branch/backbone/features.2/conv/conv.5/Clip_output_0_QuantizeLinear_Output:(ty=2,shape=[1,96,128,128]),/lr_branch/backbone/features.2/conv/conv.5/Clip_output_0_scale:(ty=1,shape=[]),/lr_branch/backbone/features.2/conv/conv.5/Clip_output_0_zero_point:(ty=2,shape=[])]", "device": "NPU"}, {"output": ["onnx::Conv_675_DequantizeLinear_Output"], "input": ["onnx::Conv_675_quantized", "onnx::Conv_683_scale", "onnx::Conv_675_zero_point"], "opType": "DequantizeLinear", "comment": "@15 [onnx::Conv_675_DequantizeLinear_Output:(ty=1,shape=[24])] DequantizeLinear [onnx::Conv_675_quantized:(ty=3,shape=[24]),onnx::Conv_683_scale:(ty=1,shape=[]),onnx::Conv_675_zero_point:(ty=3,shape=[])]", "device": "NPU"}, {"output": ["onnx::Conv_674_DequantizeLinear_Output"], "input": ["onnx::Conv_674_quantized", "hr_branch.conv_hr2x.4.bias_scale", "onnx::Conv_674_zero_point"], "opType": "DequantizeLinear", "comment": "@14 [onnx::Conv_674_DequantizeLinear_Output:(ty=1,shape=[24,96,1,1])] DequantizeLinear [onnx::Conv_674_quantized:(ty=3,shape=[24,96,1,1]),hr_branch.conv_hr2x.4.bias_scale:(ty=1,shape=[]),onnx::Conv_674_zero_point:(ty=3,shape=[])]", "device": "NPU"}, {"output": ["/lr_branch/backbone/features.2/conv/conv.6/Conv_output_0"], "input": ["/lr_branch/backbone/features.2/conv/conv.5/Clip_output_0_DequantizeLinear_Output", "onnx::Conv_674_DequantizeLinear_Output", "onnx::Conv_675_DequantizeLinear_Output"], "opType": "Conv", "comment": "@174 [/lr_branch/backbone/features.2/conv/conv.6/Conv_output_0:(ty=1,shape=[1,24,128,128])] Conv [/lr_branch/backbone/features.2/conv/conv.5/Clip_output_0_DequantizeLinear_Output:(ty=1,shape=[1,96,128,128]),onnx::Conv_674_DequantizeLinear_Output:(ty=1,shape=[24,96,1,1]),onnx::Conv_675_DequantizeLinear_Output:(ty=1,shape=[24])]", "device": "NPU"}, {"output": ["/lr_branch/backbone/features.2/conv/conv.6/Conv_output_0_QuantizeLinear_Output"], "input": ["/lr_branch/backbone/features.2/conv/conv.6/Conv_output_0", "onnx::Conv_672_scale", "/lr_branch/backbone/features.2/conv/conv.6/Conv_output_0_zero_point"], "opType": "QuantizeLinear", "comment": "@175 [/lr_branch/backbone/features.2/conv/conv.6/Conv_output_0_QuantizeLinear_Output:(ty=2,shape=[1,24,128,128])] QuantizeLinear [/lr_branch/backbone/features.2/conv/conv.6/Conv_output_0:(ty=1,shape=[1,24,128,128]),onnx::Conv_672_scale:(ty=1,shape=[]),/lr_branch/backbone/features.2/conv/conv.6/Conv_output_0_zero_point:(ty=2,shape=[])]", "device": "NPU"}, {"output": ["/lr_branch/backbone/features.2/conv/conv.6/Conv_output_0_DequantizeLinear_Output/duplicated"], "input": ["/lr_branch/backbone/features.2/conv/conv.6/Conv_output_0_QuantizeLinear_Output", "onnx::Conv_672_scale", "/lr_branch/backbone/features.2/conv/conv.6/Conv_output_0_zero_point"], "opType": "DequantizeLinear", "comment": "@494 [/lr_branch/backbone/features.2/conv/conv.6/Conv_output_0_DequantizeLinear_Output/duplicated:(ty=1,shape=[1,24,128,128])] DequantizeLinear [/lr_branch/backbone/features.2/conv/conv.6/Conv_output_0_QuantizeLinear_Output:(ty=2,shape=[1,24,128,128]),onnx::Conv_672_scale:(ty=1,shape=[]),/lr_branch/backbone/features.2/conv/conv.6/Conv_output_0_zero_point:(ty=2,shape=[])]", "device": "NPU"}, {"output": ["/lr_branch/backbone/features.2/conv/conv.6/Conv_output_0_DequantizeLinear_Output"], "input": ["/lr_branch/backbone/features.2/conv/conv.6/Conv_output_0_QuantizeLinear_Output", "onnx::Conv_672_scale", "/lr_branch/backbone/features.2/conv/conv.6/Conv_output_0_zero_point"], "opType": "DequantizeLinear", "comment": "@176 [/lr_branch/backbone/features.2/conv/conv.6/Conv_output_0_DequantizeLinear_Output:(ty=1,shape=[1,24,128,128])] DequantizeLinear [/lr_branch/backbone/features.2/conv/conv.6/Conv_output_0_QuantizeLinear_Output:(ty=2,shape=[1,24,128,128]),onnx::Conv_672_scale:(ty=1,shape=[]),/lr_branch/backbone/features.2/conv/conv.6/Conv_output_0_zero_point:(ty=2,shape=[])]", "device": "NPU"}, {"output": ["onnx::Conv_678_DequantizeLinear_Output"], "input": ["onnx::Conv_678_quantized", "hr_branch.conv_hr2x.4.bias_scale", "onnx::Conv_678_zero_point"], "opType": "DequantizeLinear", "comment": "@17 [onnx::Conv_678_DequantizeLinear_Output:(ty=1,shape=[144])] DequantizeLinear [onnx::Conv_678_quantized:(ty=3,shape=[144]),hr_branch.conv_hr2x.4.bias_scale:(ty=1,shape=[]),onnx::Conv_678_zero_point:(ty=3,shape=[])]", "device": "NPU"}, {"output": ["onnx::Conv_677_DequantizeLinear_Output"], "input": ["onnx::Conv_677_quantized", "onnx::Conv_696_scale", "onnx::Conv_677_zero_point"], "opType": "DequantizeLinear", "comment": "@16 [onnx::Conv_677_DequantizeLinear_Output:(ty=1,shape=[144,24,1,1])] DequantizeLinear [onnx::Conv_677_quantized:(ty=3,shape=[144,24,1,1]),onnx::Conv_696_scale:(ty=1,shape=[]),onnx::Conv_677_zero_point:(ty=3,shape=[])]", "device": "NPU"}, {"output": ["/lr_branch/backbone/features.3/conv/conv.0/Conv_output_0"], "input": ["/lr_branch/backbone/features.2/conv/conv.6/Conv_output_0_DequantizeLinear_Output", "onnx::Conv_677_DequantizeLinear_Output", "onnx::Conv_678_DequantizeLinear_Output"], "opType": "Conv", "comment": "@177 [/lr_branch/backbone/features.3/conv/conv.0/Conv_output_0:(ty=1,shape=[1,144,128,128])] Conv [/lr_branch/backbone/features.2/conv/conv.6/Conv_output_0_DequantizeLinear_Output:(ty=1,shape=[1,24,128,128]),onnx::Conv_677_DequantizeLinear_Output:(ty=1,shape=[144,24,1,1]),onnx::Conv_678_DequantizeLinear_Output:(ty=1,shape=[144])]", "device": "NPU"}, {"output": ["/lr_branch/backbone/features.3/conv/conv.2/Clip_output_0"], "input": ["/lr_branch/backbone/features.3/conv/conv.0/Conv_output_0", "/lr_branch/backbone/features.0/features.0.2/Constant_output_0", "/lr_branch/backbone/features.0/features.0.2/Constant_1_output_0"], "opType": "Clip", "comment": "@178 [/lr_branch/backbone/features.3/conv/conv.2/Clip_output_0:(ty=1,shape=[1,144,128,128])] Clip [/lr_branch/backbone/features.3/conv/conv.0/Conv_output_0:(ty=1,shape=[1,144,128,128]),/lr_branch/backbone/features.0/features.0.2/Constant_output_0:(ty=1,shape=[]),/lr_branch/backbone/features.0/features.0.2/Constant_1_output_0:(ty=1,shape=[])]", "device": "NPU"}, {"output": ["/lr_branch/backbone/features.3/conv/conv.2/Clip_output_0_QuantizeLinear_Output"], "input": ["/lr_branch/backbone/features.3/conv/conv.2/Clip_output_0", "onnx::Conv_683_scale", "/lr_branch/backbone/features.3/conv/conv.2/Clip_output_0_zero_point"], "opType": "QuantizeLinear", "comment": "@181 [/lr_branch/backbone/features.3/conv/conv.2/Clip_output_0_QuantizeLinear_Output:(ty=2,shape=[1,144,128,128])] QuantizeLinear [/lr_branch/backbone/features.3/conv/conv.2/Clip_output_0:(ty=1,shape=[1,144,128,128]),onnx::Conv_683_scale:(ty=1,shape=[]),/lr_branch/backbone/features.3/conv/conv.2/Clip_output_0_zero_point:(ty=2,shape=[])]", "device": "NPU"}, {"output": ["/lr_branch/backbone/features.3/conv/conv.2/Clip_output_0_DequantizeLinear_Output"], "input": ["/lr_branch/backbone/features.3/conv/conv.2/Clip_output_0_QuantizeLinear_Output", "onnx::Conv_683_scale", "/lr_branch/backbone/features.3/conv/conv.2/Clip_output_0_zero_point"], "opType": "DequantizeLinear", "comment": "@182 [/lr_branch/backbone/features.3/conv/conv.2/Clip_output_0_DequantizeLinear_Output:(ty=1,shape=[1,144,128,128])] DequantizeLinear [/lr_branch/backbone/features.3/conv/conv.2/Clip_output_0_QuantizeLinear_Output:(ty=2,shape=[1,144,128,128]),onnx::Conv_683_scale:(ty=1,shape=[]),/lr_branch/backbone/features.3/conv/conv.2/Clip_output_0_zero_point:(ty=2,shape=[])]", "device": "NPU"}, {"output": ["onnx::Conv_681_DequantizeLinear_Output"], "input": ["onnx::Conv_681_quantized", "onnx::Conv_672_scale", "onnx::Conv_681_zero_point"], "opType": "DequantizeLinear", "comment": "@19 [onnx::Conv_681_DequantizeLinear_Output:(ty=1,shape=[144])] DequantizeLinear [onnx::Conv_681_quantized:(ty=3,shape=[144]),onnx::Conv_672_scale:(ty=1,shape=[]),onnx::Conv_681_zero_point:(ty=3,shape=[])]", "device": "NPU"}, {"output": ["onnx::Conv_680_DequantizeLinear_Output"], "input": ["onnx::Conv_680_quantized", "/hr_branch/conv_hr4x/conv_hr4x.1/Relu_output_0_scale", "onnx::Conv_680_zero_point"], "opType": "DequantizeLinear", "comment": "@18 [onnx::Conv_680_DequantizeLinear_Output:(ty=1,shape=[144,1,3,3])] DequantizeLinear [onnx::Conv_680_quantized:(ty=3,shape=[144,1,3,3]),/hr_branch/conv_hr4x/conv_hr4x.1/Relu_output_0_scale:(ty=1,shape=[]),onnx::Conv_680_zero_point:(ty=3,shape=[])]", "device": "NPU"}, {"output": ["/lr_branch/backbone/features.3/conv/conv.3/Conv_output_0"], "input": ["/lr_branch/backbone/features.3/conv/conv.2/Clip_output_0_DequantizeLinear_Output", "onnx::Conv_680_DequantizeLinear_Output", "onnx::Conv_681_DequantizeLinear_Output"], "opType": "Conv", "comment": "@183 [/lr_branch/backbone/features.3/conv/conv.3/Conv_output_0:(ty=1,shape=[1,144,128,128])] Conv [/lr_branch/backbone/features.3/conv/conv.2/Clip_output_0_DequantizeLinear_Output:(ty=1,shape=[1,144,128,128]),onnx::Conv_680_DequantizeLinear_Output:(ty=1,shape=[144,1,3,3]),onnx::Conv_681_DequantizeLinear_Output:(ty=1,shape=[144])]", "device": "NPU"}, {"output": ["/lr_branch/backbone/features.3/conv/conv.5/Clip_output_0"], "input": ["/lr_branch/backbone/features.3/conv/conv.3/Conv_output_0", "/lr_branch/backbone/features.0/features.0.2/Constant_output_0", "/lr_branch/backbone/features.0/features.0.2/Constant_1_output_0"], "opType": "Clip", "comment": "@184 [/lr_branch/backbone/features.3/conv/conv.5/Clip_output_0:(ty=1,shape=[1,144,128,128])] Clip [/lr_branch/backbone/features.3/conv/conv.3/Conv_output_0:(ty=1,shape=[1,144,128,128]),/lr_branch/backbone/features.0/features.0.2/Constant_output_0:(ty=1,shape=[]),/lr_branch/backbone/features.0/features.0.2/Constant_1_output_0:(ty=1,shape=[])]", "device": "NPU"}, {"output": ["/lr_branch/backbone/features.3/conv/conv.5/Clip_output_0_QuantizeLinear_Output"], "input": ["/lr_branch/backbone/features.3/conv/conv.5/Clip_output_0", "onnx::Conv_672_scale", "/lr_branch/backbone/features.3/conv/conv.5/Clip_output_0_zero_point"], "opType": "QuantizeLinear", "comment": "@185 [/lr_branch/backbone/features.3/conv/conv.5/Clip_output_0_QuantizeLinear_Output:(ty=2,shape=[1,144,128,128])] QuantizeLinear [/lr_branch/backbone/features.3/conv/conv.5/Clip_output_0:(ty=1,shape=[1,144,128,128]),onnx::Conv_672_scale:(ty=1,shape=[]),/lr_branch/backbone/features.3/conv/conv.5/Clip_output_0_zero_point:(ty=2,shape=[])]", "device": "NPU"}, {"output": ["/lr_branch/backbone/features.3/conv/conv.5/Clip_output_0_DequantizeLinear_Output"], "input": ["/lr_branch/backbone/features.3/conv/conv.5/Clip_output_0_QuantizeLinear_Output", "onnx::Conv_672_scale", "/lr_branch/backbone/features.3/conv/conv.5/Clip_output_0_zero_point"], "opType": "DequantizeLinear", "comment": "@186 [/lr_branch/backbone/features.3/conv/conv.5/Clip_output_0_DequantizeLinear_Output:(ty=1,shape=[1,144,128,128])] DequantizeLinear [/lr_branch/backbone/features.3/conv/conv.5/Clip_output_0_QuantizeLinear_Output:(ty=2,shape=[1,144,128,128]),onnx::Conv_672_scale:(ty=1,shape=[]),/lr_branch/backbone/features.3/conv/conv.5/Clip_output_0_zero_point:(ty=2,shape=[])]", "device": "NPU"}, {"output": ["onnx::Conv_684_DequantizeLinear_Output"], "input": ["onnx::Conv_684_quantized", "onnx::Conv_672_scale", "onnx::Conv_684_zero_point"], "opType": "DequantizeLinear", "comment": "@21 [onnx::Conv_684_DequantizeLinear_Output:(ty=1,shape=[24])] DequantizeLinear [onnx::Conv_684_quantized:(ty=3,shape=[24]),onnx::Conv_672_scale:(ty=1,shape=[]),onnx::Conv_684_zero_point:(ty=3,shape=[])]", "device": "NPU"}, {"output": ["onnx::Conv_683_DequantizeLinear_Output"], "input": ["onnx::Conv_683_quantized", "onnx::Conv_683_scale", "onnx::Conv_683_zero_point"], "opType": "DequantizeLinear", "comment": "@20 [onnx::Conv_683_DequantizeLinear_Output:(ty=1,shape=[24,144,1,1])] DequantizeLinear [onnx::Conv_683_quantized:(ty=3,shape=[24,144,1,1]),onnx::Conv_683_scale:(ty=1,shape=[]),onnx::Conv_683_zero_point:(ty=3,shape=[])]", "device": "NPU"}, {"output": ["/lr_branch/backbone/features.3/conv/conv.6/Conv_output_0"], "input": ["/lr_branch/backbone/features.3/conv/conv.5/Clip_output_0_DequantizeLinear_Output", "onnx::Conv_683_DequantizeLinear_Output", "onnx::Conv_684_DequantizeLinear_Output"], "opType": "Conv", "comment": "@187 [/lr_branch/backbone/features.3/conv/conv.6/Conv_output_0:(ty=1,shape=[1,24,128,128])] Conv [/lr_branch/backbone/features.3/conv/conv.5/Clip_output_0_DequantizeLinear_Output:(ty=1,shape=[1,144,128,128]),onnx::Conv_683_DequantizeLinear_Output:(ty=1,shape=[24,144,1,1]),onnx::Conv_684_DequantizeLinear_Output:(ty=1,shape=[24])]", "device": "NPU"}, {"output": ["/lr_branch/backbone/features.3/conv/conv.6/Conv_output_0_QuantizeLinear_Output"], "input": ["/lr_branch/backbone/features.3/conv/conv.6/Conv_output_0", "/lr_branch/backbone/features.2/conv/conv.5/Clip_output_0_scale", "/lr_branch/backbone/features.3/conv/conv.6/Conv_output_0_zero_point"], "opType": "QuantizeLinear", "comment": "@188 [/lr_branch/backbone/features.3/conv/conv.6/Conv_output_0_QuantizeLinear_Output:(ty=2,shape=[1,24,128,128])] QuantizeLinear [/lr_branch/backbone/features.3/conv/conv.6/Conv_output_0:(ty=1,shape=[1,24,128,128]),/lr_branch/backbone/features.2/conv/conv.5/Clip_output_0_scale:(ty=1,shape=[]),/lr_branch/backbone/features.3/conv/conv.6/Conv_output_0_zero_point:(ty=2,shape=[])]", "device": "NPU"}, {"output": ["/lr_branch/backbone/features.3/conv/conv.6/Conv_output_0_DequantizeLinear_Output"], "input": ["/lr_branch/backbone/features.3/conv/conv.6/Conv_output_0_QuantizeLinear_Output", "/lr_branch/backbone/features.2/conv/conv.5/Clip_output_0_scale", "/lr_branch/backbone/features.3/conv/conv.6/Conv_output_0_zero_point"], "opType": "DequantizeLinear", "comment": "@189 [/lr_branch/backbone/features.3/conv/conv.6/Conv_output_0_DequantizeLinear_Output:(ty=1,shape=[1,24,128,128])] DequantizeLinear [/lr_branch/backbone/features.3/conv/conv.6/Conv_output_0_QuantizeLinear_Output:(ty=2,shape=[1,24,128,128]),/lr_branch/backbone/features.2/conv/conv.5/Clip_output_0_scale:(ty=1,shape=[]),/lr_branch/backbone/features.3/conv/conv.6/Conv_output_0_zero_point:(ty=2,shape=[])]", "device": "NPU"}, {"output": ["/lr_branch/backbone/features.3/Add_output_0"], "input": ["/lr_branch/backbone/features.2/conv/conv.6/Conv_output_0_DequantizeLinear_Output/duplicated", "/lr_branch/backbone/features.3/conv/conv.6/Conv_output_0_DequantizeLinear_Output"], "opType": "Add", "comment": "@190 [/lr_branch/backbone/features.3/Add_output_0:(ty=1,shape=[1,24,128,128])] Add [/lr_branch/backbone/features.2/conv/conv.6/Conv_output_0_DequantizeLinear_Output/duplicated:(ty=1,shape=[1,24,128,128]),/lr_branch/backbone/features.3/conv/conv.6/Conv_output_0_DequantizeLinear_Output:(ty=1,shape=[1,24,128,128])]", "device": "NPU"}, {"output": ["/lr_branch/backbone/features.3/Add_output_0_QuantizeLinear_Output"], "input": ["/lr_branch/backbone/features.3/Add_output_0", "/lr_branch/backbone/features.2/conv/conv.5/Clip_output_0_scale", "/lr_branch/backbone/features.3/Add_output_0_zero_point"], "opType": "QuantizeLinear", "comment": "@191 [/lr_branch/backbone/features.3/Add_output_0_QuantizeLinear_Output:(ty=2,shape=[1,24,128,128])] QuantizeLinear [/lr_branch/backbone/features.3/Add_output_0:(ty=1,shape=[1,24,128,128]),/lr_branch/backbone/features.2/conv/conv.5/Clip_output_0_scale:(ty=1,shape=[]),/lr_branch/backbone/features.3/Add_output_0_zero_point:(ty=2,shape=[])]", "device": "NPU"}, {"output": ["/lr_branch/backbone/features.3/Add_output_0_DequantizeLinear_Output"], "input": ["/lr_branch/backbone/features.3/Add_output_0_QuantizeLinear_Output", "/lr_branch/backbone/features.2/conv/conv.5/Clip_output_0_scale", "/lr_branch/backbone/features.3/Add_output_0_zero_point"], "opType": "DequantizeLinear", "comment": "@192 [/lr_branch/backbone/features.3/Add_output_0_DequantizeLinear_Output:(ty=1,shape=[1,24,128,128])] DequantizeLinear [/lr_branch/backbone/features.3/Add_output_0_QuantizeLinear_Output:(ty=2,shape=[1,24,128,128]),/lr_branch/backbone/features.2/conv/conv.5/Clip_output_0_scale:(ty=1,shape=[]),/lr_branch/backbone/features.3/Add_output_0_zero_point:(ty=2,shape=[])]", "device": "NPU"}, {"output": ["onnx::Conv_687_DequantizeLinear_Output"], "input": ["onnx::Conv_687_quantized", "onnx::Conv_696_scale", "onnx::Conv_687_zero_point"], "opType": "DequantizeLinear", "comment": "@23 [onnx::Conv_687_DequantizeLinear_Output:(ty=1,shape=[144])] DequantizeLinear [onnx::Conv_687_quantized:(ty=3,shape=[144]),onnx::Conv_696_scale:(ty=1,shape=[]),onnx::Conv_687_zero_point:(ty=3,shape=[])]", "device": "NPU"}, {"output": ["onnx::Conv_686_DequantizeLinear_Output"], "input": ["onnx::Conv_686_quantized", "onnx::Conv_696_scale", "onnx::Conv_686_zero_point"], "opType": "DequantizeLinear", "comment": "@22 [onnx::Conv_686_DequantizeLinear_Output:(ty=1,shape=[144,24,1,1])] DequantizeLinear [onnx::Conv_686_quantized:(ty=3,shape=[144,24,1,1]),onnx::Conv_696_scale:(ty=1,shape=[]),onnx::Conv_686_zero_point:(ty=3,shape=[])]", "device": "NPU"}, {"output": ["/lr_branch/backbone/features.4/conv/conv.0/Conv_output_0"], "input": ["/lr_branch/backbone/features.3/Add_output_0_DequantizeLinear_Output", "onnx::Conv_686_DequantizeLinear_Output", "onnx::Conv_687_DequantizeLinear_Output"], "opType": "Conv", "comment": "@193 [/lr_branch/backbone/features.4/conv/conv.0/Conv_output_0:(ty=1,shape=[1,144,128,128])] Conv [/lr_branch/backbone/features.3/Add_output_0_DequantizeLinear_Output:(ty=1,shape=[1,24,128,128]),onnx::Conv_686_DequantizeLinear_Output:(ty=1,shape=[144,24,1,1]),onnx::Conv_687_DequantizeLinear_Output:(ty=1,shape=[144])]", "device": "NPU"}, {"output": ["/lr_branch/backbone/features.4/conv/conv.2/Clip_output_0"], "input": ["/lr_branch/backbone/features.4/conv/conv.0/Conv_output_0", "/lr_branch/backbone/features.0/features.0.2/Constant_output_0", "/lr_branch/backbone/features.0/features.0.2/Constant_1_output_0"], "opType": "Clip", "comment": "@195 [/lr_branch/backbone/features.4/conv/conv.2/Clip_output_0:(ty=1,shape=[1,144,128,128])] Clip [/lr_branch/backbone/features.4/conv/conv.0/Conv_output_0:(ty=1,shape=[1,144,128,128]),/lr_branch/backbone/features.0/features.0.2/Constant_output_0:(ty=1,shape=[]),/lr_branch/backbone/features.0/features.0.2/Constant_1_output_0:(ty=1,shape=[])]", "device": "NPU"}, {"output": ["/lr_branch/backbone/features.4/conv/conv.2/Clip_output_0_QuantizeLinear_Output"], "input": ["/lr_branch/backbone/features.4/conv/conv.2/Clip_output_0", "onnx::Conv_672_scale", "/lr_branch/backbone/features.4/conv/conv.2/Clip_output_0_zero_point"], "opType": "QuantizeLinear", "comment": "@197 [/lr_branch/backbone/features.4/conv/conv.2/Clip_output_0_QuantizeLinear_Output:(ty=2,shape=[1,144,128,128])] QuantizeLinear [/lr_branch/backbone/features.4/conv/conv.2/Clip_output_0:(ty=1,shape=[1,144,128,128]),onnx::Conv_672_scale:(ty=1,shape=[]),/lr_branch/backbone/features.4/conv/conv.2/Clip_output_0_zero_point:(ty=2,shape=[])]", "device": "NPU"}, {"output": ["/lr_branch/backbone/features.4/conv/conv.2/Clip_output_0_DequantizeLinear_Output"], "input": ["/lr_branch/backbone/features.4/conv/conv.2/Clip_output_0_QuantizeLinear_Output", "onnx::Conv_672_scale", "/lr_branch/backbone/features.4/conv/conv.2/Clip_output_0_zero_point"], "opType": "DequantizeLinear", "comment": "@198 [/lr_branch/backbone/features.4/conv/conv.2/Clip_output_0_DequantizeLinear_Output:(ty=1,shape=[1,144,128,128])] DequantizeLinear [/lr_branch/backbone/features.4/conv/conv.2/Clip_output_0_QuantizeLinear_Output:(ty=2,shape=[1,144,128,128]),onnx::Conv_672_scale:(ty=1,shape=[]),/lr_branch/backbone/features.4/conv/conv.2/Clip_output_0_zero_point:(ty=2,shape=[])]", "device": "NPU"}, {"output": ["onnx::Conv_690_DequantizeLinear_Output"], "input": ["onnx::Conv_690_quantized", "onnx::Conv_672_scale", "onnx::Conv_690_zero_point"], "opType": "DequantizeLinear", "comment": "@27 [onnx::Conv_690_DequantizeLinear_Output:(ty=1,shape=[144])] DequantizeLinear [onnx::Conv_690_quantized:(ty=3,shape=[144]),onnx::Conv_672_scale:(ty=1,shape=[]),onnx::Conv_690_zero_point:(ty=3,shape=[])]", "device": "NPU"}, {"output": ["onnx::Conv_689_DequantizeLinear_Output"], "input": ["onnx::Conv_689_quantized", "onnx::Conv_672_scale", "onnx::Conv_689_zero_point"], "opType": "DequantizeLinear", "comment": "@26 [onnx::Conv_689_DequantizeLinear_Output:(ty=1,shape=[144,1,3,3])] DequantizeLinear [onnx::Conv_689_quantized:(ty=3,shape=[144,1,3,3]),onnx::Conv_672_scale:(ty=1,shape=[]),onnx::Conv_689_zero_point:(ty=3,shape=[])]", "device": "NPU"}, {"output": ["/lr_branch/backbone/features.4/conv/conv.3/Conv_output_0"], "input": ["/lr_branch/backbone/features.4/conv/conv.2/Clip_output_0_DequantizeLinear_Output", "onnx::Conv_689_DequantizeLinear_Output", "onnx::Conv_690_DequantizeLinear_Output"], "opType": "Conv", "comment": "@199 [/lr_branch/backbone/features.4/conv/conv.3/Conv_output_0:(ty=1,shape=[1,144,64,64])] Conv [/lr_branch/backbone/features.4/conv/conv.2/Clip_output_0_DequantizeLinear_Output:(ty=1,shape=[1,144,128,128]),onnx::Conv_689_DequantizeLinear_Output:(ty=1,shape=[144,1,3,3]),onnx::Conv_690_DequantizeLinear_Output:(ty=1,shape=[144])]", "device": "NPU"}, {"output": ["/lr_branch/backbone/features.4/conv/conv.5/Clip_output_0"], "input": ["/lr_branch/backbone/features.4/conv/conv.3/Conv_output_0", "/lr_branch/backbone/features.0/features.0.2/Constant_output_0", "/lr_branch/backbone/features.0/features.0.2/Constant_1_output_0"], "opType": "Clip", "comment": "@200 [/lr_branch/backbone/features.4/conv/conv.5/Clip_output_0:(ty=1,shape=[1,144,64,64])] Clip [/lr_branch/backbone/features.4/conv/conv.3/Conv_output_0:(ty=1,shape=[1,144,64,64]),/lr_branch/backbone/features.0/features.0.2/Constant_output_0:(ty=1,shape=[]),/lr_branch/backbone/features.0/features.0.2/Constant_1_output_0:(ty=1,shape=[])]", "device": "NPU"}, {"output": ["/lr_branch/backbone/features.4/conv/conv.5/Clip_output_0_QuantizeLinear_Output"], "input": ["/lr_branch/backbone/features.4/conv/conv.5/Clip_output_0", "onnx::Conv_672_scale", "/lr_branch/backbone/features.4/conv/conv.5/Clip_output_0_zero_point"], "opType": "QuantizeLinear", "comment": "@208 [/lr_branch/backbone/features.4/conv/conv.5/Clip_output_0_QuantizeLinear_Output:(ty=2,shape=[1,144,64,64])] QuantizeLinear [/lr_branch/backbone/features.4/conv/conv.5/Clip_output_0:(ty=1,shape=[1,144,64,64]),onnx::Conv_672_scale:(ty=1,shape=[]),/lr_branch/backbone/features.4/conv/conv.5/Clip_output_0_zero_point:(ty=2,shape=[])]", "device": "NPU"}, {"output": ["/lr_branch/backbone/features.4/conv/conv.5/Clip_output_0_DequantizeLinear_Output"], "input": ["/lr_branch/backbone/features.4/conv/conv.5/Clip_output_0_QuantizeLinear_Output", "onnx::Conv_672_scale", "/lr_branch/backbone/features.4/conv/conv.5/Clip_output_0_zero_point"], "opType": "DequantizeLinear", "comment": "@209 [/lr_branch/backbone/features.4/conv/conv.5/Clip_output_0_DequantizeLinear_Output:(ty=1,shape=[1,144,64,64])] DequantizeLinear [/lr_branch/backbone/features.4/conv/conv.5/Clip_output_0_QuantizeLinear_Output:(ty=2,shape=[1,144,64,64]),onnx::Conv_672_scale:(ty=1,shape=[]),/lr_branch/backbone/features.4/conv/conv.5/Clip_output_0_zero_point:(ty=2,shape=[])]", "device": "NPU"}, {"output": ["onnx::Conv_693_DequantizeLinear_Output"], "input": ["onnx::Conv_693_quantized", "onnx::Conv_672_scale", "onnx::Conv_693_zero_point"], "opType": "DequantizeLinear", "comment": "@31 [onnx::Conv_693_DequantizeLinear_Output:(ty=1,shape=[32])] DequantizeLinear [onnx::Conv_693_quantized:(ty=3,shape=[32]),onnx::Conv_672_scale:(ty=1,shape=[]),onnx::Conv_693_zero_point:(ty=3,shape=[])]", "device": "NPU"}, {"output": ["onnx::Conv_692_DequantizeLinear_Output"], "input": ["onnx::Conv_692_quantized", "hr_branch.conv_hr2x.4.bias_scale", "onnx::Conv_692_zero_point"], "opType": "DequantizeLinear", "comment": "@30 [onnx::Conv_692_DequantizeLinear_Output:(ty=1,shape=[32,144,1,1])] DequantizeLinear [onnx::Conv_692_quantized:(ty=3,shape=[32,144,1,1]),hr_branch.conv_hr2x.4.bias_scale:(ty=1,shape=[]),onnx::Conv_692_zero_point:(ty=3,shape=[])]", "device": "NPU"}, {"output": ["/lr_branch/backbone/features.4/conv/conv.6/Conv_output_0"], "input": ["/lr_branch/backbone/features.4/conv/conv.5/Clip_output_0_DequantizeLinear_Output", "onnx::Conv_692_DequantizeLinear_Output", "onnx::Conv_693_DequantizeLinear_Output"], "opType": "Conv", "comment": "@210 [/lr_branch/backbone/features.4/conv/conv.6/Conv_output_0:(ty=1,shape=[1,32,64,64])] Conv [/lr_branch/backbone/features.4/conv/conv.5/Clip_output_0_DequantizeLinear_Output:(ty=1,shape=[1,144,64,64]),onnx::Conv_692_DequantizeLinear_Output:(ty=1,shape=[32,144,1,1]),onnx::Conv_693_DequantizeLinear_Output:(ty=1,shape=[32])]", "device": "NPU"}, {"output": ["/lr_branch/backbone/features.4/conv/conv.6/Conv_output_0_QuantizeLinear_Output"], "input": ["/lr_branch/backbone/features.4/conv/conv.6/Conv_output_0", "onnx::Conv_672_scale", "/lr_branch/backbone/features.4/conv/conv.6/Conv_output_0_zero_point"], "opType": "QuantizeLinear", "comment": "@211 [/lr_branch/backbone/features.4/conv/conv.6/Conv_output_0_QuantizeLinear_Output:(ty=2,shape=[1,32,64,64])] QuantizeLinear [/lr_branch/backbone/features.4/conv/conv.6/Conv_output_0:(ty=1,shape=[1,32,64,64]),onnx::Conv_672_scale:(ty=1,shape=[]),/lr_branch/backbone/features.4/conv/conv.6/Conv_output_0_zero_point:(ty=2,shape=[])]", "device": "NPU"}, {"output": ["/lr_branch/backbone/features.4/conv/conv.6/Conv_output_0_DequantizeLinear_Output/duplicated"], "input": ["/lr_branch/backbone/features.4/conv/conv.6/Conv_output_0_QuantizeLinear_Output", "onnx::Conv_672_scale", "/lr_branch/backbone/features.4/conv/conv.6/Conv_output_0_zero_point"], "opType": "DequantizeLinear", "comment": "@496 [/lr_branch/backbone/features.4/conv/conv.6/Conv_output_0_DequantizeLinear_Output/duplicated:(ty=1,shape=[1,32,64,64])] DequantizeLinear [/lr_branch/backbone/features.4/conv/conv.6/Conv_output_0_QuantizeLinear_Output:(ty=2,shape=[1,32,64,64]),onnx::Conv_672_scale:(ty=1,shape=[]),/lr_branch/backbone/features.4/conv/conv.6/Conv_output_0_zero_point:(ty=2,shape=[])]", "device": "NPU"}, {"output": ["/lr_branch/backbone/features.4/conv/conv.6/Conv_output_0_DequantizeLinear_Output"], "input": ["/lr_branch/backbone/features.4/conv/conv.6/Conv_output_0_QuantizeLinear_Output", "onnx::Conv_672_scale", "/lr_branch/backbone/features.4/conv/conv.6/Conv_output_0_zero_point"], "opType": "DequantizeLinear", "comment": "@212 [/lr_branch/backbone/features.4/conv/conv.6/Conv_output_0_DequantizeLinear_Output:(ty=1,shape=[1,32,64,64])] DequantizeLinear [/lr_branch/backbone/features.4/conv/conv.6/Conv_output_0_QuantizeLinear_Output:(ty=2,shape=[1,32,64,64]),onnx::Conv_672_scale:(ty=1,shape=[]),/lr_branch/backbone/features.4/conv/conv.6/Conv_output_0_zero_point:(ty=2,shape=[])]", "device": "NPU"}, {"output": ["onnx::Conv_696_DequantizeLinear_Output"], "input": ["onnx::Conv_696_quantized", "onnx::Conv_696_scale", "onnx::Conv_696_zero_point"], "opType": "DequantizeLinear", "comment": "@33 [onnx::Conv_696_DequantizeLinear_Output:(ty=1,shape=[192])] DequantizeLinear [onnx::Conv_696_quantized:(ty=3,shape=[192]),onnx::Conv_696_scale:(ty=1,shape=[]),onnx::Conv_696_zero_point:(ty=3,shape=[])]", "device": "NPU"}, {"output": ["onnx::Conv_695_DequantizeLinear_Output"], "input": ["onnx::Conv_695_quantized", "f_branch.conv_f2x.0.weight_scale", "onnx::Conv_695_zero_point"], "opType": "DequantizeLinear", "comment": "@32 [onnx::Conv_695_DequantizeLinear_Output:(ty=1,shape=[192,32,1,1])] DequantizeLinear [onnx::Conv_695_quantized:(ty=3,shape=[192,32,1,1]),f_branch.conv_f2x.0.weight_scale:(ty=1,shape=[]),onnx::Conv_695_zero_point:(ty=3,shape=[])]", "device": "NPU"}, {"output": ["/lr_branch/backbone/features.5/conv/conv.0/Conv_output_0"], "input": ["/lr_branch/backbone/features.4/conv/conv.6/Conv_output_0_DequantizeLinear_Output", "onnx::Conv_695_DequantizeLinear_Output", "onnx::Conv_696_DequantizeLinear_Output"], "opType": "Conv", "comment": "@213 [/lr_branch/backbone/features.5/conv/conv.0/Conv_output_0:(ty=1,shape=[1,192,64,64])] Conv [/lr_branch/backbone/features.4/conv/conv.6/Conv_output_0_DequantizeLinear_Output:(ty=1,shape=[1,32,64,64]),onnx::Conv_695_DequantizeLinear_Output:(ty=1,shape=[192,32,1,1]),onnx::Conv_696_DequantizeLinear_Output:(ty=1,shape=[192])]", "device": "NPU"}, {"output": ["/lr_branch/backbone/features.5/conv/conv.2/Clip_output_0"], "input": ["/lr_branch/backbone/features.5/conv/conv.0/Conv_output_0", "/lr_branch/backbone/features.0/features.0.2/Constant_output_0", "/lr_branch/backbone/features.0/features.0.2/Constant_1_output_0"], "opType": "Clip", "comment": "@214 [/lr_branch/backbone/features.5/conv/conv.2/Clip_output_0:(ty=1,shape=[1,192,64,64])] Clip [/lr_branch/backbone/features.5/conv/conv.0/Conv_output_0:(ty=1,shape=[1,192,64,64]),/lr_branch/backbone/features.0/features.0.2/Constant_output_0:(ty=1,shape=[]),/lr_branch/backbone/features.0/features.0.2/Constant_1_output_0:(ty=1,shape=[])]", "device": "NPU"}, {"output": ["/lr_branch/backbone/features.5/conv/conv.2/Clip_output_0_QuantizeLinear_Output"], "input": ["/lr_branch/backbone/features.5/conv/conv.2/Clip_output_0", "onnx::Conv_683_scale", "/lr_branch/backbone/features.5/conv/conv.2/Clip_output_0_zero_point"], "opType": "QuantizeLinear", "comment": "@217 [/lr_branch/backbone/features.5/conv/conv.2/Clip_output_0_QuantizeLinear_Output:(ty=2,shape=[1,192,64,64])] QuantizeLinear [/lr_branch/backbone/features.5/conv/conv.2/Clip_output_0:(ty=1,shape=[1,192,64,64]),onnx::Conv_683_scale:(ty=1,shape=[]),/lr_branch/backbone/features.5/conv/conv.2/Clip_output_0_zero_point:(ty=2,shape=[])]", "device": "NPU"}, {"output": ["/lr_branch/backbone/features.5/conv/conv.2/Clip_output_0_DequantizeLinear_Output"], "input": ["/lr_branch/backbone/features.5/conv/conv.2/Clip_output_0_QuantizeLinear_Output", "onnx::Conv_683_scale", "/lr_branch/backbone/features.5/conv/conv.2/Clip_output_0_zero_point"], "opType": "DequantizeLinear", "comment": "@218 [/lr_branch/backbone/features.5/conv/conv.2/Clip_output_0_DequantizeLinear_Output:(ty=1,shape=[1,192,64,64])] DequantizeLinear [/lr_branch/backbone/features.5/conv/conv.2/Clip_output_0_QuantizeLinear_Output:(ty=2,shape=[1,192,64,64]),onnx::Conv_683_scale:(ty=1,shape=[]),/lr_branch/backbone/features.5/conv/conv.2/Clip_output_0_zero_point:(ty=2,shape=[])]", "device": "NPU"}, {"output": ["onnx::Conv_699_DequantizeLinear_Output"], "input": ["onnx::Conv_699_quantized", "/lr_branch/backbone/features.2/conv/conv.5/Clip_output_0_scale", "onnx::Conv_699_zero_point"], "opType": "DequantizeLinear", "comment": "@35 [onnx::Conv_699_DequantizeLinear_Output:(ty=1,shape=[192])] DequantizeLinear [onnx::Conv_699_quantized:(ty=3,shape=[192]),/lr_branch/backbone/features.2/conv/conv.5/Clip_output_0_scale:(ty=1,shape=[]),onnx::Conv_699_zero_point:(ty=3,shape=[])]", "device": "NPU"}, {"output": ["onnx::Conv_698_DequantizeLinear_Output"], "input": ["onnx::Conv_698_quantized", "/lr_branch/backbone/features.2/conv/conv.5/Clip_output_0_scale", "onnx::Conv_698_zero_point"], "opType": "DequantizeLinear", "comment": "@34 [onnx::Conv_698_DequantizeLinear_Output:(ty=1,shape=[192,1,3,3])] DequantizeLinear [onnx::Conv_698_quantized:(ty=3,shape=[192,1,3,3]),/lr_branch/backbone/features.2/conv/conv.5/Clip_output_0_scale:(ty=1,shape=[]),onnx::Conv_698_zero_point:(ty=3,shape=[])]", "device": "NPU"}, {"output": ["/lr_branch/backbone/features.5/conv/conv.3/Conv_output_0"], "input": ["/lr_branch/backbone/features.5/conv/conv.2/Clip_output_0_DequantizeLinear_Output", "onnx::Conv_698_DequantizeLinear_Output", "onnx::Conv_699_DequantizeLinear_Output"], "opType": "Conv", "comment": "@219 [/lr_branch/backbone/features.5/conv/conv.3/Conv_output_0:(ty=1,shape=[1,192,64,64])] Conv [/lr_branch/backbone/features.5/conv/conv.2/Clip_output_0_DequantizeLinear_Output:(ty=1,shape=[1,192,64,64]),onnx::Conv_698_DequantizeLinear_Output:(ty=1,shape=[192,1,3,3]),onnx::Conv_699_DequantizeLinear_Output:(ty=1,shape=[192])]", "device": "NPU"}, {"output": ["/lr_branch/backbone/features.5/conv/conv.5/Clip_output_0"], "input": ["/lr_branch/backbone/features.5/conv/conv.3/Conv_output_0", "/lr_branch/backbone/features.0/features.0.2/Constant_output_0", "/lr_branch/backbone/features.0/features.0.2/Constant_1_output_0"], "opType": "Clip", "comment": "@220 [/lr_branch/backbone/features.5/conv/conv.5/Clip_output_0:(ty=1,shape=[1,192,64,64])] Clip [/lr_branch/backbone/features.5/conv/conv.3/Conv_output_0:(ty=1,shape=[1,192,64,64]),/lr_branch/backbone/features.0/features.0.2/Constant_output_0:(ty=1,shape=[]),/lr_branch/backbone/features.0/features.0.2/Constant_1_output_0:(ty=1,shape=[])]", "device": "NPU"}, {"output": ["/lr_branch/backbone/features.5/conv/conv.5/Clip_output_0_QuantizeLinear_Output"], "input": ["/lr_branch/backbone/features.5/conv/conv.5/Clip_output_0", "onnx::Conv_683_scale", "/lr_branch/backbone/features.5/conv/conv.5/Clip_output_0_zero_point"], "opType": "QuantizeLinear", "comment": "@221 [/lr_branch/backbone/features.5/conv/conv.5/Clip_output_0_QuantizeLinear_Output:(ty=2,shape=[1,192,64,64])] QuantizeLinear [/lr_branch/backbone/features.5/conv/conv.5/Clip_output_0:(ty=1,shape=[1,192,64,64]),onnx::Conv_683_scale:(ty=1,shape=[]),/lr_branch/backbone/features.5/conv/conv.5/Clip_output_0_zero_point:(ty=2,shape=[])]", "device": "NPU"}, {"output": ["/lr_branch/backbone/features.5/conv/conv.5/Clip_output_0_DequantizeLinear_Output"], "input": ["/lr_branch/backbone/features.5/conv/conv.5/Clip_output_0_QuantizeLinear_Output", "onnx::Conv_683_scale", "/lr_branch/backbone/features.5/conv/conv.5/Clip_output_0_zero_point"], "opType": "DequantizeLinear", "comment": "@222 [/lr_branch/backbone/features.5/conv/conv.5/Clip_output_0_DequantizeLinear_Output:(ty=1,shape=[1,192,64,64])] DequantizeLinear [/lr_branch/backbone/features.5/conv/conv.5/Clip_output_0_QuantizeLinear_Output:(ty=2,shape=[1,192,64,64]),onnx::Conv_683_scale:(ty=1,shape=[]),/lr_branch/backbone/features.5/conv/conv.5/Clip_output_0_zero_point:(ty=2,shape=[])]", "device": "NPU"}, {"output": ["onnx::Conv_702_DequantizeLinear_Output"], "input": ["onnx::Conv_702_quantized", "hr_branch.conv_hr2x.4.bias_scale", "onnx::Conv_702_zero_point"], "opType": "DequantizeLinear", "comment": "@37 [onnx::Conv_702_DequantizeLinear_Output:(ty=1,shape=[32])] DequantizeLinear [onnx::Conv_702_quantized:(ty=3,shape=[32]),hr_branch.conv_hr2x.4.bias_scale:(ty=1,shape=[]),onnx::Conv_702_zero_point:(ty=3,shape=[])]", "device": "NPU"}, {"output": ["onnx::Conv_701_DequantizeLinear_Output"], "input": ["onnx::Conv_701_quantized", "hr_branch.conv_hr2x.4.bias_scale", "onnx::Conv_701_zero_point"], "opType": "DequantizeLinear", "comment": "@36 [onnx::Conv_701_DequantizeLinear_Output:(ty=1,shape=[32,192,1,1])] DequantizeLinear [onnx::Conv_701_quantized:(ty=3,shape=[32,192,1,1]),hr_branch.conv_hr2x.4.bias_scale:(ty=1,shape=[]),onnx::Conv_701_zero_point:(ty=3,shape=[])]", "device": "NPU"}, {"output": ["/lr_branch/backbone/features.5/conv/conv.6/Conv_output_0"], "input": ["/lr_branch/backbone/features.5/conv/conv.5/Clip_output_0_DequantizeLinear_Output", "onnx::Conv_701_DequantizeLinear_Output", "onnx::Conv_702_DequantizeLinear_Output"], "opType": "Conv", "comment": "@223 [/lr_branch/backbone/features.5/conv/conv.6/Conv_output_0:(ty=1,shape=[1,32,64,64])] Conv [/lr_branch/backbone/features.5/conv/conv.5/Clip_output_0_DequantizeLinear_Output:(ty=1,shape=[1,192,64,64]),onnx::Conv_701_DequantizeLinear_Output:(ty=1,shape=[32,192,1,1]),onnx::Conv_702_DequantizeLinear_Output:(ty=1,shape=[32])]", "device": "NPU"}, {"output": ["/lr_branch/backbone/features.5/conv/conv.6/Conv_output_0_QuantizeLinear_Output"], "input": ["/lr_branch/backbone/features.5/conv/conv.6/Conv_output_0", "onnx::Conv_672_scale", "/lr_branch/backbone/features.5/conv/conv.6/Conv_output_0_zero_point"], "opType": "QuantizeLinear", "comment": "@224 [/lr_branch/backbone/features.5/conv/conv.6/Conv_output_0_QuantizeLinear_Output:(ty=2,shape=[1,32,64,64])] QuantizeLinear [/lr_branch/backbone/features.5/conv/conv.6/Conv_output_0:(ty=1,shape=[1,32,64,64]),onnx::Conv_672_scale:(ty=1,shape=[]),/lr_branch/backbone/features.5/conv/conv.6/Conv_output_0_zero_point:(ty=2,shape=[])]", "device": "NPU"}, {"output": ["/lr_branch/backbone/features.5/conv/conv.6/Conv_output_0_DequantizeLinear_Output"], "input": ["/lr_branch/backbone/features.5/conv/conv.6/Conv_output_0_QuantizeLinear_Output", "onnx::Conv_672_scale", "/lr_branch/backbone/features.5/conv/conv.6/Conv_output_0_zero_point"], "opType": "DequantizeLinear", "comment": "@225 [/lr_branch/backbone/features.5/conv/conv.6/Conv_output_0_DequantizeLinear_Output:(ty=1,shape=[1,32,64,64])] DequantizeLinear [/lr_branch/backbone/features.5/conv/conv.6/Conv_output_0_QuantizeLinear_Output:(ty=2,shape=[1,32,64,64]),onnx::Conv_672_scale:(ty=1,shape=[]),/lr_branch/backbone/features.5/conv/conv.6/Conv_output_0_zero_point:(ty=2,shape=[])]", "device": "NPU"}, {"output": ["/lr_branch/backbone/features.5/Add_output_0"], "input": ["/lr_branch/backbone/features.4/conv/conv.6/Conv_output_0_DequantizeLinear_Output/duplicated", "/lr_branch/backbone/features.5/conv/conv.6/Conv_output_0_DequantizeLinear_Output"], "opType": "Add", "comment": "@226 [/lr_branch/backbone/features.5/Add_output_0:(ty=1,shape=[1,32,64,64])] Add [/lr_branch/backbone/features.4/conv/conv.6/Conv_output_0_DequantizeLinear_Output/duplicated:(ty=1,shape=[1,32,64,64]),/lr_branch/backbone/features.5/conv/conv.6/Conv_output_0_DequantizeLinear_Output:(ty=1,shape=[1,32,64,64])]", "device": "NPU"}, {"output": ["/lr_branch/backbone/features.5/Add_output_0_QuantizeLinear_Output"], "input": ["/lr_branch/backbone/features.5/Add_output_0", "/lr_branch/backbone/features.2/conv/conv.5/Clip_output_0_scale", "/lr_branch/backbone/features.5/Add_output_0_zero_point"], "opType": "QuantizeLinear", "comment": "@227 [/lr_branch/backbone/features.5/Add_output_0_QuantizeLinear_Output:(ty=2,shape=[1,32,64,64])] QuantizeLinear [/lr_branch/backbone/features.5/Add_output_0:(ty=1,shape=[1,32,64,64]),/lr_branch/backbone/features.2/conv/conv.5/Clip_output_0_scale:(ty=1,shape=[]),/lr_branch/backbone/features.5/Add_output_0_zero_point:(ty=2,shape=[])]", "device": "NPU"}, {"output": ["/lr_branch/backbone/features.5/Add_output_0_DequantizeLinear_Output/duplicated"], "input": ["/lr_branch/backbone/features.5/Add_output_0_QuantizeLinear_Output", "/lr_branch/backbone/features.2/conv/conv.5/Clip_output_0_scale", "/lr_branch/backbone/features.5/Add_output_0_zero_point"], "opType": "DequantizeLinear", "comment": "@497 [/lr_branch/backbone/features.5/Add_output_0_DequantizeLinear_Output/duplicated:(ty=1,shape=[1,32,64,64])] DequantizeLinear [/lr_branch/backbone/features.5/Add_output_0_QuantizeLinear_Output:(ty=2,shape=[1,32,64,64]),/lr_branch/backbone/features.2/conv/conv.5/Clip_output_0_scale:(ty=1,shape=[]),/lr_branch/backbone/features.5/Add_output_0_zero_point:(ty=2,shape=[])]", "device": "NPU"}, {"output": ["/lr_branch/backbone/features.5/Add_output_0_DequantizeLinear_Output"], "input": ["/lr_branch/backbone/features.5/Add_output_0_QuantizeLinear_Output", "/lr_branch/backbone/features.2/conv/conv.5/Clip_output_0_scale", "/lr_branch/backbone/features.5/Add_output_0_zero_point"], "opType": "DequantizeLinear", "comment": "@228 [/lr_branch/backbone/features.5/Add_output_0_DequantizeLinear_Output:(ty=1,shape=[1,32,64,64])] DequantizeLinear [/lr_branch/backbone/features.5/Add_output_0_QuantizeLinear_Output:(ty=2,shape=[1,32,64,64]),/lr_branch/backbone/features.2/conv/conv.5/Clip_output_0_scale:(ty=1,shape=[]),/lr_branch/backbone/features.5/Add_output_0_zero_point:(ty=2,shape=[])]", "device": "NPU"}, {"output": ["onnx::Conv_705_DequantizeLinear_Output"], "input": ["onnx::Conv_705_quantized", "onnx::Conv_696_scale", "onnx::Conv_705_zero_point"], "opType": "DequantizeLinear", "comment": "@39 [onnx::Conv_705_DequantizeLinear_Output:(ty=1,shape=[192])] DequantizeLinear [onnx::Conv_705_quantized:(ty=3,shape=[192]),onnx::Conv_696_scale:(ty=1,shape=[]),onnx::Conv_705_zero_point:(ty=3,shape=[])]", "device": "NPU"}, {"output": ["onnx::Conv_704_DequantizeLinear_Output"], "input": ["onnx::Conv_704_quantized", "onnx::Conv_722_scale", "onnx::Conv_704_zero_point"], "opType": "DequantizeLinear", "comment": "@38 [onnx::Conv_704_DequantizeLinear_Output:(ty=1,shape=[192,32,1,1])] DequantizeLinear [onnx::Conv_704_quantized:(ty=3,shape=[192,32,1,1]),onnx::Conv_722_scale:(ty=1,shape=[]),onnx::Conv_704_zero_point:(ty=3,shape=[])]", "device": "NPU"}, {"output": ["/lr_branch/backbone/features.6/conv/conv.0/Conv_output_0"], "input": ["/lr_branch/backbone/features.5/Add_output_0_DequantizeLinear_Output", "onnx::Conv_704_DequantizeLinear_Output", "onnx::Conv_705_DequantizeLinear_Output"], "opType": "Conv", "comment": "@229 [/lr_branch/backbone/features.6/conv/conv.0/Conv_output_0:(ty=1,shape=[1,192,64,64])] Conv [/lr_branch/backbone/features.5/Add_output_0_DequantizeLinear_Output:(ty=1,shape=[1,32,64,64]),onnx::Conv_704_DequantizeLinear_Output:(ty=1,shape=[192,32,1,1]),onnx::Conv_705_DequantizeLinear_Output:(ty=1,shape=[192])]", "device": "NPU"}, {"output": ["/lr_branch/backbone/features.6/conv/conv.2/Clip_output_0"], "input": ["/lr_branch/backbone/features.6/conv/conv.0/Conv_output_0", "/lr_branch/backbone/features.0/features.0.2/Constant_output_0", "/lr_branch/backbone/features.0/features.0.2/Constant_1_output_0"], "opType": "Clip", "comment": "@230 [/lr_branch/backbone/features.6/conv/conv.2/Clip_output_0:(ty=1,shape=[1,192,64,64])] Clip [/lr_branch/backbone/features.6/conv/conv.0/Conv_output_0:(ty=1,shape=[1,192,64,64]),/lr_branch/backbone/features.0/features.0.2/Constant_output_0:(ty=1,shape=[]),/lr_branch/backbone/features.0/features.0.2/Constant_1_output_0:(ty=1,shape=[])]", "device": "NPU"}, {"output": ["/lr_branch/backbone/features.6/conv/conv.2/Clip_output_0_QuantizeLinear_Output"], "input": ["/lr_branch/backbone/features.6/conv/conv.2/Clip_output_0", "onnx::Conv_683_scale", "/lr_branch/backbone/features.6/conv/conv.2/Clip_output_0_zero_point"], "opType": "QuantizeLinear", "comment": "@231 [/lr_branch/backbone/features.6/conv/conv.2/Clip_output_0_QuantizeLinear_Output:(ty=2,shape=[1,192,64,64])] QuantizeLinear [/lr_branch/backbone/features.6/conv/conv.2/Clip_output_0:(ty=1,shape=[1,192,64,64]),onnx::Conv_683_scale:(ty=1,shape=[]),/lr_branch/backbone/features.6/conv/conv.2/Clip_output_0_zero_point:(ty=2,shape=[])]", "device": "NPU"}, {"output": ["/lr_branch/backbone/features.6/conv/conv.2/Clip_output_0_DequantizeLinear_Output"], "input": ["/lr_branch/backbone/features.6/conv/conv.2/Clip_output_0_QuantizeLinear_Output", "onnx::Conv_683_scale", "/lr_branch/backbone/features.6/conv/conv.2/Clip_output_0_zero_point"], "opType": "DequantizeLinear", "comment": "@232 [/lr_branch/backbone/features.6/conv/conv.2/Clip_output_0_DequantizeLinear_Output:(ty=1,shape=[1,192,64,64])] DequantizeLinear [/lr_branch/backbone/features.6/conv/conv.2/Clip_output_0_QuantizeLinear_Output:(ty=2,shape=[1,192,64,64]),onnx::Conv_683_scale:(ty=1,shape=[]),/lr_branch/backbone/features.6/conv/conv.2/Clip_output_0_zero_point:(ty=2,shape=[])]", "device": "NPU"}, {"output": ["onnx::Conv_708_DequantizeLinear_Output"], "input": ["onnx::Conv_708_quantized", "onnx::Conv_683_scale", "onnx::Conv_708_zero_point"], "opType": "DequantizeLinear", "comment": "@41 [onnx::Conv_708_DequantizeLinear_Output:(ty=1,shape=[192])] DequantizeLinear [onnx::Conv_708_quantized:(ty=3,shape=[192]),onnx::Conv_683_scale:(ty=1,shape=[]),onnx::Conv_708_zero_point:(ty=3,shape=[])]", "device": "NPU"}, {"output": ["onnx::Conv_707_DequantizeLinear_Output"], "input": ["onnx::Conv_707_quantized", "/lr_branch/backbone/features.2/conv/conv.5/Clip_output_0_scale", "onnx::Conv_707_zero_point"], "opType": "DequantizeLinear", "comment": "@40 [onnx::Conv_707_DequantizeLinear_Output:(ty=1,shape=[192,1,3,3])] DequantizeLinear [onnx::Conv_707_quantized:(ty=3,shape=[192,1,3,3]),/lr_branch/backbone/features.2/conv/conv.5/Clip_output_0_scale:(ty=1,shape=[]),onnx::Conv_707_zero_point:(ty=3,shape=[])]", "device": "NPU"}, {"output": ["/lr_branch/backbone/features.6/conv/conv.3/Conv_output_0"], "input": ["/lr_branch/backbone/features.6/conv/conv.2/Clip_output_0_DequantizeLinear_Output", "onnx::Conv_707_DequantizeLinear_Output", "onnx::Conv_708_DequantizeLinear_Output"], "opType": "Conv", "comment": "@233 [/lr_branch/backbone/features.6/conv/conv.3/Conv_output_0:(ty=1,shape=[1,192,64,64])] Conv [/lr_branch/backbone/features.6/conv/conv.2/Clip_output_0_DequantizeLinear_Output:(ty=1,shape=[1,192,64,64]),onnx::Conv_707_DequantizeLinear_Output:(ty=1,shape=[192,1,3,3]),onnx::Conv_708_DequantizeLinear_Output:(ty=1,shape=[192])]", "device": "NPU"}, {"output": ["/lr_branch/backbone/features.6/conv/conv.5/Clip_output_0"], "input": ["/lr_branch/backbone/features.6/conv/conv.3/Conv_output_0", "/lr_branch/backbone/features.0/features.0.2/Constant_output_0", "/lr_branch/backbone/features.0/features.0.2/Constant_1_output_0"], "opType": "Clip", "comment": "@234 [/lr_branch/backbone/features.6/conv/conv.5/Clip_output_0:(ty=1,shape=[1,192,64,64])] Clip [/lr_branch/backbone/features.6/conv/conv.3/Conv_output_0:(ty=1,shape=[1,192,64,64]),/lr_branch/backbone/features.0/features.0.2/Constant_output_0:(ty=1,shape=[]),/lr_branch/backbone/features.0/features.0.2/Constant_1_output_0:(ty=1,shape=[])]", "device": "NPU"}, {"output": ["/lr_branch/backbone/features.6/conv/conv.5/Clip_output_0_QuantizeLinear_Output"], "input": ["/lr_branch/backbone/features.6/conv/conv.5/Clip_output_0", "onnx::Conv_683_scale", "/lr_branch/backbone/features.6/conv/conv.5/Clip_output_0_zero_point"], "opType": "QuantizeLinear", "comment": "@235 [/lr_branch/backbone/features.6/conv/conv.5/Clip_output_0_QuantizeLinear_Output:(ty=2,shape=[1,192,64,64])] QuantizeLinear [/lr_branch/backbone/features.6/conv/conv.5/Clip_output_0:(ty=1,shape=[1,192,64,64]),onnx::Conv_683_scale:(ty=1,shape=[]),/lr_branch/backbone/features.6/conv/conv.5/Clip_output_0_zero_point:(ty=2,shape=[])]", "device": "NPU"}, {"output": ["/lr_branch/backbone/features.6/conv/conv.5/Clip_output_0_DequantizeLinear_Output"], "input": ["/lr_branch/backbone/features.6/conv/conv.5/Clip_output_0_QuantizeLinear_Output", "onnx::Conv_683_scale", "/lr_branch/backbone/features.6/conv/conv.5/Clip_output_0_zero_point"], "opType": "DequantizeLinear", "comment": "@236 [/lr_branch/backbone/features.6/conv/conv.5/Clip_output_0_DequantizeLinear_Output:(ty=1,shape=[1,192,64,64])] DequantizeLinear [/lr_branch/backbone/features.6/conv/conv.5/Clip_output_0_QuantizeLinear_Output:(ty=2,shape=[1,192,64,64]),onnx::Conv_683_scale:(ty=1,shape=[]),/lr_branch/backbone/features.6/conv/conv.5/Clip_output_0_zero_point:(ty=2,shape=[])]", "device": "NPU"}, {"output": ["onnx::Conv_711_DequantizeLinear_Output"], "input": ["onnx::Conv_711_quantized", "hr_branch.conv_hr2x.4.bias_scale", "onnx::Conv_711_zero_point"], "opType": "DequantizeLinear", "comment": "@43 [onnx::Conv_711_DequantizeLinear_Output:(ty=1,shape=[32])] DequantizeLinear [onnx::Conv_711_quantized:(ty=3,shape=[32]),hr_branch.conv_hr2x.4.bias_scale:(ty=1,shape=[]),onnx::Conv_711_zero_point:(ty=3,shape=[])]", "device": "NPU"}, {"output": ["onnx::Conv_710_DequantizeLinear_Output"], "input": ["onnx::Conv_710_quantized", "hr_branch.conv_hr2x.4.bias_scale", "onnx::Conv_710_zero_point"], "opType": "DequantizeLinear", "comment": "@42 [onnx::Conv_710_DequantizeLinear_Output:(ty=1,shape=[32,192,1,1])] DequantizeLinear [onnx::Conv_710_quantized:(ty=3,shape=[32,192,1,1]),hr_branch.conv_hr2x.4.bias_scale:(ty=1,shape=[]),onnx::Conv_710_zero_point:(ty=3,shape=[])]", "device": "NPU"}, {"output": ["/lr_branch/backbone/features.6/conv/conv.6/Conv_output_0"], "input": ["/lr_branch/backbone/features.6/conv/conv.5/Clip_output_0_DequantizeLinear_Output", "onnx::Conv_710_DequantizeLinear_Output", "onnx::Conv_711_DequantizeLinear_Output"], "opType": "Conv", "comment": "@237 [/lr_branch/backbone/features.6/conv/conv.6/Conv_output_0:(ty=1,shape=[1,32,64,64])] Conv [/lr_branch/backbone/features.6/conv/conv.5/Clip_output_0_DequantizeLinear_Output:(ty=1,shape=[1,192,64,64]),onnx::Conv_710_DequantizeLinear_Output:(ty=1,shape=[32,192,1,1]),onnx::Conv_711_DequantizeLinear_Output:(ty=1,shape=[32])]", "device": "NPU"}, {"output": ["/lr_branch/backbone/features.6/conv/conv.6/Conv_output_0_QuantizeLinear_Output"], "input": ["/lr_branch/backbone/features.6/conv/conv.6/Conv_output_0", "onnx::Conv_672_scale", "/lr_branch/backbone/features.6/conv/conv.6/Conv_output_0_zero_point"], "opType": "QuantizeLinear", "comment": "@238 [/lr_branch/backbone/features.6/conv/conv.6/Conv_output_0_QuantizeLinear_Output:(ty=2,shape=[1,32,64,64])] QuantizeLinear [/lr_branch/backbone/features.6/conv/conv.6/Conv_output_0:(ty=1,shape=[1,32,64,64]),onnx::Conv_672_scale:(ty=1,shape=[]),/lr_branch/backbone/features.6/conv/conv.6/Conv_output_0_zero_point:(ty=2,shape=[])]", "device": "NPU"}, {"output": ["/lr_branch/backbone/features.6/conv/conv.6/Conv_output_0_DequantizeLinear_Output"], "input": ["/lr_branch/backbone/features.6/conv/conv.6/Conv_output_0_QuantizeLinear_Output", "onnx::Conv_672_scale", "/lr_branch/backbone/features.6/conv/conv.6/Conv_output_0_zero_point"], "opType": "DequantizeLinear", "comment": "@239 [/lr_branch/backbone/features.6/conv/conv.6/Conv_output_0_DequantizeLinear_Output:(ty=1,shape=[1,32,64,64])] DequantizeLinear [/lr_branch/backbone/features.6/conv/conv.6/Conv_output_0_QuantizeLinear_Output:(ty=2,shape=[1,32,64,64]),onnx::Conv_672_scale:(ty=1,shape=[]),/lr_branch/backbone/features.6/conv/conv.6/Conv_output_0_zero_point:(ty=2,shape=[])]", "device": "NPU"}, {"output": ["/lr_branch/backbone/features.6/Add_output_0"], "input": ["/lr_branch/backbone/features.5/Add_output_0_DequantizeLinear_Output/duplicated", "/lr_branch/backbone/features.6/conv/conv.6/Conv_output_0_DequantizeLinear_Output"], "opType": "Add", "comment": "@240 [/lr_branch/backbone/features.6/Add_output_0:(ty=1,shape=[1,32,64,64])] Add [/lr_branch/backbone/features.5/Add_output_0_DequantizeLinear_Output/duplicated:(ty=1,shape=[1,32,64,64]),/lr_branch/backbone/features.6/conv/conv.6/Conv_output_0_DequantizeLinear_Output:(ty=1,shape=[1,32,64,64])]", "device": "NPU"}, {"output": ["/lr_branch/backbone/features.6/Add_output_0_QuantizeLinear_Output"], "input": ["/lr_branch/backbone/features.6/Add_output_0", "/lr_branch/backbone/features.2/conv/conv.5/Clip_output_0_scale", "/lr_branch/backbone/features.6/Add_output_0_zero_point"], "opType": "QuantizeLinear", "comment": "@241 [/lr_branch/backbone/features.6/Add_output_0_QuantizeLinear_Output:(ty=2,shape=[1,32,64,64])] QuantizeLinear [/lr_branch/backbone/features.6/Add_output_0:(ty=1,shape=[1,32,64,64]),/lr_branch/backbone/features.2/conv/conv.5/Clip_output_0_scale:(ty=1,shape=[]),/lr_branch/backbone/features.6/Add_output_0_zero_point:(ty=2,shape=[])]", "device": "NPU"}, {"output": ["/lr_branch/backbone/features.6/Add_output_0_DequantizeLinear_Output"], "input": ["/lr_branch/backbone/features.6/Add_output_0_QuantizeLinear_Output", "/lr_branch/backbone/features.2/conv/conv.5/Clip_output_0_scale", "/lr_branch/backbone/features.6/Add_output_0_zero_point"], "opType": "DequantizeLinear", "comment": "@242 [/lr_branch/backbone/features.6/Add_output_0_DequantizeLinear_Output:(ty=1,shape=[1,32,64,64])] DequantizeLinear [/lr_branch/backbone/features.6/Add_output_0_QuantizeLinear_Output:(ty=2,shape=[1,32,64,64]),/lr_branch/backbone/features.2/conv/conv.5/Clip_output_0_scale:(ty=1,shape=[]),/lr_branch/backbone/features.6/Add_output_0_zero_point:(ty=2,shape=[])]", "device": "NPU"}, {"output": ["onnx::Conv_714_DequantizeLinear_Output"], "input": ["onnx::Conv_714_quantized", "onnx::Conv_696_scale", "onnx::Conv_714_zero_point"], "opType": "DequantizeLinear", "comment": "@45 [onnx::Conv_714_DequantizeLinear_Output:(ty=1,shape=[192])] DequantizeLinear [onnx::Conv_714_quantized:(ty=3,shape=[192]),onnx::Conv_696_scale:(ty=1,shape=[]),onnx::Conv_714_zero_point:(ty=3,shape=[])]", "device": "NPU"}, {"output": ["onnx::Conv_713_DequantizeLinear_Output"], "input": ["onnx::Conv_713_quantized", "f_branch.conv_f2x.0.weight_scale", "onnx::Conv_713_zero_point"], "opType": "DequantizeLinear", "comment": "@44 [onnx::Conv_713_DequantizeLinear_Output:(ty=1,shape=[192,32,1,1])] DequantizeLinear [onnx::Conv_713_quantized:(ty=3,shape=[192,32,1,1]),f_branch.conv_f2x.0.weight_scale:(ty=1,shape=[]),onnx::Conv_713_zero_point:(ty=3,shape=[])]", "device": "NPU"}, {"output": ["/lr_branch/backbone/features.7/conv/conv.0/Conv_output_0"], "input": ["/lr_branch/backbone/features.6/Add_output_0_DequantizeLinear_Output", "onnx::Conv_713_DequantizeLinear_Output", "onnx::Conv_714_DequantizeLinear_Output"], "opType": "Conv", "comment": "@243 [/lr_branch/backbone/features.7/conv/conv.0/Conv_output_0:(ty=1,shape=[1,192,64,64])] Conv [/lr_branch/backbone/features.6/Add_output_0_DequantizeLinear_Output:(ty=1,shape=[1,32,64,64]),onnx::Conv_713_DequantizeLinear_Output:(ty=1,shape=[192,32,1,1]),onnx::Conv_714_DequantizeLinear_Output:(ty=1,shape=[192])]", "device": "NPU"}, {"output": ["/lr_branch/backbone/features.7/conv/conv.2/Clip_output_0"], "input": ["/lr_branch/backbone/features.7/conv/conv.0/Conv_output_0", "/lr_branch/backbone/features.0/features.0.2/Constant_output_0", "/lr_branch/backbone/features.0/features.0.2/Constant_1_output_0"], "opType": "Clip", "comment": "@244 [/lr_branch/backbone/features.7/conv/conv.2/Clip_output_0:(ty=1,shape=[1,192,64,64])] Clip [/lr_branch/backbone/features.7/conv/conv.0/Conv_output_0:(ty=1,shape=[1,192,64,64]),/lr_branch/backbone/features.0/features.0.2/Constant_output_0:(ty=1,shape=[]),/lr_branch/backbone/features.0/features.0.2/Constant_1_output_0:(ty=1,shape=[])]", "device": "NPU"}, {"output": ["/lr_branch/backbone/features.7/conv/conv.2/Clip_output_0_QuantizeLinear_Output"], "input": ["/lr_branch/backbone/features.7/conv/conv.2/Clip_output_0", "onnx::Conv_683_scale", "/lr_branch/backbone/features.7/conv/conv.2/Clip_output_0_zero_point"], "opType": "QuantizeLinear", "comment": "@245 [/lr_branch/backbone/features.7/conv/conv.2/Clip_output_0_QuantizeLinear_Output:(ty=2,shape=[1,192,64,64])] QuantizeLinear [/lr_branch/backbone/features.7/conv/conv.2/Clip_output_0:(ty=1,shape=[1,192,64,64]),onnx::Conv_683_scale:(ty=1,shape=[]),/lr_branch/backbone/features.7/conv/conv.2/Clip_output_0_zero_point:(ty=2,shape=[])]", "device": "NPU"}, {"output": ["/lr_branch/backbone/features.7/conv/conv.2/Clip_output_0_DequantizeLinear_Output"], "input": ["/lr_branch/backbone/features.7/conv/conv.2/Clip_output_0_QuantizeLinear_Output", "onnx::Conv_683_scale", "/lr_branch/backbone/features.7/conv/conv.2/Clip_output_0_zero_point"], "opType": "DequantizeLinear", "comment": "@246 [/lr_branch/backbone/features.7/conv/conv.2/Clip_output_0_DequantizeLinear_Output:(ty=1,shape=[1,192,64,64])] DequantizeLinear [/lr_branch/backbone/features.7/conv/conv.2/Clip_output_0_QuantizeLinear_Output:(ty=2,shape=[1,192,64,64]),onnx::Conv_683_scale:(ty=1,shape=[]),/lr_branch/backbone/features.7/conv/conv.2/Clip_output_0_zero_point:(ty=2,shape=[])]", "device": "NPU"}, {"output": ["onnx::Conv_717_DequantizeLinear_Output"], "input": ["onnx::Conv_717_quantized", "onnx::Conv_672_scale", "onnx::Conv_717_zero_point"], "opType": "DequantizeLinear", "comment": "@47 [onnx::Conv_717_DequantizeLinear_Output:(ty=1,shape=[192])] DequantizeLinear [onnx::Conv_717_quantized:(ty=3,shape=[192]),onnx::Conv_672_scale:(ty=1,shape=[]),onnx::Conv_717_zero_point:(ty=3,shape=[])]", "device": "NPU"}, {"output": ["onnx::Conv_716_DequantizeLinear_Output"], "input": ["onnx::Conv_716_quantized", "onnx::Conv_672_scale", "onnx::Conv_716_zero_point"], "opType": "DequantizeLinear", "comment": "@46 [onnx::Conv_716_DequantizeLinear_Output:(ty=1,shape=[192,1,3,3])] DequantizeLinear [onnx::Conv_716_quantized:(ty=3,shape=[192,1,3,3]),onnx::Conv_672_scale:(ty=1,shape=[]),onnx::Conv_716_zero_point:(ty=3,shape=[])]", "device": "NPU"}, {"output": ["/lr_branch/backbone/features.7/conv/conv.3/Conv_output_0"], "input": ["/lr_branch/backbone/features.7/conv/conv.2/Clip_output_0_DequantizeLinear_Output", "onnx::Conv_716_DequantizeLinear_Output", "onnx::Conv_717_DequantizeLinear_Output"], "opType": "Conv", "comment": "@247 [/lr_branch/backbone/features.7/conv/conv.3/Conv_output_0:(ty=1,shape=[1,192,32,32])] Conv [/lr_branch/backbone/features.7/conv/conv.2/Clip_output_0_DequantizeLinear_Output:(ty=1,shape=[1,192,64,64]),onnx::Conv_716_DequantizeLinear_Output:(ty=1,shape=[192,1,3,3]),onnx::Conv_717_DequantizeLinear_Output:(ty=1,shape=[192])]", "device": "NPU"}, {"output": ["/lr_branch/backbone/features.7/conv/conv.5/Clip_output_0"], "input": ["/lr_branch/backbone/features.7/conv/conv.3/Conv_output_0", "/lr_branch/backbone/features.0/features.0.2/Constant_output_0", "/lr_branch/backbone/features.0/features.0.2/Constant_1_output_0"], "opType": "Clip", "comment": "@248 [/lr_branch/backbone/features.7/conv/conv.5/Clip_output_0:(ty=1,shape=[1,192,32,32])] Clip [/lr_branch/backbone/features.7/conv/conv.3/Conv_output_0:(ty=1,shape=[1,192,32,32]),/lr_branch/backbone/features.0/features.0.2/Constant_output_0:(ty=1,shape=[]),/lr_branch/backbone/features.0/features.0.2/Constant_1_output_0:(ty=1,shape=[])]", "device": "NPU"}, {"output": ["/lr_branch/backbone/features.7/conv/conv.5/Clip_output_0_QuantizeLinear_Output"], "input": ["/lr_branch/backbone/features.7/conv/conv.5/Clip_output_0", "onnx::Conv_672_scale", "/lr_branch/backbone/features.7/conv/conv.5/Clip_output_0_zero_point"], "opType": "QuantizeLinear", "comment": "@249 [/lr_branch/backbone/features.7/conv/conv.5/Clip_output_0_QuantizeLinear_Output:(ty=2,shape=[1,192,32,32])] QuantizeLinear [/lr_branch/backbone/features.7/conv/conv.5/Clip_output_0:(ty=1,shape=[1,192,32,32]),onnx::Conv_672_scale:(ty=1,shape=[]),/lr_branch/backbone/features.7/conv/conv.5/Clip_output_0_zero_point:(ty=2,shape=[])]", "device": "NPU"}, {"output": ["/lr_branch/backbone/features.7/conv/conv.5/Clip_output_0_DequantizeLinear_Output"], "input": ["/lr_branch/backbone/features.7/conv/conv.5/Clip_output_0_QuantizeLinear_Output", "onnx::Conv_672_scale", "/lr_branch/backbone/features.7/conv/conv.5/Clip_output_0_zero_point"], "opType": "DequantizeLinear", "comment": "@250 [/lr_branch/backbone/features.7/conv/conv.5/Clip_output_0_DequantizeLinear_Output:(ty=1,shape=[1,192,32,32])] DequantizeLinear [/lr_branch/backbone/features.7/conv/conv.5/Clip_output_0_QuantizeLinear_Output:(ty=2,shape=[1,192,32,32]),onnx::Conv_672_scale:(ty=1,shape=[]),/lr_branch/backbone/features.7/conv/conv.5/Clip_output_0_zero_point:(ty=2,shape=[])]", "device": "NPU"}, {"output": ["onnx::Conv_720_DequantizeLinear_Output"], "input": ["onnx::Conv_720_quantized", "onnx::Conv_683_scale", "onnx::Conv_720_zero_point"], "opType": "DequantizeLinear", "comment": "@49 [onnx::Conv_720_DequantizeLinear_Output:(ty=1,shape=[64])] DequantizeLinear [onnx::Conv_720_quantized:(ty=3,shape=[64]),onnx::Conv_683_scale:(ty=1,shape=[]),onnx::Conv_720_zero_point:(ty=3,shape=[])]", "device": "NPU"}, {"output": ["onnx::Conv_719_DequantizeLinear_Output"], "input": ["onnx::Conv_719_quantized", "onnx::Conv_696_scale", "onnx::Conv_719_zero_point"], "opType": "DequantizeLinear", "comment": "@48 [onnx::Conv_719_DequantizeLinear_Output:(ty=1,shape=[64,192,1,1])] DequantizeLinear [onnx::Conv_719_quantized:(ty=3,shape=[64,192,1,1]),onnx::Conv_696_scale:(ty=1,shape=[]),onnx::Conv_719_zero_point:(ty=3,shape=[])]", "device": "NPU"}, {"output": ["/lr_branch/backbone/features.7/conv/conv.6/Conv_output_0"], "input": ["/lr_branch/backbone/features.7/conv/conv.5/Clip_output_0_DequantizeLinear_Output", "onnx::Conv_719_DequantizeLinear_Output", "onnx::Conv_720_DequantizeLinear_Output"], "opType": "Conv", "comment": "@251 [/lr_branch/backbone/features.7/conv/conv.6/Conv_output_0:(ty=1,shape=[1,64,32,32])] Conv [/lr_branch/backbone/features.7/conv/conv.5/Clip_output_0_DequantizeLinear_Output:(ty=1,shape=[1,192,32,32]),onnx::Conv_719_DequantizeLinear_Output:(ty=1,shape=[64,192,1,1]),onnx::Conv_720_DequantizeLinear_Output:(ty=1,shape=[64])]", "device": "NPU"}, {"output": ["/lr_branch/backbone/features.7/conv/conv.6/Conv_output_0_QuantizeLinear_Output"], "input": ["/lr_branch/backbone/features.7/conv/conv.6/Conv_output_0", "onnx::Conv_672_scale", "/lr_branch/backbone/features.7/conv/conv.6/Conv_output_0_zero_point"], "opType": "QuantizeLinear", "comment": "@252 [/lr_branch/backbone/features.7/conv/conv.6/Conv_output_0_QuantizeLinear_Output:(ty=2,shape=[1,64,32,32])] QuantizeLinear [/lr_branch/backbone/features.7/conv/conv.6/Conv_output_0:(ty=1,shape=[1,64,32,32]),onnx::Conv_672_scale:(ty=1,shape=[]),/lr_branch/backbone/features.7/conv/conv.6/Conv_output_0_zero_point:(ty=2,shape=[])]", "device": "NPU"}, {"output": ["/lr_branch/backbone/features.7/conv/conv.6/Conv_output_0_DequantizeLinear_Output/duplicated"], "input": ["/lr_branch/backbone/features.7/conv/conv.6/Conv_output_0_QuantizeLinear_Output", "onnx::Conv_672_scale", "/lr_branch/backbone/features.7/conv/conv.6/Conv_output_0_zero_point"], "opType": "DequantizeLinear", "comment": "@498 [/lr_branch/backbone/features.7/conv/conv.6/Conv_output_0_DequantizeLinear_Output/duplicated:(ty=1,shape=[1,64,32,32])] DequantizeLinear [/lr_branch/backbone/features.7/conv/conv.6/Conv_output_0_QuantizeLinear_Output:(ty=2,shape=[1,64,32,32]),onnx::Conv_672_scale:(ty=1,shape=[]),/lr_branch/backbone/features.7/conv/conv.6/Conv_output_0_zero_point:(ty=2,shape=[])]", "device": "NPU"}, {"output": ["/lr_branch/backbone/features.7/conv/conv.6/Conv_output_0_DequantizeLinear_Output"], "input": ["/lr_branch/backbone/features.7/conv/conv.6/Conv_output_0_QuantizeLinear_Output", "onnx::Conv_672_scale", "/lr_branch/backbone/features.7/conv/conv.6/Conv_output_0_zero_point"], "opType": "DequantizeLinear", "comment": "@253 [/lr_branch/backbone/features.7/conv/conv.6/Conv_output_0_DequantizeLinear_Output:(ty=1,shape=[1,64,32,32])] DequantizeLinear [/lr_branch/backbone/features.7/conv/conv.6/Conv_output_0_QuantizeLinear_Output:(ty=2,shape=[1,64,32,32]),onnx::Conv_672_scale:(ty=1,shape=[]),/lr_branch/backbone/features.7/conv/conv.6/Conv_output_0_zero_point:(ty=2,shape=[])]", "device": "NPU"}, {"output": ["onnx::Conv_723_DequantizeLinear_Output"], "input": ["onnx::Conv_723_quantized", "onnx::Conv_696_scale", "onnx::Conv_723_zero_point"], "opType": "DequantizeLinear", "comment": "@51 [onnx::Conv_723_DequantizeLinear_Output:(ty=1,shape=[384])] DequantizeLinear [onnx::Conv_723_quantized:(ty=3,shape=[384]),onnx::Conv_696_scale:(ty=1,shape=[]),onnx::Conv_723_zero_point:(ty=3,shape=[])]", "device": "NPU"}, {"output": ["onnx::Conv_722_DequantizeLinear_Output"], "input": ["onnx::Conv_722_quantized", "onnx::Conv_722_scale", "onnx::Conv_722_zero_point"], "opType": "DequantizeLinear", "comment": "@50 [onnx::Conv_722_DequantizeLinear_Output:(ty=1,shape=[384,64,1,1])] DequantizeLinear [onnx::Conv_722_quantized:(ty=3,shape=[384,64,1,1]),onnx::Conv_722_scale:(ty=1,shape=[]),onnx::Conv_722_zero_point:(ty=3,shape=[])]", "device": "NPU"}, {"output": ["/lr_branch/backbone/features.8/conv/conv.0/Conv_output_0"], "input": ["/lr_branch/backbone/features.7/conv/conv.6/Conv_output_0_DequantizeLinear_Output", "onnx::Conv_722_DequantizeLinear_Output", "onnx::Conv_723_DequantizeLinear_Output"], "opType": "Conv", "comment": "@254 [/lr_branch/backbone/features.8/conv/conv.0/Conv_output_0:(ty=1,shape=[1,384,32,32])] Conv [/lr_branch/backbone/features.7/conv/conv.6/Conv_output_0_DequantizeLinear_Output:(ty=1,shape=[1,64,32,32]),onnx::Conv_722_DequantizeLinear_Output:(ty=1,shape=[384,64,1,1]),onnx::Conv_723_DequantizeLinear_Output:(ty=1,shape=[384])]", "device": "NPU"}, {"output": ["/lr_branch/backbone/features.8/conv/conv.2/Clip_output_0"], "input": ["/lr_branch/backbone/features.8/conv/conv.0/Conv_output_0", "/lr_branch/backbone/features.0/features.0.2/Constant_output_0", "/lr_branch/backbone/features.0/features.0.2/Constant_1_output_0"], "opType": "Clip", "comment": "@255 [/lr_branch/backbone/features.8/conv/conv.2/Clip_output_0:(ty=1,shape=[1,384,32,32])] Clip [/lr_branch/backbone/features.8/conv/conv.0/Conv_output_0:(ty=1,shape=[1,384,32,32]),/lr_branch/backbone/features.0/features.0.2/Constant_output_0:(ty=1,shape=[]),/lr_branch/backbone/features.0/features.0.2/Constant_1_output_0:(ty=1,shape=[])]", "device": "NPU"}, {"output": ["/lr_branch/backbone/features.8/conv/conv.2/Clip_output_0_QuantizeLinear_Output"], "input": ["/lr_branch/backbone/features.8/conv/conv.2/Clip_output_0", "hr_branch.conv_hr2x.4.bias_scale", "/lr_branch/backbone/features.8/conv/conv.2/Clip_output_0_zero_point"], "opType": "QuantizeLinear", "comment": "@256 [/lr_branch/backbone/features.8/conv/conv.2/Clip_output_0_QuantizeLinear_Output:(ty=2,shape=[1,384,32,32])] QuantizeLinear [/lr_branch/backbone/features.8/conv/conv.2/Clip_output_0:(ty=1,shape=[1,384,32,32]),hr_branch.conv_hr2x.4.bias_scale:(ty=1,shape=[]),/lr_branch/backbone/features.8/conv/conv.2/Clip_output_0_zero_point:(ty=2,shape=[])]", "device": "NPU"}, {"output": ["/lr_branch/backbone/features.8/conv/conv.2/Clip_output_0_DequantizeLinear_Output"], "input": ["/lr_branch/backbone/features.8/conv/conv.2/Clip_output_0_QuantizeLinear_Output", "hr_branch.conv_hr2x.4.bias_scale", "/lr_branch/backbone/features.8/conv/conv.2/Clip_output_0_zero_point"], "opType": "DequantizeLinear", "comment": "@257 [/lr_branch/backbone/features.8/conv/conv.2/Clip_output_0_DequantizeLinear_Output:(ty=1,shape=[1,384,32,32])] DequantizeLinear [/lr_branch/backbone/features.8/conv/conv.2/Clip_output_0_QuantizeLinear_Output:(ty=2,shape=[1,384,32,32]),hr_branch.conv_hr2x.4.bias_scale:(ty=1,shape=[]),/lr_branch/backbone/features.8/conv/conv.2/Clip_output_0_zero_point:(ty=2,shape=[])]", "device": "NPU"}, {"output": ["onnx::Conv_726_DequantizeLinear_Output"], "input": ["onnx::Conv_726_quantized", "onnx::Conv_683_scale", "onnx::Conv_726_zero_point"], "opType": "DequantizeLinear", "comment": "@53 [onnx::Conv_726_DequantizeLinear_Output:(ty=1,shape=[384])] DequantizeLinear [onnx::Conv_726_quantized:(ty=3,shape=[384]),onnx::Conv_683_scale:(ty=1,shape=[]),onnx::Conv_726_zero_point:(ty=3,shape=[])]", "device": "NPU"}, {"output": ["onnx::Conv_725_DequantizeLinear_Output"], "input": ["onnx::Conv_725_quantized", "/lr_branch/backbone/features.2/conv/conv.5/Clip_output_0_scale", "onnx::Conv_725_zero_point"], "opType": "DequantizeLinear", "comment": "@52 [onnx::Conv_725_DequantizeLinear_Output:(ty=1,shape=[384,1,3,3])] DequantizeLinear [onnx::Conv_725_quantized:(ty=3,shape=[384,1,3,3]),/lr_branch/backbone/features.2/conv/conv.5/Clip_output_0_scale:(ty=1,shape=[]),onnx::Conv_725_zero_point:(ty=3,shape=[])]", "device": "NPU"}, {"output": ["/lr_branch/backbone/features.8/conv/conv.3/Conv_output_0"], "input": ["/lr_branch/backbone/features.8/conv/conv.2/Clip_output_0_DequantizeLinear_Output", "onnx::Conv_725_DequantizeLinear_Output", "onnx::Conv_726_DequantizeLinear_Output"], "opType": "Conv", "comment": "@258 [/lr_branch/backbone/features.8/conv/conv.3/Conv_output_0:(ty=1,shape=[1,384,32,32])] Conv [/lr_branch/backbone/features.8/conv/conv.2/Clip_output_0_DequantizeLinear_Output:(ty=1,shape=[1,384,32,32]),onnx::Conv_725_DequantizeLinear_Output:(ty=1,shape=[384,1,3,3]),onnx::Conv_726_DequantizeLinear_Output:(ty=1,shape=[384])]", "device": "NPU"}, {"output": ["/lr_branch/backbone/features.8/conv/conv.5/Clip_output_0"], "input": ["/lr_branch/backbone/features.8/conv/conv.3/Conv_output_0", "/lr_branch/backbone/features.0/features.0.2/Constant_output_0", "/lr_branch/backbone/features.0/features.0.2/Constant_1_output_0"], "opType": "Clip", "comment": "@259 [/lr_branch/backbone/features.8/conv/conv.5/Clip_output_0:(ty=1,shape=[1,384,32,32])] Clip [/lr_branch/backbone/features.8/conv/conv.3/Conv_output_0:(ty=1,shape=[1,384,32,32]),/lr_branch/backbone/features.0/features.0.2/Constant_output_0:(ty=1,shape=[]),/lr_branch/backbone/features.0/features.0.2/Constant_1_output_0:(ty=1,shape=[])]", "device": "NPU"}, {"output": ["/lr_branch/backbone/features.8/conv/conv.5/Clip_output_0_QuantizeLinear_Output"], "input": ["/lr_branch/backbone/features.8/conv/conv.5/Clip_output_0", "onnx::Conv_683_scale", "/lr_branch/backbone/features.8/conv/conv.5/Clip_output_0_zero_point"], "opType": "QuantizeLinear", "comment": "@260 [/lr_branch/backbone/features.8/conv/conv.5/Clip_output_0_QuantizeLinear_Output:(ty=2,shape=[1,384,32,32])] QuantizeLinear [/lr_branch/backbone/features.8/conv/conv.5/Clip_output_0:(ty=1,shape=[1,384,32,32]),onnx::Conv_683_scale:(ty=1,shape=[]),/lr_branch/backbone/features.8/conv/conv.5/Clip_output_0_zero_point:(ty=2,shape=[])]", "device": "NPU"}, {"output": ["/lr_branch/backbone/features.8/conv/conv.5/Clip_output_0_DequantizeLinear_Output"], "input": ["/lr_branch/backbone/features.8/conv/conv.5/Clip_output_0_QuantizeLinear_Output", "onnx::Conv_683_scale", "/lr_branch/backbone/features.8/conv/conv.5/Clip_output_0_zero_point"], "opType": "DequantizeLinear", "comment": "@261 [/lr_branch/backbone/features.8/conv/conv.5/Clip_output_0_DequantizeLinear_Output:(ty=1,shape=[1,384,32,32])] DequantizeLinear [/lr_branch/backbone/features.8/conv/conv.5/Clip_output_0_QuantizeLinear_Output:(ty=2,shape=[1,384,32,32]),onnx::Conv_683_scale:(ty=1,shape=[]),/lr_branch/backbone/features.8/conv/conv.5/Clip_output_0_zero_point:(ty=2,shape=[])]", "device": "NPU"}, {"output": ["onnx::Conv_729_DequantizeLinear_Output"], "input": ["onnx::Conv_729_quantized", "onnx::Conv_683_scale", "onnx::Conv_729_zero_point"], "opType": "DequantizeLinear", "comment": "@55 [onnx::Conv_729_DequantizeLinear_Output:(ty=1,shape=[64])] DequantizeLinear [onnx::Conv_729_quantized:(ty=3,shape=[64]),onnx::Conv_683_scale:(ty=1,shape=[]),onnx::Conv_729_zero_point:(ty=3,shape=[])]", "device": "NPU"}, {"output": ["onnx::Conv_728_DequantizeLinear_Output"], "input": ["onnx::Conv_728_quantized", "hr_branch.conv_hr2x.4.bias_scale", "onnx::Conv_728_zero_point"], "opType": "DequantizeLinear", "comment": "@54 [onnx::Conv_728_DequantizeLinear_Output:(ty=1,shape=[64,384,1,1])] DequantizeLinear [onnx::Conv_728_quantized:(ty=3,shape=[64,384,1,1]),hr_branch.conv_hr2x.4.bias_scale:(ty=1,shape=[]),onnx::Conv_728_zero_point:(ty=3,shape=[])]", "device": "NPU"}, {"output": ["/lr_branch/backbone/features.8/conv/conv.6/Conv_output_0"], "input": ["/lr_branch/backbone/features.8/conv/conv.5/Clip_output_0_DequantizeLinear_Output", "onnx::Conv_728_DequantizeLinear_Output", "onnx::Conv_729_DequantizeLinear_Output"], "opType": "Conv", "comment": "@262 [/lr_branch/backbone/features.8/conv/conv.6/Conv_output_0:(ty=1,shape=[1,64,32,32])] Conv [/lr_branch/backbone/features.8/conv/conv.5/Clip_output_0_DequantizeLinear_Output:(ty=1,shape=[1,384,32,32]),onnx::Conv_728_DequantizeLinear_Output:(ty=1,shape=[64,384,1,1]),onnx::Conv_729_DequantizeLinear_Output:(ty=1,shape=[64])]", "device": "NPU"}, {"output": ["/lr_branch/backbone/features.8/conv/conv.6/Conv_output_0_QuantizeLinear_Output"], "input": ["/lr_branch/backbone/features.8/conv/conv.6/Conv_output_0", "onnx::Conv_672_scale", "/lr_branch/backbone/features.8/conv/conv.6/Conv_output_0_zero_point"], "opType": "QuantizeLinear", "comment": "@263 [/lr_branch/backbone/features.8/conv/conv.6/Conv_output_0_QuantizeLinear_Output:(ty=2,shape=[1,64,32,32])] QuantizeLinear [/lr_branch/backbone/features.8/conv/conv.6/Conv_output_0:(ty=1,shape=[1,64,32,32]),onnx::Conv_672_scale:(ty=1,shape=[]),/lr_branch/backbone/features.8/conv/conv.6/Conv_output_0_zero_point:(ty=2,shape=[])]", "device": "NPU"}, {"output": ["/lr_branch/backbone/features.8/conv/conv.6/Conv_output_0_DequantizeLinear_Output"], "input": ["/lr_branch/backbone/features.8/conv/conv.6/Conv_output_0_QuantizeLinear_Output", "onnx::Conv_672_scale", "/lr_branch/backbone/features.8/conv/conv.6/Conv_output_0_zero_point"], "opType": "DequantizeLinear", "comment": "@264 [/lr_branch/backbone/features.8/conv/conv.6/Conv_output_0_DequantizeLinear_Output:(ty=1,shape=[1,64,32,32])] DequantizeLinear [/lr_branch/backbone/features.8/conv/conv.6/Conv_output_0_QuantizeLinear_Output:(ty=2,shape=[1,64,32,32]),onnx::Conv_672_scale:(ty=1,shape=[]),/lr_branch/backbone/features.8/conv/conv.6/Conv_output_0_zero_point:(ty=2,shape=[])]", "device": "NPU"}, {"output": ["/lr_branch/backbone/features.8/Add_output_0"], "input": ["/lr_branch/backbone/features.7/conv/conv.6/Conv_output_0_DequantizeLinear_Output/duplicated", "/lr_branch/backbone/features.8/conv/conv.6/Conv_output_0_DequantizeLinear_Output"], "opType": "Add", "comment": "@265 [/lr_branch/backbone/features.8/Add_output_0:(ty=1,shape=[1,64,32,32])] Add [/lr_branch/backbone/features.7/conv/conv.6/Conv_output_0_DequantizeLinear_Output/duplicated:(ty=1,shape=[1,64,32,32]),/lr_branch/backbone/features.8/conv/conv.6/Conv_output_0_DequantizeLinear_Output:(ty=1,shape=[1,64,32,32])]", "device": "NPU"}, {"output": ["/lr_branch/backbone/features.8/Add_output_0_QuantizeLinear_Output"], "input": ["/lr_branch/backbone/features.8/Add_output_0", "onnx::Conv_672_scale", "/lr_branch/backbone/features.8/Add_output_0_zero_point"], "opType": "QuantizeLinear", "comment": "@266 [/lr_branch/backbone/features.8/Add_output_0_QuantizeLinear_Output:(ty=2,shape=[1,64,32,32])] QuantizeLinear [/lr_branch/backbone/features.8/Add_output_0:(ty=1,shape=[1,64,32,32]),onnx::Conv_672_scale:(ty=1,shape=[]),/lr_branch/backbone/features.8/Add_output_0_zero_point:(ty=2,shape=[])]", "device": "NPU"}, {"output": ["/lr_branch/backbone/features.8/Add_output_0_DequantizeLinear_Output/duplicated"], "input": ["/lr_branch/backbone/features.8/Add_output_0_QuantizeLinear_Output", "onnx::Conv_672_scale", "/lr_branch/backbone/features.8/Add_output_0_zero_point"], "opType": "DequantizeLinear", "comment": "@499 [/lr_branch/backbone/features.8/Add_output_0_DequantizeLinear_Output/duplicated:(ty=1,shape=[1,64,32,32])] DequantizeLinear [/lr_branch/backbone/features.8/Add_output_0_QuantizeLinear_Output:(ty=2,shape=[1,64,32,32]),onnx::Conv_672_scale:(ty=1,shape=[]),/lr_branch/backbone/features.8/Add_output_0_zero_point:(ty=2,shape=[])]", "device": "NPU"}, {"output": ["/lr_branch/backbone/features.8/Add_output_0_DequantizeLinear_Output"], "input": ["/lr_branch/backbone/features.8/Add_output_0_QuantizeLinear_Output", "onnx::Conv_672_scale", "/lr_branch/backbone/features.8/Add_output_0_zero_point"], "opType": "DequantizeLinear", "comment": "@267 [/lr_branch/backbone/features.8/Add_output_0_DequantizeLinear_Output:(ty=1,shape=[1,64,32,32])] DequantizeLinear [/lr_branch/backbone/features.8/Add_output_0_QuantizeLinear_Output:(ty=2,shape=[1,64,32,32]),onnx::Conv_672_scale:(ty=1,shape=[]),/lr_branch/backbone/features.8/Add_output_0_zero_point:(ty=2,shape=[])]", "device": "NPU"}, {"output": ["onnx::Conv_732_DequantizeLinear_Output"], "input": ["onnx::Conv_732_quantized", "onnx::Conv_696_scale", "onnx::Conv_732_zero_point"], "opType": "DequantizeLinear", "comment": "@57 [onnx::Conv_732_DequantizeLinear_Output:(ty=1,shape=[384])] DequantizeLinear [onnx::Conv_732_quantized:(ty=3,shape=[384]),onnx::Conv_696_scale:(ty=1,shape=[]),onnx::Conv_732_zero_point:(ty=3,shape=[])]", "device": "NPU"}, {"output": ["onnx::Conv_731_DequantizeLinear_Output"], "input": ["onnx::Conv_731_quantized", "onnx::Conv_722_scale", "onnx::Conv_731_zero_point"], "opType": "DequantizeLinear", "comment": "@56 [onnx::Conv_731_DequantizeLinear_Output:(ty=1,shape=[384,64,1,1])] DequantizeLinear [onnx::Conv_731_quantized:(ty=3,shape=[384,64,1,1]),onnx::Conv_722_scale:(ty=1,shape=[]),onnx::Conv_731_zero_point:(ty=3,shape=[])]", "device": "NPU"}, {"output": ["/lr_branch/backbone/features.9/conv/conv.0/Conv_output_0"], "input": ["/lr_branch/backbone/features.8/Add_output_0_DequantizeLinear_Output", "onnx::Conv_731_DequantizeLinear_Output", "onnx::Conv_732_DequantizeLinear_Output"], "opType": "Conv", "comment": "@268 [/lr_branch/backbone/features.9/conv/conv.0/Conv_output_0:(ty=1,shape=[1,384,32,32])] Conv [/lr_branch/backbone/features.8/Add_output_0_DequantizeLinear_Output:(ty=1,shape=[1,64,32,32]),onnx::Conv_731_DequantizeLinear_Output:(ty=1,shape=[384,64,1,1]),onnx::Conv_732_DequantizeLinear_Output:(ty=1,shape=[384])]", "device": "NPU"}, {"output": ["/lr_branch/backbone/features.9/conv/conv.2/Clip_output_0"], "input": ["/lr_branch/backbone/features.9/conv/conv.0/Conv_output_0", "/lr_branch/backbone/features.0/features.0.2/Constant_output_0", "/lr_branch/backbone/features.0/features.0.2/Constant_1_output_0"], "opType": "Clip", "comment": "@269 [/lr_branch/backbone/features.9/conv/conv.2/Clip_output_0:(ty=1,shape=[1,384,32,32])] Clip [/lr_branch/backbone/features.9/conv/conv.0/Conv_output_0:(ty=1,shape=[1,384,32,32]),/lr_branch/backbone/features.0/features.0.2/Constant_output_0:(ty=1,shape=[]),/lr_branch/backbone/features.0/features.0.2/Constant_1_output_0:(ty=1,shape=[])]", "device": "NPU"}, {"output": ["/lr_branch/backbone/features.9/conv/conv.2/Clip_output_0_QuantizeLinear_Output"], "input": ["/lr_branch/backbone/features.9/conv/conv.2/Clip_output_0", "hr_branch.conv_hr2x.4.bias_scale", "/lr_branch/backbone/features.9/conv/conv.2/Clip_output_0_zero_point"], "opType": "QuantizeLinear", "comment": "@270 [/lr_branch/backbone/features.9/conv/conv.2/Clip_output_0_QuantizeLinear_Output:(ty=2,shape=[1,384,32,32])] QuantizeLinear [/lr_branch/backbone/features.9/conv/conv.2/Clip_output_0:(ty=1,shape=[1,384,32,32]),hr_branch.conv_hr2x.4.bias_scale:(ty=1,shape=[]),/lr_branch/backbone/features.9/conv/conv.2/Clip_output_0_zero_point:(ty=2,shape=[])]", "device": "NPU"}, {"output": ["/lr_branch/backbone/features.9/conv/conv.2/Clip_output_0_DequantizeLinear_Output"], "input": ["/lr_branch/backbone/features.9/conv/conv.2/Clip_output_0_QuantizeLinear_Output", "hr_branch.conv_hr2x.4.bias_scale", "/lr_branch/backbone/features.9/conv/conv.2/Clip_output_0_zero_point"], "opType": "DequantizeLinear", "comment": "@271 [/lr_branch/backbone/features.9/conv/conv.2/Clip_output_0_DequantizeLinear_Output:(ty=1,shape=[1,384,32,32])] DequantizeLinear [/lr_branch/backbone/features.9/conv/conv.2/Clip_output_0_QuantizeLinear_Output:(ty=2,shape=[1,384,32,32]),hr_branch.conv_hr2x.4.bias_scale:(ty=1,shape=[]),/lr_branch/backbone/features.9/conv/conv.2/Clip_output_0_zero_point:(ty=2,shape=[])]", "device": "NPU"}, {"output": ["onnx::Conv_735_DequantizeLinear_Output"], "input": ["onnx::Conv_735_quantized", "hr_branch.conv_hr2x.4.bias_scale", "onnx::Conv_735_zero_point"], "opType": "DequantizeLinear", "comment": "@59 [onnx::Conv_735_DequantizeLinear_Output:(ty=1,shape=[384])] DequantizeLinear [onnx::Conv_735_quantized:(ty=3,shape=[384]),hr_branch.conv_hr2x.4.bias_scale:(ty=1,shape=[]),onnx::Conv_735_zero_point:(ty=3,shape=[])]", "device": "NPU"}, {"output": ["onnx::Conv_734_DequantizeLinear_Output"], "input": ["onnx::Conv_734_quantized", "onnx::Conv_672_scale", "onnx::Conv_734_zero_point"], "opType": "DequantizeLinear", "comment": "@58 [onnx::Conv_734_DequantizeLinear_Output:(ty=1,shape=[384,1,3,3])] DequantizeLinear [onnx::Conv_734_quantized:(ty=3,shape=[384,1,3,3]),onnx::Conv_672_scale:(ty=1,shape=[]),onnx::Conv_734_zero_point:(ty=3,shape=[])]", "device": "NPU"}, {"output": ["/lr_branch/backbone/features.9/conv/conv.3/Conv_output_0"], "input": ["/lr_branch/backbone/features.9/conv/conv.2/Clip_output_0_DequantizeLinear_Output", "onnx::Conv_734_DequantizeLinear_Output", "onnx::Conv_735_DequantizeLinear_Output"], "opType": "Conv", "comment": "@272 [/lr_branch/backbone/features.9/conv/conv.3/Conv_output_0:(ty=1,shape=[1,384,32,32])] Conv [/lr_branch/backbone/features.9/conv/conv.2/Clip_output_0_DequantizeLinear_Output:(ty=1,shape=[1,384,32,32]),onnx::Conv_734_DequantizeLinear_Output:(ty=1,shape=[384,1,3,3]),onnx::Conv_735_DequantizeLinear_Output:(ty=1,shape=[384])]", "device": "NPU"}, {"output": ["/lr_branch/backbone/features.9/conv/conv.5/Clip_output_0"], "input": ["/lr_branch/backbone/features.9/conv/conv.3/Conv_output_0", "/lr_branch/backbone/features.0/features.0.2/Constant_output_0", "/lr_branch/backbone/features.0/features.0.2/Constant_1_output_0"], "opType": "Clip", "comment": "@273 [/lr_branch/backbone/features.9/conv/conv.5/Clip_output_0:(ty=1,shape=[1,384,32,32])] Clip [/lr_branch/backbone/features.9/conv/conv.3/Conv_output_0:(ty=1,shape=[1,384,32,32]),/lr_branch/backbone/features.0/features.0.2/Constant_output_0:(ty=1,shape=[]),/lr_branch/backbone/features.0/features.0.2/Constant_1_output_0:(ty=1,shape=[])]", "device": "NPU"}, {"output": ["/lr_branch/backbone/features.9/conv/conv.5/Clip_output_0_QuantizeLinear_Output"], "input": ["/lr_branch/backbone/features.9/conv/conv.5/Clip_output_0", "onnx::Conv_683_scale", "/lr_branch/backbone/features.9/conv/conv.5/Clip_output_0_zero_point"], "opType": "QuantizeLinear", "comment": "@274 [/lr_branch/backbone/features.9/conv/conv.5/Clip_output_0_QuantizeLinear_Output:(ty=2,shape=[1,384,32,32])] QuantizeLinear [/lr_branch/backbone/features.9/conv/conv.5/Clip_output_0:(ty=1,shape=[1,384,32,32]),onnx::Conv_683_scale:(ty=1,shape=[]),/lr_branch/backbone/features.9/conv/conv.5/Clip_output_0_zero_point:(ty=2,shape=[])]", "device": "NPU"}, {"output": ["/lr_branch/backbone/features.9/conv/conv.5/Clip_output_0_DequantizeLinear_Output"], "input": ["/lr_branch/backbone/features.9/conv/conv.5/Clip_output_0_QuantizeLinear_Output", "onnx::Conv_683_scale", "/lr_branch/backbone/features.9/conv/conv.5/Clip_output_0_zero_point"], "opType": "DequantizeLinear", "comment": "@275 [/lr_branch/backbone/features.9/conv/conv.5/Clip_output_0_DequantizeLinear_Output:(ty=1,shape=[1,384,32,32])] DequantizeLinear [/lr_branch/backbone/features.9/conv/conv.5/Clip_output_0_QuantizeLinear_Output:(ty=2,shape=[1,384,32,32]),onnx::Conv_683_scale:(ty=1,shape=[]),/lr_branch/backbone/features.9/conv/conv.5/Clip_output_0_zero_point:(ty=2,shape=[])]", "device": "NPU"}, {"output": ["onnx::Conv_738_DequantizeLinear_Output"], "input": ["onnx::Conv_738_quantized", "onnx::Conv_683_scale", "onnx::Conv_738_zero_point"], "opType": "DequantizeLinear", "comment": "@61 [onnx::Conv_738_DequantizeLinear_Output:(ty=1,shape=[64])] DequantizeLinear [onnx::Conv_738_quantized:(ty=3,shape=[64]),onnx::Conv_683_scale:(ty=1,shape=[]),onnx::Conv_738_zero_point:(ty=3,shape=[])]", "device": "NPU"}, {"output": ["onnx::Conv_737_DequantizeLinear_Output"], "input": ["onnx::Conv_737_quantized", "hr_branch.conv_hr2x.4.bias_scale", "onnx::Conv_737_zero_point"], "opType": "DequantizeLinear", "comment": "@60 [onnx::Conv_737_DequantizeLinear_Output:(ty=1,shape=[64,384,1,1])] DequantizeLinear [onnx::Conv_737_quantized:(ty=3,shape=[64,384,1,1]),hr_branch.conv_hr2x.4.bias_scale:(ty=1,shape=[]),onnx::Conv_737_zero_point:(ty=3,shape=[])]", "device": "NPU"}, {"output": ["/lr_branch/backbone/features.9/conv/conv.6/Conv_output_0"], "input": ["/lr_branch/backbone/features.9/conv/conv.5/Clip_output_0_DequantizeLinear_Output", "onnx::Conv_737_DequantizeLinear_Output", "onnx::Conv_738_DequantizeLinear_Output"], "opType": "Conv", "comment": "@276 [/lr_branch/backbone/features.9/conv/conv.6/Conv_output_0:(ty=1,shape=[1,64,32,32])] Conv [/lr_branch/backbone/features.9/conv/conv.5/Clip_output_0_DequantizeLinear_Output:(ty=1,shape=[1,384,32,32]),onnx::Conv_737_DequantizeLinear_Output:(ty=1,shape=[64,384,1,1]),onnx::Conv_738_DequantizeLinear_Output:(ty=1,shape=[64])]", "device": "NPU"}, {"output": ["/lr_branch/backbone/features.9/conv/conv.6/Conv_output_0_QuantizeLinear_Output"], "input": ["/lr_branch/backbone/features.9/conv/conv.6/Conv_output_0", "onnx::Conv_683_scale", "/lr_branch/backbone/features.9/conv/conv.6/Conv_output_0_zero_point"], "opType": "QuantizeLinear", "comment": "@277 [/lr_branch/backbone/features.9/conv/conv.6/Conv_output_0_QuantizeLinear_Output:(ty=2,shape=[1,64,32,32])] QuantizeLinear [/lr_branch/backbone/features.9/conv/conv.6/Conv_output_0:(ty=1,shape=[1,64,32,32]),onnx::Conv_683_scale:(ty=1,shape=[]),/lr_branch/backbone/features.9/conv/conv.6/Conv_output_0_zero_point:(ty=2,shape=[])]", "device": "NPU"}, {"output": ["/lr_branch/backbone/features.9/conv/conv.6/Conv_output_0_DequantizeLinear_Output"], "input": ["/lr_branch/backbone/features.9/conv/conv.6/Conv_output_0_QuantizeLinear_Output", "onnx::Conv_683_scale", "/lr_branch/backbone/features.9/conv/conv.6/Conv_output_0_zero_point"], "opType": "DequantizeLinear", "comment": "@278 [/lr_branch/backbone/features.9/conv/conv.6/Conv_output_0_DequantizeLinear_Output:(ty=1,shape=[1,64,32,32])] DequantizeLinear [/lr_branch/backbone/features.9/conv/conv.6/Conv_output_0_QuantizeLinear_Output:(ty=2,shape=[1,64,32,32]),onnx::Conv_683_scale:(ty=1,shape=[]),/lr_branch/backbone/features.9/conv/conv.6/Conv_output_0_zero_point:(ty=2,shape=[])]", "device": "NPU"}, {"output": ["/lr_branch/backbone/features.9/Add_output_0"], "input": ["/lr_branch/backbone/features.8/Add_output_0_DequantizeLinear_Output/duplicated", "/lr_branch/backbone/features.9/conv/conv.6/Conv_output_0_DequantizeLinear_Output"], "opType": "Add", "comment": "@279 [/lr_branch/backbone/features.9/Add_output_0:(ty=1,shape=[1,64,32,32])] Add [/lr_branch/backbone/features.8/Add_output_0_DequantizeLinear_Output/duplicated:(ty=1,shape=[1,64,32,32]),/lr_branch/backbone/features.9/conv/conv.6/Conv_output_0_DequantizeLinear_Output:(ty=1,shape=[1,64,32,32])]", "device": "NPU"}, {"output": ["/lr_branch/backbone/features.9/Add_output_0_QuantizeLinear_Output"], "input": ["/lr_branch/backbone/features.9/Add_output_0", "onnx::Conv_672_scale", "/lr_branch/backbone/features.9/Add_output_0_zero_point"], "opType": "QuantizeLinear", "comment": "@280 [/lr_branch/backbone/features.9/Add_output_0_QuantizeLinear_Output:(ty=2,shape=[1,64,32,32])] QuantizeLinear [/lr_branch/backbone/features.9/Add_output_0:(ty=1,shape=[1,64,32,32]),onnx::Conv_672_scale:(ty=1,shape=[]),/lr_branch/backbone/features.9/Add_output_0_zero_point:(ty=2,shape=[])]", "device": "NPU"}, {"output": ["/lr_branch/backbone/features.9/Add_output_0_DequantizeLinear_Output/duplicated"], "input": ["/lr_branch/backbone/features.9/Add_output_0_QuantizeLinear_Output", "onnx::Conv_672_scale", "/lr_branch/backbone/features.9/Add_output_0_zero_point"], "opType": "DequantizeLinear", "comment": "@500 [/lr_branch/backbone/features.9/Add_output_0_DequantizeLinear_Output/duplicated:(ty=1,shape=[1,64,32,32])] DequantizeLinear [/lr_branch/backbone/features.9/Add_output_0_QuantizeLinear_Output:(ty=2,shape=[1,64,32,32]),onnx::Conv_672_scale:(ty=1,shape=[]),/lr_branch/backbone/features.9/Add_output_0_zero_point:(ty=2,shape=[])]", "device": "NPU"}, {"output": ["/lr_branch/backbone/features.9/Add_output_0_DequantizeLinear_Output"], "input": ["/lr_branch/backbone/features.9/Add_output_0_QuantizeLinear_Output", "onnx::Conv_672_scale", "/lr_branch/backbone/features.9/Add_output_0_zero_point"], "opType": "DequantizeLinear", "comment": "@281 [/lr_branch/backbone/features.9/Add_output_0_DequantizeLinear_Output:(ty=1,shape=[1,64,32,32])] DequantizeLinear [/lr_branch/backbone/features.9/Add_output_0_QuantizeLinear_Output:(ty=2,shape=[1,64,32,32]),onnx::Conv_672_scale:(ty=1,shape=[]),/lr_branch/backbone/features.9/Add_output_0_zero_point:(ty=2,shape=[])]", "device": "NPU"}, {"output": ["onnx::Conv_741_DequantizeLinear_Output"], "input": ["onnx::Conv_741_quantized", "onnx::Conv_696_scale", "onnx::Conv_741_zero_point"], "opType": "DequantizeLinear", "comment": "@63 [onnx::Conv_741_DequantizeLinear_Output:(ty=1,shape=[384])] DequantizeLinear [onnx::Conv_741_quantized:(ty=3,shape=[384]),onnx::Conv_696_scale:(ty=1,shape=[]),onnx::Conv_741_zero_point:(ty=3,shape=[])]", "device": "NPU"}, {"output": ["onnx::Conv_740_DequantizeLinear_Output"], "input": ["onnx::Conv_740_quantized", "onnx::Conv_722_scale", "onnx::Conv_740_zero_point"], "opType": "DequantizeLinear", "comment": "@62 [onnx::Conv_740_DequantizeLinear_Output:(ty=1,shape=[384,64,1,1])] DequantizeLinear [onnx::Conv_740_quantized:(ty=3,shape=[384,64,1,1]),onnx::Conv_722_scale:(ty=1,shape=[]),onnx::Conv_740_zero_point:(ty=3,shape=[])]", "device": "NPU"}, {"output": ["/lr_branch/backbone/features.10/conv/conv.0/Conv_output_0"], "input": ["/lr_branch/backbone/features.9/Add_output_0_DequantizeLinear_Output", "onnx::Conv_740_DequantizeLinear_Output", "onnx::Conv_741_DequantizeLinear_Output"], "opType": "Conv", "comment": "@282 [/lr_branch/backbone/features.10/conv/conv.0/Conv_output_0:(ty=1,shape=[1,384,32,32])] Conv [/lr_branch/backbone/features.9/Add_output_0_DequantizeLinear_Output:(ty=1,shape=[1,64,32,32]),onnx::Conv_740_DequantizeLinear_Output:(ty=1,shape=[384,64,1,1]),onnx::Conv_741_DequantizeLinear_Output:(ty=1,shape=[384])]", "device": "NPU"}, {"output": ["/lr_branch/backbone/features.10/conv/conv.2/Clip_output_0"], "input": ["/lr_branch/backbone/features.10/conv/conv.0/Conv_output_0", "/lr_branch/backbone/features.0/features.0.2/Constant_output_0", "/lr_branch/backbone/features.0/features.0.2/Constant_1_output_0"], "opType": "Clip", "comment": "@283 [/lr_branch/backbone/features.10/conv/conv.2/Clip_output_0:(ty=1,shape=[1,384,32,32])] Clip [/lr_branch/backbone/features.10/conv/conv.0/Conv_output_0:(ty=1,shape=[1,384,32,32]),/lr_branch/backbone/features.0/features.0.2/Constant_output_0:(ty=1,shape=[]),/lr_branch/backbone/features.0/features.0.2/Constant_1_output_0:(ty=1,shape=[])]", "device": "NPU"}, {"output": ["/lr_branch/backbone/features.10/conv/conv.2/Clip_output_0_QuantizeLinear_Output"], "input": ["/lr_branch/backbone/features.10/conv/conv.2/Clip_output_0", "hr_branch.conv_hr2x.4.bias_scale", "/lr_branch/backbone/features.10/conv/conv.2/Clip_output_0_zero_point"], "opType": "QuantizeLinear", "comment": "@284 [/lr_branch/backbone/features.10/conv/conv.2/Clip_output_0_QuantizeLinear_Output:(ty=2,shape=[1,384,32,32])] QuantizeLinear [/lr_branch/backbone/features.10/conv/conv.2/Clip_output_0:(ty=1,shape=[1,384,32,32]),hr_branch.conv_hr2x.4.bias_scale:(ty=1,shape=[]),/lr_branch/backbone/features.10/conv/conv.2/Clip_output_0_zero_point:(ty=2,shape=[])]", "device": "NPU"}, {"output": ["/lr_branch/backbone/features.10/conv/conv.2/Clip_output_0_DequantizeLinear_Output"], "input": ["/lr_branch/backbone/features.10/conv/conv.2/Clip_output_0_QuantizeLinear_Output", "hr_branch.conv_hr2x.4.bias_scale", "/lr_branch/backbone/features.10/conv/conv.2/Clip_output_0_zero_point"], "opType": "DequantizeLinear", "comment": "@285 [/lr_branch/backbone/features.10/conv/conv.2/Clip_output_0_DequantizeLinear_Output:(ty=1,shape=[1,384,32,32])] DequantizeLinear [/lr_branch/backbone/features.10/conv/conv.2/Clip_output_0_QuantizeLinear_Output:(ty=2,shape=[1,384,32,32]),hr_branch.conv_hr2x.4.bias_scale:(ty=1,shape=[]),/lr_branch/backbone/features.10/conv/conv.2/Clip_output_0_zero_point:(ty=2,shape=[])]", "device": "NPU"}, {"output": ["onnx::Conv_744_DequantizeLinear_Output"], "input": ["onnx::Conv_744_quantized", "onnx::Conv_683_scale", "onnx::Conv_744_zero_point"], "opType": "DequantizeLinear", "comment": "@65 [onnx::Conv_744_DequantizeLinear_Output:(ty=1,shape=[384])] DequantizeLinear [onnx::Conv_744_quantized:(ty=3,shape=[384]),onnx::Conv_683_scale:(ty=1,shape=[]),onnx::Conv_744_zero_point:(ty=3,shape=[])]", "device": "NPU"}, {"output": ["onnx::Conv_743_DequantizeLinear_Output"], "input": ["onnx::Conv_743_quantized", "onnx::Conv_672_scale", "onnx::Conv_743_zero_point"], "opType": "DequantizeLinear", "comment": "@64 [onnx::Conv_743_DequantizeLinear_Output:(ty=1,shape=[384,1,3,3])] DequantizeLinear [onnx::Conv_743_quantized:(ty=3,shape=[384,1,3,3]),onnx::Conv_672_scale:(ty=1,shape=[]),onnx::Conv_743_zero_point:(ty=3,shape=[])]", "device": "NPU"}, {"output": ["/lr_branch/backbone/features.10/conv/conv.3/Conv_output_0"], "input": ["/lr_branch/backbone/features.10/conv/conv.2/Clip_output_0_DequantizeLinear_Output", "onnx::Conv_743_DequantizeLinear_Output", "onnx::Conv_744_DequantizeLinear_Output"], "opType": "Conv", "comment": "@286 [/lr_branch/backbone/features.10/conv/conv.3/Conv_output_0:(ty=1,shape=[1,384,32,32])] Conv [/lr_branch/backbone/features.10/conv/conv.2/Clip_output_0_DequantizeLinear_Output:(ty=1,shape=[1,384,32,32]),onnx::Conv_743_DequantizeLinear_Output:(ty=1,shape=[384,1,3,3]),onnx::Conv_744_DequantizeLinear_Output:(ty=1,shape=[384])]", "device": "NPU"}, {"output": ["/lr_branch/backbone/features.10/conv/conv.5/Clip_output_0"], "input": ["/lr_branch/backbone/features.10/conv/conv.3/Conv_output_0", "/lr_branch/backbone/features.0/features.0.2/Constant_output_0", "/lr_branch/backbone/features.0/features.0.2/Constant_1_output_0"], "opType": "Clip", "comment": "@287 [/lr_branch/backbone/features.10/conv/conv.5/Clip_output_0:(ty=1,shape=[1,384,32,32])] Clip [/lr_branch/backbone/features.10/conv/conv.3/Conv_output_0:(ty=1,shape=[1,384,32,32]),/lr_branch/backbone/features.0/features.0.2/Constant_output_0:(ty=1,shape=[]),/lr_branch/backbone/features.0/features.0.2/Constant_1_output_0:(ty=1,shape=[])]", "device": "NPU"}, {"output": ["/lr_branch/backbone/features.10/conv/conv.5/Clip_output_0_QuantizeLinear_Output"], "input": ["/lr_branch/backbone/features.10/conv/conv.5/Clip_output_0", "onnx::Conv_683_scale", "/lr_branch/backbone/features.10/conv/conv.5/Clip_output_0_zero_point"], "opType": "QuantizeLinear", "comment": "@288 [/lr_branch/backbone/features.10/conv/conv.5/Clip_output_0_QuantizeLinear_Output:(ty=2,shape=[1,384,32,32])] QuantizeLinear [/lr_branch/backbone/features.10/conv/conv.5/Clip_output_0:(ty=1,shape=[1,384,32,32]),onnx::Conv_683_scale:(ty=1,shape=[]),/lr_branch/backbone/features.10/conv/conv.5/Clip_output_0_zero_point:(ty=2,shape=[])]", "device": "NPU"}, {"output": ["/lr_branch/backbone/features.10/conv/conv.5/Clip_output_0_DequantizeLinear_Output"], "input": ["/lr_branch/backbone/features.10/conv/conv.5/Clip_output_0_QuantizeLinear_Output", "onnx::Conv_683_scale", "/lr_branch/backbone/features.10/conv/conv.5/Clip_output_0_zero_point"], "opType": "DequantizeLinear", "comment": "@289 [/lr_branch/backbone/features.10/conv/conv.5/Clip_output_0_DequantizeLinear_Output:(ty=1,shape=[1,384,32,32])] DequantizeLinear [/lr_branch/backbone/features.10/conv/conv.5/Clip_output_0_QuantizeLinear_Output:(ty=2,shape=[1,384,32,32]),onnx::Conv_683_scale:(ty=1,shape=[]),/lr_branch/backbone/features.10/conv/conv.5/Clip_output_0_zero_point:(ty=2,shape=[])]", "device": "NPU"}, {"output": ["onnx::Conv_747_DequantizeLinear_Output"], "input": ["onnx::Conv_747_quantized", "onnx::Conv_683_scale", "onnx::Conv_747_zero_point"], "opType": "DequantizeLinear", "comment": "@67 [onnx::Conv_747_DequantizeLinear_Output:(ty=1,shape=[64])] DequantizeLinear [onnx::Conv_747_quantized:(ty=3,shape=[64]),onnx::Conv_683_scale:(ty=1,shape=[]),onnx::Conv_747_zero_point:(ty=3,shape=[])]", "device": "NPU"}, {"output": ["onnx::Conv_746_DequantizeLinear_Output"], "input": ["onnx::Conv_746_quantized", "hr_branch.conv_hr2x.4.bias_scale", "onnx::Conv_746_zero_point"], "opType": "DequantizeLinear", "comment": "@66 [onnx::Conv_746_DequantizeLinear_Output:(ty=1,shape=[64,384,1,1])] DequantizeLinear [onnx::Conv_746_quantized:(ty=3,shape=[64,384,1,1]),hr_branch.conv_hr2x.4.bias_scale:(ty=1,shape=[]),onnx::Conv_746_zero_point:(ty=3,shape=[])]", "device": "NPU"}, {"output": ["/lr_branch/backbone/features.10/conv/conv.6/Conv_output_0"], "input": ["/lr_branch/backbone/features.10/conv/conv.5/Clip_output_0_DequantizeLinear_Output", "onnx::Conv_746_DequantizeLinear_Output", "onnx::Conv_747_DequantizeLinear_Output"], "opType": "Conv", "comment": "@290 [/lr_branch/backbone/features.10/conv/conv.6/Conv_output_0:(ty=1,shape=[1,64,32,32])] Conv [/lr_branch/backbone/features.10/conv/conv.5/Clip_output_0_DequantizeLinear_Output:(ty=1,shape=[1,384,32,32]),onnx::Conv_746_DequantizeLinear_Output:(ty=1,shape=[64,384,1,1]),onnx::Conv_747_DequantizeLinear_Output:(ty=1,shape=[64])]", "device": "NPU"}, {"output": ["/lr_branch/backbone/features.10/conv/conv.6/Conv_output_0_QuantizeLinear_Output"], "input": ["/lr_branch/backbone/features.10/conv/conv.6/Conv_output_0", "onnx::Conv_683_scale", "/lr_branch/backbone/features.10/conv/conv.6/Conv_output_0_zero_point"], "opType": "QuantizeLinear", "comment": "@291 [/lr_branch/backbone/features.10/conv/conv.6/Conv_output_0_QuantizeLinear_Output:(ty=2,shape=[1,64,32,32])] QuantizeLinear [/lr_branch/backbone/features.10/conv/conv.6/Conv_output_0:(ty=1,shape=[1,64,32,32]),onnx::Conv_683_scale:(ty=1,shape=[]),/lr_branch/backbone/features.10/conv/conv.6/Conv_output_0_zero_point:(ty=2,shape=[])]", "device": "NPU"}, {"output": ["/lr_branch/backbone/features.10/conv/conv.6/Conv_output_0_DequantizeLinear_Output"], "input": ["/lr_branch/backbone/features.10/conv/conv.6/Conv_output_0_QuantizeLinear_Output", "onnx::Conv_683_scale", "/lr_branch/backbone/features.10/conv/conv.6/Conv_output_0_zero_point"], "opType": "DequantizeLinear", "comment": "@292 [/lr_branch/backbone/features.10/conv/conv.6/Conv_output_0_DequantizeLinear_Output:(ty=1,shape=[1,64,32,32])] DequantizeLinear [/lr_branch/backbone/features.10/conv/conv.6/Conv_output_0_QuantizeLinear_Output:(ty=2,shape=[1,64,32,32]),onnx::Conv_683_scale:(ty=1,shape=[]),/lr_branch/backbone/features.10/conv/conv.6/Conv_output_0_zero_point:(ty=2,shape=[])]", "device": "NPU"}, {"output": ["/lr_branch/backbone/features.10/Add_output_0"], "input": ["/lr_branch/backbone/features.9/Add_output_0_DequantizeLinear_Output/duplicated", "/lr_branch/backbone/features.10/conv/conv.6/Conv_output_0_DequantizeLinear_Output"], "opType": "Add", "comment": "@293 [/lr_branch/backbone/features.10/Add_output_0:(ty=1,shape=[1,64,32,32])] Add [/lr_branch/backbone/features.9/Add_output_0_DequantizeLinear_Output/duplicated:(ty=1,shape=[1,64,32,32]),/lr_branch/backbone/features.10/conv/conv.6/Conv_output_0_DequantizeLinear_Output:(ty=1,shape=[1,64,32,32])]", "device": "NPU"}, {"output": ["/lr_branch/backbone/features.10/Add_output_0_QuantizeLinear_Output"], "input": ["/lr_branch/backbone/features.10/Add_output_0", "onnx::Conv_672_scale", "/lr_branch/backbone/features.10/Add_output_0_zero_point"], "opType": "QuantizeLinear", "comment": "@294 [/lr_branch/backbone/features.10/Add_output_0_QuantizeLinear_Output:(ty=2,shape=[1,64,32,32])] QuantizeLinear [/lr_branch/backbone/features.10/Add_output_0:(ty=1,shape=[1,64,32,32]),onnx::Conv_672_scale:(ty=1,shape=[]),/lr_branch/backbone/features.10/Add_output_0_zero_point:(ty=2,shape=[])]", "device": "NPU"}, {"output": ["/lr_branch/backbone/features.10/Add_output_0_DequantizeLinear_Output"], "input": ["/lr_branch/backbone/features.10/Add_output_0_QuantizeLinear_Output", "onnx::Conv_672_scale", "/lr_branch/backbone/features.10/Add_output_0_zero_point"], "opType": "DequantizeLinear", "comment": "@295 [/lr_branch/backbone/features.10/Add_output_0_DequantizeLinear_Output:(ty=1,shape=[1,64,32,32])] DequantizeLinear [/lr_branch/backbone/features.10/Add_output_0_QuantizeLinear_Output:(ty=2,shape=[1,64,32,32]),onnx::Conv_672_scale:(ty=1,shape=[]),/lr_branch/backbone/features.10/Add_output_0_zero_point:(ty=2,shape=[])]", "device": "NPU"}, {"output": ["onnx::Conv_750_DequantizeLinear_Output"], "input": ["onnx::Conv_750_quantized", "onnx::Conv_696_scale", "onnx::Conv_750_zero_point"], "opType": "DequantizeLinear", "comment": "@69 [onnx::Conv_750_DequantizeLinear_Output:(ty=1,shape=[384])] DequantizeLinear [onnx::Conv_750_quantized:(ty=3,shape=[384]),onnx::Conv_696_scale:(ty=1,shape=[]),onnx::Conv_750_zero_point:(ty=3,shape=[])]", "device": "NPU"}, {"output": ["onnx::Conv_749_DequantizeLinear_Output"], "input": ["onnx::Conv_749_quantized", "onnx::Conv_722_scale", "onnx::Conv_749_zero_point"], "opType": "DequantizeLinear", "comment": "@68 [onnx::Conv_749_DequantizeLinear_Output:(ty=1,shape=[384,64,1,1])] DequantizeLinear [onnx::Conv_749_quantized:(ty=3,shape=[384,64,1,1]),onnx::Conv_722_scale:(ty=1,shape=[]),onnx::Conv_749_zero_point:(ty=3,shape=[])]", "device": "NPU"}, {"output": ["/lr_branch/backbone/features.11/conv/conv.0/Conv_output_0"], "input": ["/lr_branch/backbone/features.10/Add_output_0_DequantizeLinear_Output", "onnx::Conv_749_DequantizeLinear_Output", "onnx::Conv_750_DequantizeLinear_Output"], "opType": "Conv", "comment": "@296 [/lr_branch/backbone/features.11/conv/conv.0/Conv_output_0:(ty=1,shape=[1,384,32,32])] Conv [/lr_branch/backbone/features.10/Add_output_0_DequantizeLinear_Output:(ty=1,shape=[1,64,32,32]),onnx::Conv_749_DequantizeLinear_Output:(ty=1,shape=[384,64,1,1]),onnx::Conv_750_DequantizeLinear_Output:(ty=1,shape=[384])]", "device": "NPU"}, {"output": ["/lr_branch/backbone/features.11/conv/conv.2/Clip_output_0"], "input": ["/lr_branch/backbone/features.11/conv/conv.0/Conv_output_0", "/lr_branch/backbone/features.0/features.0.2/Constant_output_0", "/lr_branch/backbone/features.0/features.0.2/Constant_1_output_0"], "opType": "Clip", "comment": "@297 [/lr_branch/backbone/features.11/conv/conv.2/Clip_output_0:(ty=1,shape=[1,384,32,32])] Clip [/lr_branch/backbone/features.11/conv/conv.0/Conv_output_0:(ty=1,shape=[1,384,32,32]),/lr_branch/backbone/features.0/features.0.2/Constant_output_0:(ty=1,shape=[]),/lr_branch/backbone/features.0/features.0.2/Constant_1_output_0:(ty=1,shape=[])]", "device": "NPU"}, {"output": ["/lr_branch/backbone/features.11/conv/conv.2/Clip_output_0_QuantizeLinear_Output"], "input": ["/lr_branch/backbone/features.11/conv/conv.2/Clip_output_0", "hr_branch.conv_hr2x.4.bias_scale", "/lr_branch/backbone/features.11/conv/conv.2/Clip_output_0_zero_point"], "opType": "QuantizeLinear", "comment": "@298 [/lr_branch/backbone/features.11/conv/conv.2/Clip_output_0_QuantizeLinear_Output:(ty=2,shape=[1,384,32,32])] QuantizeLinear [/lr_branch/backbone/features.11/conv/conv.2/Clip_output_0:(ty=1,shape=[1,384,32,32]),hr_branch.conv_hr2x.4.bias_scale:(ty=1,shape=[]),/lr_branch/backbone/features.11/conv/conv.2/Clip_output_0_zero_point:(ty=2,shape=[])]", "device": "NPU"}, {"output": ["/lr_branch/backbone/features.11/conv/conv.2/Clip_output_0_DequantizeLinear_Output"], "input": ["/lr_branch/backbone/features.11/conv/conv.2/Clip_output_0_QuantizeLinear_Output", "hr_branch.conv_hr2x.4.bias_scale", "/lr_branch/backbone/features.11/conv/conv.2/Clip_output_0_zero_point"], "opType": "DequantizeLinear", "comment": "@299 [/lr_branch/backbone/features.11/conv/conv.2/Clip_output_0_DequantizeLinear_Output:(ty=1,shape=[1,384,32,32])] DequantizeLinear [/lr_branch/backbone/features.11/conv/conv.2/Clip_output_0_QuantizeLinear_Output:(ty=2,shape=[1,384,32,32]),hr_branch.conv_hr2x.4.bias_scale:(ty=1,shape=[]),/lr_branch/backbone/features.11/conv/conv.2/Clip_output_0_zero_point:(ty=2,shape=[])]", "device": "NPU"}, {"output": ["onnx::Conv_753_DequantizeLinear_Output"], "input": ["onnx::Conv_753_quantized", "onnx::Conv_683_scale", "onnx::Conv_753_zero_point"], "opType": "DequantizeLinear", "comment": "@71 [onnx::Conv_753_DequantizeLinear_Output:(ty=1,shape=[384])] DequantizeLinear [onnx::Conv_753_quantized:(ty=3,shape=[384]),onnx::Conv_683_scale:(ty=1,shape=[]),onnx::Conv_753_zero_point:(ty=3,shape=[])]", "device": "NPU"}, {"output": ["onnx::Conv_752_DequantizeLinear_Output"], "input": ["onnx::Conv_752_quantized", "onnx::Conv_672_scale", "onnx::Conv_752_zero_point"], "opType": "DequantizeLinear", "comment": "@70 [onnx::Conv_752_DequantizeLinear_Output:(ty=1,shape=[384,1,3,3])] DequantizeLinear [onnx::Conv_752_quantized:(ty=3,shape=[384,1,3,3]),onnx::Conv_672_scale:(ty=1,shape=[]),onnx::Conv_752_zero_point:(ty=3,shape=[])]", "device": "NPU"}, {"output": ["/lr_branch/backbone/features.11/conv/conv.3/Conv_output_0"], "input": ["/lr_branch/backbone/features.11/conv/conv.2/Clip_output_0_DequantizeLinear_Output", "onnx::Conv_752_DequantizeLinear_Output", "onnx::Conv_753_DequantizeLinear_Output"], "opType": "Conv", "comment": "@300 [/lr_branch/backbone/features.11/conv/conv.3/Conv_output_0:(ty=1,shape=[1,384,32,32])] Conv [/lr_branch/backbone/features.11/conv/conv.2/Clip_output_0_DequantizeLinear_Output:(ty=1,shape=[1,384,32,32]),onnx::Conv_752_DequantizeLinear_Output:(ty=1,shape=[384,1,3,3]),onnx::Conv_753_DequantizeLinear_Output:(ty=1,shape=[384])]", "device": "NPU"}, {"output": ["/lr_branch/backbone/features.11/conv/conv.5/Clip_output_0"], "input": ["/lr_branch/backbone/features.11/conv/conv.3/Conv_output_0", "/lr_branch/backbone/features.0/features.0.2/Constant_output_0", "/lr_branch/backbone/features.0/features.0.2/Constant_1_output_0"], "opType": "Clip", "comment": "@301 [/lr_branch/backbone/features.11/conv/conv.5/Clip_output_0:(ty=1,shape=[1,384,32,32])] Clip [/lr_branch/backbone/features.11/conv/conv.3/Conv_output_0:(ty=1,shape=[1,384,32,32]),/lr_branch/backbone/features.0/features.0.2/Constant_output_0:(ty=1,shape=[]),/lr_branch/backbone/features.0/features.0.2/Constant_1_output_0:(ty=1,shape=[])]", "device": "NPU"}, {"output": ["/lr_branch/backbone/features.11/conv/conv.5/Clip_output_0_QuantizeLinear_Output"], "input": ["/lr_branch/backbone/features.11/conv/conv.5/Clip_output_0", "onnx::Conv_672_scale", "/lr_branch/backbone/features.11/conv/conv.5/Clip_output_0_zero_point"], "opType": "QuantizeLinear", "comment": "@302 [/lr_branch/backbone/features.11/conv/conv.5/Clip_output_0_QuantizeLinear_Output:(ty=2,shape=[1,384,32,32])] QuantizeLinear [/lr_branch/backbone/features.11/conv/conv.5/Clip_output_0:(ty=1,shape=[1,384,32,32]),onnx::Conv_672_scale:(ty=1,shape=[]),/lr_branch/backbone/features.11/conv/conv.5/Clip_output_0_zero_point:(ty=2,shape=[])]", "device": "NPU"}, {"output": ["/lr_branch/backbone/features.11/conv/conv.5/Clip_output_0_DequantizeLinear_Output"], "input": ["/lr_branch/backbone/features.11/conv/conv.5/Clip_output_0_QuantizeLinear_Output", "onnx::Conv_672_scale", "/lr_branch/backbone/features.11/conv/conv.5/Clip_output_0_zero_point"], "opType": "DequantizeLinear", "comment": "@303 [/lr_branch/backbone/features.11/conv/conv.5/Clip_output_0_DequantizeLinear_Output:(ty=1,shape=[1,384,32,32])] DequantizeLinear [/lr_branch/backbone/features.11/conv/conv.5/Clip_output_0_QuantizeLinear_Output:(ty=2,shape=[1,384,32,32]),onnx::Conv_672_scale:(ty=1,shape=[]),/lr_branch/backbone/features.11/conv/conv.5/Clip_output_0_zero_point:(ty=2,shape=[])]", "device": "NPU"}, {"output": ["onnx::Conv_756_DequantizeLinear_Output"], "input": ["onnx::Conv_756_quantized", "hr_branch.conv_hr2x.4.bias_scale", "onnx::Conv_756_zero_point"], "opType": "DequantizeLinear", "comment": "@73 [onnx::Conv_756_DequantizeLinear_Output:(ty=1,shape=[96])] DequantizeLinear [onnx::Conv_756_quantized:(ty=3,shape=[96]),hr_branch.conv_hr2x.4.bias_scale:(ty=1,shape=[]),onnx::Conv_756_zero_point:(ty=3,shape=[])]", "device": "NPU"}, {"output": ["onnx::Conv_755_DequantizeLinear_Output"], "input": ["onnx::Conv_755_quantized", "onnx::Conv_696_scale", "onnx::Conv_755_zero_point"], "opType": "DequantizeLinear", "comment": "@72 [onnx::Conv_755_DequantizeLinear_Output:(ty=1,shape=[96,384,1,1])] DequantizeLinear [onnx::Conv_755_quantized:(ty=3,shape=[96,384,1,1]),onnx::Conv_696_scale:(ty=1,shape=[]),onnx::Conv_755_zero_point:(ty=3,shape=[])]", "device": "NPU"}, {"output": ["/lr_branch/backbone/features.11/conv/conv.6/Conv_output_0"], "input": ["/lr_branch/backbone/features.11/conv/conv.5/Clip_output_0_DequantizeLinear_Output", "onnx::Conv_755_DequantizeLinear_Output", "onnx::Conv_756_DequantizeLinear_Output"], "opType": "Conv", "comment": "@304 [/lr_branch/backbone/features.11/conv/conv.6/Conv_output_0:(ty=1,shape=[1,96,32,32])] Conv [/lr_branch/backbone/features.11/conv/conv.5/Clip_output_0_DequantizeLinear_Output:(ty=1,shape=[1,384,32,32]),onnx::Conv_755_DequantizeLinear_Output:(ty=1,shape=[96,384,1,1]),onnx::Conv_756_DequantizeLinear_Output:(ty=1,shape=[96])]", "device": "NPU"}, {"output": ["/lr_branch/backbone/features.11/conv/conv.6/Conv_output_0_QuantizeLinear_Output"], "input": ["/lr_branch/backbone/features.11/conv/conv.6/Conv_output_0", "onnx::Conv_683_scale", "/lr_branch/backbone/features.11/conv/conv.6/Conv_output_0_zero_point"], "opType": "QuantizeLinear", "comment": "@305 [/lr_branch/backbone/features.11/conv/conv.6/Conv_output_0_QuantizeLinear_Output:(ty=2,shape=[1,96,32,32])] QuantizeLinear [/lr_branch/backbone/features.11/conv/conv.6/Conv_output_0:(ty=1,shape=[1,96,32,32]),onnx::Conv_683_scale:(ty=1,shape=[]),/lr_branch/backbone/features.11/conv/conv.6/Conv_output_0_zero_point:(ty=2,shape=[])]", "device": "NPU"}, {"output": ["/lr_branch/backbone/features.11/conv/conv.6/Conv_output_0_DequantizeLinear_Output/duplicated"], "input": ["/lr_branch/backbone/features.11/conv/conv.6/Conv_output_0_QuantizeLinear_Output", "onnx::Conv_683_scale", "/lr_branch/backbone/features.11/conv/conv.6/Conv_output_0_zero_point"], "opType": "DequantizeLinear", "comment": "@501 [/lr_branch/backbone/features.11/conv/conv.6/Conv_output_0_DequantizeLinear_Output/duplicated:(ty=1,shape=[1,96,32,32])] DequantizeLinear [/lr_branch/backbone/features.11/conv/conv.6/Conv_output_0_QuantizeLinear_Output:(ty=2,shape=[1,96,32,32]),onnx::Conv_683_scale:(ty=1,shape=[]),/lr_branch/backbone/features.11/conv/conv.6/Conv_output_0_zero_point:(ty=2,shape=[])]", "device": "NPU"}, {"output": ["/lr_branch/backbone/features.11/conv/conv.6/Conv_output_0_DequantizeLinear_Output"], "input": ["/lr_branch/backbone/features.11/conv/conv.6/Conv_output_0_QuantizeLinear_Output", "onnx::Conv_683_scale", "/lr_branch/backbone/features.11/conv/conv.6/Conv_output_0_zero_point"], "opType": "DequantizeLinear", "comment": "@306 [/lr_branch/backbone/features.11/conv/conv.6/Conv_output_0_DequantizeLinear_Output:(ty=1,shape=[1,96,32,32])] DequantizeLinear [/lr_branch/backbone/features.11/conv/conv.6/Conv_output_0_QuantizeLinear_Output:(ty=2,shape=[1,96,32,32]),onnx::Conv_683_scale:(ty=1,shape=[]),/lr_branch/backbone/features.11/conv/conv.6/Conv_output_0_zero_point:(ty=2,shape=[])]", "device": "NPU"}, {"output": ["onnx::Conv_759_DequantizeLinear_Output"], "input": ["onnx::Conv_759_quantized", "onnx::Conv_696_scale", "onnx::Conv_759_zero_point"], "opType": "DequantizeLinear", "comment": "@75 [onnx::Conv_759_DequantizeLinear_Output:(ty=1,shape=[576])] DequantizeLinear [onnx::Conv_759_quantized:(ty=3,shape=[576]),onnx::Conv_696_scale:(ty=1,shape=[]),onnx::Conv_759_zero_point:(ty=3,shape=[])]", "device": "NPU"}, {"output": ["onnx::Conv_758_DequantizeLinear_Output"], "input": ["onnx::Conv_758_quantized", "f_branch.conv_f2x.0.weight_scale", "onnx::Conv_758_zero_point"], "opType": "DequantizeLinear", "comment": "@74 [onnx::Conv_758_DequantizeLinear_Output:(ty=1,shape=[576,96,1,1])] DequantizeLinear [onnx::Conv_758_quantized:(ty=3,shape=[576,96,1,1]),f_branch.conv_f2x.0.weight_scale:(ty=1,shape=[]),onnx::Conv_758_zero_point:(ty=3,shape=[])]", "device": "NPU"}, {"output": ["/lr_branch/backbone/features.12/conv/conv.0/Conv_output_0"], "input": ["/lr_branch/backbone/features.11/conv/conv.6/Conv_output_0_DequantizeLinear_Output", "onnx::Conv_758_DequantizeLinear_Output", "onnx::Conv_759_DequantizeLinear_Output"], "opType": "Conv", "comment": "@307 [/lr_branch/backbone/features.12/conv/conv.0/Conv_output_0:(ty=1,shape=[1,576,32,32])] Conv [/lr_branch/backbone/features.11/conv/conv.6/Conv_output_0_DequantizeLinear_Output:(ty=1,shape=[1,96,32,32]),onnx::Conv_758_DequantizeLinear_Output:(ty=1,shape=[576,96,1,1]),onnx::Conv_759_DequantizeLinear_Output:(ty=1,shape=[576])]", "device": "NPU"}, {"output": ["/lr_branch/backbone/features.12/conv/conv.2/Clip_output_0"], "input": ["/lr_branch/backbone/features.12/conv/conv.0/Conv_output_0", "/lr_branch/backbone/features.0/features.0.2/Constant_output_0", "/lr_branch/backbone/features.0/features.0.2/Constant_1_output_0"], "opType": "Clip", "comment": "@308 [/lr_branch/backbone/features.12/conv/conv.2/Clip_output_0:(ty=1,shape=[1,576,32,32])] Clip [/lr_branch/backbone/features.12/conv/conv.0/Conv_output_0:(ty=1,shape=[1,576,32,32]),/lr_branch/backbone/features.0/features.0.2/Constant_output_0:(ty=1,shape=[]),/lr_branch/backbone/features.0/features.0.2/Constant_1_output_0:(ty=1,shape=[])]", "device": "NPU"}, {"output": ["/lr_branch/backbone/features.12/conv/conv.2/Clip_output_0_QuantizeLinear_Output"], "input": ["/lr_branch/backbone/features.12/conv/conv.2/Clip_output_0", "hr_branch.conv_hr2x.4.bias_scale", "/lr_branch/backbone/features.12/conv/conv.2/Clip_output_0_zero_point"], "opType": "QuantizeLinear", "comment": "@309 [/lr_branch/backbone/features.12/conv/conv.2/Clip_output_0_QuantizeLinear_Output:(ty=2,shape=[1,576,32,32])] QuantizeLinear [/lr_branch/backbone/features.12/conv/conv.2/Clip_output_0:(ty=1,shape=[1,576,32,32]),hr_branch.conv_hr2x.4.bias_scale:(ty=1,shape=[]),/lr_branch/backbone/features.12/conv/conv.2/Clip_output_0_zero_point:(ty=2,shape=[])]", "device": "NPU"}, {"output": ["/lr_branch/backbone/features.12/conv/conv.2/Clip_output_0_DequantizeLinear_Output"], "input": ["/lr_branch/backbone/features.12/conv/conv.2/Clip_output_0_QuantizeLinear_Output", "hr_branch.conv_hr2x.4.bias_scale", "/lr_branch/backbone/features.12/conv/conv.2/Clip_output_0_zero_point"], "opType": "DequantizeLinear", "comment": "@310 [/lr_branch/backbone/features.12/conv/conv.2/Clip_output_0_DequantizeLinear_Output:(ty=1,shape=[1,576,32,32])] DequantizeLinear [/lr_branch/backbone/features.12/conv/conv.2/Clip_output_0_QuantizeLinear_Output:(ty=2,shape=[1,576,32,32]),hr_branch.conv_hr2x.4.bias_scale:(ty=1,shape=[]),/lr_branch/backbone/features.12/conv/conv.2/Clip_output_0_zero_point:(ty=2,shape=[])]", "device": "NPU"}, {"output": ["onnx::Conv_762_DequantizeLinear_Output"], "input": ["onnx::Conv_762_quantized", "hr_branch.conv_hr2x.4.bias_scale", "onnx::Conv_762_zero_point"], "opType": "DequantizeLinear", "comment": "@77 [onnx::Conv_762_DequantizeLinear_Output:(ty=1,shape=[576])] DequantizeLinear [onnx::Conv_762_quantized:(ty=3,shape=[576]),hr_branch.conv_hr2x.4.bias_scale:(ty=1,shape=[]),onnx::Conv_762_zero_point:(ty=3,shape=[])]", "device": "NPU"}, {"output": ["onnx::Conv_761_DequantizeLinear_Output"], "input": ["onnx::Conv_761_quantized", "/lr_branch/backbone/features.2/conv/conv.5/Clip_output_0_scale", "onnx::Conv_761_zero_point"], "opType": "DequantizeLinear", "comment": "@76 [onnx::Conv_761_DequantizeLinear_Output:(ty=1,shape=[576,1,3,3])] DequantizeLinear [onnx::Conv_761_quantized:(ty=3,shape=[576,1,3,3]),/lr_branch/backbone/features.2/conv/conv.5/Clip_output_0_scale:(ty=1,shape=[]),onnx::Conv_761_zero_point:(ty=3,shape=[])]", "device": "NPU"}, {"output": ["/lr_branch/backbone/features.12/conv/conv.3/Conv_output_0"], "input": ["/lr_branch/backbone/features.12/conv/conv.2/Clip_output_0_DequantizeLinear_Output", "onnx::Conv_761_DequantizeLinear_Output", "onnx::Conv_762_DequantizeLinear_Output"], "opType": "Conv", "comment": "@311 [/lr_branch/backbone/features.12/conv/conv.3/Conv_output_0:(ty=1,shape=[1,576,32,32])] Conv [/lr_branch/backbone/features.12/conv/conv.2/Clip_output_0_DequantizeLinear_Output:(ty=1,shape=[1,576,32,32]),onnx::Conv_761_DequantizeLinear_Output:(ty=1,shape=[576,1,3,3]),onnx::Conv_762_DequantizeLinear_Output:(ty=1,shape=[576])]", "device": "NPU"}, {"output": ["/lr_branch/backbone/features.12/conv/conv.5/Clip_output_0"], "input": ["/lr_branch/backbone/features.12/conv/conv.3/Conv_output_0", "/lr_branch/backbone/features.0/features.0.2/Constant_output_0", "/lr_branch/backbone/features.0/features.0.2/Constant_1_output_0"], "opType": "Clip", "comment": "@312 [/lr_branch/backbone/features.12/conv/conv.5/Clip_output_0:(ty=1,shape=[1,576,32,32])] Clip [/lr_branch/backbone/features.12/conv/conv.3/Conv_output_0:(ty=1,shape=[1,576,32,32]),/lr_branch/backbone/features.0/features.0.2/Constant_output_0:(ty=1,shape=[]),/lr_branch/backbone/features.0/features.0.2/Constant_1_output_0:(ty=1,shape=[])]", "device": "NPU"}, {"output": ["/lr_branch/backbone/features.12/conv/conv.5/Clip_output_0_QuantizeLinear_Output"], "input": ["/lr_branch/backbone/features.12/conv/conv.5/Clip_output_0", "onnx::Conv_683_scale", "/lr_branch/backbone/features.12/conv/conv.5/Clip_output_0_zero_point"], "opType": "QuantizeLinear", "comment": "@313 [/lr_branch/backbone/features.12/conv/conv.5/Clip_output_0_QuantizeLinear_Output:(ty=2,shape=[1,576,32,32])] QuantizeLinear [/lr_branch/backbone/features.12/conv/conv.5/Clip_output_0:(ty=1,shape=[1,576,32,32]),onnx::Conv_683_scale:(ty=1,shape=[]),/lr_branch/backbone/features.12/conv/conv.5/Clip_output_0_zero_point:(ty=2,shape=[])]", "device": "NPU"}, {"output": ["/lr_branch/backbone/features.12/conv/conv.5/Clip_output_0_DequantizeLinear_Output"], "input": ["/lr_branch/backbone/features.12/conv/conv.5/Clip_output_0_QuantizeLinear_Output", "onnx::Conv_683_scale", "/lr_branch/backbone/features.12/conv/conv.5/Clip_output_0_zero_point"], "opType": "DequantizeLinear", "comment": "@314 [/lr_branch/backbone/features.12/conv/conv.5/Clip_output_0_DequantizeLinear_Output:(ty=1,shape=[1,576,32,32])] DequantizeLinear [/lr_branch/backbone/features.12/conv/conv.5/Clip_output_0_QuantizeLinear_Output:(ty=2,shape=[1,576,32,32]),onnx::Conv_683_scale:(ty=1,shape=[]),/lr_branch/backbone/features.12/conv/conv.5/Clip_output_0_zero_point:(ty=2,shape=[])]", "device": "NPU"}, {"output": ["onnx::Conv_765_DequantizeLinear_Output"], "input": ["onnx::Conv_765_quantized", "onnx::Conv_683_scale", "onnx::Conv_765_zero_point"], "opType": "DequantizeLinear", "comment": "@79 [onnx::Conv_765_DequantizeLinear_Output:(ty=1,shape=[96])] DequantizeLinear [onnx::Conv_765_quantized:(ty=3,shape=[96]),onnx::Conv_683_scale:(ty=1,shape=[]),onnx::Conv_765_zero_point:(ty=3,shape=[])]", "device": "NPU"}, {"output": ["onnx::Conv_764_DequantizeLinear_Output"], "input": ["onnx::Conv_764_quantized", "onnx::Conv_696_scale", "onnx::Conv_764_zero_point"], "opType": "DequantizeLinear", "comment": "@78 [onnx::Conv_764_DequantizeLinear_Output:(ty=1,shape=[96,576,1,1])] DequantizeLinear [onnx::Conv_764_quantized:(ty=3,shape=[96,576,1,1]),onnx::Conv_696_scale:(ty=1,shape=[]),onnx::Conv_764_zero_point:(ty=3,shape=[])]", "device": "NPU"}, {"output": ["/lr_branch/backbone/features.12/conv/conv.6/Conv_output_0"], "input": ["/lr_branch/backbone/features.12/conv/conv.5/Clip_output_0_DequantizeLinear_Output", "onnx::Conv_764_DequantizeLinear_Output", "onnx::Conv_765_DequantizeLinear_Output"], "opType": "Conv", "comment": "@315 [/lr_branch/backbone/features.12/conv/conv.6/Conv_output_0:(ty=1,shape=[1,96,32,32])] Conv [/lr_branch/backbone/features.12/conv/conv.5/Clip_output_0_DequantizeLinear_Output:(ty=1,shape=[1,576,32,32]),onnx::Conv_764_DequantizeLinear_Output:(ty=1,shape=[96,576,1,1]),onnx::Conv_765_DequantizeLinear_Output:(ty=1,shape=[96])]", "device": "NPU"}, {"output": ["/lr_branch/backbone/features.12/conv/conv.6/Conv_output_0_QuantizeLinear_Output"], "input": ["/lr_branch/backbone/features.12/conv/conv.6/Conv_output_0", "onnx::Conv_683_scale", "/lr_branch/backbone/features.12/conv/conv.6/Conv_output_0_zero_point"], "opType": "QuantizeLinear", "comment": "@316 [/lr_branch/backbone/features.12/conv/conv.6/Conv_output_0_QuantizeLinear_Output:(ty=2,shape=[1,96,32,32])] QuantizeLinear [/lr_branch/backbone/features.12/conv/conv.6/Conv_output_0:(ty=1,shape=[1,96,32,32]),onnx::Conv_683_scale:(ty=1,shape=[]),/lr_branch/backbone/features.12/conv/conv.6/Conv_output_0_zero_point:(ty=2,shape=[])]", "device": "NPU"}, {"output": ["/lr_branch/backbone/features.12/conv/conv.6/Conv_output_0_DequantizeLinear_Output"], "input": ["/lr_branch/backbone/features.12/conv/conv.6/Conv_output_0_QuantizeLinear_Output", "onnx::Conv_683_scale", "/lr_branch/backbone/features.12/conv/conv.6/Conv_output_0_zero_point"], "opType": "DequantizeLinear", "comment": "@317 [/lr_branch/backbone/features.12/conv/conv.6/Conv_output_0_DequantizeLinear_Output:(ty=1,shape=[1,96,32,32])] DequantizeLinear [/lr_branch/backbone/features.12/conv/conv.6/Conv_output_0_QuantizeLinear_Output:(ty=2,shape=[1,96,32,32]),onnx::Conv_683_scale:(ty=1,shape=[]),/lr_branch/backbone/features.12/conv/conv.6/Conv_output_0_zero_point:(ty=2,shape=[])]", "device": "NPU"}, {"output": ["/lr_branch/backbone/features.12/Add_output_0"], "input": ["/lr_branch/backbone/features.11/conv/conv.6/Conv_output_0_DequantizeLinear_Output/duplicated", "/lr_branch/backbone/features.12/conv/conv.6/Conv_output_0_DequantizeLinear_Output"], "opType": "Add", "comment": "@318 [/lr_branch/backbone/features.12/Add_output_0:(ty=1,shape=[1,96,32,32])] Add [/lr_branch/backbone/features.11/conv/conv.6/Conv_output_0_DequantizeLinear_Output/duplicated:(ty=1,shape=[1,96,32,32]),/lr_branch/backbone/features.12/conv/conv.6/Conv_output_0_DequantizeLinear_Output:(ty=1,shape=[1,96,32,32])]", "device": "NPU"}, {"output": ["/lr_branch/backbone/features.12/Add_output_0_QuantizeLinear_Output"], "input": ["/lr_branch/backbone/features.12/Add_output_0", "onnx::Conv_672_scale", "/lr_branch/backbone/features.12/Add_output_0_zero_point"], "opType": "QuantizeLinear", "comment": "@319 [/lr_branch/backbone/features.12/Add_output_0_QuantizeLinear_Output:(ty=2,shape=[1,96,32,32])] QuantizeLinear [/lr_branch/backbone/features.12/Add_output_0:(ty=1,shape=[1,96,32,32]),onnx::Conv_672_scale:(ty=1,shape=[]),/lr_branch/backbone/features.12/Add_output_0_zero_point:(ty=2,shape=[])]", "device": "NPU"}, {"output": ["/lr_branch/backbone/features.12/Add_output_0_DequantizeLinear_Output/duplicated"], "input": ["/lr_branch/backbone/features.12/Add_output_0_QuantizeLinear_Output", "onnx::Conv_672_scale", "/lr_branch/backbone/features.12/Add_output_0_zero_point"], "opType": "DequantizeLinear", "comment": "@502 [/lr_branch/backbone/features.12/Add_output_0_DequantizeLinear_Output/duplicated:(ty=1,shape=[1,96,32,32])] DequantizeLinear [/lr_branch/backbone/features.12/Add_output_0_QuantizeLinear_Output:(ty=2,shape=[1,96,32,32]),onnx::Conv_672_scale:(ty=1,shape=[]),/lr_branch/backbone/features.12/Add_output_0_zero_point:(ty=2,shape=[])]", "device": "NPU"}, {"output": ["/lr_branch/backbone/features.12/Add_output_0_DequantizeLinear_Output"], "input": ["/lr_branch/backbone/features.12/Add_output_0_QuantizeLinear_Output", "onnx::Conv_672_scale", "/lr_branch/backbone/features.12/Add_output_0_zero_point"], "opType": "DequantizeLinear", "comment": "@320 [/lr_branch/backbone/features.12/Add_output_0_DequantizeLinear_Output:(ty=1,shape=[1,96,32,32])] DequantizeLinear [/lr_branch/backbone/features.12/Add_output_0_QuantizeLinear_Output:(ty=2,shape=[1,96,32,32]),onnx::Conv_672_scale:(ty=1,shape=[]),/lr_branch/backbone/features.12/Add_output_0_zero_point:(ty=2,shape=[])]", "device": "NPU"}, {"output": ["onnx::Conv_768_DequantizeLinear_Output"], "input": ["onnx::Conv_768_quantized", "hr_branch.conv_hr2x.4.bias_scale", "onnx::Conv_768_zero_point"], "opType": "DequantizeLinear", "comment": "@81 [onnx::Conv_768_DequantizeLinear_Output:(ty=1,shape=[576])] DequantizeLinear [onnx::Conv_768_quantized:(ty=3,shape=[576]),hr_branch.conv_hr2x.4.bias_scale:(ty=1,shape=[]),onnx::Conv_768_zero_point:(ty=3,shape=[])]", "device": "NPU"}, {"output": ["onnx::Conv_767_DequantizeLinear_Output"], "input": ["onnx::Conv_767_quantized", "onnx::Conv_722_scale", "onnx::Conv_767_zero_point"], "opType": "DequantizeLinear", "comment": "@80 [onnx::Conv_767_DequantizeLinear_Output:(ty=1,shape=[576,96,1,1])] DequantizeLinear [onnx::Conv_767_quantized:(ty=3,shape=[576,96,1,1]),onnx::Conv_722_scale:(ty=1,shape=[]),onnx::Conv_767_zero_point:(ty=3,shape=[])]", "device": "NPU"}, {"output": ["/lr_branch/backbone/features.13/conv/conv.0/Conv_output_0"], "input": ["/lr_branch/backbone/features.12/Add_output_0_DequantizeLinear_Output", "onnx::Conv_767_DequantizeLinear_Output", "onnx::Conv_768_DequantizeLinear_Output"], "opType": "Conv", "comment": "@321 [/lr_branch/backbone/features.13/conv/conv.0/Conv_output_0:(ty=1,shape=[1,576,32,32])] Conv [/lr_branch/backbone/features.12/Add_output_0_DequantizeLinear_Output:(ty=1,shape=[1,96,32,32]),onnx::Conv_767_DequantizeLinear_Output:(ty=1,shape=[576,96,1,1]),onnx::Conv_768_DequantizeLinear_Output:(ty=1,shape=[576])]", "device": "NPU"}, {"output": ["/lr_branch/backbone/features.13/conv/conv.2/Clip_output_0"], "input": ["/lr_branch/backbone/features.13/conv/conv.0/Conv_output_0", "/lr_branch/backbone/features.0/features.0.2/Constant_output_0", "/lr_branch/backbone/features.0/features.0.2/Constant_1_output_0"], "opType": "Clip", "comment": "@322 [/lr_branch/backbone/features.13/conv/conv.2/Clip_output_0:(ty=1,shape=[1,576,32,32])] Clip [/lr_branch/backbone/features.13/conv/conv.0/Conv_output_0:(ty=1,shape=[1,576,32,32]),/lr_branch/backbone/features.0/features.0.2/Constant_output_0:(ty=1,shape=[]),/lr_branch/backbone/features.0/features.0.2/Constant_1_output_0:(ty=1,shape=[])]", "device": "NPU"}, {"output": ["/lr_branch/backbone/features.13/conv/conv.2/Clip_output_0_QuantizeLinear_Output"], "input": ["/lr_branch/backbone/features.13/conv/conv.2/Clip_output_0", "hr_branch.conv_hr2x.4.bias_scale", "/lr_branch/backbone/features.13/conv/conv.2/Clip_output_0_zero_point"], "opType": "QuantizeLinear", "comment": "@323 [/lr_branch/backbone/features.13/conv/conv.2/Clip_output_0_QuantizeLinear_Output:(ty=2,shape=[1,576,32,32])] QuantizeLinear [/lr_branch/backbone/features.13/conv/conv.2/Clip_output_0:(ty=1,shape=[1,576,32,32]),hr_branch.conv_hr2x.4.bias_scale:(ty=1,shape=[]),/lr_branch/backbone/features.13/conv/conv.2/Clip_output_0_zero_point:(ty=2,shape=[])]", "device": "NPU"}, {"output": ["/lr_branch/backbone/features.13/conv/conv.2/Clip_output_0_DequantizeLinear_Output"], "input": ["/lr_branch/backbone/features.13/conv/conv.2/Clip_output_0_QuantizeLinear_Output", "hr_branch.conv_hr2x.4.bias_scale", "/lr_branch/backbone/features.13/conv/conv.2/Clip_output_0_zero_point"], "opType": "DequantizeLinear", "comment": "@324 [/lr_branch/backbone/features.13/conv/conv.2/Clip_output_0_DequantizeLinear_Output:(ty=1,shape=[1,576,32,32])] DequantizeLinear [/lr_branch/backbone/features.13/conv/conv.2/Clip_output_0_QuantizeLinear_Output:(ty=2,shape=[1,576,32,32]),hr_branch.conv_hr2x.4.bias_scale:(ty=1,shape=[]),/lr_branch/backbone/features.13/conv/conv.2/Clip_output_0_zero_point:(ty=2,shape=[])]", "device": "NPU"}, {"output": ["onnx::Conv_771_DequantizeLinear_Output"], "input": ["onnx::Conv_771_quantized", "onnx::Conv_683_scale", "onnx::Conv_771_zero_point"], "opType": "DequantizeLinear", "comment": "@83 [onnx::Conv_771_DequantizeLinear_Output:(ty=1,shape=[576])] DequantizeLinear [onnx::Conv_771_quantized:(ty=3,shape=[576]),onnx::Conv_683_scale:(ty=1,shape=[]),onnx::Conv_771_zero_point:(ty=3,shape=[])]", "device": "NPU"}, {"output": ["onnx::Conv_770_DequantizeLinear_Output"], "input": ["onnx::Conv_770_quantized", "/lr_branch/backbone/features.2/conv/conv.5/Clip_output_0_scale", "onnx::Conv_770_zero_point"], "opType": "DequantizeLinear", "comment": "@82 [onnx::Conv_770_DequantizeLinear_Output:(ty=1,shape=[576,1,3,3])] DequantizeLinear [onnx::Conv_770_quantized:(ty=3,shape=[576,1,3,3]),/lr_branch/backbone/features.2/conv/conv.5/Clip_output_0_scale:(ty=1,shape=[]),onnx::Conv_770_zero_point:(ty=3,shape=[])]", "device": "NPU"}, {"output": ["/lr_branch/backbone/features.13/conv/conv.3/Conv_output_0"], "input": ["/lr_branch/backbone/features.13/conv/conv.2/Clip_output_0_DequantizeLinear_Output", "onnx::Conv_770_DequantizeLinear_Output", "onnx::Conv_771_DequantizeLinear_Output"], "opType": "Conv", "comment": "@325 [/lr_branch/backbone/features.13/conv/conv.3/Conv_output_0:(ty=1,shape=[1,576,32,32])] Conv [/lr_branch/backbone/features.13/conv/conv.2/Clip_output_0_DequantizeLinear_Output:(ty=1,shape=[1,576,32,32]),onnx::Conv_770_DequantizeLinear_Output:(ty=1,shape=[576,1,3,3]),onnx::Conv_771_DequantizeLinear_Output:(ty=1,shape=[576])]", "device": "NPU"}, {"output": ["/lr_branch/backbone/features.13/conv/conv.5/Clip_output_0"], "input": ["/lr_branch/backbone/features.13/conv/conv.3/Conv_output_0", "/lr_branch/backbone/features.0/features.0.2/Constant_output_0", "/lr_branch/backbone/features.0/features.0.2/Constant_1_output_0"], "opType": "Clip", "comment": "@326 [/lr_branch/backbone/features.13/conv/conv.5/Clip_output_0:(ty=1,shape=[1,576,32,32])] Clip [/lr_branch/backbone/features.13/conv/conv.3/Conv_output_0:(ty=1,shape=[1,576,32,32]),/lr_branch/backbone/features.0/features.0.2/Constant_output_0:(ty=1,shape=[]),/lr_branch/backbone/features.0/features.0.2/Constant_1_output_0:(ty=1,shape=[])]", "device": "NPU"}, {"output": ["/lr_branch/backbone/features.13/conv/conv.5/Clip_output_0_QuantizeLinear_Output"], "input": ["/lr_branch/backbone/features.13/conv/conv.5/Clip_output_0", "onnx::Conv_672_scale", "/lr_branch/backbone/features.13/conv/conv.5/Clip_output_0_zero_point"], "opType": "QuantizeLinear", "comment": "@327 [/lr_branch/backbone/features.13/conv/conv.5/Clip_output_0_QuantizeLinear_Output:(ty=2,shape=[1,576,32,32])] QuantizeLinear [/lr_branch/backbone/features.13/conv/conv.5/Clip_output_0:(ty=1,shape=[1,576,32,32]),onnx::Conv_672_scale:(ty=1,shape=[]),/lr_branch/backbone/features.13/conv/conv.5/Clip_output_0_zero_point:(ty=2,shape=[])]", "device": "NPU"}, {"output": ["/lr_branch/backbone/features.13/conv/conv.5/Clip_output_0_DequantizeLinear_Output"], "input": ["/lr_branch/backbone/features.13/conv/conv.5/Clip_output_0_QuantizeLinear_Output", "onnx::Conv_672_scale", "/lr_branch/backbone/features.13/conv/conv.5/Clip_output_0_zero_point"], "opType": "DequantizeLinear", "comment": "@328 [/lr_branch/backbone/features.13/conv/conv.5/Clip_output_0_DequantizeLinear_Output:(ty=1,shape=[1,576,32,32])] DequantizeLinear [/lr_branch/backbone/features.13/conv/conv.5/Clip_output_0_QuantizeLinear_Output:(ty=2,shape=[1,576,32,32]),onnx::Conv_672_scale:(ty=1,shape=[]),/lr_branch/backbone/features.13/conv/conv.5/Clip_output_0_zero_point:(ty=2,shape=[])]", "device": "NPU"}, {"output": ["onnx::Conv_774_DequantizeLinear_Output"], "input": ["onnx::Conv_774_quantized", "onnx::Conv_683_scale", "onnx::Conv_774_zero_point"], "opType": "DequantizeLinear", "comment": "@85 [onnx::Conv_774_DequantizeLinear_Output:(ty=1,shape=[96])] DequantizeLinear [onnx::Conv_774_quantized:(ty=3,shape=[96]),onnx::Conv_683_scale:(ty=1,shape=[]),onnx::Conv_774_zero_point:(ty=3,shape=[])]", "device": "NPU"}, {"output": ["onnx::Conv_773_DequantizeLinear_Output"], "input": ["onnx::Conv_773_quantized", "hr_branch.conv_hr2x.4.bias_scale", "onnx::Conv_773_zero_point"], "opType": "DequantizeLinear", "comment": "@84 [onnx::Conv_773_DequantizeLinear_Output:(ty=1,shape=[96,576,1,1])] DequantizeLinear [onnx::Conv_773_quantized:(ty=3,shape=[96,576,1,1]),hr_branch.conv_hr2x.4.bias_scale:(ty=1,shape=[]),onnx::Conv_773_zero_point:(ty=3,shape=[])]", "device": "NPU"}, {"output": ["/lr_branch/backbone/features.13/conv/conv.6/Conv_output_0"], "input": ["/lr_branch/backbone/features.13/conv/conv.5/Clip_output_0_DequantizeLinear_Output", "onnx::Conv_773_DequantizeLinear_Output", "onnx::Conv_774_DequantizeLinear_Output"], "opType": "Conv", "comment": "@329 [/lr_branch/backbone/features.13/conv/conv.6/Conv_output_0:(ty=1,shape=[1,96,32,32])] Conv [/lr_branch/backbone/features.13/conv/conv.5/Clip_output_0_DequantizeLinear_Output:(ty=1,shape=[1,576,32,32]),onnx::Conv_773_DequantizeLinear_Output:(ty=1,shape=[96,576,1,1]),onnx::Conv_774_DequantizeLinear_Output:(ty=1,shape=[96])]", "device": "NPU"}, {"output": ["/lr_branch/backbone/features.13/conv/conv.6/Conv_output_0_QuantizeLinear_Output"], "input": ["/lr_branch/backbone/features.13/conv/conv.6/Conv_output_0", "/lr_branch/backbone/features.2/conv/conv.5/Clip_output_0_scale", "/lr_branch/backbone/features.13/conv/conv.6/Conv_output_0_zero_point"], "opType": "QuantizeLinear", "comment": "@330 [/lr_branch/backbone/features.13/conv/conv.6/Conv_output_0_QuantizeLinear_Output:(ty=2,shape=[1,96,32,32])] QuantizeLinear [/lr_branch/backbone/features.13/conv/conv.6/Conv_output_0:(ty=1,shape=[1,96,32,32]),/lr_branch/backbone/features.2/conv/conv.5/Clip_output_0_scale:(ty=1,shape=[]),/lr_branch/backbone/features.13/conv/conv.6/Conv_output_0_zero_point:(ty=2,shape=[])]", "device": "NPU"}, {"output": ["/lr_branch/backbone/features.13/conv/conv.6/Conv_output_0_DequantizeLinear_Output"], "input": ["/lr_branch/backbone/features.13/conv/conv.6/Conv_output_0_QuantizeLinear_Output", "/lr_branch/backbone/features.2/conv/conv.5/Clip_output_0_scale", "/lr_branch/backbone/features.13/conv/conv.6/Conv_output_0_zero_point"], "opType": "DequantizeLinear", "comment": "@331 [/lr_branch/backbone/features.13/conv/conv.6/Conv_output_0_DequantizeLinear_Output:(ty=1,shape=[1,96,32,32])] DequantizeLinear [/lr_branch/backbone/features.13/conv/conv.6/Conv_output_0_QuantizeLinear_Output:(ty=2,shape=[1,96,32,32]),/lr_branch/backbone/features.2/conv/conv.5/Clip_output_0_scale:(ty=1,shape=[]),/lr_branch/backbone/features.13/conv/conv.6/Conv_output_0_zero_point:(ty=2,shape=[])]", "device": "NPU"}, {"output": ["/lr_branch/backbone/features.13/Add_output_0"], "input": ["/lr_branch/backbone/features.12/Add_output_0_DequantizeLinear_Output/duplicated", "/lr_branch/backbone/features.13/conv/conv.6/Conv_output_0_DequantizeLinear_Output"], "opType": "Add", "comment": "@332 [/lr_branch/backbone/features.13/Add_output_0:(ty=1,shape=[1,96,32,32])] Add [/lr_branch/backbone/features.12/Add_output_0_DequantizeLinear_Output/duplicated:(ty=1,shape=[1,96,32,32]),/lr_branch/backbone/features.13/conv/conv.6/Conv_output_0_DequantizeLinear_Output:(ty=1,shape=[1,96,32,32])]", "device": "NPU"}, {"output": ["/lr_branch/backbone/features.13/Add_output_0_QuantizeLinear_Output"], "input": ["/lr_branch/backbone/features.13/Add_output_0", "/lr_branch/backbone/features.2/conv/conv.5/Clip_output_0_scale", "/lr_branch/backbone/features.13/Add_output_0_zero_point"], "opType": "QuantizeLinear", "comment": "@333 [/lr_branch/backbone/features.13/Add_output_0_QuantizeLinear_Output:(ty=2,shape=[1,96,32,32])] QuantizeLinear [/lr_branch/backbone/features.13/Add_output_0:(ty=1,shape=[1,96,32,32]),/lr_branch/backbone/features.2/conv/conv.5/Clip_output_0_scale:(ty=1,shape=[]),/lr_branch/backbone/features.13/Add_output_0_zero_point:(ty=2,shape=[])]", "device": "NPU"}, {"output": ["/lr_branch/backbone/features.13/Add_output_0_DequantizeLinear_Output"], "input": ["/lr_branch/backbone/features.13/Add_output_0_QuantizeLinear_Output", "/lr_branch/backbone/features.2/conv/conv.5/Clip_output_0_scale", "/lr_branch/backbone/features.13/Add_output_0_zero_point"], "opType": "DequantizeLinear", "comment": "@334 [/lr_branch/backbone/features.13/Add_output_0_DequantizeLinear_Output:(ty=1,shape=[1,96,32,32])] DequantizeLinear [/lr_branch/backbone/features.13/Add_output_0_QuantizeLinear_Output:(ty=2,shape=[1,96,32,32]),/lr_branch/backbone/features.2/conv/conv.5/Clip_output_0_scale:(ty=1,shape=[]),/lr_branch/backbone/features.13/Add_output_0_zero_point:(ty=2,shape=[])]", "device": "NPU"}, {"output": ["onnx::Conv_777_DequantizeLinear_Output"], "input": ["onnx::Conv_777_quantized", "hr_branch.conv_hr2x.4.bias_scale", "onnx::Conv_777_zero_point"], "opType": "DequantizeLinear", "comment": "@87 [onnx::Conv_777_DequantizeLinear_Output:(ty=1,shape=[576])] DequantizeLinear [onnx::Conv_777_quantized:(ty=3,shape=[576]),hr_branch.conv_hr2x.4.bias_scale:(ty=1,shape=[]),onnx::Conv_777_zero_point:(ty=3,shape=[])]", "device": "NPU"}, {"output": ["onnx::Conv_776_DequantizeLinear_Output"], "input": ["onnx::Conv_776_quantized", "onnx::Conv_722_scale", "onnx::Conv_776_zero_point"], "opType": "DequantizeLinear", "comment": "@86 [onnx::Conv_776_DequantizeLinear_Output:(ty=1,shape=[576,96,1,1])] DequantizeLinear [onnx::Conv_776_quantized:(ty=3,shape=[576,96,1,1]),onnx::Conv_722_scale:(ty=1,shape=[]),onnx::Conv_776_zero_point:(ty=3,shape=[])]", "device": "NPU"}, {"output": ["/lr_branch/backbone/features.14/conv/conv.0/Conv_output_0"], "input": ["/lr_branch/backbone/features.13/Add_output_0_DequantizeLinear_Output", "onnx::Conv_776_DequantizeLinear_Output", "onnx::Conv_777_DequantizeLinear_Output"], "opType": "Conv", "comment": "@335 [/lr_branch/backbone/features.14/conv/conv.0/Conv_output_0:(ty=1,shape=[1,576,32,32])] Conv [/lr_branch/backbone/features.13/Add_output_0_DequantizeLinear_Output:(ty=1,shape=[1,96,32,32]),onnx::Conv_776_DequantizeLinear_Output:(ty=1,shape=[576,96,1,1]),onnx::Conv_777_DequantizeLinear_Output:(ty=1,shape=[576])]", "device": "NPU"}, {"output": ["/lr_branch/backbone/features.14/conv/conv.2/Clip_output_0"], "input": ["/lr_branch/backbone/features.14/conv/conv.0/Conv_output_0", "/lr_branch/backbone/features.0/features.0.2/Constant_output_0", "/lr_branch/backbone/features.0/features.0.2/Constant_1_output_0"], "opType": "Clip", "comment": "@336 [/lr_branch/backbone/features.14/conv/conv.2/Clip_output_0:(ty=1,shape=[1,576,32,32])] Clip [/lr_branch/backbone/features.14/conv/conv.0/Conv_output_0:(ty=1,shape=[1,576,32,32]),/lr_branch/backbone/features.0/features.0.2/Constant_output_0:(ty=1,shape=[]),/lr_branch/backbone/features.0/features.0.2/Constant_1_output_0:(ty=1,shape=[])]", "device": "NPU"}, {"output": ["/lr_branch/backbone/features.14/conv/conv.2/Clip_output_0_QuantizeLinear_Output"], "input": ["/lr_branch/backbone/features.14/conv/conv.2/Clip_output_0", "onnx::Conv_683_scale", "/lr_branch/backbone/features.14/conv/conv.2/Clip_output_0_zero_point"], "opType": "QuantizeLinear", "comment": "@337 [/lr_branch/backbone/features.14/conv/conv.2/Clip_output_0_QuantizeLinear_Output:(ty=2,shape=[1,576,32,32])] QuantizeLinear [/lr_branch/backbone/features.14/conv/conv.2/Clip_output_0:(ty=1,shape=[1,576,32,32]),onnx::Conv_683_scale:(ty=1,shape=[]),/lr_branch/backbone/features.14/conv/conv.2/Clip_output_0_zero_point:(ty=2,shape=[])]", "device": "NPU"}, {"output": ["/lr_branch/backbone/features.14/conv/conv.2/Clip_output_0_DequantizeLinear_Output"], "input": ["/lr_branch/backbone/features.14/conv/conv.2/Clip_output_0_QuantizeLinear_Output", "onnx::Conv_683_scale", "/lr_branch/backbone/features.14/conv/conv.2/Clip_output_0_zero_point"], "opType": "DequantizeLinear", "comment": "@338 [/lr_branch/backbone/features.14/conv/conv.2/Clip_output_0_DequantizeLinear_Output:(ty=1,shape=[1,576,32,32])] DequantizeLinear [/lr_branch/backbone/features.14/conv/conv.2/Clip_output_0_QuantizeLinear_Output:(ty=2,shape=[1,576,32,32]),onnx::Conv_683_scale:(ty=1,shape=[]),/lr_branch/backbone/features.14/conv/conv.2/Clip_output_0_zero_point:(ty=2,shape=[])]", "device": "NPU"}, {"output": ["onnx::Conv_780_DequantizeLinear_Output"], "input": ["onnx::Conv_780_quantized", "onnx::Conv_683_scale", "onnx::Conv_780_zero_point"], "opType": "DequantizeLinear", "comment": "@89 [onnx::Conv_780_DequantizeLinear_Output:(ty=1,shape=[576])] DequantizeLinear [onnx::Conv_780_quantized:(ty=3,shape=[576]),onnx::Conv_683_scale:(ty=1,shape=[]),onnx::Conv_780_zero_point:(ty=3,shape=[])]", "device": "NPU"}, {"output": ["onnx::Conv_779_DequantizeLinear_Output"], "input": ["onnx::Conv_779_quantized", "/lr_branch/backbone/features.2/conv/conv.5/Clip_output_0_scale", "onnx::Conv_779_zero_point"], "opType": "DequantizeLinear", "comment": "@88 [onnx::Conv_779_DequantizeLinear_Output:(ty=1,shape=[576,1,3,3])] DequantizeLinear [onnx::Conv_779_quantized:(ty=3,shape=[576,1,3,3]),/lr_branch/backbone/features.2/conv/conv.5/Clip_output_0_scale:(ty=1,shape=[]),onnx::Conv_779_zero_point:(ty=3,shape=[])]", "device": "NPU"}, {"output": ["/lr_branch/backbone/features.14/conv/conv.3/Conv_output_0"], "input": ["/lr_branch/backbone/features.14/conv/conv.2/Clip_output_0_DequantizeLinear_Output", "onnx::Conv_779_DequantizeLinear_Output", "onnx::Conv_780_DequantizeLinear_Output"], "opType": "Conv", "comment": "@339 [/lr_branch/backbone/features.14/conv/conv.3/Conv_output_0:(ty=1,shape=[1,576,16,16])] Conv [/lr_branch/backbone/features.14/conv/conv.2/Clip_output_0_DequantizeLinear_Output:(ty=1,shape=[1,576,32,32]),onnx::Conv_779_DequantizeLinear_Output:(ty=1,shape=[576,1,3,3]),onnx::Conv_780_DequantizeLinear_Output:(ty=1,shape=[576])]", "device": "NPU"}, {"output": ["/lr_branch/backbone/features.14/conv/conv.5/Clip_output_0"], "input": ["/lr_branch/backbone/features.14/conv/conv.3/Conv_output_0", "/lr_branch/backbone/features.0/features.0.2/Constant_output_0", "/lr_branch/backbone/features.0/features.0.2/Constant_1_output_0"], "opType": "Clip", "comment": "@340 [/lr_branch/backbone/features.14/conv/conv.5/Clip_output_0:(ty=1,shape=[1,576,16,16])] Clip [/lr_branch/backbone/features.14/conv/conv.3/Conv_output_0:(ty=1,shape=[1,576,16,16]),/lr_branch/backbone/features.0/features.0.2/Constant_output_0:(ty=1,shape=[]),/lr_branch/backbone/features.0/features.0.2/Constant_1_output_0:(ty=1,shape=[])]", "device": "NPU"}, {"output": ["/lr_branch/backbone/features.14/conv/conv.5/Clip_output_0_QuantizeLinear_Output"], "input": ["/lr_branch/backbone/features.14/conv/conv.5/Clip_output_0", "onnx::Conv_672_scale", "/lr_branch/backbone/features.14/conv/conv.5/Clip_output_0_zero_point"], "opType": "QuantizeLinear", "comment": "@341 [/lr_branch/backbone/features.14/conv/conv.5/Clip_output_0_QuantizeLinear_Output:(ty=2,shape=[1,576,16,16])] QuantizeLinear [/lr_branch/backbone/features.14/conv/conv.5/Clip_output_0:(ty=1,shape=[1,576,16,16]),onnx::Conv_672_scale:(ty=1,shape=[]),/lr_branch/backbone/features.14/conv/conv.5/Clip_output_0_zero_point:(ty=2,shape=[])]", "device": "NPU"}, {"output": ["/lr_branch/backbone/features.14/conv/conv.5/Clip_output_0_DequantizeLinear_Output"], "input": ["/lr_branch/backbone/features.14/conv/conv.5/Clip_output_0_QuantizeLinear_Output", "onnx::Conv_672_scale", "/lr_branch/backbone/features.14/conv/conv.5/Clip_output_0_zero_point"], "opType": "DequantizeLinear", "comment": "@342 [/lr_branch/backbone/features.14/conv/conv.5/Clip_output_0_DequantizeLinear_Output:(ty=1,shape=[1,576,16,16])] DequantizeLinear [/lr_branch/backbone/features.14/conv/conv.5/Clip_output_0_QuantizeLinear_Output:(ty=2,shape=[1,576,16,16]),onnx::Conv_672_scale:(ty=1,shape=[]),/lr_branch/backbone/features.14/conv/conv.5/Clip_output_0_zero_point:(ty=2,shape=[])]", "device": "NPU"}, {"output": ["onnx::Conv_783_DequantizeLinear_Output"], "input": ["onnx::Conv_783_quantized", "hr_branch.conv_hr2x.4.bias_scale", "onnx::Conv_783_zero_point"], "opType": "DequantizeLinear", "comment": "@91 [onnx::Conv_783_DequantizeLinear_Output:(ty=1,shape=[160])] DequantizeLinear [onnx::Conv_783_quantized:(ty=3,shape=[160]),hr_branch.conv_hr2x.4.bias_scale:(ty=1,shape=[]),onnx::Conv_783_zero_point:(ty=3,shape=[])]", "device": "NPU"}, {"output": ["onnx::Conv_782_DequantizeLinear_Output"], "input": ["onnx::Conv_782_quantized", "f_branch.conv_f2x.0.weight_scale", "onnx::Conv_782_zero_point"], "opType": "DequantizeLinear", "comment": "@90 [onnx::Conv_782_DequantizeLinear_Output:(ty=1,shape=[160,576,1,1])] DequantizeLinear [onnx::Conv_782_quantized:(ty=3,shape=[160,576,1,1]),f_branch.conv_f2x.0.weight_scale:(ty=1,shape=[]),onnx::Conv_782_zero_point:(ty=3,shape=[])]", "device": "NPU"}, {"output": ["/lr_branch/backbone/features.14/conv/conv.6/Conv_output_0"], "input": ["/lr_branch/backbone/features.14/conv/conv.5/Clip_output_0_DequantizeLinear_Output", "onnx::Conv_782_DequantizeLinear_Output", "onnx::Conv_783_DequantizeLinear_Output"], "opType": "Conv", "comment": "@343 [/lr_branch/backbone/features.14/conv/conv.6/Conv_output_0:(ty=1,shape=[1,160,16,16])] Conv [/lr_branch/backbone/features.14/conv/conv.5/Clip_output_0_DequantizeLinear_Output:(ty=1,shape=[1,576,16,16]),onnx::Conv_782_DequantizeLinear_Output:(ty=1,shape=[160,576,1,1]),onnx::Conv_783_DequantizeLinear_Output:(ty=1,shape=[160])]", "device": "NPU"}, {"output": ["/lr_branch/backbone/features.14/conv/conv.6/Conv_output_0_QuantizeLinear_Output"], "input": ["/lr_branch/backbone/features.14/conv/conv.6/Conv_output_0", "/lr_branch/backbone/features.2/conv/conv.5/Clip_output_0_scale", "/lr_branch/backbone/features.14/conv/conv.6/Conv_output_0_zero_point"], "opType": "QuantizeLinear", "comment": "@344 [/lr_branch/backbone/features.14/conv/conv.6/Conv_output_0_QuantizeLinear_Output:(ty=2,shape=[1,160,16,16])] QuantizeLinear [/lr_branch/backbone/features.14/conv/conv.6/Conv_output_0:(ty=1,shape=[1,160,16,16]),/lr_branch/backbone/features.2/conv/conv.5/Clip_output_0_scale:(ty=1,shape=[]),/lr_branch/backbone/features.14/conv/conv.6/Conv_output_0_zero_point:(ty=2,shape=[])]", "device": "NPU"}, {"output": ["/lr_branch/backbone/features.14/conv/conv.6/Conv_output_0_DequantizeLinear_Output/duplicated"], "input": ["/lr_branch/backbone/features.14/conv/conv.6/Conv_output_0_QuantizeLinear_Output", "/lr_branch/backbone/features.2/conv/conv.5/Clip_output_0_scale", "/lr_branch/backbone/features.14/conv/conv.6/Conv_output_0_zero_point"], "opType": "DequantizeLinear", "comment": "@503 [/lr_branch/backbone/features.14/conv/conv.6/Conv_output_0_DequantizeLinear_Output/duplicated:(ty=1,shape=[1,160,16,16])] DequantizeLinear [/lr_branch/backbone/features.14/conv/conv.6/Conv_output_0_QuantizeLinear_Output:(ty=2,shape=[1,160,16,16]),/lr_branch/backbone/features.2/conv/conv.5/Clip_output_0_scale:(ty=1,shape=[]),/lr_branch/backbone/features.14/conv/conv.6/Conv_output_0_zero_point:(ty=2,shape=[])]", "device": "NPU"}, {"output": ["/lr_branch/backbone/features.14/conv/conv.6/Conv_output_0_DequantizeLinear_Output"], "input": ["/lr_branch/backbone/features.14/conv/conv.6/Conv_output_0_QuantizeLinear_Output", "/lr_branch/backbone/features.2/conv/conv.5/Clip_output_0_scale", "/lr_branch/backbone/features.14/conv/conv.6/Conv_output_0_zero_point"], "opType": "DequantizeLinear", "comment": "@345 [/lr_branch/backbone/features.14/conv/conv.6/Conv_output_0_DequantizeLinear_Output:(ty=1,shape=[1,160,16,16])] DequantizeLinear [/lr_branch/backbone/features.14/conv/conv.6/Conv_output_0_QuantizeLinear_Output:(ty=2,shape=[1,160,16,16]),/lr_branch/backbone/features.2/conv/conv.5/Clip_output_0_scale:(ty=1,shape=[]),/lr_branch/backbone/features.14/conv/conv.6/Conv_output_0_zero_point:(ty=2,shape=[])]", "device": "NPU"}, {"output": ["onnx::Conv_786_DequantizeLinear_Output"], "input": ["onnx::Conv_786_quantized", "onnx::Conv_696_scale", "onnx::Conv_786_zero_point"], "opType": "DequantizeLinear", "comment": "@93 [onnx::Conv_786_DequantizeLinear_Output:(ty=1,shape=[960])] DequantizeLinear [onnx::Conv_786_quantized:(ty=3,shape=[960]),onnx::Conv_696_scale:(ty=1,shape=[]),onnx::Conv_786_zero_point:(ty=3,shape=[])]", "device": "NPU"}, {"output": ["onnx::Conv_785_DequantizeLinear_Output"], "input": ["onnx::Conv_785_quantized", "onnx::Conv_722_scale", "onnx::Conv_785_zero_point"], "opType": "DequantizeLinear", "comment": "@92 [onnx::Conv_785_DequantizeLinear_Output:(ty=1,shape=[960,160,1,1])] DequantizeLinear [onnx::Conv_785_quantized:(ty=3,shape=[960,160,1,1]),onnx::Conv_722_scale:(ty=1,shape=[]),onnx::Conv_785_zero_point:(ty=3,shape=[])]", "device": "NPU"}, {"output": ["/lr_branch/backbone/features.15/conv/conv.0/Conv_output_0"], "input": ["/lr_branch/backbone/features.14/conv/conv.6/Conv_output_0_DequantizeLinear_Output", "onnx::Conv_785_DequantizeLinear_Output", "onnx::Conv_786_DequantizeLinear_Output"], "opType": "Conv", "comment": "@346 [/lr_branch/backbone/features.15/conv/conv.0/Conv_output_0:(ty=1,shape=[1,960,16,16])] Conv [/lr_branch/backbone/features.14/conv/conv.6/Conv_output_0_DequantizeLinear_Output:(ty=1,shape=[1,160,16,16]),onnx::Conv_785_DequantizeLinear_Output:(ty=1,shape=[960,160,1,1]),onnx::Conv_786_DequantizeLinear_Output:(ty=1,shape=[960])]", "device": "NPU"}, {"output": ["/lr_branch/backbone/features.15/conv/conv.2/Clip_output_0"], "input": ["/lr_branch/backbone/features.15/conv/conv.0/Conv_output_0", "/lr_branch/backbone/features.0/features.0.2/Constant_output_0", "/lr_branch/backbone/features.0/features.0.2/Constant_1_output_0"], "opType": "Clip", "comment": "@347 [/lr_branch/backbone/features.15/conv/conv.2/Clip_output_0:(ty=1,shape=[1,960,16,16])] Clip [/lr_branch/backbone/features.15/conv/conv.0/Conv_output_0:(ty=1,shape=[1,960,16,16]),/lr_branch/backbone/features.0/features.0.2/Constant_output_0:(ty=1,shape=[]),/lr_branch/backbone/features.0/features.0.2/Constant_1_output_0:(ty=1,shape=[])]", "device": "NPU"}, {"output": ["/lr_branch/backbone/features.15/conv/conv.2/Clip_output_0_QuantizeLinear_Output"], "input": ["/lr_branch/backbone/features.15/conv/conv.2/Clip_output_0", "onnx::Conv_683_scale", "/lr_branch/backbone/features.15/conv/conv.2/Clip_output_0_zero_point"], "opType": "QuantizeLinear", "comment": "@348 [/lr_branch/backbone/features.15/conv/conv.2/Clip_output_0_QuantizeLinear_Output:(ty=2,shape=[1,960,16,16])] QuantizeLinear [/lr_branch/backbone/features.15/conv/conv.2/Clip_output_0:(ty=1,shape=[1,960,16,16]),onnx::Conv_683_scale:(ty=1,shape=[]),/lr_branch/backbone/features.15/conv/conv.2/Clip_output_0_zero_point:(ty=2,shape=[])]", "device": "NPU"}, {"output": ["/lr_branch/backbone/features.15/conv/conv.2/Clip_output_0_DequantizeLinear_Output"], "input": ["/lr_branch/backbone/features.15/conv/conv.2/Clip_output_0_QuantizeLinear_Output", "onnx::Conv_683_scale", "/lr_branch/backbone/features.15/conv/conv.2/Clip_output_0_zero_point"], "opType": "DequantizeLinear", "comment": "@349 [/lr_branch/backbone/features.15/conv/conv.2/Clip_output_0_DequantizeLinear_Output:(ty=1,shape=[1,960,16,16])] DequantizeLinear [/lr_branch/backbone/features.15/conv/conv.2/Clip_output_0_QuantizeLinear_Output:(ty=2,shape=[1,960,16,16]),onnx::Conv_683_scale:(ty=1,shape=[]),/lr_branch/backbone/features.15/conv/conv.2/Clip_output_0_zero_point:(ty=2,shape=[])]", "device": "NPU"}, {"output": ["onnx::Conv_789_DequantizeLinear_Output"], "input": ["onnx::Conv_789_quantized", "hr_branch.conv_hr2x.4.bias_scale", "onnx::Conv_789_zero_point"], "opType": "DequantizeLinear", "comment": "@95 [onnx::Conv_789_DequantizeLinear_Output:(ty=1,shape=[960])] DequantizeLinear [onnx::Conv_789_quantized:(ty=3,shape=[960]),hr_branch.conv_hr2x.4.bias_scale:(ty=1,shape=[]),onnx::Conv_789_zero_point:(ty=3,shape=[])]", "device": "NPU"}, {"output": ["onnx::Conv_788_DequantizeLinear_Output"], "input": ["onnx::Conv_788_quantized", "/lr_branch/backbone/features.2/conv/conv.5/Clip_output_0_scale", "onnx::Conv_788_zero_point"], "opType": "DequantizeLinear", "comment": "@94 [onnx::Conv_788_DequantizeLinear_Output:(ty=1,shape=[960,1,3,3])] DequantizeLinear [onnx::Conv_788_quantized:(ty=3,shape=[960,1,3,3]),/lr_branch/backbone/features.2/conv/conv.5/Clip_output_0_scale:(ty=1,shape=[]),onnx::Conv_788_zero_point:(ty=3,shape=[])]", "device": "NPU"}, {"output": ["/lr_branch/backbone/features.15/conv/conv.3/Conv_output_0"], "input": ["/lr_branch/backbone/features.15/conv/conv.2/Clip_output_0_DequantizeLinear_Output", "onnx::Conv_788_DequantizeLinear_Output", "onnx::Conv_789_DequantizeLinear_Output"], "opType": "Conv", "comment": "@350 [/lr_branch/backbone/features.15/conv/conv.3/Conv_output_0:(ty=1,shape=[1,960,16,16])] Conv [/lr_branch/backbone/features.15/conv/conv.2/Clip_output_0_DequantizeLinear_Output:(ty=1,shape=[1,960,16,16]),onnx::Conv_788_DequantizeLinear_Output:(ty=1,shape=[960,1,3,3]),onnx::Conv_789_DequantizeLinear_Output:(ty=1,shape=[960])]", "device": "NPU"}, {"output": ["/lr_branch/backbone/features.15/conv/conv.5/Clip_output_0"], "input": ["/lr_branch/backbone/features.15/conv/conv.3/Conv_output_0", "/lr_branch/backbone/features.0/features.0.2/Constant_output_0", "/lr_branch/backbone/features.0/features.0.2/Constant_1_output_0"], "opType": "Clip", "comment": "@351 [/lr_branch/backbone/features.15/conv/conv.5/Clip_output_0:(ty=1,shape=[1,960,16,16])] Clip [/lr_branch/backbone/features.15/conv/conv.3/Conv_output_0:(ty=1,shape=[1,960,16,16]),/lr_branch/backbone/features.0/features.0.2/Constant_output_0:(ty=1,shape=[]),/lr_branch/backbone/features.0/features.0.2/Constant_1_output_0:(ty=1,shape=[])]", "device": "NPU"}, {"output": ["/lr_branch/backbone/features.15/conv/conv.5/Clip_output_0_QuantizeLinear_Output"], "input": ["/lr_branch/backbone/features.15/conv/conv.5/Clip_output_0", "onnx::Conv_672_scale", "/lr_branch/backbone/features.15/conv/conv.5/Clip_output_0_zero_point"], "opType": "QuantizeLinear", "comment": "@352 [/lr_branch/backbone/features.15/conv/conv.5/Clip_output_0_QuantizeLinear_Output:(ty=2,shape=[1,960,16,16])] QuantizeLinear [/lr_branch/backbone/features.15/conv/conv.5/Clip_output_0:(ty=1,shape=[1,960,16,16]),onnx::Conv_672_scale:(ty=1,shape=[]),/lr_branch/backbone/features.15/conv/conv.5/Clip_output_0_zero_point:(ty=2,shape=[])]", "device": "NPU"}, {"output": ["/lr_branch/backbone/features.15/conv/conv.5/Clip_output_0_DequantizeLinear_Output"], "input": ["/lr_branch/backbone/features.15/conv/conv.5/Clip_output_0_QuantizeLinear_Output", "onnx::Conv_672_scale", "/lr_branch/backbone/features.15/conv/conv.5/Clip_output_0_zero_point"], "opType": "DequantizeLinear", "comment": "@353 [/lr_branch/backbone/features.15/conv/conv.5/Clip_output_0_DequantizeLinear_Output:(ty=1,shape=[1,960,16,16])] DequantizeLinear [/lr_branch/backbone/features.15/conv/conv.5/Clip_output_0_QuantizeLinear_Output:(ty=2,shape=[1,960,16,16]),onnx::Conv_672_scale:(ty=1,shape=[]),/lr_branch/backbone/features.15/conv/conv.5/Clip_output_0_zero_point:(ty=2,shape=[])]", "device": "NPU"}, {"output": ["onnx::Conv_792_DequantizeLinear_Output"], "input": ["onnx::Conv_792_quantized", "hr_branch.conv_hr2x.4.bias_scale", "onnx::Conv_792_zero_point"], "opType": "DequantizeLinear", "comment": "@97 [onnx::Conv_792_DequantizeLinear_Output:(ty=1,shape=[160])] DequantizeLinear [onnx::Conv_792_quantized:(ty=3,shape=[160]),hr_branch.conv_hr2x.4.bias_scale:(ty=1,shape=[]),onnx::Conv_792_zero_point:(ty=3,shape=[])]", "device": "NPU"}, {"output": ["onnx::Conv_791_DequantizeLinear_Output"], "input": ["onnx::Conv_791_quantized", "f_branch.conv_f2x.0.weight_scale", "onnx::Conv_791_zero_point"], "opType": "DequantizeLinear", "comment": "@96 [onnx::Conv_791_DequantizeLinear_Output:(ty=1,shape=[160,960,1,1])] DequantizeLinear [onnx::Conv_791_quantized:(ty=3,shape=[160,960,1,1]),f_branch.conv_f2x.0.weight_scale:(ty=1,shape=[]),onnx::Conv_791_zero_point:(ty=3,shape=[])]", "device": "NPU"}, {"output": ["/lr_branch/backbone/features.15/conv/conv.6/Conv_output_0"], "input": ["/lr_branch/backbone/features.15/conv/conv.5/Clip_output_0_DequantizeLinear_Output", "onnx::Conv_791_DequantizeLinear_Output", "onnx::Conv_792_DequantizeLinear_Output"], "opType": "Conv", "comment": "@354 [/lr_branch/backbone/features.15/conv/conv.6/Conv_output_0:(ty=1,shape=[1,160,16,16])] Conv [/lr_branch/backbone/features.15/conv/conv.5/Clip_output_0_DequantizeLinear_Output:(ty=1,shape=[1,960,16,16]),onnx::Conv_791_DequantizeLinear_Output:(ty=1,shape=[160,960,1,1]),onnx::Conv_792_DequantizeLinear_Output:(ty=1,shape=[160])]", "device": "NPU"}, {"output": ["/lr_branch/backbone/features.15/conv/conv.6/Conv_output_0_QuantizeLinear_Output"], "input": ["/lr_branch/backbone/features.15/conv/conv.6/Conv_output_0", "onnx::Conv_672_scale", "/lr_branch/backbone/features.15/conv/conv.6/Conv_output_0_zero_point"], "opType": "QuantizeLinear", "comment": "@355 [/lr_branch/backbone/features.15/conv/conv.6/Conv_output_0_QuantizeLinear_Output:(ty=2,shape=[1,160,16,16])] QuantizeLinear [/lr_branch/backbone/features.15/conv/conv.6/Conv_output_0:(ty=1,shape=[1,160,16,16]),onnx::Conv_672_scale:(ty=1,shape=[]),/lr_branch/backbone/features.15/conv/conv.6/Conv_output_0_zero_point:(ty=2,shape=[])]", "device": "NPU"}, {"output": ["/lr_branch/backbone/features.15/conv/conv.6/Conv_output_0_DequantizeLinear_Output"], "input": ["/lr_branch/backbone/features.15/conv/conv.6/Conv_output_0_QuantizeLinear_Output", "onnx::Conv_672_scale", "/lr_branch/backbone/features.15/conv/conv.6/Conv_output_0_zero_point"], "opType": "DequantizeLinear", "comment": "@356 [/lr_branch/backbone/features.15/conv/conv.6/Conv_output_0_DequantizeLinear_Output:(ty=1,shape=[1,160,16,16])] DequantizeLinear [/lr_branch/backbone/features.15/conv/conv.6/Conv_output_0_QuantizeLinear_Output:(ty=2,shape=[1,160,16,16]),onnx::Conv_672_scale:(ty=1,shape=[]),/lr_branch/backbone/features.15/conv/conv.6/Conv_output_0_zero_point:(ty=2,shape=[])]", "device": "NPU"}, {"output": ["/lr_branch/backbone/features.15/Add_output_0"], "input": ["/lr_branch/backbone/features.14/conv/conv.6/Conv_output_0_DequantizeLinear_Output/duplicated", "/lr_branch/backbone/features.15/conv/conv.6/Conv_output_0_DequantizeLinear_Output"], "opType": "Add", "comment": "@357 [/lr_branch/backbone/features.15/Add_output_0:(ty=1,shape=[1,160,16,16])] Add [/lr_branch/backbone/features.14/conv/conv.6/Conv_output_0_DequantizeLinear_Output/duplicated:(ty=1,shape=[1,160,16,16]),/lr_branch/backbone/features.15/conv/conv.6/Conv_output_0_DequantizeLinear_Output:(ty=1,shape=[1,160,16,16])]", "device": "NPU"}, {"output": ["/lr_branch/backbone/features.15/Add_output_0_QuantizeLinear_Output"], "input": ["/lr_branch/backbone/features.15/Add_output_0", "/lr_branch/backbone/features.2/conv/conv.5/Clip_output_0_scale", "/lr_branch/backbone/features.15/Add_output_0_zero_point"], "opType": "QuantizeLinear", "comment": "@358 [/lr_branch/backbone/features.15/Add_output_0_QuantizeLinear_Output:(ty=2,shape=[1,160,16,16])] QuantizeLinear [/lr_branch/backbone/features.15/Add_output_0:(ty=1,shape=[1,160,16,16]),/lr_branch/backbone/features.2/conv/conv.5/Clip_output_0_scale:(ty=1,shape=[]),/lr_branch/backbone/features.15/Add_output_0_zero_point:(ty=2,shape=[])]", "device": "NPU"}, {"output": ["/lr_branch/backbone/features.15/Add_output_0_DequantizeLinear_Output/duplicated"], "input": ["/lr_branch/backbone/features.15/Add_output_0_QuantizeLinear_Output", "/lr_branch/backbone/features.2/conv/conv.5/Clip_output_0_scale", "/lr_branch/backbone/features.15/Add_output_0_zero_point"], "opType": "DequantizeLinear", "comment": "@504 [/lr_branch/backbone/features.15/Add_output_0_DequantizeLinear_Output/duplicated:(ty=1,shape=[1,160,16,16])] DequantizeLinear [/lr_branch/backbone/features.15/Add_output_0_QuantizeLinear_Output:(ty=2,shape=[1,160,16,16]),/lr_branch/backbone/features.2/conv/conv.5/Clip_output_0_scale:(ty=1,shape=[]),/lr_branch/backbone/features.15/Add_output_0_zero_point:(ty=2,shape=[])]", "device": "NPU"}, {"output": ["/lr_branch/backbone/features.15/Add_output_0_DequantizeLinear_Output"], "input": ["/lr_branch/backbone/features.15/Add_output_0_QuantizeLinear_Output", "/lr_branch/backbone/features.2/conv/conv.5/Clip_output_0_scale", "/lr_branch/backbone/features.15/Add_output_0_zero_point"], "opType": "DequantizeLinear", "comment": "@359 [/lr_branch/backbone/features.15/Add_output_0_DequantizeLinear_Output:(ty=1,shape=[1,160,16,16])] DequantizeLinear [/lr_branch/backbone/features.15/Add_output_0_QuantizeLinear_Output:(ty=2,shape=[1,160,16,16]),/lr_branch/backbone/features.2/conv/conv.5/Clip_output_0_scale:(ty=1,shape=[]),/lr_branch/backbone/features.15/Add_output_0_zero_point:(ty=2,shape=[])]", "device": "NPU"}, {"output": ["onnx::Conv_795_DequantizeLinear_Output"], "input": ["onnx::Conv_795_quantized", "f_branch.conv_f2x.0.weight_scale", "onnx::Conv_795_zero_point"], "opType": "DequantizeLinear", "comment": "@99 [onnx::Conv_795_DequantizeLinear_Output:(ty=1,shape=[960])] DequantizeLinear [onnx::Conv_795_quantized:(ty=3,shape=[960]),f_branch.conv_f2x.0.weight_scale:(ty=1,shape=[]),onnx::Conv_795_zero_point:(ty=3,shape=[])]", "device": "NPU"}, {"output": ["onnx::Conv_794_DequantizeLinear_Output"], "input": ["onnx::Conv_794_quantized", "onnx::Conv_722_scale", "onnx::Conv_794_zero_point"], "opType": "DequantizeLinear", "comment": "@98 [onnx::Conv_794_DequantizeLinear_Output:(ty=1,shape=[960,160,1,1])] DequantizeLinear [onnx::Conv_794_quantized:(ty=3,shape=[960,160,1,1]),onnx::Conv_722_scale:(ty=1,shape=[]),onnx::Conv_794_zero_point:(ty=3,shape=[])]", "device": "NPU"}, {"output": ["/lr_branch/backbone/features.16/conv/conv.0/Conv_output_0"], "input": ["/lr_branch/backbone/features.15/Add_output_0_DequantizeLinear_Output", "onnx::Conv_794_DequantizeLinear_Output", "onnx::Conv_795_DequantizeLinear_Output"], "opType": "Conv", "comment": "@360 [/lr_branch/backbone/features.16/conv/conv.0/Conv_output_0:(ty=1,shape=[1,960,16,16])] Conv [/lr_branch/backbone/features.15/Add_output_0_DequantizeLinear_Output:(ty=1,shape=[1,160,16,16]),onnx::Conv_794_DequantizeLinear_Output:(ty=1,shape=[960,160,1,1]),onnx::Conv_795_DequantizeLinear_Output:(ty=1,shape=[960])]", "device": "NPU"}, {"output": ["/lr_branch/backbone/features.16/conv/conv.2/Clip_output_0"], "input": ["/lr_branch/backbone/features.16/conv/conv.0/Conv_output_0", "/lr_branch/backbone/features.0/features.0.2/Constant_output_0", "/lr_branch/backbone/features.0/features.0.2/Constant_1_output_0"], "opType": "Clip", "comment": "@361 [/lr_branch/backbone/features.16/conv/conv.2/Clip_output_0:(ty=1,shape=[1,960,16,16])] Clip [/lr_branch/backbone/features.16/conv/conv.0/Conv_output_0:(ty=1,shape=[1,960,16,16]),/lr_branch/backbone/features.0/features.0.2/Constant_output_0:(ty=1,shape=[]),/lr_branch/backbone/features.0/features.0.2/Constant_1_output_0:(ty=1,shape=[])]", "device": "NPU"}, {"output": ["/lr_branch/backbone/features.16/conv/conv.2/Clip_output_0_QuantizeLinear_Output"], "input": ["/lr_branch/backbone/features.16/conv/conv.2/Clip_output_0", "onnx::Conv_672_scale", "/lr_branch/backbone/features.16/conv/conv.2/Clip_output_0_zero_point"], "opType": "QuantizeLinear", "comment": "@362 [/lr_branch/backbone/features.16/conv/conv.2/Clip_output_0_QuantizeLinear_Output:(ty=2,shape=[1,960,16,16])] QuantizeLinear [/lr_branch/backbone/features.16/conv/conv.2/Clip_output_0:(ty=1,shape=[1,960,16,16]),onnx::Conv_672_scale:(ty=1,shape=[]),/lr_branch/backbone/features.16/conv/conv.2/Clip_output_0_zero_point:(ty=2,shape=[])]", "device": "NPU"}, {"output": ["/lr_branch/backbone/features.16/conv/conv.2/Clip_output_0_DequantizeLinear_Output"], "input": ["/lr_branch/backbone/features.16/conv/conv.2/Clip_output_0_QuantizeLinear_Output", "onnx::Conv_672_scale", "/lr_branch/backbone/features.16/conv/conv.2/Clip_output_0_zero_point"], "opType": "DequantizeLinear", "comment": "@363 [/lr_branch/backbone/features.16/conv/conv.2/Clip_output_0_DequantizeLinear_Output:(ty=1,shape=[1,960,16,16])] DequantizeLinear [/lr_branch/backbone/features.16/conv/conv.2/Clip_output_0_QuantizeLinear_Output:(ty=2,shape=[1,960,16,16]),onnx::Conv_672_scale:(ty=1,shape=[]),/lr_branch/backbone/features.16/conv/conv.2/Clip_output_0_zero_point:(ty=2,shape=[])]", "device": "NPU"}, {"output": ["onnx::Conv_798_DequantizeLinear_Output"], "input": ["onnx::Conv_798_quantized", "onnx::Conv_683_scale", "onnx::Conv_798_zero_point"], "opType": "DequantizeLinear", "comment": "@101 [onnx::Conv_798_DequantizeLinear_Output:(ty=1,shape=[960])] DequantizeLinear [onnx::Conv_798_quantized:(ty=3,shape=[960]),onnx::Conv_683_scale:(ty=1,shape=[]),onnx::Conv_798_zero_point:(ty=3,shape=[])]", "device": "NPU"}, {"output": ["onnx::Conv_797_DequantizeLinear_Output"], "input": ["onnx::Conv_797_quantized", "/lr_branch/backbone/features.2/conv/conv.5/Clip_output_0_scale", "onnx::Conv_797_zero_point"], "opType": "DequantizeLinear", "comment": "@100 [onnx::Conv_797_DequantizeLinear_Output:(ty=1,shape=[960,1,3,3])] DequantizeLinear [onnx::Conv_797_quantized:(ty=3,shape=[960,1,3,3]),/lr_branch/backbone/features.2/conv/conv.5/Clip_output_0_scale:(ty=1,shape=[]),onnx::Conv_797_zero_point:(ty=3,shape=[])]", "device": "NPU"}, {"output": ["/lr_branch/backbone/features.16/conv/conv.3/Conv_output_0"], "input": ["/lr_branch/backbone/features.16/conv/conv.2/Clip_output_0_DequantizeLinear_Output", "onnx::Conv_797_DequantizeLinear_Output", "onnx::Conv_798_DequantizeLinear_Output"], "opType": "Conv", "comment": "@364 [/lr_branch/backbone/features.16/conv/conv.3/Conv_output_0:(ty=1,shape=[1,960,16,16])] Conv [/lr_branch/backbone/features.16/conv/conv.2/Clip_output_0_DequantizeLinear_Output:(ty=1,shape=[1,960,16,16]),onnx::Conv_797_DequantizeLinear_Output:(ty=1,shape=[960,1,3,3]),onnx::Conv_798_DequantizeLinear_Output:(ty=1,shape=[960])]", "device": "NPU"}, {"output": ["/lr_branch/backbone/features.16/conv/conv.5/Clip_output_0"], "input": ["/lr_branch/backbone/features.16/conv/conv.3/Conv_output_0", "/lr_branch/backbone/features.0/features.0.2/Constant_output_0", "/lr_branch/backbone/features.0/features.0.2/Constant_1_output_0"], "opType": "Clip", "comment": "@365 [/lr_branch/backbone/features.16/conv/conv.5/Clip_output_0:(ty=1,shape=[1,960,16,16])] Clip [/lr_branch/backbone/features.16/conv/conv.3/Conv_output_0:(ty=1,shape=[1,960,16,16]),/lr_branch/backbone/features.0/features.0.2/Constant_output_0:(ty=1,shape=[]),/lr_branch/backbone/features.0/features.0.2/Constant_1_output_0:(ty=1,shape=[])]", "device": "NPU"}, {"output": ["/lr_branch/backbone/features.16/conv/conv.5/Clip_output_0_QuantizeLinear_Output"], "input": ["/lr_branch/backbone/features.16/conv/conv.5/Clip_output_0", "onnx::Conv_672_scale", "/lr_branch/backbone/features.16/conv/conv.5/Clip_output_0_zero_point"], "opType": "QuantizeLinear", "comment": "@366 [/lr_branch/backbone/features.16/conv/conv.5/Clip_output_0_QuantizeLinear_Output:(ty=2,shape=[1,960,16,16])] QuantizeLinear [/lr_branch/backbone/features.16/conv/conv.5/Clip_output_0:(ty=1,shape=[1,960,16,16]),onnx::Conv_672_scale:(ty=1,shape=[]),/lr_branch/backbone/features.16/conv/conv.5/Clip_output_0_zero_point:(ty=2,shape=[])]", "device": "NPU"}, {"output": ["/lr_branch/backbone/features.16/conv/conv.5/Clip_output_0_DequantizeLinear_Output"], "input": ["/lr_branch/backbone/features.16/conv/conv.5/Clip_output_0_QuantizeLinear_Output", "onnx::Conv_672_scale", "/lr_branch/backbone/features.16/conv/conv.5/Clip_output_0_zero_point"], "opType": "DequantizeLinear", "comment": "@367 [/lr_branch/backbone/features.16/conv/conv.5/Clip_output_0_DequantizeLinear_Output:(ty=1,shape=[1,960,16,16])] DequantizeLinear [/lr_branch/backbone/features.16/conv/conv.5/Clip_output_0_QuantizeLinear_Output:(ty=2,shape=[1,960,16,16]),onnx::Conv_672_scale:(ty=1,shape=[]),/lr_branch/backbone/features.16/conv/conv.5/Clip_output_0_zero_point:(ty=2,shape=[])]", "device": "NPU"}, {"output": ["onnx::Conv_801_DequantizeLinear_Output"], "input": ["onnx::Conv_801_quantized", "onnx::Conv_683_scale", "onnx::Conv_801_zero_point"], "opType": "DequantizeLinear", "comment": "@103 [onnx::Conv_801_DequantizeLinear_Output:(ty=1,shape=[160])] DequantizeLinear [onnx::Conv_801_quantized:(ty=3,shape=[160]),onnx::Conv_683_scale:(ty=1,shape=[]),onnx::Conv_801_zero_point:(ty=3,shape=[])]", "device": "NPU"}, {"output": ["onnx::Conv_800_DequantizeLinear_Output"], "input": ["onnx::Conv_800_quantized", "onnx::Conv_696_scale", "onnx::Conv_800_zero_point"], "opType": "DequantizeLinear", "comment": "@102 [onnx::Conv_800_DequantizeLinear_Output:(ty=1,shape=[160,960,1,1])] DequantizeLinear [onnx::Conv_800_quantized:(ty=3,shape=[160,960,1,1]),onnx::Conv_696_scale:(ty=1,shape=[]),onnx::Conv_800_zero_point:(ty=3,shape=[])]", "device": "NPU"}, {"output": ["/lr_branch/backbone/features.16/conv/conv.6/Conv_output_0"], "input": ["/lr_branch/backbone/features.16/conv/conv.5/Clip_output_0_DequantizeLinear_Output", "onnx::Conv_800_DequantizeLinear_Output", "onnx::Conv_801_DequantizeLinear_Output"], "opType": "Conv", "comment": "@368 [/lr_branch/backbone/features.16/conv/conv.6/Conv_output_0:(ty=1,shape=[1,160,16,16])] Conv [/lr_branch/backbone/features.16/conv/conv.5/Clip_output_0_DequantizeLinear_Output:(ty=1,shape=[1,960,16,16]),onnx::Conv_800_DequantizeLinear_Output:(ty=1,shape=[160,960,1,1]),onnx::Conv_801_DequantizeLinear_Output:(ty=1,shape=[160])]", "device": "NPU"}, {"output": ["/lr_branch/backbone/features.16/conv/conv.6/Conv_output_0_QuantizeLinear_Output"], "input": ["/lr_branch/backbone/features.16/conv/conv.6/Conv_output_0", "/hr_branch/conv_hr4x/conv_hr4x.1/Relu_output_0_scale", "/lr_branch/backbone/features.16/conv/conv.6/Conv_output_0_zero_point"], "opType": "QuantizeLinear", "comment": "@369 [/lr_branch/backbone/features.16/conv/conv.6/Conv_output_0_QuantizeLinear_Output:(ty=2,shape=[1,160,16,16])] QuantizeLinear [/lr_branch/backbone/features.16/conv/conv.6/Conv_output_0:(ty=1,shape=[1,160,16,16]),/hr_branch/conv_hr4x/conv_hr4x.1/Relu_output_0_scale:(ty=1,shape=[]),/lr_branch/backbone/features.16/conv/conv.6/Conv_output_0_zero_point:(ty=2,shape=[])]", "device": "NPU"}, {"output": ["/lr_branch/backbone/features.16/conv/conv.6/Conv_output_0_DequantizeLinear_Output"], "input": ["/lr_branch/backbone/features.16/conv/conv.6/Conv_output_0_QuantizeLinear_Output", "/hr_branch/conv_hr4x/conv_hr4x.1/Relu_output_0_scale", "/lr_branch/backbone/features.16/conv/conv.6/Conv_output_0_zero_point"], "opType": "DequantizeLinear", "comment": "@370 [/lr_branch/backbone/features.16/conv/conv.6/Conv_output_0_DequantizeLinear_Output:(ty=1,shape=[1,160,16,16])] DequantizeLinear [/lr_branch/backbone/features.16/conv/conv.6/Conv_output_0_QuantizeLinear_Output:(ty=2,shape=[1,160,16,16]),/hr_branch/conv_hr4x/conv_hr4x.1/Relu_output_0_scale:(ty=1,shape=[]),/lr_branch/backbone/features.16/conv/conv.6/Conv_output_0_zero_point:(ty=2,shape=[])]", "device": "NPU"}, {"output": ["/lr_branch/backbone/features.16/Add_output_0"], "input": ["/lr_branch/backbone/features.15/Add_output_0_DequantizeLinear_Output/duplicated", "/lr_branch/backbone/features.16/conv/conv.6/Conv_output_0_DequantizeLinear_Output"], "opType": "Add", "comment": "@371 [/lr_branch/backbone/features.16/Add_output_0:(ty=1,shape=[1,160,16,16])] Add [/lr_branch/backbone/features.15/Add_output_0_DequantizeLinear_Output/duplicated:(ty=1,shape=[1,160,16,16]),/lr_branch/backbone/features.16/conv/conv.6/Conv_output_0_DequantizeLinear_Output:(ty=1,shape=[1,160,16,16])]", "device": "NPU"}, {"output": ["/lr_branch/backbone/features.16/Add_output_0_QuantizeLinear_Output"], "input": ["/lr_branch/backbone/features.16/Add_output_0", "/hr_branch/conv_hr4x/conv_hr4x.1/Relu_output_0_scale", "/lr_branch/backbone/features.16/Add_output_0_zero_point"], "opType": "QuantizeLinear", "comment": "@372 [/lr_branch/backbone/features.16/Add_output_0_QuantizeLinear_Output:(ty=2,shape=[1,160,16,16])] QuantizeLinear [/lr_branch/backbone/features.16/Add_output_0:(ty=1,shape=[1,160,16,16]),/hr_branch/conv_hr4x/conv_hr4x.1/Relu_output_0_scale:(ty=1,shape=[]),/lr_branch/backbone/features.16/Add_output_0_zero_point:(ty=2,shape=[])]", "device": "NPU"}, {"output": ["/lr_branch/backbone/features.16/Add_output_0_DequantizeLinear_Output"], "input": ["/lr_branch/backbone/features.16/Add_output_0_QuantizeLinear_Output", "/hr_branch/conv_hr4x/conv_hr4x.1/Relu_output_0_scale", "/lr_branch/backbone/features.16/Add_output_0_zero_point"], "opType": "DequantizeLinear", "comment": "@373 [/lr_branch/backbone/features.16/Add_output_0_DequantizeLinear_Output:(ty=1,shape=[1,160,16,16])] DequantizeLinear [/lr_branch/backbone/features.16/Add_output_0_QuantizeLinear_Output:(ty=2,shape=[1,160,16,16]),/hr_branch/conv_hr4x/conv_hr4x.1/Relu_output_0_scale:(ty=1,shape=[]),/lr_branch/backbone/features.16/Add_output_0_zero_point:(ty=2,shape=[])]", "device": "NPU"}, {"output": ["onnx::Conv_804_DequantizeLinear_Output"], "input": ["onnx::Conv_804_quantized", "onnx::Conv_696_scale", "onnx::Conv_804_zero_point"], "opType": "DequantizeLinear", "comment": "@105 [onnx::Conv_804_DequantizeLinear_Output:(ty=1,shape=[960])] DequantizeLinear [onnx::Conv_804_quantized:(ty=3,shape=[960]),onnx::Conv_696_scale:(ty=1,shape=[]),onnx::Conv_804_zero_point:(ty=3,shape=[])]", "device": "NPU"}, {"output": ["onnx::Conv_803_DequantizeLinear_Output"], "input": ["onnx::Conv_803_quantized", "onnx::Conv_722_scale", "onnx::Conv_803_zero_point"], "opType": "DequantizeLinear", "comment": "@104 [onnx::Conv_803_DequantizeLinear_Output:(ty=1,shape=[960,160,1,1])] DequantizeLinear [onnx::Conv_803_quantized:(ty=3,shape=[960,160,1,1]),onnx::Conv_722_scale:(ty=1,shape=[]),onnx::Conv_803_zero_point:(ty=3,shape=[])]", "device": "NPU"}, {"output": ["/lr_branch/backbone/features.17/conv/conv.0/Conv_output_0"], "input": ["/lr_branch/backbone/features.16/Add_output_0_DequantizeLinear_Output", "onnx::Conv_803_DequantizeLinear_Output", "onnx::Conv_804_DequantizeLinear_Output"], "opType": "Conv", "comment": "@374 [/lr_branch/backbone/features.17/conv/conv.0/Conv_output_0:(ty=1,shape=[1,960,16,16])] Conv [/lr_branch/backbone/features.16/Add_output_0_DequantizeLinear_Output:(ty=1,shape=[1,160,16,16]),onnx::Conv_803_DequantizeLinear_Output:(ty=1,shape=[960,160,1,1]),onnx::Conv_804_DequantizeLinear_Output:(ty=1,shape=[960])]", "device": "NPU"}, {"output": ["/lr_branch/backbone/features.17/conv/conv.2/Clip_output_0"], "input": ["/lr_branch/backbone/features.17/conv/conv.0/Conv_output_0", "/lr_branch/backbone/features.0/features.0.2/Constant_output_0", "/lr_branch/backbone/features.0/features.0.2/Constant_1_output_0"], "opType": "Clip", "comment": "@375 [/lr_branch/backbone/features.17/conv/conv.2/Clip_output_0:(ty=1,shape=[1,960,16,16])] Clip [/lr_branch/backbone/features.17/conv/conv.0/Conv_output_0:(ty=1,shape=[1,960,16,16]),/lr_branch/backbone/features.0/features.0.2/Constant_output_0:(ty=1,shape=[]),/lr_branch/backbone/features.0/features.0.2/Constant_1_output_0:(ty=1,shape=[])]", "device": "NPU"}, {"output": ["/lr_branch/backbone/features.17/conv/conv.2/Clip_output_0_QuantizeLinear_Output"], "input": ["/lr_branch/backbone/features.17/conv/conv.2/Clip_output_0", "onnx::Conv_683_scale", "/lr_branch/backbone/features.17/conv/conv.2/Clip_output_0_zero_point"], "opType": "QuantizeLinear", "comment": "@376 [/lr_branch/backbone/features.17/conv/conv.2/Clip_output_0_QuantizeLinear_Output:(ty=2,shape=[1,960,16,16])] QuantizeLinear [/lr_branch/backbone/features.17/conv/conv.2/Clip_output_0:(ty=1,shape=[1,960,16,16]),onnx::Conv_683_scale:(ty=1,shape=[]),/lr_branch/backbone/features.17/conv/conv.2/Clip_output_0_zero_point:(ty=2,shape=[])]", "device": "NPU"}, {"output": ["/lr_branch/backbone/features.17/conv/conv.2/Clip_output_0_DequantizeLinear_Output"], "input": ["/lr_branch/backbone/features.17/conv/conv.2/Clip_output_0_QuantizeLinear_Output", "onnx::Conv_683_scale", "/lr_branch/backbone/features.17/conv/conv.2/Clip_output_0_zero_point"], "opType": "DequantizeLinear", "comment": "@377 [/lr_branch/backbone/features.17/conv/conv.2/Clip_output_0_DequantizeLinear_Output:(ty=1,shape=[1,960,16,16])] DequantizeLinear [/lr_branch/backbone/features.17/conv/conv.2/Clip_output_0_QuantizeLinear_Output:(ty=2,shape=[1,960,16,16]),onnx::Conv_683_scale:(ty=1,shape=[]),/lr_branch/backbone/features.17/conv/conv.2/Clip_output_0_zero_point:(ty=2,shape=[])]", "device": "NPU"}, {"output": ["onnx::Conv_807_DequantizeLinear_Output"], "input": ["onnx::Conv_807_quantized", "onnx::Conv_683_scale", "onnx::Conv_807_zero_point"], "opType": "DequantizeLinear", "comment": "@107 [onnx::Conv_807_DequantizeLinear_Output:(ty=1,shape=[960])] DequantizeLinear [onnx::Conv_807_quantized:(ty=3,shape=[960]),onnx::Conv_683_scale:(ty=1,shape=[]),onnx::Conv_807_zero_point:(ty=3,shape=[])]", "device": "NPU"}, {"output": ["onnx::Conv_806_DequantizeLinear_Output"], "input": ["onnx::Conv_806_quantized", "/hr_branch/conv_hr4x/conv_hr4x.1/Relu_output_0_scale", "onnx::Conv_806_zero_point"], "opType": "DequantizeLinear", "comment": "@106 [onnx::Conv_806_DequantizeLinear_Output:(ty=1,shape=[960,1,3,3])] DequantizeLinear [onnx::Conv_806_quantized:(ty=3,shape=[960,1,3,3]),/hr_branch/conv_hr4x/conv_hr4x.1/Relu_output_0_scale:(ty=1,shape=[]),onnx::Conv_806_zero_point:(ty=3,shape=[])]", "device": "NPU"}, {"output": ["/lr_branch/backbone/features.17/conv/conv.3/Conv_output_0"], "input": ["/lr_branch/backbone/features.17/conv/conv.2/Clip_output_0_DequantizeLinear_Output", "onnx::Conv_806_DequantizeLinear_Output", "onnx::Conv_807_DequantizeLinear_Output"], "opType": "Conv", "comment": "@378 [/lr_branch/backbone/features.17/conv/conv.3/Conv_output_0:(ty=1,shape=[1,960,16,16])] Conv [/lr_branch/backbone/features.17/conv/conv.2/Clip_output_0_DequantizeLinear_Output:(ty=1,shape=[1,960,16,16]),onnx::Conv_806_DequantizeLinear_Output:(ty=1,shape=[960,1,3,3]),onnx::Conv_807_DequantizeLinear_Output:(ty=1,shape=[960])]", "device": "NPU"}, {"output": ["/lr_branch/backbone/features.17/conv/conv.5/Clip_output_0"], "input": ["/lr_branch/backbone/features.17/conv/conv.3/Conv_output_0", "/lr_branch/backbone/features.0/features.0.2/Constant_output_0", "/lr_branch/backbone/features.0/features.0.2/Constant_1_output_0"], "opType": "Clip", "comment": "@379 [/lr_branch/backbone/features.17/conv/conv.5/Clip_output_0:(ty=1,shape=[1,960,16,16])] Clip [/lr_branch/backbone/features.17/conv/conv.3/Conv_output_0:(ty=1,shape=[1,960,16,16]),/lr_branch/backbone/features.0/features.0.2/Constant_output_0:(ty=1,shape=[]),/lr_branch/backbone/features.0/features.0.2/Constant_1_output_0:(ty=1,shape=[])]", "device": "NPU"}, {"output": ["/lr_branch/backbone/features.17/conv/conv.5/Clip_output_0_QuantizeLinear_Output"], "input": ["/lr_branch/backbone/features.17/conv/conv.5/Clip_output_0", "onnx::Conv_683_scale", "/lr_branch/backbone/features.17/conv/conv.5/Clip_output_0_zero_point"], "opType": "QuantizeLinear", "comment": "@380 [/lr_branch/backbone/features.17/conv/conv.5/Clip_output_0_QuantizeLinear_Output:(ty=2,shape=[1,960,16,16])] QuantizeLinear [/lr_branch/backbone/features.17/conv/conv.5/Clip_output_0:(ty=1,shape=[1,960,16,16]),onnx::Conv_683_scale:(ty=1,shape=[]),/lr_branch/backbone/features.17/conv/conv.5/Clip_output_0_zero_point:(ty=2,shape=[])]", "device": "NPU"}, {"output": ["/lr_branch/backbone/features.17/conv/conv.5/Clip_output_0_DequantizeLinear_Output"], "input": ["/lr_branch/backbone/features.17/conv/conv.5/Clip_output_0_QuantizeLinear_Output", "onnx::Conv_683_scale", "/lr_branch/backbone/features.17/conv/conv.5/Clip_output_0_zero_point"], "opType": "DequantizeLinear", "comment": "@381 [/lr_branch/backbone/features.17/conv/conv.5/Clip_output_0_DequantizeLinear_Output:(ty=1,shape=[1,960,16,16])] DequantizeLinear [/lr_branch/backbone/features.17/conv/conv.5/Clip_output_0_QuantizeLinear_Output:(ty=2,shape=[1,960,16,16]),onnx::Conv_683_scale:(ty=1,shape=[]),/lr_branch/backbone/features.17/conv/conv.5/Clip_output_0_zero_point:(ty=2,shape=[])]", "device": "NPU"}, {"output": ["onnx::Conv_810_DequantizeLinear_Output"], "input": ["onnx::Conv_810_quantized", "onnx::Conv_683_scale", "onnx::Conv_810_zero_point"], "opType": "DequantizeLinear", "comment": "@109 [onnx::Conv_810_DequantizeLinear_Output:(ty=1,shape=[320])] DequantizeLinear [onnx::Conv_810_quantized:(ty=3,shape=[320]),onnx::Conv_683_scale:(ty=1,shape=[]),onnx::Conv_810_zero_point:(ty=3,shape=[])]", "device": "NPU"}, {"output": ["onnx::Conv_809_DequantizeLinear_Output"], "input": ["onnx::Conv_809_quantized", "onnx::Conv_696_scale", "onnx::Conv_809_zero_point"], "opType": "DequantizeLinear", "comment": "@108 [onnx::Conv_809_DequantizeLinear_Output:(ty=1,shape=[320,960,1,1])] DequantizeLinear [onnx::Conv_809_quantized:(ty=3,shape=[320,960,1,1]),onnx::Conv_696_scale:(ty=1,shape=[]),onnx::Conv_809_zero_point:(ty=3,shape=[])]", "device": "NPU"}, {"output": ["/lr_branch/backbone/features.17/conv/conv.6/Conv_output_0"], "input": ["/lr_branch/backbone/features.17/conv/conv.5/Clip_output_0_DequantizeLinear_Output", "onnx::Conv_809_DequantizeLinear_Output", "onnx::Conv_810_DequantizeLinear_Output"], "opType": "Conv", "comment": "@382 [/lr_branch/backbone/features.17/conv/conv.6/Conv_output_0:(ty=1,shape=[1,320,16,16])] Conv [/lr_branch/backbone/features.17/conv/conv.5/Clip_output_0_DequantizeLinear_Output:(ty=1,shape=[1,960,16,16]),onnx::Conv_809_DequantizeLinear_Output:(ty=1,shape=[320,960,1,1]),onnx::Conv_810_DequantizeLinear_Output:(ty=1,shape=[320])]", "device": "NPU"}, {"output": ["/lr_branch/backbone/features.17/conv/conv.6/Conv_output_0_QuantizeLinear_Output"], "input": ["/lr_branch/backbone/features.17/conv/conv.6/Conv_output_0", "onnx::Conv_672_scale", "/lr_branch/backbone/features.17/conv/conv.6/Conv_output_0_zero_point"], "opType": "QuantizeLinear", "comment": "@383 [/lr_branch/backbone/features.17/conv/conv.6/Conv_output_0_QuantizeLinear_Output:(ty=2,shape=[1,320,16,16])] QuantizeLinear [/lr_branch/backbone/features.17/conv/conv.6/Conv_output_0:(ty=1,shape=[1,320,16,16]),onnx::Conv_672_scale:(ty=1,shape=[]),/lr_branch/backbone/features.17/conv/conv.6/Conv_output_0_zero_point:(ty=2,shape=[])]", "device": "NPU"}, {"output": ["/lr_branch/backbone/features.17/conv/conv.6/Conv_output_0_DequantizeLinear_Output"], "input": ["/lr_branch/backbone/features.17/conv/conv.6/Conv_output_0_QuantizeLinear_Output", "onnx::Conv_672_scale", "/lr_branch/backbone/features.17/conv/conv.6/Conv_output_0_zero_point"], "opType": "DequantizeLinear", "comment": "@384 [/lr_branch/backbone/features.17/conv/conv.6/Conv_output_0_DequantizeLinear_Output:(ty=1,shape=[1,320,16,16])] DequantizeLinear [/lr_branch/backbone/features.17/conv/conv.6/Conv_output_0_QuantizeLinear_Output:(ty=2,shape=[1,320,16,16]),onnx::Conv_672_scale:(ty=1,shape=[]),/lr_branch/backbone/features.17/conv/conv.6/Conv_output_0_zero_point:(ty=2,shape=[])]", "device": "NPU"}, {"output": ["onnx::Conv_813_DequantizeLinear_Output"], "input": ["onnx::Conv_813_quantized", "onnx::Conv_696_scale", "onnx::Conv_813_zero_point"], "opType": "DequantizeLinear", "comment": "@111 [onnx::Conv_813_DequantizeLinear_Output:(ty=1,shape=[1280])] DequantizeLinear [onnx::Conv_813_quantized:(ty=3,shape=[1280]),onnx::Conv_696_scale:(ty=1,shape=[]),onnx::Conv_813_zero_point:(ty=3,shape=[])]", "device": "NPU"}, {"output": ["onnx::Conv_812_DequantizeLinear_Output"], "input": ["onnx::Conv_812_quantized", "onnx::Conv_696_scale", "onnx::Conv_812_zero_point"], "opType": "DequantizeLinear", "comment": "@110 [onnx::Conv_812_DequantizeLinear_Output:(ty=1,shape=[1280,320,1,1])] DequantizeLinear [onnx::Conv_812_quantized:(ty=3,shape=[1280,320,1,1]),onnx::Conv_696_scale:(ty=1,shape=[]),onnx::Conv_812_zero_point:(ty=3,shape=[])]", "device": "NPU"}, {"output": ["/lr_branch/backbone/features.18/features.18.0/Conv_output_0"], "input": ["/lr_branch/backbone/features.17/conv/conv.6/Conv_output_0_DequantizeLinear_Output", "onnx::Conv_812_DequantizeLinear_Output", "onnx::Conv_813_DequantizeLinear_Output"], "opType": "Conv", "comment": "@385 [/lr_branch/backbone/features.18/features.18.0/Conv_output_0:(ty=1,shape=[1,1280,16,16])] Conv [/lr_branch/backbone/features.17/conv/conv.6/Conv_output_0_DequantizeLinear_Output:(ty=1,shape=[1,320,16,16]),onnx::Conv_812_DequantizeLinear_Output:(ty=1,shape=[1280,320,1,1]),onnx::Conv_813_DequantizeLinear_Output:(ty=1,shape=[1280])]", "device": "NPU"}, {"output": ["/lr_branch/backbone/features.18/features.18.2/Clip_output_0"], "input": ["/lr_branch/backbone/features.18/features.18.0/Conv_output_0", "/lr_branch/backbone/features.0/features.0.2/Constant_output_0", "/lr_branch/backbone/features.0/features.0.2/Constant_1_output_0"], "opType": "Clip", "comment": "@386 [/lr_branch/backbone/features.18/features.18.2/Clip_output_0:(ty=1,shape=[1,1280,16,16])] Clip [/lr_branch/backbone/features.18/features.18.0/Conv_output_0:(ty=1,shape=[1,1280,16,16]),/lr_branch/backbone/features.0/features.0.2/Constant_output_0:(ty=1,shape=[]),/lr_branch/backbone/features.0/features.0.2/Constant_1_output_0:(ty=1,shape=[])]", "device": "NPU"}, {"output": ["/lr_branch/backbone/features.18/features.18.2/Clip_output_0_QuantizeLinear_Output"], "input": ["/lr_branch/backbone/features.18/features.18.2/Clip_output_0", "/lr_branch/backbone/features.2/conv/conv.5/Clip_output_0_scale", "/lr_branch/backbone/features.18/features.18.2/Clip_output_0_zero_point"], "opType": "QuantizeLinear", "comment": "@387 [/lr_branch/backbone/features.18/features.18.2/Clip_output_0_QuantizeLinear_Output:(ty=2,shape=[1,1280,16,16])] QuantizeLinear [/lr_branch/backbone/features.18/features.18.2/Clip_output_0:(ty=1,shape=[1,1280,16,16]),/lr_branch/backbone/features.2/conv/conv.5/Clip_output_0_scale:(ty=1,shape=[]),/lr_branch/backbone/features.18/features.18.2/Clip_output_0_zero_point:(ty=2,shape=[])]", "device": "NPU"}, {"output": ["/lr_branch/backbone/features.18/features.18.2/Clip_output_0_DequantizeLinear_Output/duplicated"], "input": ["/lr_branch/backbone/features.18/features.18.2/Clip_output_0_QuantizeLinear_Output", "/lr_branch/backbone/features.2/conv/conv.5/Clip_output_0_scale", "/lr_branch/backbone/features.18/features.18.2/Clip_output_0_zero_point"], "opType": "DequantizeLinear", "comment": "@505 [/lr_branch/backbone/features.18/features.18.2/Clip_output_0_DequantizeLinear_Output/duplicated:(ty=1,shape=[1,1280,16,16])] DequantizeLinear [/lr_branch/backbone/features.18/features.18.2/Clip_output_0_QuantizeLinear_Output:(ty=2,shape=[1,1280,16,16]),/lr_branch/backbone/features.2/conv/conv.5/Clip_output_0_scale:(ty=1,shape=[]),/lr_branch/backbone/features.18/features.18.2/Clip_output_0_zero_point:(ty=2,shape=[])]", "device": "NPU"}, {"output": ["/lr_branch/backbone/features.18/features.18.2/Clip_output_0_DequantizeLinear_Output"], "input": ["/lr_branch/backbone/features.18/features.18.2/Clip_output_0_QuantizeLinear_Output", "/lr_branch/backbone/features.2/conv/conv.5/Clip_output_0_scale", "/lr_branch/backbone/features.18/features.18.2/Clip_output_0_zero_point"], "opType": "DequantizeLinear", "comment": "@388 [/lr_branch/backbone/features.18/features.18.2/Clip_output_0_DequantizeLinear_Output:(ty=1,shape=[1,1280,16,16])] DequantizeLinear [/lr_branch/backbone/features.18/features.18.2/Clip_output_0_QuantizeLinear_Output:(ty=2,shape=[1,1280,16,16]),/lr_branch/backbone/features.2/conv/conv.5/Clip_output_0_scale:(ty=1,shape=[]),/lr_branch/backbone/features.18/features.18.2/Clip_output_0_zero_point:(ty=2,shape=[])]", "device": "NPU"}, {"output": ["/lr_branch/se_block/pool/GlobalAveragePool_output_0_Mul"], "input": ["/lr_branch/backbone/features.18/features.18.2/Clip_output_0_DequantizeLinear_Output"], "opType": "GlobalAveragePool", "comment": "@389 [/lr_branch/se_block/pool/GlobalAveragePool_output_0_Mul:(ty=1,shape=[1,1280,1,1])] GlobalAveragePool [/lr_branch/backbone/features.18/features.18.2/Clip_output_0_DequantizeLinear_Output:(ty=1,shape=[1,1280,16,16])]", "device": "NPU"}, {"output": ["/lr_branch/se_block/pool/GlobalAveragePool_output_0_QuantizeLinear_Output"], "input": ["/lr_branch/se_block/pool/GlobalAveragePool_output_0_Mul", "/lr_branch/backbone/features.2/conv/conv.5/Clip_output_0_scale", "/lr_branch/se_block/pool/GlobalAveragePool_output_0_zero_point"], "opType": "QuantizeLinear", "comment": "@393 [/lr_branch/se_block/pool/GlobalAveragePool_output_0_QuantizeLinear_Output:(ty=2,shape=[1,1280,1,1])] QuantizeLinear [/lr_branch/se_block/pool/GlobalAveragePool_output_0_Mul:(ty=1,shape=[1,1280,1,1]),/lr_branch/backbone/features.2/conv/conv.5/Clip_output_0_scale:(ty=1,shape=[]),/lr_branch/se_block/pool/GlobalAveragePool_output_0_zero_point:(ty=2,shape=[])]", "device": "NPU"}, {"output": ["/lr_branch/se_block/pool/GlobalAveragePool_output_0_DequantizeLinear_Output"], "input": ["/lr_branch/se_block/pool/GlobalAveragePool_output_0_QuantizeLinear_Output", "/lr_branch/backbone/features.2/conv/conv.5/Clip_output_0_scale", "/lr_branch/se_block/pool/GlobalAveragePool_output_0_zero_point"], "opType": "DequantizeLinear", "comment": "@394 [/lr_branch/se_block/pool/GlobalAveragePool_output_0_DequantizeLinear_Output:(ty=1,shape=[1,1280,1,1])] DequantizeLinear [/lr_branch/se_block/pool/GlobalAveragePool_output_0_QuantizeLinear_Output:(ty=2,shape=[1,1280,1,1]),/lr_branch/backbone/features.2/conv/conv.5/Clip_output_0_scale:(ty=1,shape=[]),/lr_branch/se_block/pool/GlobalAveragePool_output_0_zero_point:(ty=2,shape=[])]", "device": "NPU"}, {"output": ["lr_branch.se_block.fc.0.weight_DequantizeLinear_Output"], "input": ["lr_branch.se_block.fc.0.weight_quantized", "lr_branch.se_block.fc.0.weight_scale", "lr_branch.se_block.fc.0.weight_zero_point"], "opType": "DequantizeLinear", "comment": "@112 [lr_branch.se_block.fc.0.weight_DequantizeLinear_Output:(ty=1,shape=[320,1280,1,1])] DequantizeLinear [lr_branch.se_block.fc.0.weight_quantized:(ty=3,shape=[320,1280,1,1]),lr_branch.se_block.fc.0.weight_scale:(ty=1,shape=[]),lr_branch.se_block.fc.0.weight_zero_point:(ty=3,shape=[])]", "device": "NPU"}, {"output": ["/lr_branch/se_block/fc/fc.0/Conv_output_0"], "input": ["/lr_branch/se_block/pool/GlobalAveragePool_output_0_DequantizeLinear_Output", "lr_branch.se_block.fc.0.weight_DequantizeLinear_Output"], "opType": "Conv", "comment": "@395 [/lr_branch/se_block/fc/fc.0/Conv_output_0:(ty=1,shape=[1,320,1,1])] Conv [/lr_branch/se_block/pool/GlobalAveragePool_output_0_DequantizeLinear_Output:(ty=1,shape=[1,1280,1,1]),lr_branch.se_block.fc.0.weight_DequantizeLinear_Output:(ty=1,shape=[320,1280,1,1])]", "device": "NPU"}, {"output": ["/lr_branch/se_block/fc/fc.1/Relu_output_0"], "input": ["/lr_branch/se_block/fc/fc.0/Conv_output_0"], "opType": "Relu", "comment": "@396 [/lr_branch/se_block/fc/fc.1/Relu_output_0:(ty=1,shape=[1,320,1,1])] Relu [/lr_branch/se_block/fc/fc.0/Conv_output_0:(ty=1,shape=[1,320,1,1])]", "device": "NPU"}, {"output": ["/lr_branch/se_block/fc/fc.1/Relu_output_0_QuantizeLinear_Output"], "input": ["/lr_branch/se_block/fc/fc.1/Relu_output_0", "onnx::Conv_672_scale", "/lr_branch/se_block/fc/fc.1/Relu_output_0_zero_point"], "opType": "QuantizeLinear", "comment": "@397 [/lr_branch/se_block/fc/fc.1/Relu_output_0_QuantizeLinear_Output:(ty=2,shape=[1,320,1,1])] QuantizeLinear [/lr_branch/se_block/fc/fc.1/Relu_output_0:(ty=1,shape=[1,320,1,1]),onnx::Conv_672_scale:(ty=1,shape=[]),/lr_branch/se_block/fc/fc.1/Relu_output_0_zero_point:(ty=2,shape=[])]", "device": "NPU"}, {"output": ["/lr_branch/se_block/fc/fc.1/Relu_output_0_DequantizeLinear_Output"], "input": ["/lr_branch/se_block/fc/fc.1/Relu_output_0_QuantizeLinear_Output", "onnx::Conv_672_scale", "/lr_branch/se_block/fc/fc.1/Relu_output_0_zero_point"], "opType": "DequantizeLinear", "comment": "@398 [/lr_branch/se_block/fc/fc.1/Relu_output_0_DequantizeLinear_Output:(ty=1,shape=[1,320,1,1])] DequantizeLinear [/lr_branch/se_block/fc/fc.1/Relu_output_0_QuantizeLinear_Output:(ty=2,shape=[1,320,1,1]),onnx::Conv_672_scale:(ty=1,shape=[]),/lr_branch/se_block/fc/fc.1/Relu_output_0_zero_point:(ty=2,shape=[])]", "device": "NPU"}, {"output": ["lr_branch.se_block.fc.2.weight_DequantizeLinear_Output"], "input": ["lr_branch.se_block.fc.2.weight_quantized", "onnx::Conv_722_scale", "lr_branch.se_block.fc.2.weight_zero_point"], "opType": "DequantizeLinear", "comment": "@113 [lr_branch.se_block.fc.2.weight_DequantizeLinear_Output:(ty=1,shape=[1280,320,1,1])] DequantizeLinear [lr_branch.se_block.fc.2.weight_quantized:(ty=3,shape=[1280,320,1,1]),onnx::Conv_722_scale:(ty=1,shape=[]),lr_branch.se_block.fc.2.weight_zero_point:(ty=3,shape=[])]", "device": "NPU"}, {"output": ["/lr_branch/se_block/fc/fc.2/Conv_output_0"], "input": ["/lr_branch/se_block/fc/fc.1/Relu_output_0_DequantizeLinear_Output", "lr_branch.se_block.fc.2.weight_DequantizeLinear_Output"], "opType": "Conv", "comment": "@399 [/lr_branch/se_block/fc/fc.2/Conv_output_0:(ty=1,shape=[1,1280,1,1])] Conv [/lr_branch/se_block/fc/fc.1/Relu_output_0_DequantizeLinear_Output:(ty=1,shape=[1,320,1,1]),lr_branch.se_block.fc.2.weight_DequantizeLinear_Output:(ty=1,shape=[1280,320,1,1])]", "device": "NPU"}, {"output": ["/lr_branch/se_block/fc/fc.2/Conv_output_0_QuantizeLinear_Output"], "input": ["/lr_branch/se_block/fc/fc.2/Conv_output_0", "onnx::Conv_683_scale", "/lr_branch/se_block/fc/fc.2/Conv_output_0_zero_point"], "opType": "QuantizeLinear", "comment": "@400 [/lr_branch/se_block/fc/fc.2/Conv_output_0_QuantizeLinear_Output:(ty=2,shape=[1,1280,1,1])] QuantizeLinear [/lr_branch/se_block/fc/fc.2/Conv_output_0:(ty=1,shape=[1,1280,1,1]),onnx::Conv_683_scale:(ty=1,shape=[]),/lr_branch/se_block/fc/fc.2/Conv_output_0_zero_point:(ty=2,shape=[])]", "device": "NPU"}, {"output": ["/lr_branch/se_block/fc/fc.2/Conv_output_0_DequantizeLinear_Output"], "input": ["/lr_branch/se_block/fc/fc.2/Conv_output_0_QuantizeLinear_Output", "onnx::Conv_683_scale", "/lr_branch/se_block/fc/fc.2/Conv_output_0_zero_point"], "opType": "DequantizeLinear", "comment": "@401 [/lr_branch/se_block/fc/fc.2/Conv_output_0_DequantizeLinear_Output:(ty=1,shape=[1,1280,1,1])] DequantizeLinear [/lr_branch/se_block/fc/fc.2/Conv_output_0_QuantizeLinear_Output:(ty=2,shape=[1,1280,1,1]),onnx::Conv_683_scale:(ty=1,shape=[]),/lr_branch/se_block/fc/fc.2/Conv_output_0_zero_point:(ty=2,shape=[])]", "device": "NPU"}, {"output": ["/lr_branch/se_block/fc/fc.3/Sigmoid_output_0_Mul"], "input": ["/lr_branch/se_block/fc/fc.2/Conv_output_0_DequantizeLinear_Output"], "opType": "HardSigmoid", "comment": "@402 [/lr_branch/se_block/fc/fc.3/Sigmoid_output_0_Mul:(ty=1,shape=[1,1280,1,1])] HardSigmoid [/lr_branch/se_block/fc/fc.2/Conv_output_0_DequantizeLinear_Output:(ty=1,shape=[1,1280,1,1])]", "device": "NPU"}, {"output": ["/lr_branch/se_block/fc/fc.3/Sigmoid_output_0"], "input": ["/lr_branch/se_block/fc/fc.3/Sigmoid_output_0_Mul", "/lr_branch/se_block/fc/fc.3/Sigmoid_output_0_Scale"], "opType": "Mul", "comment": "@403 [/lr_branch/se_block/fc/fc.3/Sigmoid_output_0:(ty=1,shape=[1,1280,1,1])] Mul [/lr_branch/se_block/fc/fc.3/Sigmoid_output_0_Mul:(ty=1,shape=[1,1280,1,1]),/lr_branch/se_block/fc/fc.3/Sigmoid_output_0_Scale:(ty=1,shape=[])]", "device": "NPU"}, {"output": ["/lr_branch/se_block/fc/fc.3/Sigmoid_output_0_QuantizeLinear_Output"], "input": ["/lr_branch/se_block/fc/fc.3/Sigmoid_output_0", "hr_branch.conv_hr2x.4.bias_scale", "/lr_branch/se_block/fc/fc.3/Sigmoid_output_0_zero_point"], "opType": "QuantizeLinear", "comment": "@404 [/lr_branch/se_block/fc/fc.3/Sigmoid_output_0_QuantizeLinear_Output:(ty=2,shape=[1,1280,1,1])] QuantizeLinear [/lr_branch/se_block/fc/fc.3/Sigmoid_output_0:(ty=1,shape=[1,1280,1,1]),hr_branch.conv_hr2x.4.bias_scale:(ty=1,shape=[]),/lr_branch/se_block/fc/fc.3/Sigmoid_output_0_zero_point:(ty=2,shape=[])]", "device": "NPU"}, {"output": ["/lr_branch/se_block/fc/fc.3/Sigmoid_output_0_DequantizeLinear_Output"], "input": ["/lr_branch/se_block/fc/fc.3/Sigmoid_output_0_QuantizeLinear_Output", "hr_branch.conv_hr2x.4.bias_scale", "/lr_branch/se_block/fc/fc.3/Sigmoid_output_0_zero_point"], "opType": "DequantizeLinear", "comment": "@405 [/lr_branch/se_block/fc/fc.3/Sigmoid_output_0_DequantizeLinear_Output:(ty=1,shape=[1,1280,1,1])] DequantizeLinear [/lr_branch/se_block/fc/fc.3/Sigmoid_output_0_QuantizeLinear_Output:(ty=2,shape=[1,1280,1,1]),hr_branch.conv_hr2x.4.bias_scale:(ty=1,shape=[]),/lr_branch/se_block/fc/fc.3/Sigmoid_output_0_zero_point:(ty=2,shape=[])]", "device": "NPU"}, {"output": ["/lr_branch/se_block/Mul_output_0"], "input": ["/lr_branch/backbone/features.18/features.18.2/Clip_output_0_DequantizeLinear_Output/duplicated", "/lr_branch/se_block/fc/fc.3/Sigmoid_output_0_DequantizeLinear_Output"], "opType": "Mul", "comment": "@406 [/lr_branch/se_block/Mul_output_0:(ty=1,shape=[1,1280,16,16])] Mul [/lr_branch/backbone/features.18/features.18.2/Clip_output_0_DequantizeLinear_Output/duplicated:(ty=1,shape=[1,1280,16,16]),/lr_branch/se_block/fc/fc.3/Sigmoid_output_0_DequantizeLinear_Output:(ty=1,shape=[1,1280,1,1])]", "device": "NPU"}, {"output": ["/lr_branch/se_block/Mul_output_0_QuantizeLinear_Output"], "input": ["/lr_branch/se_block/Mul_output_0", "onnx::Conv_672_scale", "/lr_branch/se_block/Mul_output_0_zero_point"], "opType": "QuantizeLinear", "comment": "@407 [/lr_branch/se_block/Mul_output_0_QuantizeLinear_Output:(ty=2,shape=[1,1280,16,16])] QuantizeLinear [/lr_branch/se_block/Mul_output_0:(ty=1,shape=[1,1280,16,16]),onnx::Conv_672_scale:(ty=1,shape=[]),/lr_branch/se_block/Mul_output_0_zero_point:(ty=2,shape=[])]", "device": "NPU"}, {"output": ["/lr_branch/se_block/Mul_output_0_DequantizeLinear_Output"], "input": ["/lr_branch/se_block/Mul_output_0_QuantizeLinear_Output", "onnx::Conv_672_scale", "/lr_branch/se_block/Mul_output_0_zero_point"], "opType": "DequantizeLinear", "comment": "@408 [/lr_branch/se_block/Mul_output_0_DequantizeLinear_Output:(ty=1,shape=[1,1280,16,16])] DequantizeLinear [/lr_branch/se_block/Mul_output_0_QuantizeLinear_Output:(ty=2,shape=[1,1280,16,16]),onnx::Conv_672_scale:(ty=1,shape=[]),/lr_branch/se_block/Mul_output_0_zero_point:(ty=2,shape=[])]", "device": "NPU"}, {"output": ["/lr_branch/Resize_output_0"], "input": ["/lr_branch/se_block/Mul_output_0_DequantizeLinear_Output", "VAIP_NOT_EXISTS", "/lr_branch/Constant_output_0"], "opType": "Resize", "comment": "@409 [/lr_branch/Resize_output_0:(ty=1,shape=[1,1280,32,32])] Resize [/lr_branch/se_block/Mul_output_0_DequantizeLinear_Output:(ty=1,shape=[1,1280,16,16]),N/A,/lr_branch/Constant_output_0:(ty=1,shape=[4])]", "device": "NPU"}, {"output": ["/lr_branch/Resize_output_0_QuantizeLinear_Output"], "input": ["/lr_branch/Resize_output_0", "onnx::Conv_672_scale", "/lr_branch/se_block/Mul_output_0_zero_point"], "opType": "QuantizeLinear", "comment": "@410 [/lr_branch/Resize_output_0_QuantizeLinear_Output:(ty=2,shape=[1,1280,32,32])] QuantizeLinear [/lr_branch/Resize_output_0:(ty=1,shape=[1,1280,32,32]),onnx::Conv_672_scale:(ty=1,shape=[]),/lr_branch/se_block/Mul_output_0_zero_point:(ty=2,shape=[])]", "device": "NPU"}, {"output": ["/lr_branch/Resize_output_0_DequantizeLinear_Output"], "input": ["/lr_branch/Resize_output_0_QuantizeLinear_Output", "onnx::Conv_672_scale", "/lr_branch/se_block/Mul_output_0_zero_point"], "opType": "DequantizeLinear", "comment": "@411 [/lr_branch/Resize_output_0_DequantizeLinear_Output:(ty=1,shape=[1,1280,32,32])] DequantizeLinear [/lr_branch/Resize_output_0_QuantizeLinear_Output:(ty=2,shape=[1,1280,32,32]),onnx::Conv_672_scale:(ty=1,shape=[]),/lr_branch/se_block/Mul_output_0_zero_point:(ty=2,shape=[])]", "device": "NPU"}, {"output": ["lr_branch.conv_lr16x.0.bias_DequantizeLinear_Output"], "input": ["lr_branch.conv_lr16x.0.bias_quantized", "onnx::Conv_683_scale", "lr_branch.conv_lr16x.0.bias_zero_point"], "opType": "DequantizeLinear", "comment": "@115 [lr_branch.conv_lr16x.0.bias_DequantizeLinear_Output:(ty=1,shape=[96])] DequantizeLinear [lr_branch.conv_lr16x.0.bias_quantized:(ty=3,shape=[96]),onnx::Conv_683_scale:(ty=1,shape=[]),lr_branch.conv_lr16x.0.bias_zero_point:(ty=3,shape=[])]", "device": "NPU"}, {"output": ["lr_branch.conv_lr16x.0.weight_DequantizeLinear_Output"], "input": ["lr_branch.conv_lr16x.0.weight_quantized", "lr_branch.conv_lr16x.0.weight_scale", "lr_branch.conv_lr16x.0.weight_zero_point"], "opType": "DequantizeLinear", "comment": "@114 [lr_branch.conv_lr16x.0.weight_DequantizeLinear_Output:(ty=1,shape=[96,1280,5,5])] DequantizeLinear [lr_branch.conv_lr16x.0.weight_quantized:(ty=3,shape=[96,1280,5,5]),lr_branch.conv_lr16x.0.weight_scale:(ty=1,shape=[]),lr_branch.conv_lr16x.0.weight_zero_point:(ty=3,shape=[])]", "device": "NPU"}, {"output": ["/lr_branch/conv_lr16x/conv_lr16x.0/Conv_output_0"], "input": ["/lr_branch/Resize_output_0_DequantizeLinear_Output", "lr_branch.conv_lr16x.0.weight_DequantizeLinear_Output", "lr_branch.conv_lr16x.0.bias_DequantizeLinear_Output"], "opType": "Conv", "comment": "@412 [/lr_branch/conv_lr16x/conv_lr16x.0/Conv_output_0:(ty=1,shape=[1,96,32,32])] Conv [/lr_branch/Resize_output_0_DequantizeLinear_Output:(ty=1,shape=[1,1280,32,32]),lr_branch.conv_lr16x.0.weight_DequantizeLinear_Output:(ty=1,shape=[96,1280,5,5]),lr_branch.conv_lr16x.0.bias_DequantizeLinear_Output:(ty=1,shape=[96])]", "device": "NPU"}, {"output": ["/lr_branch/conv_lr16x/conv_lr16x.1/Relu_output_0"], "input": ["/lr_branch/conv_lr16x/conv_lr16x.0/Conv_output_0"], "opType": "Relu", "comment": "@413 [/lr_branch/conv_lr16x/conv_lr16x.1/Relu_output_0:(ty=1,shape=[1,96,32,32])] Relu [/lr_branch/conv_lr16x/conv_lr16x.0/Conv_output_0:(ty=1,shape=[1,96,32,32])]", "device": "NPU"}, {"output": ["/lr_branch/conv_lr16x/conv_lr16x.1/Relu_output_0_QuantizeLinear_Output"], "input": ["/lr_branch/conv_lr16x/conv_lr16x.1/Relu_output_0", "/lr_branch/backbone/features.2/conv/conv.5/Clip_output_0_scale", "/lr_branch/conv_lr16x/conv_lr16x.1/Relu_output_0_zero_point"], "opType": "QuantizeLinear", "comment": "@414 [/lr_branch/conv_lr16x/conv_lr16x.1/Relu_output_0_QuantizeLinear_Output:(ty=2,shape=[1,96,32,32])] QuantizeLinear [/lr_branch/conv_lr16x/conv_lr16x.1/Relu_output_0:(ty=1,shape=[1,96,32,32]),/lr_branch/backbone/features.2/conv/conv.5/Clip_output_0_scale:(ty=1,shape=[]),/lr_branch/conv_lr16x/conv_lr16x.1/Relu_output_0_zero_point:(ty=2,shape=[])]", "device": "NPU"}, {"output": ["/lr_branch/conv_lr16x/conv_lr16x.1/Relu_output_0_DequantizeLinear_Output"], "input": ["/lr_branch/conv_lr16x/conv_lr16x.1/Relu_output_0_QuantizeLinear_Output", "/lr_branch/backbone/features.2/conv/conv.5/Clip_output_0_scale", "/lr_branch/conv_lr16x/conv_lr16x.1/Relu_output_0_zero_point"], "opType": "DequantizeLinear", "comment": "@415 [/lr_branch/conv_lr16x/conv_lr16x.1/Relu_output_0_DequantizeLinear_Output:(ty=1,shape=[1,96,32,32])] DequantizeLinear [/lr_branch/conv_lr16x/conv_lr16x.1/Relu_output_0_QuantizeLinear_Output:(ty=2,shape=[1,96,32,32]),/lr_branch/backbone/features.2/conv/conv.5/Clip_output_0_scale:(ty=1,shape=[]),/lr_branch/conv_lr16x/conv_lr16x.1/Relu_output_0_zero_point:(ty=2,shape=[])]", "device": "NPU"}, {"output": ["/lr_branch/Resize_1_output_0"], "input": ["/lr_branch/conv_lr16x/conv_lr16x.1/Relu_output_0_DequantizeLinear_Output", "VAIP_NOT_EXISTS", "/lr_branch/Constant_output_0"], "opType": "Resize", "comment": "@416 [/lr_branch/Resize_1_output_0:(ty=1,shape=[1,96,64,64])] Resize [/lr_branch/conv_lr16x/conv_lr16x.1/Relu_output_0_DequantizeLinear_Output:(ty=1,shape=[1,96,32,32]),N/A,/lr_branch/Constant_output_0:(ty=1,shape=[4])]", "device": "NPU"}, {"output": ["/lr_branch/Resize_1_output_0_QuantizeLinear_Output"], "input": ["/lr_branch/Resize_1_output_0", "/lr_branch/backbone/features.2/conv/conv.5/Clip_output_0_scale", "/lr_branch/conv_lr16x/conv_lr16x.1/Relu_output_0_zero_point"], "opType": "QuantizeLinear", "comment": "@417 [/lr_branch/Resize_1_output_0_QuantizeLinear_Output:(ty=2,shape=[1,96,64,64])] QuantizeLinear [/lr_branch/Resize_1_output_0:(ty=1,shape=[1,96,64,64]),/lr_branch/backbone/features.2/conv/conv.5/Clip_output_0_scale:(ty=1,shape=[]),/lr_branch/conv_lr16x/conv_lr16x.1/Relu_output_0_zero_point:(ty=2,shape=[])]", "device": "NPU"}, {"output": ["/lr_branch/Resize_1_output_0_DequantizeLinear_Output"], "input": ["/lr_branch/Resize_1_output_0_QuantizeLinear_Output", "/lr_branch/backbone/features.2/conv/conv.5/Clip_output_0_scale", "/lr_branch/conv_lr16x/conv_lr16x.1/Relu_output_0_zero_point"], "opType": "DequantizeLinear", "comment": "@418 [/lr_branch/Resize_1_output_0_DequantizeLinear_Output:(ty=1,shape=[1,96,64,64])] DequantizeLinear [/lr_branch/Resize_1_output_0_QuantizeLinear_Output:(ty=2,shape=[1,96,64,64]),/lr_branch/backbone/features.2/conv/conv.5/Clip_output_0_scale:(ty=1,shape=[]),/lr_branch/conv_lr16x/conv_lr16x.1/Relu_output_0_zero_point:(ty=2,shape=[])]", "device": "NPU"}, {"output": ["lr_branch.conv_lr8x.0.bias_DequantizeLinear_Output"], "input": ["lr_branch.conv_lr8x.0.bias_quantized", "onnx::Conv_683_scale", "lr_branch.conv_lr8x.0.bias_zero_point"], "opType": "DequantizeLinear", "comment": "@117 [lr_branch.conv_lr8x.0.bias_DequantizeLinear_Output:(ty=1,shape=[32])] DequantizeLinear [lr_branch.conv_lr8x.0.bias_quantized:(ty=3,shape=[32]),onnx::Conv_683_scale:(ty=1,shape=[]),lr_branch.conv_lr8x.0.bias_zero_point:(ty=3,shape=[])]", "device": "NPU"}, {"output": ["lr_branch.conv_lr8x.0.weight_DequantizeLinear_Output"], "input": ["lr_branch.conv_lr8x.0.weight_quantized", "onnx::Conv_722_scale", "lr_branch.conv_lr8x.0.weight_zero_point"], "opType": "DequantizeLinear", "comment": "@116 [lr_branch.conv_lr8x.0.weight_DequantizeLinear_Output:(ty=1,shape=[32,96,5,5])] DequantizeLinear [lr_branch.conv_lr8x.0.weight_quantized:(ty=3,shape=[32,96,5,5]),onnx::Conv_722_scale:(ty=1,shape=[]),lr_branch.conv_lr8x.0.weight_zero_point:(ty=3,shape=[])]", "device": "NPU"}, {"output": ["/lr_branch/conv_lr8x/conv_lr8x.0/Conv_output_0"], "input": ["/lr_branch/Resize_1_output_0_DequantizeLinear_Output", "lr_branch.conv_lr8x.0.weight_DequantizeLinear_Output", "lr_branch.conv_lr8x.0.bias_DequantizeLinear_Output"], "opType": "Conv", "comment": "@419 [/lr_branch/conv_lr8x/conv_lr8x.0/Conv_output_0:(ty=1,shape=[1,32,64,64])] Conv [/lr_branch/Resize_1_output_0_DequantizeLinear_Output:(ty=1,shape=[1,96,64,64]),lr_branch.conv_lr8x.0.weight_DequantizeLinear_Output:(ty=1,shape=[32,96,5,5]),lr_branch.conv_lr8x.0.bias_DequantizeLinear_Output:(ty=1,shape=[32])]", "device": "NPU"}, {"output": ["/lr_branch/conv_lr8x/conv_lr8x.1/Relu_output_0"], "input": ["/lr_branch/conv_lr8x/conv_lr8x.0/Conv_output_0"], "opType": "Relu", "comment": "@420 [/lr_branch/conv_lr8x/conv_lr8x.1/Relu_output_0:(ty=1,shape=[1,32,64,64])] Relu [/lr_branch/conv_lr8x/conv_lr8x.0/Conv_output_0:(ty=1,shape=[1,32,64,64])]", "device": "NPU"}, {"output": ["/lr_branch/conv_lr8x/conv_lr8x.1/Relu_output_0_QuantizeLinear_Output"], "input": ["/lr_branch/conv_lr8x/conv_lr8x.1/Relu_output_0", "/lr_branch/backbone/features.2/conv/conv.5/Clip_output_0_scale", "/lr_branch/conv_lr8x/conv_lr8x.1/Relu_output_0_zero_point"], "opType": "QuantizeLinear", "comment": "@421 [/lr_branch/conv_lr8x/conv_lr8x.1/Relu_output_0_QuantizeLinear_Output:(ty=2,shape=[1,32,64,64])] QuantizeLinear [/lr_branch/conv_lr8x/conv_lr8x.1/Relu_output_0:(ty=1,shape=[1,32,64,64]),/lr_branch/backbone/features.2/conv/conv.5/Clip_output_0_scale:(ty=1,shape=[]),/lr_branch/conv_lr8x/conv_lr8x.1/Relu_output_0_zero_point:(ty=2,shape=[])]", "device": "NPU"}, {"output": ["/lr_branch/conv_lr8x/conv_lr8x.1/Relu_output_0_DequantizeLinear_Output"], "input": ["/lr_branch/conv_lr8x/conv_lr8x.1/Relu_output_0_QuantizeLinear_Output", "/lr_branch/backbone/features.2/conv/conv.5/Clip_output_0_scale", "/lr_branch/conv_lr8x/conv_lr8x.1/Relu_output_0_zero_point"], "opType": "DequantizeLinear", "comment": "@422 [/lr_branch/conv_lr8x/conv_lr8x.1/Relu_output_0_DequantizeLinear_Output:(ty=1,shape=[1,32,64,64])] DequantizeLinear [/lr_branch/conv_lr8x/conv_lr8x.1/Relu_output_0_QuantizeLinear_Output:(ty=2,shape=[1,32,64,64]),/lr_branch/backbone/features.2/conv/conv.5/Clip_output_0_scale:(ty=1,shape=[]),/lr_branch/conv_lr8x/conv_lr8x.1/Relu_output_0_zero_point:(ty=2,shape=[])]", "device": "NPU"}, {"output": ["/hr_branch/Resize_2_output_0"], "input": ["/lr_branch/conv_lr8x/conv_lr8x.1/Relu_output_0_DequantizeLinear_Output", "VAIP_NOT_EXISTS", "/lr_branch/Constant_output_0"], "opType": "Resize", "comment": "@423 [/hr_branch/Resize_2_output_0:(ty=1,shape=[1,32,128,128])] Resize [/lr_branch/conv_lr8x/conv_lr8x.1/Relu_output_0_DequantizeLinear_Output:(ty=1,shape=[1,32,64,64]),N/A,/lr_branch/Constant_output_0:(ty=1,shape=[4])]", "device": "NPU"}, {"output": ["/hr_branch/Resize_2_output_0_QuantizeLinear_Output"], "input": ["/hr_branch/Resize_2_output_0", "/lr_branch/backbone/features.2/conv/conv.5/Clip_output_0_scale", "/lr_branch/conv_lr8x/conv_lr8x.1/Relu_output_0_zero_point"], "opType": "QuantizeLinear", "comment": "@424 [/hr_branch/Resize_2_output_0_QuantizeLinear_Output:(ty=2,shape=[1,32,128,128])] QuantizeLinear [/hr_branch/Resize_2_output_0:(ty=1,shape=[1,32,128,128]),/lr_branch/backbone/features.2/conv/conv.5/Clip_output_0_scale:(ty=1,shape=[]),/lr_branch/conv_lr8x/conv_lr8x.1/Relu_output_0_zero_point:(ty=2,shape=[])]", "device": "NPU"}, {"output": ["/hr_branch/Resize_2_output_0_DequantizeLinear_Output/duplicated"], "input": ["/hr_branch/Resize_2_output_0_QuantizeLinear_Output", "/lr_branch/backbone/features.2/conv/conv.5/Clip_output_0_scale", "/lr_branch/conv_lr8x/conv_lr8x.1/Relu_output_0_zero_point"], "opType": "DequantizeLinear", "comment": "@506 [/hr_branch/Resize_2_output_0_DequantizeLinear_Output/duplicated:(ty=1,shape=[1,32,128,128])] DequantizeLinear [/hr_branch/Resize_2_output_0_QuantizeLinear_Output:(ty=2,shape=[1,32,128,128]),/lr_branch/backbone/features.2/conv/conv.5/Clip_output_0_scale:(ty=1,shape=[]),/lr_branch/conv_lr8x/conv_lr8x.1/Relu_output_0_zero_point:(ty=2,shape=[])]", "device": "NPU"}, {"output": ["input_DequantizeLinear_Output/duplicated_token_0"], "input": ["input_QuantizeLinear_Output", "/hr_branch/conv_hr2x/conv_hr2x.7/Relu_output_0_scale", "input_zero_point"], "opType": "DequantizeLinear", "comment": "@491 [input_DequantizeLinear_Output/duplicated_token_0:(ty=1,shape=[1,3,512,512])] DequantizeLinear [input_QuantizeLinear_Output:(ty=2,shape=[1,3,512,512]),/hr_branch/conv_hr2x/conv_hr2x.7/Relu_output_0_scale:(ty=1,shape=[]),input_zero_point:(ty=2,shape=[])]", "device": "CPU"}, {"output": ["/hr_branch/Resize_1_output_0"], "input": ["input_DequantizeLinear_Output/duplicated_token_0", "VAIP_NOT_EXISTS", "/hr_branch/Constant_1_output_0"], "opType": "Resize", "comment": "@144 [/hr_branch/Resize_1_output_0:(ty=1,shape=[1,3,128,128])] Resize [input_DequantizeLinear_Output/duplicated_token_0:(ty=1,shape=[1,3,512,512]),N/A,/hr_branch/Constant_1_output_0:(ty=1,shape=[4])]", "device": "CPU"}, {"output": ["/hr_branch/Resize_1_output_0_QuantizeLinear_Output"], "input": ["/hr_branch/Resize_1_output_0", "/lr_branch/backbone/features.2/conv/conv.5/Clip_output_0_scale", "/hr_branch/Resize_1_output_0_zero_point"], "opType": "QuantizeLinear", "comment": "@390 [/hr_branch/Resize_1_output_0_QuantizeLinear_Output:(ty=2,shape=[1,3,128,128])] QuantizeLinear [/hr_branch/Resize_1_output_0:(ty=1,shape=[1,3,128,128]),/lr_branch/backbone/features.2/conv/conv.5/Clip_output_0_scale:(ty=1,shape=[]),/hr_branch/Resize_1_output_0_zero_point:(ty=2,shape=[])]", "device": "CPU"}, {"output": ["/hr_branch/Resize_1_output_0_DequantizeLinear_Output"], "input": ["/hr_branch/Resize_1_output_0_QuantizeLinear_Output", "/lr_branch/backbone/features.2/conv/conv.5/Clip_output_0_scale", "/hr_branch/Resize_1_output_0_zero_point"], "opType": "DequantizeLinear", "comment": "@391 [/hr_branch/Resize_1_output_0_DequantizeLinear_Output:(ty=1,shape=[1,3,128,128])] DequantizeLinear [/hr_branch/Resize_1_output_0_QuantizeLinear_Output:(ty=2,shape=[1,3,128,128]),/lr_branch/backbone/features.2/conv/conv.5/Clip_output_0_scale:(ty=1,shape=[]),/hr_branch/Resize_1_output_0_zero_point:(ty=2,shape=[])]", "device": "NPU"}, {"output": ["/lr_branch/backbone/features.3/Add_output_0_DequantizeLinear_Output/duplicated"], "input": ["/lr_branch/backbone/features.3/Add_output_0_QuantizeLinear_Output", "/lr_branch/backbone/features.2/conv/conv.5/Clip_output_0_scale", "/lr_branch/backbone/features.3/Add_output_0_zero_point"], "opType": "DequantizeLinear", "comment": "@495 [/lr_branch/backbone/features.3/Add_output_0_DequantizeLinear_Output/duplicated:(ty=1,shape=[1,24,128,128])] DequantizeLinear [/lr_branch/backbone/features.3/Add_output_0_QuantizeLinear_Output:(ty=2,shape=[1,24,128,128]),/lr_branch/backbone/features.2/conv/conv.5/Clip_output_0_scale:(ty=1,shape=[]),/lr_branch/backbone/features.3/Add_output_0_zero_point:(ty=2,shape=[])]", "device": "NPU"}, {"output": ["hr_branch.tohr_enc4x.0.bias_DequantizeLinear_Output"], "input": ["hr_branch.tohr_enc4x.0.bias_quantized", "onnx::Conv_683_scale", "hr_branch.tohr_enc4x.0.bias_zero_point"], "opType": "DequantizeLinear", "comment": "@25 [hr_branch.tohr_enc4x.0.bias_DequantizeLinear_Output:(ty=1,shape=[32])] DequantizeLinear [hr_branch.tohr_enc4x.0.bias_quantized:(ty=3,shape=[32]),onnx::Conv_683_scale:(ty=1,shape=[]),hr_branch.tohr_enc4x.0.bias_zero_point:(ty=3,shape=[])]", "device": "NPU"}, {"output": ["hr_branch.tohr_enc4x.0.weight_DequantizeLinear_Output"], "input": ["hr_branch.tohr_enc4x.0.weight_quantized", "hr_branch.conv_hr2x.4.bias_scale", "hr_branch.tohr_enc4x.0.weight_zero_point"], "opType": "DequantizeLinear", "comment": "@24 [hr_branch.tohr_enc4x.0.weight_DequantizeLinear_Output:(ty=1,shape=[32,24,1,1])] DequantizeLinear [hr_branch.tohr_enc4x.0.weight_quantized:(ty=3,shape=[32,24,1,1]),hr_branch.conv_hr2x.4.bias_scale:(ty=1,shape=[]),hr_branch.tohr_enc4x.0.weight_zero_point:(ty=3,shape=[])]", "device": "NPU"}, {"output": ["/hr_branch/tohr_enc4x/tohr_enc4x.0/Conv_output_0"], "input": ["/lr_branch/backbone/features.3/Add_output_0_DequantizeLinear_Output/duplicated", "hr_branch.tohr_enc4x.0.weight_DequantizeLinear_Output", "hr_branch.tohr_enc4x.0.bias_DequantizeLinear_Output"], "opType": "Conv", "comment": "@194 [/hr_branch/tohr_enc4x/tohr_enc4x.0/Conv_output_0:(ty=1,shape=[1,32,128,128])] Conv [/lr_branch/backbone/features.3/Add_output_0_DequantizeLinear_Output/duplicated:(ty=1,shape=[1,24,128,128]),hr_branch.tohr_enc4x.0.weight_DequantizeLinear_Output:(ty=1,shape=[32,24,1,1]),hr_branch.tohr_enc4x.0.bias_DequantizeLinear_Output:(ty=1,shape=[32])]", "device": "NPU"}, {"output": ["/hr_branch/tohr_enc4x/tohr_enc4x.1/Relu_output_0"], "input": ["/hr_branch/tohr_enc4x/tohr_enc4x.0/Conv_output_0"], "opType": "Relu", "comment": "@196 [/hr_branch/tohr_enc4x/tohr_enc4x.1/Relu_output_0:(ty=1,shape=[1,32,128,128])] Relu [/hr_branch/tohr_enc4x/tohr_enc4x.0/Conv_output_0:(ty=1,shape=[1,32,128,128])]", "device": "NPU"}, {"output": ["/hr_branch/tohr_enc4x/tohr_enc4x.1/Relu_output_0_QuantizeLinear_Output"], "input": ["/hr_branch/tohr_enc4x/tohr_enc4x.1/Relu_output_0", "/lr_branch/backbone/features.2/conv/conv.5/Clip_output_0_scale", "/hr_branch/tohr_enc4x/tohr_enc4x.1/Relu_output_0_zero_point"], "opType": "QuantizeLinear", "comment": "@201 [/hr_branch/tohr_enc4x/tohr_enc4x.1/Relu_output_0_QuantizeLinear_Output:(ty=2,shape=[1,32,128,128])] QuantizeLinear [/hr_branch/tohr_enc4x/tohr_enc4x.1/Relu_output_0:(ty=1,shape=[1,32,128,128]),/lr_branch/backbone/features.2/conv/conv.5/Clip_output_0_scale:(ty=1,shape=[]),/hr_branch/tohr_enc4x/tohr_enc4x.1/Relu_output_0_zero_point:(ty=2,shape=[])]", "device": "NPU"}, {"output": ["/hr_branch/tohr_enc4x/tohr_enc4x.1/Relu_output_0_DequantizeLinear_Output"], "input": ["/hr_branch/tohr_enc4x/tohr_enc4x.1/Relu_output_0_QuantizeLinear_Output", "/lr_branch/backbone/features.2/conv/conv.5/Clip_output_0_scale", "/hr_branch/tohr_enc4x/tohr_enc4x.1/Relu_output_0_zero_point"], "opType": "DequantizeLinear", "comment": "@202 [/hr_branch/tohr_enc4x/tohr_enc4x.1/Relu_output_0_DequantizeLinear_Output:(ty=1,shape=[1,32,128,128])] DequantizeLinear [/hr_branch/tohr_enc4x/tohr_enc4x.1/Relu_output_0_QuantizeLinear_Output:(ty=2,shape=[1,32,128,128]),/lr_branch/backbone/features.2/conv/conv.5/Clip_output_0_scale:(ty=1,shape=[]),/hr_branch/tohr_enc4x/tohr_enc4x.1/Relu_output_0_zero_point:(ty=2,shape=[])]", "device": "NPU"}, {"output": ["input_DequantizeLinear_Output/duplicated"], "input": ["input_QuantizeLinear_Output", "/hr_branch/conv_hr2x/conv_hr2x.7/Relu_output_0_scale", "input_zero_point"], "opType": "DequantizeLinear", "comment": "@490 [input_DequantizeLinear_Output/duplicated:(ty=1,shape=[1,3,512,512])] DequantizeLinear [input_QuantizeLinear_Output:(ty=2,shape=[1,3,512,512]),/hr_branch/conv_hr2x/conv_hr2x.7/Relu_output_0_scale:(ty=1,shape=[]),input_zero_point:(ty=2,shape=[])]", "device": "NPU"}, {"output": ["/hr_branch/Resize_output_0"], "input": ["input_DequantizeLinear_Output/duplicated", "VAIP_NOT_EXISTS", "/hr_branch/Constant_output_0"], "opType": "Resize", "comment": "@143 [/hr_branch/Resize_output_0:(ty=1,shape=[1,3,256,256])] Resize [input_DequantizeLinear_Output/duplicated:(ty=1,shape=[1,3,512,512]),N/A,/hr_branch/Constant_output_0:(ty=1,shape=[4])]", "device": "NPU"}, {"output": ["/hr_branch/Resize_output_0_QuantizeLinear_Output"], "input": ["/hr_branch/Resize_output_0", "/hr_branch/Concat_output_0_scale", "/hr_branch/Resize_output_0_zero_point"], "opType": "QuantizeLinear", "comment": "@165 [/hr_branch/Resize_output_0_QuantizeLinear_Output:(ty=2,shape=[1,3,256,256])] QuantizeLinear [/hr_branch/Resize_output_0:(ty=1,shape=[1,3,256,256]),/hr_branch/Concat_output_0_scale:(ty=1,shape=[]),/hr_branch/Resize_output_0_zero_point:(ty=2,shape=[])]", "device": "NPU"}, {"output": ["/hr_branch/Resize_output_0_DequantizeLinear_Output"], "input": ["/hr_branch/Resize_output_0_QuantizeLinear_Output", "/hr_branch/Concat_output_0_scale", "/hr_branch/Resize_output_0_zero_point"], "opType": "DequantizeLinear", "comment": "@166 [/hr_branch/Resize_output_0_DequantizeLinear_Output:(ty=1,shape=[1,3,256,256])] DequantizeLinear [/hr_branch/Resize_output_0_QuantizeLinear_Output:(ty=2,shape=[1,3,256,256]),/hr_branch/Concat_output_0_scale:(ty=1,shape=[]),/hr_branch/Resize_output_0_zero_point:(ty=2,shape=[])]", "device": "NPU"}, {"output": ["/hr_branch/tohr_enc2x/tohr_enc2x.1/Relu_output_0_DequantizeLinear_Output"], "input": ["/hr_branch/tohr_enc2x/tohr_enc2x.1/Relu_output_0_QuantizeLinear_Output", "/hr_branch/Concat_output_0_scale", "/hr_branch/tohr_enc2x/tohr_enc2x.1/Relu_output_0_zero_point"], "opType": "DequantizeLinear", "comment": "@164 [/hr_branch/tohr_enc2x/tohr_enc2x.1/Relu_output_0_DequantizeLinear_Output:(ty=1,shape=[1,32,256,256])] DequantizeLinear [/hr_branch/tohr_enc2x/tohr_enc2x.1/Relu_output_0_QuantizeLinear_Output:(ty=2,shape=[1,32,256,256]),/hr_branch/Concat_output_0_scale:(ty=1,shape=[]),/hr_branch/tohr_enc2x/tohr_enc2x.1/Relu_output_0_zero_point:(ty=2,shape=[])]", "device": "NPU"}, {"output": ["/hr_branch/Concat_output_0"], "input": ["/hr_branch/Resize_output_0_DequantizeLinear_Output", "/hr_branch/tohr_enc2x/tohr_enc2x.1/Relu_output_0_DequantizeLinear_Output"], "opType": "Concat", "comment": "@167 [/hr_branch/Concat_output_0:(ty=1,shape=[1,35,256,256])] Concat [/hr_branch/Resize_output_0_DequantizeLinear_Output:(ty=1,shape=[1,3,256,256]),/hr_branch/tohr_enc2x/tohr_enc2x.1/Relu_output_0_DequantizeLinear_Output:(ty=1,shape=[1,32,256,256])]", "device": "NPU"}, {"output": ["/hr_branch/Concat_output_0_QuantizeLinear_Output"], "input": ["/hr_branch/Concat_output_0", "/hr_branch/Concat_output_0_scale", "/hr_branch/Concat_output_0_zero_point"], "opType": "QuantizeLinear", "comment": "@168 [/hr_branch/Concat_output_0_QuantizeLinear_Output:(ty=2,shape=[1,35,256,256])] QuantizeLinear [/hr_branch/Concat_output_0:(ty=1,shape=[1,35,256,256]),/hr_branch/Concat_output_0_scale:(ty=1,shape=[]),/hr_branch/Concat_output_0_zero_point:(ty=2,shape=[])]", "device": "NPU"}, {"output": ["/hr_branch/Concat_output_0_DequantizeLinear_Output"], "input": ["/hr_branch/Concat_output_0_QuantizeLinear_Output", "/hr_branch/Concat_output_0_scale", "/hr_branch/Concat_output_0_zero_point"], "opType": "DequantizeLinear", "comment": "@169 [/hr_branch/Concat_output_0_DequantizeLinear_Output:(ty=1,shape=[1,35,256,256])] DequantizeLinear [/hr_branch/Concat_output_0_QuantizeLinear_Output:(ty=2,shape=[1,35,256,256]),/hr_branch/Concat_output_0_scale:(ty=1,shape=[]),/hr_branch/Concat_output_0_zero_point:(ty=2,shape=[])]", "device": "NPU"}, {"output": ["hr_branch.conv_enc2x.0.bias_DequantizeLinear_Output"], "input": ["hr_branch.conv_enc2x.0.bias_quantized", "onnx::Conv_683_scale", "hr_branch.conv_enc2x.0.bias_zero_point"], "opType": "DequantizeLinear", "comment": "@13 [hr_branch.conv_enc2x.0.bias_DequantizeLinear_Output:(ty=1,shape=[32])] DequantizeLinear [hr_branch.conv_enc2x.0.bias_quantized:(ty=3,shape=[32]),onnx::Conv_683_scale:(ty=1,shape=[]),hr_branch.conv_enc2x.0.bias_zero_point:(ty=3,shape=[])]", "device": "NPU"}, {"output": ["hr_branch.conv_enc2x.0.weight_DequantizeLinear_Output"], "input": ["hr_branch.conv_enc2x.0.weight_quantized", "f_branch.conv_f2x.0.weight_scale", "hr_branch.conv_enc2x.0.weight_zero_point"], "opType": "DequantizeLinear", "comment": "@12 [hr_branch.conv_enc2x.0.weight_DequantizeLinear_Output:(ty=1,shape=[32,35,3,3])] DequantizeLinear [hr_branch.conv_enc2x.0.weight_quantized:(ty=3,shape=[32,35,3,3]),f_branch.conv_f2x.0.weight_scale:(ty=1,shape=[]),hr_branch.conv_enc2x.0.weight_zero_point:(ty=3,shape=[])]", "device": "NPU"}, {"output": ["/hr_branch/conv_enc2x/conv_enc2x.0/Conv_output_0"], "input": ["/hr_branch/Concat_output_0_DequantizeLinear_Output", "hr_branch.conv_enc2x.0.weight_DequantizeLinear_Output", "hr_branch.conv_enc2x.0.bias_DequantizeLinear_Output"], "opType": "Conv", "comment": "@170 [/hr_branch/conv_enc2x/conv_enc2x.0/Conv_output_0:(ty=1,shape=[1,32,128,128])] Conv [/hr_branch/Concat_output_0_DequantizeLinear_Output:(ty=1,shape=[1,35,256,256]),hr_branch.conv_enc2x.0.weight_DequantizeLinear_Output:(ty=1,shape=[32,35,3,3]),hr_branch.conv_enc2x.0.bias_DequantizeLinear_Output:(ty=1,shape=[32])]", "device": "NPU"}, {"output": ["/hr_branch/conv_enc2x/conv_enc2x.1/Relu_output_0"], "input": ["/hr_branch/conv_enc2x/conv_enc2x.0/Conv_output_0"], "opType": "Relu", "comment": "@171 [/hr_branch/conv_enc2x/conv_enc2x.1/Relu_output_0:(ty=1,shape=[1,32,128,128])] Relu [/hr_branch/conv_enc2x/conv_enc2x.0/Conv_output_0:(ty=1,shape=[1,32,128,128])]", "device": "NPU"}, {"output": ["/hr_branch/conv_enc2x/conv_enc2x.1/Relu_output_0_QuantizeLinear_Output"], "input": ["/hr_branch/conv_enc2x/conv_enc2x.1/Relu_output_0", "/lr_branch/backbone/features.2/conv/conv.5/Clip_output_0_scale", "/hr_branch/conv_enc2x/conv_enc2x.1/Relu_output_0_zero_point"], "opType": "QuantizeLinear", "comment": "@179 [/hr_branch/conv_enc2x/conv_enc2x.1/Relu_output_0_QuantizeLinear_Output:(ty=2,shape=[1,32,128,128])] QuantizeLinear [/hr_branch/conv_enc2x/conv_enc2x.1/Relu_output_0:(ty=1,shape=[1,32,128,128]),/lr_branch/backbone/features.2/conv/conv.5/Clip_output_0_scale:(ty=1,shape=[]),/hr_branch/conv_enc2x/conv_enc2x.1/Relu_output_0_zero_point:(ty=2,shape=[])]", "device": "NPU"}, {"output": ["/hr_branch/conv_enc2x/conv_enc2x.1/Relu_output_0_DequantizeLinear_Output"], "input": ["/hr_branch/conv_enc2x/conv_enc2x.1/Relu_output_0_QuantizeLinear_Output", "/lr_branch/backbone/features.2/conv/conv.5/Clip_output_0_scale", "/hr_branch/conv_enc2x/conv_enc2x.1/Relu_output_0_zero_point"], "opType": "DequantizeLinear", "comment": "@180 [/hr_branch/conv_enc2x/conv_enc2x.1/Relu_output_0_DequantizeLinear_Output:(ty=1,shape=[1,32,128,128])] DequantizeLinear [/hr_branch/conv_enc2x/conv_enc2x.1/Relu_output_0_QuantizeLinear_Output:(ty=2,shape=[1,32,128,128]),/lr_branch/backbone/features.2/conv/conv.5/Clip_output_0_scale:(ty=1,shape=[]),/hr_branch/conv_enc2x/conv_enc2x.1/Relu_output_0_zero_point:(ty=2,shape=[])]", "device": "NPU"}, {"output": ["/hr_branch/Concat_1_output_0"], "input": ["/hr_branch/conv_enc2x/conv_enc2x.1/Relu_output_0_DequantizeLinear_Output", "/hr_branch/tohr_enc4x/tohr_enc4x.1/Relu_output_0_DequantizeLinear_Output"], "opType": "Concat", "comment": "@203 [/hr_branch/Concat_1_output_0:(ty=1,shape=[1,64,128,128])] Concat [/hr_branch/conv_enc2x/conv_enc2x.1/Relu_output_0_DequantizeLinear_Output:(ty=1,shape=[1,32,128,128]),/hr_branch/tohr_enc4x/tohr_enc4x.1/Relu_output_0_DequantizeLinear_Output:(ty=1,shape=[1,32,128,128])]", "device": "NPU"}, {"output": ["/hr_branch/Concat_1_output_0_QuantizeLinear_Output"], "input": ["/hr_branch/Concat_1_output_0", "/lr_branch/backbone/features.2/conv/conv.5/Clip_output_0_scale", "/hr_branch/Concat_1_output_0_zero_point"], "opType": "QuantizeLinear", "comment": "@204 [/hr_branch/Concat_1_output_0_QuantizeLinear_Output:(ty=2,shape=[1,64,128,128])] QuantizeLinear [/hr_branch/Concat_1_output_0:(ty=1,shape=[1,64,128,128]),/lr_branch/backbone/features.2/conv/conv.5/Clip_output_0_scale:(ty=1,shape=[]),/hr_branch/Concat_1_output_0_zero_point:(ty=2,shape=[])]", "device": "NPU"}, {"output": ["/hr_branch/Concat_1_output_0_DequantizeLinear_Output"], "input": ["/hr_branch/Concat_1_output_0_QuantizeLinear_Output", "/lr_branch/backbone/features.2/conv/conv.5/Clip_output_0_scale", "/hr_branch/Concat_1_output_0_zero_point"], "opType": "DequantizeLinear", "comment": "@205 [/hr_branch/Concat_1_output_0_DequantizeLinear_Output:(ty=1,shape=[1,64,128,128])] DequantizeLinear [/hr_branch/Concat_1_output_0_QuantizeLinear_Output:(ty=2,shape=[1,64,128,128]),/lr_branch/backbone/features.2/conv/conv.5/Clip_output_0_scale:(ty=1,shape=[]),/hr_branch/Concat_1_output_0_zero_point:(ty=2,shape=[])]", "device": "NPU"}, {"output": ["hr_branch.conv_enc4x.0.bias_DequantizeLinear_Output"], "input": ["hr_branch.conv_enc4x.0.bias_quantized", "onnx::Conv_683_scale", "hr_branch.conv_enc4x.0.bias_zero_point"], "opType": "DequantizeLinear", "comment": "@29 [hr_branch.conv_enc4x.0.bias_DequantizeLinear_Output:(ty=1,shape=[64])] DequantizeLinear [hr_branch.conv_enc4x.0.bias_quantized:(ty=3,shape=[64]),onnx::Conv_683_scale:(ty=1,shape=[]),hr_branch.conv_enc4x.0.bias_zero_point:(ty=3,shape=[])]", "device": "NPU"}, {"output": ["hr_branch.conv_enc4x.0.weight_DequantizeLinear_Output"], "input": ["hr_branch.conv_enc4x.0.weight_quantized", "f_branch.conv_f2x.0.weight_scale", "hr_branch.conv_enc4x.0.weight_zero_point"], "opType": "DequantizeLinear", "comment": "@28 [hr_branch.conv_enc4x.0.weight_DequantizeLinear_Output:(ty=1,shape=[64,64,3,3])] DequantizeLinear [hr_branch.conv_enc4x.0.weight_quantized:(ty=3,shape=[64,64,3,3]),f_branch.conv_f2x.0.weight_scale:(ty=1,shape=[]),hr_branch.conv_enc4x.0.weight_zero_point:(ty=3,shape=[])]", "device": "NPU"}, {"output": ["/hr_branch/conv_enc4x/conv_enc4x.0/Conv_output_0"], "input": ["/hr_branch/Concat_1_output_0_DequantizeLinear_Output", "hr_branch.conv_enc4x.0.weight_DequantizeLinear_Output", "hr_branch.conv_enc4x.0.bias_DequantizeLinear_Output"], "opType": "Conv", "comment": "@206 [/hr_branch/conv_enc4x/conv_enc4x.0/Conv_output_0:(ty=1,shape=[1,64,128,128])] Conv [/hr_branch/Concat_1_output_0_DequantizeLinear_Output:(ty=1,shape=[1,64,128,128]),hr_branch.conv_enc4x.0.weight_DequantizeLinear_Output:(ty=1,shape=[64,64,3,3]),hr_branch.conv_enc4x.0.bias_DequantizeLinear_Output:(ty=1,shape=[64])]", "device": "NPU"}, {"output": ["/hr_branch/conv_enc4x/conv_enc4x.1/Relu_output_0"], "input": ["/hr_branch/conv_enc4x/conv_enc4x.0/Conv_output_0"], "opType": "Relu", "comment": "@207 [/hr_branch/conv_enc4x/conv_enc4x.1/Relu_output_0:(ty=1,shape=[1,64,128,128])] Relu [/hr_branch/conv_enc4x/conv_enc4x.0/Conv_output_0:(ty=1,shape=[1,64,128,128])]", "device": "NPU"}, {"output": ["/hr_branch/conv_enc4x/conv_enc4x.1/Relu_output_0_QuantizeLinear_Output"], "input": ["/hr_branch/conv_enc4x/conv_enc4x.1/Relu_output_0", "/lr_branch/backbone/features.2/conv/conv.5/Clip_output_0_scale", "/hr_branch/conv_enc4x/conv_enc4x.1/Relu_output_0_zero_point"], "opType": "QuantizeLinear", "comment": "@215 [/hr_branch/conv_enc4x/conv_enc4x.1/Relu_output_0_QuantizeLinear_Output:(ty=2,shape=[1,64,128,128])] QuantizeLinear [/hr_branch/conv_enc4x/conv_enc4x.1/Relu_output_0:(ty=1,shape=[1,64,128,128]),/lr_branch/backbone/features.2/conv/conv.5/Clip_output_0_scale:(ty=1,shape=[]),/hr_branch/conv_enc4x/conv_enc4x.1/Relu_output_0_zero_point:(ty=2,shape=[])]", "device": "NPU"}, {"output": ["/hr_branch/conv_enc4x/conv_enc4x.1/Relu_output_0_DequantizeLinear_Output"], "input": ["/hr_branch/conv_enc4x/conv_enc4x.1/Relu_output_0_QuantizeLinear_Output", "/lr_branch/backbone/features.2/conv/conv.5/Clip_output_0_scale", "/hr_branch/conv_enc4x/conv_enc4x.1/Relu_output_0_zero_point"], "opType": "DequantizeLinear", "comment": "@216 [/hr_branch/conv_enc4x/conv_enc4x.1/Relu_output_0_DequantizeLinear_Output:(ty=1,shape=[1,64,128,128])] DequantizeLinear [/hr_branch/conv_enc4x/conv_enc4x.1/Relu_output_0_QuantizeLinear_Output:(ty=2,shape=[1,64,128,128]),/lr_branch/backbone/features.2/conv/conv.5/Clip_output_0_scale:(ty=1,shape=[]),/hr_branch/conv_enc4x/conv_enc4x.1/Relu_output_0_zero_point:(ty=2,shape=[])]", "device": "NPU"}, {"output": ["/hr_branch/Concat_2_output_0"], "input": ["/hr_branch/conv_enc4x/conv_enc4x.1/Relu_output_0_DequantizeLinear_Output", "/hr_branch/Resize_2_output_0_DequantizeLinear_Output/duplicated", "/hr_branch/Resize_1_output_0_DequantizeLinear_Output"], "opType": "Concat", "comment": "@428 [/hr_branch/Concat_2_output_0:(ty=1,shape=[1,99,128,128])] Concat [/hr_branch/conv_enc4x/conv_enc4x.1/Relu_output_0_DequantizeLinear_Output:(ty=1,shape=[1,64,128,128]),/hr_branch/Resize_2_output_0_DequantizeLinear_Output/duplicated:(ty=1,shape=[1,32,128,128]),/hr_branch/Resize_1_output_0_DequantizeLinear_Output:(ty=1,shape=[1,3,128,128])]", "device": "NPU"}, {"output": ["/hr_branch/Concat_2_output_0_QuantizeLinear_Output"], "input": ["/hr_branch/Concat_2_output_0", "/lr_branch/backbone/features.2/conv/conv.5/Clip_output_0_scale", "/hr_branch/Concat_2_output_0_zero_point"], "opType": "QuantizeLinear", "comment": "@429 [/hr_branch/Concat_2_output_0_QuantizeLinear_Output:(ty=2,shape=[1,99,128,128])] QuantizeLinear [/hr_branch/Concat_2_output_0:(ty=1,shape=[1,99,128,128]),/lr_branch/backbone/features.2/conv/conv.5/Clip_output_0_scale:(ty=1,shape=[]),/hr_branch/Concat_2_output_0_zero_point:(ty=2,shape=[])]", "device": "NPU"}, {"output": ["/hr_branch/Concat_2_output_0_DequantizeLinear_Output"], "input": ["/hr_branch/Concat_2_output_0_QuantizeLinear_Output", "/lr_branch/backbone/features.2/conv/conv.5/Clip_output_0_scale", "/hr_branch/Concat_2_output_0_zero_point"], "opType": "DequantizeLinear", "comment": "@430 [/hr_branch/Concat_2_output_0_DequantizeLinear_Output:(ty=1,shape=[1,99,128,128])] DequantizeLinear [/hr_branch/Concat_2_output_0_QuantizeLinear_Output:(ty=2,shape=[1,99,128,128]),/lr_branch/backbone/features.2/conv/conv.5/Clip_output_0_scale:(ty=1,shape=[]),/hr_branch/Concat_2_output_0_zero_point:(ty=2,shape=[])]", "device": "NPU"}, {"output": ["hr_branch.conv_hr4x.0.bias_DequantizeLinear_Output"], "input": ["hr_branch.conv_hr4x.0.bias_quantized", "hr_branch.conv_hr2x.4.bias_scale", "hr_branch.conv_hr4x.0.bias_zero_point"], "opType": "DequantizeLinear", "comment": "@121 [hr_branch.conv_hr4x.0.bias_DequantizeLinear_Output:(ty=1,shape=[64])] DequantizeLinear [hr_branch.conv_hr4x.0.bias_quantized:(ty=3,shape=[64]),hr_branch.conv_hr2x.4.bias_scale:(ty=1,shape=[]),hr_branch.conv_hr4x.0.bias_zero_point:(ty=3,shape=[])]", "device": "NPU"}, {"output": ["hr_branch.conv_hr4x.0.weight_DequantizeLinear_Output"], "input": ["hr_branch.conv_hr4x.0.weight_quantized", "f_branch.conv_f2x.0.weight_scale", "hr_branch.conv_hr4x.0.weight_zero_point"], "opType": "DequantizeLinear", "comment": "@120 [hr_branch.conv_hr4x.0.weight_DequantizeLinear_Output:(ty=1,shape=[64,99,3,3])] DequantizeLinear [hr_branch.conv_hr4x.0.weight_quantized:(ty=3,shape=[64,99,3,3]),f_branch.conv_f2x.0.weight_scale:(ty=1,shape=[]),hr_branch.conv_hr4x.0.weight_zero_point:(ty=3,shape=[])]", "device": "NPU"}, {"output": ["/hr_branch/conv_hr4x/conv_hr4x.0/Conv_output_0"], "input": ["/hr_branch/Concat_2_output_0_DequantizeLinear_Output", "hr_branch.conv_hr4x.0.weight_DequantizeLinear_Output", "hr_branch.conv_hr4x.0.bias_DequantizeLinear_Output"], "opType": "Conv", "comment": "@431 [/hr_branch/conv_hr4x/conv_hr4x.0/Conv_output_0:(ty=1,shape=[1,64,128,128])] Conv [/hr_branch/Concat_2_output_0_DequantizeLinear_Output:(ty=1,shape=[1,99,128,128]),hr_branch.conv_hr4x.0.weight_DequantizeLinear_Output:(ty=1,shape=[64,99,3,3]),hr_branch.conv_hr4x.0.bias_DequantizeLinear_Output:(ty=1,shape=[64])]", "device": "NPU"}, {"output": ["/hr_branch/conv_hr4x/conv_hr4x.1/Relu_output_0"], "input": ["/hr_branch/conv_hr4x/conv_hr4x.0/Conv_output_0"], "opType": "Relu", "comment": "@432 [/hr_branch/conv_hr4x/conv_hr4x.1/Relu_output_0:(ty=1,shape=[1,64,128,128])] Relu [/hr_branch/conv_hr4x/conv_hr4x.0/Conv_output_0:(ty=1,shape=[1,64,128,128])]", "device": "NPU"}, {"output": ["/hr_branch/conv_hr4x/conv_hr4x.1/Relu_output_0_QuantizeLinear_Output"], "input": ["/hr_branch/conv_hr4x/conv_hr4x.1/Relu_output_0", "/hr_branch/conv_hr4x/conv_hr4x.1/Relu_output_0_scale", "/hr_branch/conv_hr4x/conv_hr4x.1/Relu_output_0_zero_point"], "opType": "QuantizeLinear", "comment": "@436 [/hr_branch/conv_hr4x/conv_hr4x.1/Relu_output_0_QuantizeLinear_Output:(ty=2,shape=[1,64,128,128])] QuantizeLinear [/hr_branch/conv_hr4x/conv_hr4x.1/Relu_output_0:(ty=1,shape=[1,64,128,128]),/hr_branch/conv_hr4x/conv_hr4x.1/Relu_output_0_scale:(ty=1,shape=[]),/hr_branch/conv_hr4x/conv_hr4x.1/Relu_output_0_zero_point:(ty=2,shape=[])]", "device": "NPU"}, {"output": ["/hr_branch/conv_hr4x/conv_hr4x.1/Relu_output_0_DequantizeLinear_Output"], "input": ["/hr_branch/conv_hr4x/conv_hr4x.1/Relu_output_0_QuantizeLinear_Output", "/hr_branch/conv_hr4x/conv_hr4x.1/Relu_output_0_scale", "/hr_branch/conv_hr4x/conv_hr4x.1/Relu_output_0_zero_point"], "opType": "DequantizeLinear", "comment": "@437 [/hr_branch/conv_hr4x/conv_hr4x.1/Relu_output_0_DequantizeLinear_Output:(ty=1,shape=[1,64,128,128])] DequantizeLinear [/hr_branch/conv_hr4x/conv_hr4x.1/Relu_output_0_QuantizeLinear_Output:(ty=2,shape=[1,64,128,128]),/hr_branch/conv_hr4x/conv_hr4x.1/Relu_output_0_scale:(ty=1,shape=[]),/hr_branch/conv_hr4x/conv_hr4x.1/Relu_output_0_zero_point:(ty=2,shape=[])]", "device": "NPU"}, {"output": ["hr_branch.conv_hr4x.2.bias_DequantizeLinear_Output"], "input": ["hr_branch.conv_hr4x.2.bias_quantized", "hr_branch.conv_hr2x.4.bias_scale", "hr_branch.conv_hr4x.2.bias_zero_point"], "opType": "DequantizeLinear", "comment": "@123 [hr_branch.conv_hr4x.2.bias_DequantizeLinear_Output:(ty=1,shape=[64])] DequantizeLinear [hr_branch.conv_hr4x.2.bias_quantized:(ty=3,shape=[64]),hr_branch.conv_hr2x.4.bias_scale:(ty=1,shape=[]),hr_branch.conv_hr4x.2.bias_zero_point:(ty=3,shape=[])]", "device": "NPU"}, {"output": ["hr_branch.conv_hr4x.2.weight_DequantizeLinear_Output"], "input": ["hr_branch.conv_hr4x.2.weight_quantized", "onnx::Conv_696_scale", "hr_branch.conv_hr4x.2.weight_zero_point"], "opType": "DequantizeLinear", "comment": "@122 [hr_branch.conv_hr4x.2.weight_DequantizeLinear_Output:(ty=1,shape=[64,64,3,3])] DequantizeLinear [hr_branch.conv_hr4x.2.weight_quantized:(ty=3,shape=[64,64,3,3]),onnx::Conv_696_scale:(ty=1,shape=[]),hr_branch.conv_hr4x.2.weight_zero_point:(ty=3,shape=[])]", "device": "NPU"}, {"output": ["/hr_branch/conv_hr4x/conv_hr4x.2/Conv_output_0"], "input": ["/hr_branch/conv_hr4x/conv_hr4x.1/Relu_output_0_DequantizeLinear_Output", "hr_branch.conv_hr4x.2.weight_DequantizeLinear_Output", "hr_branch.conv_hr4x.2.bias_DequantizeLinear_Output"], "opType": "Conv", "comment": "@438 [/hr_branch/conv_hr4x/conv_hr4x.2/Conv_output_0:(ty=1,shape=[1,64,128,128])] Conv [/hr_branch/conv_hr4x/conv_hr4x.1/Relu_output_0_DequantizeLinear_Output:(ty=1,shape=[1,64,128,128]),hr_branch.conv_hr4x.2.weight_DequantizeLinear_Output:(ty=1,shape=[64,64,3,3]),hr_branch.conv_hr4x.2.bias_DequantizeLinear_Output:(ty=1,shape=[64])]", "device": "NPU"}, {"output": ["/hr_branch/conv_hr4x/conv_hr4x.3/Relu_output_0"], "input": ["/hr_branch/conv_hr4x/conv_hr4x.2/Conv_output_0"], "opType": "Relu", "comment": "@439 [/hr_branch/conv_hr4x/conv_hr4x.3/Relu_output_0:(ty=1,shape=[1,64,128,128])] Relu [/hr_branch/conv_hr4x/conv_hr4x.2/Conv_output_0:(ty=1,shape=[1,64,128,128])]", "device": "NPU"}, {"output": ["/hr_branch/conv_hr4x/conv_hr4x.3/Relu_output_0_QuantizeLinear_Output"], "input": ["/hr_branch/conv_hr4x/conv_hr4x.3/Relu_output_0", "/hr_branch/conv_hr4x/conv_hr4x.1/Relu_output_0_scale", "/hr_branch/conv_hr4x/conv_hr4x.3/Relu_output_0_zero_point"], "opType": "QuantizeLinear", "comment": "@442 [/hr_branch/conv_hr4x/conv_hr4x.3/Relu_output_0_QuantizeLinear_Output:(ty=2,shape=[1,64,128,128])] QuantizeLinear [/hr_branch/conv_hr4x/conv_hr4x.3/Relu_output_0:(ty=1,shape=[1,64,128,128]),/hr_branch/conv_hr4x/conv_hr4x.1/Relu_output_0_scale:(ty=1,shape=[]),/hr_branch/conv_hr4x/conv_hr4x.3/Relu_output_0_zero_point:(ty=2,shape=[])]", "device": "NPU"}, {"output": ["/hr_branch/conv_hr4x/conv_hr4x.3/Relu_output_0_DequantizeLinear_Output"], "input": ["/hr_branch/conv_hr4x/conv_hr4x.3/Relu_output_0_QuantizeLinear_Output", "/hr_branch/conv_hr4x/conv_hr4x.1/Relu_output_0_scale", "/hr_branch/conv_hr4x/conv_hr4x.3/Relu_output_0_zero_point"], "opType": "DequantizeLinear", "comment": "@443 [/hr_branch/conv_hr4x/conv_hr4x.3/Relu_output_0_DequantizeLinear_Output:(ty=1,shape=[1,64,128,128])] DequantizeLinear [/hr_branch/conv_hr4x/conv_hr4x.3/Relu_output_0_QuantizeLinear_Output:(ty=2,shape=[1,64,128,128]),/hr_branch/conv_hr4x/conv_hr4x.1/Relu_output_0_scale:(ty=1,shape=[]),/hr_branch/conv_hr4x/conv_hr4x.3/Relu_output_0_zero_point:(ty=2,shape=[])]", "device": "NPU"}, {"output": ["hr_branch.conv_hr4x.4.bias_DequantizeLinear_Output"], "input": ["hr_branch.conv_hr4x.4.bias_quantized", "onnx::Conv_683_scale", "hr_branch.conv_hr4x.4.bias_zero_point"], "opType": "DequantizeLinear", "comment": "@125 [hr_branch.conv_hr4x.4.bias_DequantizeLinear_Output:(ty=1,shape=[32])] DequantizeLinear [hr_branch.conv_hr4x.4.bias_quantized:(ty=3,shape=[32]),onnx::Conv_683_scale:(ty=1,shape=[]),hr_branch.conv_hr4x.4.bias_zero_point:(ty=3,shape=[])]", "device": "NPU"}, {"output": ["hr_branch.conv_hr4x.4.weight_DequantizeLinear_Output"], "input": ["hr_branch.conv_hr4x.4.weight_quantized", "onnx::Conv_696_scale", "hr_branch.conv_hr4x.4.weight_zero_point"], "opType": "DequantizeLinear", "comment": "@124 [hr_branch.conv_hr4x.4.weight_DequantizeLinear_Output:(ty=1,shape=[32,64,3,3])] DequantizeLinear [hr_branch.conv_hr4x.4.weight_quantized:(ty=3,shape=[32,64,3,3]),onnx::Conv_696_scale:(ty=1,shape=[]),hr_branch.conv_hr4x.4.weight_zero_point:(ty=3,shape=[])]", "device": "NPU"}, {"output": ["/hr_branch/conv_hr4x/conv_hr4x.4/Conv_output_0"], "input": ["/hr_branch/conv_hr4x/conv_hr4x.3/Relu_output_0_DequantizeLinear_Output", "hr_branch.conv_hr4x.4.weight_DequantizeLinear_Output", "hr_branch.conv_hr4x.4.bias_DequantizeLinear_Output"], "opType": "Conv", "comment": "@444 [/hr_branch/conv_hr4x/conv_hr4x.4/Conv_output_0:(ty=1,shape=[1,32,128,128])] Conv [/hr_branch/conv_hr4x/conv_hr4x.3/Relu_output_0_DequantizeLinear_Output:(ty=1,shape=[1,64,128,128]),hr_branch.conv_hr4x.4.weight_DequantizeLinear_Output:(ty=1,shape=[32,64,3,3]),hr_branch.conv_hr4x.4.bias_DequantizeLinear_Output:(ty=1,shape=[32])]", "device": "NPU"}, {"output": ["/hr_branch/conv_hr4x/conv_hr4x.5/Relu_output_0"], "input": ["/hr_branch/conv_hr4x/conv_hr4x.4/Conv_output_0"], "opType": "Relu", "comment": "@445 [/hr_branch/conv_hr4x/conv_hr4x.5/Relu_output_0:(ty=1,shape=[1,32,128,128])] Relu [/hr_branch/conv_hr4x/conv_hr4x.4/Conv_output_0:(ty=1,shape=[1,32,128,128])]", "device": "NPU"}, {"output": ["/hr_branch/conv_hr4x/conv_hr4x.5/Relu_output_0_QuantizeLinear_Output"], "input": ["/hr_branch/conv_hr4x/conv_hr4x.5/Relu_output_0", "/hr_branch/Concat_output_0_scale", "/hr_branch/conv_hr4x/conv_hr4x.5/Relu_output_0_zero_point"], "opType": "QuantizeLinear", "comment": "@446 [/hr_branch/conv_hr4x/conv_hr4x.5/Relu_output_0_QuantizeLinear_Output:(ty=2,shape=[1,32,128,128])] QuantizeLinear [/hr_branch/conv_hr4x/conv_hr4x.5/Relu_output_0:(ty=1,shape=[1,32,128,128]),/hr_branch/Concat_output_0_scale:(ty=1,shape=[]),/hr_branch/conv_hr4x/conv_hr4x.5/Relu_output_0_zero_point:(ty=2,shape=[])]", "device": "NPU"}, {"output": ["/hr_branch/conv_hr4x/conv_hr4x.5/Relu_output_0_DequantizeLinear_Output"], "input": ["/hr_branch/conv_hr4x/conv_hr4x.5/Relu_output_0_QuantizeLinear_Output", "/hr_branch/Concat_output_0_scale", "/hr_branch/conv_hr4x/conv_hr4x.5/Relu_output_0_zero_point"], "opType": "DequantizeLinear", "comment": "@447 [/hr_branch/conv_hr4x/conv_hr4x.5/Relu_output_0_DequantizeLinear_Output:(ty=1,shape=[1,32,128,128])] DequantizeLinear [/hr_branch/conv_hr4x/conv_hr4x.5/Relu_output_0_QuantizeLinear_Output:(ty=2,shape=[1,32,128,128]),/hr_branch/Concat_output_0_scale:(ty=1,shape=[]),/hr_branch/conv_hr4x/conv_hr4x.5/Relu_output_0_zero_point:(ty=2,shape=[])]", "device": "NPU"}, {"output": ["/hr_branch/Resize_3_output_0"], "input": ["/hr_branch/conv_hr4x/conv_hr4x.5/Relu_output_0_DequantizeLinear_Output", "VAIP_NOT_EXISTS", "/lr_branch/Constant_output_0"], "opType": "Resize", "comment": "@448 [/hr_branch/Resize_3_output_0:(ty=1,shape=[1,32,256,256])] Resize [/hr_branch/conv_hr4x/conv_hr4x.5/Relu_output_0_DequantizeLinear_Output:(ty=1,shape=[1,32,128,128]),N/A,/lr_branch/Constant_output_0:(ty=1,shape=[4])]", "device": "NPU"}, {"output": ["/hr_branch/Resize_3_output_0_QuantizeLinear_Output"], "input": ["/hr_branch/Resize_3_output_0", "/hr_branch/Concat_output_0_scale", "/hr_branch/conv_hr4x/conv_hr4x.5/Relu_output_0_zero_point"], "opType": "QuantizeLinear", "comment": "@449 [/hr_branch/Resize_3_output_0_QuantizeLinear_Output:(ty=2,shape=[1,32,256,256])] QuantizeLinear [/hr_branch/Resize_3_output_0:(ty=1,shape=[1,32,256,256]),/hr_branch/Concat_output_0_scale:(ty=1,shape=[]),/hr_branch/conv_hr4x/conv_hr4x.5/Relu_output_0_zero_point:(ty=2,shape=[])]", "device": "NPU"}, {"output": ["/hr_branch/Resize_3_output_0_DequantizeLinear_Output"], "input": ["/hr_branch/Resize_3_output_0_QuantizeLinear_Output", "/hr_branch/Concat_output_0_scale", "/hr_branch/conv_hr4x/conv_hr4x.5/Relu_output_0_zero_point"], "opType": "DequantizeLinear", "comment": "@450 [/hr_branch/Resize_3_output_0_DequantizeLinear_Output:(ty=1,shape=[1,32,256,256])] DequantizeLinear [/hr_branch/Resize_3_output_0_QuantizeLinear_Output:(ty=2,shape=[1,32,256,256]),/hr_branch/Concat_output_0_scale:(ty=1,shape=[]),/hr_branch/conv_hr4x/conv_hr4x.5/Relu_output_0_zero_point:(ty=2,shape=[])]", "device": "NPU"}, {"output": ["/hr_branch/Concat_3_output_0"], "input": ["/hr_branch/Resize_3_output_0_DequantizeLinear_Output", "/hr_branch/tohr_enc2x/tohr_enc2x.1/Relu_output_0_DequantizeLinear_Output/duplicated"], "opType": "Concat", "comment": "@451 [/hr_branch/Concat_3_output_0:(ty=1,shape=[1,64,256,256])] Concat [/hr_branch/Resize_3_output_0_DequantizeLinear_Output:(ty=1,shape=[1,32,256,256]),/hr_branch/tohr_enc2x/tohr_enc2x.1/Relu_output_0_DequantizeLinear_Output/duplicated:(ty=1,shape=[1,32,256,256])]", "device": "NPU"}, {"output": ["/hr_branch/Concat_3_output_0_QuantizeLinear_Output"], "input": ["/hr_branch/Concat_3_output_0", "/hr_branch/Concat_output_0_scale", "/hr_branch/Concat_3_output_0_zero_point"], "opType": "QuantizeLinear", "comment": "@452 [/hr_branch/Concat_3_output_0_QuantizeLinear_Output:(ty=2,shape=[1,64,256,256])] QuantizeLinear [/hr_branch/Concat_3_output_0:(ty=1,shape=[1,64,256,256]),/hr_branch/Concat_output_0_scale:(ty=1,shape=[]),/hr_branch/Concat_3_output_0_zero_point:(ty=2,shape=[])]", "device": "NPU"}, {"output": ["/hr_branch/Concat_3_output_0_DequantizeLinear_Output"], "input": ["/hr_branch/Concat_3_output_0_QuantizeLinear_Output", "/hr_branch/Concat_output_0_scale", "/hr_branch/Concat_3_output_0_zero_point"], "opType": "DequantizeLinear", "comment": "@453 [/hr_branch/Concat_3_output_0_DequantizeLinear_Output:(ty=1,shape=[1,64,256,256])] DequantizeLinear [/hr_branch/Concat_3_output_0_QuantizeLinear_Output:(ty=2,shape=[1,64,256,256]),/hr_branch/Concat_output_0_scale:(ty=1,shape=[]),/hr_branch/Concat_3_output_0_zero_point:(ty=2,shape=[])]", "device": "NPU"}, {"output": ["hr_branch.conv_hr2x.0.bias_DequantizeLinear_Output"], "input": ["hr_branch.conv_hr2x.0.bias_quantized", "hr_branch.conv_hr2x.4.bias_scale", "hr_branch.conv_hr2x.0.bias_zero_point"], "opType": "DequantizeLinear", "comment": "@127 [hr_branch.conv_hr2x.0.bias_DequantizeLinear_Output:(ty=1,shape=[64])] DequantizeLinear [hr_branch.conv_hr2x.0.bias_quantized:(ty=3,shape=[64]),hr_branch.conv_hr2x.4.bias_scale:(ty=1,shape=[]),hr_branch.conv_hr2x.0.bias_zero_point:(ty=3,shape=[])]", "device": "NPU"}, {"output": ["hr_branch.conv_hr2x.0.weight_DequantizeLinear_Output"], "input": ["hr_branch.conv_hr2x.0.weight_quantized", "onnx::Conv_696_scale", "hr_branch.conv_hr2x.0.weight_zero_point"], "opType": "DequantizeLinear", "comment": "@126 [hr_branch.conv_hr2x.0.weight_DequantizeLinear_Output:(ty=1,shape=[64,64,3,3])] DequantizeLinear [hr_branch.conv_hr2x.0.weight_quantized:(ty=3,shape=[64,64,3,3]),onnx::Conv_696_scale:(ty=1,shape=[]),hr_branch.conv_hr2x.0.weight_zero_point:(ty=3,shape=[])]", "device": "NPU"}, {"output": ["/hr_branch/conv_hr2x/conv_hr2x.0/Conv_output_0"], "input": ["/hr_branch/Concat_3_output_0_DequantizeLinear_Output", "hr_branch.conv_hr2x.0.weight_DequantizeLinear_Output", "hr_branch.conv_hr2x.0.bias_DequantizeLinear_Output"], "opType": "Conv", "comment": "@454 [/hr_branch/conv_hr2x/conv_hr2x.0/Conv_output_0:(ty=1,shape=[1,64,256,256])] Conv [/hr_branch/Concat_3_output_0_DequantizeLinear_Output:(ty=1,shape=[1,64,256,256]),hr_branch.conv_hr2x.0.weight_DequantizeLinear_Output:(ty=1,shape=[64,64,3,3]),hr_branch.conv_hr2x.0.bias_DequantizeLinear_Output:(ty=1,shape=[64])]", "device": "NPU"}, {"output": ["/hr_branch/conv_hr2x/conv_hr2x.1/Relu_output_0"], "input": ["/hr_branch/conv_hr2x/conv_hr2x.0/Conv_output_0"], "opType": "Relu", "comment": "@455 [/hr_branch/conv_hr2x/conv_hr2x.1/Relu_output_0:(ty=1,shape=[1,64,256,256])] Relu [/hr_branch/conv_hr2x/conv_hr2x.0/Conv_output_0:(ty=1,shape=[1,64,256,256])]", "device": "NPU"}, {"output": ["/hr_branch/conv_hr2x/conv_hr2x.1/Relu_output_0_QuantizeLinear_Output"], "input": ["/hr_branch/conv_hr2x/conv_hr2x.1/Relu_output_0", "/hr_branch/Concat_output_0_scale", "/hr_branch/conv_hr2x/conv_hr2x.1/Relu_output_0_zero_point"], "opType": "QuantizeLinear", "comment": "@456 [/hr_branch/conv_hr2x/conv_hr2x.1/Relu_output_0_QuantizeLinear_Output:(ty=2,shape=[1,64,256,256])] QuantizeLinear [/hr_branch/conv_hr2x/conv_hr2x.1/Relu_output_0:(ty=1,shape=[1,64,256,256]),/hr_branch/Concat_output_0_scale:(ty=1,shape=[]),/hr_branch/conv_hr2x/conv_hr2x.1/Relu_output_0_zero_point:(ty=2,shape=[])]", "device": "NPU"}, {"output": ["/hr_branch/conv_hr2x/conv_hr2x.1/Relu_output_0_DequantizeLinear_Output"], "input": ["/hr_branch/conv_hr2x/conv_hr2x.1/Relu_output_0_QuantizeLinear_Output", "/hr_branch/Concat_output_0_scale", "/hr_branch/conv_hr2x/conv_hr2x.1/Relu_output_0_zero_point"], "opType": "DequantizeLinear", "comment": "@457 [/hr_branch/conv_hr2x/conv_hr2x.1/Relu_output_0_DequantizeLinear_Output:(ty=1,shape=[1,64,256,256])] DequantizeLinear [/hr_branch/conv_hr2x/conv_hr2x.1/Relu_output_0_QuantizeLinear_Output:(ty=2,shape=[1,64,256,256]),/hr_branch/Concat_output_0_scale:(ty=1,shape=[]),/hr_branch/conv_hr2x/conv_hr2x.1/Relu_output_0_zero_point:(ty=2,shape=[])]", "device": "NPU"}, {"output": ["hr_branch.conv_hr2x.2.bias_DequantizeLinear_Output"], "input": ["hr_branch.conv_hr2x.2.bias_quantized", "hr_branch.conv_hr2x.4.bias_scale", "hr_branch.conv_hr2x.2.bias_zero_point"], "opType": "DequantizeLinear", "comment": "@129 [hr_branch.conv_hr2x.2.bias_DequantizeLinear_Output:(ty=1,shape=[32])] DequantizeLinear [hr_branch.conv_hr2x.2.bias_quantized:(ty=3,shape=[32]),hr_branch.conv_hr2x.4.bias_scale:(ty=1,shape=[]),hr_branch.conv_hr2x.2.bias_zero_point:(ty=3,shape=[])]", "device": "NPU"}, {"output": ["hr_branch.conv_hr2x.2.weight_DequantizeLinear_Output"], "input": ["hr_branch.conv_hr2x.2.weight_quantized", "onnx::Conv_696_scale", "hr_branch.conv_hr2x.2.weight_zero_point"], "opType": "DequantizeLinear", "comment": "@128 [hr_branch.conv_hr2x.2.weight_DequantizeLinear_Output:(ty=1,shape=[32,64,3,3])] DequantizeLinear [hr_branch.conv_hr2x.2.weight_quantized:(ty=3,shape=[32,64,3,3]),onnx::Conv_696_scale:(ty=1,shape=[]),hr_branch.conv_hr2x.2.weight_zero_point:(ty=3,shape=[])]", "device": "NPU"}, {"output": ["/hr_branch/conv_hr2x/conv_hr2x.2/Conv_output_0"], "input": ["/hr_branch/conv_hr2x/conv_hr2x.1/Relu_output_0_DequantizeLinear_Output", "hr_branch.conv_hr2x.2.weight_DequantizeLinear_Output", "hr_branch.conv_hr2x.2.bias_DequantizeLinear_Output"], "opType": "Conv", "comment": "@458 [/hr_branch/conv_hr2x/conv_hr2x.2/Conv_output_0:(ty=1,shape=[1,32,256,256])] Conv [/hr_branch/conv_hr2x/conv_hr2x.1/Relu_output_0_DequantizeLinear_Output:(ty=1,shape=[1,64,256,256]),hr_branch.conv_hr2x.2.weight_DequantizeLinear_Output:(ty=1,shape=[32,64,3,3]),hr_branch.conv_hr2x.2.bias_DequantizeLinear_Output:(ty=1,shape=[32])]", "device": "NPU"}, {"output": ["/hr_branch/conv_hr2x/conv_hr2x.3/Relu_output_0"], "input": ["/hr_branch/conv_hr2x/conv_hr2x.2/Conv_output_0"], "opType": "Relu", "comment": "@459 [/hr_branch/conv_hr2x/conv_hr2x.3/Relu_output_0:(ty=1,shape=[1,32,256,256])] Relu [/hr_branch/conv_hr2x/conv_hr2x.2/Conv_output_0:(ty=1,shape=[1,32,256,256])]", "device": "NPU"}, {"output": ["/hr_branch/conv_hr2x/conv_hr2x.3/Relu_output_0_QuantizeLinear_Output"], "input": ["/hr_branch/conv_hr2x/conv_hr2x.3/Relu_output_0", "/hr_branch/Concat_output_0_scale", "/hr_branch/conv_hr2x/conv_hr2x.3/Relu_output_0_zero_point"], "opType": "QuantizeLinear", "comment": "@460 [/hr_branch/conv_hr2x/conv_hr2x.3/Relu_output_0_QuantizeLinear_Output:(ty=2,shape=[1,32,256,256])] QuantizeLinear [/hr_branch/conv_hr2x/conv_hr2x.3/Relu_output_0:(ty=1,shape=[1,32,256,256]),/hr_branch/Concat_output_0_scale:(ty=1,shape=[]),/hr_branch/conv_hr2x/conv_hr2x.3/Relu_output_0_zero_point:(ty=2,shape=[])]", "device": "NPU"}, {"output": ["/hr_branch/conv_hr2x/conv_hr2x.3/Relu_output_0_DequantizeLinear_Output"], "input": ["/hr_branch/conv_hr2x/conv_hr2x.3/Relu_output_0_QuantizeLinear_Output", "/hr_branch/Concat_output_0_scale", "/hr_branch/conv_hr2x/conv_hr2x.3/Relu_output_0_zero_point"], "opType": "DequantizeLinear", "comment": "@461 [/hr_branch/conv_hr2x/conv_hr2x.3/Relu_output_0_DequantizeLinear_Output:(ty=1,shape=[1,32,256,256])] DequantizeLinear [/hr_branch/conv_hr2x/conv_hr2x.3/Relu_output_0_QuantizeLinear_Output:(ty=2,shape=[1,32,256,256]),/hr_branch/Concat_output_0_scale:(ty=1,shape=[]),/hr_branch/conv_hr2x/conv_hr2x.3/Relu_output_0_zero_point:(ty=2,shape=[])]", "device": "NPU"}, {"output": ["hr_branch.conv_hr2x.4.bias_DequantizeLinear_Output"], "input": ["hr_branch.conv_hr2x.4.bias_quantized", "hr_branch.conv_hr2x.4.bias_scale", "hr_branch.conv_hr2x.4.bias_zero_point"], "opType": "DequantizeLinear", "comment": "@131 [hr_branch.conv_hr2x.4.bias_DequantizeLinear_Output:(ty=1,shape=[32])] DequantizeLinear [hr_branch.conv_hr2x.4.bias_quantized:(ty=3,shape=[32]),hr_branch.conv_hr2x.4.bias_scale:(ty=1,shape=[]),hr_branch.conv_hr2x.4.bias_zero_point:(ty=3,shape=[])]", "device": "NPU"}, {"output": ["hr_branch.conv_hr2x.4.weight_DequantizeLinear_Output"], "input": ["hr_branch.conv_hr2x.4.weight_quantized", "onnx::Conv_696_scale", "hr_branch.conv_hr2x.4.weight_zero_point"], "opType": "DequantizeLinear", "comment": "@130 [hr_branch.conv_hr2x.4.weight_DequantizeLinear_Output:(ty=1,shape=[32,32,3,3])] DequantizeLinear [hr_branch.conv_hr2x.4.weight_quantized:(ty=3,shape=[32,32,3,3]),onnx::Conv_696_scale:(ty=1,shape=[]),hr_branch.conv_hr2x.4.weight_zero_point:(ty=3,shape=[])]", "device": "NPU"}, {"output": ["/hr_branch/conv_hr2x/conv_hr2x.4/Conv_output_0"], "input": ["/hr_branch/conv_hr2x/conv_hr2x.3/Relu_output_0_DequantizeLinear_Output", "hr_branch.conv_hr2x.4.weight_DequantizeLinear_Output", "hr_branch.conv_hr2x.4.bias_DequantizeLinear_Output"], "opType": "Conv", "comment": "@462 [/hr_branch/conv_hr2x/conv_hr2x.4/Conv_output_0:(ty=1,shape=[1,32,256,256])] Conv [/hr_branch/conv_hr2x/conv_hr2x.3/Relu_output_0_DequantizeLinear_Output:(ty=1,shape=[1,32,256,256]),hr_branch.conv_hr2x.4.weight_DequantizeLinear_Output:(ty=1,shape=[32,32,3,3]),hr_branch.conv_hr2x.4.bias_DequantizeLinear_Output:(ty=1,shape=[32])]", "device": "NPU"}, {"output": ["/hr_branch/conv_hr2x/conv_hr2x.5/Relu_output_0"], "input": ["/hr_branch/conv_hr2x/conv_hr2x.4/Conv_output_0"], "opType": "Relu", "comment": "@463 [/hr_branch/conv_hr2x/conv_hr2x.5/Relu_output_0:(ty=1,shape=[1,32,256,256])] Relu [/hr_branch/conv_hr2x/conv_hr2x.4/Conv_output_0:(ty=1,shape=[1,32,256,256])]", "device": "NPU"}, {"output": ["/hr_branch/conv_hr2x/conv_hr2x.5/Relu_output_0_QuantizeLinear_Output"], "input": ["/hr_branch/conv_hr2x/conv_hr2x.5/Relu_output_0", "/hr_branch/Concat_output_0_scale", "/hr_branch/conv_hr2x/conv_hr2x.5/Relu_output_0_zero_point"], "opType": "QuantizeLinear", "comment": "@464 [/hr_branch/conv_hr2x/conv_hr2x.5/Relu_output_0_QuantizeLinear_Output:(ty=2,shape=[1,32,256,256])] QuantizeLinear [/hr_branch/conv_hr2x/conv_hr2x.5/Relu_output_0:(ty=1,shape=[1,32,256,256]),/hr_branch/Concat_output_0_scale:(ty=1,shape=[]),/hr_branch/conv_hr2x/conv_hr2x.5/Relu_output_0_zero_point:(ty=2,shape=[])]", "device": "NPU"}, {"output": ["/hr_branch/conv_hr2x/conv_hr2x.5/Relu_output_0_DequantizeLinear_Output"], "input": ["/hr_branch/conv_hr2x/conv_hr2x.5/Relu_output_0_QuantizeLinear_Output", "/hr_branch/Concat_output_0_scale", "/hr_branch/conv_hr2x/conv_hr2x.5/Relu_output_0_zero_point"], "opType": "DequantizeLinear", "comment": "@465 [/hr_branch/conv_hr2x/conv_hr2x.5/Relu_output_0_DequantizeLinear_Output:(ty=1,shape=[1,32,256,256])] DequantizeLinear [/hr_branch/conv_hr2x/conv_hr2x.5/Relu_output_0_QuantizeLinear_Output:(ty=2,shape=[1,32,256,256]),/hr_branch/Concat_output_0_scale:(ty=1,shape=[]),/hr_branch/conv_hr2x/conv_hr2x.5/Relu_output_0_zero_point:(ty=2,shape=[])]", "device": "NPU"}, {"output": ["hr_branch.conv_hr2x.6.bias_DequantizeLinear_Output"], "input": ["hr_branch.conv_hr2x.6.bias_quantized", "hr_branch.conv_hr2x.4.bias_scale", "hr_branch.conv_hr2x.6.bias_zero_point"], "opType": "DequantizeLinear", "comment": "@133 [hr_branch.conv_hr2x.6.bias_DequantizeLinear_Output:(ty=1,shape=[32])] DequantizeLinear [hr_branch.conv_hr2x.6.bias_quantized:(ty=3,shape=[32]),hr_branch.conv_hr2x.4.bias_scale:(ty=1,shape=[]),hr_branch.conv_hr2x.6.bias_zero_point:(ty=3,shape=[])]", "device": "NPU"}, {"output": ["hr_branch.conv_hr2x.6.weight_DequantizeLinear_Output"], "input": ["hr_branch.conv_hr2x.6.weight_quantized", "onnx::Conv_696_scale", "hr_branch.conv_hr2x.6.weight_zero_point"], "opType": "DequantizeLinear", "comment": "@132 [hr_branch.conv_hr2x.6.weight_DequantizeLinear_Output:(ty=1,shape=[32,32,3,3])] DequantizeLinear [hr_branch.conv_hr2x.6.weight_quantized:(ty=3,shape=[32,32,3,3]),onnx::Conv_696_scale:(ty=1,shape=[]),hr_branch.conv_hr2x.6.weight_zero_point:(ty=3,shape=[])]", "device": "NPU"}, {"output": ["/hr_branch/conv_hr2x/conv_hr2x.6/Conv_output_0"], "input": ["/hr_branch/conv_hr2x/conv_hr2x.5/Relu_output_0_DequantizeLinear_Output", "hr_branch.conv_hr2x.6.weight_DequantizeLinear_Output", "hr_branch.conv_hr2x.6.bias_DequantizeLinear_Output"], "opType": "Conv", "comment": "@466 [/hr_branch/conv_hr2x/conv_hr2x.6/Conv_output_0:(ty=1,shape=[1,32,256,256])] Conv [/hr_branch/conv_hr2x/conv_hr2x.5/Relu_output_0_DequantizeLinear_Output:(ty=1,shape=[1,32,256,256]),hr_branch.conv_hr2x.6.weight_DequantizeLinear_Output:(ty=1,shape=[32,32,3,3]),hr_branch.conv_hr2x.6.bias_DequantizeLinear_Output:(ty=1,shape=[32])]", "device": "NPU"}, {"output": ["/hr_branch/conv_hr2x/conv_hr2x.7/Relu_output_0"], "input": ["/hr_branch/conv_hr2x/conv_hr2x.6/Conv_output_0"], "opType": "Relu", "comment": "@467 [/hr_branch/conv_hr2x/conv_hr2x.7/Relu_output_0:(ty=1,shape=[1,32,256,256])] Relu [/hr_branch/conv_hr2x/conv_hr2x.6/Conv_output_0:(ty=1,shape=[1,32,256,256])]", "device": "NPU"}, {"output": ["/hr_branch/conv_hr2x/conv_hr2x.7/Relu_output_0_QuantizeLinear_Output"], "input": ["/hr_branch/conv_hr2x/conv_hr2x.7/Relu_output_0", "/hr_branch/conv_hr2x/conv_hr2x.7/Relu_output_0_scale", "/hr_branch/conv_hr2x/conv_hr2x.7/Relu_output_0_zero_point"], "opType": "QuantizeLinear", "comment": "@468 [/hr_branch/conv_hr2x/conv_hr2x.7/Relu_output_0_QuantizeLinear_Output:(ty=2,shape=[1,32,256,256])] QuantizeLinear [/hr_branch/conv_hr2x/conv_hr2x.7/Relu_output_0:(ty=1,shape=[1,32,256,256]),/hr_branch/conv_hr2x/conv_hr2x.7/Relu_output_0_scale:(ty=1,shape=[]),/hr_branch/conv_hr2x/conv_hr2x.7/Relu_output_0_zero_point:(ty=2,shape=[])]", "device": "NPU"}, {"output": ["/hr_branch/conv_hr2x/conv_hr2x.7/Relu_output_0_DequantizeLinear_Output"], "input": ["/hr_branch/conv_hr2x/conv_hr2x.7/Relu_output_0_QuantizeLinear_Output", "/hr_branch/conv_hr2x/conv_hr2x.7/Relu_output_0_scale", "/hr_branch/conv_hr2x/conv_hr2x.7/Relu_output_0_zero_point"], "opType": "DequantizeLinear", "comment": "@469 [/hr_branch/conv_hr2x/conv_hr2x.7/Relu_output_0_DequantizeLinear_Output:(ty=1,shape=[1,32,256,256])] DequantizeLinear [/hr_branch/conv_hr2x/conv_hr2x.7/Relu_output_0_QuantizeLinear_Output:(ty=2,shape=[1,32,256,256]),/hr_branch/conv_hr2x/conv_hr2x.7/Relu_output_0_scale:(ty=1,shape=[]),/hr_branch/conv_hr2x/conv_hr2x.7/Relu_output_0_zero_point:(ty=2,shape=[])]", "device": "NPU"}, {"output": ["/hr_branch/Resize_2_output_0_DequantizeLinear_Output"], "input": ["/hr_branch/Resize_2_output_0_QuantizeLinear_Output", "/lr_branch/backbone/features.2/conv/conv.5/Clip_output_0_scale", "/lr_branch/conv_lr8x/conv_lr8x.1/Relu_output_0_zero_point"], "opType": "DequantizeLinear", "comment": "@425 [/hr_branch/Resize_2_output_0_DequantizeLinear_Output:(ty=1,shape=[1,32,128,128])] DequantizeLinear [/hr_branch/Resize_2_output_0_QuantizeLinear_Output:(ty=2,shape=[1,32,128,128]),/lr_branch/backbone/features.2/conv/conv.5/Clip_output_0_scale:(ty=1,shape=[]),/lr_branch/conv_lr8x/conv_lr8x.1/Relu_output_0_zero_point:(ty=2,shape=[])]", "device": "NPU"}, {"output": ["f_branch.conv_lr4x.0.bias_DequantizeLinear_Output"], "input": ["f_branch.conv_lr4x.0.bias_quantized", "onnx::Conv_683_scale", "f_branch.conv_lr4x.0.bias_zero_point"], "opType": "DequantizeLinear", "comment": "@119 [f_branch.conv_lr4x.0.bias_DequantizeLinear_Output:(ty=1,shape=[32])] DequantizeLinear [f_branch.conv_lr4x.0.bias_quantized:(ty=3,shape=[32]),onnx::Conv_683_scale:(ty=1,shape=[]),f_branch.conv_lr4x.0.bias_zero_point:(ty=3,shape=[])]", "device": "NPU"}, {"output": ["f_branch.conv_lr4x.0.weight_DequantizeLinear_Output"], "input": ["f_branch.conv_lr4x.0.weight_quantized", "onnx::Conv_722_scale", "f_branch.conv_lr4x.0.weight_zero_point"], "opType": "DequantizeLinear", "comment": "@118 [f_branch.conv_lr4x.0.weight_DequantizeLinear_Output:(ty=1,shape=[32,32,5,5])] DequantizeLinear [f_branch.conv_lr4x.0.weight_quantized:(ty=3,shape=[32,32,5,5]),onnx::Conv_722_scale:(ty=1,shape=[]),f_branch.conv_lr4x.0.weight_zero_point:(ty=3,shape=[])]", "device": "NPU"}, {"output": ["/f_branch/conv_lr4x/conv_lr4x.0/Conv_output_0"], "input": ["/hr_branch/Resize_2_output_0_DequantizeLinear_Output", "f_branch.conv_lr4x.0.weight_DequantizeLinear_Output", "f_branch.conv_lr4x.0.bias_DequantizeLinear_Output"], "opType": "Conv", "comment": "@426 [/f_branch/conv_lr4x/conv_lr4x.0/Conv_output_0:(ty=1,shape=[1,32,128,128])] Conv [/hr_branch/Resize_2_output_0_DequantizeLinear_Output:(ty=1,shape=[1,32,128,128]),f_branch.conv_lr4x.0.weight_DequantizeLinear_Output:(ty=1,shape=[32,32,5,5]),f_branch.conv_lr4x.0.bias_DequantizeLinear_Output:(ty=1,shape=[32])]", "device": "NPU"}, {"output": ["/f_branch/conv_lr4x/conv_lr4x.1/Relu_output_0"], "input": ["/f_branch/conv_lr4x/conv_lr4x.0/Conv_output_0"], "opType": "Relu", "comment": "@427 [/f_branch/conv_lr4x/conv_lr4x.1/Relu_output_0:(ty=1,shape=[1,32,128,128])] Relu [/f_branch/conv_lr4x/conv_lr4x.0/Conv_output_0:(ty=1,shape=[1,32,128,128])]", "device": "NPU"}, {"output": ["/f_branch/conv_lr4x/conv_lr4x.1/Relu_output_0_QuantizeLinear_Output"], "input": ["/f_branch/conv_lr4x/conv_lr4x.1/Relu_output_0", "/hr_branch/conv_hr2x/conv_hr2x.7/Relu_output_0_scale", "/f_branch/conv_lr4x/conv_lr4x.1/Relu_output_0_zero_point"], "opType": "QuantizeLinear", "comment": "@433 [/f_branch/conv_lr4x/conv_lr4x.1/Relu_output_0_QuantizeLinear_Output:(ty=2,shape=[1,32,128,128])] QuantizeLinear [/f_branch/conv_lr4x/conv_lr4x.1/Relu_output_0:(ty=1,shape=[1,32,128,128]),/hr_branch/conv_hr2x/conv_hr2x.7/Relu_output_0_scale:(ty=1,shape=[]),/f_branch/conv_lr4x/conv_lr4x.1/Relu_output_0_zero_point:(ty=2,shape=[])]", "device": "NPU"}, {"output": ["/f_branch/conv_lr4x/conv_lr4x.1/Relu_output_0_DequantizeLinear_Output"], "input": ["/f_branch/conv_lr4x/conv_lr4x.1/Relu_output_0_QuantizeLinear_Output", "/hr_branch/conv_hr2x/conv_hr2x.7/Relu_output_0_scale", "/f_branch/conv_lr4x/conv_lr4x.1/Relu_output_0_zero_point"], "opType": "DequantizeLinear", "comment": "@434 [/f_branch/conv_lr4x/conv_lr4x.1/Relu_output_0_DequantizeLinear_Output:(ty=1,shape=[1,32,128,128])] DequantizeLinear [/f_branch/conv_lr4x/conv_lr4x.1/Relu_output_0_QuantizeLinear_Output:(ty=2,shape=[1,32,128,128]),/hr_branch/conv_hr2x/conv_hr2x.7/Relu_output_0_scale:(ty=1,shape=[]),/f_branch/conv_lr4x/conv_lr4x.1/Relu_output_0_zero_point:(ty=2,shape=[])]", "device": "NPU"}, {"output": ["/f_branch/Resize_1_output_0"], "input": ["/f_branch/conv_lr4x/conv_lr4x.1/Relu_output_0_DequantizeLinear_Output", "VAIP_NOT_EXISTS", "/lr_branch/Constant_output_0"], "opType": "Resize", "comment": "@435 [/f_branch/Resize_1_output_0:(ty=1,shape=[1,32,256,256])] Resize [/f_branch/conv_lr4x/conv_lr4x.1/Relu_output_0_DequantizeLinear_Output:(ty=1,shape=[1,32,128,128]),N/A,/lr_branch/Constant_output_0:(ty=1,shape=[4])]", "device": "NPU"}, {"output": ["/f_branch/Resize_1_output_0_QuantizeLinear_Output"], "input": ["/f_branch/Resize_1_output_0", "/hr_branch/conv_hr2x/conv_hr2x.7/Relu_output_0_scale", "/f_branch/conv_lr4x/conv_lr4x.1/Relu_output_0_zero_point"], "opType": "QuantizeLinear", "comment": "@440 [/f_branch/Resize_1_output_0_QuantizeLinear_Output:(ty=2,shape=[1,32,256,256])] QuantizeLinear [/f_branch/Resize_1_output_0:(ty=1,shape=[1,32,256,256]),/hr_branch/conv_hr2x/conv_hr2x.7/Relu_output_0_scale:(ty=1,shape=[]),/f_branch/conv_lr4x/conv_lr4x.1/Relu_output_0_zero_point:(ty=2,shape=[])]", "device": "NPU"}, {"output": ["/f_branch/Resize_1_output_0_DequantizeLinear_Output"], "input": ["/f_branch/Resize_1_output_0_QuantizeLinear_Output", "/hr_branch/conv_hr2x/conv_hr2x.7/Relu_output_0_scale", "/f_branch/conv_lr4x/conv_lr4x.1/Relu_output_0_zero_point"], "opType": "DequantizeLinear", "comment": "@441 [/f_branch/Resize_1_output_0_DequantizeLinear_Output:(ty=1,shape=[1,32,256,256])] DequantizeLinear [/f_branch/Resize_1_output_0_QuantizeLinear_Output:(ty=2,shape=[1,32,256,256]),/hr_branch/conv_hr2x/conv_hr2x.7/Relu_output_0_scale:(ty=1,shape=[]),/f_branch/conv_lr4x/conv_lr4x.1/Relu_output_0_zero_point:(ty=2,shape=[])]", "device": "NPU"}, {"output": ["/f_branch/Concat_output_0"], "input": ["/f_branch/Resize_1_output_0_DequantizeLinear_Output", "/hr_branch/conv_hr2x/conv_hr2x.7/Relu_output_0_DequantizeLinear_Output"], "opType": "Concat", "comment": "@470 [/f_branch/Concat_output_0:(ty=1,shape=[1,64,256,256])] Concat [/f_branch/Resize_1_output_0_DequantizeLinear_Output:(ty=1,shape=[1,32,256,256]),/hr_branch/conv_hr2x/conv_hr2x.7/Relu_output_0_DequantizeLinear_Output:(ty=1,shape=[1,32,256,256])]", "device": "NPU"}, {"output": ["/f_branch/Concat_output_0_QuantizeLinear_Output"], "input": ["/f_branch/Concat_output_0", "/hr_branch/conv_hr2x/conv_hr2x.7/Relu_output_0_scale", "/f_branch/Concat_output_0_zero_point"], "opType": "QuantizeLinear", "comment": "@471 [/f_branch/Concat_output_0_QuantizeLinear_Output:(ty=2,shape=[1,64,256,256])] QuantizeLinear [/f_branch/Concat_output_0:(ty=1,shape=[1,64,256,256]),/hr_branch/conv_hr2x/conv_hr2x.7/Relu_output_0_scale:(ty=1,shape=[]),/f_branch/Concat_output_0_zero_point:(ty=2,shape=[])]", "device": "NPU"}, {"output": ["/f_branch/Concat_output_0_DequantizeLinear_Output"], "input": ["/f_branch/Concat_output_0_QuantizeLinear_Output", "/hr_branch/conv_hr2x/conv_hr2x.7/Relu_output_0_scale", "/f_branch/Concat_output_0_zero_point"], "opType": "DequantizeLinear", "comment": "@472 [/f_branch/Concat_output_0_DequantizeLinear_Output:(ty=1,shape=[1,64,256,256])] DequantizeLinear [/f_branch/Concat_output_0_QuantizeLinear_Output:(ty=2,shape=[1,64,256,256]),/hr_branch/conv_hr2x/conv_hr2x.7/Relu_output_0_scale:(ty=1,shape=[]),/f_branch/Concat_output_0_zero_point:(ty=2,shape=[])]", "device": "NPU"}, {"output": ["f_branch.conv_f2x.0.bias_DequantizeLinear_Output"], "input": ["f_branch.conv_f2x.0.bias_quantized", "hr_branch.conv_hr2x.4.bias_scale", "f_branch.conv_f2x.0.bias_zero_point"], "opType": "DequantizeLinear", "comment": "@135 [f_branch.conv_f2x.0.bias_DequantizeLinear_Output:(ty=1,shape=[32])] DequantizeLinear [f_branch.conv_f2x.0.bias_quantized:(ty=3,shape=[32]),hr_branch.conv_hr2x.4.bias_scale:(ty=1,shape=[]),f_branch.conv_f2x.0.bias_zero_point:(ty=3,shape=[])]", "device": "NPU"}, {"output": ["f_branch.conv_f2x.0.weight_DequantizeLinear_Output"], "input": ["f_branch.conv_f2x.0.weight_quantized", "f_branch.conv_f2x.0.weight_scale", "f_branch.conv_f2x.0.weight_zero_point"], "opType": "DequantizeLinear", "comment": "@134 [f_branch.conv_f2x.0.weight_DequantizeLinear_Output:(ty=1,shape=[32,64,3,3])] DequantizeLinear [f_branch.conv_f2x.0.weight_quantized:(ty=3,shape=[32,64,3,3]),f_branch.conv_f2x.0.weight_scale:(ty=1,shape=[]),f_branch.conv_f2x.0.weight_zero_point:(ty=3,shape=[])]", "device": "NPU"}, {"output": ["/f_branch/conv_f2x/conv_f2x.0/Conv_output_0"], "input": ["/f_branch/Concat_output_0_DequantizeLinear_Output", "f_branch.conv_f2x.0.weight_DequantizeLinear_Output", "f_branch.conv_f2x.0.bias_DequantizeLinear_Output"], "opType": "Conv", "comment": "@473 [/f_branch/conv_f2x/conv_f2x.0/Conv_output_0:(ty=1,shape=[1,32,256,256])] Conv [/f_branch/Concat_output_0_DequantizeLinear_Output:(ty=1,shape=[1,64,256,256]),f_branch.conv_f2x.0.weight_DequantizeLinear_Output:(ty=1,shape=[32,64,3,3]),f_branch.conv_f2x.0.bias_DequantizeLinear_Output:(ty=1,shape=[32])]", "device": "NPU"}, {"output": ["/f_branch/conv_f2x/conv_f2x.1/Relu_output_0"], "input": ["/f_branch/conv_f2x/conv_f2x.0/Conv_output_0"], "opType": "Relu", "comment": "@474 [/f_branch/conv_f2x/conv_f2x.1/Relu_output_0:(ty=1,shape=[1,32,256,256])] Relu [/f_branch/conv_f2x/conv_f2x.0/Conv_output_0:(ty=1,shape=[1,32,256,256])]", "device": "NPU"}, {"output": ["/f_branch/conv_f2x/conv_f2x.1/Relu_output_0_QuantizeLinear_Output"], "input": ["/f_branch/conv_f2x/conv_f2x.1/Relu_output_0", "/hr_branch/conv_hr2x/conv_hr2x.7/Relu_output_0_scale", "/f_branch/conv_f2x/conv_f2x.1/Relu_output_0_zero_point"], "opType": "QuantizeLinear", "comment": "@475 [/f_branch/conv_f2x/conv_f2x.1/Relu_output_0_QuantizeLinear_Output:(ty=2,shape=[1,32,256,256])] QuantizeLinear [/f_branch/conv_f2x/conv_f2x.1/Relu_output_0:(ty=1,shape=[1,32,256,256]),/hr_branch/conv_hr2x/conv_hr2x.7/Relu_output_0_scale:(ty=1,shape=[]),/f_branch/conv_f2x/conv_f2x.1/Relu_output_0_zero_point:(ty=2,shape=[])]", "device": "NPU"}, {"output": ["/f_branch/conv_f2x/conv_f2x.1/Relu_output_0_DequantizeLinear_Output"], "input": ["/f_branch/conv_f2x/conv_f2x.1/Relu_output_0_QuantizeLinear_Output", "/hr_branch/conv_hr2x/conv_hr2x.7/Relu_output_0_scale", "/f_branch/conv_f2x/conv_f2x.1/Relu_output_0_zero_point"], "opType": "DequantizeLinear", "comment": "@476 [/f_branch/conv_f2x/conv_f2x.1/Relu_output_0_DequantizeLinear_Output:(ty=1,shape=[1,32,256,256])] DequantizeLinear [/f_branch/conv_f2x/conv_f2x.1/Relu_output_0_QuantizeLinear_Output:(ty=2,shape=[1,32,256,256]),/hr_branch/conv_hr2x/conv_hr2x.7/Relu_output_0_scale:(ty=1,shape=[]),/f_branch/conv_f2x/conv_f2x.1/Relu_output_0_zero_point:(ty=2,shape=[])]", "device": "NPU"}, {"output": ["/f_branch/Resize_2_output_0"], "input": ["/f_branch/conv_f2x/conv_f2x.1/Relu_output_0_DequantizeLinear_Output", "VAIP_NOT_EXISTS", "/lr_branch/Constant_output_0"], "opType": "Resize", "comment": "@477 [/f_branch/Resize_2_output_0:(ty=1,shape=[1,32,512,512])] Resize [/f_branch/conv_f2x/conv_f2x.1/Relu_output_0_DequantizeLinear_Output:(ty=1,shape=[1,32,256,256]),N/A,/lr_branch/Constant_output_0:(ty=1,shape=[4])]", "device": "NPU"}, {"output": ["/f_branch/Resize_2_output_0_QuantizeLinear_Output"], "input": ["/f_branch/Resize_2_output_0", "/hr_branch/conv_hr2x/conv_hr2x.7/Relu_output_0_scale", "/f_branch/conv_f2x/conv_f2x.1/Relu_output_0_zero_point"], "opType": "QuantizeLinear", "comment": "@478 [/f_branch/Resize_2_output_0_QuantizeLinear_Output:(ty=2,shape=[1,32,512,512])] QuantizeLinear [/f_branch/Resize_2_output_0:(ty=1,shape=[1,32,512,512]),/hr_branch/conv_hr2x/conv_hr2x.7/Relu_output_0_scale:(ty=1,shape=[]),/f_branch/conv_f2x/conv_f2x.1/Relu_output_0_zero_point:(ty=2,shape=[])]", "device": "NPU"}, {"output": ["/f_branch/Resize_2_output_0_DequantizeLinear_Output"], "input": ["/f_branch/Resize_2_output_0_QuantizeLinear_Output", "/hr_branch/conv_hr2x/conv_hr2x.7/Relu_output_0_scale", "/f_branch/conv_f2x/conv_f2x.1/Relu_output_0_zero_point"], "opType": "DequantizeLinear", "comment": "@479 [/f_branch/Resize_2_output_0_DequantizeLinear_Output:(ty=1,shape=[1,32,512,512])] DequantizeLinear [/f_branch/Resize_2_output_0_QuantizeLinear_Output:(ty=2,shape=[1,32,512,512]),/hr_branch/conv_hr2x/conv_hr2x.7/Relu_output_0_scale:(ty=1,shape=[]),/f_branch/conv_f2x/conv_f2x.1/Relu_output_0_zero_point:(ty=2,shape=[])]", "device": "NPU"}, {"output": ["/f_branch/Concat_1_output_0"], "input": ["/f_branch/Resize_2_output_0_DequantizeLinear_Output", "input_DequantizeLinear_Output/duplicated_token_2"], "opType": "Concat", "comment": "@480 [/f_branch/Concat_1_output_0:(ty=1,shape=[1,35,512,512])] Concat [/f_branch/Resize_2_output_0_DequantizeLinear_Output:(ty=1,shape=[1,32,512,512]),input_DequantizeLinear_Output/duplicated_token_2:(ty=1,shape=[1,3,512,512])]", "device": "NPU"}, {"output": ["/f_branch/Concat_1_output_0_QuantizeLinear_Output"], "input": ["/f_branch/Concat_1_output_0", "/hr_branch/conv_hr2x/conv_hr2x.7/Relu_output_0_scale", "/f_branch/Concat_1_output_0_zero_point"], "opType": "QuantizeLinear", "comment": "@481 [/f_branch/Concat_1_output_0_QuantizeLinear_Output:(ty=2,shape=[1,35,512,512])] QuantizeLinear [/f_branch/Concat_1_output_0:(ty=1,shape=[1,35,512,512]),/hr_branch/conv_hr2x/conv_hr2x.7/Relu_output_0_scale:(ty=1,shape=[]),/f_branch/Concat_1_output_0_zero_point:(ty=2,shape=[])]", "device": "NPU"}, {"output": ["/f_branch/Concat_1_output_0_DequantizeLinear_Output"], "input": ["/f_branch/Concat_1_output_0_QuantizeLinear_Output", "/hr_branch/conv_hr2x/conv_hr2x.7/Relu_output_0_scale", "/f_branch/Concat_1_output_0_zero_point"], "opType": "DequantizeLinear", "comment": "@482 [/f_branch/Concat_1_output_0_DequantizeLinear_Output:(ty=1,shape=[1,35,512,512])] DequantizeLinear [/f_branch/Concat_1_output_0_QuantizeLinear_Output:(ty=2,shape=[1,35,512,512]),/hr_branch/conv_hr2x/conv_hr2x.7/Relu_output_0_scale:(ty=1,shape=[]),/f_branch/Concat_1_output_0_zero_point:(ty=2,shape=[])]", "device": "NPU"}, {"output": ["f_branch.conv_f.0.bias_DequantizeLinear_Output"], "input": ["f_branch.conv_f.0.bias_quantized", "onnx::Conv_683_scale", "f_branch.conv_f.0.bias_zero_point"], "opType": "DequantizeLinear", "comment": "@137 [f_branch.conv_f.0.bias_DequantizeLinear_Output:(ty=1,shape=[16])] DequantizeLinear [f_branch.conv_f.0.bias_quantized:(ty=3,shape=[16]),onnx::Conv_683_scale:(ty=1,shape=[]),f_branch.conv_f.0.bias_zero_point:(ty=3,shape=[])]", "device": "NPU"}, {"output": ["f_branch.conv_f.0.weight_DequantizeLinear_Output"], "input": ["f_branch.conv_f.0.weight_quantized", "hr_branch.conv_hr2x.4.bias_scale", "f_branch.conv_f.0.weight_zero_point"], "opType": "DequantizeLinear", "comment": "@136 [f_branch.conv_f.0.weight_DequantizeLinear_Output:(ty=1,shape=[16,35,3,3])] DequantizeLinear [f_branch.conv_f.0.weight_quantized:(ty=3,shape=[16,35,3,3]),hr_branch.conv_hr2x.4.bias_scale:(ty=1,shape=[]),f_branch.conv_f.0.weight_zero_point:(ty=3,shape=[])]", "device": "NPU"}, {"output": ["/f_branch/conv_f/conv_f.0/Conv_output_0"], "input": ["/f_branch/Concat_1_output_0_DequantizeLinear_Output", "f_branch.conv_f.0.weight_DequantizeLinear_Output", "f_branch.conv_f.0.bias_DequantizeLinear_Output"], "opType": "Conv", "comment": "@483 [/f_branch/conv_f/conv_f.0/Conv_output_0:(ty=1,shape=[1,16,512,512])] Conv [/f_branch/Concat_1_output_0_DequantizeLinear_Output:(ty=1,shape=[1,35,512,512]),f_branch.conv_f.0.weight_DequantizeLinear_Output:(ty=1,shape=[16,35,3,3]),f_branch.conv_f.0.bias_DequantizeLinear_Output:(ty=1,shape=[16])]", "device": "NPU"}, {"output": ["/f_branch/conv_f/conv_f.1/Relu_output_0"], "input": ["/f_branch/conv_f/conv_f.0/Conv_output_0"], "opType": "Relu", "comment": "@484 [/f_branch/conv_f/conv_f.1/Relu_output_0:(ty=1,shape=[1,16,512,512])] Relu [/f_branch/conv_f/conv_f.0/Conv_output_0:(ty=1,shape=[1,16,512,512])]", "device": "NPU"}, {"output": ["/f_branch/conv_f/conv_f.1/Relu_output_0_QuantizeLinear_Output"], "input": ["/f_branch/conv_f/conv_f.1/Relu_output_0", "onnx::Conv_662_scale", "/f_branch/conv_f/conv_f.1/Relu_output_0_zero_point"], "opType": "QuantizeLinear", "comment": "@485 [/f_branch/conv_f/conv_f.1/Relu_output_0_QuantizeLinear_Output:(ty=2,shape=[1,16,512,512])] QuantizeLinear [/f_branch/conv_f/conv_f.1/Relu_output_0:(ty=1,shape=[1,16,512,512]),onnx::Conv_662_scale:(ty=1,shape=[]),/f_branch/conv_f/conv_f.1/Relu_output_0_zero_point:(ty=2,shape=[])]", "device": "NPU"}, {"output": ["/f_branch/conv_f/conv_f.1/Relu_output_0_DequantizeLinear_Output"], "input": ["/f_branch/conv_f/conv_f.1/Relu_output_0_QuantizeLinear_Output", "onnx::Conv_662_scale", "/f_branch/conv_f/conv_f.1/Relu_output_0_zero_point"], "opType": "DequantizeLinear", "comment": "@486 [/f_branch/conv_f/conv_f.1/Relu_output_0_DequantizeLinear_Output:(ty=1,shape=[1,16,512,512])] DequantizeLinear [/f_branch/conv_f/conv_f.1/Relu_output_0_QuantizeLinear_Output:(ty=2,shape=[1,16,512,512]),onnx::Conv_662_scale:(ty=1,shape=[]),/f_branch/conv_f/conv_f.1/Relu_output_0_zero_point:(ty=2,shape=[])]", "device": "NPU"}, {"output": ["f_branch.conv_f.2.bias_DequantizeLinear_Output"], "input": ["f_branch.conv_f.2.bias_quantized", "onnx::Conv_722_scale", "f_branch.conv_f.2.bias_zero_point"], "opType": "DequantizeLinear", "comment": "@139 [f_branch.conv_f.2.bias_DequantizeLinear_Output:(ty=1,shape=[1])] DequantizeLinear [f_branch.conv_f.2.bias_quantized:(ty=3,shape=[1]),onnx::Conv_722_scale:(ty=1,shape=[]),f_branch.conv_f.2.bias_zero_point:(ty=3,shape=[])]", "device": "NPU"}, {"output": ["f_branch.conv_f.2.weight_DequantizeLinear_Output"], "input": ["f_branch.conv_f.2.weight_quantized", "onnx::Conv_683_scale", "f_branch.conv_f.2.weight_zero_point"], "opType": "DequantizeLinear", "comment": "@138 [f_branch.conv_f.2.weight_DequantizeLinear_Output:(ty=1,shape=[1,16,1,1])] DequantizeLinear [f_branch.conv_f.2.weight_quantized:(ty=3,shape=[1,16,1,1]),onnx::Conv_683_scale:(ty=1,shape=[]),f_branch.conv_f.2.weight_zero_point:(ty=3,shape=[])]", "device": "NPU"}, {"output": ["logits_QuantizeLinear_Input"], "input": ["/f_branch/conv_f/conv_f.1/Relu_output_0_DequantizeLinear_Output", "f_branch.conv_f.2.weight_DequantizeLinear_Output", "f_branch.conv_f.2.bias_DequantizeLinear_Output"], "opType": "Conv", "comment": "@487 [logits_QuantizeLinear_Input:(ty=1,shape=[1,1,512,512])] Conv [/f_branch/conv_f/conv_f.1/Relu_output_0_DequantizeLinear_Output:(ty=1,shape=[1,16,512,512]),f_branch.conv_f.2.weight_DequantizeLinear_Output:(ty=1,shape=[1,16,1,1]),f_branch.conv_f.2.bias_DequantizeLinear_Output:(ty=1,shape=[1])]", "device": "NPU"}, {"output": ["logits_QuantizeLinear_Output"], "input": ["logits_QuantizeLinear_Input", "logits_scale", "logits_zero_point"], "opType": "QuantizeLinear", "comment": "@488 [logits_QuantizeLinear_Output:(ty=2,shape=[1,1,512,512])] QuantizeLinear [logits_QuantizeLinear_Input:(ty=1,shape=[1,1,512,512]),logits_scale:(ty=1,shape=[]),logits_zero_point:(ty=2,shape=[])]", "device": "NPU"}, {"output": ["logits"], "input": ["logits_QuantizeLinear_Output", "logits_scale", "logits_zero_point"], "opType": "DequantizeLinear", "comment": "@489 [logits:(ty=1,shape=[1,1,512,512])] DequantizeLinear [logits_QuantizeLinear_Output:(ty=2,shape=[1,1,512,512]),logits_scale:(ty=1,shape=[]),logits_zero_point:(ty=2,shape=[])]", "device": "CPU"}], "shapeInfo": [{"name": "input_QuantizeLinear_Output", "shape": ["1", "3", "512", "512"]}, {"name": "input_DequantizeLinear_Output/duplicated_token_2", "shape": ["1", "3", "512", "512"]}, {"name": "input_DequantizeLinear_Output", "shape": ["1", "3", "512", "512"]}, {"name": "onnx::Conv_660_DequantizeLinear_Output", "shape": ["32"]}, {"name": "onnx::Conv_659_DequantizeLinear_Output", "shape": ["32", "3", "3", "3"]}, {"name": "/lr_branch/backbone/features.0/features.0.0/Conv_output_0", "shape": ["1", "32", "256", "256"]}, {"name": "/lr_branch/backbone/features.0/features.0.2/Clip_output_0", "shape": ["1", "32", "256", "256"]}, {"name": "/lr_branch/backbone/features.0/features.0.2/Clip_output_0_QuantizeLinear_Output", "shape": ["1", "32", "256", "256"]}, {"name": "/lr_branch/backbone/features.0/features.0.2/Clip_output_0_DequantizeLinear_Output", "shape": ["1", "32", "256", "256"]}, {"name": "onnx::Conv_663_DequantizeLinear_Output", "shape": ["32"]}, {"name": "onnx::Conv_662_DequantizeLinear_Output", "shape": ["32", "1", "3", "3"]}, {"name": "/lr_branch/backbone/features.1/conv/conv.0/Conv_output_0", "shape": ["1", "32", "256", "256"]}, {"name": "/lr_branch/backbone/features.1/conv/conv.2/Clip_output_0", "shape": ["1", "32", "256", "256"]}, {"name": "/lr_branch/backbone/features.1/conv/conv.2/Clip_output_0_QuantizeLinear_Output", "shape": ["1", "32", "256", "256"]}, {"name": "/lr_branch/backbone/features.1/conv/conv.2/Clip_output_0_DequantizeLinear_Output", "shape": ["1", "32", "256", "256"]}, {"name": "onnx::Conv_666_DequantizeLinear_Output", "shape": ["16"]}, {"name": "onnx::Conv_665_DequantizeLinear_Output", "shape": ["16", "32", "1", "1"]}, {"name": "/lr_branch/backbone/features.1/conv/conv.3/Conv_output_0", "shape": ["1", "16", "256", "256"]}, {"name": "/lr_branch/backbone/features.1/conv/conv.3/Conv_output_0_QuantizeLinear_Output", "shape": ["1", "16", "256", "256"]}, {"name": "/lr_branch/backbone/features.1/conv/conv.3/Conv_output_0_DequantizeLinear_Output/duplicated", "shape": ["1", "16", "256", "256"]}, {"name": "hr_branch.tohr_enc2x.0.bias_DequantizeLinear_Output", "shape": ["32"]}, {"name": "hr_branch.tohr_enc2x.0.weight_DequantizeLinear_Output", "shape": ["32", "16", "1", "1"]}, {"name": "/hr_branch/tohr_enc2x/tohr_enc2x.0/Conv_output_0", "shape": ["1", "32", "256", "256"]}, {"name": "/hr_branch/tohr_enc2x/tohr_enc2x.1/Relu_output_0", "shape": ["1", "32", "256", "256"]}, {"name": "/hr_branch/tohr_enc2x/tohr_enc2x.1/Relu_output_0_QuantizeLinear_Output", "shape": ["1", "32", "256", "256"]}, {"name": "/hr_branch/tohr_enc2x/tohr_enc2x.1/Relu_output_0_DequantizeLinear_Output/duplicated", "shape": ["1", "32", "256", "256"]}, {"name": "/lr_branch/backbone/features.1/conv/conv.3/Conv_output_0_DequantizeLinear_Output", "shape": ["1", "16", "256", "256"]}, {"name": "onnx::Conv_669_DequantizeLinear_Output", "shape": ["96"]}, {"name": "onnx::Conv_668_DequantizeLinear_Output", "shape": ["96", "16", "1", "1"]}, {"name": "/lr_branch/backbone/features.2/conv/conv.0/Conv_output_0", "shape": ["1", "96", "256", "256"]}, {"name": "/lr_branch/backbone/features.2/conv/conv.2/Clip_output_0", "shape": ["1", "96", "256", "256"]}, {"name": "/lr_branch/backbone/features.2/conv/conv.2/Clip_output_0_QuantizeLinear_Output", "shape": ["1", "96", "256", "256"]}, {"name": "/lr_branch/backbone/features.2/conv/conv.2/Clip_output_0_DequantizeLinear_Output", "shape": ["1", "96", "256", "256"]}, {"name": "onnx::Conv_672_DequantizeLinear_Output", "shape": ["96"]}, {"name": "onnx::Conv_671_DequantizeLinear_Output", "shape": ["96", "1", "3", "3"]}, {"name": "/lr_branch/backbone/features.2/conv/conv.3/Conv_output_0", "shape": ["1", "96", "128", "128"]}, {"name": "/lr_branch/backbone/features.2/conv/conv.5/Clip_output_0", "shape": ["1", "96", "128", "128"]}, {"name": "/lr_branch/backbone/features.2/conv/conv.5/Clip_output_0_QuantizeLinear_Output", "shape": ["1", "96", "128", "128"]}, {"name": "/lr_branch/backbone/features.2/conv/conv.5/Clip_output_0_DequantizeLinear_Output", "shape": ["1", "96", "128", "128"]}, {"name": "onnx::Conv_675_DequantizeLinear_Output", "shape": ["24"]}, {"name": "onnx::Conv_674_DequantizeLinear_Output", "shape": ["24", "96", "1", "1"]}, {"name": "/lr_branch/backbone/features.2/conv/conv.6/Conv_output_0", "shape": ["1", "24", "128", "128"]}, {"name": "/lr_branch/backbone/features.2/conv/conv.6/Conv_output_0_QuantizeLinear_Output", "shape": ["1", "24", "128", "128"]}, {"name": "/lr_branch/backbone/features.2/conv/conv.6/Conv_output_0_DequantizeLinear_Output/duplicated", "shape": ["1", "24", "128", "128"]}, {"name": "/lr_branch/backbone/features.2/conv/conv.6/Conv_output_0_DequantizeLinear_Output", "shape": ["1", "24", "128", "128"]}, {"name": "onnx::Conv_678_DequantizeLinear_Output", "shape": ["144"]}, {"name": "onnx::Conv_677_DequantizeLinear_Output", "shape": ["144", "24", "1", "1"]}, {"name": "/lr_branch/backbone/features.3/conv/conv.0/Conv_output_0", "shape": ["1", "144", "128", "128"]}, {"name": "/lr_branch/backbone/features.3/conv/conv.2/Clip_output_0", "shape": ["1", "144", "128", "128"]}, {"name": "/lr_branch/backbone/features.3/conv/conv.2/Clip_output_0_QuantizeLinear_Output", "shape": ["1", "144", "128", "128"]}, {"name": "/lr_branch/backbone/features.3/conv/conv.2/Clip_output_0_DequantizeLinear_Output", "shape": ["1", "144", "128", "128"]}, {"name": "onnx::Conv_681_DequantizeLinear_Output", "shape": ["144"]}, {"name": "onnx::Conv_680_DequantizeLinear_Output", "shape": ["144", "1", "3", "3"]}, {"name": "/lr_branch/backbone/features.3/conv/conv.3/Conv_output_0", "shape": ["1", "144", "128", "128"]}, {"name": "/lr_branch/backbone/features.3/conv/conv.5/Clip_output_0", "shape": ["1", "144", "128", "128"]}, {"name": "/lr_branch/backbone/features.3/conv/conv.5/Clip_output_0_QuantizeLinear_Output", "shape": ["1", "144", "128", "128"]}, {"name": "/lr_branch/backbone/features.3/conv/conv.5/Clip_output_0_DequantizeLinear_Output", "shape": ["1", "144", "128", "128"]}, {"name": "onnx::Conv_684_DequantizeLinear_Output", "shape": ["24"]}, {"name": "onnx::Conv_683_DequantizeLinear_Output", "shape": ["24", "144", "1", "1"]}, {"name": "/lr_branch/backbone/features.3/conv/conv.6/Conv_output_0", "shape": ["1", "24", "128", "128"]}, {"name": "/lr_branch/backbone/features.3/conv/conv.6/Conv_output_0_QuantizeLinear_Output", "shape": ["1", "24", "128", "128"]}, {"name": "/lr_branch/backbone/features.3/conv/conv.6/Conv_output_0_DequantizeLinear_Output", "shape": ["1", "24", "128", "128"]}, {"name": "/lr_branch/backbone/features.3/Add_output_0", "shape": ["1", "24", "128", "128"]}, {"name": "/lr_branch/backbone/features.3/Add_output_0_QuantizeLinear_Output", "shape": ["1", "24", "128", "128"]}, {"name": "/lr_branch/backbone/features.3/Add_output_0_DequantizeLinear_Output", "shape": ["1", "24", "128", "128"]}, {"name": "onnx::Conv_687_DequantizeLinear_Output", "shape": ["144"]}, {"name": "onnx::Conv_686_DequantizeLinear_Output", "shape": ["144", "24", "1", "1"]}, {"name": "/lr_branch/backbone/features.4/conv/conv.0/Conv_output_0", "shape": ["1", "144", "128", "128"]}, {"name": "/lr_branch/backbone/features.4/conv/conv.2/Clip_output_0", "shape": ["1", "144", "128", "128"]}, {"name": "/lr_branch/backbone/features.4/conv/conv.2/Clip_output_0_QuantizeLinear_Output", "shape": ["1", "144", "128", "128"]}, {"name": "/lr_branch/backbone/features.4/conv/conv.2/Clip_output_0_DequantizeLinear_Output", "shape": ["1", "144", "128", "128"]}, {"name": "onnx::Conv_690_DequantizeLinear_Output", "shape": ["144"]}, {"name": "onnx::Conv_689_DequantizeLinear_Output", "shape": ["144", "1", "3", "3"]}, {"name": "/lr_branch/backbone/features.4/conv/conv.3/Conv_output_0", "shape": ["1", "144", "64", "64"]}, {"name": "/lr_branch/backbone/features.4/conv/conv.5/Clip_output_0", "shape": ["1", "144", "64", "64"]}, {"name": "/lr_branch/backbone/features.4/conv/conv.5/Clip_output_0_QuantizeLinear_Output", "shape": ["1", "144", "64", "64"]}, {"name": "/lr_branch/backbone/features.4/conv/conv.5/Clip_output_0_DequantizeLinear_Output", "shape": ["1", "144", "64", "64"]}, {"name": "onnx::Conv_693_DequantizeLinear_Output", "shape": ["32"]}, {"name": "onnx::Conv_692_DequantizeLinear_Output", "shape": ["32", "144", "1", "1"]}, {"name": "/lr_branch/backbone/features.4/conv/conv.6/Conv_output_0", "shape": ["1", "32", "64", "64"]}, {"name": "/lr_branch/backbone/features.4/conv/conv.6/Conv_output_0_QuantizeLinear_Output", "shape": ["1", "32", "64", "64"]}, {"name": "/lr_branch/backbone/features.4/conv/conv.6/Conv_output_0_DequantizeLinear_Output/duplicated", "shape": ["1", "32", "64", "64"]}, {"name": "/lr_branch/backbone/features.4/conv/conv.6/Conv_output_0_DequantizeLinear_Output", "shape": ["1", "32", "64", "64"]}, {"name": "onnx::Conv_696_DequantizeLinear_Output", "shape": ["192"]}, {"name": "onnx::Conv_695_DequantizeLinear_Output", "shape": ["192", "32", "1", "1"]}, {"name": "/lr_branch/backbone/features.5/conv/conv.0/Conv_output_0", "shape": ["1", "192", "64", "64"]}, {"name": "/lr_branch/backbone/features.5/conv/conv.2/Clip_output_0", "shape": ["1", "192", "64", "64"]}, {"name": "/lr_branch/backbone/features.5/conv/conv.2/Clip_output_0_QuantizeLinear_Output", "shape": ["1", "192", "64", "64"]}, {"name": "/lr_branch/backbone/features.5/conv/conv.2/Clip_output_0_DequantizeLinear_Output", "shape": ["1", "192", "64", "64"]}, {"name": "onnx::Conv_699_DequantizeLinear_Output", "shape": ["192"]}, {"name": "onnx::Conv_698_DequantizeLinear_Output", "shape": ["192", "1", "3", "3"]}, {"name": "/lr_branch/backbone/features.5/conv/conv.3/Conv_output_0", "shape": ["1", "192", "64", "64"]}, {"name": "/lr_branch/backbone/features.5/conv/conv.5/Clip_output_0", "shape": ["1", "192", "64", "64"]}, {"name": "/lr_branch/backbone/features.5/conv/conv.5/Clip_output_0_QuantizeLinear_Output", "shape": ["1", "192", "64", "64"]}, {"name": "/lr_branch/backbone/features.5/conv/conv.5/Clip_output_0_DequantizeLinear_Output", "shape": ["1", "192", "64", "64"]}, {"name": "onnx::Conv_702_DequantizeLinear_Output", "shape": ["32"]}, {"name": "onnx::Conv_701_DequantizeLinear_Output", "shape": ["32", "192", "1", "1"]}, {"name": "/lr_branch/backbone/features.5/conv/conv.6/Conv_output_0", "shape": ["1", "32", "64", "64"]}, {"name": "/lr_branch/backbone/features.5/conv/conv.6/Conv_output_0_QuantizeLinear_Output", "shape": ["1", "32", "64", "64"]}, {"name": "/lr_branch/backbone/features.5/conv/conv.6/Conv_output_0_DequantizeLinear_Output", "shape": ["1", "32", "64", "64"]}, {"name": "/lr_branch/backbone/features.5/Add_output_0", "shape": ["1", "32", "64", "64"]}, {"name": "/lr_branch/backbone/features.5/Add_output_0_QuantizeLinear_Output", "shape": ["1", "32", "64", "64"]}, {"name": "/lr_branch/backbone/features.5/Add_output_0_DequantizeLinear_Output/duplicated", "shape": ["1", "32", "64", "64"]}, {"name": "/lr_branch/backbone/features.5/Add_output_0_DequantizeLinear_Output", "shape": ["1", "32", "64", "64"]}, {"name": "onnx::Conv_705_DequantizeLinear_Output", "shape": ["192"]}, {"name": "onnx::Conv_704_DequantizeLinear_Output", "shape": ["192", "32", "1", "1"]}, {"name": "/lr_branch/backbone/features.6/conv/conv.0/Conv_output_0", "shape": ["1", "192", "64", "64"]}, {"name": "/lr_branch/backbone/features.6/conv/conv.2/Clip_output_0", "shape": ["1", "192", "64", "64"]}, {"name": "/lr_branch/backbone/features.6/conv/conv.2/Clip_output_0_QuantizeLinear_Output", "shape": ["1", "192", "64", "64"]}, {"name": "/lr_branch/backbone/features.6/conv/conv.2/Clip_output_0_DequantizeLinear_Output", "shape": ["1", "192", "64", "64"]}, {"name": "onnx::Conv_708_DequantizeLinear_Output", "shape": ["192"]}, {"name": "onnx::Conv_707_DequantizeLinear_Output", "shape": ["192", "1", "3", "3"]}, {"name": "/lr_branch/backbone/features.6/conv/conv.3/Conv_output_0", "shape": ["1", "192", "64", "64"]}, {"name": "/lr_branch/backbone/features.6/conv/conv.5/Clip_output_0", "shape": ["1", "192", "64", "64"]}, {"name": "/lr_branch/backbone/features.6/conv/conv.5/Clip_output_0_QuantizeLinear_Output", "shape": ["1", "192", "64", "64"]}, {"name": "/lr_branch/backbone/features.6/conv/conv.5/Clip_output_0_DequantizeLinear_Output", "shape": ["1", "192", "64", "64"]}, {"name": "onnx::Conv_711_DequantizeLinear_Output", "shape": ["32"]}, {"name": "onnx::Conv_710_DequantizeLinear_Output", "shape": ["32", "192", "1", "1"]}, {"name": "/lr_branch/backbone/features.6/conv/conv.6/Conv_output_0", "shape": ["1", "32", "64", "64"]}, {"name": "/lr_branch/backbone/features.6/conv/conv.6/Conv_output_0_QuantizeLinear_Output", "shape": ["1", "32", "64", "64"]}, {"name": "/lr_branch/backbone/features.6/conv/conv.6/Conv_output_0_DequantizeLinear_Output", "shape": ["1", "32", "64", "64"]}, {"name": "/lr_branch/backbone/features.6/Add_output_0", "shape": ["1", "32", "64", "64"]}, {"name": "/lr_branch/backbone/features.6/Add_output_0_QuantizeLinear_Output", "shape": ["1", "32", "64", "64"]}, {"name": "/lr_branch/backbone/features.6/Add_output_0_DequantizeLinear_Output", "shape": ["1", "32", "64", "64"]}, {"name": "onnx::Conv_714_DequantizeLinear_Output", "shape": ["192"]}, {"name": "onnx::Conv_713_DequantizeLinear_Output", "shape": ["192", "32", "1", "1"]}, {"name": "/lr_branch/backbone/features.7/conv/conv.0/Conv_output_0", "shape": ["1", "192", "64", "64"]}, {"name": "/lr_branch/backbone/features.7/conv/conv.2/Clip_output_0", "shape": ["1", "192", "64", "64"]}, {"name": "/lr_branch/backbone/features.7/conv/conv.2/Clip_output_0_QuantizeLinear_Output", "shape": ["1", "192", "64", "64"]}, {"name": "/lr_branch/backbone/features.7/conv/conv.2/Clip_output_0_DequantizeLinear_Output", "shape": ["1", "192", "64", "64"]}, {"name": "onnx::Conv_717_DequantizeLinear_Output", "shape": ["192"]}, {"name": "onnx::Conv_716_DequantizeLinear_Output", "shape": ["192", "1", "3", "3"]}, {"name": "/lr_branch/backbone/features.7/conv/conv.3/Conv_output_0", "shape": ["1", "192", "32", "32"]}, {"name": "/lr_branch/backbone/features.7/conv/conv.5/Clip_output_0", "shape": ["1", "192", "32", "32"]}, {"name": "/lr_branch/backbone/features.7/conv/conv.5/Clip_output_0_QuantizeLinear_Output", "shape": ["1", "192", "32", "32"]}, {"name": "/lr_branch/backbone/features.7/conv/conv.5/Clip_output_0_DequantizeLinear_Output", "shape": ["1", "192", "32", "32"]}, {"name": "onnx::Conv_720_DequantizeLinear_Output", "shape": ["64"]}, {"name": "onnx::Conv_719_DequantizeLinear_Output", "shape": ["64", "192", "1", "1"]}, {"name": "/lr_branch/backbone/features.7/conv/conv.6/Conv_output_0", "shape": ["1", "64", "32", "32"]}, {"name": "/lr_branch/backbone/features.7/conv/conv.6/Conv_output_0_QuantizeLinear_Output", "shape": ["1", "64", "32", "32"]}, {"name": "/lr_branch/backbone/features.7/conv/conv.6/Conv_output_0_DequantizeLinear_Output/duplicated", "shape": ["1", "64", "32", "32"]}, {"name": "/lr_branch/backbone/features.7/conv/conv.6/Conv_output_0_DequantizeLinear_Output", "shape": ["1", "64", "32", "32"]}, {"name": "onnx::Conv_723_DequantizeLinear_Output", "shape": ["384"]}, {"name": "onnx::Conv_722_DequantizeLinear_Output", "shape": ["384", "64", "1", "1"]}, {"name": "/lr_branch/backbone/features.8/conv/conv.0/Conv_output_0", "shape": ["1", "384", "32", "32"]}, {"name": "/lr_branch/backbone/features.8/conv/conv.2/Clip_output_0", "shape": ["1", "384", "32", "32"]}, {"name": "/lr_branch/backbone/features.8/conv/conv.2/Clip_output_0_QuantizeLinear_Output", "shape": ["1", "384", "32", "32"]}, {"name": "/lr_branch/backbone/features.8/conv/conv.2/Clip_output_0_DequantizeLinear_Output", "shape": ["1", "384", "32", "32"]}, {"name": "onnx::Conv_726_DequantizeLinear_Output", "shape": ["384"]}, {"name": "onnx::Conv_725_DequantizeLinear_Output", "shape": ["384", "1", "3", "3"]}, {"name": "/lr_branch/backbone/features.8/conv/conv.3/Conv_output_0", "shape": ["1", "384", "32", "32"]}, {"name": "/lr_branch/backbone/features.8/conv/conv.5/Clip_output_0", "shape": ["1", "384", "32", "32"]}, {"name": "/lr_branch/backbone/features.8/conv/conv.5/Clip_output_0_QuantizeLinear_Output", "shape": ["1", "384", "32", "32"]}, {"name": "/lr_branch/backbone/features.8/conv/conv.5/Clip_output_0_DequantizeLinear_Output", "shape": ["1", "384", "32", "32"]}, {"name": "onnx::Conv_729_DequantizeLinear_Output", "shape": ["64"]}, {"name": "onnx::Conv_728_DequantizeLinear_Output", "shape": ["64", "384", "1", "1"]}, {"name": "/lr_branch/backbone/features.8/conv/conv.6/Conv_output_0", "shape": ["1", "64", "32", "32"]}, {"name": "/lr_branch/backbone/features.8/conv/conv.6/Conv_output_0_QuantizeLinear_Output", "shape": ["1", "64", "32", "32"]}, {"name": "/lr_branch/backbone/features.8/conv/conv.6/Conv_output_0_DequantizeLinear_Output", "shape": ["1", "64", "32", "32"]}, {"name": "/lr_branch/backbone/features.8/Add_output_0", "shape": ["1", "64", "32", "32"]}, {"name": "/lr_branch/backbone/features.8/Add_output_0_QuantizeLinear_Output", "shape": ["1", "64", "32", "32"]}, {"name": "/lr_branch/backbone/features.8/Add_output_0_DequantizeLinear_Output/duplicated", "shape": ["1", "64", "32", "32"]}, {"name": "/lr_branch/backbone/features.8/Add_output_0_DequantizeLinear_Output", "shape": ["1", "64", "32", "32"]}, {"name": "onnx::Conv_732_DequantizeLinear_Output", "shape": ["384"]}, {"name": "onnx::Conv_731_DequantizeLinear_Output", "shape": ["384", "64", "1", "1"]}, {"name": "/lr_branch/backbone/features.9/conv/conv.0/Conv_output_0", "shape": ["1", "384", "32", "32"]}, {"name": "/lr_branch/backbone/features.9/conv/conv.2/Clip_output_0", "shape": ["1", "384", "32", "32"]}, {"name": "/lr_branch/backbone/features.9/conv/conv.2/Clip_output_0_QuantizeLinear_Output", "shape": ["1", "384", "32", "32"]}, {"name": "/lr_branch/backbone/features.9/conv/conv.2/Clip_output_0_DequantizeLinear_Output", "shape": ["1", "384", "32", "32"]}, {"name": "onnx::Conv_735_DequantizeLinear_Output", "shape": ["384"]}, {"name": "onnx::Conv_734_DequantizeLinear_Output", "shape": ["384", "1", "3", "3"]}, {"name": "/lr_branch/backbone/features.9/conv/conv.3/Conv_output_0", "shape": ["1", "384", "32", "32"]}, {"name": "/lr_branch/backbone/features.9/conv/conv.5/Clip_output_0", "shape": ["1", "384", "32", "32"]}, {"name": "/lr_branch/backbone/features.9/conv/conv.5/Clip_output_0_QuantizeLinear_Output", "shape": ["1", "384", "32", "32"]}, {"name": "/lr_branch/backbone/features.9/conv/conv.5/Clip_output_0_DequantizeLinear_Output", "shape": ["1", "384", "32", "32"]}, {"name": "onnx::Conv_738_DequantizeLinear_Output", "shape": ["64"]}, {"name": "onnx::Conv_737_DequantizeLinear_Output", "shape": ["64", "384", "1", "1"]}, {"name": "/lr_branch/backbone/features.9/conv/conv.6/Conv_output_0", "shape": ["1", "64", "32", "32"]}, {"name": "/lr_branch/backbone/features.9/conv/conv.6/Conv_output_0_QuantizeLinear_Output", "shape": ["1", "64", "32", "32"]}, {"name": "/lr_branch/backbone/features.9/conv/conv.6/Conv_output_0_DequantizeLinear_Output", "shape": ["1", "64", "32", "32"]}, {"name": "/lr_branch/backbone/features.9/Add_output_0", "shape": ["1", "64", "32", "32"]}, {"name": "/lr_branch/backbone/features.9/Add_output_0_QuantizeLinear_Output", "shape": ["1", "64", "32", "32"]}, {"name": "/lr_branch/backbone/features.9/Add_output_0_DequantizeLinear_Output/duplicated", "shape": ["1", "64", "32", "32"]}, {"name": "/lr_branch/backbone/features.9/Add_output_0_DequantizeLinear_Output", "shape": ["1", "64", "32", "32"]}, {"name": "onnx::Conv_741_DequantizeLinear_Output", "shape": ["384"]}, {"name": "onnx::Conv_740_DequantizeLinear_Output", "shape": ["384", "64", "1", "1"]}, {"name": "/lr_branch/backbone/features.10/conv/conv.0/Conv_output_0", "shape": ["1", "384", "32", "32"]}, {"name": "/lr_branch/backbone/features.10/conv/conv.2/Clip_output_0", "shape": ["1", "384", "32", "32"]}, {"name": "/lr_branch/backbone/features.10/conv/conv.2/Clip_output_0_QuantizeLinear_Output", "shape": ["1", "384", "32", "32"]}, {"name": "/lr_branch/backbone/features.10/conv/conv.2/Clip_output_0_DequantizeLinear_Output", "shape": ["1", "384", "32", "32"]}, {"name": "onnx::Conv_744_DequantizeLinear_Output", "shape": ["384"]}, {"name": "onnx::Conv_743_DequantizeLinear_Output", "shape": ["384", "1", "3", "3"]}, {"name": "/lr_branch/backbone/features.10/conv/conv.3/Conv_output_0", "shape": ["1", "384", "32", "32"]}, {"name": "/lr_branch/backbone/features.10/conv/conv.5/Clip_output_0", "shape": ["1", "384", "32", "32"]}, {"name": "/lr_branch/backbone/features.10/conv/conv.5/Clip_output_0_QuantizeLinear_Output", "shape": ["1", "384", "32", "32"]}, {"name": "/lr_branch/backbone/features.10/conv/conv.5/Clip_output_0_DequantizeLinear_Output", "shape": ["1", "384", "32", "32"]}, {"name": "onnx::Conv_747_DequantizeLinear_Output", "shape": ["64"]}, {"name": "onnx::Conv_746_DequantizeLinear_Output", "shape": ["64", "384", "1", "1"]}, {"name": "/lr_branch/backbone/features.10/conv/conv.6/Conv_output_0", "shape": ["1", "64", "32", "32"]}, {"name": "/lr_branch/backbone/features.10/conv/conv.6/Conv_output_0_QuantizeLinear_Output", "shape": ["1", "64", "32", "32"]}, {"name": "/lr_branch/backbone/features.10/conv/conv.6/Conv_output_0_DequantizeLinear_Output", "shape": ["1", "64", "32", "32"]}, {"name": "/lr_branch/backbone/features.10/Add_output_0", "shape": ["1", "64", "32", "32"]}, {"name": "/lr_branch/backbone/features.10/Add_output_0_QuantizeLinear_Output", "shape": ["1", "64", "32", "32"]}, {"name": "/lr_branch/backbone/features.10/Add_output_0_DequantizeLinear_Output", "shape": ["1", "64", "32", "32"]}, {"name": "onnx::Conv_750_DequantizeLinear_Output", "shape": ["384"]}, {"name": "onnx::Conv_749_DequantizeLinear_Output", "shape": ["384", "64", "1", "1"]}, {"name": "/lr_branch/backbone/features.11/conv/conv.0/Conv_output_0", "shape": ["1", "384", "32", "32"]}, {"name": "/lr_branch/backbone/features.11/conv/conv.2/Clip_output_0", "shape": ["1", "384", "32", "32"]}, {"name": "/lr_branch/backbone/features.11/conv/conv.2/Clip_output_0_QuantizeLinear_Output", "shape": ["1", "384", "32", "32"]}, {"name": "/lr_branch/backbone/features.11/conv/conv.2/Clip_output_0_DequantizeLinear_Output", "shape": ["1", "384", "32", "32"]}, {"name": "onnx::Conv_753_DequantizeLinear_Output", "shape": ["384"]}, {"name": "onnx::Conv_752_DequantizeLinear_Output", "shape": ["384", "1", "3", "3"]}, {"name": "/lr_branch/backbone/features.11/conv/conv.3/Conv_output_0", "shape": ["1", "384", "32", "32"]}, {"name": "/lr_branch/backbone/features.11/conv/conv.5/Clip_output_0", "shape": ["1", "384", "32", "32"]}, {"name": "/lr_branch/backbone/features.11/conv/conv.5/Clip_output_0_QuantizeLinear_Output", "shape": ["1", "384", "32", "32"]}, {"name": "/lr_branch/backbone/features.11/conv/conv.5/Clip_output_0_DequantizeLinear_Output", "shape": ["1", "384", "32", "32"]}, {"name": "onnx::Conv_756_DequantizeLinear_Output", "shape": ["96"]}, {"name": "onnx::Conv_755_DequantizeLinear_Output", "shape": ["96", "384", "1", "1"]}, {"name": "/lr_branch/backbone/features.11/conv/conv.6/Conv_output_0", "shape": ["1", "96", "32", "32"]}, {"name": "/lr_branch/backbone/features.11/conv/conv.6/Conv_output_0_QuantizeLinear_Output", "shape": ["1", "96", "32", "32"]}, {"name": "/lr_branch/backbone/features.11/conv/conv.6/Conv_output_0_DequantizeLinear_Output/duplicated", "shape": ["1", "96", "32", "32"]}, {"name": "/lr_branch/backbone/features.11/conv/conv.6/Conv_output_0_DequantizeLinear_Output", "shape": ["1", "96", "32", "32"]}, {"name": "onnx::Conv_759_DequantizeLinear_Output", "shape": ["576"]}, {"name": "onnx::Conv_758_DequantizeLinear_Output", "shape": ["576", "96", "1", "1"]}, {"name": "/lr_branch/backbone/features.12/conv/conv.0/Conv_output_0", "shape": ["1", "576", "32", "32"]}, {"name": "/lr_branch/backbone/features.12/conv/conv.2/Clip_output_0", "shape": ["1", "576", "32", "32"]}, {"name": "/lr_branch/backbone/features.12/conv/conv.2/Clip_output_0_QuantizeLinear_Output", "shape": ["1", "576", "32", "32"]}, {"name": "/lr_branch/backbone/features.12/conv/conv.2/Clip_output_0_DequantizeLinear_Output", "shape": ["1", "576", "32", "32"]}, {"name": "onnx::Conv_762_DequantizeLinear_Output", "shape": ["576"]}, {"name": "onnx::Conv_761_DequantizeLinear_Output", "shape": ["576", "1", "3", "3"]}, {"name": "/lr_branch/backbone/features.12/conv/conv.3/Conv_output_0", "shape": ["1", "576", "32", "32"]}, {"name": "/lr_branch/backbone/features.12/conv/conv.5/Clip_output_0", "shape": ["1", "576", "32", "32"]}, {"name": "/lr_branch/backbone/features.12/conv/conv.5/Clip_output_0_QuantizeLinear_Output", "shape": ["1", "576", "32", "32"]}, {"name": "/lr_branch/backbone/features.12/conv/conv.5/Clip_output_0_DequantizeLinear_Output", "shape": ["1", "576", "32", "32"]}, {"name": "onnx::Conv_765_DequantizeLinear_Output", "shape": ["96"]}, {"name": "onnx::Conv_764_DequantizeLinear_Output", "shape": ["96", "576", "1", "1"]}, {"name": "/lr_branch/backbone/features.12/conv/conv.6/Conv_output_0", "shape": ["1", "96", "32", "32"]}, {"name": "/lr_branch/backbone/features.12/conv/conv.6/Conv_output_0_QuantizeLinear_Output", "shape": ["1", "96", "32", "32"]}, {"name": "/lr_branch/backbone/features.12/conv/conv.6/Conv_output_0_DequantizeLinear_Output", "shape": ["1", "96", "32", "32"]}, {"name": "/lr_branch/backbone/features.12/Add_output_0", "shape": ["1", "96", "32", "32"]}, {"name": "/lr_branch/backbone/features.12/Add_output_0_QuantizeLinear_Output", "shape": ["1", "96", "32", "32"]}, {"name": "/lr_branch/backbone/features.12/Add_output_0_DequantizeLinear_Output/duplicated", "shape": ["1", "96", "32", "32"]}, {"name": "/lr_branch/backbone/features.12/Add_output_0_DequantizeLinear_Output", "shape": ["1", "96", "32", "32"]}, {"name": "onnx::Conv_768_DequantizeLinear_Output", "shape": ["576"]}, {"name": "onnx::Conv_767_DequantizeLinear_Output", "shape": ["576", "96", "1", "1"]}, {"name": "/lr_branch/backbone/features.13/conv/conv.0/Conv_output_0", "shape": ["1", "576", "32", "32"]}, {"name": "/lr_branch/backbone/features.13/conv/conv.2/Clip_output_0", "shape": ["1", "576", "32", "32"]}, {"name": "/lr_branch/backbone/features.13/conv/conv.2/Clip_output_0_QuantizeLinear_Output", "shape": ["1", "576", "32", "32"]}, {"name": "/lr_branch/backbone/features.13/conv/conv.2/Clip_output_0_DequantizeLinear_Output", "shape": ["1", "576", "32", "32"]}, {"name": "onnx::Conv_771_DequantizeLinear_Output", "shape": ["576"]}, {"name": "onnx::Conv_770_DequantizeLinear_Output", "shape": ["576", "1", "3", "3"]}, {"name": "/lr_branch/backbone/features.13/conv/conv.3/Conv_output_0", "shape": ["1", "576", "32", "32"]}, {"name": "/lr_branch/backbone/features.13/conv/conv.5/Clip_output_0", "shape": ["1", "576", "32", "32"]}, {"name": "/lr_branch/backbone/features.13/conv/conv.5/Clip_output_0_QuantizeLinear_Output", "shape": ["1", "576", "32", "32"]}, {"name": "/lr_branch/backbone/features.13/conv/conv.5/Clip_output_0_DequantizeLinear_Output", "shape": ["1", "576", "32", "32"]}, {"name": "onnx::Conv_774_DequantizeLinear_Output", "shape": ["96"]}, {"name": "onnx::Conv_773_DequantizeLinear_Output", "shape": ["96", "576", "1", "1"]}, {"name": "/lr_branch/backbone/features.13/conv/conv.6/Conv_output_0", "shape": ["1", "96", "32", "32"]}, {"name": "/lr_branch/backbone/features.13/conv/conv.6/Conv_output_0_QuantizeLinear_Output", "shape": ["1", "96", "32", "32"]}, {"name": "/lr_branch/backbone/features.13/conv/conv.6/Conv_output_0_DequantizeLinear_Output", "shape": ["1", "96", "32", "32"]}, {"name": "/lr_branch/backbone/features.13/Add_output_0", "shape": ["1", "96", "32", "32"]}, {"name": "/lr_branch/backbone/features.13/Add_output_0_QuantizeLinear_Output", "shape": ["1", "96", "32", "32"]}, {"name": "/lr_branch/backbone/features.13/Add_output_0_DequantizeLinear_Output", "shape": ["1", "96", "32", "32"]}, {"name": "onnx::Conv_777_DequantizeLinear_Output", "shape": ["576"]}, {"name": "onnx::Conv_776_DequantizeLinear_Output", "shape": ["576", "96", "1", "1"]}, {"name": "/lr_branch/backbone/features.14/conv/conv.0/Conv_output_0", "shape": ["1", "576", "32", "32"]}, {"name": "/lr_branch/backbone/features.14/conv/conv.2/Clip_output_0", "shape": ["1", "576", "32", "32"]}, {"name": "/lr_branch/backbone/features.14/conv/conv.2/Clip_output_0_QuantizeLinear_Output", "shape": ["1", "576", "32", "32"]}, {"name": "/lr_branch/backbone/features.14/conv/conv.2/Clip_output_0_DequantizeLinear_Output", "shape": ["1", "576", "32", "32"]}, {"name": "onnx::Conv_780_DequantizeLinear_Output", "shape": ["576"]}, {"name": "onnx::Conv_779_DequantizeLinear_Output", "shape": ["576", "1", "3", "3"]}, {"name": "/lr_branch/backbone/features.14/conv/conv.3/Conv_output_0", "shape": ["1", "576", "16", "16"]}, {"name": "/lr_branch/backbone/features.14/conv/conv.5/Clip_output_0", "shape": ["1", "576", "16", "16"]}, {"name": "/lr_branch/backbone/features.14/conv/conv.5/Clip_output_0_QuantizeLinear_Output", "shape": ["1", "576", "16", "16"]}, {"name": "/lr_branch/backbone/features.14/conv/conv.5/Clip_output_0_DequantizeLinear_Output", "shape": ["1", "576", "16", "16"]}, {"name": "onnx::Conv_783_DequantizeLinear_Output", "shape": ["160"]}, {"name": "onnx::Conv_782_DequantizeLinear_Output", "shape": ["160", "576", "1", "1"]}, {"name": "/lr_branch/backbone/features.14/conv/conv.6/Conv_output_0", "shape": ["1", "160", "16", "16"]}, {"name": "/lr_branch/backbone/features.14/conv/conv.6/Conv_output_0_QuantizeLinear_Output", "shape": ["1", "160", "16", "16"]}, {"name": "/lr_branch/backbone/features.14/conv/conv.6/Conv_output_0_DequantizeLinear_Output/duplicated", "shape": ["1", "160", "16", "16"]}, {"name": "/lr_branch/backbone/features.14/conv/conv.6/Conv_output_0_DequantizeLinear_Output", "shape": ["1", "160", "16", "16"]}, {"name": "onnx::Conv_786_DequantizeLinear_Output", "shape": ["960"]}, {"name": "onnx::Conv_785_DequantizeLinear_Output", "shape": ["960", "160", "1", "1"]}, {"name": "/lr_branch/backbone/features.15/conv/conv.0/Conv_output_0", "shape": ["1", "960", "16", "16"]}, {"name": "/lr_branch/backbone/features.15/conv/conv.2/Clip_output_0", "shape": ["1", "960", "16", "16"]}, {"name": "/lr_branch/backbone/features.15/conv/conv.2/Clip_output_0_QuantizeLinear_Output", "shape": ["1", "960", "16", "16"]}, {"name": "/lr_branch/backbone/features.15/conv/conv.2/Clip_output_0_DequantizeLinear_Output", "shape": ["1", "960", "16", "16"]}, {"name": "onnx::Conv_789_DequantizeLinear_Output", "shape": ["960"]}, {"name": "onnx::Conv_788_DequantizeLinear_Output", "shape": ["960", "1", "3", "3"]}, {"name": "/lr_branch/backbone/features.15/conv/conv.3/Conv_output_0", "shape": ["1", "960", "16", "16"]}, {"name": "/lr_branch/backbone/features.15/conv/conv.5/Clip_output_0", "shape": ["1", "960", "16", "16"]}, {"name": "/lr_branch/backbone/features.15/conv/conv.5/Clip_output_0_QuantizeLinear_Output", "shape": ["1", "960", "16", "16"]}, {"name": "/lr_branch/backbone/features.15/conv/conv.5/Clip_output_0_DequantizeLinear_Output", "shape": ["1", "960", "16", "16"]}, {"name": "onnx::Conv_792_DequantizeLinear_Output", "shape": ["160"]}, {"name": "onnx::Conv_791_DequantizeLinear_Output", "shape": ["160", "960", "1", "1"]}, {"name": "/lr_branch/backbone/features.15/conv/conv.6/Conv_output_0", "shape": ["1", "160", "16", "16"]}, {"name": "/lr_branch/backbone/features.15/conv/conv.6/Conv_output_0_QuantizeLinear_Output", "shape": ["1", "160", "16", "16"]}, {"name": "/lr_branch/backbone/features.15/conv/conv.6/Conv_output_0_DequantizeLinear_Output", "shape": ["1", "160", "16", "16"]}, {"name": "/lr_branch/backbone/features.15/Add_output_0", "shape": ["1", "160", "16", "16"]}, {"name": "/lr_branch/backbone/features.15/Add_output_0_QuantizeLinear_Output", "shape": ["1", "160", "16", "16"]}, {"name": "/lr_branch/backbone/features.15/Add_output_0_DequantizeLinear_Output/duplicated", "shape": ["1", "160", "16", "16"]}, {"name": "/lr_branch/backbone/features.15/Add_output_0_DequantizeLinear_Output", "shape": ["1", "160", "16", "16"]}, {"name": "onnx::Conv_795_DequantizeLinear_Output", "shape": ["960"]}, {"name": "onnx::Conv_794_DequantizeLinear_Output", "shape": ["960", "160", "1", "1"]}, {"name": "/lr_branch/backbone/features.16/conv/conv.0/Conv_output_0", "shape": ["1", "960", "16", "16"]}, {"name": "/lr_branch/backbone/features.16/conv/conv.2/Clip_output_0", "shape": ["1", "960", "16", "16"]}, {"name": "/lr_branch/backbone/features.16/conv/conv.2/Clip_output_0_QuantizeLinear_Output", "shape": ["1", "960", "16", "16"]}, {"name": "/lr_branch/backbone/features.16/conv/conv.2/Clip_output_0_DequantizeLinear_Output", "shape": ["1", "960", "16", "16"]}, {"name": "onnx::Conv_798_DequantizeLinear_Output", "shape": ["960"]}, {"name": "onnx::Conv_797_DequantizeLinear_Output", "shape": ["960", "1", "3", "3"]}, {"name": "/lr_branch/backbone/features.16/conv/conv.3/Conv_output_0", "shape": ["1", "960", "16", "16"]}, {"name": "/lr_branch/backbone/features.16/conv/conv.5/Clip_output_0", "shape": ["1", "960", "16", "16"]}, {"name": "/lr_branch/backbone/features.16/conv/conv.5/Clip_output_0_QuantizeLinear_Output", "shape": ["1", "960", "16", "16"]}, {"name": "/lr_branch/backbone/features.16/conv/conv.5/Clip_output_0_DequantizeLinear_Output", "shape": ["1", "960", "16", "16"]}, {"name": "onnx::Conv_801_DequantizeLinear_Output", "shape": ["160"]}, {"name": "onnx::Conv_800_DequantizeLinear_Output", "shape": ["160", "960", "1", "1"]}, {"name": "/lr_branch/backbone/features.16/conv/conv.6/Conv_output_0", "shape": ["1", "160", "16", "16"]}, {"name": "/lr_branch/backbone/features.16/conv/conv.6/Conv_output_0_QuantizeLinear_Output", "shape": ["1", "160", "16", "16"]}, {"name": "/lr_branch/backbone/features.16/conv/conv.6/Conv_output_0_DequantizeLinear_Output", "shape": ["1", "160", "16", "16"]}, {"name": "/lr_branch/backbone/features.16/Add_output_0", "shape": ["1", "160", "16", "16"]}, {"name": "/lr_branch/backbone/features.16/Add_output_0_QuantizeLinear_Output", "shape": ["1", "160", "16", "16"]}, {"name": "/lr_branch/backbone/features.16/Add_output_0_DequantizeLinear_Output", "shape": ["1", "160", "16", "16"]}, {"name": "onnx::Conv_804_DequantizeLinear_Output", "shape": ["960"]}, {"name": "onnx::Conv_803_DequantizeLinear_Output", "shape": ["960", "160", "1", "1"]}, {"name": "/lr_branch/backbone/features.17/conv/conv.0/Conv_output_0", "shape": ["1", "960", "16", "16"]}, {"name": "/lr_branch/backbone/features.17/conv/conv.2/Clip_output_0", "shape": ["1", "960", "16", "16"]}, {"name": "/lr_branch/backbone/features.17/conv/conv.2/Clip_output_0_QuantizeLinear_Output", "shape": ["1", "960", "16", "16"]}, {"name": "/lr_branch/backbone/features.17/conv/conv.2/Clip_output_0_DequantizeLinear_Output", "shape": ["1", "960", "16", "16"]}, {"name": "onnx::Conv_807_DequantizeLinear_Output", "shape": ["960"]}, {"name": "onnx::Conv_806_DequantizeLinear_Output", "shape": ["960", "1", "3", "3"]}, {"name": "/lr_branch/backbone/features.17/conv/conv.3/Conv_output_0", "shape": ["1", "960", "16", "16"]}, {"name": "/lr_branch/backbone/features.17/conv/conv.5/Clip_output_0", "shape": ["1", "960", "16", "16"]}, {"name": "/lr_branch/backbone/features.17/conv/conv.5/Clip_output_0_QuantizeLinear_Output", "shape": ["1", "960", "16", "16"]}, {"name": "/lr_branch/backbone/features.17/conv/conv.5/Clip_output_0_DequantizeLinear_Output", "shape": ["1", "960", "16", "16"]}, {"name": "onnx::Conv_810_DequantizeLinear_Output", "shape": ["320"]}, {"name": "onnx::Conv_809_DequantizeLinear_Output", "shape": ["320", "960", "1", "1"]}, {"name": "/lr_branch/backbone/features.17/conv/conv.6/Conv_output_0", "shape": ["1", "320", "16", "16"]}, {"name": "/lr_branch/backbone/features.17/conv/conv.6/Conv_output_0_QuantizeLinear_Output", "shape": ["1", "320", "16", "16"]}, {"name": "/lr_branch/backbone/features.17/conv/conv.6/Conv_output_0_DequantizeLinear_Output", "shape": ["1", "320", "16", "16"]}, {"name": "onnx::Conv_813_DequantizeLinear_Output", "shape": ["1280"]}, {"name": "onnx::Conv_812_DequantizeLinear_Output", "shape": ["1280", "320", "1", "1"]}, {"name": "/lr_branch/backbone/features.18/features.18.0/Conv_output_0", "shape": ["1", "1280", "16", "16"]}, {"name": "/lr_branch/backbone/features.18/features.18.2/Clip_output_0", "shape": ["1", "1280", "16", "16"]}, {"name": "/lr_branch/backbone/features.18/features.18.2/Clip_output_0_QuantizeLinear_Output", "shape": ["1", "1280", "16", "16"]}, {"name": "/lr_branch/backbone/features.18/features.18.2/Clip_output_0_DequantizeLinear_Output/duplicated", "shape": ["1", "1280", "16", "16"]}, {"name": "/lr_branch/backbone/features.18/features.18.2/Clip_output_0_DequantizeLinear_Output", "shape": ["1", "1280", "16", "16"]}, {"name": "/lr_branch/se_block/pool/GlobalAveragePool_output_0_Mul", "shape": ["1", "1280", "1", "1"]}, {"name": "/lr_branch/se_block/pool/GlobalAveragePool_output_0_QuantizeLinear_Output", "shape": ["1", "1280", "1", "1"]}, {"name": "/lr_branch/se_block/pool/GlobalAveragePool_output_0_DequantizeLinear_Output", "shape": ["1", "1280", "1", "1"]}, {"name": "lr_branch.se_block.fc.0.weight_DequantizeLinear_Output", "shape": ["320", "1280", "1", "1"]}, {"name": "/lr_branch/se_block/fc/fc.0/Conv_output_0", "shape": ["1", "320", "1", "1"]}, {"name": "/lr_branch/se_block/fc/fc.1/Relu_output_0", "shape": ["1", "320", "1", "1"]}, {"name": "/lr_branch/se_block/fc/fc.1/Relu_output_0_QuantizeLinear_Output", "shape": ["1", "320", "1", "1"]}, {"name": "/lr_branch/se_block/fc/fc.1/Relu_output_0_DequantizeLinear_Output", "shape": ["1", "320", "1", "1"]}, {"name": "lr_branch.se_block.fc.2.weight_DequantizeLinear_Output", "shape": ["1280", "320", "1", "1"]}, {"name": "/lr_branch/se_block/fc/fc.2/Conv_output_0", "shape": ["1", "1280", "1", "1"]}, {"name": "/lr_branch/se_block/fc/fc.2/Conv_output_0_QuantizeLinear_Output", "shape": ["1", "1280", "1", "1"]}, {"name": "/lr_branch/se_block/fc/fc.2/Conv_output_0_DequantizeLinear_Output", "shape": ["1", "1280", "1", "1"]}, {"name": "/lr_branch/se_block/fc/fc.3/Sigmoid_output_0_Mul", "shape": ["1", "1280", "1", "1"]}, {"name": "/lr_branch/se_block/fc/fc.3/Sigmoid_output_0", "shape": ["1", "1280", "1", "1"]}, {"name": "/lr_branch/se_block/fc/fc.3/Sigmoid_output_0_QuantizeLinear_Output", "shape": ["1", "1280", "1", "1"]}, {"name": "/lr_branch/se_block/fc/fc.3/Sigmoid_output_0_DequantizeLinear_Output", "shape": ["1", "1280", "1", "1"]}, {"name": "/lr_branch/se_block/Mul_output_0", "shape": ["1", "1280", "16", "16"]}, {"name": "/lr_branch/se_block/Mul_output_0_QuantizeLinear_Output", "shape": ["1", "1280", "16", "16"]}, {"name": "/lr_branch/se_block/Mul_output_0_DequantizeLinear_Output", "shape": ["1", "1280", "16", "16"]}, {"name": "/lr_branch/Resize_output_0", "shape": ["1", "1280", "32", "32"]}, {"name": "/lr_branch/Resize_output_0_QuantizeLinear_Output", "shape": ["1", "1280", "32", "32"]}, {"name": "/lr_branch/Resize_output_0_DequantizeLinear_Output", "shape": ["1", "1280", "32", "32"]}, {"name": "lr_branch.conv_lr16x.0.bias_DequantizeLinear_Output", "shape": ["96"]}, {"name": "lr_branch.conv_lr16x.0.weight_DequantizeLinear_Output", "shape": ["96", "1280", "5", "5"]}, {"name": "/lr_branch/conv_lr16x/conv_lr16x.0/Conv_output_0", "shape": ["1", "96", "32", "32"]}, {"name": "/lr_branch/conv_lr16x/conv_lr16x.1/Relu_output_0", "shape": ["1", "96", "32", "32"]}, {"name": "/lr_branch/conv_lr16x/conv_lr16x.1/Relu_output_0_QuantizeLinear_Output", "shape": ["1", "96", "32", "32"]}, {"name": "/lr_branch/conv_lr16x/conv_lr16x.1/Relu_output_0_DequantizeLinear_Output", "shape": ["1", "96", "32", "32"]}, {"name": "/lr_branch/Resize_1_output_0", "shape": ["1", "96", "64", "64"]}, {"name": "/lr_branch/Resize_1_output_0_QuantizeLinear_Output", "shape": ["1", "96", "64", "64"]}, {"name": "/lr_branch/Resize_1_output_0_DequantizeLinear_Output", "shape": ["1", "96", "64", "64"]}, {"name": "lr_branch.conv_lr8x.0.bias_DequantizeLinear_Output", "shape": ["32"]}, {"name": "lr_branch.conv_lr8x.0.weight_DequantizeLinear_Output", "shape": ["32", "96", "5", "5"]}, {"name": "/lr_branch/conv_lr8x/conv_lr8x.0/Conv_output_0", "shape": ["1", "32", "64", "64"]}, {"name": "/lr_branch/conv_lr8x/conv_lr8x.1/Relu_output_0", "shape": ["1", "32", "64", "64"]}, {"name": "/lr_branch/conv_lr8x/conv_lr8x.1/Relu_output_0_QuantizeLinear_Output", "shape": ["1", "32", "64", "64"]}, {"name": "/lr_branch/conv_lr8x/conv_lr8x.1/Relu_output_0_DequantizeLinear_Output", "shape": ["1", "32", "64", "64"]}, {"name": "/hr_branch/Resize_2_output_0", "shape": ["1", "32", "128", "128"]}, {"name": "/hr_branch/Resize_2_output_0_QuantizeLinear_Output", "shape": ["1", "32", "128", "128"]}, {"name": "/hr_branch/Resize_2_output_0_DequantizeLinear_Output/duplicated", "shape": ["1", "32", "128", "128"]}, {"name": "input_DequantizeLinear_Output/duplicated_token_0", "shape": ["1", "3", "512", "512"]}, {"name": "/hr_branch/Resize_1_output_0", "shape": ["1", "3", "128", "128"]}, {"name": "/hr_branch/Resize_1_output_0_QuantizeLinear_Output", "shape": ["1", "3", "128", "128"]}, {"name": "/hr_branch/Resize_1_output_0_DequantizeLinear_Output", "shape": ["1", "3", "128", "128"]}, {"name": "/lr_branch/backbone/features.3/Add_output_0_DequantizeLinear_Output/duplicated", "shape": ["1", "24", "128", "128"]}, {"name": "hr_branch.tohr_enc4x.0.bias_DequantizeLinear_Output", "shape": ["32"]}, {"name": "hr_branch.tohr_enc4x.0.weight_DequantizeLinear_Output", "shape": ["32", "24", "1", "1"]}, {"name": "/hr_branch/tohr_enc4x/tohr_enc4x.0/Conv_output_0", "shape": ["1", "32", "128", "128"]}, {"name": "/hr_branch/tohr_enc4x/tohr_enc4x.1/Relu_output_0", "shape": ["1", "32", "128", "128"]}, {"name": "/hr_branch/tohr_enc4x/tohr_enc4x.1/Relu_output_0_QuantizeLinear_Output", "shape": ["1", "32", "128", "128"]}, {"name": "/hr_branch/tohr_enc4x/tohr_enc4x.1/Relu_output_0_DequantizeLinear_Output", "shape": ["1", "32", "128", "128"]}, {"name": "input_DequantizeLinear_Output/duplicated", "shape": ["1", "3", "512", "512"]}, {"name": "/hr_branch/Resize_output_0", "shape": ["1", "3", "256", "256"]}, {"name": "/hr_branch/Resize_output_0_QuantizeLinear_Output", "shape": ["1", "3", "256", "256"]}, {"name": "/hr_branch/Resize_output_0_DequantizeLinear_Output", "shape": ["1", "3", "256", "256"]}, {"name": "/hr_branch/tohr_enc2x/tohr_enc2x.1/Relu_output_0_DequantizeLinear_Output", "shape": ["1", "32", "256", "256"]}, {"name": "/hr_branch/Concat_output_0", "shape": ["1", "35", "256", "256"]}, {"name": "/hr_branch/Concat_output_0_QuantizeLinear_Output", "shape": ["1", "35", "256", "256"]}, {"name": "/hr_branch/Concat_output_0_DequantizeLinear_Output", "shape": ["1", "35", "256", "256"]}, {"name": "hr_branch.conv_enc2x.0.bias_DequantizeLinear_Output", "shape": ["32"]}, {"name": "hr_branch.conv_enc2x.0.weight_DequantizeLinear_Output", "shape": ["32", "35", "3", "3"]}, {"name": "/hr_branch/conv_enc2x/conv_enc2x.0/Conv_output_0", "shape": ["1", "32", "128", "128"]}, {"name": "/hr_branch/conv_enc2x/conv_enc2x.1/Relu_output_0", "shape": ["1", "32", "128", "128"]}, {"name": "/hr_branch/conv_enc2x/conv_enc2x.1/Relu_output_0_QuantizeLinear_Output", "shape": ["1", "32", "128", "128"]}, {"name": "/hr_branch/conv_enc2x/conv_enc2x.1/Relu_output_0_DequantizeLinear_Output", "shape": ["1", "32", "128", "128"]}, {"name": "/hr_branch/Concat_1_output_0", "shape": ["1", "64", "128", "128"]}, {"name": "/hr_branch/Concat_1_output_0_QuantizeLinear_Output", "shape": ["1", "64", "128", "128"]}, {"name": "/hr_branch/Concat_1_output_0_DequantizeLinear_Output", "shape": ["1", "64", "128", "128"]}, {"name": "hr_branch.conv_enc4x.0.bias_DequantizeLinear_Output", "shape": ["64"]}, {"name": "hr_branch.conv_enc4x.0.weight_DequantizeLinear_Output", "shape": ["64", "64", "3", "3"]}, {"name": "/hr_branch/conv_enc4x/conv_enc4x.0/Conv_output_0", "shape": ["1", "64", "128", "128"]}, {"name": "/hr_branch/conv_enc4x/conv_enc4x.1/Relu_output_0", "shape": ["1", "64", "128", "128"]}, {"name": "/hr_branch/conv_enc4x/conv_enc4x.1/Relu_output_0_QuantizeLinear_Output", "shape": ["1", "64", "128", "128"]}, {"name": "/hr_branch/conv_enc4x/conv_enc4x.1/Relu_output_0_DequantizeLinear_Output", "shape": ["1", "64", "128", "128"]}, {"name": "/hr_branch/Concat_2_output_0", "shape": ["1", "99", "128", "128"]}, {"name": "/hr_branch/Concat_2_output_0_QuantizeLinear_Output", "shape": ["1", "99", "128", "128"]}, {"name": "/hr_branch/Concat_2_output_0_DequantizeLinear_Output", "shape": ["1", "99", "128", "128"]}, {"name": "hr_branch.conv_hr4x.0.bias_DequantizeLinear_Output", "shape": ["64"]}, {"name": "hr_branch.conv_hr4x.0.weight_DequantizeLinear_Output", "shape": ["64", "99", "3", "3"]}, {"name": "/hr_branch/conv_hr4x/conv_hr4x.0/Conv_output_0", "shape": ["1", "64", "128", "128"]}, {"name": "/hr_branch/conv_hr4x/conv_hr4x.1/Relu_output_0", "shape": ["1", "64", "128", "128"]}, {"name": "/hr_branch/conv_hr4x/conv_hr4x.1/Relu_output_0_QuantizeLinear_Output", "shape": ["1", "64", "128", "128"]}, {"name": "/hr_branch/conv_hr4x/conv_hr4x.1/Relu_output_0_DequantizeLinear_Output", "shape": ["1", "64", "128", "128"]}, {"name": "hr_branch.conv_hr4x.2.bias_DequantizeLinear_Output", "shape": ["64"]}, {"name": "hr_branch.conv_hr4x.2.weight_DequantizeLinear_Output", "shape": ["64", "64", "3", "3"]}, {"name": "/hr_branch/conv_hr4x/conv_hr4x.2/Conv_output_0", "shape": ["1", "64", "128", "128"]}, {"name": "/hr_branch/conv_hr4x/conv_hr4x.3/Relu_output_0", "shape": ["1", "64", "128", "128"]}, {"name": "/hr_branch/conv_hr4x/conv_hr4x.3/Relu_output_0_QuantizeLinear_Output", "shape": ["1", "64", "128", "128"]}, {"name": "/hr_branch/conv_hr4x/conv_hr4x.3/Relu_output_0_DequantizeLinear_Output", "shape": ["1", "64", "128", "128"]}, {"name": "hr_branch.conv_hr4x.4.bias_DequantizeLinear_Output", "shape": ["32"]}, {"name": "hr_branch.conv_hr4x.4.weight_DequantizeLinear_Output", "shape": ["32", "64", "3", "3"]}, {"name": "/hr_branch/conv_hr4x/conv_hr4x.4/Conv_output_0", "shape": ["1", "32", "128", "128"]}, {"name": "/hr_branch/conv_hr4x/conv_hr4x.5/Relu_output_0", "shape": ["1", "32", "128", "128"]}, {"name": "/hr_branch/conv_hr4x/conv_hr4x.5/Relu_output_0_QuantizeLinear_Output", "shape": ["1", "32", "128", "128"]}, {"name": "/hr_branch/conv_hr4x/conv_hr4x.5/Relu_output_0_DequantizeLinear_Output", "shape": ["1", "32", "128", "128"]}, {"name": "/hr_branch/Resize_3_output_0", "shape": ["1", "32", "256", "256"]}, {"name": "/hr_branch/Resize_3_output_0_QuantizeLinear_Output", "shape": ["1", "32", "256", "256"]}, {"name": "/hr_branch/Resize_3_output_0_DequantizeLinear_Output", "shape": ["1", "32", "256", "256"]}, {"name": "/hr_branch/Concat_3_output_0", "shape": ["1", "64", "256", "256"]}, {"name": "/hr_branch/Concat_3_output_0_QuantizeLinear_Output", "shape": ["1", "64", "256", "256"]}, {"name": "/hr_branch/Concat_3_output_0_DequantizeLinear_Output", "shape": ["1", "64", "256", "256"]}, {"name": "hr_branch.conv_hr2x.0.bias_DequantizeLinear_Output", "shape": ["64"]}, {"name": "hr_branch.conv_hr2x.0.weight_DequantizeLinear_Output", "shape": ["64", "64", "3", "3"]}, {"name": "/hr_branch/conv_hr2x/conv_hr2x.0/Conv_output_0", "shape": ["1", "64", "256", "256"]}, {"name": "/hr_branch/conv_hr2x/conv_hr2x.1/Relu_output_0", "shape": ["1", "64", "256", "256"]}, {"name": "/hr_branch/conv_hr2x/conv_hr2x.1/Relu_output_0_QuantizeLinear_Output", "shape": ["1", "64", "256", "256"]}, {"name": "/hr_branch/conv_hr2x/conv_hr2x.1/Relu_output_0_DequantizeLinear_Output", "shape": ["1", "64", "256", "256"]}, {"name": "hr_branch.conv_hr2x.2.bias_DequantizeLinear_Output", "shape": ["32"]}, {"name": "hr_branch.conv_hr2x.2.weight_DequantizeLinear_Output", "shape": ["32", "64", "3", "3"]}, {"name": "/hr_branch/conv_hr2x/conv_hr2x.2/Conv_output_0", "shape": ["1", "32", "256", "256"]}, {"name": "/hr_branch/conv_hr2x/conv_hr2x.3/Relu_output_0", "shape": ["1", "32", "256", "256"]}, {"name": "/hr_branch/conv_hr2x/conv_hr2x.3/Relu_output_0_QuantizeLinear_Output", "shape": ["1", "32", "256", "256"]}, {"name": "/hr_branch/conv_hr2x/conv_hr2x.3/Relu_output_0_DequantizeLinear_Output", "shape": ["1", "32", "256", "256"]}, {"name": "hr_branch.conv_hr2x.4.bias_DequantizeLinear_Output", "shape": ["32"]}, {"name": "hr_branch.conv_hr2x.4.weight_DequantizeLinear_Output", "shape": ["32", "32", "3", "3"]}, {"name": "/hr_branch/conv_hr2x/conv_hr2x.4/Conv_output_0", "shape": ["1", "32", "256", "256"]}, {"name": "/hr_branch/conv_hr2x/conv_hr2x.5/Relu_output_0", "shape": ["1", "32", "256", "256"]}, {"name": "/hr_branch/conv_hr2x/conv_hr2x.5/Relu_output_0_QuantizeLinear_Output", "shape": ["1", "32", "256", "256"]}, {"name": "/hr_branch/conv_hr2x/conv_hr2x.5/Relu_output_0_DequantizeLinear_Output", "shape": ["1", "32", "256", "256"]}, {"name": "hr_branch.conv_hr2x.6.bias_DequantizeLinear_Output", "shape": ["32"]}, {"name": "hr_branch.conv_hr2x.6.weight_DequantizeLinear_Output", "shape": ["32", "32", "3", "3"]}, {"name": "/hr_branch/conv_hr2x/conv_hr2x.6/Conv_output_0", "shape": ["1", "32", "256", "256"]}, {"name": "/hr_branch/conv_hr2x/conv_hr2x.7/Relu_output_0", "shape": ["1", "32", "256", "256"]}, {"name": "/hr_branch/conv_hr2x/conv_hr2x.7/Relu_output_0_QuantizeLinear_Output", "shape": ["1", "32", "256", "256"]}, {"name": "/hr_branch/conv_hr2x/conv_hr2x.7/Relu_output_0_DequantizeLinear_Output", "shape": ["1", "32", "256", "256"]}, {"name": "/hr_branch/Resize_2_output_0_DequantizeLinear_Output", "shape": ["1", "32", "128", "128"]}, {"name": "f_branch.conv_lr4x.0.bias_DequantizeLinear_Output", "shape": ["32"]}, {"name": "f_branch.conv_lr4x.0.weight_DequantizeLinear_Output", "shape": ["32", "32", "5", "5"]}, {"name": "/f_branch/conv_lr4x/conv_lr4x.0/Conv_output_0", "shape": ["1", "32", "128", "128"]}, {"name": "/f_branch/conv_lr4x/conv_lr4x.1/Relu_output_0", "shape": ["1", "32", "128", "128"]}, {"name": "/f_branch/conv_lr4x/conv_lr4x.1/Relu_output_0_QuantizeLinear_Output", "shape": ["1", "32", "128", "128"]}, {"name": "/f_branch/conv_lr4x/conv_lr4x.1/Relu_output_0_DequantizeLinear_Output", "shape": ["1", "32", "128", "128"]}, {"name": "/f_branch/Resize_1_output_0", "shape": ["1", "32", "256", "256"]}, {"name": "/f_branch/Resize_1_output_0_QuantizeLinear_Output", "shape": ["1", "32", "256", "256"]}, {"name": "/f_branch/Resize_1_output_0_DequantizeLinear_Output", "shape": ["1", "32", "256", "256"]}, {"name": "/f_branch/Concat_output_0", "shape": ["1", "64", "256", "256"]}, {"name": "/f_branch/Concat_output_0_QuantizeLinear_Output", "shape": ["1", "64", "256", "256"]}, {"name": "/f_branch/Concat_output_0_DequantizeLinear_Output", "shape": ["1", "64", "256", "256"]}, {"name": "f_branch.conv_f2x.0.bias_DequantizeLinear_Output", "shape": ["32"]}, {"name": "f_branch.conv_f2x.0.weight_DequantizeLinear_Output", "shape": ["32", "64", "3", "3"]}, {"name": "/f_branch/conv_f2x/conv_f2x.0/Conv_output_0", "shape": ["1", "32", "256", "256"]}, {"name": "/f_branch/conv_f2x/conv_f2x.1/Relu_output_0", "shape": ["1", "32", "256", "256"]}, {"name": "/f_branch/conv_f2x/conv_f2x.1/Relu_output_0_QuantizeLinear_Output", "shape": ["1", "32", "256", "256"]}, {"name": "/f_branch/conv_f2x/conv_f2x.1/Relu_output_0_DequantizeLinear_Output", "shape": ["1", "32", "256", "256"]}, {"name": "/f_branch/Resize_2_output_0", "shape": ["1", "32", "512", "512"]}, {"name": "/f_branch/Resize_2_output_0_QuantizeLinear_Output", "shape": ["1", "32", "512", "512"]}, {"name": "/f_branch/Resize_2_output_0_DequantizeLinear_Output", "shape": ["1", "32", "512", "512"]}, {"name": "/f_branch/Concat_1_output_0", "shape": ["1", "35", "512", "512"]}, {"name": "/f_branch/Concat_1_output_0_QuantizeLinear_Output", "shape": ["1", "35", "512", "512"]}, {"name": "/f_branch/Concat_1_output_0_DequantizeLinear_Output", "shape": ["1", "35", "512", "512"]}, {"name": "f_branch.conv_f.0.bias_DequantizeLinear_Output", "shape": ["16"]}, {"name": "f_branch.conv_f.0.weight_DequantizeLinear_Output", "shape": ["16", "35", "3", "3"]}, {"name": "/f_branch/conv_f/conv_f.0/Conv_output_0", "shape": ["1", "16", "512", "512"]}, {"name": "/f_branch/conv_f/conv_f.1/Relu_output_0", "shape": ["1", "16", "512", "512"]}, {"name": "/f_branch/conv_f/conv_f.1/Relu_output_0_QuantizeLinear_Output", "shape": ["1", "16", "512", "512"]}, {"name": "/f_branch/conv_f/conv_f.1/Relu_output_0_DequantizeLinear_Output", "shape": ["1", "16", "512", "512"]}, {"name": "f_branch.conv_f.2.bias_DequantizeLinear_Output", "shape": ["1"]}, {"name": "f_branch.conv_f.2.weight_DequantizeLinear_Output", "shape": ["1", "16", "1", "1"]}, {"name": "logits_QuantizeLinear_Input", "shape": ["1", "1", "512", "512"]}, {"name": "logits_QuantizeLinear_Output", "shape": ["1", "1", "512", "512"]}, {"name": "logits", "shape": ["1", "1", "512", "512"]}], "subgraphStat": [{"device": "DPU", "count": 2}]}}
NPU_TIMELINE "\n-----------------------------\n[003d:00:01.1] : NPU Phoenix\n-----------------------------\nAIE Partitions\n  Total Memory Usage: 179 MB\n  Partition Index   : 0\n    Columns: [1, 2, 3, 4]\n    HW Contexts:\n      |PID                 |Ctx ID     |Submissions |Migrations  |Err  |Priority |\n      |Process Name        |Status     |Completions |Suspensions |     |GOPS     |\n      |Memory Usage        |Instr BO   |            |            |     |FPS      |\n      |                    |           |            |            |     |Latency  |\n      |====================|===========|============|============|=====|=========|\n      |65324               |255        |63          |0           |0    |Normal   |\n      |python.exe          |Active     |63          |0           |     |32       |\n      |179 MB              |4256 KB    |            |            |     |N/A      |\n      |                    |           |            |            |     |N/A      |\n      |--------------------|-----------|------------|------------|-----|---------|\n"
NPU_OWNERSHIP {"context_pids": [65324], "owned_pids": [65324, 68188], "foreign_pids": []}
HOST_TIMELINE {"elapsed_seconds": 3.703, "tree_rss_bytes": 419119104, "foreign_peers": []}
NPU_TIMELINE "\n-----------------------------\n[003d:00:01.1] : NPU Phoenix\n-----------------------------\nAIE Partitions\n  Total Memory Usage: 179 MB\n  Partition Index   : 0\n    Columns: [1, 2, 3, 4]\n    HW Contexts:\n      |PID                 |Ctx ID     |Submissions |Migrations  |Err  |Priority |\n      |Process Name        |Status     |Completions |Suspensions |     |GOPS     |\n      |Memory Usage        |Instr BO   |            |            |     |FPS      |\n      |                    |           |            |            |     |Latency  |\n      |====================|===========|============|============|=====|=========|\n      |65324               |255        |548         |0           |0    |Normal   |\n      |python.exe          |Active     |547         |0           |     |32       |\n      |179 MB              |4256 KB    |            |            |     |N/A      |\n      |                    |           |            |            |     |N/A      |\n      |--------------------|-----------|------------|------------|-----|---------|\n"
NPU_OWNERSHIP {"context_pids": [65324], "owned_pids": [65324, 68188], "foreign_pids": []}
HOST_TIMELINE {"elapsed_seconds": 7.484, "tree_rss_bytes": 418705408, "foreign_peers": []}
HOST_TIMELINE {"elapsed_seconds": 11.296, "tree_rss_bytes": 418705408, "foreign_peers": []}
NPU_TIMELINE "\n-----------------------------\n[003d:00:01.1] : NPU Phoenix\n-----------------------------\nAIE Partitions\n  Total Memory Usage: 179 MB\n  Partition Index   : 0\n    Columns: [1, 2, 3, 4]\n    HW Contexts:\n      |PID                 |Ctx ID     |Submissions |Migrations  |Err  |Priority |\n      |Process Name        |Status     |Completions |Suspensions |     |GOPS     |\n      |Memory Usage        |Instr BO   |            |            |     |FPS      |\n      |                    |           |            |            |     |Latency  |\n      |====================|===========|============|============|=====|=========|\n      |65324               |255        |1159        |0           |0    |Normal   |\n      |python.exe          |Active     |1158        |0           |     |32       |\n      |179 MB              |4256 KB    |            |            |     |N/A      |\n      |                    |           |            |            |     |N/A      |\n      |--------------------|-----------|------------|------------|-----|---------|\n"
NPU_OWNERSHIP {"context_pids": [65324], "owned_pids": [65324, 68188], "foreign_pids": []}
HOST_TIMELINE {"elapsed_seconds": 15.078, "tree_rss_bytes": 418725888, "foreign_peers": []}
NPU_TIMELINE "\n-----------------------------\n[003d:00:01.1] : NPU Phoenix\n-----------------------------\nAIE Partitions\n  Total Memory Usage: 179 MB\n  Partition Index   : 0\n    Columns: [1, 2, 3, 4]\n    HW Contexts:\n      |PID                 |Ctx ID     |Submissions |Migrations  |Err  |Priority |\n      |Process Name        |Status     |Completions |Suspensions |     |GOPS     |\n      |Memory Usage        |Instr BO   |            |            |     |FPS      |\n      |                    |           |            |            |     |Latency  |\n      |====================|===========|============|============|=====|=========|\n      |65324               |255        |1644        |0           |0    |Normal   |\n      |python.exe          |Active     |1643        |0           |     |32       |\n      |179 MB              |4256 KB    |            |            |     |N/A      |\n      |                    |           |            |            |     |N/A      |\n      |--------------------|-----------|------------|------------|-----|---------|\n"
NPU_OWNERSHIP {"context_pids": [65324], "owned_pids": [65324, 68188], "foreign_pids": []}
BENCHMARK {"backend": "amd", "warmup": 50, "frames": 500, "image": "data/modnet_val/000000001000.jpg", "mean_ms": 31.086230996530503, "p95_ms": 32.03201501164585, "stages": {"pre_ms": 2.4911413956433535, "network_ms": 26.473146203206852, "post_ms": 2.1219433976802975}, "samples_ms": [32.19440008979291, 31.11660003196448, 31.090500066056848, 31.1255999840796, 31.055000028572977, 30.88389988988638, 30.669800005853176, 30.49899998586625, 30.504500027745962, 31.87960002105683, 33.757500001229346, 30.413799919188023, 30.94770002644509, 30.882999999448657, 30.68409999832511, 30.18309990875423, 30.98489996045828, 31.130400020629168, 31.00379998795688, 31.070100027136505, 30.913099995814264, 30.591399990953505, 31.253700028173625, 30.977000016719103, 30.981099931523204, 30.579800019040704, 31.818300019949675, 31.000599963590503, 31.883699935860932, 31.72730002552271, 31.968299997970462, 30.99929995369166, 31.086400034837425, 30.896899988874793, 31.327500008046627, 31.03949991054833, 31.12389997113496, 31.06649999972433, 31.213700072839856, 31.38780000153929, 31.267500016838312, 30.45259998179972, 31.050999998115003, 30.98789998330176, 30.92259995173663, 31.54200001154095, 30.950500047765672, 31.96089994162321, 31.92529990337789, 31.151400064118207, 30.95220006071031, 31.186599982902408, 31.137599959038198, 30.414100037887692, 31.05450002476573, 30.950300046242774, 30.397700029425323, 31.040399917401373, 31.221100012771785, 31.38009994290769, 30.878699966706336, 30.276999925263226, 30.94770002644509, 30.375499976798892, 30.97910003270954, 30.866599990986288, 31.390200019814074, 32.38779993262142, 30.840100022032857, 30.49320005811751, 31.335600069724023, 31.475699972361326, 30.797500046901405, 30.97910003270954, 30.505199916660786, 30.91800003312528, 31.004799995571375, 30.317600001581013, 31.27240005414933, 31.179299927316606, 31.256399932317436, 31.250600004568696, 31.102399923838675, 31.072599929757416, 30.913099995814264, 30.57589998934418, 33.15169992856681, 31.38499998021871, 31.113200006075203, 32.05769998021424, 31.336299958638847, 30.524499947205186, 30.495100072585046, 31.394800054840744, 30.569800059311092, 31.018499983474612, 31.669000047259033, 30.626899912022054, 31.21899999678135, 31.26760001759976, 31.735099968500435, 31.498200027272105, 31.10520006157458, 30.53719992749393, 32.11499995086342, 32.54299995023757, 31.141099985688925, 31.229699961841106, 30.968699953518808, 31.112900003790855, 30.803400091826916, 30.690600047819316, 30.828699935227633, 30.669600004330277, 30.840500025078654, 30.796100036241114, 31.093399971723557, 31.481800018809736, 31.454799929633737, 31.069700024090707, 31.182400067336857, 31.230600085109472, 31.327400007285178, 31.345299910753965, 32.37350005656481, 31.05320001486689, 31.729599926620722, 30.18910007085651, 30.594600015319884, 30.542300082743168, 30.23230005055666, 31.145199900493026, 30.41450004093349, 31.083600013516843, 30.944300000555813, 30.91530001256615, 30.621399986557662, 31.818200019188225, 31.79260005708784, 31.092099961824715, 31.01559996139258, 30.942099983803928, 31.52000007685274, 31.63669991772622, 31.518599949777126, 30.710999970324337, 32.27860003244132, 31.40689991414547, 31.823000055737793, 30.38190002553165, 30.632699956186116, 30.425700009800494, 30.50910006277263, 30.72140004951507, 30.98200005479157, 31.15949989296496, 30.44250002130866, 30.986499972641468, 31.076100072823465, 30.465500080026686, 30.834499979391694, 33.30160002224147, 31.462999992072582, 31.184299965389073, 31.52560000307858, 30.990400002337992, 31.252700020559132, 31.092099961824715, 31.055999919772148, 31.086000031791627, 31.355999992229044, 31.085900031030178, 30.942199984565377, 30.573499971069396, 31.0009999666363, 31.16859996225685, 30.80979990772903, 31.253500026650727, 31.404600013047457, 30.341999954544008, 32.22050005570054, 32.450800063088536, 30.78909998293966, 31.329800025559962, 31.17849992122501, 31.318899942561984, 31.65320004336536, 30.996400048024952, 31.245200079865754, 31.025800039060414, 31.142299994826317, 31.13140002824366, 30.421099974773824, 30.78299993649125, 31.195399933494627, 30.866899993270636, 30.567599926143885, 31.05130000039935, 32.05320006236434, 32.82370010856539, 31.31099999882281, 31.20110009331256, 31.01010003592819, 31.15059994161129, 31.281700008548796, 31.093599973246455, 30.303600011393428, 31.14629990886897, 31.066800002008677, 31.992699950933456, 30.474199913442135, 30.986699974164367, 30.364700010977685, 30.94640001654625, 30.8958999812603, 30.272500007413328, 30.63359996303916, 30.50019999500364, 30.677200062200427, 31.480000005103648, 32.62960002757609, 30.84550006315112, 31.17430000565946, 30.305900028906763, 30.29290004633367, 31.04719996917993, 31.11660003196448, 30.970299965701997, 30.414499924518168, 31.2115999404341, 30.74610000476241, 31.216299976222217, 31.03539999574423, 30.422599986195564, 31.062799971550703, 31.06029995251447, 30.57719999924302, 31.668600044213235, 31.2502000015229, 34.06749991700053, 30.697699985466897, 30.508499941788614, 30.916000017896295, 30.95840010792017, 30.567400041036308, 31.142399995587766, 31.198499957099557, 31.055400031618774, 31.35519998613745, 31.078999978490174, 31.06039995327592, 30.871699913404882, 30.516200000420213, 31.32239996921271, 30.92710010241717, 31.150200054980814, 30.393199995160103, 31.19080001488328, 31.755900010466576, 30.567500041797757, 30.980000039562583, 30.8572999201715, 30.547000002115965, 31.105400063097477, 31.273199943825603, 30.813799938187003, 30.98489996045828, 30.524799949489534, 31.29760001320392, 31.135300057940185, 30.863799969665706, 30.988399987109005, 31.243599951267242, 30.370500055141747, 31.086499919183552, 31.083700014278293, 31.143900007009506, 31.30639996379614, 31.27819998189807, 30.99050000309944, 30.601499951444566, 30.726399971172214, 31.487599946558475, 31.845999998040497, 30.78759997151792, 31.03680000640452, 30.822500004433095, 31.013900064863265, 30.37569997832179, 31.223100028000772, 30.84979997947812, 31.145599903538823, 31.234699999913573, 30.31639999244362, 31.003300100564957, 30.293300049379468, 32.33790001831949, 31.054000020958483, 31.19220002554357, 31.03949991054833, 30.33720003440976, 31.06070007197559, 30.95070004928857, 31.25859994906932, 30.260799918323755, 30.737499939277768, 32.46330004185438, 31.822800054214895, 31.352899968624115, 30.881899991072714, 30.664299963973463, 30.532000004313886, 31.098200008273125, 30.976900015957654, 31.50499996263534, 31.83939994778484, 30.533400014974177, 31.222300021909177, 30.925099970772862, 30.935400049202144, 30.51640000194311, 30.958699993789196, 31.45150002092123, 31.267400016076863, 30.899700010195374, 31.30660008173436, 31.309499987401068, 32.03090000897646, 30.64270003233105, 31.50909999385476, 31.161600025370717, 30.659499927423894, 31.20860003400594, 31.77130001131445, 31.939599895849824, 30.197400017641485, 30.89759999420494, 30.920000048354268, 30.373700079508126, 31.052200007252395, 30.447099939920008, 30.830899951979518, 31.15799999795854, 30.76690004672855, 30.911499983631074, 30.531700002029538, 31.065199989825487, 30.886500026099384, 31.350500066764653, 30.456500011496246, 31.025499920360744, 31.1955000506714, 31.708299997262657, 32.60259993840009, 30.636199982836843, 31.284499913454056, 31.00269997958094, 31.961899949237704, 30.28069995343685, 31.193999922834337, 31.046399963088334, 30.306599917821586, 31.31370001938194, 30.966300051659346, 31.164299929514527, 30.464999959804118, 30.897899996489286, 31.21749998535961, 30.996400048024952, 30.682999989949167, 31.32990002632141, 30.34060006029904, 31.389900017529726, 32.22659998573363, 31.19059989694506, 30.985899968072772, 30.967899947427213, 30.336400028318167, 30.60990001540631, 30.526199960149825, 30.672999913804233, 31.69470001012087, 30.489700031466782, 31.15199995227158, 31.063699978403747, 30.80300008878112, 31.148300040513277, 30.378000112250447, 30.975200003013015, 30.83519998472184, 30.80840001348406, 31.739900005050004, 33.65650004707277, 31.177100026980042, 31.370999990031123, 30.440200003795326, 30.87789996061474, 30.998299946077168, 30.971699976362288, 31.217699986882508, 30.670100008137524, 31.09309996943921, 31.007199897430837, 30.82650003489107, 30.601500067859888, 31.07949998229742, 31.05019999202341, 30.84410005249083, 31.55830001924187, 31.269999919459224, 31.05450002476573, 31.647800002247095, 31.059399945661426, 31.19090001564473, 31.015000073239207, 31.326399999670684, 31.094899983145297, 31.074299942702055, 31.201799982227385, 31.174100004136562, 31.32990002632141, 31.087900046259165, 31.0365998884663, 31.294799991883337, 30.25139996316284, 30.951699940487742, 30.361699988134205, 31.02039999794215, 31.17289999499917, 31.105299945920706, 31.371199991554022, 30.865599983371794, 31.15830000024289, 31.130500021390617, 30.46019992325455, 31.08119999524206, 30.95229994505644, 30.411800020374358, 31.043200055137277, 30.228400020860136, 30.79049999359995, 30.290300026535988, 30.72669997345656, 30.63039993867278, 31.087700044736266, 31.0825000051409, 31.159100006334484, 31.11840004567057, 32.409099978394806, 31.45310003310442, 30.294100055471063, 30.99530003964901, 31.282000010833144, 31.213600072078407, 31.335600069724023, 30.914700007997453, 30.41300002951175, 31.096899998374283, 30.944300000555813, 30.41430003941059, 31.8455999949947, 30.624100007116795, 30.724899959750473, 31.41139994841069, 30.941399978473783, 31.508199987001717, 30.962300021201372, 31.52089996729046, 31.982799991965294, 31.465599895454943, 31.00880002602935, 31.15830000024289, 30.770299956202507, 30.79049999359995, 32.502799993380904, 30.855999910272658, 32.373799942433834, 31.109999981708825, 31.382199958898127, 31.211999943479896, 30.379800009541214, 30.951500055380166, 31.958399922586977, 30.844999942928553, 30.86189995519817, 30.82009998615831, 32.447900041006505, 31.560400035232306, 31.258399947546422, 31.595899956300855, 31.14650002680719, 31.363200047053397, 30.5448001017794, 31.466700020246208, 30.207599978893995, 31.00259997881949, 30.80549999140203, 31.810900080017745, 30.600800062529743, 30.941199976950884]}
BENCHMARK_OUTPUT {"image": "data/modnet_val/000000001000.jpg", "oracle": {"exact": false, "close": false, "max_abs": 34.0, "mean_abs": 3.7416610717773438}}
POST_NPU_CONTEXT_WITNESS "\n-----------------------------\n[003d:00:01.1] : NPU Phoenix\n-----------------------------\nAIE Partitions\n  No hardware contexts running on device\n\n"
RESEARCH_PROCESS_RESULT {"exit_code": 0, "stop": null, "peak_tree_rss_bytes": 528175104, "rss_measurement": "maximum observed across sampled descendant working sets; zero observations reported as null", "elapsed_seconds": 18.609000000054948, "foreign_contention_observed": false, "timing_eligible": true}
