Xet Storage is enabled for this repo, but the 'hf_xet' package is not installed. Falling back to regular HTTP download. For better performance, install the package with: `pip install huggingface_hub[hf_xet]` or `pip install hf_xet`
C:\Users\<user>\miniforge3\envs\resnet_env17\Lib\site-packages\huggingface_hub\file_download.py:143: UserWarning: `huggingface_hub` cache-system uses symlinks by default to efficiently store duplicated files but your machine does not support them in C:\Users\<user>\.cache\huggingface\hub\models--google--gemma-3-4b-it-qat-q4_0-gguf. Caching files will still work but in a degraded version that might require more space on your disk. This warning can be disabled by setting the `HF_HUB_DISABLE_SYMLINKS_WARNING` environment variable. For more details, see https://huggingface.co/docs/huggingface_hub/how-to-cache#limitations.
To support symlinks on Windows, you either need to activate Developer Mode or to run Python as an administrator. In order to activate developer mode, see this article: https://docs.microsoft.com/en-us/windows/apps/get-started/enable-your-device-for-development
  warnings.warn(message)
Xet Storage is enabled for this repo, but the 'hf_xet' package is not installed. Falling back to regular HTTP download. For better performance, install the package with: `pip install huggingface_hub[hf_xet]` or `pip install hf_xet`
C:\Users\<user>\miniforge3\envs\resnet_env17\Lib\site-packages\huggingface_hub\file_download.py:143: UserWarning: `huggingface_hub` cache-system uses symlinks by default to efficiently store duplicated files but your machine does not support them in C:\Users\<user>\.cache\huggingface\hub\models--google--gemma-3-4b-it-qat-int4-unquantized. Caching files will still work but in a degraded version that might require more space on your disk. This warning can be disabled by setting the `HF_HUB_DISABLE_SYMLINKS_WARNING` environment variable. For more details, see https://huggingface.co/docs/huggingface_hub/how-to-cache#limitations.
To support symlinks on Windows, you either need to activate Developer Mode or to run Python as an administrator. In order to activate developer mode, see this article: https://docs.microsoft.com/en-us/windows/apps/get-started/enable-your-device-for-development
  warnings.warn(message)
Xet Storage is enabled for this repo, but the 'hf_xet' package is not installed. Falling back to regular HTTP download. For better performance, install the package with: `pip install huggingface_hub[hf_xet]` or `pip install hf_xet`
FETCH gemma-3-4b-it-q4_0.gguf  3155051328 B  sha256 76aed0a8285b83102f18b5d60e53c70d09eb4e9917a20ce8956bd546452b56e2  matches the pin
FETCH model-00001-of-00002.safetensors  4961251752 B  sha256 069e91c41faa7febba9c62cf97b9167acfc87f42b67d6061c52a89fed93cb56c  matches the pin
FETCH model-00002-of-00002.safetensors  3639026128 B  sha256 efcb40cfc23a68ed0f45e1d089373f351fcdc050dee639481171535de243d636  matches the pin
FETCH_JSON {"ok": true, "files": [{"file": "gemma-3-4b-it-q4_0.gguf", "revision": "15f73f5eee9c28f53afefef5723e29680c2fc78a", "size": 3155051328, "sha256": "76aed0a8285b83102f18b5d60e53c70d09eb4e9917a20ce8956bd546452b56e2", "ok": true, "seconds": 48.9}, {"file": "model-00001-of-00002.safetensors", "revision": "554bd242505753eef6dfae71f76ddd50c335fc46", "size": 4961251752, "sha256": "069e91c41faa7febba9c62cf97b9167acfc87f42b67d6061c52a89fed93cb56c", "ok": true, "seconds": 107.6}, {"file": "model-00002-of-00002.safetensors", "revision": "554bd242505753eef6dfae71f76ddd50c335fc46", "size": 3639026128, "sha256": "efcb40cfc23a68ed0f45e1d089373f351fcdc050dee639481171535de243d636", "ok": true, "seconds": 57.2}]}
CENSUS_JSON {"version": 3, "tensors": 444, "q4_0": 238, "q4_0_params": 3208642560, "head": ["F16", [2560, 262144]], "f32": 205, "f32_params": 368128, "alignment": 32, "other": [], "ok": true}
[1/238] blk.0.attn_k.weight  grid 0.016770  H0 3.7485  C3 4.2774  C4 4.1480 bits/weight  (0.4 s, 0 s so far)
[2/238] blk.0.attn_output.weight  grid 0.018698  H0 3.7118  C3 4.2392  C4 4.1162 bits/weight  (0.9 s, 1 s so far)
[3/238] blk.0.attn_q.weight  grid 0.017519  H0 3.7330  C3 4.2610  C4 4.1330 bits/weight  (0.9 s, 2 s so far)
[4/238] blk.0.attn_v.weight  grid 0.018455  H0 3.7406  C3 4.2686  C4 4.1318 bits/weight  (0.5 s, 3 s so far)
[5/238] blk.0.ffn_down.weight  grid 0.013241  H0 3.7152  C3 4.2416  C4 4.1019 bits/weight  (4.4 s, 7 s so far)
[6/238] blk.0.ffn_gate.weight  grid 0.013199  H0 3.7291  C3 4.2577  C4 4.1230 bits/weight  (3.3 s, 10 s so far)
[7/238] blk.0.ffn_up.weight  grid 0.013320  H0 3.7393  C3 4.2673  C4 4.1290 bits/weight  (3.4 s, 14 s so far)
[8/238] blk.1.attn_k.weight  grid 0.015659  H0 3.7300  C3 4.2588  C4 4.1312 bits/weight  (0.3 s, 14 s so far)
[9/238] blk.1.attn_output.weight  grid 0.019124  H0 3.7425  C3 4.2709  C4 4.1407 bits/weight  (0.8 s, 15 s so far)
[10/238] blk.1.attn_q.weight  grid 0.017744  H0 3.7267  C3 4.2551  C4 4.1293 bits/weight  (0.7 s, 16 s so far)
[11/238] blk.1.attn_v.weight  grid 0.016685  H0 3.7263  C3 4.2546  C4 4.1225 bits/weight  (0.4 s, 16 s so far)
[12/238] blk.1.ffn_down.weight  grid 0.013656  H0 3.7384  C3 4.2670  C4 4.1252 bits/weight  (3.8 s, 20 s so far)
[13/238] blk.1.ffn_gate.weight  grid 0.013235  H0 3.7386  C3 4.2673  C4 4.1292 bits/weight  (3.4 s, 23 s so far)
[14/238] blk.1.ffn_up.weight  grid 0.013142  H0 3.7357  C3 4.2637  C4 4.1215 bits/weight  (3.6 s, 27 s so far)
[15/238] blk.2.attn_k.weight  grid 0.016388  H0 3.7425  C3 4.2712  C4 4.1414 bits/weight  (0.4 s, 27 s so far)
[16/238] blk.2.attn_output.weight  grid 0.019076  H0 3.7323  C3 4.2598  C4 4.1318 bits/weight  (0.8 s, 28 s so far)
[17/238] blk.2.attn_q.weight  grid 0.018251  H0 3.7325  C3 4.2610  C4 4.1391 bits/weight  (0.7 s, 29 s so far)
[18/238] blk.2.attn_v.weight  grid 0.017081  H0 3.7407  C3 4.2690  C4 4.1330 bits/weight  (0.4 s, 29 s so far)
[19/238] blk.2.ffn_down.weight  grid 0.013404  H0 3.7434  C3 4.2719  C4 4.1290 bits/weight  (3.7 s, 33 s so far)
[20/238] blk.2.ffn_gate.weight  grid 0.013370  H0 3.7523  C3 4.2813  C4 4.1397 bits/weight  (3.6 s, 36 s so far)
[21/238] blk.2.ffn_up.weight  grid 0.013287  H0 3.7439  C3 4.2724  C4 4.1295 bits/weight  (3.4 s, 40 s so far)
[22/238] blk.3.attn_k.weight  grid 0.016225  H0 3.7447  C3 4.2734  C4 4.1379 bits/weight  (0.3 s, 40 s so far)
[23/238] blk.3.attn_output.weight  grid 0.018586  H0 3.7589  C3 4.2877  C4 4.1489 bits/weight  (0.7 s, 41 s so far)
[24/238] blk.3.attn_q.weight  grid 0.018492  H0 3.7342  C3 4.2631  C4 4.1304 bits/weight  (0.7 s, 42 s so far)
[25/238] blk.3.attn_v.weight  grid 0.016544  H0 3.7355  C3 4.2635  C4 4.1195 bits/weight  (0.3 s, 42 s so far)
[26/238] blk.3.ffn_down.weight  grid 0.012998  H0 3.7264  C3 4.2547  C4 4.1115 bits/weight  (3.6 s, 45 s so far)
[27/238] blk.3.ffn_gate.weight  grid 0.013506  H0 3.7579  C3 4.2873  C4 4.1472 bits/weight  (3.5 s, 49 s so far)
[28/238] blk.3.ffn_up.weight  grid 0.013498  H0 3.7527  C3 4.2817  C4 4.1411 bits/weight  (3.6 s, 53 s so far)
[29/238] blk.4.attn_k.weight  grid 0.016243  H0 3.7359  C3 4.2644  C4 4.1387 bits/weight  (0.3 s, 53 s so far)
[30/238] blk.4.attn_output.weight  grid 0.019292  H0 3.7224  C3 4.2500  C4 4.1222 bits/weight  (0.7 s, 54 s so far)
[31/238] blk.4.attn_q.weight  grid 0.017738  H0 3.7314  C3 4.2599  C4 4.1322 bits/weight  (0.7 s, 54 s so far)
[32/238] blk.4.attn_v.weight  grid 0.017565  H0 3.7355  C3 4.2635  C4 4.1299 bits/weight  (0.4 s, 55 s so far)
[33/238] blk.4.ffn_down.weight  grid 0.013444  H0 3.7187  C3 4.2456  C4 4.1051 bits/weight  (3.5 s, 58 s so far)
[34/238] blk.4.ffn_gate.weight  grid 0.013276  H0 3.7346  C3 4.2630  C4 4.1285 bits/weight  (3.5 s, 62 s so far)
[35/238] blk.4.ffn_up.weight  grid 0.013249  H0 3.7269  C3 4.2551  C4 4.1173 bits/weight  (3.5 s, 65 s so far)
[36/238] blk.5.attn_k.weight  grid 0.015948  H0 3.6859  C3 4.2117  C4 4.1005 bits/weight  (0.4 s, 66 s so far)
[37/238] blk.5.attn_output.weight  grid 0.019742  H0 3.7437  C3 4.2719  C4 4.1435 bits/weight  (0.7 s, 66 s so far)
[38/238] blk.5.attn_q.weight  grid 0.018976  H0 3.7024  C3 4.2275  C4 4.1080 bits/weight  (0.7 s, 67 s so far)
[39/238] blk.5.attn_v.weight  grid 0.016835  H0 3.7058  C3 4.2337  C4 4.1081 bits/weight  (0.4 s, 67 s so far)
[40/238] blk.5.ffn_down.weight  grid 0.014325  H0 3.7215  C3 4.2490  C4 4.1087 bits/weight  (3.5 s, 71 s so far)
[41/238] blk.5.ffn_gate.weight  grid 0.013519  H0 3.7434  C3 4.2721  C4 4.1380 bits/weight  (3.6 s, 75 s so far)
[42/238] blk.5.ffn_up.weight  grid 0.013419  H0 3.7358  C3 4.2642  C4 4.1250 bits/weight  (3.6 s, 78 s so far)
[43/238] blk.6.attn_k.weight  grid 0.016565  H0 3.7058  C3 4.2307  C4 4.1090 bits/weight  (0.4 s, 78 s so far)
[44/238] blk.6.attn_output.weight  grid 0.020137  H0 3.7601  C3 4.2896  C4 4.1618 bits/weight  (0.7 s, 79 s so far)
[45/238] blk.6.attn_q.weight  grid 0.018896  H0 3.7164  C3 4.2429  C4 4.1193 bits/weight  (0.7 s, 80 s so far)
[46/238] blk.6.attn_v.weight  grid 0.017146  H0 3.7079  C3 4.2343  C4 4.0910 bits/weight  (0.4 s, 80 s so far)
[47/238] blk.6.ffn_down.weight  grid 0.013260  H0 3.7263  C3 4.2545  C4 4.1118 bits/weight  (3.6 s, 84 s so far)
[48/238] blk.6.ffn_gate.weight  grid 0.013579  H0 3.7529  C3 4.2820  C4 4.1462 bits/weight  (3.6 s, 87 s so far)
[49/238] blk.6.ffn_up.weight  grid 0.013448  H0 3.7457  C3 4.2743  C4 4.1356 bits/weight  (3.6 s, 91 s so far)
[50/238] blk.7.attn_k.weight  grid 0.018300  H0 3.7449  C3 4.2735  C4 4.1458 bits/weight  (0.4 s, 91 s so far)
[51/238] blk.7.attn_output.weight  grid 0.019799  H0 3.7623  C3 4.2920  C4 4.1563 bits/weight  (0.7 s, 92 s so far)
[52/238] blk.7.attn_q.weight  grid 0.018274  H0 3.7413  C3 4.2698  C4 4.1394 bits/weight  (0.7 s, 93 s so far)
[53/238] blk.7.attn_v.weight  grid 0.018840  H0 3.7443  C3 4.2725  C4 4.1307 bits/weight  (0.4 s, 93 s so far)
[54/238] blk.7.ffn_down.weight  grid 0.013322  H0 3.7256  C3 4.2537  C4 4.1102 bits/weight  (3.5 s, 97 s so far)
[55/238] blk.7.ffn_gate.weight  grid 0.013451  H0 3.7451  C3 4.2739  C4 4.1399 bits/weight  (3.6 s, 100 s so far)
[56/238] blk.7.ffn_up.weight  grid 0.013329  H0 3.7414  C3 4.2699  C4 4.1304 bits/weight  (3.6 s, 104 s so far)
[57/238] blk.8.attn_k.weight  grid 0.017949  H0 3.7485  C3 4.2776  C4 4.1472 bits/weight  (0.4 s, 104 s so far)
[58/238] blk.8.attn_output.weight  grid 0.019968  H0 3.7596  C3 4.2886  C4 4.1559 bits/weight  (0.7 s, 105 s so far)
[59/238] blk.8.attn_q.weight  grid 0.018784  H0 3.7529  C3 4.2821  C4 4.1483 bits/weight  (0.7 s, 106 s so far)
[60/238] blk.8.attn_v.weight  grid 0.018034  H0 3.7329  C3 4.2612  C4 4.1197 bits/weight  (0.4 s, 106 s so far)
[61/238] blk.8.ffn_down.weight  grid 0.013162  H0 3.7259  C3 4.2540  C4 4.1115 bits/weight  (3.6 s, 110 s so far)
[62/238] blk.8.ffn_gate.weight  grid 0.013568  H0 3.7534  C3 4.2825  C4 4.1489 bits/weight  (3.6 s, 113 s so far)
[63/238] blk.8.ffn_up.weight  grid 0.013537  H0 3.7488  C3 4.2775  C4 4.1372 bits/weight  (3.6 s, 117 s so far)
[64/238] blk.9.attn_k.weight  grid 0.017031  H0 3.7386  C3 4.2670  C4 4.1511 bits/weight  (0.3 s, 117 s so far)
[65/238] blk.9.attn_output.weight  grid 0.019620  H0 3.7608  C3 4.2900  C4 4.1567 bits/weight  (0.7 s, 118 s so far)
[66/238] blk.9.attn_q.weight  grid 0.019466  H0 3.7467  C3 4.2755  C4 4.1525 bits/weight  (0.7 s, 119 s so far)
[67/238] blk.9.attn_v.weight  grid 0.017560  H0 3.7428  C3 4.2712  C4 4.1254 bits/weight  (0.4 s, 119 s so far)
[68/238] blk.9.ffn_down.weight  grid 0.013032  H0 3.7167  C3 4.2434  C4 4.1034 bits/weight  (3.6 s, 122 s so far)
[69/238] blk.9.ffn_gate.weight  grid 0.013376  H0 3.7447  C3 4.2733  C4 4.1387 bits/weight  (3.6 s, 126 s so far)
[70/238] blk.9.ffn_up.weight  grid 0.013334  H0 3.7394  C3 4.2679  C4 4.1270 bits/weight  (3.5 s, 130 s so far)
[71/238] blk.10.attn_k.weight  grid 0.018157  H0 3.7320  C3 4.2606  C4 4.1351 bits/weight  (0.4 s, 130 s so far)
[72/238] blk.10.attn_output.weight  grid 0.019795  H0 3.7593  C3 4.2886  C4 4.1594 bits/weight  (0.7 s, 131 s so far)
[73/238] blk.10.attn_q.weight  grid 0.018833  H0 3.7406  C3 4.2691  C4 4.1387 bits/weight  (0.7 s, 131 s so far)
[74/238] blk.10.attn_v.weight  grid 0.018546  H0 3.7033  C3 4.2287  C4 4.0936 bits/weight  (0.4 s, 132 s so far)
[75/238] blk.10.ffn_down.weight  grid 0.013626  H0 3.7159  C3 4.2424  C4 4.1027 bits/weight  (3.5 s, 135 s so far)
[76/238] blk.10.ffn_gate.weight  grid 0.013378  H0 3.7365  C3 4.2649  C4 4.1345 bits/weight  (3.5 s, 139 s so far)
[77/238] blk.10.ffn_up.weight  grid 0.013339  H0 3.7326  C3 4.2609  C4 4.1214 bits/weight  (3.5 s, 142 s so far)
[78/238] blk.11.attn_k.weight  grid 0.017366  H0 3.7013  C3 4.2261  C4 4.1229 bits/weight  (0.4 s, 143 s so far)
[79/238] blk.11.attn_output.weight  grid 0.019943  H0 3.7544  C3 4.2831  C4 4.1564 bits/weight  (0.7 s, 143 s so far)
[80/238] blk.11.attn_q.weight  grid 0.018811  H0 3.7191  C3 4.2463  C4 4.1279 bits/weight  (0.7 s, 144 s so far)
[81/238] blk.11.attn_v.weight  grid 0.016869  H0 3.7155  C3 4.2433  C4 4.1057 bits/weight  (0.3 s, 144 s so far)
[82/238] blk.11.ffn_down.weight  grid 0.014775  H0 3.7221  C3 4.2495  C4 4.1094 bits/weight  (3.5 s, 148 s so far)
[83/238] blk.11.ffn_gate.weight  grid 0.013694  H0 3.7479  C3 4.2767  C4 4.1448 bits/weight  (3.5 s, 151 s so far)
[84/238] blk.11.ffn_up.weight  grid 0.013739  H0 3.7436  C3 4.2722  C4 4.1319 bits/weight  (3.6 s, 155 s so far)
[85/238] blk.12.attn_k.weight  grid 0.017913  H0 3.7251  C3 4.2533  C4 4.1336 bits/weight  (0.4 s, 155 s so far)
[86/238] blk.12.attn_output.weight  grid 0.019898  H0 3.7608  C3 4.2902  C4 4.1581 bits/weight  (0.7 s, 156 s so far)
[87/238] blk.12.attn_q.weight  grid 0.019639  H0 3.7459  C3 4.2747  C4 4.1526 bits/weight  (0.7 s, 157 s so far)
[88/238] blk.12.attn_v.weight  grid 0.018440  H0 3.7468  C3 4.2753  C4 4.1316 bits/weight  (0.4 s, 157 s so far)
[89/238] blk.12.ffn_down.weight  grid 0.013294  H0 3.7316  C3 4.2602  C4 4.1178 bits/weight  (3.5 s, 161 s so far)
[90/238] blk.12.ffn_gate.weight  grid 0.013470  H0 3.7413  C3 4.2699  C4 4.1341 bits/weight  (3.5 s, 164 s so far)
[91/238] blk.12.ffn_up.weight  grid 0.013368  H0 3.7360  C3 4.2644  C4 4.1224 bits/weight  (3.6 s, 168 s so far)
[92/238] blk.13.attn_k.weight  grid 0.016577  H0 3.6968  C3 4.2239  C4 4.1040 bits/weight  (0.3 s, 168 s so far)
[93/238] blk.13.attn_output.weight  grid 0.019341  H0 3.7623  C3 4.2917  C4 4.1832 bits/weight  (0.7 s, 169 s so far)
[94/238] blk.13.attn_q.weight  grid 0.018811  H0 3.7082  C3 4.2363  C4 4.1144 bits/weight  (0.7 s, 170 s so far)
[95/238] blk.13.attn_v.weight  grid 0.014815  H0 3.5786  C3 4.1167  C4 3.9908 bits/weight  (0.4 s, 170 s so far)
[96/238] blk.13.ffn_down.weight  grid 0.013342  H0 3.7279  C3 4.2566  C4 4.1142 bits/weight  (3.5 s, 173 s so far)
[97/238] blk.13.ffn_gate.weight  grid 0.013478  H0 3.7423  C3 4.2710  C4 4.1351 bits/weight  (3.6 s, 177 s so far)
[98/238] blk.13.ffn_up.weight  grid 0.013418  H0 3.7343  C3 4.2627  C4 4.1207 bits/weight  (3.5 s, 181 s so far)
[99/238] blk.14.attn_k.weight  grid 0.017121  H0 3.7338  C3 4.2626  C4 4.1412 bits/weight  (0.3 s, 181 s so far)
[100/238] blk.14.attn_output.weight  grid 0.019554  H0 3.7631  C3 4.2925  C4 4.1634 bits/weight  (0.7 s, 182 s so far)
[101/238] blk.14.attn_q.weight  grid 0.019624  H0 3.7543  C3 4.2833  C4 4.1552 bits/weight  (0.7 s, 182 s so far)
[102/238] blk.14.attn_v.weight  grid 0.017476  H0 3.7258  C3 4.2540  C4 4.1097 bits/weight  (0.4 s, 183 s so far)
[103/238] blk.14.ffn_down.weight  grid 0.013816  H0 3.7341  C3 4.2626  C4 4.1199 bits/weight  (3.5 s, 186 s so far)
[104/238] blk.14.ffn_gate.weight  grid 0.013352  H0 3.7420  C3 4.2707  C4 4.1363 bits/weight  (3.6 s, 190 s so far)
[105/238] blk.14.ffn_up.weight  grid 0.013233  H0 3.7364  C3 4.2647  C4 4.1236 bits/weight  (3.6 s, 193 s so far)
[106/238] blk.15.attn_k.weight  grid 0.017494  H0 3.7341  C3 4.2629  C4 4.1416 bits/weight  (0.3 s, 194 s so far)
[107/238] blk.15.attn_output.weight  grid 0.020061  H0 3.7596  C3 4.2888  C4 4.1538 bits/weight  (0.7 s, 194 s so far)
[108/238] blk.15.attn_q.weight  grid 0.019737  H0 3.7371  C3 4.2657  C4 4.1370 bits/weight  (0.7 s, 195 s so far)
[109/238] blk.15.attn_v.weight  grid 0.016969  H0 3.7286  C3 4.2568  C4 4.1137 bits/weight  (0.4 s, 196 s so far)
[110/238] blk.15.ffn_down.weight  grid 0.015002  H0 3.7247  C3 4.2527  C4 4.1129 bits/weight  (3.5 s, 199 s so far)
[111/238] blk.15.ffn_gate.weight  grid 0.013710  H0 3.7434  C3 4.2718  C4 4.1397 bits/weight  (3.5 s, 202 s so far)
[112/238] blk.15.ffn_up.weight  grid 0.013711  H0 3.7434  C3 4.2719  C4 4.1306 bits/weight  (3.5 s, 206 s so far)
[113/238] blk.16.attn_k.weight  grid 0.018192  H0 3.7425  C3 4.2711  C4 4.1496 bits/weight  (0.4 s, 206 s so far)
[114/238] blk.16.attn_output.weight  grid 0.019526  H0 3.7600  C3 4.2892  C4 4.1577 bits/weight  (0.7 s, 207 s so far)
[115/238] blk.16.attn_q.weight  grid 0.019534  H0 3.7410  C3 4.2695  C4 4.1503 bits/weight  (0.7 s, 208 s so far)
[116/238] blk.16.attn_v.weight  grid 0.018539  H0 3.7372  C3 4.2652  C4 4.1227 bits/weight  (0.4 s, 208 s so far)
[117/238] blk.16.ffn_down.weight  grid 0.013579  H0 3.7363  C3 4.2648  C4 4.1221 bits/weight  (3.5 s, 212 s so far)
[118/238] blk.16.ffn_gate.weight  grid 0.013531  H0 3.7444  C3 4.2730  C4 4.1431 bits/weight  (3.5 s, 215 s so far)
[119/238] blk.16.ffn_up.weight  grid 0.013434  H0 3.7400  C3 4.2682  C4 4.1278 bits/weight  (3.5 s, 219 s so far)
[120/238] blk.17.attn_k.weight  grid 0.018969  H0 3.7341  C3 4.2621  C4 4.1544 bits/weight  (0.3 s, 219 s so far)
[121/238] blk.17.attn_output.weight  grid 0.019924  H0 3.7545  C3 4.2834  C4 4.1563 bits/weight  (0.7 s, 220 s so far)
[122/238] blk.17.attn_q.weight  grid 0.019123  H0 3.7326  C3 4.2609  C4 4.1438 bits/weight  (0.7 s, 221 s so far)
[123/238] blk.17.attn_v.weight  grid 0.018898  H0 3.7139  C3 4.2409  C4 4.1102 bits/weight  (0.4 s, 221 s so far)
[124/238] blk.17.ffn_down.weight  grid 0.014162  H0 3.7358  C3 4.2644  C4 4.1203 bits/weight  (3.5 s, 224 s so far)
[125/238] blk.17.ffn_gate.weight  grid 0.013635  H0 3.7392  C3 4.2676  C4 4.1370 bits/weight  (3.6 s, 228 s so far)
[126/238] blk.17.ffn_up.weight  grid 0.013598  H0 3.7368  C3 4.2651  C4 4.1253 bits/weight  (3.5 s, 231 s so far)
[127/238] blk.18.attn_k.weight  grid 0.018467  H0 3.7405  C3 4.2684  C4 4.1469 bits/weight  (0.4 s, 232 s so far)
[128/238] blk.18.attn_output.weight  grid 0.019598  H0 3.7608  C3 4.2902  C4 4.1564 bits/weight  (0.7 s, 233 s so far)
[129/238] blk.18.attn_q.weight  grid 0.019560  H0 3.7408  C3 4.2689  C4 4.1431 bits/weight  (0.7 s, 233 s so far)
[130/238] blk.18.attn_v.weight  grid 0.018583  H0 3.7166  C3 4.2436  C4 4.1034 bits/weight  (0.4 s, 234 s so far)
[131/238] blk.18.ffn_down.weight  grid 0.014209  H0 3.7409  C3 4.2695  C4 4.1255 bits/weight  (3.6 s, 237 s so far)
[132/238] blk.18.ffn_gate.weight  grid 0.013654  H0 3.7445  C3 4.2731  C4 4.1402 bits/weight  (3.6 s, 241 s so far)
[133/238] blk.18.ffn_up.weight  grid 0.013606  H0 3.7417  C3 4.2701  C4 4.1285 bits/weight  (3.5 s, 244 s so far)
[134/238] blk.19.attn_k.weight  grid 0.018492  H0 3.7095  C3 4.2374  C4 4.1220 bits/weight  (0.4 s, 245 s so far)
[135/238] blk.19.attn_output.weight  grid 0.019527  H0 3.7604  C3 4.2894  C4 4.1588 bits/weight  (0.7 s, 245 s so far)
[136/238] blk.19.attn_q.weight  grid 0.019313  H0 3.7260  C3 4.2535  C4 4.1389 bits/weight  (0.8 s, 246 s so far)
[137/238] blk.19.attn_v.weight  grid 0.018667  H0 3.7362  C3 4.2641  C4 4.1235 bits/weight  (0.4 s, 246 s so far)
[138/238] blk.19.ffn_down.weight  grid 0.014666  H0 3.7448  C3 4.2736  C4 4.1305 bits/weight  (3.6 s, 250 s so far)
[139/238] blk.19.ffn_gate.weight  grid 0.013701  H0 3.7485  C3 4.2773  C4 4.1433 bits/weight  (3.6 s, 254 s so far)
[140/238] blk.19.ffn_up.weight  grid 0.013738  H0 3.7479  C3 4.2765  C4 4.1338 bits/weight  (3.5 s, 257 s so far)
[141/238] blk.20.attn_k.weight  grid 0.017731  H0 3.7485  C3 4.2774  C4 4.1527 bits/weight  (0.4 s, 257 s so far)
[142/238] blk.20.attn_output.weight  grid 0.019572  H0 3.7567  C3 4.2858  C4 4.1515 bits/weight  (0.7 s, 258 s so far)
[143/238] blk.20.attn_q.weight  grid 0.019755  H0 3.7502  C3 4.2789  C4 4.1500 bits/weight  (0.8 s, 259 s so far)
[144/238] blk.20.attn_v.weight  grid 0.017618  H0 3.7342  C3 4.2620  C4 4.1181 bits/weight  (0.3 s, 259 s so far)
[145/238] blk.20.ffn_down.weight  grid 0.014364  H0 3.7379  C3 4.2663  C4 4.1241 bits/weight  (3.6 s, 263 s so far)
[146/238] blk.20.ffn_gate.weight  grid 0.013772  H0 3.7412  C3 4.2696  C4 4.1366 bits/weight  (3.5 s, 266 s so far)
[147/238] blk.20.ffn_up.weight  grid 0.013835  H0 3.7421  C3 4.2704  C4 4.1289 bits/weight  (3.5 s, 270 s so far)
[148/238] blk.21.attn_k.weight  grid 0.017973  H0 3.7259  C3 4.2537  C4 4.1328 bits/weight  (0.4 s, 270 s so far)
[149/238] blk.21.attn_output.weight  grid 0.019974  H0 3.7615  C3 4.2908  C4 4.1550 bits/weight  (0.7 s, 271 s so far)
[150/238] blk.21.attn_q.weight  grid 0.019398  H0 3.7195  C3 4.2468  C4 4.1310 bits/weight  (0.7 s, 272 s so far)
[151/238] blk.21.attn_v.weight  grid 0.017507  H0 3.6603  C3 4.1850  C4 4.0527 bits/weight  (0.4 s, 272 s so far)
[152/238] blk.21.ffn_down.weight  grid 0.014197  H0 3.7361  C3 4.2646  C4 4.1221 bits/weight  (3.5 s, 276 s so far)
[153/238] blk.21.ffn_gate.weight  grid 0.013660  H0 3.7451  C3 4.2737  C4 4.1405 bits/weight  (3.5 s, 279 s so far)
[154/238] blk.21.ffn_up.weight  grid 0.013757  H0 3.7463  C3 4.2747  C4 4.1330 bits/weight  (3.6 s, 283 s so far)
[155/238] blk.22.attn_k.weight  grid 0.018462  H0 3.7446  C3 4.2728  C4 4.1501 bits/weight  (0.4 s, 283 s so far)
[156/238] blk.22.attn_output.weight  grid 0.019804  H0 3.7544  C3 4.2832  C4 4.1540 bits/weight  (0.7 s, 284 s so far)
[157/238] blk.22.attn_q.weight  grid 0.019466  H0 3.7372  C3 4.2652  C4 4.1479 bits/weight  (0.7 s, 284 s so far)
[158/238] blk.22.attn_v.weight  grid 0.018045  H0 3.7134  C3 4.2405  C4 4.1069 bits/weight  (0.3 s, 285 s so far)
[159/238] blk.22.ffn_down.weight  grid 0.013665  H0 3.7228  C3 4.2507  C4 4.1090 bits/weight  (3.5 s, 288 s so far)
[160/238] blk.22.ffn_gate.weight  grid 0.013522  H0 3.7363  C3 4.2646  C4 4.1325 bits/weight  (3.5 s, 292 s so far)
[161/238] blk.22.ffn_up.weight  grid 0.013617  H0 3.7395  C3 4.2677  C4 4.1269 bits/weight  (3.5 s, 295 s so far)
[162/238] blk.23.attn_k.weight  grid 0.017609  H0 3.7213  C3 4.2489  C4 4.1422 bits/weight  (0.4 s, 296 s so far)
[163/238] blk.23.attn_output.weight  grid 0.019879  H0 3.7624  C3 4.2918  C4 4.1569 bits/weight  (0.7 s, 296 s so far)
[164/238] blk.23.attn_q.weight  grid 0.018991  H0 3.7237  C3 4.2509  C4 4.1386 bits/weight  (0.7 s, 297 s so far)
[165/238] blk.23.attn_v.weight  grid 0.016124  H0 3.6468  C3 4.1702  C4 4.0426 bits/weight  (0.4 s, 298 s so far)
[166/238] blk.23.ffn_down.weight  grid 0.013969  H0 3.7432  C3 4.2719  C4 4.1265 bits/weight  (3.8 s, 301 s so far)
[167/238] blk.23.ffn_gate.weight  grid 0.013765  H0 3.7584  C3 4.2877  C4 4.1514 bits/weight  (3.5 s, 305 s so far)
[168/238] blk.23.ffn_up.weight  grid 0.013762  H0 3.7565  C3 4.2856  C4 4.1434 bits/weight  (3.7 s, 309 s so far)
[169/238] blk.24.attn_k.weight  grid 0.018302  H0 3.7449  C3 4.2737  C4 4.1494 bits/weight  (0.4 s, 309 s so far)
[170/238] blk.24.attn_output.weight  grid 0.019957  H0 3.7549  C3 4.2837  C4 4.1470 bits/weight  (0.8 s, 310 s so far)
[171/238] blk.24.attn_q.weight  grid 0.019527  H0 3.7428  C3 4.2711  C4 4.1421 bits/weight  (0.7 s, 310 s so far)
[172/238] blk.24.attn_v.weight  grid 0.017927  H0 3.6652  C3 4.1907  C4 4.0597 bits/weight  (0.4 s, 311 s so far)
[173/238] blk.24.ffn_down.weight  grid 0.015182  H0 3.7543  C3 4.2833  C4 4.1401 bits/weight  (4.0 s, 315 s so far)
[174/238] blk.24.ffn_gate.weight  grid 0.013744  H0 3.7615  C3 4.2910  C4 4.1519 bits/weight  (3.5 s, 318 s so far)
[175/238] blk.24.ffn_up.weight  grid 0.013735  H0 3.7590  C3 4.2882  C4 4.1447 bits/weight  (3.6 s, 322 s so far)
[176/238] blk.25.attn_k.weight  grid 0.017265  H0 3.7468  C3 4.2753  C4 4.1510 bits/weight  (0.4 s, 322 s so far)
[177/238] blk.25.attn_output.weight  grid 0.019987  H0 3.7669  C3 4.2967  C4 4.1569 bits/weight  (0.7 s, 323 s so far)
[178/238] blk.25.attn_q.weight  grid 0.019604  H0 3.7475  C3 4.2761  C4 4.1472 bits/weight  (0.7 s, 324 s so far)
[179/238] blk.25.attn_v.weight  grid 0.016679  H0 3.7060  C3 4.2317  C4 4.0938 bits/weight  (0.3 s, 324 s so far)
[180/238] blk.25.ffn_down.weight  grid 0.014657  H0 3.7562  C3 4.2853  C4 4.1426 bits/weight  (3.6 s, 328 s so far)
[181/238] blk.25.ffn_gate.weight  grid 0.013748  H0 3.7632  C3 4.2928  C4 4.1527 bits/weight  (3.5 s, 331 s so far)
[182/238] blk.25.ffn_up.weight  grid 0.013735  H0 3.7603  C3 4.2896  C4 4.1459 bits/weight  (3.6 s, 335 s so far)
[183/238] blk.26.attn_k.weight  grid 0.019006  H0 3.7264  C3 4.2546  C4 4.1370 bits/weight  (0.4 s, 335 s so far)
[184/238] blk.26.attn_output.weight  grid 0.019692  H0 3.7636  C3 4.2931  C4 4.1575 bits/weight  (0.8 s, 336 s so far)
[185/238] blk.26.attn_q.weight  grid 0.018783  H0 3.7205  C3 4.2477  C4 4.1280 bits/weight  (0.8 s, 337 s so far)
[186/238] blk.26.attn_v.weight  grid 0.018227  H0 3.6730  C3 4.1976  C4 4.0635 bits/weight  (0.4 s, 337 s so far)
[187/238] blk.26.ffn_down.weight  grid 0.015497  H0 3.7618  C3 4.2914  C4 4.1458 bits/weight  (3.7 s, 341 s so far)
[188/238] blk.26.ffn_gate.weight  grid 0.013775  H0 3.7659  C3 4.2958  C4 4.1548 bits/weight  (3.7 s, 344 s so far)
[189/238] blk.26.ffn_up.weight  grid 0.013754  H0 3.7630  C3 4.2925  C4 4.1467 bits/weight  (4.0 s, 348 s so far)
[190/238] blk.27.attn_k.weight  grid 0.018163  H0 3.7072  C3 4.2334  C4 4.1146 bits/weight  (0.4 s, 349 s so far)
[191/238] blk.27.attn_output.weight  grid 0.019621  H0 3.7568  C3 4.2859  C4 4.1569 bits/weight  (0.7 s, 350 s so far)
[192/238] blk.27.attn_q.weight  grid 0.018105  H0 3.7109  C3 4.2370  C4 4.1216 bits/weight  (0.7 s, 350 s so far)
[193/238] blk.27.attn_v.weight  grid 0.018633  H0 3.7070  C3 4.2347  C4 4.1032 bits/weight  (0.4 s, 351 s so far)
[194/238] blk.27.ffn_down.weight  grid 0.013829  H0 3.7637  C3 4.2933  C4 4.1454 bits/weight  (3.7 s, 354 s so far)
[195/238] blk.27.ffn_gate.weight  grid 0.013685  H0 3.7656  C3 4.2954  C4 4.1538 bits/weight  (3.8 s, 358 s so far)
[196/238] blk.27.ffn_up.weight  grid 0.013725  H0 3.7643  C3 4.2939  C4 4.1475 bits/weight  (3.6 s, 362 s so far)
[197/238] blk.28.attn_k.weight  grid 0.017852  H0 3.7104  C3 4.2374  C4 4.1117 bits/weight  (0.4 s, 362 s so far)
[198/238] blk.28.attn_output.weight  grid 0.019976  H0 3.7666  C3 4.2963  C4 4.1642 bits/weight  (0.7 s, 363 s so far)
[199/238] blk.28.attn_q.weight  grid 0.018637  H0 3.7196  C3 4.2468  C4 4.1196 bits/weight  (0.8 s, 364 s so far)
[200/238] blk.28.attn_v.weight  grid 0.017953  H0 3.6801  C3 4.2049  C4 4.0730 bits/weight  (0.4 s, 364 s so far)
[201/238] blk.28.ffn_down.weight  grid 0.014173  H0 3.7638  C3 4.2935  C4 4.1469 bits/weight  (3.6 s, 368 s so far)
[202/238] blk.28.ffn_gate.weight  grid 0.013749  H0 3.7650  C3 4.2946  C4 4.1521 bits/weight  (3.5 s, 371 s so far)
[203/238] blk.28.ffn_up.weight  grid 0.013818  H0 3.7638  C3 4.2934  C4 4.1464 bits/weight  (3.6 s, 375 s so far)
[204/238] blk.29.attn_k.weight  grid 0.018170  H0 3.6976  C3 4.2249  C4 4.1236 bits/weight  (0.4 s, 375 s so far)
[205/238] blk.29.attn_output.weight  grid 0.019793  H0 3.7622  C3 4.2915  C4 4.1556 bits/weight  (0.7 s, 376 s so far)
[206/238] blk.29.attn_q.weight  grid 0.019194  H0 3.7167  C3 4.2443  C4 4.1310 bits/weight  (0.7 s, 377 s so far)
[207/238] blk.29.attn_v.weight  grid 0.017195  H0 3.6236  C3 4.1530  C4 4.0281 bits/weight  (0.4 s, 377 s so far)
[208/238] blk.29.ffn_down.weight  grid 0.014080  H0 3.7688  C3 4.2990  C4 4.1498 bits/weight  (3.6 s, 381 s so far)
[209/238] blk.29.ffn_gate.weight  grid 0.013713  H0 3.7673  C3 4.2973  C4 4.1532 bits/weight  (3.6 s, 384 s so far)
[210/238] blk.29.ffn_up.weight  grid 0.013740  H0 3.7677  C3 4.2977  C4 4.1507 bits/weight  (3.6 s, 388 s so far)
[211/238] blk.30.attn_k.weight  grid 0.017746  H0 3.7177  C3 4.2446  C4 4.1267 bits/weight  (0.4 s, 388 s so far)
[212/238] blk.30.attn_output.weight  grid 0.019618  H0 3.7662  C3 4.2956  C4 4.1568 bits/weight  (0.7 s, 389 s so far)
[213/238] blk.30.attn_q.weight  grid 0.018962  H0 3.7100  C3 4.2379  C4 4.1272 bits/weight  (0.7 s, 390 s so far)
[214/238] blk.30.attn_v.weight  grid 0.016564  H0 3.6742  C3 4.2001  C4 4.0653 bits/weight  (0.4 s, 390 s so far)
[215/238] blk.30.ffn_down.weight  grid 0.014150  H0 3.7619  C3 4.2914  C4 4.1445 bits/weight  (3.6 s, 394 s so far)
[216/238] blk.30.ffn_gate.weight  grid 0.013640  H0 3.7660  C3 4.2959  C4 4.1547 bits/weight  (3.5 s, 397 s so far)
[217/238] blk.30.ffn_up.weight  grid 0.013696  H0 3.7656  C3 4.2954  C4 4.1498 bits/weight  (3.5 s, 401 s so far)
[218/238] blk.31.attn_k.weight  grid 0.017388  H0 3.7381  C3 4.2665  C4 4.1413 bits/weight  (0.4 s, 401 s so far)
[219/238] blk.31.attn_output.weight  grid 0.019783  H0 3.7653  C3 4.2946  C4 4.1571 bits/weight  (0.7 s, 402 s so far)
[220/238] blk.31.attn_q.weight  grid 0.019294  H0 3.7426  C3 4.2712  C4 4.1455 bits/weight  (0.7 s, 402 s so far)
[221/238] blk.31.attn_v.weight  grid 0.017202  H0 3.7198  C3 4.2474  C4 4.1062 bits/weight  (0.4 s, 403 s so far)
[222/238] blk.31.ffn_down.weight  grid 0.013648  H0 3.7510  C3 4.2799  C4 4.1337 bits/weight  (3.5 s, 406 s so far)
[223/238] blk.31.ffn_gate.weight  grid 0.013729  H0 3.7623  C3 4.2918  C4 4.1518 bits/weight  (3.5 s, 410 s so far)
[224/238] blk.31.ffn_up.weight  grid 0.013912  H0 3.7631  C3 4.2927  C4 4.1476 bits/weight  (3.5 s, 413 s so far)
[225/238] blk.32.attn_k.weight  grid 0.018235  H0 3.7194  C3 4.2471  C4 4.1316 bits/weight  (0.4 s, 414 s so far)
[226/238] blk.32.attn_output.weight  grid 0.019316  H0 3.7570  C3 4.2857  C4 4.1655 bits/weight  (0.7 s, 414 s so far)
[227/238] blk.32.attn_q.weight  grid 0.018950  H0 3.7349  C3 4.2626  C4 4.1378 bits/weight  (0.7 s, 415 s so far)
[228/238] blk.32.attn_v.weight  grid 0.017887  H0 3.6678  C3 4.1910  C4 4.0609 bits/weight  (0.4 s, 415 s so far)
[229/238] blk.32.ffn_down.weight  grid 0.014936  H0 3.7421  C3 4.2706  C4 4.1283 bits/weight  (3.5 s, 419 s so far)
[230/238] blk.32.ffn_gate.weight  grid 0.013723  H0 3.7588  C3 4.2880  C4 4.1498 bits/weight  (3.6 s, 422 s so far)
[231/238] blk.32.ffn_up.weight  grid 0.013922  H0 3.7599  C3 4.2891  C4 4.1452 bits/weight  (3.5 s, 426 s so far)
[232/238] blk.33.attn_k.weight  grid 0.018394  H0 3.7576  C3 4.2868  C4 4.1541 bits/weight  (0.4 s, 426 s so far)
[233/238] blk.33.attn_output.weight  grid 0.019617  H0 3.7551  C3 4.2840  C4 4.1515 bits/weight  (0.7 s, 427 s so far)
[234/238] blk.33.attn_q.weight  grid 0.019274  H0 3.7487  C3 4.2775  C4 4.1452 bits/weight  (0.7 s, 428 s so far)
[235/238] blk.33.attn_v.weight  grid 0.018656  H0 3.7282  C3 4.2561  C4 4.1242 bits/weight  (0.4 s, 428 s so far)
[236/238] blk.33.ffn_down.weight  grid 0.013785  H0 3.7088  C3 4.2342  C4 4.0922 bits/weight  (3.5 s, 432 s so far)
[237/238] blk.33.ffn_gate.weight  grid 0.014021  H0 3.7609  C3 4.2904  C4 4.1546 bits/weight  (3.6 s, 435 s so far)
[238/238] blk.33.ffn_up.weight  grid 0.014089  H0 3.7582  C3 4.2872  C4 4.1458 bits/weight  (3.5 s, 439 s so far)
ROW_JSON {"name": "blk.0.attn_k.weight", "dims": [2560, 1024], "n": 2621440, "blocks": 81920, "q1_exact": 43961, "q1_max_diff_over_d": 1.092807412147522, "q0_blocks": 81920, "zero_d_blocks": 0, "code_counts": [95077, 38859, 61974, 96734, 142977, 199168, 255651, 302015, 319849, 301433, 254630, 198720, 142469, 97706, 62376, 51802], "h_codes": 3.7484663011803896, "h_scale16": 10.541123361128317, "h_scale_se": 2.0525819473937412, "h_scale_man": 8.852374322992041, "c3": 1401628, "c3_ok": true, "c4": 1359204, "c4_ok": true, "seconds_main": 0.4, "c1": 1402791, "c1_ok": true, "c2": 1371213, "c2_ok": true}
ROW_JSON {"name": "blk.0.attn_output.weight", "dims": [2048, 2560], "n": 5242880, "blocks": 163840, "q1_exact": 98030, "q1_max_diff_over_d": 1.4571428298950195, "q0_blocks": 163840, "zero_d_blocks": 0, "code_counts": [188688, 73074, 116927, 180391, 267899, 378878, 506867, 636198, 711939, 634497, 505859, 378065, 267752, 180931, 116664, 98251], "h_codes": 3.711800203832847, "h_scale16": 11.757686614467485, "h_scale_se": 2.293738126821732, "h_scale_man": 9.803134394503127, "c3": 2778196, "c3_ok": true, "c4": 2697565, "c4_ok": true, "seconds_main": 0.9, "c1": 2763846, "c1_ok": true, "c2": 2730429, "c2_ok": true}
ROW_JSON {"name": "blk.0.attn_q.weight", "dims": [2560, 2048], "n": 5242880, "blocks": 163840, "q1_exact": 91848, "q1_max_diff_over_d": 1.0926952362060547, "q0_blocks": 163840, "zero_d_blocks": 0, "code_counts": [189327, 74459, 121325, 187948, 279785, 392586, 510467, 618007, 662660, 616077, 513164, 389872, 278112, 188205, 121152, 99734], "h_codes": 3.7329989669401082, "h_scale16": 10.873553198653617, "h_scale_se": 2.172818385009314, "h_scale_man": 9.058260952548737, "c3": 2792471, "c3_ok": true, "c4": 2708604, "c4_ok": true, "seconds_main": 0.9, "c1": 2786833, "c1_ok": true, "c2": 2735265, "c2_ok": true}
ROW_JSON {"name": "blk.0.attn_v.weight", "dims": [2560, 1024], "n": 2621440, "blocks": 81920, "q1_exact": 48379, "q1_max_diff_over_d": 1.043399691581726, "q0_blocks": 81920, "zero_d_blocks": 0, "code_counts": [94898, 38685, 61738, 95177, 140606, 196124, 254344, 305419, 328493, 306557, 254786, 195694, 140801, 95454, 61509, 51155], "h_codes": 3.7405937687873476, "h_scale16": 10.84610043315686, "h_scale_se": 1.8783344162963849, "h_scale_man": 9.395702134616407, "c3": 1398747, "c3_ok": true, "c4": 1353894, "c4_ok": true, "seconds_main": 0.5, "c1": 1400467, "c1_ok": true, "c2": 1372802, "c2_ok": true}
ROW_JSON {"name": "blk.0.ffn_down.weight", "dims": [10240, 2560], "n": 26214400, "blocks": 819200, "q1_exact": 347112, "q1_max_diff_over_d": 1.7272727489471436, "q0_blocks": 819200, "zero_d_blocks": 0, "code_counts": [942080, 361447, 579806, 904830, 1354929, 1928500, 2574225, 3161028, 3425381, 3157583, 2574637, 1925392, 1354872, 905013, 580309, 484368], "h_codes": 3.7151700961344445, "h_scale16": 10.819456526146869, "h_scale_se": 2.0529342169169196, "h_scale_man": 9.345740016424974, "c3": 13898963, "c3_ok": true, "c4": 13441005, "c4_ok": true, "seconds_main": 4.4, "c1": 13827173, "c1_ok": true, "c2": 13601589, "c2_ok": true}
ROW_JSON {"name": "blk.0.ffn_gate.weight", "dims": [2560, 10240], "n": 26214400, "blocks": 819200, "q1_exact": 345992, "q1_max_diff_over_d": 1.3014206886291504, "q0_blocks": 819200, "zero_d_blocks": 0, "code_counts": [943991, 368713, 595837, 932270, 1392685, 1962328, 2576144, 3094869, 3311470, 3093481, 2573267, 1958910, 1389048, 932540, 596765, 492082], "h_codes": 3.729128140398985, "h_scale16": 10.949866714201548, "h_scale_se": 1.860479096694271, "h_scale_man": 9.341003829656465, "c3": 13951611, "c3_ok": true, "c4": 13510363, "c4_ok": true, "seconds_main": 3.3, "c1": 13968012, "c1_ok": true, "c2": 13684040, "c2_ok": true}
ROW_JSON {"name": "blk.0.ffn_up.weight", "dims": [2560, 10240], "n": 26214400, "blocks": 819200, "q1_exact": 349187, "q1_max_diff_over_d": 1.0805124044418335, "q0_blocks": 819200, "zero_d_blocks": 0, "code_counts": [948598, 382658, 617276, 950605, 1401592, 1957387, 2552256, 3066307, 3287245, 3064297, 2551499, 1954191, 1403177, 951171, 615235, 510906], "h_codes": 3.739295340678316, "h_scale16": 10.846697780374317, "h_scale_se": 1.7657414435152543, "h_scale_man": 9.349558291326762, "c3": 13983226, "c3_ok": true, "c4": 13529991, "c4_ok": true, "seconds_main": 3.4, "c1": 13995285, "c1_ok": true, "c2": 13697853, "c2_ok": true}
ROW_JSON {"name": "blk.1.attn_k.weight", "dims": [2560, 1024], "n": 2621440, "blocks": 81920, "q1_exact": 41049, "q1_max_diff_over_d": 1.0084477663040161, "q0_blocks": 81920, "zero_d_blocks": 0, "code_counts": [94543, 36965, 59670, 93678, 138507, 196432, 257551, 308959, 331960, 308013, 257814, 195247, 139658, 93095, 59459, 49889], "h_codes": 3.7299835320666714, "h_scale16": 10.235095024376841, "h_scale_se": 2.124899844816146, "h_scale_man": 8.448288837819145, "c3": 1395523, "c3_ok": true, "c4": 1353703, "c4_ok": true, "seconds_main": 0.3, "c1": 1398014, "c1_ok": true, "c2": 1363315, "c2_ok": true}
ROW_JSON {"name": "blk.1.attn_output.weight", "dims": [2048, 2560], "n": 5242880, "blocks": 163840, "q1_exact": 100267, "q1_max_diff_over_d": 1.3730570077896118, "q0_blocks": 163840, "zero_d_blocks": 0, "code_counts": [189751, 76113, 124272, 191271, 282578, 395103, 510104, 609138, 652903, 608409, 509368, 392915, 282294, 192469, 123507, 102685], "h_codes": 3.742509568449872, "h_scale16": 11.325345400274559, "h_scale_se": 2.209620476641607, "h_scale_man": 9.616886625525343, "c3": 2798956, "c3_ok": true, "c4": 2713618, "c4_ok": true, "seconds_main": 0.8, "c1": 2792814, "c1_ok": true, "c2": 2750527, "c2_ok": true}
ROW_JSON {"name": "blk.1.attn_q.weight", "dims": [2560, 2048], "n": 5242880, "blocks": 163840, "q1_exact": 93030, "q1_max_diff_over_d": 1.2345277070999146, "q0_blocks": 163840, "zero_d_blocks": 0, "code_counts": [188742, 73164, 118545, 185575, 277181, 391072, 516049, 620644, 665167, 620455, 515314, 391326, 277367, 185993, 118449, 97837], "h_codes": 3.7267117674922687, "h_scale16": 11.363893994782414, "h_scale_se": 2.206126034790242, "h_scale_man": 9.549707655416643, "c3": 2788648, "c3_ok": true, "c4": 2706170, "c4_ok": true, "seconds_main": 0.7, "c1": 2778189, "c1_ok": true, "c2": 2741848, "c2_ok": true}
ROW_JSON {"name": "blk.1.attn_v.weight", "dims": [2560, 1024], "n": 2621440, "blocks": 81920, "q1_exact": 43738, "q1_max_diff_over_d": 1.0509554147720337, "q0_blocks": 81920, "zero_d_blocks": 0, "code_counts": [94527, 36837, 60048, 92633, 137862, 195418, 256313, 310871, 336489, 310963, 255498, 194991, 138139, 92275, 59395, 49181], "h_codes": 3.7263237950807895, "h_scale16": 10.393125527319505, "h_scale_se": 2.083141633220994, "h_scale_man": 8.725442617950627, "c3": 1394132, "c3_ok": true, "c4": 1350849, "c4_ok": true, "seconds_main": 0.4, "c1": 1395893, "c1_ok": true, "c2": 1362045, "c2_ok": true}
ROW_JSON {"name": "blk.1.ffn_down.weight", "dims": [10240, 2560], "n": 26214400, "blocks": 819200, "q1_exact": 357986, "q1_max_diff_over_d": 1.1763943433761597, "q0_blocks": 819200, "zero_d_blocks": 0, "code_counts": [946471, 377431, 611007, 950905, 1410609, 1971045, 2564628, 3058747, 3261122, 3057453, 2565658, 1968207, 1407262, 948393, 609785, 505677], "h_codes": 3.7384416332828607, "h_scale16": 11.143636398079071, "h_scale_se": 1.6427670806327712, "h_scale_man": 9.771382200545574, "c3": 13981959, "c3_ok": true, "c4": 13517354, "c4_ok": true, "seconds_main": 3.8, "c1": 13914058, "c1_ok": true, "c2": 13710990, "c2_ok": true}
ROW_JSON {"name": "blk.1.ffn_gate.weight", "dims": [2560, 10240], "n": 26214400, "blocks": 819200, "q1_exact": 346940, "q1_max_diff_over_d": 1.101265788078308, "q0_blocks": 819200, "zero_d_blocks": 0, "code_counts": [946004, 374581, 609349, 951113, 1414106, 1981304, 2574848, 3049515, 3240758, 3050613, 2568891, 1979142, 1415041, 949359, 609235, 500541], "h_codes": 3.7386384932072727, "h_scale16": 10.903535171939014, "h_scale_se": 1.7828854429670173, "h_scale_man": 9.367276918609907, "c3": 13983181, "c3_ok": true, "c4": 13530533, "c4_ok": true, "seconds_main": 3.4, "c1": 13990629, "c1_ok": true, "c2": 13707338, "c2_ok": true}
ROW_JSON {"name": "blk.1.ffn_up.weight", "dims": [2560, 10240], "n": 26214400, "blocks": 819200, "q1_exact": 344511, "q1_max_diff_over_d": 1.0655324459075928, "q0_blocks": 819200, "zero_d_blocks": 0, "code_counts": [948036, 379199, 610327, 944447, 1394663, 1949606, 2553729, 3082058, 3311375, 3079533, 2553919, 1949359, 1395963, 942766, 612274, 507146], "h_codes": 3.7356858200716827, "h_scale16": 10.71597112551259, "h_scale_se": 1.6414686735738846, "h_scale_man": 9.312455866798823, "c3": 13971192, "c3_ok": true, "c4": 13505199, "c4_ok": true, "seconds_main": 3.6, "c1": 13972614, "c1_ok": true, "c2": 13667503, "c2_ok": true}
ROW_JSON {"name": "blk.2.attn_k.weight", "dims": [2560, 1024], "n": 2621440, "blocks": 81920, "q1_exact": 42961, "q1_max_diff_over_d": 1.0434445142745972, "q0_blocks": 81920, "zero_d_blocks": 0, "code_counts": [94771, 37888, 61567, 96212, 142013, 198070, 255987, 304038, 322599, 304184, 256494, 197944, 141452, 95953, 61566, 50702], "h_codes": 3.742455408501028, "h_scale16": 10.393908218547562, "h_scale_se": 2.177607846754879, "h_scale_man": 8.715799239217597, "c3": 1399589, "c3_ok": true, "c4": 1357053, "c4_ok": true, "seconds_main": 0.4, "c1": 1402130, "c1_ok": true, "c2": 1368994, "c2_ok": true}
ROW_JSON {"name": "blk.2.attn_output.weight", "dims": [2048, 2560], "n": 5242880, "blocks": 163840, "q1_exact": 100014, "q1_max_diff_over_d": 1.5688073635101318, "q0_blocks": 163840, "zero_d_blocks": 0, "code_counts": [189429, 76058, 122287, 187018, 276835, 385510, 505541, 618099, 681169, 619119, 506209, 386175, 277256, 188259, 121810, 102106], "h_codes": 3.73230790551413, "h_scale16": 11.55918468348225, "h_scale_se": 2.1112525687118437, "h_scale_man": 9.80852191788089, "c3": 2791732, "c3_ok": true, "c4": 2707839, "c4_ok": true, "seconds_main": 0.8, "c1": 2776963, "c1_ok": true, "c2": 2741106, "c2_ok": true}
ROW_JSON {"name": "blk.2.attn_q.weight", "dims": [2560, 2048], "n": 5242880, "blocks": 163840, "q1_exact": 95688, "q1_max_diff_over_d": 1.1804511547088623, "q0_blocks": 163840, "zero_d_blocks": 0, "code_counts": [189100, 74586, 120766, 186871, 279005, 392859, 515169, 616528, 659192, 615729, 514628, 391569, 279241, 187537, 120607, 99493], "h_codes": 3.732514133338809, "h_scale16": 11.480735945739799, "h_scale_se": 2.3862935501359654, "h_scale_man": 9.521322262846903, "c3": 2792468, "c3_ok": true, "c4": 2712594, "c4_ok": true, "seconds_main": 0.7, "c1": 2784515, "c1_ok": true, "c2": 2740489, "c2_ok": true}
ROW_JSON {"name": "blk.2.attn_v.weight", "dims": [2560, 1024], "n": 2621440, "blocks": 81920, "q1_exact": 44778, "q1_max_diff_over_d": 1.1040383577346802, "q0_blocks": 81920, "zero_d_blocks": 0, "code_counts": [94901, 38110, 61495, 95583, 141930, 197074, 255151, 305297, 326069, 304654, 255700, 196973, 141505, 95262, 60989, 50747], "h_codes": 3.740666418798206, "h_scale16": 10.297731276840276, "h_scale_se": 2.0657365149384144, "h_scale_man": 8.804981991546626, "c3": 1398875, "c3_ok": true, "c4": 1354299, "c4_ok": true, "seconds_main": 0.4, "c1": 1399575, "c1_ok": true, "c2": 1365924, "c2_ok": true}
ROW_JSON {"name": "blk.2.ffn_down.weight", "dims": [10240, 2560], "n": 26214400, "blocks": 819200, "q1_exact": 351383, "q1_max_diff_over_d": 1.4116331338882446, "q0_blocks": 819200, "zero_d_blocks": 0, "code_counts": [949602, 383647, 618017, 959532, 1416509, 1974525, 2555823, 3040502, 3245000, 3036090, 2555344, 1973914, 1416160, 958398, 618558, 512779], "h_codes": 3.743357164026109, "h_scale16": 10.718094294141427, "h_scale_se": 2.0604529314397904, "h_scale_man": 9.357491601317196, "c3": 13998180, "c3_ok": true, "c4": 13529831, "c4_ok": true, "seconds_main": 3.7, "c1": 13920141, "c1_ok": true, "c2": 13691986, "c2_ok": true}
ROW_JSON {"name": "blk.2.ffn_gate.weight", "dims": [2560, 10240], "n": 26214400, "blocks": 819200, "q1_exact": 350489, "q1_max_diff_over_d": 1.186606526374817, "q0_blocks": 819200, "zero_d_blocks": 0, "code_counts": [950211, 388766, 629606, 979231, 1443563, 1994003, 2555236, 2996703, 3173498, 2992997, 2549808, 1988779, 1444108, 978886, 629984, 519021], "h_codes": 3.7523286022163127, "h_scale16": 10.79500413520855, "h_scale_se": 1.6533553461826886, "h_scale_man": 9.36325086672145, "c3": 14028868, "c3_ok": true, "c4": 13565049, "c4_ok": true, "seconds_main": 3.6, "c1": 14023151, "c1_ok": true, "c2": 13761788, "c2_ok": true}
ROW_JSON {"name": "blk.2.ffn_up.weight", "dims": [2560, 10240], "n": 26214400, "blocks": 819200, "q1_exact": 348308, "q1_max_diff_over_d": 1.0624303817749023, "q0_blocks": 819200, "zero_d_blocks": 0, "code_counts": [949445, 383451, 617934, 961133, 1418045, 1976010, 2557584, 3037307, 3238406, 3037201, 2554704, 1972374, 1417332, 960466, 619004, 514004], "h_codes": 3.743855602652773, "h_scale16": 10.70223880152682, "h_scale_se": 1.6136103769973782, "h_scale_man": 9.322790231265241, "c3": 13999784, "c3_ok": true, "c4": 13531679, "c4_ok": true, "seconds_main": 3.4, "c1": 13998214, "c1_ok": true, "c2": 13725538, "c2_ok": true}
ROW_JSON {"name": "blk.3.attn_k.weight", "dims": [2560, 1024], "n": 2621440, "blocks": 81920, "q1_exact": 42532, "q1_max_diff_over_d": 1.0259908437728882, "q0_blocks": 81920, "zero_d_blocks": 0, "code_counts": [94811, 37776, 61501, 96486, 143176, 199480, 257177, 302372, 320433, 301842, 255818, 198662, 143102, 96210, 62108, 50486], "h_codes": 3.7446726667302026, "h_scale16": 10.002292857216172, "h_scale_se": 2.066538988147436, "h_scale_man": 8.455610615361998, "c3": 1400324, "c3_ok": true, "c4": 1355901, "c4_ok": true, "seconds_main": 0.3, "c1": 1402319, "c1_ok": true, "c2": 1368463, "c2_ok": true}
ROW_JSON {"name": "blk.3.attn_output.weight", "dims": [2048, 2560], "n": 5242880, "blocks": 163840, "q1_exact": 97443, "q1_max_diff_over_d": 1.0463192462921143, "q0_blocks": 163840, "zero_d_blocks": 0, "code_counts": [190856, 79383, 128260, 198450, 290313, 397418, 505621, 595373, 632047, 594771, 507273, 398420, 291157, 198466, 128684, 106388], "h_codes": 3.7588681394104038, "h_scale16": 10.958104989862107, "h_scale_se": 1.7570029488870667, "h_scale_man": 9.480566063036804, "c3": 2810017, "c3_ok": true, "c4": 2719049, "c4_ok": true, "seconds_main": 0.7, "c1": 2807892, "c1_ok": true, "c2": 2757576, "c2_ok": true}
ROW_JSON {"name": "blk.3.attn_q.weight", "dims": [2560, 2048], "n": 5242880, "blocks": 163840, "q1_exact": 96953, "q1_max_diff_over_d": 1.0924261808395386, "q0_blocks": 163840, "zero_d_blocks": 0, "code_counts": [189353, 74023, 120507, 188395, 281258, 394967, 514999, 613238, 652892, 613705, 515721, 395778, 280534, 187941, 120345, 99224], "h_codes": 3.734229216814877, "h_scale16": 11.190686054051694, "h_scale_se": 2.024581632125269, "h_scale_man": 9.591229084081455, "c3": 2793851, "c3_ok": true, "c4": 2706869, "c4_ok": true, "seconds_main": 0.7, "c1": 2785433, "c1_ok": true, "c2": 2745434, "c2_ok": true}
ROW_JSON {"name": "blk.3.attn_v.weight", "dims": [2560, 1024], "n": 2621440, "blocks": 81920, "q1_exact": 43368, "q1_max_diff_over_d": 1.0, "q0_blocks": 81920, "zero_d_blocks": 0, "code_counts": [94783, 37469, 61029, 94527, 140007, 195774, 255458, 306982, 333156, 306895, 254221, 195352, 139626, 94288, 61179, 50694], "h_codes": 3.7355025242683917, "h_scale16": 9.784400352350296, "h_scale_se": 1.857505845491235, "h_scale_man": 8.45363089012293, "c3": 1397052, "c3_ok": true, "c4": 1349878, "c4_ok": true, "seconds_main": 0.3, "c1": 1397875, "c1_ok": true, "c2": 1364209, "c2_ok": true}
ROW_JSON {"name": "blk.3.ffn_down.weight", "dims": [10240, 2560], "n": 26214400, "blocks": 819200, "q1_exact": 340730, "q1_max_diff_over_d": 1.1112828254699707, "q0_blocks": 819200, "zero_d_blocks": 0, "code_counts": [945422, 369582, 594182, 924775, 1379459, 1945881, 2570952, 3114843, 3346027, 3114488, 2569700, 1943932, 1377422, 925905, 596266, 495564], "h_codes": 3.7264127733948813, "h_scale16": 10.67277531428238, "h_scale_se": 1.6232674477819886, "h_scale_man": 9.287105451623937, "c3": 13941822, "c3_ok": true, "c4": 13472506, "c4_ok": true, "seconds_main": 3.6, "c1": 13851699, "c1_ok": true, "c2": 13634292, "c2_ok": true}
ROW_JSON {"name": "blk.3.ffn_gate.weight", "dims": [2560, 10240], "n": 26214400, "blocks": 819200, "q1_exact": 354056, "q1_max_diff_over_d": 1.130861520767212, "q0_blocks": 819200, "zero_d_blocks": 0, "code_counts": [952602, 394391, 638401, 988615, 1454443, 1998920, 2548387, 2972069, 3137366, 2971262, 2546988, 2000223, 1454709, 989548, 639230, 527246], "h_codes": 3.7579004994982483, "h_scale16": 10.819838903698583, "h_scale_se": 1.7031970300180237, "h_scale_man": 9.36331894615383, "c3": 14048557, "c3_ok": true, "c4": 13589426, "c4_ok": true, "seconds_main": 3.5, "c1": 14051467, "c1_ok": true, "c2": 13763608, "c2_ok": true}
ROW_JSON {"name": "blk.3.ffn_up.weight", "dims": [2560, 10240], "n": 26214400, "blocks": 819200, "q1_exact": 353842, "q1_max_diff_over_d": 1.0753295421600342, "q0_blocks": 819200, "zero_d_blocks": 0, "code_counts": [951209, 389631, 631897, 979867, 1440150, 1989776, 2554314, 2996195, 3174140, 2997594, 2550754, 1987823, 1438264, 977728, 632529, 522529], "h_codes": 3.752718047776394, "h_scale16": 10.80282520525055, "h_scale_se": 1.6982668009265294, "h_scale_man": 9.369577123652588, "c3": 14030146, "c3_ok": true, "c4": 13569700, "c4_ok": true, "seconds_main": 3.6, "c1": 14032339, "c1_ok": true, "c2": 13745547, "c2_ok": true}
ROW_JSON {"name": "blk.4.attn_k.weight", "dims": [2560, 1024], "n": 2621440, "blocks": 81920, "q1_exact": 42580, "q1_max_diff_over_d": 1.0340425968170166, "q0_blocks": 81920, "zero_d_blocks": 0, "code_counts": [94607, 37347, 60361, 94172, 140116, 197092, 256445, 306446, 326848, 306747, 257547, 197041, 141138, 94310, 60930, 50293], "h_codes": 3.7359363437312076, "h_scale16": 10.51496341681664, "h_scale_se": 2.237663492870334, "h_scale_man": 8.70406050003356, "c3": 1397357, "c3_ok": true, "c4": 1356154, "c4_ok": true, "seconds_main": 0.3, "c1": 1401813, "c1_ok": true, "c2": 1367286, "c2_ok": true}
ROW_JSON {"name": "blk.4.attn_output.weight", "dims": [2048, 2560], "n": 5242880, "blocks": 163840, "q1_exact": 101145, "q1_max_diff_over_d": 1.2906110286712646, "q0_blocks": 163840, "zero_d_blocks": 0, "code_counts": [189057, 73940, 120186, 184125, 271596, 381234, 509107, 629154, 688710, 629062, 507831, 383272, 271659, 184362, 119992, 99593], "h_codes": 3.7223547715064775, "h_scale16": 11.50070541812675, "h_scale_se": 2.2040078850301326, "h_scale_man": 9.69784025405674, "c3": 2785261, "c3_ok": true, "c4": 2701495, "c4_ok": true, "seconds_main": 0.7, "c1": 2772778, "c1_ok": true, "c2": 2735697, "c2_ok": true}
ROW_JSON {"name": "blk.4.attn_q.weight", "dims": [2560, 2048], "n": 5242880, "blocks": 163840, "q1_exact": 92997, "q1_max_diff_over_d": 1.1834214925765991, "q0_blocks": 163840, "zero_d_blocks": 0, "code_counts": [188950, 74572, 120029, 186979, 278563, 394183, 514874, 617691, 658611, 618212, 514255, 391314, 278401, 187059, 120405, 98782], "h_codes": 3.7313848147931656, "h_scale16": 11.108428619847924, "h_scale_se": 2.2230108720623294, "h_scale_man": 9.315033145249537, "c3": 2791759, "c3_ok": true, "c4": 2708058, "c4_ok": true, "seconds_main": 0.7, "c1": 2788540, "c1_ok": true, "c2": 2746663, "c2_ok": true}
ROW_JSON {"name": "blk.4.attn_v.weight", "dims": [2560, 1024], "n": 2621440, "blocks": 81920, "q1_exact": 46046, "q1_max_diff_over_d": 1.0404331684112549, "q0_blocks": 81920, "zero_d_blocks": 0, "code_counts": [94963, 37978, 60926, 94064, 139681, 194242, 256922, 307287, 330763, 307210, 255516, 196904, 139489, 93713, 61256, 50526], "h_codes": 3.7355217073421256, "h_scale16": 10.536445055817293, "h_scale_se": 2.043398742910119, "h_scale_man": 8.971414482585429, "c3": 1397066, "c3_ok": true, "c4": 1353274, "c4_ok": true, "seconds_main": 0.4, "c1": 1399854, "c1_ok": true, "c2": 1366392, "c2_ok": true}
ROW_JSON {"name": "blk.4.ffn_down.weight", "dims": [10240, 2560], "n": 26214400, "blocks": 819200, "q1_exact": 352418, "q1_max_diff_over_d": 1.5333333015441895, "q0_blocks": 819200, "zero_d_blocks": 0, "code_counts": [942625, 361651, 583180, 912306, 1366007, 1939199, 2578235, 3140581, 3388764, 3142121, 2578238, 1937047, 1364536, 910459, 584084, 485367], "h_codes": 3.7186847449734124, "h_scale16": 10.923497177224021, "h_scale_se": 2.075090720480303, "h_scale_man": 9.484206437958312, "c3": 13912055, "c3_ok": true, "c4": 13451573, "c4_ok": true, "seconds_main": 3.5, "c1": 13841497, "c1_ok": true, "c2": 13621441, "c2_ok": true}
ROW_JSON {"name": "blk.4.ffn_gate.weight", "dims": [2560, 10240], "n": 26214400, "blocks": 819200, "q1_exact": 348033, "q1_max_diff_over_d": 1.2082539796829224, "q0_blocks": 819200, "zero_d_blocks": 0, "code_counts": [945542, 373894, 605585, 943020, 1402850, 1964322, 2567489, 3070936, 3291238, 3072427, 2562319, 1966485, 1402182, 942124, 604401, 499586], "h_codes": 3.734617151187006, "h_scale16": 11.059202352578188, "h_scale_se": 1.8916534294620058, "h_scale_man": 9.42374181054127, "c3": 13968925, "c3_ok": true, "c4": 13528271, "c4_ok": true, "seconds_main": 3.5, "c1": 13973872, "c1_ok": true, "c2": 13714227, "c2_ok": true}
ROW_JSON {"name": "blk.4.ffn_up.weight", "dims": [2560, 10240], "n": 26214400, "blocks": 819200, "q1_exact": 347303, "q1_max_diff_over_d": 1.0723618268966675, "q0_blocks": 819200, "zero_d_blocks": 0, "code_counts": [945339, 370979, 597423, 924947, 1382654, 1948281, 2570171, 3109602, 3352412, 3108266, 2563646, 1944175, 1381242, 926040, 594390, 494833], "h_codes": 3.7269255197599174, "h_scale16": 10.960013775472284, "h_scale_se": 1.7871724590344358, "h_scale_man": 9.438285679101579, "c3": 13943150, "c3_ok": true, "c4": 13491485, "c4_ok": true, "seconds_main": 3.5, "c1": 13947846, "c1_ok": true, "c2": 13674972, "c2_ok": true}
ROW_JSON {"name": "blk.5.attn_k.weight", "dims": [2560, 1024], "n": 2621440, "blocks": 81920, "q1_exact": 41807, "q1_max_diff_over_d": 1.0562939643859863, "q0_blocks": 81920, "zero_d_blocks": 0, "code_counts": [93704, 34524, 55166, 86164, 129691, 185937, 252625, 326853, 375292, 326704, 252117, 185588, 129353, 86425, 55328, 45969], "h_codes": 3.6858777318832923, "h_scale16": 11.014331227966155, "h_scale_se": 2.528904956742771, "h_scale_man": 8.776009330632645, "c3": 1380101, "c3_ok": true, "c4": 1343640, "c4_ok": true, "seconds_main": 0.4, "c1": 1383813, "c1_ok": true, "c2": 1354132, "c2_ok": true}
ROW_JSON {"name": "blk.5.attn_output.weight", "dims": [2048, 2560], "n": 5242880, "blocks": 163840, "q1_exact": 103507, "q1_max_diff_over_d": 1.4956170320510864, "q0_blocks": 163840, "zero_d_blocks": 0, "code_counts": [189839, 76969, 123923, 192167, 282496, 393711, 510076, 608052, 652068, 607750, 509393, 393289, 283875, 192210, 124379, 102683], "h_codes": 3.7436672311539816, "h_scale16": 11.657384221989561, "h_scale_se": 2.0741942337946955, "h_scale_man": 9.872299146998518, "c3": 2799651, "c3_ok": true, "c4": 2715488, "c4_ok": true, "seconds_main": 0.7, "c1": 2790943, "c1_ok": true, "c2": 2757537, "c2_ok": true}
ROW_JSON {"name": "blk.5.attn_q.weight", "dims": [2560, 2048], "n": 5242880, "blocks": 163840, "q1_exact": 99490, "q1_max_diff_over_d": 1.9888018369674683, "q0_blocks": 163840, "zero_d_blocks": 0, "code_counts": [187690, 70533, 113514, 176694, 266083, 380736, 513235, 642251, 705116, 643216, 514121, 379800, 266241, 176740, 112770, 94140], "h_codes": 3.702397017300239, "h_scale16": 11.92470851459143, "h_scale_se": 2.2937445468893305, "h_scale_man": 9.866393757345975, "c3": 2770564, "c3_ok": true, "c4": 2692229, "c4_ok": true, "seconds_main": 0.7, "c1": 2762104, "c1_ok": true, "c2": 2726468, "c2_ok": true}
ROW_JSON {"name": "blk.5.attn_v.weight", "dims": [2560, 1024], "n": 2621440, "blocks": 81920, "q1_exact": 44131, "q1_max_diff_over_d": 1.0308880805969238, "q0_blocks": 81920, "zero_d_blocks": 0, "code_counts": [94455, 35804, 57828, 89303, 132918, 188467, 252063, 318318, 365937, 318244, 250690, 188410, 132726, 89435, 58018, 48824], "h_codes": 3.7058059208465153, "h_scale16": 10.574102283510745, "h_scale_se": 2.203054818674079, "h_scale_man": 8.72536234067326, "c3": 1387299, "c3_ok": true, "c4": 1346155, "c4_ok": true, "seconds_main": 0.4, "c1": 1388453, "c1_ok": true, "c2": 1355047, "c2_ok": true}
ROW_JSON {"name": "blk.5.ffn_down.weight", "dims": [10240, 2560], "n": 26214400, "blocks": 819200, "q1_exact": 375512, "q1_max_diff_over_d": 1.8312551975250244, "q0_blocks": 819200, "zero_d_blocks": 0, "code_counts": [943442, 364083, 587762, 917465, 1370798, 1943222, 2578922, 3128912, 3375459, 3123457, 2575080, 1942517, 1372990, 916181, 586788, 487322], "h_codes": 3.721521625069039, "h_scale16": 11.285615728941147, "h_scale_se": 1.6868346306757573, "h_scale_man": 9.854682667642082, "c3": 13922980, "c3_ok": true, "c4": 13463290, "c4_ok": true, "seconds_main": 3.5, "c1": 13866668, "c1_ok": true, "c2": 13665859, "c2_ok": true}
ROW_JSON {"name": "blk.5.ffn_gate.weight", "dims": [2560, 10240], "n": 26214400, "blocks": 819200, "q1_exact": 354385, "q1_max_diff_over_d": 1.4426229000091553, "q0_blocks": 819200, "zero_d_blocks": 0, "code_counts": [948711, 381166, 617165, 959671, 1422004, 1981666, 2561765, 3032446, 3227668, 3034916, 2563750, 1976514, 1421393, 958690, 616140, 510735], "h_codes": 3.7434325076696515, "h_scale16": 11.129633499582113, "h_scale_se": 1.9071910394955431, "h_scale_man": 9.485034368883616, "c3": 13998910, "c3_ok": true, "c4": 13559505, "c4_ok": true, "seconds_main": 3.6, "c1": 14000650, "c1_ok": true, "c2": 13738371, "c2_ok": true}
ROW_JSON {"name": "blk.5.ffn_up.weight", "dims": [2560, 10240], "n": 26214400, "blocks": 819200, "q1_exact": 351774, "q1_max_diff_over_d": 1.4418604373931885, "q0_blocks": 819200, "zero_d_blocks": 0, "code_counts": [947175, 377067, 608031, 946146, 1400660, 1964580, 2561610, 3068795, 3298369, 3068660, 2558365, 1960175, 1400109, 943795, 606206, 504657], "h_codes": 3.7358277183239625, "h_scale16": 10.983688173565337, "h_scale_se": 1.7552337970364902, "h_scale_man": 9.490099020098032, "c3": 13972907, "c3_ok": true, "c4": 13516945, "c4_ok": true, "seconds_main": 3.6, "c1": 13972319, "c1_ok": true, "c2": 13708774, "c2_ok": true}
ROW_JSON {"name": "blk.6.attn_k.weight", "dims": [2560, 1024], "n": 2621440, "blocks": 81920, "q1_exact": 43423, "q1_max_diff_over_d": 1.0474905967712402, "q0_blocks": 81920, "zero_d_blocks": 0, "code_counts": [93922, 34727, 56181, 89233, 134835, 193828, 260225, 318669, 343799, 318229, 259277, 192560, 134141, 88904, 56560, 46350], "h_codes": 3.7058165624949635, "h_scale16": 10.60851575194604, "h_scale_se": 2.3130552018407418, "h_scale_man": 8.651027494510377, "c3": 1386302, "c3_ok": true, "c4": 1346453, "c4_ok": true, "seconds_main": 0.4, "c1": 1390911, "c1_ok": true, "c2": 1359421, "c2_ok": true}
ROW_JSON {"name": "blk.6.attn_output.weight", "dims": [2048, 2560], "n": 5242880, "blocks": 163840, "q1_exact": 105574, "q1_max_diff_over_d": 1.82545804977417, "q0_blocks": 163840, "zero_d_blocks": 0, "code_counts": [190804, 79410, 128830, 198722, 291278, 399198, 507699, 593202, 628042, 592550, 507871, 400291, 290467, 199444, 128679, 106393], "h_codes": 3.760119444240754, "h_scale16": 11.607726001446503, "h_scale_se": 2.1085099332942443, "h_scale_man": 9.81961827999417, "c3": 2811218, "c3_ok": true, "c4": 2727491, "c4_ok": true, "seconds_main": 0.7, "c1": 2802254, "c1_ok": true, "c2": 2764139, "c2_ok": true}
ROW_JSON {"name": "blk.6.attn_q.weight", "dims": [2560, 2048], "n": 5242880, "blocks": 163840, "q1_exact": 99067, "q1_max_diff_over_d": 1.2779009342193604, "q0_blocks": 163840, "zero_d_blocks": 0, "code_counts": [187977, 71902, 115958, 181220, 273759, 390561, 518159, 628998, 675718, 627555, 517217, 388724, 274666, 180521, 114993, 94952], "h_codes": 3.7163511703408894, "h_scale16": 11.563794277264133, "h_scale_se": 2.200954672304317, "h_scale_man": 9.657251727454424, "c3": 2780597, "c3_ok": true, "c4": 2699634, "c4_ok": true, "seconds_main": 0.7, "c1": 2774966, "c1_ok": true, "c2": 2734333, "c2_ok": true}
ROW_JSON {"name": "blk.6.attn_v.weight", "dims": [2560, 1024], "n": 2621440, "blocks": 81920, "q1_exact": 44947, "q1_max_diff_over_d": 1.076873779296875, "q0_blocks": 81920, "zero_d_blocks": 0, "code_counts": [94107, 35945, 57690, 89311, 133927, 190488, 255380, 318498, 354932, 318446, 254540, 189663, 133411, 89321, 57548, 48233], "h_codes": 3.7078896711309954, "h_scale16": 10.008652737199522, "h_scale_se": 1.8294598038912484, "h_scale_man": 8.651390260208004, "c3": 1387496, "c3_ok": true, "c4": 1340531, "c4_ok": true, "seconds_main": 0.4, "c1": 1388927, "c1_ok": true, "c2": 1353346, "c2_ok": true}
ROW_JSON {"name": "blk.6.ffn_down.weight", "dims": [10240, 2560], "n": 26214400, "blocks": 819200, "q1_exact": 347604, "q1_max_diff_over_d": 1.0831334590911865, "q0_blocks": 819200, "zero_d_blocks": 0, "code_counts": [944307, 368522, 591958, 925596, 1382862, 1956927, 2582132, 3108867, 3327031, 3101603, 2579925, 1956286, 1381543, 923860, 592001, 490980], "h_codes": 3.7263100997669425, "h_scale16": 10.850587654162405, "h_scale_se": 1.6707066139599036, "h_scale_man": 9.448183396009604, "c3": 13941069, "c3_ok": true, "c4": 13473526, "c4_ok": true, "seconds_main": 3.6, "c1": 13864597, "c1_ok": true, "c2": 13647237, "c2_ok": true}
ROW_JSON {"name": "blk.6.ffn_gate.weight", "dims": [2560, 10240], "n": 26214400, "blocks": 819200, "q1_exact": 355953, "q1_max_diff_over_d": 1.2298851013183594, "q0_blocks": 819200, "zero_d_blocks": 0, "code_counts": [950420, 389023, 631066, 979963, 1444843, 1994577, 2550298, 2993739, 3169692, 2992895, 2549601, 1994175, 1443271, 978739, 631657, 520441], "h_codes": 3.752930713637684, "h_scale16": 11.079334189573839, "h_scale_se": 1.8385963866031865, "h_scale_man": 9.489379604081979, "c3": 14031253, "c3_ok": true, "c4": 13586182, "c4_ok": true, "seconds_main": 3.6, "c1": 14039709, "c1_ok": true, "c2": 13770813, "c2_ok": true}
ROW_JSON {"name": "blk.6.ffn_up.weight", "dims": [2560, 10240], "n": 26214400, "blocks": 819200, "q1_exact": 352524, "q1_max_diff_over_d": 1.2637362480163574, "q0_blocks": 819200, "zero_d_blocks": 0, "code_counts": [948886, 384173, 621086, 964895, 1423917, 1980724, 2556002, 3026725, 3228725, 3023800, 2554674, 1976718, 1423647, 965070, 620667, 514691], "h_codes": 3.7456585012659023, "h_scale16": 11.01107833776667, "h_scale_se": 1.7627153101892776, "h_scale_man": 9.513148017694453, "c3": 14006118, "c3_ok": true, "c4": 13551567, "c4_ok": true, "seconds_main": 3.6, "c1": 14014054, "c1_ok": true, "c2": 13746054, "c2_ok": true}
ROW_JSON {"name": "blk.7.attn_k.weight", "dims": [2560, 1024], "n": 2621440, "blocks": 81920, "q1_exact": 47972, "q1_max_diff_over_d": 1.1162906885147095, "q0_blocks": 81920, "zero_d_blocks": 0, "code_counts": [94884, 38395, 61687, 96582, 142452, 198340, 254933, 303025, 322407, 302662, 255993, 198229, 142583, 96435, 61933, 50900], "h_codes": 3.7449121759789583, "h_scale16": 11.145188874774275, "h_scale_se": 2.0343664161518085, "h_scale_man": 9.398198784898824, "c3": 1400351, "c3_ok": true, "c4": 1358483, "c4_ok": true, "seconds_main": 0.4, "c1": 1401419, "c1_ok": true, "c2": 1373951, "c2_ok": true}
ROW_JSON {"name": "blk.7.attn_output.weight", "dims": [2048, 2560], "n": 5242880, "blocks": 163840, "q1_exact": 103805, "q1_max_diff_over_d": 1.1197137832641602, "q0_blocks": 163840, "zero_d_blocks": 0, "code_counts": [191147, 80266, 129168, 200643, 291466, 401329, 506432, 590564, 625805, 591374, 506869, 399970, 292403, 199664, 129054, 106726], "h_codes": 3.7623423539737266, "h_scale16": 11.287177096120526, "h_scale_se": 1.9359732005310393, "h_scale_man": 9.684681952187352, "c3": 2812796, "c3_ok": true, "c4": 2723842, "c4_ok": true, "seconds_main": 0.7, "c1": 2809007, "c1_ok": true, "c2": 2761775, "c2_ok": true}
ROW_JSON {"name": "blk.7.attn_q.weight", "dims": [2560, 2048], "n": 5242880, "blocks": 163840, "q1_exact": 95806, "q1_max_diff_over_d": 1.1840324401855469, "q0_blocks": 163840, "zero_d_blocks": 0, "code_counts": [189398, 75585, 122789, 190732, 284711, 395283, 513284, 608127, 648100, 608973, 512202, 395242, 282700, 191045, 123088, 101621], "h_codes": 3.741321823218656, "h_scale16": 11.154324777635612, "h_scale_se": 1.9805519713404522, "h_scale_man": 9.42885032378758, "c3": 2798288, "c3_ok": true, "c4": 2712773, "c4_ok": true, "seconds_main": 0.7, "c1": 2798142, "c1_ok": true, "c2": 2746700, "c2_ok": true}
ROW_JSON {"name": "blk.7.attn_v.weight", "dims": [2560, 1024], "n": 2621440, "blocks": 81920, "q1_exact": 49387, "q1_max_diff_over_d": 1.0424778461456299, "q0_blocks": 81920, "zero_d_blocks": 0, "code_counts": [95018, 38360, 61818, 96106, 141985, 197279, 256069, 303628, 325077, 303120, 254177, 196845, 141903, 96460, 62148, 51447], "h_codes": 3.7442960304179005, "h_scale16": 10.90590057685513, "h_scale_se": 1.6206411932858553, "h_scale_man": 9.589397242139379, "c3": 1400006, "c3_ok": true, "c4": 1353560, "c4_ok": true, "seconds_main": 0.4, "c1": 1400073, "c1_ok": true, "c2": 1372331, "c2_ok": true}
ROW_JSON {"name": "blk.7.ffn_down.weight", "dims": [10240, 2560], "n": 26214400, "blocks": 819200, "q1_exact": 349231, "q1_max_diff_over_d": 1.2089378833770752, "q0_blocks": 819200, "zero_d_blocks": 0, "code_counts": [943924, 366082, 591014, 922332, 1380626, 1957168, 2581820, 3112693, 3326727, 3107180, 2578313, 1957638, 1382258, 924142, 591844, 490639], "h_codes": 3.725618243368076, "h_scale16": 10.845069258979933, "h_scale_se": 1.7854353638056684, "h_scale_man": 9.436643875005151, "c3": 13938669, "c3_ok": true, "c4": 13468240, "c4_ok": true, "seconds_main": 3.5, "c1": 13859294, "c1_ok": true, "c2": 13669245, "c2_ok": true}
ROW_JSON {"name": "blk.7.ffn_gate.weight", "dims": [2560, 10240], "n": 26214400, "blocks": 819200, "q1_exact": 352619, "q1_max_diff_over_d": 1.1908893585205078, "q0_blocks": 819200, "zero_d_blocks": 0, "code_counts": [948816, 381387, 620424, 963557, 1424938, 1982714, 2560334, 3024943, 3221195, 3022649, 2561443, 1983723, 1423769, 963775, 619521, 511212], "h_codes": 3.7450599935605644, "h_scale16": 11.13748441639977, "h_scale_se": 1.897766219677921, "h_scale_man": 9.493503975592159, "c3": 14004619, "c3_ok": true, "c4": 13565729, "c4_ok": true, "seconds_main": 3.6, "c1": 14018483, "c1_ok": true, "c2": 13746369, "c2_ok": true}
ROW_JSON {"name": "blk.7.ffn_up.weight", "dims": [2560, 10240], "n": 26214400, "blocks": 819200, "q1_exact": 349409, "q1_max_diff_over_d": 1.1610738039016724, "q0_blocks": 819200, "zero_d_blocks": 0, "code_counts": [948846, 380341, 616182, 956054, 1413112, 1972163, 2561957, 3047141, 3252359, 3042815, 2556890, 1973948, 1413489, 955875, 614073, 509155], "h_codes": 3.741374035990387, "h_scale16": 11.0151930575636, "h_scale_se": 1.726593260290396, "h_scale_man": 9.535047415665098, "c3": 13991453, "c3_ok": true, "c4": 13534474, "c4_ok": true, "seconds_main": 3.6, "c1": 14001273, "c1_ok": true, "c2": 13715652, "c2_ok": true}
ROW_JSON {"name": "blk.8.attn_k.weight", "dims": [2560, 1024], "n": 2621440, "blocks": 81920, "q1_exact": 47052, "q1_max_diff_over_d": 1.1056721210479736, "q0_blocks": 81920, "zero_d_blocks": 0, "code_counts": [94860, 38437, 62380, 97217, 143899, 199943, 256186, 300773, 318629, 300558, 255404, 199785, 143267, 96404, 62338, 51360], "h_codes": 3.748511516910379, "h_scale16": 11.037662817758417, "h_scale_se": 1.9733667857745594, "h_scale_man": 9.350420386236342, "c3": 1401678, "c3_ok": true, "c4": 1358953, "c4_ok": true, "seconds_main": 0.4, "c1": 1403374, "c1_ok": true, "c2": 1375593, "c2_ok": true}
ROW_JSON {"name": "blk.8.attn_output.weight", "dims": [2048, 2560], "n": 5242880, "blocks": 163840, "q1_exact": 104689, "q1_max_diff_over_d": 1.570397138595581, "q0_blocks": 163840, "zero_d_blocks": 0, "code_counts": [190407, 79251, 128458, 199175, 290055, 398371, 508811, 595691, 626368, 594479, 506786, 398863, 292197, 198959, 128780, 106229], "h_codes": 3.759583721432489, "h_scale16": 11.428857396012841, "h_scale_se": 2.1294135108976646, "h_scale_man": 9.794283207872109, "c3": 2810591, "c3_ok": true, "c4": 2723600, "c4_ok": true, "seconds_main": 0.7, "c1": 2802478, "c1_ok": true, "c2": 2761961, "c2_ok": true}
ROW_JSON {"name": "blk.8.attn_q.weight", "dims": [2560, 2048], "n": 5242880, "blocks": 163840, "q1_exact": 98483, "q1_max_diff_over_d": 1.1041967868804932, "q0_blocks": 163840, "zero_d_blocks": 0, "code_counts": [190014, 77784, 126720, 195393, 288386, 398778, 510873, 599451, 633374, 597444, 511360, 397783, 288782, 197092, 125309, 104337], "h_codes": 3.7529048672109875, "h_scale16": 11.094936043558658, "h_scale_se": 2.0019661936111297, "h_scale_man": 9.458847392619685, "c3": 2806309, "c3_ok": true, "c4": 2718613, "c4_ok": true, "seconds_main": 0.7, "c1": 2803720, "c1_ok": true, "c2": 2753280, "c2_ok": true}
ROW_JSON {"name": "blk.8.attn_v.weight", "dims": [2560, 1024], "n": 2621440, "blocks": 81920, "q1_exact": 47275, "q1_max_diff_over_d": 1.0311284065246582, "q0_blocks": 81920, "zero_d_blocks": 0, "code_counts": [94908, 37666, 60603, 93817, 139152, 195344, 256202, 308087, 333830, 307592, 256172, 194586, 139073, 93462, 60470, 50476], "h_codes": 3.732914759793447, "h_scale16": 10.845109619880033, "h_scale_se": 1.6998272472711915, "h_scale_man": 9.519692304318465, "c3": 1396326, "c3_ok": true, "c4": 1349959, "c4_ok": true, "seconds_main": 0.4, "c1": 1397252, "c1_ok": true, "c2": 1368177, "c2_ok": true}
ROW_JSON {"name": "blk.8.ffn_down.weight", "dims": [10240, 2560], "n": 26214400, "blocks": 819200, "q1_exact": 345042, "q1_max_diff_over_d": 1.8312537670135498, "q0_blocks": 819200, "zero_d_blocks": 0, "code_counts": [944118, 365099, 591572, 927261, 1380660, 1957868, 2581819, 3110176, 3321406, 3103101, 2584678, 1957938, 1382269, 926732, 590518, 489185], "h_codes": 3.725910776271496, "h_scale16": 10.970706235812187, "h_scale_se": 1.6231211697696784, "h_scale_man": 9.570222968707483, "c3": 13939527, "c3_ok": true, "c4": 13472654, "c4_ok": true, "seconds_main": 3.6, "c1": 13870622, "c1_ok": true, "c2": 13668314, "c2_ok": true}
ROW_JSON {"name": "blk.8.ffn_gate.weight", "dims": [2560, 10240], "n": 26214400, "blocks": 819200, "q1_exact": 355676, "q1_max_diff_over_d": 1.253627061843872, "q0_blocks": 819200, "zero_d_blocks": 0, "code_counts": [950777, 390577, 630815, 980952, 1443402, 1993460, 2556458, 2992624, 3165473, 2987574, 2551589, 1992923, 1444368, 980302, 631364, 521742], "h_codes": 3.753380473951094, "h_scale16": 11.209603990864753, "h_scale_se": 1.932741361329102, "h_scale_man": 9.544875157403037, "c3": 14032826, "c3_ok": true, "c4": 13595163, "c4_ok": true, "seconds_main": 3.6, "c1": 14037507, "c1_ok": true, "c2": 13778395, "c2_ok": true}
ROW_JSON {"name": "blk.8.ffn_up.weight", "dims": [2560, 10240], "n": 26214400, "blocks": 819200, "q1_exact": 354853, "q1_max_diff_over_d": 1.0772414207458496, "q0_blocks": 819200, "zero_d_blocks": 0, "code_counts": [950035, 386502, 627765, 972979, 1430612, 1982793, 2549276, 3013016, 3211644, 3012795, 2551302, 1980687, 1430534, 972559, 624519, 517382], "h_codes": 3.7488128760603767, "h_scale16": 11.062869713889867, "h_scale_se": 1.7075176069498004, "h_scale_man": 9.597417569295947, "c3": 14016593, "c3_ok": true, "c4": 13556764, "c4_ok": true, "seconds_main": 3.6, "c1": 14013872, "c1_ok": true, "c2": 13740656, "c2_ok": true}
ROW_JSON {"name": "blk.9.attn_k.weight", "dims": [2560, 1024], "n": 2621440, "blocks": 81920, "q1_exact": 44647, "q1_max_diff_over_d": 1.0353668928146362, "q0_blocks": 81920, "zero_d_blocks": 0, "code_counts": [94661, 37490, 61327, 94574, 141638, 197371, 256991, 305438, 325478, 305081, 257019, 196679, 141498, 94767, 61216, 50212], "h_codes": 3.738556622901048, "h_scale16": 11.055688149298703, "h_scale_se": 2.4195970386622894, "h_scale_man": 8.945542224609786, "c3": 1398214, "c3_ok": true, "c4": 1360232, "c4_ok": true, "seconds_main": 0.3, "c1": 1402350, "c1_ok": true, "c2": 1373100, "c2_ok": true}
ROW_JSON {"name": "blk.9.attn_output.weight", "dims": [2048, 2560], "n": 5242880, "blocks": 163840, "q1_exact": 102864, "q1_max_diff_over_d": 1.6662927865982056, "q0_blocks": 163840, "zero_d_blocks": 0, "code_counts": [190920, 79899, 129007, 199885, 291739, 399559, 507986, 593260, 628838, 591711, 506398, 398844, 290740, 198214, 129198, 106682], "h_codes": 3.760795115244522, "h_scale16": 11.459676880136072, "h_scale_se": 2.0935673058145476, "h_scale_man": 9.839012789081922, "c3": 2811491, "c3_ok": true, "c4": 2724141, "c4_ok": true, "seconds_main": 0.7, "c1": 2802778, "c1_ok": true, "c2": 2762609, "c2_ok": true}
ROW_JSON {"name": "blk.9.attn_q.weight", "dims": [2560, 2048], "n": 5242880, "blocks": 163840, "q1_exact": 102059, "q1_max_diff_over_d": 1.180826187133789, "q0_blocks": 163840, "zero_d_blocks": 0, "code_counts": [189968, 76814, 124498, 193225, 285828, 396174, 510767, 603896, 643376, 603988, 511400, 397245, 285046, 193101, 124406, 103148], "h_codes": 3.7467041437188824, "h_scale16": 11.69720257968589, "h_scale_se": 2.2167852214664614, "h_scale_man": 9.760911609535711, "c3": 2801974, "c3_ok": true, "c4": 2721375, "c4_ok": true, "seconds_main": 0.7, "c1": 2794933, "c1_ok": true, "c2": 2756351, "c2_ok": true}
ROW_JSON {"name": "blk.9.attn_v.weight", "dims": [2560, 1024], "n": 2621440, "blocks": 81920, "q1_exact": 46033, "q1_max_diff_over_d": 1.027266502380371, "q0_blocks": 81920, "zero_d_blocks": 0, "code_counts": [94864, 38251, 61690, 95666, 141177, 196815, 255506, 304408, 326043, 304013, 254941, 197147, 141279, 96143, 61877, 51620], "h_codes": 3.7427573433789947, "h_scale16": 10.194484560140783, "h_scale_se": 1.8219067681746512, "h_scale_man": 8.899780731295973, "c3": 1399599, "c3_ok": true, "c4": 1351822, "c4_ok": true, "seconds_main": 0.4, "c1": 1399150, "c1_ok": true, "c2": 1368091, "c2_ok": true}
ROW_JSON {"name": "blk.9.ffn_down.weight", "dims": [10240, 2560], "n": 26214400, "blocks": 819200, "q1_exact": 341634, "q1_max_diff_over_d": 1.2430213689804077, "q0_blocks": 819200, "zero_d_blocks": 0, "code_counts": [941599, 358025, 580862, 908181, 1360345, 1943988, 2582359, 3147205, 3392844, 3144455, 2580947, 1942324, 1359986, 909294, 581674, 480312], "h_codes": 3.716718202530795, "h_scale16": 11.083976708499165, "h_scale_se": 1.694479099476016, "h_scale_man": 9.609579825354947, "c3": 13904860, "c3_ok": true, "c4": 13446070, "c4_ok": true, "seconds_main": 3.6, "c1": 13843085, "c1_ok": true, "c2": 13636286, "c2_ok": true}
ROW_JSON {"name": "blk.9.ffn_gate.weight", "dims": [2560, 10240], "n": 26214400, "blocks": 819200, "q1_exact": 350653, "q1_max_diff_over_d": 1.183992624282837, "q0_blocks": 819200, "zero_d_blocks": 0, "code_counts": [948876, 381826, 619133, 962360, 1426307, 1978821, 2554850, 3025930, 3235233, 3026154, 2557408, 1980127, 1422644, 963247, 618902, 512582], "h_codes": 3.7446700898894685, "h_scale16": 11.11457200958445, "h_scale_se": 1.8716364307781506, "h_scale_man": 9.491446805532957, "c3": 14002812, "c3_ok": true, "c4": 13561687, "c4_ok": true, "seconds_main": 3.6, "c1": 14016422, "c1_ok": true, "c2": 13764407, "c2_ok": true}
ROW_JSON {"name": "blk.9.ffn_up.weight", "dims": [2560, 10240], "n": 26214400, "blocks": 819200, "q1_exact": 349540, "q1_max_diff_over_d": 1.0346320867538452, "q0_blocks": 819200, "zero_d_blocks": 0, "code_counts": [947792, 379341, 613080, 952092, 1411638, 1968960, 2560082, 3054600, 3270385, 3050439, 2558333, 1969609, 1407667, 950872, 612318, 507192], "h_codes": 3.7394351497643035, "h_scale16": 10.998247857233684, "h_scale_se": 1.679345504064988, "h_scale_man": 9.549892602085578, "c3": 13984952, "c3_ok": true, "c4": 13523400, "c4_ok": true, "seconds_main": 3.5, "c1": 13992691, "c1_ok": true, "c2": 13701643, "c2_ok": true}
ROW_JSON {"name": "blk.10.attn_k.weight", "dims": [2560, 1024], "n": 2621440, "blocks": 81920, "q1_exact": 47597, "q1_max_diff_over_d": 1.1249151229858398, "q0_blocks": 81920, "zero_d_blocks": 0, "code_counts": [94352, 36995, 60008, 93706, 140109, 196576, 258430, 307943, 327684, 308029, 257562, 197517, 139791, 93296, 60090, 49352], "h_codes": 3.731957509795176, "h_scale16": 11.273613348913656, "h_scale_se": 2.1164390655373713, "h_scale_man": 9.445712818203646, "c3": 1396105, "c3_ok": true, "c4": 1355005, "c4_ok": true, "seconds_main": 0.4, "c1": 1398721, "c1_ok": true, "c2": 1371543, "c2_ok": true}
ROW_JSON {"name": "blk.10.attn_output.weight", "dims": [2048, 2560], "n": 5242880, "blocks": 163840, "q1_exact": 103784, "q1_max_diff_over_d": 1.6916890144348145, "q0_blocks": 163840, "zero_d_blocks": 0, "code_counts": [190570, 79233, 128712, 198885, 291446, 398641, 508152, 595847, 627695, 592868, 508615, 399008, 289917, 198520, 128284, 106487], "h_codes": 3.7593275135975532, "h_scale16": 11.579701367033108, "h_scale_se": 2.2402362982193162, "h_scale_man": 9.822896533319572, "c3": 2810590, "c3_ok": true, "c4": 2725911, "c4_ok": true, "seconds_main": 0.7, "c1": 2804435, "c1_ok": true, "c2": 2765562, "c2_ok": true}
ROW_JSON {"name": "blk.10.attn_q.weight", "dims": [2560, 2048], "n": 5242880, "blocks": 163840, "q1_exact": 98741, "q1_max_diff_over_d": 1.1672167778015137, "q0_blocks": 163840, "zero_d_blocks": 0, "code_counts": [189481, 75789, 122961, 191064, 282907, 395194, 512621, 610152, 648847, 609204, 512956, 394398, 282993, 190903, 122368, 101042], "h_codes": 3.7405618487202013, "h_scale16": 11.290292942318409, "h_scale_se": 2.0996505320500334, "h_scale_man": 9.543620885306641, "c3": 2797826, "c3_ok": true, "c4": 2712338, "c4_ok": true, "seconds_main": 0.7, "c1": 2796174, "c1_ok": true, "c2": 2748660, "c2_ok": true}
ROW_JSON {"name": "blk.10.attn_v.weight", "dims": [2560, 1024], "n": 2621440, "blocks": 81920, "q1_exact": 48618, "q1_max_diff_over_d": 1.0556844472885132, "q0_blocks": 81920, "zero_d_blocks": 0, "code_counts": [93982, 35293, 57026, 88976, 132739, 190021, 257030, 320472, 353640, 320425, 256380, 190390, 132710, 88438, 56778, 47140], "h_codes": 3.7033262874263597, "h_scale16": 11.134918218522472, "h_scale_se": 1.9053062181693103, "h_scale_man": 9.629955543351263, "c3": 1385676, "c3_ok": true, "c4": 1341378, "c4_ok": true, "seconds_main": 0.4, "c1": 1388731, "c1_ok": true, "c2": 1360432, "c2_ok": true}
ROW_JSON {"name": "blk.10.ffn_down.weight", "dims": [10240, 2560], "n": 26214400, "blocks": 819200, "q1_exact": 357210, "q1_max_diff_over_d": 1.4798567295074463, "q0_blocks": 819200, "zero_d_blocks": 0, "code_counts": [941113, 360214, 578149, 907253, 1361125, 1937408, 2582300, 3148823, 3404857, 3147544, 2580238, 1938877, 1362553, 904160, 577708, 482078], "h_codes": 3.715921320157578, "h_scale16": 11.085841069342486, "h_scale_se": 2.039740650872694, "h_scale_man": 9.599629026785367, "c3": 13901510, "c3_ok": true, "c4": 13443855, "c4_ok": true, "seconds_main": 3.5, "c1": 13825457, "c1_ok": true, "c2": 13626020, "c2_ok": true}
ROW_JSON {"name": "blk.10.ffn_gate.weight", "dims": [2560, 10240], "n": 26214400, "blocks": 819200, "q1_exact": 350703, "q1_max_diff_over_d": 1.1620142459869385, "q0_blocks": 819200, "zero_d_blocks": 0, "code_counts": [946607, 377122, 608805, 946326, 1403219, 1964211, 2560916, 3065487, 3294013, 3060669, 2560309, 1963636, 1404186, 948225, 607840, 502829], "h_codes": 3.7365199295187064, "h_scale16": 11.302659945205153, "h_scale_se": 1.9907420014555437, "h_scale_man": 9.558183587034268, "c3": 13975312, "c3_ok": true, "c4": 13547892, "c4_ok": true, "seconds_main": 3.5, "c1": 13992539, "c1_ok": true, "c2": 13731034, "c2_ok": true}
ROW_JSON {"name": "blk.10.ffn_up.weight", "dims": [2560, 10240], "n": 26214400, "blocks": 819200, "q1_exact": 349675, "q1_max_diff_over_d": 1.5734226703643799, "q0_blocks": 819200, "zero_d_blocks": 0, "code_counts": [945770, 374346, 603259, 936932, 1397112, 1957965, 2565090, 3084423, 3316167, 3080942, 2560545, 1958189, 1391890, 937936, 603506, 500328], "h_codes": 3.7326010300266446, "h_scale16": 11.097939438659456, "h_scale_se": 1.7238875976465229, "h_scale_man": 9.610623357358902, "c3": 13962001, "c3_ok": true, "c4": 13504979, "c4_ok": true, "seconds_main": 3.5, "c1": 13967805, "c1_ok": true, "c2": 13697402, "c2_ok": true}
ROW_JSON {"name": "blk.11.attn_k.weight", "dims": [2560, 1024], "n": 2621440, "blocks": 81920, "q1_exact": 45523, "q1_max_diff_over_d": 1.2180496454238892, "q0_blocks": 81920, "zero_d_blocks": 0, "code_counts": [93955, 35154, 56410, 88566, 133332, 189529, 256163, 322469, 353674, 321923, 256870, 189554, 131773, 88734, 56392, 46942], "h_codes": 3.7012892096410273, "h_scale16": 11.742123307771076, "h_scale_se": 2.739758113133794, "h_scale_man": 9.291165567327733, "c3": 1384813, "c3_ok": true, "c4": 1350982, "c4_ok": true, "seconds_main": 0.4, "c1": 1391509, "c1_ok": true, "c2": 1364356, "c2_ok": true}
ROW_JSON {"name": "blk.11.attn_output.weight", "dims": [2048, 2560], "n": 5242880, "blocks": 163840, "q1_exact": 104560, "q1_max_diff_over_d": 1.5998514890670776, "q0_blocks": 163840, "zero_d_blocks": 0, "code_counts": [190386, 78435, 126893, 195958, 288137, 396370, 508528, 599142, 635121, 599298, 509368, 397124, 288490, 196299, 127565, 105766], "h_codes": 3.754368649401843, "h_scale16": 11.631036926673886, "h_scale_se": 2.224059331705581, "h_scale_man": 9.784413009939104, "c3": 2806988, "c3_ok": true, "c4": 2723962, "c4_ok": true, "seconds_main": 0.7, "c1": 2804739, "c1_ok": true, "c2": 2761383, "c2_ok": true}
ROW_JSON {"name": "blk.11.attn_q.weight", "dims": [2560, 2048], "n": 5242880, "blocks": 163840, "q1_exact": 98625, "q1_max_diff_over_d": 1.5147218704223633, "q0_blocks": 163840, "zero_d_blocks": 0, "code_counts": [188954, 72394, 117188, 182797, 272488, 385856, 514874, 628670, 680868, 629173, 513038, 385929, 273036, 182564, 117589, 97462], "h_codes": 3.7191015936130993, "h_scale16": 12.008365753290573, "h_scale_se": 2.317391531536855, "h_scale_man": 9.895664587444482, "c3": 2782846, "c3_ok": true, "c4": 2705282, "c4_ok": true, "seconds_main": 0.7, "c1": 2777718, "c1_ok": true, "c2": 2742973, "c2_ok": true}
ROW_JSON {"name": "blk.11.attn_v.weight", "dims": [2560, 1024], "n": 2621440, "blocks": 81920, "q1_exact": 44222, "q1_max_diff_over_d": 1.030651330947876, "q0_blocks": 81920, "zero_d_blocks": 0, "code_counts": [94400, 36974, 59044, 90982, 134272, 189110, 252813, 317136, 353875, 316893, 252649, 188816, 134788, 90956, 59075, 49657], "h_codes": 3.715455668097074, "h_scale16": 10.579062464964707, "h_scale_se": 1.834735176997332, "h_scale_man": 9.097380611924176, "c3": 1390440, "c3_ok": true, "c4": 1345358, "c4_ok": true, "seconds_main": 0.3, "c1": 1392172, "c1_ok": true, "c2": 1358461, "c2_ok": true}
ROW_JSON {"name": "blk.11.ffn_down.weight", "dims": [10240, 2560], "n": 26214400, "blocks": 819200, "q1_exact": 387313, "q1_max_diff_over_d": 4.583622932434082, "q0_blocks": 819200, "zero_d_blocks": 0, "code_counts": [942824, 362697, 585956, 916975, 1376998, 1953551, 2585756, 3122574, 3342129, 3122209, 2587237, 1951775, 1375270, 916630, 585695, 486124], "h_codes": 3.7221496369599025, "h_scale16": 11.351458088598168, "h_scale_se": 1.6970183773423662, "h_scale_man": 9.905530214533652, "c3": 13924827, "c3_ok": true, "c4": 13465709, "c4_ok": true, "seconds_main": 3.5, "c1": 13872508, "c1_ok": true, "c2": 13661373, "c2_ok": true}
ROW_JSON {"name": "blk.11.ffn_gate.weight", "dims": [2560, 10240], "n": 26214400, "blocks": 819200, "q1_exact": 358973, "q1_max_diff_over_d": 1.1375716924667358, "q0_blocks": 819200, "zero_d_blocks": 0, "code_counts": [949853, 385843, 624139, 969442, 1431536, 1984982, 2556611, 3015157, 3206876, 3015389, 2555192, 1983121, 1427513, 969026, 623821, 515899], "h_codes": 3.747907322143211, "h_scale16": 11.329780463349092, "h_scale_se": 2.0282524299889912, "h_scale_man": 9.598709031807658, "c3": 14013951, "c3_ok": true, "c4": 13581836, "c4_ok": true, "seconds_main": 3.5, "c1": 14013026, "c1_ok": true, "c2": 13757956, "c2_ok": true}
ROW_JSON {"name": "blk.11.ffn_up.weight", "dims": [2560, 10240], "n": 26214400, "blocks": 819200, "q1_exact": 360161, "q1_max_diff_over_d": 1.8505195379257202, "q0_blocks": 819200, "zero_d_blocks": 0, "code_counts": [948665, 381984, 617609, 961337, 1419816, 1974930, 2554410, 3036533, 3241659, 3034524, 2555980, 1975453, 1419177, 962138, 618843, 511342], "h_codes": 3.743623302321109, "h_scale16": 11.111868565039316, "h_scale_se": 1.7377356480140238, "h_scale_man": 9.638073839038272, "c3": 13999055, "c3_ok": true, "c4": 13539346, "c4_ok": true, "seconds_main": 3.6, "c1": 13988992, "c1_ok": true, "c2": 13732440, "c2_ok": true}
ROW_JSON {"name": "blk.12.attn_k.weight", "dims": [2560, 1024], "n": 2621440, "blocks": 81920, "q1_exact": 46959, "q1_max_diff_over_d": 1.1136611700057983, "q0_blocks": 81920, "zero_d_blocks": 0, "code_counts": [94311, 36482, 59300, 92875, 137814, 196048, 258185, 310333, 334337, 310848, 257676, 195080, 137916, 92628, 58984, 48623], "h_codes": 3.725115511032503, "h_scale16": 11.192034651031912, "h_scale_se": 2.358965351825764, "h_scale_man": 9.174369389502282, "c3": 1393726, "c3_ok": true, "c4": 1354504, "c4_ok": true, "seconds_main": 0.4, "c1": 1398328, "c1_ok": true, "c2": 1369194, "c2_ok": true}
ROW_JSON {"name": "blk.12.attn_output.weight", "dims": [2048, 2560], "n": 5242880, "blocks": 163840, "q1_exact": 104321, "q1_max_diff_over_d": 1.1716036796569824, "q0_blocks": 163840, "zero_d_blocks": 0, "code_counts": [190693, 79780, 129046, 199660, 291099, 399338, 509612, 592833, 625741, 592425, 507708, 399329, 290887, 199378, 128527, 106824], "h_codes": 3.7608485637549505, "h_scale16": 11.467692654487006, "h_scale_se": 2.1951500122565695, "h_scale_man": 9.78936136139469, "c3": 2811653, "c3_ok": true, "c4": 2725079, "c4_ok": true, "seconds_main": 0.7, "c1": 2806662, "c1_ok": true, "c2": 2762741, "c2_ok": true}
ROW_JSON {"name": "blk.12.attn_q.weight", "dims": [2560, 2048], "n": 5242880, "blocks": 163840, "q1_exact": 102965, "q1_max_diff_over_d": 1.3781818151474, "q0_blocks": 163840, "zero_d_blocks": 0, "code_counts": [189705, 76808, 123452, 193478, 284743, 396352, 511724, 605059, 643487, 605054, 510854, 396013, 285867, 193091, 124123, 103070], "h_codes": 3.7459161103372405, "h_scale16": 11.698044262859472, "h_scale_se": 2.3334421513645074, "h_scale_man": 9.734858576687367, "c3": 2801452, "c3_ok": true, "c4": 2721421, "c4_ok": true, "seconds_main": 0.7, "c1": 2796190, "c1_ok": true, "c2": 2755008, "c2_ok": true}
ROW_JSON {"name": "blk.12.attn_v.weight", "dims": [2560, 1024], "n": 2621440, "blocks": 81920, "q1_exact": 48339, "q1_max_diff_over_d": 1.0389821529388428, "q0_blocks": 81920, "zero_d_blocks": 0, "code_counts": [95225, 38711, 62107, 97433, 142194, 197222, 253892, 302568, 325897, 302226, 254188, 196355, 141934, 96978, 62765, 51745], "h_codes": 3.7467961310146074, "h_scale16": 10.544711263156191, "h_scale_se": 2.00767842791693, "h_scale_man": 9.228925756100944, "c3": 1400915, "c3_ok": true, "c4": 1353850, "c4_ok": true, "seconds_main": 0.4, "c1": 1401526, "c1_ok": true, "c2": 1370642, "c2_ok": true}
ROW_JSON {"name": "blk.12.ffn_down.weight", "dims": [10240, 2560], "n": 26214400, "blocks": 819200, "q1_exact": 348502, "q1_max_diff_over_d": 1.1139601469039917, "q0_blocks": 819200, "zero_d_blocks": 0, "code_counts": [945237, 369525, 598761, 937274, 1396182, 1965044, 2574849, 3079832, 3295247, 3084755, 2573243, 1965203, 1397229, 936395, 599424, 496200], "h_codes": 3.7315899853560355, "h_scale16": 11.059365789056715, "h_scale_se": 1.625603731978805, "h_scale_man": 9.648701224280282, "c3": 13959970, "c3_ok": true, "c4": 13493292, "c4_ok": true, "seconds_main": 3.5, "c1": 13890791, "c1_ok": true, "c2": 13688164, "c2_ok": true}
ROW_JSON {"name": "blk.12.ffn_gate.weight", "dims": [2560, 10240], "n": 26214400, "blocks": 819200, "q1_exact": 353113, "q1_max_diff_over_d": 1.1423487663269043, "q0_blocks": 819200, "zero_d_blocks": 0, "code_counts": [947104, 379885, 612989, 957101, 1417670, 1975733, 2567234, 3044286, 3239958, 3041499, 2564365, 1974121, 1416254, 955032, 613332, 507837], "h_codes": 3.7413093914014786, "h_scale16": 11.183257543488835, "h_scale_se": 1.860748099971754, "h_scale_man": 9.583987519715725, "c3": 13991735, "c3_ok": true, "c4": 13546543, "c4_ok": true, "seconds_main": 3.5, "c1": 13998256, "c1_ok": true, "c2": 13724235, "c2_ok": true}
ROW_JSON {"name": "blk.12.ffn_up.weight", "dims": [2560, 10240], "n": 26214400, "blocks": 819200, "q1_exact": 350432, "q1_max_diff_over_d": 1.0987653732299805, "q0_blocks": 819200, "zero_d_blocks": 0, "code_counts": [946759, 375679, 605605, 944362, 1405258, 1964032, 2567118, 3066195, 3285747, 3066198, 2565678, 1959838, 1405244, 945439, 606807, 504441], "h_codes": 3.736020533848013, "h_scale16": 11.053702223160094, "h_scale_se": 1.6480361131171326, "h_scale_man": 9.63217483966993, "c3": 13973726, "c3_ok": true, "c4": 13508133, "c4_ok": true, "seconds_main": 3.6, "c1": 13976293, "c1_ok": true, "c2": 13714726, "c2_ok": true}
ROW_JSON {"name": "blk.13.attn_k.weight", "dims": [2560, 1024], "n": 2621440, "blocks": 81920, "q1_exact": 43455, "q1_max_diff_over_d": 1.0383509397506714, "q0_blocks": 81920, "zero_d_blocks": 0, "code_counts": [93931, 35472, 57090, 87913, 130833, 186339, 250634, 323676, 371312, 322666, 251066, 186445, 131323, 88063, 57034, 47643], "h_codes": 3.6967682994148294, "h_scale16": 11.006188569357743, "h_scale_se": 2.3161989915605377, "h_scale_man": 8.99069480729375, "c3": 1384081, "c3_ok": true, "c4": 1344800, "c4_ok": true, "seconds_main": 0.3, "c1": 1388153, "c1_ok": true, "c2": 1358045, "c2_ok": true}
ROW_JSON {"name": "blk.13.attn_output.weight", "dims": [2048, 2560], "n": 5242880, "blocks": 163840, "q1_exact": 101403, "q1_max_diff_over_d": 3.029411792755127, "q0_blocks": 163840, "zero_d_blocks": 0, "code_counts": [190952, 80169, 129648, 200574, 291330, 399151, 507570, 592975, 626264, 591084, 506891, 398779, 291126, 199435, 129429, 107503], "h_codes": 3.762266460062505, "h_scale16": 12.256599329593161, "h_scale_se": 2.8266878998829497, "h_scale_man": 9.823934371647256, "c3": 2812603, "c3_ok": true, "c4": 2741477, "c4_ok": true, "seconds_main": 0.7, "c1": 2811061, "c1_ok": true, "c2": 2778492, "c2_ok": true}
ROW_JSON {"name": "blk.13.attn_q.weight", "dims": [2560, 2048], "n": 5242880, "blocks": 163840, "q1_exact": 98624, "q1_max_diff_over_d": 1.2660479545593262, "q0_blocks": 163840, "zero_d_blocks": 0, "code_counts": [188733, 73540, 117051, 180135, 265630, 373256, 497712, 641763, 731021, 639182, 498826, 373892, 266034, 180262, 117160, 98683], "h_codes": 3.7081908907905987, "h_scale16": 11.904483494084474, "h_scale_se": 2.214275771692099, "h_scale_man": 9.89627216213424, "c3": 2776290, "c3_ok": true, "c4": 2696381, "c4_ok": true, "seconds_main": 0.7, "c1": 2768393, "c1_ok": true, "c2": 2730767, "c2_ok": true}
ROW_JSON {"name": "blk.13.attn_v.weight", "dims": [2560, 1024], "n": 2621440, "blocks": 81920, "q1_exact": 38836, "q1_max_diff_over_d": 1.0512820482254028, "q0_blocks": 81920, "zero_d_blocks": 0, "code_counts": [92423, 30897, 48373, 74398, 110563, 159765, 231142, 359965, 488701, 359058, 231206, 159638, 110085, 74498, 48805, 41923], "h_codes": 3.5785946987627213, "h_scale16": 10.907163899929685, "h_scale_se": 2.0666792037185537, "h_scale_man": 9.128326092834971, "c3": 1348969, "c3_ok": true, "c4": 1307697, "c4_ok": true, "seconds_main": 0.4, "c1": 1339272, "c1_ok": true, "c2": 1307965, "c2_ok": true}
ROW_JSON {"name": "blk.13.ffn_down.weight", "dims": [10240, 2560], "n": 26214400, "blocks": 819200, "q1_exact": 349756, "q1_max_diff_over_d": 1.1691843271255493, "q0_blocks": 819200, "zero_d_blocks": 0, "code_counts": [944291, 367902, 594664, 929773, 1387158, 1958850, 2576627, 3101140, 3325807, 3093077, 2576017, 1956310, 1386253, 928430, 594704, 493397], "h_codes": 3.7279129875985433, "h_scale16": 11.013401412992964, "h_scale_se": 1.6423223672904075, "h_scale_man": 9.597429823552863, "c3": 13947910, "c3_ok": true, "c4": 13481359, "c4_ok": true, "seconds_main": 3.5, "c1": 13877081, "c1_ok": true, "c2": 13667782, "c2_ok": true}
ROW_JSON {"name": "blk.13.ffn_gate.weight", "dims": [2560, 10240], "n": 26214400, "blocks": 819200, "q1_exact": 353321, "q1_max_diff_over_d": 1.1420118808746338, "q0_blocks": 819200, "zero_d_blocks": 0, "code_counts": [948200, 380409, 614865, 957265, 1417120, 1975992, 2565153, 3043060, 3233039, 3037811, 2565040, 1976248, 1417112, 957556, 615565, 509965], "h_codes": 3.7422621099005076, "h_scale16": 11.15343736125079, "h_scale_se": 1.886096819148929, "h_scale_man": 9.556779329268776, "c3": 13995127, "c3_ok": true, "c4": 13550031, "c4_ok": true, "seconds_main": 3.6, "c1": 13995020, "c1_ok": true, "c2": 13723068, "c2_ok": true}
ROW_JSON {"name": "blk.13.ffn_up.weight", "dims": [2560, 10240], "n": 26214400, "blocks": 819200, "q1_exact": 351741, "q1_max_diff_over_d": 1.072821855545044, "q0_blocks": 819200, "zero_d_blocks": 0, "code_counts": [946742, 373851, 604978, 940919, 1399508, 1962711, 2567586, 3074792, 3297322, 3071143, 2567113, 1962555, 1397473, 940376, 605012, 502319], "h_codes": 3.7342532959298502, "h_scale16": 11.026668091238317, "h_scale_se": 1.6651771815231002, "h_scale_man": 9.604758132721999, "c3": 13968176, "c3_ok": true, "c4": 13502548, "c4_ok": true, "seconds_main": 3.5, "c1": 13963662, "c1_ok": true, "c2": 13684503, "c2_ok": true}
ROW_JSON {"name": "blk.14.attn_k.weight", "dims": [2560, 1024], "n": 2621440, "blocks": 81920, "q1_exact": 44882, "q1_max_diff_over_d": 1.1088045835494995, "q0_blocks": 81920, "zero_d_blocks": 0, "code_counts": [94392, 36948, 60261, 94656, 139491, 197426, 257813, 307511, 327054, 306497, 257098, 197888, 140851, 93892, 60046, 49616], "h_codes": 3.7337949941669466, "h_scale16": 10.887711245793142, "h_scale_se": 2.312920425638205, "h_scale_man": 8.941136316081462, "c3": 1396784, "c3_ok": true, "c4": 1356974, "c4_ok": true, "seconds_main": 0.3, "c1": 1399977, "c1_ok": true, "c2": 1369727, "c2_ok": true}
ROW_JSON {"name": "blk.14.attn_output.weight", "dims": [2048, 2560], "n": 5242880, "blocks": 163840, "q1_exact": 102517, "q1_max_diff_over_d": 1.8937426805496216, "q0_blocks": 163840, "zero_d_blocks": 0, "code_counts": [191021, 80427, 129064, 200234, 293226, 400289, 507813, 591265, 623165, 590642, 506706, 399690, 292770, 199606, 130006, 106956], "h_codes": 3.7630769411881166, "h_scale16": 11.681146218007108, "h_scale_se": 2.0007569129096927, "h_scale_man": 9.891897674823237, "c3": 2813141, "c3_ok": true, "c4": 2728542, "c4_ok": true, "seconds_main": 0.7, "c1": 2800971, "c1_ok": true, "c2": 2768163, "c2_ok": true}
ROW_JSON {"name": "blk.14.attn_q.weight", "dims": [2560, 2048], "n": 5242880, "blocks": 163840, "q1_exact": 102885, "q1_max_diff_over_d": 1.256712555885315, "q0_blocks": 163840, "zero_d_blocks": 0, "code_counts": [190451, 78473, 127084, 197095, 288060, 397544, 509896, 598558, 634009, 598550, 508895, 397663, 288616, 196378, 126859, 104749], "h_codes": 3.754338382113933, "h_scale16": 11.621382730463534, "h_scale_se": 2.0847873098582688, "h_scale_man": 9.829701595820183, "c3": 2807079, "c3_ok": true, "c4": 2723138, "c4_ok": true, "seconds_main": 0.7, "c1": 2796994, "c1_ok": true, "c2": 2759107, "c2_ok": true}
ROW_JSON {"name": "blk.14.attn_v.weight", "dims": [2560, 1024], "n": 2621440, "blocks": 81920, "q1_exact": 45811, "q1_max_diff_over_d": 1.0127592086791992, "q0_blocks": 81920, "zero_d_blocks": 0, "code_counts": [94559, 36932, 59876, 93248, 137611, 193952, 254959, 312280, 340251, 310842, 255479, 192615, 136738, 92752, 59245, 50101], "h_codes": 3.725757090836318, "h_scale16": 10.326624765295731, "h_scale_se": 1.773545952224672, "h_scale_man": 9.002184618146249, "c3": 1393958, "c3_ok": true, "c4": 1346652, "c4_ok": true, "seconds_main": 0.4, "c1": 1395019, "c1_ok": true, "c2": 1361157, "c2_ok": true}
ROW_JSON {"name": "blk.14.ffn_down.weight", "dims": [10240, 2560], "n": 26214400, "blocks": 819200, "q1_exact": 362189, "q1_max_diff_over_d": 1.5167315006256104, "q0_blocks": 819200, "zero_d_blocks": 0, "code_counts": [945567, 372623, 604256, 939380, 1403549, 1966242, 2570573, 3071991, 3291710, 3068322, 2566487, 1967230, 1401653, 942813, 602887, 499117], "h_codes": 3.7341205065098757, "h_scale16": 11.004994536248201, "h_scale_se": 1.9662156771977692, "h_scale_man": 9.58298803403796, "c3": 13967707, "c3_ok": true, "c4": 13500117, "c4_ok": true, "seconds_main": 3.5, "c1": 13887100, "c1_ok": true, "c2": 13679737, "c2_ok": true}
ROW_JSON {"name": "blk.14.ffn_gate.weight", "dims": [2560, 10240], "n": 26214400, "blocks": 819200, "q1_exact": 350005, "q1_max_diff_over_d": 1.1951220035552979, "q0_blocks": 819200, "zero_d_blocks": 0, "code_counts": [948369, 380774, 615611, 957366, 1417608, 1978319, 2560784, 3042961, 3239616, 3039193, 2563676, 1974998, 1414442, 957186, 614720, 508777], "h_codes": 3.7420292942555076, "h_scale16": 11.161738345086562, "h_scale_se": 1.87873120872246, "h_scale_man": 9.54225204040894, "c3": 13994099, "c3_ok": true, "c4": 13553879, "c4_ok": true, "seconds_main": 3.6, "c1": 14007063, "c1_ok": true, "c2": 13751809, "c2_ok": true}
ROW_JSON {"name": "blk.14.ffn_up.weight", "dims": [2560, 10240], "n": 26214400, "blocks": 819200, "q1_exact": 346906, "q1_max_diff_over_d": 1.1434670686721802, "q0_blocks": 819200, "zero_d_blocks": 0, "code_counts": [947234, 377480, 608050, 946175, 1401437, 1960908, 2558230, 3071106, 3297063, 3064897, 2559029, 1959604, 1402586, 946679, 607773, 506149], "h_codes": 3.7363713872282815, "h_scale16": 11.031846865611598, "h_scale_se": 1.6654594365089626, "h_scale_man": 9.605450464205248, "c3": 13974619, "c3_ok": true, "c4": 13512153, "c4_ok": true, "seconds_main": 3.6, "c1": 13986265, "c1_ok": true, "c2": 13720990, "c2_ok": true}
ROW_JSON {"name": "blk.15.attn_k.weight", "dims": [2560, 1024], "n": 2621440, "blocks": 81920, "q1_exact": 45860, "q1_max_diff_over_d": 1.0304182767868042, "q0_blocks": 81920, "zero_d_blocks": 0, "code_counts": [94559, 37033, 60494, 93880, 140034, 196882, 257919, 307352, 327939, 306206, 257705, 196426, 140469, 94603, 60019, 49920], "h_codes": 3.734068348269343, "h_scale16": 10.967180148054, "h_scale_se": 2.306631250685051, "h_scale_man": 8.997381801442156, "c3": 1396853, "c3_ok": true, "c4": 1357105, "c4_ok": true, "seconds_main": 0.3, "c1": 1400292, "c1_ok": true, "c2": 1372267, "c2_ok": true}
ROW_JSON {"name": "blk.15.attn_output.weight", "dims": [2048, 2560], "n": 5242880, "blocks": 163840, "q1_exact": 105177, "q1_max_diff_over_d": 1.2431259155273438, "q0_blocks": 163840, "zero_d_blocks": 0, "code_counts": [191034, 79597, 128913, 198042, 290849, 399457, 508830, 595226, 626604, 593571, 508115, 399063, 290488, 198248, 128521, 106322], "h_codes": 3.759559359350445, "h_scale16": 11.381168754052112, "h_scale_se": 2.184258803068841, "h_scale_man": 9.79714847601775, "c3": 2810712, "c3_ok": true, "c4": 2722208, "c4_ok": true, "seconds_main": 0.7, "c1": 2803124, "c1_ok": true, "c2": 2761183, "c2_ok": true}
ROW_JSON {"name": "blk.15.attn_q.weight", "dims": [2560, 2048], "n": 5242880, "blocks": 163840, "q1_exact": 103477, "q1_max_diff_over_d": 1.307429552078247, "q0_blocks": 163840, "zero_d_blocks": 0, "code_counts": [189328, 75032, 121058, 189388, 281346, 395437, 511508, 612699, 654477, 612384, 512793, 393623, 280754, 190439, 121807, 100807], "h_codes": 3.737146263996203, "h_scale16": 11.68813178009967, "h_scale_se": 2.0332148315662155, "h_scale_man": 9.882029322892773, "c3": 2795585, "c3_ok": true, "c4": 2711232, "c4_ok": true, "seconds_main": 0.7, "c1": 2784982, "c1_ok": true, "c2": 2748769, "c2_ok": true}
ROW_JSON {"name": "blk.15.attn_v.weight", "dims": [2560, 1024], "n": 2621440, "blocks": 81920, "q1_exact": 44482, "q1_max_diff_over_d": 1.0211528539657593, "q0_blocks": 81920, "zero_d_blocks": 0, "code_counts": [94571, 37354, 60082, 93847, 137777, 193601, 253464, 309478, 343408, 308027, 253695, 194461, 138083, 93119, 60402, 50071], "h_codes": 3.728639033548359, "h_scale16": 10.406118895499441, "h_scale_se": 1.6175259302118286, "h_scale_man": 9.076536008242929, "c3": 1394880, "c3_ok": true, "c4": 1347968, "c4_ok": true, "seconds_main": 0.4, "c1": 1395229, "c1_ok": true, "c2": 1363353, "c2_ok": true}
ROW_JSON {"name": "blk.15.ffn_down.weight", "dims": [10240, 2560], "n": 26214400, "blocks": 819200, "q1_exact": 393266, "q1_max_diff_over_d": 1.2264728546142578, "q0_blocks": 819200, "zero_d_blocks": 0, "code_counts": [943349, 365975, 591671, 923705, 1379378, 1950490, 2575849, 3116421, 3350284, 3109676, 2575740, 1950344, 1378528, 922112, 591051, 489827], "h_codes": 3.724668764630013, "h_scale16": 11.36508691239089, "h_scale_se": 1.6925806762740079, "h_scale_man": 9.910252381433551, "c3": 13935333, "c3_ok": true, "c4": 13477264, "c4_ok": true, "seconds_main": 3.5, "c1": 13878925, "c1_ok": true, "c2": 13674123, "c2_ok": true}
ROW_JSON {"name": "blk.15.ffn_gate.weight", "dims": [2560, 10240], "n": 26214400, "blocks": 819200, "q1_exact": 359400, "q1_max_diff_over_d": 1.144454002380371, "q0_blocks": 819200, "zero_d_blocks": 0, "code_counts": [948617, 382610, 618638, 959649, 1420136, 1974095, 2547732, 3037047, 3257205, 3032368, 2553776, 1971333, 1419432, 961237, 617854, 512671], "h_codes": 3.7434248976122606, "h_scale16": 11.336597538371928, "h_scale_se": 2.0536624130315153, "h_scale_man": 9.604904490116505, "c3": 13997756, "c3_ok": true, "c4": 13564895, "c4_ok": true, "seconds_main": 3.5, "c1": 14000749, "c1_ok": true, "c2": 13765031, "c2_ok": true}
ROW_JSON {"name": "blk.15.ffn_up.weight", "dims": [2560, 10240], "n": 26214400, "blocks": 819200, "q1_exact": 359437, "q1_max_diff_over_d": 1.0864505767822266, "q0_blocks": 819200, "zero_d_blocks": 0, "code_counts": [949686, 382587, 618185, 958993, 1417266, 1975241, 2555662, 3040533, 3245046, 3036142, 2555287, 1971756, 1417053, 957933, 619137, 513893], "h_codes": 3.743385179143931, "h_scale16": 11.097251764899534, "h_scale_se": 1.7016591750008212, "h_scale_man": 9.653827993244327, "c3": 13998175, "c3_ok": true, "c4": 13535118, "c4_ok": true, "seconds_main": 3.5, "c1": 13988676, "c1_ok": true, "c2": 13719329, "c2_ok": true}
ROW_JSON {"name": "blk.16.attn_k.weight", "dims": [2560, 1024], "n": 2621440, "blocks": 81920, "q1_exact": 47689, "q1_max_diff_over_d": 1.1216570138931274, "q0_blocks": 81920, "zero_d_blocks": 0, "code_counts": [94929, 37795, 61577, 95980, 142277, 197813, 256621, 303307, 323756, 303786, 256218, 197169, 141812, 95706, 61925, 50769], "h_codes": 3.742547321985646, "h_scale16": 11.118063016832343, "h_scale_se": 2.275699112082773, "h_scale_man": 9.172959509289857, "c3": 1399570, "c3_ok": true, "c4": 1359753, "c4_ok": true, "seconds_main": 0.4, "c1": 1403129, "c1_ok": true, "c2": 1374745, "c2_ok": true}
ROW_JSON {"name": "blk.16.attn_output.weight", "dims": [2048, 2560], "n": 5242880, "blocks": 163840, "q1_exact": 102374, "q1_max_diff_over_d": 2.1909773349761963, "q0_blocks": 163840, "zero_d_blocks": 0, "code_counts": [190539, 79749, 128752, 198533, 290011, 398514, 509089, 593722, 628876, 592930, 507176, 398794, 291379, 199013, 129100, 106703], "h_codes": 3.760036792778505, "h_scale16": 11.638952775101966, "h_scale_se": 1.9188131474104981, "h_scale_man": 9.922079071962004, "c3": 2810944, "c3_ok": true, "c4": 2724802, "c4_ok": true, "seconds_main": 0.7, "c1": 2798627, "c1_ok": true, "c2": 2763749, "c2_ok": true}
ROW_JSON {"name": "blk.16.attn_q.weight", "dims": [2560, 2048], "n": 5242880, "blocks": 163840, "q1_exact": 102414, "q1_max_diff_over_d": 1.5717501640319824, "q0_blocks": 163840, "zero_d_blocks": 0, "code_counts": [189324, 75793, 123369, 191216, 282392, 395173, 511238, 609982, 649328, 609512, 512584, 394467, 282771, 191717, 122558, 101456], "h_codes": 3.7410472581141168, "h_scale16": 11.768911508768234, "h_scale_se": 2.4513753670867704, "h_scale_man": 9.723374716449356, "c3": 2798075, "c3_ok": true, "c4": 2719941, "c4_ok": true, "seconds_main": 0.7, "c1": 2793486, "c1_ok": true, "c2": 2752019, "c2_ok": true}
ROW_JSON {"name": "blk.16.attn_v.weight", "dims": [2560, 1024], "n": 2621440, "blocks": 81920, "q1_exact": 48599, "q1_max_diff_over_d": 1.0410256385803223, "q0_blocks": 81920, "zero_d_blocks": 0, "code_counts": [94969, 37908, 61413, 94599, 139415, 195492, 253004, 307390, 333547, 307139, 253543, 195460, 139752, 95161, 61472, 51176], "h_codes": 3.73722961011691, "h_scale16": 10.53684415306024, "h_scale_se": 2.015446468721457, "h_scale_man": 9.211409310549865, "c3": 1397618, "c3_ok": true, "c4": 1350937, "c4_ok": true, "seconds_main": 0.4, "c1": 1398738, "c1_ok": true, "c2": 1368103, "c2_ok": true}
ROW_JSON {"name": "blk.16.ffn_down.weight", "dims": [10240, 2560], "n": 26214400, "blocks": 819200, "q1_exact": 355971, "q1_max_diff_over_d": 1.3147300481796265, "q0_blocks": 819200, "zero_d_blocks": 0, "code_counts": [946812, 375495, 608268, 943184, 1403490, 1969313, 2567959, 3066611, 3278788, 3062482, 2564754, 1965998, 1404836, 946570, 607084, 502756], "h_codes": 3.736305940727388, "h_scale16": 11.052481337591862, "h_scale_se": 1.6161495707455, "h_scale_man": 9.648471038085567, "c3": 13974808, "c3_ok": true, "c4": 13507160, "c4_ok": true, "seconds_main": 3.5, "c1": 13901729, "c1_ok": true, "c2": 13707547, "c2_ok": true}
ROW_JSON {"name": "blk.16.ffn_gate.weight", "dims": [2560, 10240], "n": 26214400, "blocks": 819200, "q1_exact": 354694, "q1_max_diff_over_d": 1.1017811298370361, "q0_blocks": 819200, "zero_d_blocks": 0, "code_counts": [949290, 382766, 619934, 962035, 1418699, 1976356, 2556596, 3031140, 3235161, 3034463, 2554799, 1976397, 1421891, 962163, 619506, 513204], "h_codes": 3.744397215934348, "h_scale16": 11.322674638270044, "h_scale_se": 2.019831665360785, "h_scale_man": 9.567404667538838, "c3": 14001673, "c3_ok": true, "c4": 13576041, "c4_ok": true, "seconds_main": 3.5, "c1": 14020501, "c1_ok": true, "c2": 13768509, "c2_ok": true}
ROW_JSON {"name": "blk.16.ffn_up.weight", "dims": [2560, 10240], "n": 26214400, "blocks": 819200, "q1_exact": 352170, "q1_max_diff_over_d": 1.3338770866394043, "q0_blocks": 819200, "zero_d_blocks": 0, "code_counts": [948319, 380249, 613828, 953968, 1411798, 1966036, 2559040, 3054076, 3271072, 3051321, 2553749, 1965291, 1411303, 953467, 613140, 507743], "h_codes": 3.739981794061447, "h_scale16": 11.06622187093004, "h_scale_se": 1.680897910986269, "h_scale_man": 9.625125382974886, "c3": 13986134, "c3_ok": true, "c4": 13526088, "c4_ok": true, "seconds_main": 3.5, "c1": 13994777, "c1_ok": true, "c2": 13713622, "c2_ok": true}
ROW_JSON {"name": "blk.17.attn_k.weight", "dims": [2560, 1024], "n": 2621440, "blocks": 81920, "q1_exact": 49727, "q1_max_diff_over_d": 1.220994472503662, "q0_blocks": 81920, "zero_d_blocks": 0, "code_counts": [94641, 37694, 60490, 93710, 139727, 195457, 255677, 308941, 330195, 307046, 257706, 195522, 139383, 94246, 60655, 50350], "h_codes": 3.734053693632778, "h_scale16": 12.153779142765892, "h_scale_se": 2.678264110472664, "h_scale_man": 9.764683814041323, "c3": 1396590, "c3_ok": true, "c4": 1361326, "c4_ok": true, "seconds_main": 0.3, "c1": 1399868, "c1_ok": true, "c2": 1377366, "c2_ok": true}
ROW_JSON {"name": "blk.17.attn_output.weight", "dims": [2048, 2560], "n": 5242880, "blocks": 163840, "q1_exact": 104459, "q1_max_diff_over_d": 1.6790122985839844, "q0_blocks": 163840, "zero_d_blocks": 0, "code_counts": [190331, 78852, 127647, 196447, 288160, 397466, 508601, 599535, 637422, 596943, 507548, 397519, 287369, 196814, 127067, 105159], "h_codes": 3.754540799460012, "h_scale16": 11.634678097437067, "h_scale_se": 2.2663878874926033, "h_scale_man": 9.814143231202156, "c3": 2807144, "c3_ok": true, "c4": 2723843, "c4_ok": true, "seconds_main": 0.7, "c1": 2801582, "c1_ok": true, "c2": 2760680, "c2_ok": true}
ROW_JSON {"name": "blk.17.attn_q.weight", "dims": [2560, 2048], "n": 5242880, "blocks": 163840, "q1_exact": 100258, "q1_max_diff_over_d": 1.1661721467971802, "q0_blocks": 163840, "zero_d_blocks": 0, "code_counts": [189471, 74552, 120937, 188250, 278238, 392207, 515543, 617427, 660805, 616121, 512764, 390753, 277753, 187485, 120509, 100065], "h_codes": 3.732587112903902, "h_scale16": 11.959217040979748, "h_scale_se": 2.5063351943649854, "h_scale_man": 9.810828734742746, "c3": 2792414, "c3_ok": true, "c4": 2715700, "c4_ok": true, "seconds_main": 0.7, "c1": 2793790, "c1_ok": true, "c2": 2749723, "c2_ok": true}
ROW_JSON {"name": "blk.17.attn_v.weight", "dims": [2560, 1024], "n": 2621440, "blocks": 81920, "q1_exact": 49540, "q1_max_diff_over_d": 1.09602952003479, "q0_blocks": 81920, "zero_d_blocks": 0, "code_counts": [94130, 35639, 58243, 90523, 135169, 192381, 256165, 314724, 348082, 314883, 255973, 193068, 135625, 90837, 57802, 48196], "h_codes": 3.713894803169866, "h_scale16": 11.423931429494539, "h_scale_se": 2.0014955620934005, "h_scale_man": 9.755193365645912, "c3": 1389672, "c3_ok": true, "c4": 1346837, "c4_ok": true, "seconds_main": 0.4, "c1": 1391793, "c1_ok": true, "c2": 1363512, "c2_ok": true}
ROW_JSON {"name": "blk.17.ffn_down.weight", "dims": [10240, 2560], "n": 26214400, "blocks": 819200, "q1_exact": 371252, "q1_max_diff_over_d": 1.2533936500549316, "q0_blocks": 819200, "zero_d_blocks": 0, "code_counts": [946671, 374887, 605866, 944586, 1402814, 1968751, 2569308, 3067000, 3274949, 3064768, 2570826, 1968314, 1404067, 942828, 606725, 502040], "h_codes": 3.735824918886408, "h_scale16": 10.986375059923326, "h_scale_se": 1.911848889027731, "h_scale_man": 9.594847600343865, "c3": 13973607, "c3_ok": true, "c4": 13501278, "c4_ok": true, "seconds_main": 3.5, "c1": 13880931, "c1_ok": true, "c2": 13682088, "c2_ok": true}
ROW_JSON {"name": "blk.17.ffn_gate.weight", "dims": [2560, 10240], "n": 26214400, "blocks": 819200, "q1_exact": 357422, "q1_max_diff_over_d": 1.1767956018447876, "q0_blocks": 819200, "zero_d_blocks": 0, "code_counts": [947482, 377151, 612076, 953113, 1409454, 1967854, 2562442, 3056642, 3264743, 3052008, 2563658, 1966089, 1411273, 951648, 611395, 507372], "h_codes": 3.739170253295349, "h_scale16": 11.407687911545647, "h_scale_se": 2.0455081968153612, "h_scale_man": 9.65036447911287, "c3": 13984198, "c3_ok": true, "c4": 13556004, "c4_ok": true, "seconds_main": 3.6, "c1": 13996402, "c1_ok": true, "c2": 13740562, "c2_ok": true}
ROW_JSON {"name": "blk.17.ffn_up.weight", "dims": [2560, 10240], "n": 26214400, "blocks": 819200, "q1_exact": 356475, "q1_max_diff_over_d": 1.2442748546600342, "q0_blocks": 819200, "zero_d_blocks": 0, "code_counts": [946956, 377711, 608256, 947876, 1403757, 1960318, 2563296, 3069613, 3285147, 3064429, 2561404, 1959329, 1405376, 946776, 608945, 505211], "h_codes": 3.7368447383910146, "h_scale16": 11.183764994466134, "h_scale_se": 1.7229153563030375, "h_scale_man": 9.69878222019505, "c3": 13976006, "c3_ok": true, "c4": 13517806, "c4_ok": true, "seconds_main": 3.5, "c1": 13980205, "c1_ok": true, "c2": 13721439, "c2_ok": true}
ROW_JSON {"name": "blk.18.attn_k.weight", "dims": [2560, 1024], "n": 2621440, "blocks": 81920, "q1_exact": 48409, "q1_max_diff_over_d": 1.1532566547393799, "q0_blocks": 81920, "zero_d_blocks": 0, "code_counts": [94856, 38477, 62010, 95523, 141113, 195031, 254979, 305967, 328611, 306170, 254889, 195321, 140562, 95359, 61571, 51001], "h_codes": 3.740456563313053, "h_scale16": 11.271920188789586, "h_scale_se": 2.246198318518471, "h_scale_man": 9.367446899372098, "c3": 1398666, "c3_ok": true, "c4": 1358854, "c4_ok": true, "seconds_main": 0.4, "c1": 1401652, "c1_ok": true, "c2": 1373716, "c2_ok": true}
ROW_JSON {"name": "blk.18.attn_output.weight", "dims": [2048, 2560], "n": 5242880, "blocks": 163840, "q1_exact": 102752, "q1_max_diff_over_d": 1.298136591911316, "q0_blocks": 163840, "zero_d_blocks": 0, "code_counts": [190797, 79954, 129012, 199844, 291302, 399316, 508249, 593205, 627036, 592761, 507807, 398196, 290571, 199342, 128697, 106791], "h_codes": 3.7608420323348177, "h_scale16": 11.527875873720824, "h_scale_se": 1.8492396166874565, "h_scale_man": 9.908214041667378, "c3": 2811657, "c3_ok": true, "c4": 2723927, "c4_ok": true, "seconds_main": 0.7, "c1": 2798295, "c1_ok": true, "c2": 2762686, "c2_ok": true}
ROW_JSON {"name": "blk.18.attn_q.weight", "dims": [2560, 2048], "n": 5242880, "blocks": 163840, "q1_exact": 102552, "q1_max_diff_over_d": 1.6198407411575317, "q0_blocks": 163840, "zero_d_blocks": 0, "code_counts": [189902, 76844, 123550, 190832, 281298, 391512, 509766, 612393, 655730, 610844, 510340, 392227, 281177, 190283, 123382, 102800], "h_codes": 3.740772609442418, "h_scale16": 11.549550561328308, "h_scale_se": 2.2810960837302234, "h_scale_man": 9.688540247280205, "c3": 2797657, "c3_ok": true, "c4": 2715227, "c4_ok": true, "seconds_main": 0.7, "c1": 2793180, "c1_ok": true, "c2": 2749872, "c2_ok": true}
ROW_JSON {"name": "blk.18.attn_v.weight", "dims": [2560, 1024], "n": 2621440, "blocks": 81920, "q1_exact": 48715, "q1_max_diff_over_d": 1.0551724433898926, "q0_blocks": 81920, "zero_d_blocks": 0, "code_counts": [94244, 36833, 58302, 90737, 134725, 191990, 255734, 316068, 346126, 315071, 255123, 191867, 136347, 90939, 58664, 48670], "h_codes": 3.7166033262611644, "h_scale16": 10.692017727674742, "h_scale_se": 2.0227342536485535, "h_scale_man": 9.305863964802779, "c3": 1390530, "c3_ok": true, "c4": 1344610, "c4_ok": true, "seconds_main": 0.4, "c1": 1393061, "c1_ok": true, "c2": 1362651, "c2_ok": true}
ROW_JSON {"name": "blk.18.ffn_down.weight", "dims": [10240, 2560], "n": 26214400, "blocks": 819200, "q1_exact": 372482, "q1_max_diff_over_d": 1.1368030309677124, "q0_blocks": 819200, "zero_d_blocks": 0, "code_counts": [948674, 379478, 613237, 953058, 1415798, 1974356, 2562635, 3048313, 3245360, 3045788, 2562653, 1974272, 1413474, 955486, 614549, 507269], "h_codes": 3.7409040658354833, "h_scale16": 10.95971254944661, "h_scale_se": 1.9849421935267315, "h_scale_man": 9.578203601936872, "c3": 13990282, "c3_ok": true, "c4": 13518587, "c4_ok": true, "seconds_main": 3.6, "c1": 13900002, "c1_ok": true, "c2": 13704859, "c2_ok": true}
ROW_JSON {"name": "blk.18.ffn_gate.weight", "dims": [2560, 10240], "n": 26214400, "blocks": 819200, "q1_exact": 357927, "q1_max_diff_over_d": 1.157549262046814, "q0_blocks": 819200, "zero_d_blocks": 0, "code_counts": [948829, 383515, 619992, 962323, 1421648, 1979151, 2558096, 3033095, 3233006, 3029878, 2555591, 1974402, 1421284, 961147, 619719, 512724], "h_codes": 3.744529388471628, "h_scale16": 11.257597608575686, "h_scale_se": 1.9590128867440155, "h_scale_man": 9.567872043220284, "c3": 14002037, "c3_ok": true, "c4": 13566710, "c4_ok": true, "seconds_main": 3.6, "c1": 14015004, "c1_ok": true, "c2": 13757070, "c2_ok": true}
ROW_JSON {"name": "blk.18.ffn_up.weight", "dims": [2560, 10240], "n": 26214400, "blocks": 819200, "q1_exact": 356662, "q1_max_diff_over_d": 1.169433355331421, "q0_blocks": 819200, "zero_d_blocks": 0, "code_counts": [948184, 381066, 616339, 954797, 1415034, 1970789, 2554338, 3047154, 3253372, 3046440, 2559310, 1970018, 1412236, 956649, 617340, 511334], "h_codes": 3.7417469231416094, "h_scale16": 11.060233684297815, "h_scale_se": 1.6576290148694464, "h_scale_man": 9.640181091313568, "c3": 13992214, "c3_ok": true, "c4": 13528122, "c4_ok": true, "seconds_main": 3.5, "c1": 13993987, "c1_ok": true, "c2": 13725266, "c2_ok": true}
ROW_JSON {"name": "blk.19.attn_k.weight", "dims": [2560, 1024], "n": 2621440, "blocks": 81920, "q1_exact": 48475, "q1_max_diff_over_d": 1.1337792873382568, "q0_blocks": 81920, "zero_d_blocks": 0, "code_counts": [94309, 36286, 58077, 90484, 133691, 187951, 250882, 319308, 361170, 317644, 251659, 187888, 134506, 90408, 58692, 48485], "h_codes": 3.7095379683671053, "h_scale16": 11.727007021486607, "h_scale_se": 2.4316752105746486, "h_scale_man": 9.599348974605888, "c3": 1388511, "c3_ok": true, "c4": 1350713, "c4_ok": true, "seconds_main": 0.4, "c1": 1390038, "c1_ok": true, "c2": 1363893, "c2_ok": true}
ROW_JSON {"name": "blk.19.attn_output.weight", "dims": [2048, 2560], "n": 5242880, "blocks": 163840, "q1_exact": 102377, "q1_max_diff_over_d": 1.9116883277893066, "q0_blocks": 163840, "zero_d_blocks": 0, "code_counts": [190896, 79509, 129191, 198870, 291146, 398125, 508009, 594034, 629641, 593612, 506073, 397501, 290593, 199439, 129299, 106942], "h_codes": 3.7604036785509654, "h_scale16": 11.692256187107773, "h_scale_se": 1.9833516695307207, "h_scale_man": 9.959230866838574, "c3": 2811079, "c3_ok": true, "c4": 2725515, "c4_ok": true, "seconds_main": 0.7, "c1": 2799269, "c1_ok": true, "c2": 2765538, "c2_ok": true}
ROW_JSON {"name": "blk.19.attn_q.weight", "dims": [2560, 2048], "n": 5242880, "blocks": 163840, "q1_exact": 101255, "q1_max_diff_over_d": 1.206791639328003, "q0_blocks": 163840, "zero_d_blocks": 0, "code_counts": [189354, 75001, 119903, 185280, 274395, 383476, 506738, 626607, 684923, 625048, 507672, 383335, 274438, 185658, 120554, 100498], "h_codes": 3.7260214012333788, "h_scale16": 11.99245628657016, "h_scale_se": 2.4974591222796376, "h_scale_man": 9.768618860403304, "c3": 2787605, "c3_ok": true, "c4": 2712459, "c4_ok": true, "seconds_main": 0.8, "c1": 2782992, "c1_ok": true, "c2": 2743337, "c2_ok": true}
ROW_JSON {"name": "blk.19.attn_v.weight", "dims": [2560, 1024], "n": 2621440, "blocks": 81920, "q1_exact": 48935, "q1_max_diff_over_d": 1.0744186639785767, "q0_blocks": 81920, "zero_d_blocks": 0, "code_counts": [94804, 38233, 61037, 95094, 140207, 194600, 253369, 307662, 336492, 306337, 252925, 194669, 139443, 94171, 61313, 51084], "h_codes": 3.736229846914278, "h_scale16": 10.964774510746366, "h_scale_se": 1.7770089588280034, "h_scale_man": 9.61989461669154, "c3": 1397246, "c3_ok": true, "c4": 1351204, "c4_ok": true, "seconds_main": 0.4, "c1": 1398568, "c1_ok": true, "c2": 1368965, "c2_ok": true}
ROW_JSON {"name": "blk.19.ffn_down.weight", "dims": [10240, 2560], "n": 26214400, "blocks": 819200, "q1_exact": 384468, "q1_max_diff_over_d": 1.321513056755066, "q0_blocks": 819200, "zero_d_blocks": 0, "code_counts": [948930, 382492, 619976, 962883, 1420679, 1979299, 2561734, 3031059, 3221818, 3026028, 2560666, 1979560, 1423930, 963915, 619766, 511665], "h_codes": 3.744842770412954, "h_scale16": 11.08465188116691, "h_scale_se": 2.0057498232530824, "h_scale_man": 9.716057950208821, "c3": 14003629, "c3_ok": true, "c4": 13534979, "c4_ok": true, "seconds_main": 3.6, "c1": 13937249, "c1_ok": true, "c2": 13720130, "c2_ok": true}
ROW_JSON {"name": "blk.19.ffn_gate.weight", "dims": [2560, 10240], "n": 26214400, "blocks": 819200, "q1_exact": 359160, "q1_max_diff_over_d": 1.1461877822875977, "q0_blocks": 819200, "zero_d_blocks": 0, "code_counts": [950314, 387033, 624794, 969345, 1432001, 1982285, 2554029, 3013113, 3205711, 3013863, 2554434, 1984565, 1430548, 970197, 625404, 516764], "h_codes": 3.7485044914103822, "h_scale16": 11.23278013402308, "h_scale_se": 1.9356288949587688, "h_scale_man": 9.570857605764482, "c3": 14015802, "c3_ok": true, "c4": 13576900, "c4_ok": true, "seconds_main": 3.6, "c1": 14022112, "c1_ok": true, "c2": 13767152, "c2_ok": true}
ROW_JSON {"name": "blk.19.ffn_up.weight", "dims": [2560, 10240], "n": 26214400, "blocks": 819200, "q1_exact": 360136, "q1_max_diff_over_d": 1.0886918306350708, "q0_blocks": 819200, "zero_d_blocks": 0, "code_counts": [950310, 387366, 625887, 970009, 1426724, 1976635, 2552368, 3022488, 3221198, 3017186, 2550494, 1977838, 1424100, 966140, 626448, 519209], "h_codes": 3.7478770736003515, "h_scale16": 11.026732012098625, "h_scale_se": 1.6228530080363068, "h_scale_man": 9.632081896565314, "c3": 14013073, "c3_ok": true, "c4": 13545652, "c4_ok": true, "seconds_main": 3.5, "c1": 14014709, "c1_ok": true, "c2": 13731239, "c2_ok": true}
ROW_JSON {"name": "blk.20.attn_k.weight", "dims": [2560, 1024], "n": 2621440, "blocks": 81920, "q1_exact": 46482, "q1_max_diff_over_d": 1.057554006576538, "q0_blocks": 81920, "zero_d_blocks": 0, "code_counts": [95051, 38559, 62540, 97294, 142855, 198692, 255660, 300961, 319439, 301785, 255618, 198673, 143629, 96915, 62369, 51400], "h_codes": 3.7484736978434445, "h_scale16": 10.857918097081729, "h_scale_se": 2.2496187569911767, "h_scale_man": 9.008660176059962, "c3": 1401627, "c3_ok": true, "c4": 1360755, "c4_ok": true, "seconds_main": 0.4, "c1": 1404676, "c1_ok": true, "c2": 1374824, "c2_ok": true}
ROW_JSON {"name": "blk.20.attn_output.weight", "dims": [2048, 2560], "n": 5242880, "blocks": 163840, "q1_exact": 102613, "q1_max_diff_over_d": 1.4074605703353882, "q0_blocks": 163840, "zero_d_blocks": 0, "code_counts": [190304, 79030, 127445, 197233, 289441, 399131, 510475, 597176, 629662, 594523, 509645, 398337, 290153, 197331, 127712, 105282], "h_codes": 3.756666371405337, "h_scale16": 11.462378010497513, "h_scale_se": 1.9407428441316146, "h_scale_man": 9.885000190789386, "c3": 2808768, "c3_ok": true, "c4": 2720723, "c4_ok": true, "seconds_main": 0.7, "c1": 2797366, "c1_ok": true, "c2": 2758184, "c2_ok": true}
ROW_JSON {"name": "blk.20.attn_q.weight", "dims": [2560, 2048], "n": 5242880, "blocks": 163840, "q1_exact": 103575, "q1_max_diff_over_d": 1.1994203329086304, "q0_blocks": 163840, "zero_d_blocks": 0, "code_counts": [189855, 77801, 126172, 193701, 286529, 396887, 510415, 601925, 640716, 600223, 509985, 396264, 288089, 194735, 125770, 103813], "h_codes": 3.750221087609122, "h_scale16": 11.612546880825604, "h_scale_se": 2.035973922324405, "h_scale_man": 9.844492697282124, "c3": 2804189, "c3_ok": true, "c4": 2719722, "c4_ok": true, "seconds_main": 0.8, "c1": 2794499, "c1_ok": true, "c2": 2759145, "c2_ok": true}
ROW_JSON {"name": "blk.20.attn_v.weight", "dims": [2560, 1024], "n": 2621440, "blocks": 81920, "q1_exact": 46184, "q1_max_diff_over_d": 1.0242277383804321, "q0_blocks": 81920, "zero_d_blocks": 0, "code_counts": [94776, 37525, 60717, 94425, 139617, 193591, 254237, 306714, 336276, 308824, 254276, 194165, 139908, 94455, 61304, 50630], "h_codes": 3.734212600610472, "h_scale16": 10.311860589791994, "h_scale_se": 1.775504373423823, "h_scale_man": 8.976481992186152, "c3": 1396585, "c3_ok": true, "c4": 1349410, "c4_ok": true, "seconds_main": 0.3, "c1": 1397727, "c1_ok": true, "c2": 1364087, "c2_ok": true}
ROW_JSON {"name": "blk.20.ffn_down.weight", "dims": [10240, 2560], "n": 26214400, "blocks": 819200, "q1_exact": 376556, "q1_max_diff_over_d": 1.2134102582931519, "q0_blocks": 819200, "zero_d_blocks": 0, "code_counts": [946811, 377573, 610657, 950219, 1406383, 1968887, 2562038, 3060332, 3276819, 3057334, 2559707, 1967070, 1408315, 948909, 609553, 503793], "h_codes": 3.7378747816709836, "h_scale16": 11.01637832144667, "h_scale_se": 2.0324038342858715, "h_scale_man": 9.59843865360523, "c3": 13979782, "c3_ok": true, "c4": 13513798, "c4_ok": true, "seconds_main": 3.6, "c1": 13895700, "c1_ok": true, "c2": 13704913, "c2_ok": true}
ROW_JSON {"name": "blk.20.ffn_gate.weight", "dims": [2560, 10240], "n": 26214400, "blocks": 819200, "q1_exact": 361016, "q1_max_diff_over_d": 1.3124432563781738, "q0_blocks": 819200, "zero_d_blocks": 0, "code_counts": [947828, 381183, 614928, 955840, 1413230, 1970978, 2558569, 3047327, 3258434, 3047414, 2555652, 1968570, 1413328, 955604, 615754, 509761], "h_codes": 3.741245924432952, "h_scale16": 11.273445299203932, "h_scale_se": 1.9986225265788122, "h_scale_man": 9.584840455932321, "c3": 13990747, "c3_ok": true, "c4": 13554761, "c4_ok": true, "seconds_main": 3.5, "c1": 13995350, "c1_ok": true, "c2": 13743814, "c2_ok": true}
ROW_JSON {"name": "blk.20.ffn_up.weight", "dims": [2560, 10240], "n": 26214400, "blocks": 819200, "q1_exact": 362676, "q1_max_diff_over_d": 1.3049001693725586, "q0_blocks": 819200, "zero_d_blocks": 0, "code_counts": [949463, 382041, 617947, 957038, 1413452, 1965943, 2557102, 3046890, 3256496, 3044946, 2554994, 1969029, 1413619, 956586, 617380, 511474], "h_codes": 3.7420631707192564, "h_scale16": 11.067807712469637, "h_scale_se": 1.6828131826456327, "h_scale_man": 9.63362293921816, "c3": 13993235, "c3_ok": true, "c4": 13529457, "c4_ok": true, "seconds_main": 3.5, "c1": 13985843, "c1_ok": true, "c2": 13715560, "c2_ok": true}
ROW_JSON {"name": "blk.21.attn_k.weight", "dims": [2560, 1024], "n": 2621440, "blocks": 81920, "q1_exact": 47114, "q1_max_diff_over_d": 1.0931780338287354, "q0_blocks": 81920, "zero_d_blocks": 0, "code_counts": [94734, 37287, 59490, 92403, 137093, 191853, 254969, 313375, 339369, 313292, 254390, 192713, 136974, 92934, 60323, 50241], "h_codes": 3.7258786126814094, "h_scale16": 11.09481365681221, "h_scale_se": 2.3443113460620846, "h_scale_man": 9.136225642747803, "c3": 1393839, "c3_ok": true, "c4": 1354229, "c4_ok": true, "seconds_main": 0.4, "c1": 1397423, "c1_ok": true, "c2": 1368879, "c2_ok": true}
ROW_JSON {"name": "blk.21.attn_output.weight", "dims": [2048, 2560], "n": 5242880, "blocks": 163840, "q1_exact": 104720, "q1_max_diff_over_d": 1.548251748085022, "q0_blocks": 163840, "zero_d_blocks": 0, "code_counts": [190935, 79923, 129008, 199918, 291509, 398205, 508134, 592277, 626511, 591375, 509524, 398594, 291141, 199341, 129471, 107014], "h_codes": 3.7614673569338333, "h_scale16": 11.294909627344902, "h_scale_se": 2.0134117520501893, "h_scale_man": 9.712368419548984, "c3": 2812024, "c3_ok": true, "c4": 2723008, "c4_ok": true, "seconds_main": 0.7, "c1": 2807189, "c1_ok": true, "c2": 2762358, "c2_ok": true}
ROW_JSON {"name": "blk.21.attn_q.weight", "dims": [2560, 2048], "n": 5242880, "blocks": 163840, "q1_exact": 101704, "q1_max_diff_over_d": 1.3720930814743042, "q0_blocks": 163840, "zero_d_blocks": 0, "code_counts": [189469, 74240, 119952, 182970, 270618, 379385, 504998, 633594, 700329, 632306, 503500, 377931, 270526, 183750, 119682, 99630], "h_codes": 3.7195289744285214, "h_scale16": 11.914933257723314, "h_scale_se": 2.5042048142100635, "h_scale_man": 9.761036540550943, "c3": 2783209, "c3_ok": true, "c4": 2707296, "c4_ok": true, "seconds_main": 0.7, "c1": 2779681, "c1_ok": true, "c2": 2739889, "c2_ok": true}
ROW_JSON {"name": "blk.21.attn_v.weight", "dims": [2560, 1024], "n": 2621440, "blocks": 81920, "q1_exact": 45893, "q1_max_diff_over_d": 1.0600500106811523, "q0_blocks": 81920, "zero_d_blocks": 0, "code_counts": [93170, 33194, 52894, 81751, 124038, 180675, 253907, 338686, 388904, 336949, 254061, 180865, 123616, 81818, 52372, 44540], "h_codes": 3.6603285095375213, "h_scale16": 10.724523256006973, "h_scale_se": 2.101762250304392, "h_scale_man": 9.094435916523334, "c3": 1371328, "c3_ok": true, "c4": 1327976, "c4_ok": true, "seconds_main": 0.4, "c1": 1372006, "c1_ok": true, "c2": 1340699, "c2_ok": true}
ROW_JSON {"name": "blk.21.ffn_down.weight", "dims": [10240, 2560], "n": 26214400, "blocks": 819200, "q1_exact": 372153, "q1_max_diff_over_d": 1.1269841194152832, "q0_blocks": 819200, "zero_d_blocks": 0, "code_counts": [946123, 375839, 606809, 944708, 1402604, 1965166, 2565517, 3067282, 3278444, 3067517, 2567329, 1966808, 1404641, 945397, 606519, 503697], "h_codes": 3.736111971565336, "h_scale16": 10.975001430752187, "h_scale_se": 2.03073252886807, "h_scale_man": 9.563696101243767, "c3": 13974243, "c3_ok": true, "c4": 13507440, "c4_ok": true, "seconds_main": 3.5, "c1": 13891457, "c1_ok": true, "c2": 13694943, "c2_ok": true}
ROW_JSON {"name": "blk.21.ffn_gate.weight", "dims": [2560, 10240], "n": 26214400, "blocks": 819200, "q1_exact": 358097, "q1_max_diff_over_d": 1.170212745666504, "q0_blocks": 819200, "zero_d_blocks": 0, "code_counts": [949206, 383846, 620634, 963491, 1423157, 1974552, 2554870, 3030174, 3235380, 3027750, 2554722, 1973465, 1424219, 964093, 620917, 513924], "h_codes": 3.7451365012313893, "h_scale16": 11.257438174766214, "h_scale_se": 1.9669450873395289, "h_scale_man": 9.573647772715105, "c3": 14003950, "c3_ok": true, "c4": 13567617, "c4_ok": true, "seconds_main": 3.5, "c1": 14022029, "c1_ok": true, "c2": 13777403, "c2_ok": true}
ROW_JSON {"name": "blk.21.ffn_up.weight", "dims": [2560, 10240], "n": 26214400, "blocks": 819200, "q1_exact": 360621, "q1_max_diff_over_d": 1.2251747846603394, "q0_blocks": 819200, "zero_d_blocks": 0, "code_counts": [949708, 386325, 623094, 965965, 1424170, 1973530, 2555107, 3025987, 3231674, 3027093, 2550569, 1973099, 1423531, 964398, 622193, 517957], "h_codes": 3.7463005108099114, "h_scale16": 11.061019404021957, "h_scale_se": 1.6594974533483116, "h_scale_man": 9.637382913316646, "c3": 14007492, "c3_ok": true, "c4": 13543060, "c4_ok": true, "seconds_main": 3.6, "c1": 14004695, "c1_ok": true, "c2": 13742274, "c2_ok": true}
ROW_JSON {"name": "blk.22.attn_k.weight", "dims": [2560, 1024], "n": 2621440, "blocks": 81920, "q1_exact": 48398, "q1_max_diff_over_d": 1.088397741317749, "q0_blocks": 81920, "zero_d_blocks": 0, "code_counts": [94782, 38416, 62301, 95861, 142430, 197131, 254514, 304340, 323839, 303341, 255451, 197096, 142314, 95949, 61990, 51685], "h_codes": 3.7446479581521923, "h_scale16": 11.129365650447117, "h_scale_se": 2.3248954933046218, "h_scale_man": 9.221374657720947, "c3": 1400112, "c3_ok": true, "c4": 1359906, "c4_ok": true, "seconds_main": 0.4, "c1": 1403596, "c1_ok": true, "c2": 1374768, "c2_ok": true}
ROW_JSON {"name": "blk.22.attn_output.weight", "dims": [2048, 2560], "n": 5242880, "blocks": 163840, "q1_exact": 103830, "q1_max_diff_over_d": 1.5849602222442627, "q0_blocks": 163840, "zero_d_blocks": 0, "code_counts": [190589, 79011, 127526, 196360, 288345, 397832, 508986, 598989, 636367, 598949, 507392, 396527, 287621, 196539, 126579, 105268], "h_codes": 3.754438204447127, "h_scale16": 11.603054911024724, "h_scale_se": 2.128841380585521, "h_scale_man": 9.875856544194871, "c3": 2807024, "c3_ok": true, "c4": 2722392, "c4_ok": true, "seconds_main": 0.7, "c1": 2798860, "c1_ok": true, "c2": 2760423, "c2_ok": true}
ROW_JSON {"name": "blk.22.attn_q.weight", "dims": [2560, 2048], "n": 5242880, "blocks": 163840, "q1_exact": 102059, "q1_max_diff_over_d": 1.2279924154281616, "q0_blocks": 163840, "zero_d_blocks": 0, "code_counts": [189787, 75739, 122025, 189109, 280541, 392273, 509683, 615321, 658476, 612434, 511511, 392089, 280917, 189516, 122424, 101035], "h_codes": 3.737189575224061, "h_scale16": 11.883298562725948, "h_scale_se": 2.4334211059707553, "h_scale_man": 9.78078816211848, "c3": 2795250, "c3_ok": true, "c4": 2718381, "c4_ok": true, "seconds_main": 0.7, "c1": 2790723, "c1_ok": true, "c2": 2752908, "c2_ok": true}
ROW_JSON {"name": "blk.22.attn_v.weight", "dims": [2560, 1024], "n": 2621440, "blocks": 81920, "q1_exact": 47303, "q1_max_diff_over_d": 1.0444444417953491, "q0_blocks": 81920, "zero_d_blocks": 0, "code_counts": [94313, 36389, 58416, 90575, 134832, 191621, 255143, 316187, 350705, 315174, 255029, 191523, 135500, 89833, 58046, 48154], "h_codes": 3.7133827815062954, "h_scale16": 10.704852317179503, "h_scale_se": 2.0798879843993943, "h_scale_man": 9.15382684230029, "c3": 1389513, "c3_ok": true, "c4": 1345760, "c4_ok": true, "seconds_main": 0.3, "c1": 1393295, "c1_ok": true, "c2": 1360965, "c2_ok": true}
ROW_JSON {"name": "blk.22.ffn_down.weight", "dims": [10240, 2560], "n": 26214400, "blocks": 819200, "q1_exact": 358210, "q1_max_diff_over_d": 1.2568371295928955, "q0_blocks": 819200, "zero_d_blocks": 0, "code_counts": [943977, 366495, 590648, 919279, 1372703, 1941062, 2565746, 3128877, 3382965, 3123413, 2566136, 1939534, 1372000, 920936, 591195, 489434], "h_codes": 3.7228071567254957, "h_scale16": 10.967347701413997, "h_scale_se": 1.8494297323853612, "h_scale_man": 9.49634281310826, "c3": 13928810, "c3_ok": true, "c4": 13464255, "c4_ok": true, "seconds_main": 3.5, "c1": 13849531, "c1_ok": true, "c2": 13641008, "c2_ok": true}
ROW_JSON {"name": "blk.22.ffn_gate.weight", "dims": [2560, 10240], "n": 26214400, "blocks": 819200, "q1_exact": 354476, "q1_max_diff_over_d": 1.2986068725585938, "q0_blocks": 819200, "zero_d_blocks": 0, "code_counts": [946796, 376677, 609180, 947701, 1402710, 1958616, 2559551, 3073255, 3291176, 3068458, 2559532, 1958894, 1402705, 947250, 608094, 503805], "h_codes": 3.736309618075503, "h_scale16": 11.2857368451965, "h_scale_se": 1.988409436725499, "h_scale_man": 9.571351992215147, "c3": 13974179, "c3_ok": true, "c4": 13541228, "c4_ok": true, "seconds_main": 3.5, "c1": 13988943, "c1_ok": true, "c2": 13753396, "c2_ok": true}
ROW_JSON {"name": "blk.22.ffn_up.weight", "dims": [2560, 10240], "n": 26214400, "blocks": 819200, "q1_exact": 356949, "q1_max_diff_over_d": 1.188080906867981, "q0_blocks": 819200, "zero_d_blocks": 0, "code_counts": [948380, 381447, 613212, 950654, 1408310, 1962116, 2557057, 3060019, 3280259, 3054622, 2555137, 1960088, 1407027, 952004, 613531, 510537], "h_codes": 3.73947866468722, "h_scale16": 11.081357925560964, "h_scale_se": 1.6876769741148498, "h_scale_man": 9.63043231493076, "c3": 13984460, "c3_ok": true, "c4": 13523076, "c4_ok": true, "seconds_main": 3.5, "c1": 13988402, "c1_ok": true, "c2": 13708093, "c2_ok": true}
ROW_JSON {"name": "blk.23.attn_k.weight", "dims": [2560, 1024], "n": 2621440, "blocks": 81920, "q1_exact": 46162, "q1_max_diff_over_d": 1.1498126983642578, "q0_blocks": 81920, "zero_d_blocks": 0, "code_counts": [94503, 36638, 59488, 92112, 136531, 192005, 252422, 314976, 346070, 313880, 254179, 191504, 135794, 91997, 59410, 49931], "h_codes": 3.7212571693350966, "h_scale16": 11.565235779214149, "h_scale_se": 2.641907917930896, "h_scale_man": 9.227906047674795, "c3": 1392291, "c3_ok": true, "c4": 1357326, "c4_ok": true, "seconds_main": 0.4, "c1": 1397765, "c1_ok": true, "c2": 1370347, "c2_ok": true}
ROW_JSON {"name": "blk.23.attn_output.weight", "dims": [2048, 2560], "n": 5242880, "blocks": 163840, "q1_exact": 104221, "q1_max_diff_over_d": 1.170212745666504, "q0_blocks": 163840, "zero_d_blocks": 0, "code_counts": [190905, 79758, 129694, 199795, 291045, 398673, 506529, 592287, 624831, 592517, 507569, 399679, 292013, 200379, 129616, 107590], "h_codes": 3.7623826474074162, "h_scale16": 11.282276159628084, "h_scale_se": 2.038942794837367, "h_scale_man": 9.683950692518092, "c3": 2812651, "c3_ok": true, "c4": 2724275, "c4_ok": true, "seconds_main": 0.7, "c1": 2807349, "c1_ok": true, "c2": 2761528, "c2_ok": true}
ROW_JSON {"name": "blk.23.attn_q.weight", "dims": [2560, 2048], "n": 5242880, "blocks": 163840, "q1_exact": 99565, "q1_max_diff_over_d": 1.6877827644348145, "q0_blocks": 163840, "zero_d_blocks": 0, "code_counts": [189660, 75664, 120685, 185772, 271100, 377553, 501238, 631444, 700001, 630188, 501784, 377722, 271905, 185660, 120990, 101514], "h_codes": 3.7237187779011416, "h_scale16": 12.178923082829131, "h_scale_se": 2.507037065807793, "h_scale_man": 9.890445546819628, "c3": 2785880, "c3_ok": true, "c4": 2712274, "c4_ok": true, "seconds_main": 0.7, "c1": 2781475, "c1_ok": true, "c2": 2745528, "c2_ok": true}
ROW_JSON {"name": "blk.23.attn_v.weight", "dims": [2560, 1024], "n": 2621440, "blocks": 81920, "q1_exact": 42268, "q1_max_diff_over_d": 1.040816307067871, "q0_blocks": 81920, "zero_d_blocks": 0, "code_counts": [92728, 31173, 49842, 79457, 122988, 182532, 257289, 340017, 390756, 338815, 258739, 182510, 122472, 80159, 50268, 41695], "h_codes": 3.646775111223863, "h_scale16": 10.756331084438546, "h_scale_se": 2.1291391032677094, "h_scale_man": 9.003945096639793, "c3": 1366492, "c3_ok": true, "c4": 1324670, "c4_ok": true, "seconds_main": 0.4, "c1": 1372780, "c1_ok": true, "c2": 1340644, "c2_ok": true}
ROW_JSON {"name": "blk.23.ffn_down.weight", "dims": [10240, 2560], "n": 26214400, "blocks": 819200, "q1_exact": 366195, "q1_max_diff_over_d": 1.0751677751541138, "q0_blocks": 819200, "zero_d_blocks": 0, "code_counts": [947816, 380981, 616728, 958055, 1417607, 1980168, 2565164, 3037637, 3226160, 3033634, 2563963, 1979321, 1420801, 957793, 616997, 511575], "h_codes": 3.7431749415387308, "h_scale16": 10.792615216186434, "h_scale_se": 1.9154912452293242, "h_scale_man": 9.438550290948658, "c3": 13998225, "c3_ok": true, "c4": 13521724, "c4_ok": true, "seconds_main": 3.8, "c1": 13906387, "c1_ok": true, "c2": 13692445, "c2_ok": true}
ROW_JSON {"name": "blk.23.ffn_gate.weight", "dims": [2560, 10240], "n": 26214400, "blocks": 819200, "q1_exact": 360832, "q1_max_diff_over_d": 1.1063201427459717, "q0_blocks": 819200, "zero_d_blocks": 0, "code_counts": [952178, 395491, 641336, 987205, 1452860, 2000044, 2543679, 2972920, 3139091, 2971023, 2545586, 1999004, 1453684, 990084, 641037, 529178], "h_codes": 3.7583656297888943, "h_scale16": 11.080707373003083, "h_scale_se": 1.8641098187673901, "h_scale_man": 9.492126961387413, "c3": 14049806, "c3_ok": true, "c4": 13603434, "c4_ok": true, "seconds_main": 3.5, "c1": 14051870, "c1_ok": true, "c2": 13785749, "c2_ok": true}
ROW_JSON {"name": "blk.23.ffn_up.weight", "dims": [2560, 10240], "n": 26214400, "blocks": 819200, "q1_exact": 360753, "q1_max_diff_over_d": 1.0901771783828735, "q0_blocks": 819200, "zero_d_blocks": 0, "code_counts": [952750, 393331, 640337, 986962, 1443366, 1995977, 2541325, 2986544, 3158633, 2980573, 2540382, 1996194, 1445082, 987475, 638853, 526616], "h_codes": 3.756480445898577, "h_scale16": 10.957871677393818, "h_scale_se": 1.6374824895750772, "h_scale_man": 9.556003943293915, "c3": 14043134, "c3_ok": true, "c4": 13577243, "c4_ok": true, "seconds_main": 3.7, "c1": 14037853, "c1_ok": true, "c2": 13771265, "c2_ok": true}
ROW_JSON {"name": "blk.24.attn_k.weight", "dims": [2560, 1024], "n": 2621440, "blocks": 81920, "q1_exact": 47977, "q1_max_diff_over_d": 1.0676403045654297, "q0_blocks": 81920, "zero_d_blocks": 0, "code_counts": [94855, 38425, 61587, 96015, 142439, 198161, 256156, 303440, 322152, 301885, 256061, 198241, 142552, 95870, 62208, 51393], "h_codes": 3.744919309065163, "h_scale16": 11.048410441145691, "h_scale_se": 2.155825734801471, "h_scale_man": 9.216226119856582, "c3": 1400415, "c3_ok": true, "c4": 1359669, "c4_ok": true, "seconds_main": 0.4, "c1": 1403381, "c1_ok": true, "c2": 1375334, "c2_ok": true}
ROW_JSON {"name": "blk.24.attn_output.weight", "dims": [2048, 2560], "n": 5242880, "blocks": 163840, "q1_exact": 104631, "q1_max_diff_over_d": 1.9120122194290161, "q0_blocks": 163840, "zero_d_blocks": 0, "code_counts": [190473, 78734, 127976, 196730, 287872, 395713, 508366, 600405, 636730, 598199, 508075, 395511, 287080, 198019, 127558, 105439], "h_codes": 3.7549397272983844, "h_scale16": 11.237981656768262, "h_scale_se": 1.9218554720816203, "h_scale_man": 9.675008530409995, "c3": 2807341, "c3_ok": true, "c4": 2717755, "c4_ok": true, "seconds_main": 0.8, "c1": 2805208, "c1_ok": true, "c2": 2757488, "c2_ok": true}
ROW_JSON {"name": "blk.24.attn_q.weight", "dims": [2560, 2048], "n": 5242880, "blocks": 163840, "q1_exact": 102379, "q1_max_diff_over_d": 1.136622428894043, "q0_blocks": 163840, "zero_d_blocks": 0, "code_counts": [189405, 76437, 124319, 191407, 282430, 393044, 511039, 608489, 650373, 608429, 512198, 394445, 282582, 191559, 124145, 102579], "h_codes": 3.742782288209912, "h_scale16": 11.352144764318517, "h_scale_se": 2.280621169409324, "h_scale_man": 9.601375853372161, "c3": 2799088, "c3_ok": true, "c4": 2714545, "c4_ok": true, "seconds_main": 0.7, "c1": 2793463, "c1_ok": true, "c2": 2749238, "c2_ok": true}
ROW_JSON {"name": "blk.24.attn_v.weight", "dims": [2560, 1024], "n": 2621440, "blocks": 81920, "q1_exact": 46994, "q1_max_diff_over_d": 1.0566482543945312, "q0_blocks": 81920, "zero_d_blocks": 0, "code_counts": [93266, 33088, 53536, 83278, 124352, 180292, 252648, 334637, 390644, 335789, 251874, 180780, 125477, 83315, 53585, 44879], "h_codes": 3.6652118917492906, "h_scale16": 10.892025624615114, "h_scale_se": 2.119337236395787, "h_scale_man": 9.259224256542502, "c3": 1373197, "c3_ok": true, "c4": 1330275, "c4_ok": true, "seconds_main": 0.4, "c1": 1375268, "c1_ok": true, "c2": 1343236, "c2_ok": true}
ROW_JSON {"name": "blk.24.ffn_down.weight", "dims": [10240, 2560], "n": 26214400, "blocks": 819200, "q1_exact": 397977, "q1_max_diff_over_d": 1.1941747665405273, "q0_blocks": 819200, "zero_d_blocks": 0, "code_counts": [951259, 391948, 633641, 983665, 1441864, 1992159, 2552172, 2994366, 3161433, 2988716, 2549314, 1992130, 1441944, 981248, 634604, 523937], "h_codes": 3.754267462495571, "h_scale16": 11.182285505020896, "h_scale_se": 1.5795603220667278, "h_scale_man": 9.845943588611245, "c3": 14035671, "c3_ok": true, "c4": 13566283, "c4_ok": true, "seconds_main": 4.0, "c1": 13966486, "c1_ok": true, "c2": 13764012, "c2_ok": true}
ROW_JSON {"name": "blk.24.ffn_gate.weight", "dims": [2560, 10240], "n": 26214400, "blocks": 819200, "q1_exact": 360293, "q1_max_diff_over_d": 1.0565189123153687, "q0_blocks": 819200, "zero_d_blocks": 0, "code_counts": [953662, 398447, 644529, 997167, 1458718, 2001075, 2540997, 2961098, 3123127, 2956360, 2539908, 2000486, 1461744, 998718, 646234, 532130], "h_codes": 3.761465759062359, "h_scale16": 10.88435117277804, "h_scale_se": 1.7558793611318655, "h_scale_man": 9.374672774718485, "c3": 14060718, "c3_ok": true, "c4": 13605061, "c4_ok": true, "seconds_main": 3.5, "c1": 14059746, "c1_ok": true, "c2": 13780658, "c2_ok": true}
ROW_JSON {"name": "blk.24.ffn_up.weight", "dims": [2560, 10240], "n": 26214400, "blocks": 819200, "q1_exact": 360049, "q1_max_diff_over_d": 1.184574842453003, "q0_blocks": 819200, "zero_d_blocks": 0, "code_counts": [953554, 397418, 643113, 992502, 1452138, 1995265, 2538394, 2975616, 3147188, 2969460, 2538524, 1994152, 1452397, 991757, 643590, 529332], "h_codes": 3.7590454784073444, "h_scale16": 10.782022215054603, "h_scale_se": 1.5839063714789696, "h_scale_man": 9.43365415905432, "c3": 14051637, "c3_ok": true, "c4": 13581327, "c4_ok": true, "seconds_main": 3.6, "c1": 14047475, "c1_ok": true, "c2": 13776978, "c2_ok": true}
ROW_JSON {"name": "blk.25.attn_k.weight", "dims": [2560, 1024], "n": 2621440, "blocks": 81920, "q1_exact": 45259, "q1_max_diff_over_d": 1.1243523359298706, "q0_blocks": 81920, "zero_d_blocks": 0, "code_counts": [95156, 38145, 62203, 96963, 143523, 197423, 255859, 302618, 320320, 302196, 256164, 197679, 142932, 96594, 62550, 51115], "h_codes": 3.7467528086179316, "h_scale16": 10.629087319742135, "h_scale_se": 2.2489519230974326, "h_scale_man": 8.750851593583006, "c3": 1400934, "c3_ok": true, "c4": 1360197, "c4_ok": true, "seconds_main": 0.4, "c1": 1403776, "c1_ok": true, "c2": 1372020, "c2_ok": true}
ROW_JSON {"name": "blk.25.attn_output.weight", "dims": [2048, 2560], "n": 5242880, "blocks": 163840, "q1_exact": 104788, "q1_max_diff_over_d": 1.2341729402542114, "q0_blocks": 163840, "zero_d_blocks": 0, "code_counts": [190989, 81304, 131213, 201652, 294317, 400148, 507337, 588142, 618502, 587824, 506554, 400252, 293938, 201657, 130572, 108479], "h_codes": 3.766934254565155, "h_scale16": 11.14155262957721, "h_scale_se": 2.022541550628301, "h_scale_man": 9.709795386369793, "c3": 2815896, "c3_ok": true, "c4": 2724255, "c4_ok": true, "seconds_main": 0.7, "c1": 2804185, "c1_ok": true, "c2": 2765705, "c2_ok": true}
ROW_JSON {"name": "blk.25.attn_q.weight", "dims": [2560, 2048], "n": 5242880, "blocks": 163840, "q1_exact": 102783, "q1_max_diff_over_d": 1.2823529243469238, "q0_blocks": 163840, "zero_d_blocks": 0, "code_counts": [189970, 77450, 125127, 193944, 284736, 396208, 510856, 605442, 642748, 604285, 510031, 395155, 285407, 193146, 124689, 103686], "h_codes": 3.747523165219906, "h_scale16": 11.546638451993177, "h_scale_se": 2.0170083987173832, "h_scale_man": 9.797486461580526, "c3": 2802392, "c3_ok": true, "c4": 2717884, "c4_ok": true, "seconds_main": 0.7, "c1": 2791880, "c1_ok": true, "c2": 2754105, "c2_ok": true}
ROW_JSON {"name": "blk.25.attn_v.weight", "dims": [2560, 1024], "n": 2621440, "blocks": 81920, "q1_exact": 43722, "q1_max_diff_over_d": 1.0134153366088867, "q0_blocks": 81920, "zero_d_blocks": 0, "code_counts": [94226, 35552, 57387, 89055, 133917, 190073, 256273, 320273, 353128, 319527, 255797, 189527, 132817, 88423, 57406, 48059], "h_codes": 3.7060021840920205, "h_scale16": 10.15570169310467, "h_scale_se": 1.859886840877604, "h_scale_man": 8.667344759400788, "c3": 1386639, "c3_ok": true, "c4": 1341457, "c4_ok": true, "seconds_main": 0.3, "c1": 1388266, "c1_ok": true, "c2": 1352338, "c2_ok": true}
ROW_JSON {"name": "blk.25.ffn_down.weight", "dims": [10240, 2560], "n": 26214400, "blocks": 819200, "q1_exact": 384235, "q1_max_diff_over_d": 1.2089378833770752, "q0_blocks": 819200, "zero_d_blocks": 0, "code_counts": [952145, 393155, 636694, 986412, 1450411, 1995247, 2550341, 2982943, 3152507, 2978558, 2546304, 1993412, 1447376, 986960, 637072, 524863], "h_codes": 3.7561739750838155, "h_scale16": 11.078575361091492, "h_scale_se": 1.7946660918307604, "h_scale_man": 9.74325059749846, "c3": 14042109, "c3_ok": true, "c4": 13574535, "c4_ok": true, "seconds_main": 3.6, "c1": 13967644, "c1_ok": true, "c2": 13755529, "c2_ok": true}
ROW_JSON {"name": "blk.25.ffn_gate.weight", "dims": [2560, 10240], "n": 26214400, "blocks": 819200, "q1_exact": 360394, "q1_max_diff_over_d": 1.1032575368881226, "q0_blocks": 819200, "zero_d_blocks": 0, "code_counts": [953757, 400304, 648204, 1000456, 1465524, 2004550, 2540608, 2951270, 3113020, 2948421, 2538174, 2003697, 1463995, 998762, 648765, 534893], "h_codes": 3.763160157488322, "h_scale16": 10.844595467597408, "h_scale_se": 1.7246645072374864, "h_scale_man": 9.359270978157117, "c3": 14066612, "c3_ok": true, "c4": 13607698, "c4_ok": true, "seconds_main": 3.5, "c1": 14065124, "c1_ok": true, "c2": 13778104, "c2_ok": true}
ROW_JSON {"name": "blk.25.ffn_up.weight", "dims": [2560, 10240], "n": 26214400, "blocks": 819200, "q1_exact": 360066, "q1_max_diff_over_d": 1.327000617980957, "q0_blocks": 819200, "zero_d_blocks": 0, "code_counts": [954347, 397543, 644919, 994967, 1454391, 1998633, 2536851, 2968946, 3138579, 2963271, 2539961, 1996039, 1453504, 994478, 645273, 532698], "h_codes": 3.7603065889842937, "h_scale16": 10.778167005680336, "h_scale_se": 1.5736978924421396, "h_scale_man": 9.433524638342622, "c3": 14056199, "c3_ok": true, "c4": 13585325, "c4_ok": true, "seconds_main": 3.6, "c1": 14049971, "c1_ok": true, "c2": 13764357, "c2_ok": true}
ROW_JSON {"name": "blk.26.attn_k.weight", "dims": [2560, 1024], "n": 2621440, "blocks": 81920, "q1_exact": 49822, "q1_max_diff_over_d": 1.1532566547393799, "q0_blocks": 81920, "zero_d_blocks": 0, "code_counts": [94486, 37190, 59434, 92737, 137173, 193262, 256544, 311778, 336896, 311920, 255797, 194494, 137272, 92397, 60020, 50040], "h_codes": 3.726392845120856, "h_scale16": 11.757423947610228, "h_scale_se": 2.3664505990564497, "h_scale_man": 9.69132218506597, "c3": 1394146, "c3_ok": true, "c4": 1355621, "c4_ok": true, "seconds_main": 0.4, "c1": 1396745, "c1_ok": true, "c2": 1371978, "c2_ok": true}
ROW_JSON {"name": "blk.26.attn_output.weight", "dims": [2048, 2560], "n": 5242880, "blocks": 163840, "q1_exact": 103245, "q1_max_diff_over_d": 1.2016085386276245, "q0_blocks": 163840, "zero_d_blocks": 0, "code_counts": [190840, 80414, 129914, 200900, 292688, 399922, 506592, 591540, 622983, 590337, 507765, 399029, 292304, 201120, 129047, 107485], "h_codes": 3.763556162677021, "h_scale16": 11.365105135606303, "h_scale_se": 2.038705088422957, "h_scale_man": 9.822582607076349, "c3": 2813539, "c3_ok": true, "c4": 2724687, "c4_ok": true, "seconds_main": 0.8, "c1": 2802559, "c1_ok": true, "c2": 2763405, "c2_ok": true}
ROW_JSON {"name": "blk.26.attn_q.weight", "dims": [2560, 2048], "n": 5242880, "blocks": 163840, "q1_exact": 98476, "q1_max_diff_over_d": 1.1345794200897217, "q0_blocks": 163840, "zero_d_blocks": 0, "code_counts": [189570, 74833, 119978, 183740, 270300, 377178, 501363, 632768, 703188, 633448, 503008, 377457, 270502, 184472, 120524, 100551], "h_codes": 3.7204822053578877, "h_scale16": 11.749647235715583, "h_scale_se": 2.4807813071735856, "h_scale_man": 9.70907195752746, "c3": 2783746, "c3_ok": true, "c4": 2705305, "c4_ok": true, "seconds_main": 0.8, "c1": 2785085, "c1_ok": true, "c2": 2740234, "c2_ok": true}
ROW_JSON {"name": "blk.26.attn_v.weight", "dims": [2560, 1024], "n": 2621440, "blocks": 81920, "q1_exact": 47782, "q1_max_diff_over_d": 1.0512820482254028, "q0_blocks": 81920, "zero_d_blocks": 0, "code_counts": [93386, 33368, 53383, 83920, 127318, 185066, 254641, 329964, 380336, 331128, 254674, 185460, 126816, 83865, 53660, 44455], "h_codes": 3.6729806591725893, "h_scale16": 11.325653323272103, "h_scale_se": 1.872178113982694, "h_scale_man": 9.772881715018103, "c3": 1375469, "c3_ok": true, "c4": 1331534, "c4_ok": true, "seconds_main": 0.4, "c1": 1379191, "c1_ok": true, "c2": 1351596, "c2_ok": true}
ROW_JSON {"name": "blk.26.ffn_down.weight", "dims": [10240, 2560], "n": 26214400, "blocks": 819200, "q1_exact": 406232, "q1_max_diff_over_d": 1.3742098808288574, "q0_blocks": 819200, "zero_d_blocks": 0, "code_counts": [953089, 398980, 645204, 998957, 1460639, 2000840, 2543801, 2958916, 3116846, 2954269, 2541089, 2003960, 1461712, 996911, 645886, 533301], "h_codes": 3.7618203691231287, "h_scale16": 11.192355731937232, "h_scale_se": 1.5048203004581064, "h_scale_man": 9.8755814026249, "c3": 14062083, "c3_ok": true, "c4": 13584812, "c4_ok": true, "seconds_main": 3.7, "c1": 13994864, "c1_ok": true, "c2": 13779638, "c2_ok": true}
ROW_JSON {"name": "blk.26.ffn_gate.weight", "dims": [2560, 10240], "n": 26214400, "blocks": 819200, "q1_exact": 361116, "q1_max_diff_over_d": 1.039669394493103, "q0_blocks": 819200, "zero_d_blocks": 0, "code_counts": [955010, 402612, 651034, 1008725, 1469616, 2006004, 2535213, 2938449, 3098005, 2936873, 2537936, 2006696, 1469723, 1006185, 653064, 539255], "h_codes": 3.7658896854073745, "h_scale16": 10.811416292926543, "h_scale_se": 1.7280744980136942, "h_scale_man": 9.354016915044316, "c3": 14076548, "c3_ok": true, "c4": 13614328, "c4_ok": true, "seconds_main": 3.7, "c1": 14059177, "c1_ok": true, "c2": 13782857, "c2_ok": true}
ROW_JSON {"name": "blk.26.ffn_up.weight", "dims": [2560, 10240], "n": 26214400, "blocks": 819200, "q1_exact": 360561, "q1_max_diff_over_d": 1.277333378791809, "q0_blocks": 819200, "zero_d_blocks": 0, "code_counts": [954367, 401296, 648023, 999396, 1461242, 1999205, 2538782, 2957595, 3119150, 2952333, 2534162, 1999653, 1462280, 1001806, 648848, 536262], "h_codes": 3.7630462595730534, "h_scale16": 10.72327828319583, "h_scale_se": 1.5372452129322476, "h_scale_man": 9.409105033471306, "c3": 14065694, "c3_ok": true, "c4": 13587753, "c4_ok": true, "seconds_main": 4.0, "c1": 14042471, "c1_ok": true, "c2": 13765492, "c2_ok": true}
ROW_JSON {"name": "blk.27.attn_k.weight", "dims": [2560, 1024], "n": 2621440, "blocks": 81920, "q1_exact": 47612, "q1_max_diff_over_d": 1.2129276990890503, "q0_blocks": 81920, "zero_d_blocks": 0, "code_counts": [94404, 36145, 57833, 89670, 132279, 189582, 254765, 321544, 354680, 319311, 254113, 188883, 133301, 88875, 57954, 48101], "h_codes": 3.707198766236827, "h_scale16": 11.58581413174958, "h_scale_se": 2.2700949527594867, "h_scale_man": 9.595935142561343, "c3": 1387208, "c3_ok": true, "c4": 1348272, "c4_ok": true, "seconds_main": 0.4, "c1": 1389016, "c1_ok": true, "c2": 1362854, "c2_ok": true}
ROW_JSON {"name": "blk.27.attn_output.weight", "dims": [2048, 2560], "n": 5242880, "blocks": 163840, "q1_exact": 102871, "q1_max_diff_over_d": 1.4046692848205566, "q0_blocks": 163840, "zero_d_blocks": 0, "code_counts": [190491, 78509, 127742, 198296, 290198, 399065, 509918, 595831, 630452, 595706, 508327, 397709, 290524, 197516, 127176, 105420], "h_codes": 3.756832362462842, "h_scale16": 11.530541734443965, "h_scale_se": 2.1377005301341816, "h_scale_man": 9.7442517126139, "c3": 2808812, "c3_ok": true, "c4": 2724272, "c4_ok": true, "seconds_main": 0.7, "c1": 2807193, "c1_ok": true, "c2": 2763008, "c2_ok": true}
ROW_JSON {"name": "blk.27.attn_q.weight", "dims": [2560, 2048], "n": 5242880, "blocks": 163840, "q1_exact": 94921, "q1_max_diff_over_d": 1.2566845417022705, "q0_blocks": 163840, "zero_d_blocks": 0, "code_counts": [188130, 71423, 115576, 179789, 269770, 382444, 513417, 637076, 693987, 635329, 512574, 383153, 268245, 180698, 115804, 95465], "h_codes": 3.710944703416569, "h_scale16": 11.808798457401675, "h_scale_se": 2.428841433669122, "h_scale_man": 9.638566544944926, "c3": 2776793, "c3_ok": true, "c4": 2701139, "c4_ok": true, "seconds_main": 0.7, "c1": 2779562, "c1_ok": true, "c2": 2731888, "c2_ok": true}
ROW_JSON {"name": "blk.27.attn_v.weight", "dims": [2560, 1024], "n": 2621440, "blocks": 81920, "q1_exact": 48845, "q1_max_diff_over_d": 1.0672268867492676, "q0_blocks": 81920, "zero_d_blocks": 0, "code_counts": [94073, 36146, 57685, 90099, 133518, 188700, 251359, 319291, 362727, 319350, 250996, 188217, 132984, 89486, 58007, 48802], "h_codes": 3.7069925917753594, "h_scale16": 11.322282574646062, "h_scale_se": 1.9936047783191357, "h_scale_man": 9.660905670927015, "c3": 1387622, "c3_ok": true, "c4": 1344549, "c4_ok": true, "seconds_main": 0.4, "c1": 1388111, "c1_ok": true, "c2": 1360512, "c2_ok": true}
ROW_JSON {"name": "blk.27.ffn_down.weight", "dims": [10240, 2560], "n": 26214400, "blocks": 819200, "q1_exact": 362509, "q1_max_diff_over_d": 1.165700078010559, "q0_blocks": 819200, "zero_d_blocks": 0, "code_counts": [955180, 400386, 648651, 1002800, 1465795, 2002021, 2537399, 2950537, 3109509, 2949272, 2540504, 2000766, 1464043, 1002144, 649391, 536002], "h_codes": 3.76369067794505, "h_scale16": 10.658955671841905, "h_scale_se": 1.6445130279318063, "h_scale_man": 9.354353802720468, "c3": 14068375, "c3_ok": true, "c4": 13583496, "c4_ok": true, "seconds_main": 3.7, "c1": 13971607, "c1_ok": true, "c2": 13753749, "c2_ok": true}
ROW_JSON {"name": "blk.27.ffn_gate.weight", "dims": [2560, 10240], "n": 26214400, "blocks": 819200, "q1_exact": 358743, "q1_max_diff_over_d": 1.0290908813476562, "q0_blocks": 819200, "zero_d_blocks": 0, "code_counts": [954661, 402471, 651478, 1006827, 1468152, 2004502, 2534951, 2942644, 3102508, 2938535, 2534863, 2003491, 1470929, 1007349, 653660, 537379], "h_codes": 3.765571065127445, "h_scale16": 10.802918773335579, "h_scale_se": 1.7075660337273562, "h_scale_man": 9.352862596871484, "c3": 14075116, "c3_ok": true, "c4": 13611305, "c4_ok": true, "seconds_main": 3.8, "c1": 14057950, "c1_ok": true, "c2": 13788675, "c2_ok": true}
ROW_JSON {"name": "blk.27.ffn_up.weight", "dims": [2560, 10240], "n": 26214400, "blocks": 819200, "q1_exact": 359787, "q1_max_diff_over_d": 1.1206743717193604, "q0_blocks": 819200, "zero_d_blocks": 0, "code_counts": [956014, 401909, 651050, 1001907, 1464586, 2001003, 2535802, 2950755, 3116252, 2944550, 2533211, 2001236, 1465247, 1001714, 650613, 538551], "h_codes": 3.7642655060874377, "h_scale16": 10.717820652105381, "h_scale_se": 1.516244938929513, "h_scale_man": 9.417330681065021, "c3": 14070094, "c3_ok": true, "c4": 13590628, "c4_ok": true, "seconds_main": 3.6, "c1": 14054504, "c1_ok": true, "c2": 13764976, "c2_ok": true}
ROW_JSON {"name": "blk.28.attn_k.weight", "dims": [2560, 1024], "n": 2621440, "blocks": 81920, "q1_exact": 46798, "q1_max_diff_over_d": 1.1898305416107178, "q0_blocks": 81920, "zero_d_blocks": 0, "code_counts": [94007, 35402, 58035, 90494, 135014, 190666, 254831, 317897, 352123, 317062, 254560, 190522, 135195, 89981, 57900, 47751], "h_codes": 3.710357536619804, "h_scale16": 11.25137872235306, "h_scale_se": 2.0994162883354677, "h_scale_man": 9.443414299661022, "c3": 1388498, "c3_ok": true, "c4": 1347336, "c4_ok": true, "seconds_main": 0.4, "c1": 1390938, "c1_ok": true, "c2": 1364203, "c2_ok": true}
ROW_JSON {"name": "blk.28.attn_output.weight", "dims": [2048, 2560], "n": 5242880, "blocks": 163840, "q1_exact": 104732, "q1_max_diff_over_d": 1.6799620389938354, "q0_blocks": 163840, "zero_d_blocks": 0, "code_counts": [190843, 81231, 131144, 201517, 293629, 400978, 506440, 587836, 620138, 589214, 504747, 400307, 293692, 202415, 130668, 108081], "h_codes": 3.766638236509465, "h_scale16": 11.442377946346062, "h_scale_se": 2.189011012491173, "h_scale_man": 9.777475706315506, "c3": 2815613, "c3_ok": true, "c4": 2729029, "c4_ok": true, "seconds_main": 0.7, "c1": 2805828, "c1_ok": true, "c2": 2767610, "c2_ok": true}
ROW_JSON {"name": "blk.28.attn_q.weight", "dims": [2560, 2048], "n": 5242880, "blocks": 163840, "q1_exact": 97712, "q1_max_diff_over_d": 1.150715947151184, "q0_blocks": 163840, "zero_d_blocks": 0, "code_counts": [188752, 72679, 116895, 183383, 272627, 386258, 514372, 628892, 679125, 627826, 514812, 386334, 272917, 182887, 117825, 97296], "h_codes": 3.7196220923914214, "h_scale16": 11.346806880522, "h_scale_se": 2.1471891924275064, "h_scale_man": 9.510817130787533, "c3": 2783168, "c3_ok": true, "c4": 2699804, "c4_ok": true, "seconds_main": 0.8, "c1": 2784382, "c1_ok": true, "c2": 2732471, "c2_ok": true}
ROW_JSON {"name": "blk.28.attn_v.weight", "dims": [2560, 1024], "n": 2621440, "blocks": 81920, "q1_exact": 47062, "q1_max_diff_over_d": 1.0532150268554688, "q0_blocks": 81920, "zero_d_blocks": 0, "code_counts": [93510, 34117, 54777, 85393, 128210, 183843, 253483, 330041, 376062, 331127, 253665, 184118, 127184, 85149, 55100, 45661], "h_codes": 3.6800588172079083, "h_scale16": 11.25344506108291, "h_scale_se": 1.934603657704033, "h_scale_man": 9.627172017176033, "c3": 1377869, "c3_ok": true, "c4": 1334649, "c4_ok": true, "seconds_main": 0.4, "c1": 1378968, "c1_ok": true, "c2": 1351054, "c2_ok": true}
ROW_JSON {"name": "blk.28.ffn_down.weight", "dims": [10240, 2560], "n": 26214400, "blocks": 819200, "q1_exact": 371529, "q1_max_diff_over_d": 1.4467004537582397, "q0_blocks": 819200, "zero_d_blocks": 0, "code_counts": [954343, 401088, 650048, 1001516, 1465106, 2004002, 2541402, 2948761, 3110779, 2945788, 2537837, 2002712, 1463434, 1002311, 649213, 536060], "h_codes": 3.7637973129226503, "h_scale16": 10.719335881112062, "h_scale_se": 1.988092378430803, "h_scale_man": 9.40620019870347, "c3": 14068861, "c3_ok": true, "c4": 13588450, "c4_ok": true, "seconds_main": 3.6, "c1": 13974038, "c1_ok": true, "c2": 13769836, "c2_ok": true}
ROW_JSON {"name": "blk.28.ffn_gate.weight", "dims": [2560, 10240], "n": 26214400, "blocks": 819200, "q1_exact": 360431, "q1_max_diff_over_d": 1.0633245706558228, "q0_blocks": 819200, "zero_d_blocks": 0, "code_counts": [954391, 402302, 652152, 1004775, 1467506, 2002771, 2535785, 2946833, 3106291, 2943865, 2532469, 2003167, 1467291, 1005365, 652098, 537339], "h_codes": 3.7649888578312916, "h_scale16": 10.746098747119252, "h_scale_se": 1.7039823876866496, "h_scale_man": 9.31653376460165, "c3": 14072647, "c3_ok": true, "c4": 13605659, "c4_ok": true, "seconds_main": 3.5, "c1": 14051636, "c1_ok": true, "c2": 13770691, "c2_ok": true}
ROW_JSON {"name": "blk.28.ffn_up.weight", "dims": [2560, 10240], "n": 26214400, "blocks": 819200, "q1_exact": 362230, "q1_max_diff_over_d": 1.0805577039718628, "q0_blocks": 819200, "zero_d_blocks": 0, "code_counts": [954899, 401796, 649861, 1002123, 1463880, 2003000, 2533974, 2950633, 3121484, 2947638, 2533538, 1999945, 1461852, 1002527, 649653, 537597], "h_codes": 3.763805413345626, "h_scale16": 10.66061034982969, "h_scale_se": 1.5171732346360929, "h_scale_man": 9.37247443921525, "c3": 14068749, "c3_ok": true, "c4": 13586864, "c4_ok": true, "seconds_main": 3.6, "c1": 14046947, "c1_ok": true, "c2": 13778641, "c2_ok": true}
ROW_JSON {"name": "blk.29.attn_k.weight", "dims": [2560, 1024], "n": 2621440, "blocks": 81920, "q1_exact": 47632, "q1_max_diff_over_d": 1.381412148475647, "q0_blocks": 81920, "zero_d_blocks": 0, "code_counts": [94026, 35609, 57191, 88400, 131908, 187321, 250846, 322071, 372433, 322018, 250116, 186032, 130786, 88258, 56814, 47611], "h_codes": 3.697584224762295, "h_scale16": 12.165036288148057, "h_scale_se": 2.8518356318777776, "h_scale_man": 9.639862022723666, "c3": 1384401, "c3_ok": true, "c4": 1351209, "c4_ok": true, "seconds_main": 0.4, "c1": 1387655, "c1_ok": true, "c2": 1365110, "c2_ok": true}
ROW_JSON {"name": "blk.29.attn_output.weight", "dims": [2048, 2560], "n": 5242880, "blocks": 163840, "q1_exact": 103773, "q1_max_diff_over_d": 1.2873040437698364, "q0_blocks": 163840, "zero_d_blocks": 0, "code_counts": [190536, 80035, 128898, 199709, 292372, 398988, 506546, 593908, 625205, 592537, 506791, 397712, 291735, 200649, 129477, 107782], "h_codes": 3.762159513458009, "h_scale16": 11.514973049931102, "h_scale_se": 1.8373684500103695, "h_scale_man": 9.919054767446138, "c3": 2812474, "c3_ok": true, "c4": 2723442, "c4_ok": true, "seconds_main": 0.7, "c1": 2798775, "c1_ok": true, "c2": 2762178, "c2_ok": true}
ROW_JSON {"name": "blk.29.attn_q.weight", "dims": [2560, 2048], "n": 5242880, "blocks": 163840, "q1_exact": 100632, "q1_max_diff_over_d": 1.2464985847473145, "q0_blocks": 163840, "zero_d_blocks": 0, "code_counts": [189322, 74982, 119836, 183839, 269618, 375118, 495927, 634621, 723968, 633059, 495750, 375087, 268336, 183777, 119616, 100024], "h_codes": 3.716718132458085, "h_scale16": 12.032074236333672, "h_scale_se": 2.567642712341847, "h_scale_man": 9.745795321772833, "c3": 2781519, "c3_ok": true, "c4": 2707265, "c4_ok": true, "seconds_main": 0.7, "c1": 2781687, "c1_ok": true, "c2": 2742266, "c2_ok": true}
ROW_JSON {"name": "blk.29.attn_v.weight", "dims": [2560, 1024], "n": 2621440, "blocks": 81920, "q1_exact": 45076, "q1_max_diff_over_d": 1.1059883832931519, "q0_blocks": 81920, "zero_d_blocks": 0, "code_counts": [92217, 30591, 48968, 77301, 118954, 175792, 250659, 344251, 426618, 344416, 249519, 175696, 118552, 77565, 49167, 41174], "h_codes": 3.623608162452113, "h_scale16": 11.448985003204742, "h_scale_se": 2.2072876801830073, "h_scale_man": 9.613487819741179, "c3": 1360844, "c3_ok": true, "c4": 1319933, "c4_ok": true, "seconds_main": 0.4, "c1": 1366289, "c1_ok": true, "c2": 1336274, "c2_ok": true}
ROW_JSON {"name": "blk.29.ffn_down.weight", "dims": [10240, 2560], "n": 26214400, "blocks": 819200, "q1_exact": 369111, "q1_max_diff_over_d": 1.0404040813446045, "q0_blocks": 819200, "zero_d_blocks": 0, "code_counts": [955910, 407223, 657709, 1014661, 1474836, 2007750, 2533621, 2928633, 3080300, 2925282, 2532762, 2008705, 1475830, 1011391, 657313, 542474], "h_codes": 3.768806139662929, "h_scale16": 10.580597151699033, "h_scale_se": 1.8938562688917089, "h_scale_man": 9.3085137495964, "c3": 14086804, "c3_ok": true, "c4": 13597979, "c4_ok": true, "seconds_main": 3.6, "c1": 13980849, "c1_ok": true, "c2": 13760009, "c2_ok": true}
ROW_JSON {"name": "blk.29.ffn_gate.weight", "dims": [2560, 10240], "n": 26214400, "blocks": 819200, "q1_exact": 359482, "q1_max_diff_over_d": 1.0229665040969849, "q0_blocks": 819200, "zero_d_blocks": 0, "code_counts": [955502, 404713, 654103, 1009275, 1473950, 2007801, 2532471, 2933907, 3088217, 2932666, 2533908, 2009064, 1474674, 1008956, 653722, 541471], "h_codes": 3.767273031208007, "h_scale16": 10.652020186360105, "h_scale_se": 1.5717746593243052, "h_scale_man": 9.28206771837642, "c3": 14081392, "c3_ok": true, "c4": 13609052, "c4_ok": true, "seconds_main": 3.6, "c1": 14066453, "c1_ok": true, "c2": 13774825, "c2_ok": true}
ROW_JSON {"name": "blk.29.ffn_up.weight", "dims": [2560, 10240], "n": 26214400, "blocks": 819200, "q1_exact": 360173, "q1_max_diff_over_d": 1.0707130432128906, "q0_blocks": 819200, "zero_d_blocks": 0, "code_counts": [955805, 405656, 657397, 1009173, 1472075, 2010154, 2531717, 2932434, 3090154, 2930929, 2532685, 2007568, 1471054, 1010769, 654849, 541981], "h_codes": 3.76769487129776, "h_scale16": 10.596401894904783, "h_scale_se": 1.460503282900107, "h_scale_man": 9.335000735975738, "c3": 14082867, "c3_ok": true, "c4": 13601080, "c4_ok": true, "seconds_main": 3.6, "c1": 14062732, "c1_ok": true, "c2": 13797419, "c2_ok": true}
ROW_JSON {"name": "blk.30.attn_k.weight", "dims": [2560, 1024], "n": 2621440, "blocks": 81920, "q1_exact": 46521, "q1_max_diff_over_d": 1.0640932321548462, "q0_blocks": 81920, "zero_d_blocks": 0, "code_counts": [94154, 36212, 58358, 91160, 136074, 194432, 257894, 313909, 340807, 313806, 258100, 192708, 136177, 91246, 58160, 48243], "h_codes": 3.7177150837028945, "h_scale16": 11.158231566748327, "h_scale_se": 2.3762184380283546, "h_scale_man": 9.081273770535061, "c3": 1390855, "c3_ok": true, "c4": 1352243, "c4_ok": true, "seconds_main": 0.4, "c1": 1396812, "c1_ok": true, "c2": 1366290, "c2_ok": true}
ROW_JSON {"name": "blk.30.attn_output.weight", "dims": [2048, 2560], "n": 5242880, "blocks": 163840, "q1_exact": 102853, "q1_max_diff_over_d": 1.1060383319854736, "q0_blocks": 163840, "zero_d_blocks": 0, "code_counts": [190924, 80944, 131346, 200742, 293966, 400015, 506732, 589712, 620675, 589241, 504527, 400095, 293233, 200845, 131392, 108491], "h_codes": 3.7662354750441116, "h_scale16": 11.339108927818145, "h_scale_se": 1.7631308896748485, "h_scale_man": 9.853778730918954, "c3": 2815136, "c3_ok": true, "c4": 2724209, "c4_ok": true, "seconds_main": 0.7, "c1": 2812529, "c1_ok": true, "c2": 2763934, "c2_ok": true}
ROW_JSON {"name": "blk.30.attn_q.weight", "dims": [2560, 2048], "n": 5242880, "blocks": 163840, "q1_exact": 99413, "q1_max_diff_over_d": 1.2991249561309814, "q0_blocks": 163840, "zero_d_blocks": 0, "code_counts": [189300, 73739, 119071, 182028, 266626, 371983, 491972, 637665, 742312, 637455, 493513, 371108, 266563, 182114, 118662, 98769], "h_codes": 3.710030042728898, "h_scale16": 12.225647565703973, "h_scale_se": 2.521082206560533, "h_scale_man": 9.884448657948568, "c3": 2777322, "c3_ok": true, "c4": 2704820, "c4_ok": true, "seconds_main": 0.7, "c1": 2773777, "c1_ok": true, "c2": 2741368, "c2_ok": true}
ROW_JSON {"name": "blk.30.attn_v.weight", "dims": [2560, 1024], "n": 2621440, "blocks": 81920, "q1_exact": 43421, "q1_max_diff_over_d": 1.0705084800720215, "q0_blocks": 81920, "zero_d_blocks": 0, "code_counts": [93554, 33428, 53692, 84602, 127553, 183719, 253343, 328156, 387872, 326887, 252481, 185092, 127844, 84065, 54139, 45013], "h_codes": 3.6742056435304145, "h_scale16": 10.798506301472797, "h_scale_se": 1.9058285435892959, "h_scale_man": 9.244797003099757, "c3": 1376295, "c3_ok": true, "c4": 1332112, "c4_ok": true, "seconds_main": 0.4, "c1": 1380270, "c1_ok": true, "c2": 1348569, "c2_ok": true}
ROW_JSON {"name": "blk.30.ffn_down.weight", "dims": [10240, 2560], "n": 26214400, "blocks": 819200, "q1_exact": 370937, "q1_max_diff_over_d": 1.2075611352920532, "q0_blocks": 819200, "zero_d_blocks": 0, "code_counts": [954012, 399564, 646791, 999101, 1458455, 2001755, 2541519, 2961631, 3122821, 2954964, 2536469, 1999232, 1461435, 997473, 644580, 534598], "h_codes": 3.7618770653465505, "h_scale16": 10.726999211575734, "h_scale_se": 2.0140790228939762, "h_scale_man": 9.453031173178335, "c3": 14061902, "c3_ok": true, "c4": 13580809, "c4_ok": true, "seconds_main": 3.6, "c1": 13975831, "c1_ok": true, "c2": 13765531, "c2_ok": true}
ROW_JSON {"name": "blk.30.ffn_gate.weight", "dims": [2560, 10240], "n": 26214400, "blocks": 819200, "q1_exact": 357553, "q1_max_diff_over_d": 1.0650407075881958, "q0_blocks": 819200, "zero_d_blocks": 0, "code_counts": [955278, 402416, 652548, 1007361, 1469932, 2008261, 2533608, 2941742, 3097072, 2936894, 2534335, 2005340, 1470894, 1007325, 652278, 539116], "h_codes": 3.7659550209844443, "h_scale16": 10.784478659559166, "h_scale_se": 1.6879927443624991, "h_scale_man": 9.321519313834802, "c3": 14076711, "c3_ok": true, "c4": 13613968, "c4_ok": true, "seconds_main": 3.5, "c1": 14064779, "c1_ok": true, "c2": 13777323, "c2_ok": true}
ROW_JSON {"name": "blk.30.ffn_up.weight", "dims": [2560, 10240], "n": 26214400, "blocks": 819200, "q1_exact": 359021, "q1_max_diff_over_d": 1.2841662168502808, "q0_blocks": 819200, "zero_d_blocks": 0, "code_counts": [955187, 402763, 652728, 1006408, 1466545, 2004837, 2534961, 2941579, 3102859, 2940978, 2533715, 2005467, 1468506, 1007220, 651714, 538933], "h_codes": 3.765575388341817, "h_scale16": 10.69304355728605, "h_scale_se": 1.5068088746784947, "h_scale_man": 9.397440255987114, "c3": 14075269, "c3_ok": true, "c4": 13598228, "c4_ok": true, "seconds_main": 3.5, "c1": 14063762, "c1_ok": true, "c2": 13799700, "c2_ok": true}
ROW_JSON {"name": "blk.31.attn_k.weight", "dims": [2560, 1024], "n": 2621440, "blocks": 81920, "q1_exact": 45582, "q1_max_diff_over_d": 1.0985442399978638, "q0_blocks": 81920, "zero_d_blocks": 0, "code_counts": [94720, 37281, 60941, 94548, 141638, 197502, 257404, 305722, 324778, 305413, 255969, 198030, 141426, 95019, 60951, 50098], "h_codes": 3.738096528940894, "h_scale16": 10.632101163068027, "h_scale_se": 2.249988767279304, "h_scale_man": 8.814056709473634, "c3": 1398050, "c3_ok": true, "c4": 1357007, "c4_ok": true, "seconds_main": 0.4, "c1": 1400622, "c1_ok": true, "c2": 1369951, "c2_ok": true}
ROW_JSON {"name": "blk.31.attn_output.weight", "dims": [2048, 2560], "n": 5242880, "blocks": 163840, "q1_exact": 103719, "q1_max_diff_over_d": 1.0932735204696655, "q0_blocks": 163840, "zero_d_blocks": 0, "code_counts": [191164, 81061, 130475, 201612, 293183, 398831, 506974, 589387, 625203, 588671, 504492, 399241, 292665, 201415, 130832, 107674], "h_codes": 3.7652881870335655, "h_scale16": 11.331195590397424, "h_scale_se": 1.8189819670120984, "h_scale_man": 9.799199551516974, "c3": 2814507, "c3_ok": true, "c4": 2724422, "c4_ok": true, "seconds_main": 0.7, "c1": 2811029, "c1_ok": true, "c2": 2763784, "c2_ok": true}
ROW_JSON {"name": "blk.31.attn_q.weight", "dims": [2560, 2048], "n": 5242880, "blocks": 163840, "q1_exact": 101158, "q1_max_diff_over_d": 1.2386740446090698, "q0_blocks": 163840, "zero_d_blocks": 0, "code_counts": [189602, 75887, 123043, 191816, 284980, 394481, 512320, 607533, 647814, 606501, 512344, 395410, 284480, 191951, 123205, 101513], "h_codes": 3.7426238285034477, "h_scale16": 11.533140024882469, "h_scale_se": 2.185408391255541, "h_scale_man": 9.723507167615306, "c3": 2799194, "c3_ok": true, "c4": 2716804, "c4_ok": true, "seconds_main": 0.7, "c1": 2789790, "c1_ok": true, "c2": 2750060, "c2_ok": true}
ROW_JSON {"name": "blk.31.attn_v.weight", "dims": [2560, 1024], "n": 2621440, "blocks": 81920, "q1_exact": 45093, "q1_max_diff_over_d": 1.0066280364990234, "q0_blocks": 81920, "zero_d_blocks": 0, "code_counts": [94750, 37308, 59918, 92045, 134954, 189080, 251256, 315128, 353839, 314740, 251616, 189931, 135269, 91630, 60020, 49956], "h_codes": 3.7197734127302775, "h_scale16": 10.340013010446114, "h_scale_se": 1.9196107809680556, "h_scale_man": 8.96883560680444, "c3": 1391793, "c3_ok": true, "c4": 1345535, "c4_ok": true, "seconds_main": 0.4, "c1": 1392768, "c1_ok": true, "c2": 1361289, "c2_ok": true}
ROW_JSON {"name": "blk.31.ffn_down.weight", "dims": [10240, 2560], "n": 26214400, "blocks": 819200, "q1_exact": 357769, "q1_max_diff_over_d": 1.0586276054382324, "q0_blocks": 819200, "zero_d_blocks": 0, "code_counts": [950574, 389924, 627786, 973579, 1434629, 1989398, 2556325, 3004866, 3184124, 3003056, 2552460, 1987667, 1436344, 973966, 628320, 521382], "h_codes": 3.750952635682547, "h_scale16": 10.747017962610009, "h_scale_se": 1.549688383972112, "h_scale_man": 9.44319663870202, "c3": 14024294, "c3_ok": true, "c4": 13545223, "c4_ok": true, "seconds_main": 3.5, "c1": 13939412, "c1_ok": true, "c2": 13729444, "c2_ok": true}
ROW_JSON {"name": "blk.31.ffn_gate.weight", "dims": [2560, 10240], "n": 26214400, "blocks": 819200, "q1_exact": 359905, "q1_max_diff_over_d": 1.2984014749526978, "q0_blocks": 819200, "zero_d_blocks": 0, "code_counts": [953761, 398744, 646196, 1000509, 1460066, 1998053, 2539754, 2958518, 3123637, 2953533, 2537381, 1999765, 1461073, 1001157, 647204, 535049], "h_codes": 3.7622583627088915, "h_scale16": 10.891840227699994, "h_scale_se": 1.7718937640648986, "h_scale_man": 9.399368472377816, "c3": 14063357, "c3_ok": true, "c4": 13604728, "c4_ok": true, "seconds_main": 3.5, "c1": 14051219, "c1_ok": true, "c2": 13775660, "c2_ok": true}
ROW_JSON {"name": "blk.31.ffn_up.weight", "dims": [2560, 10240], "n": 26214400, "blocks": 819200, "q1_exact": 364702, "q1_max_diff_over_d": 1.1107064485549927, "q0_blocks": 819200, "zero_d_blocks": 0, "code_counts": [954586, 400722, 648803, 1000416, 1460850, 1999849, 2536539, 2953729, 3123973, 2953087, 2534406, 1998370, 1461036, 1001633, 648355, 538046], "h_codes": 3.763130326064165, "h_scale16": 10.794268658641666, "h_scale_se": 1.5713625866194247, "h_scale_man": 9.463626550156409, "c3": 14066236, "c3_ok": true, "c4": 13590802, "c4_ok": true, "seconds_main": 3.5, "c1": 14044986, "c1_ok": true, "c2": 13784046, "c2_ok": true}
ROW_JSON {"name": "blk.32.attn_k.weight", "dims": [2560, 1024], "n": 2621440, "blocks": 81920, "q1_exact": 47803, "q1_max_diff_over_d": 1.3871928453445435, "q0_blocks": 81920, "zero_d_blocks": 0, "code_counts": [94445, 36448, 59005, 91768, 136300, 191014, 255370, 316271, 344095, 313995, 254803, 191964, 135797, 91973, 59253, 48939], "h_codes": 3.7194150102572685, "h_scale16": 11.874395433341872, "h_scale_se": 2.390118009198484, "h_scale_man": 9.765091392866019, "c3": 1391690, "c3_ok": true, "c4": 1353850, "c4_ok": true, "seconds_main": 0.4, "c1": 1392718, "c1_ok": true, "c2": 1368347, "c2_ok": true}
ROW_JSON {"name": "blk.32.attn_output.weight", "dims": [2048, 2560], "n": 5242880, "blocks": 163840, "q1_exact": 101271, "q1_max_diff_over_d": 1.4986449480056763, "q0_blocks": 163840, "zero_d_blocks": 0, "code_counts": [190623, 79079, 128189, 196779, 290514, 397156, 506825, 598141, 634264, 595140, 507548, 397868, 289070, 197417, 128398, 105869], "h_codes": 3.756967697503951, "h_scale16": 11.984992413772776, "h_scale_se": 2.301440443246117, "h_scale_man": 9.936779024541629, "c3": 2808693, "c3_ok": true, "c4": 2729915, "c4_ok": true, "seconds_main": 0.7, "c1": 2800477, "c1_ok": true, "c2": 2767316, "c2_ok": true}
ROW_JSON {"name": "blk.32.attn_q.weight", "dims": [2560, 2048], "n": 5242880, "blocks": 163840, "q1_exact": 99354, "q1_max_diff_over_d": 1.2436901330947876, "q0_blocks": 163840, "zero_d_blocks": 0, "code_counts": [189684, 76293, 122127, 188742, 278298, 387967, 506187, 616635, 673031, 617789, 506586, 387459, 278193, 189266, 122422, 102201], "h_codes": 3.7349400143175533, "h_scale16": 11.636616278596646, "h_scale_se": 2.186866621044485, "h_scale_man": 9.695951440444016, "c3": 2793565, "c3_ok": true, "c4": 2711750, "c4_ok": true, "seconds_main": 0.7, "c1": 2793730, "c1_ok": true, "c2": 2746977, "c2_ok": true}
ROW_JSON {"name": "blk.32.attn_v.weight", "dims": [2560, 1024], "n": 2621440, "blocks": 81920, "q1_exact": 46891, "q1_max_diff_over_d": 1.0744186639785767, "q0_blocks": 81920, "zero_d_blocks": 0, "code_counts": [93113, 32507, 52520, 82912, 126441, 184640, 258286, 334402, 375046, 334547, 256237, 185188, 125958, 83043, 52704, 43896], "h_codes": 3.6678158628984714, "h_scale16": 11.547835831533831, "h_scale_se": 2.0260179582524223, "h_scale_man": 9.869167246330054, "c3": 1373318, "c3_ok": true, "c4": 1330665, "c4_ok": true, "seconds_main": 0.4, "c1": 1377048, "c1_ok": true, "c2": 1348864, "c2_ok": true}
ROW_JSON {"name": "blk.32.ffn_down.weight", "dims": [10240, 2560], "n": 26214400, "blocks": 819200, "q1_exact": 391532, "q1_max_diff_over_d": 1.3442517518997192, "q0_blocks": 819200, "zero_d_blocks": 0, "code_counts": [948802, 382635, 616886, 956570, 1413507, 1972013, 2561285, 3045048, 3247947, 3043388, 2560463, 1969672, 1413563, 954765, 615511, 512345], "h_codes": 3.7420551521013166, "h_scale16": 11.21298093422704, "h_scale_se": 1.729144164460921, "h_scale_man": 9.845293355893403, "c3": 13993839, "c3_ok": true, "c4": 13527530, "c4_ok": true, "seconds_main": 3.5, "c1": 13925850, "c1_ok": true, "c2": 13714244, "c2_ok": true}
ROW_JSON {"name": "blk.32.ffn_gate.weight", "dims": [2560, 10240], "n": 26214400, "blocks": 819200, "q1_exact": 359733, "q1_max_diff_over_d": 1.0848056077957153, "q0_blocks": 819200, "zero_d_blocks": 0, "code_counts": [952565, 395793, 639579, 992078, 1455125, 1993908, 2540959, 2972003, 3146411, 2967291, 2542629, 1994009, 1456660, 992848, 642771, 529771], "h_codes": 3.7588305020622355, "h_scale16": 11.07204034431594, "h_scale_se": 1.8056283851301544, "h_scale_man": 9.516110395223729, "c3": 14051064, "c3_ok": true, "c4": 13598121, "c4_ok": true, "seconds_main": 3.6, "c1": 14046043, "c1_ok": true, "c2": 13779547, "c2_ok": true}
ROW_JSON {"name": "blk.32.ffn_up.weight", "dims": [2560, 10240], "n": 26214400, "blocks": 819200, "q1_exact": 364959, "q1_max_diff_over_d": 1.156862735748291, "q0_blocks": 819200, "zero_d_blocks": 0, "code_counts": [953017, 398832, 643107, 993743, 1457627, 1992469, 2540253, 2971115, 3141468, 2966421, 2540202, 1992122, 1455650, 992226, 642276, 533872], "h_codes": 3.759876269867283, "h_scale16": 10.949728227505481, "h_scale_se": 1.5788771896490637, "h_scale_man": 9.591021052755856, "c3": 14054550, "c3_ok": true, "c4": 13583004, "c4_ok": true, "seconds_main": 3.5, "c1": 14045449, "c1_ok": true, "c2": 13762144, "c2_ok": true}
ROW_JSON {"name": "blk.33.attn_k.weight", "dims": [2560, 1024], "n": 2621440, "blocks": 81920, "q1_exact": 48218, "q1_max_diff_over_d": 1.321981430053711, "q0_blocks": 81920, "zero_d_blocks": 0, "code_counts": [95342, 39606, 64005, 98661, 144671, 199040, 254420, 298200, 314923, 297752, 254263, 199574, 145069, 98681, 64359, 52874], "h_codes": 3.7576398170358853, "h_scale16": 11.406939382010547, "h_scale_se": 1.8996698963016618, "h_scale_man": 9.78352757455847, "c3": 1404686, "c3_ok": true, "c4": 1361216, "c4_ok": true, "seconds_main": 0.4, "c1": 1405942, "c1_ok": true, "c2": 1380196, "c2_ok": true}
ROW_JSON {"name": "blk.33.attn_output.weight", "dims": [2048, 2560], "n": 5242880, "blocks": 163840, "q1_exact": 102851, "q1_max_diff_over_d": 1.5724319219589233, "q0_blocks": 163840, "zero_d_blocks": 0, "code_counts": [190197, 78974, 127206, 197282, 288683, 397088, 507924, 599789, 635093, 598177, 507784, 396803, 287615, 197473, 127593, 105199], "h_codes": 3.755129967782771, "h_scale16": 11.532906525416017, "h_scale_se": 2.1068716048353546, "h_scale_man": 9.874390156121962, "c3": 2807556, "c3_ok": true, "c4": 2720696, "c4_ok": true, "seconds_main": 0.7, "c1": 2803933, "c1_ok": true, "c2": 2760307, "c2_ok": true}
ROW_JSON {"name": "blk.33.attn_q.weight", "dims": [2560, 2048], "n": 5242880, "blocks": 163840, "q1_exact": 101052, "q1_max_diff_over_d": 1.213075041770935, "q0_blocks": 163840, "zero_d_blocks": 0, "code_counts": [190138, 76949, 125174, 193923, 286290, 397231, 509890, 602905, 641011, 601695, 511087, 396919, 286242, 195291, 124734, 103401], "h_codes": 3.7487053879843186, "h_scale16": 11.525775136137657, "h_scale_se": 2.0469578154014476, "h_scale_man": 9.790389575386502, "c3": 2803323, "c3_ok": true, "c4": 2716620, "c4_ok": true, "seconds_main": 0.7, "c1": 2800198, "c1_ok": true, "c2": 2752828, "c2_ok": true}
ROW_JSON {"name": "blk.33.attn_v.weight", "dims": [2560, 1024], "n": 2621440, "blocks": 81920, "q1_exact": 48906, "q1_max_diff_over_d": 1.1170731782913208, "q0_blocks": 81920, "zero_d_blocks": 0, "code_counts": [94762, 37582, 60173, 93329, 137980, 192661, 253871, 309530, 343901, 309941, 253302, 192602, 138021, 93304, 60124, 50357], "h_codes": 3.728240894570529, "h_scale16": 11.465065315917293, "h_scale_se": 1.9693485351118076, "h_scale_man": 9.845306868880519, "c3": 1394638, "c3_ok": true, "c4": 1351423, "c4_ok": true, "seconds_main": 0.4, "c1": 1395628, "c1_ok": true, "c2": 1367977, "c2_ok": true}
ROW_JSON {"name": "blk.33.ffn_down.weight", "dims": [10240, 2560], "n": 26214400, "blocks": 819200, "q1_exact": 361373, "q1_max_diff_over_d": 1.4488449096679688, "q0_blocks": 819200, "zero_d_blocks": 0, "code_counts": [941660, 355881, 572152, 892472, 1340467, 1921479, 2582660, 3184498, 3460257, 3176878, 2582961, 1921315, 1341683, 891327, 571395, 477315], "h_codes": 3.7088057448874316, "h_scale16": 11.011496778134838, "h_scale_se": 1.904573098564231, "h_scale_man": 9.563189388910443, "c3": 13874754, "c3_ok": true, "c4": 13409193, "c4_ok": true, "seconds_main": 3.5, "c1": 13801905, "c1_ok": true, "c2": 13600974, "c2_ok": true}
ROW_JSON {"name": "blk.33.ffn_gate.weight", "dims": [2560, 10240], "n": 26214400, "blocks": 819200, "q1_exact": 367547, "q1_max_diff_over_d": 1.1470588445663452, "q0_blocks": 819200, "zero_d_blocks": 0, "code_counts": [954009, 398459, 646507, 996043, 1459021, 1998504, 2541779, 2964828, 3128702, 2958287, 2540686, 1999265, 1457542, 994048, 643789, 532931], "h_codes": 3.760940637473719, "h_scale16": 11.283718986098132, "h_scale_se": 1.853297180868318, "h_scale_man": 9.677675571738337, "c3": 14058682, "c3_ok": true, "c4": 13613950, "c4_ok": true, "seconds_main": 3.6, "c1": 14058331, "c1_ok": true, "c2": 13800816, "c2_ok": true}
ROW_JSON {"name": "blk.33.ffn_up.weight", "dims": [2560, 10240], "n": 26214400, "blocks": 819200, "q1_exact": 369343, "q1_max_diff_over_d": 1.1961852312088013, "q0_blocks": 819200, "zero_d_blocks": 0, "code_counts": [953459, 398386, 642718, 989030, 1450690, 1990786, 2537032, 2980417, 3163635, 2973409, 2537202, 1987240, 1448791, 989458, 641060, 531087], "h_codes": 3.7581892271221173, "h_scale16": 11.145361727685875, "h_scale_se": 1.6651966724128457, "h_scale_man": 9.710451714429386, "c3": 14048238, "c3_ok": true, "c4": 13585067, "c4_ok": true, "seconds_main": 3.5, "c1": 14041701, "c1_ok": true, "c2": 13777960, "c2_ok": true}
linears done, 465 s
HEAD_JSON {"name": "token_embd.weight", "n": 671088640, "h_hi": 5.489967394495427, "h_lo": 7.967230808861163, "h_se": 3.562790240922628, "c1": 1231517586, "c1_ok": true, "c2": 1133586081, "c2_ok": true, "c5": 1134188642, "c5_ok": true, "q1c_exact": 51267483, "q1c_n": 671088640, "q1b_exact": 30169948, "q1b_n": 671252480, "seconds": 243.9}
head: C5 13.5206 bits/weight, Q1c 0.076395, q4_0 rule on the embedding 0.044946 (243.9 s)
RUN_DONE 709 s
